,File_Name,Cluster_Label_A,Cluster_Label_B,File_Path,best_k_value
0,HEUR-Worm.Win32.Pluto.gen-8b86e05a29d3f5baf4e579364eb42f96746366bd1fab0435272f6b619be880d1,1,1459,datacopy/evasive-it/2022/HEUR-Worm.Win32.Pluto.gen-8b86e05a29d3f5baf4e579364eb42f96746366bd1fab0435272f6b619be880d1,[3]
1,0446c62360dc6624848a1482d3afbcc2d1febe0eab988cc40c523a39900ff7c9,1,1459,datacopy/evasive-it/2019/0446c62360dc6624848a1482d3afbcc2d1febe0eab988cc40c523a39900ff7c9,[3]
2,0aac654bbbc74f1b65d7aa9b15760209cabf08b4370b81eab536b4682a9d3f72,1,1459,datacopy/evasive-it/2019/0aac654bbbc74f1b65d7aa9b15760209cabf08b4370b81eab536b4682a9d3f72,[3]
3,401f1311820e9643f55a2a0de84bd122c7180575b8fde9a32a1977da8922816e,1,1459,datacopy/evasive-it/2018/401f1311820e9643f55a2a0de84bd122c7180575b8fde9a32a1977da8922816e,[3]
4,Trojan.Win32.Bublik.elhu-0cbefd9fa36902937cb5e57f8b7fb1a476498c6dd4fc0fcdee2bfbba5b0e9bce,2,312,datacopy/evasive-it/2022/Trojan.Win32.Bublik.elhu-0cbefd9fa36902937cb5e57f8b7fb1a476498c6dd4fc0fcdee2bfbba5b0e9bce,"[1, 24]"
5,bb37698253ee83d6e0d88995e573a81a488b12901d33b24e2a59a54296dcac55,2,312,datacopy/evasive-it/2019/bb37698253ee83d6e0d88995e573a81a488b12901d33b24e2a59a54296dcac55,"[1, 24]"
6,863e99be3f02de4e0020b8db34e34f15cdb4bc34.bin,2,161,datacopy/UCSB.JP/data_feed.geo_japan_6m_public_flag/8/6/3/863e99be3f02de4e0020b8db34e34f15cdb4bc34.bin,"[1, 24]"
7,42f37e99d881d259151825dde0c53ee9a92fc100be83170c55ad203a5292fa32,4,1476,datacopy/evasive-it/2018/42f37e99d881d259151825dde0c53ee9a92fc100be83170c55ad203a5292fa32,"[2, 9]"
8,0fb2d68700e9810079b05af555542765aaf0ea5e.bin,4,1476,datacopy/UCSB/0fb2d68700e9810079b05af555542765aaf0ea5e.bin,"[2, 9]"
9,f5d95d1b2ae080cdf0a3b28d881d3f53aa79c100.bin,4,1476,datacopy/UCSB/f5d95d1b2ae080cdf0a3b28d881d3f53aa79c100.bin,"[2, 9]"
10,44a4968f9148143cff3e5aaafbb663d3038ae580.bin,4,1476,datacopy/UCSB/44a4968f9148143cff3e5aaafbb663d3038ae580.bin,"[2, 9]"
11,9e3520a7a2174b43450d277e1cf1d37c1f69674a.bin,4,1476,datacopy/UCSB/9e3520a7a2174b43450d277e1cf1d37c1f69674a.bin,"[2, 9]"
12,ba792d3f1dd0e3bdf461d07edd3eaba09d0aeae9.bin,4,1476,datacopy/UCSB/ba792d3f1dd0e3bdf461d07edd3eaba09d0aeae9.bin,"[2, 9]"
13,b8325a2d6bdf50f570f4ea18748f25362555e661.bin,4,1476,datacopy/UCSB/b8325a2d6bdf50f570f4ea18748f25362555e661.bin,"[2, 9]"
14,cbc0b484a1faea65c4c6d1509c357a7fdb31213c.bin,4,406,datacopy/UCSB/cbc0b484a1faea65c4c6d1509c357a7fdb31213c.bin,"[2, 9]"
15,57e2e8ba52a531d607a89baf737ba265ef76664a.bin,4,406,datacopy/UCSB/57e2e8ba52a531d607a89baf737ba265ef76664a.bin,"[2, 9]"
16,2379689c173ed5091ddaf1036be164ec4b0a2cf4.bin,4,1476,datacopy/UCSB/2379689c173ed5091ddaf1036be164ec4b0a2cf4.bin,"[2, 9]"
17,e396d761c2dc123d612241f16a8fa7554b11d7a0.bin,4,1476,datacopy/UCSB/e396d761c2dc123d612241f16a8fa7554b11d7a0.bin,"[2, 9]"
18,4b2d73969be87b5e875f4c1e1bafb52e0aadc789.bin,4,1476,datacopy/UCSB/4b2d73969be87b5e875f4c1e1bafb52e0aadc789.bin,"[2, 9]"
19,39fe3afbf52cabc68ae4c07903287409d9e03cb2.bin,4,1476,datacopy/UCSB/39fe3afbf52cabc68ae4c07903287409d9e03cb2.bin,"[2, 9]"
20,4faf48e2c0d9836cc1dd7d08451ac0799d69e0d4.bin,4,406,datacopy/UCSB/4faf48e2c0d9836cc1dd7d08451ac0799d69e0d4.bin,"[2, 9]"
21,3d2ae575fb7c6599fa45687209feb8c92c67ef08.bin,4,1476,datacopy/UCSB/3d2ae575fb7c6599fa45687209feb8c92c67ef08.bin,"[2, 9]"
22,d4f7a97f8fc34e812ef613bb316bbd6d2c7c1fa6.bin,4,1476,datacopy/UCSB/d4f7a97f8fc34e812ef613bb316bbd6d2c7c1fa6.bin,"[2, 9]"
23,cfb3a2d9fcb5dac66739e0621bae4037c555fb4b.bin,4,406,datacopy/UCSB/cfb3a2d9fcb5dac66739e0621bae4037c555fb4b.bin,"[2, 9]"
24,6857b01b5587b789bd51b1a6eda2ade3adb5da07.bin,4,1476,datacopy/UCSB/6857b01b5587b789bd51b1a6eda2ade3adb5da07.bin,"[2, 9]"
25,20e57740042a71beb2fab6ace125af011d937205.bin,4,1476,datacopy/UCSB/20e57740042a71beb2fab6ace125af011d937205.bin,"[2, 9]"
26,cfea46b95dba2ede4fec4e56ee882e3d075959eb.bin,4,1476,datacopy/UCSB/cfea46b95dba2ede4fec4e56ee882e3d075959eb.bin,"[2, 9]"
27,6a114809e810c6f90eb3767f7dfbe2cb63637638.bin,4,1476,datacopy/UCSB/6a114809e810c6f90eb3767f7dfbe2cb63637638.bin,"[2, 9]"
28,2a4013be31ad5feabc523158b3e89bedf7fec8f8.bin,4,1476,datacopy/UCSB/2a4013be31ad5feabc523158b3e89bedf7fec8f8.bin,"[2, 9]"
29,ae2764abdbf9f9b81c20c5a9f691846b05a61fb1.bin,4,1476,datacopy/UCSB/ae2764abdbf9f9b81c20c5a9f691846b05a61fb1.bin,"[2, 9]"
30,613d6e92aaee6763b51d3a6ace7d0673415eea24.bin,4,1476,datacopy/UCSB/613d6e92aaee6763b51d3a6ace7d0673415eea24.bin,"[2, 9]"
31,b503b28fca9a7c64d5bce010b161b96538b56a16.bin,4,1476,datacopy/UCSB/b503b28fca9a7c64d5bce010b161b96538b56a16.bin,"[2, 9]"
32,868ab1bf7134a55245f2fc9f777ea11dcc94ae69.bin,4,406,datacopy/UCSB/868ab1bf7134a55245f2fc9f777ea11dcc94ae69.bin,"[2, 9]"
33,88a590c465f49362d0c2f585ba8a780c4e87f491.bin,4,406,datacopy/UCSB/88a590c465f49362d0c2f585ba8a780c4e87f491.bin,"[2, 9]"
34,e3e58b08d128c145b579e9ac92ba7502351f1b32.bin,4,1476,datacopy/UCSB/e3e58b08d128c145b579e9ac92ba7502351f1b32.bin,"[2, 9]"
35,dce2ee0af402f66895c0ab44c0ecbd6829b78b8e.bin,4,406,datacopy/UCSB/dce2ee0af402f66895c0ab44c0ecbd6829b78b8e.bin,"[2, 9]"
36,da5d7bf348f562ba29187a1ca8680852afda25dd.bin,4,1476,datacopy/UCSB/da5d7bf348f562ba29187a1ca8680852afda25dd.bin,"[2, 9]"
37,dafa49e25aed95446fca70cd4c218471ac20edf8.bin,4,1476,datacopy/UCSB/dafa49e25aed95446fca70cd4c218471ac20edf8.bin,"[2, 9]"
38,3a2f08a1e0b634c4e0aab4b4f006aaaaa07e057a.bin,4,406,datacopy/UCSB/3a2f08a1e0b634c4e0aab4b4f006aaaaa07e057a.bin,"[2, 9]"
39,42db0da29c71945fd3ca213e9ad2ed70c11c69ba.bin,4,406,datacopy/UCSB/42db0da29c71945fd3ca213e9ad2ed70c11c69ba.bin,"[2, 9]"
40,885715aa5186f9a28bd95ac5b94580b44f21b530.bin,7,1513,datacopy/UCSB.JP/data_feed.geo_japan_6m_public_flag/8/8/5/885715aa5186f9a28bd95ac5b94580b44f21b530.bin,"[1, 3, 95]"
41,8aa10c692b2fdd29d545cb3a0e58162dd0fcefaa.bin,7,1513,datacopy/UCSB.JP/data_feed.geo_japan_6m_public_flag/8/a/a/8aa10c692b2fdd29d545cb3a0e58162dd0fcefaa.bin,"[1, 3, 95]"
42,ab9b8afdf42f06674621b4e2f20c532f42b014c9.bin,7,1532,datacopy/UCSB.JP/data_feed.geo_japan_6m_public_flag/a/b/9/ab9b8afdf42f06674621b4e2f20c532f42b014c9.bin,"[1, 3, 95]"
43,e8f2079e3ca0cd77d5659f3dc4ab040abcf8f6ce.bin,7,1513,datacopy/UCSB.JP/data_feed.geo_japan_6m_public_flag/e/8/f/e8f2079e3ca0cd77d5659f3dc4ab040abcf8f6ce.bin,"[1, 3, 95]"
44,2830c2ab3e61acf7771a25889aa839c7eb85fbe7.bin,7,1532,datacopy/UCSB.JP/data_feed.geo_japan_6m_public_flag/2/8/3/2830c2ab3e61acf7771a25889aa839c7eb85fbe7.bin,"[1, 3, 95]"
45,18c2405c71cb3326b0020729cee958d24c201e6d.bin,7,694,datacopy/UCSB.JP/data_feed.geo_japan_6m_public_flag/1/8/c/18c2405c71cb3326b0020729cee958d24c201e6d.bin,"[1, 3, 95]"
46,5b9ad5f7e2b96c1cc26014b37f499d3bdba34422.bin,7,1513,datacopy/UCSB.JP/data_feed.geo_japan_6m_public_flag/5/b/9/5b9ad5f7e2b96c1cc26014b37f499d3bdba34422.bin,"[1, 3, 95]"
47,4cb02f6f0144bcc7c534e729d7df760cc3eefb21.bin,7,1532,datacopy/UCSB.JP/data_feed.geo_japan_6m_public_flag/4/c/b/4cb02f6f0144bcc7c534e729d7df760cc3eefb21.bin,"[1, 3, 95]"
48,8e6a001557ae4d090725c76a2b03487c5c6dabd4.bin,9,1986,datacopy/UCSB.JP/data_feed.geo_japan_6m_public_flag/8/e/6/8e6a001557ae4d090725c76a2b03487c5c6dabd4.bin,"[3, 205]"
49,3952982e2de596d83c3dc7ed971ac59f0e2416f4.bin,9,1986,datacopy/UCSB.JP/data_feed.geo_japan_6m_public_flag/3/9/5/3952982e2de596d83c3dc7ed971ac59f0e2416f4.bin,"[3, 205]"
50,505aa6d4a78915bc14c2721dffe6923fa5e0a2e6.bin,9,1986,datacopy/UCSB.JP/data_feed.geo_japan_6m_public_flag/5/0/5/505aa6d4a78915bc14c2721dffe6923fa5e0a2e6.bin,"[3, 205]"
51,fd30fc1830fe5f7c15cfaadcc11a4abf2d145929.bin,9,112,datacopy/UCSB.JP/data_feed.geo_japan_6m_public_flag/f/d/3/fd30fc1830fe5f7c15cfaadcc11a4abf2d145929.bin,"[3, 205]"
52,8b7e5f903ca7805f35124d1a2bdeb2766361ad58.bin,11,1944,datacopy/UCSB.JP/data_feed.geo_japan_6m_public_flag/8/b/7/8b7e5f903ca7805f35124d1a2bdeb2766361ad58.bin,"[2, 1, 1, 7]"
53,8991b1981aa4f200b8b2af567148539cc3444ee2.bin,11,1524,datacopy/UCSB.JP/data_feed.geo_japan_6m_public_flag/8/9/9/8991b1981aa4f200b8b2af567148539cc3444ee2.bin,"[2, 1, 1, 7]"
54,829991a925839d4fbf780fc5a0ddcbfba07f7ee8.bin,11,1524,datacopy/UCSB.JP/data_feed.geo_japan_6m_public_flag/8/2/9/829991a925839d4fbf780fc5a0ddcbfba07f7ee8.bin,"[2, 1, 1, 7]"
55,8d819c5740592857b6c46571e3a3e0ad2e8670f4.bin,11,341,datacopy/UCSB.JP/data_feed.geo_japan_6m_public_flag/8/d/8/8d819c5740592857b6c46571e3a3e0ad2e8670f4.bin,"[2, 1, 1, 7]"
56,8dee9b0e5fe5a4be049da62132e4d23086154b02.bin,11,1944,datacopy/UCSB.JP/data_feed.geo_japan_6m_public_flag/8/d/e/8dee9b0e5fe5a4be049da62132e4d23086154b02.bin,"[2, 1, 1, 7]"
57,8d256f65d31e7336ec2a27197d3cdbe6b287756a.bin,11,1944,datacopy/UCSB.JP/data_feed.geo_japan_6m_public_flag/8/d/2/8d256f65d31e7336ec2a27197d3cdbe6b287756a.bin,"[2, 1, 1, 7]"
58,8533956bfb9a6488c0c3cddd976aaaeda0201c9d.bin,11,1944,datacopy/UCSB.JP/data_feed.geo_japan_6m_public_flag/8/5/3/8533956bfb9a6488c0c3cddd976aaaeda0201c9d.bin,"[2, 1, 1, 7]"
59,85d0114ba619b46e43262a841dc578a9fb7e66c2.bin,11,1524,datacopy/UCSB.JP/data_feed.geo_japan_6m_public_flag/8/5/d/85d0114ba619b46e43262a841dc578a9fb7e66c2.bin,"[2, 1, 1, 7]"
60,800b42996330c1382e4bc22b1972bc7799ad4aa7.bin,11,1944,datacopy/UCSB.JP/data_feed.geo_japan_6m_public_flag/8/0/0/800b42996330c1382e4bc22b1972bc7799ad4aa7.bin,"[2, 1, 1, 7]"
61,861e5fb432517a175be34f4af80061b687a47f80.bin,11,1944,datacopy/UCSB.JP/data_feed.geo_japan_6m_public_flag/8/6/1/861e5fb432517a175be34f4af80061b687a47f80.bin,"[2, 1, 1, 7]"
62,87ac98a7d16dfe6776368a3c61d2e51801369f68.bin,11,1944,datacopy/UCSB.JP/data_feed.geo_japan_6m_public_flag/8/7/a/87ac98a7d16dfe6776368a3c61d2e51801369f68.bin,"[2, 1, 1, 7]"
63,87ade3ff1318193b6e15617329a47bd35c6f89be.bin,11,1524,datacopy/UCSB.JP/data_feed.geo_japan_6m_public_flag/8/7/a/87ade3ff1318193b6e15617329a47bd35c6f89be.bin,"[2, 1, 1, 7]"
64,877822feb68409f62e1718262db4e0a6083e2625.bin,11,1524,datacopy/UCSB.JP/data_feed.geo_japan_6m_public_flag/8/7/7/877822feb68409f62e1718262db4e0a6083e2625.bin,"[2, 1, 1, 7]"
65,ab39766f19f37531af488088276de2c039e18e46.bin,11,341,datacopy/UCSB.JP/data_feed.geo_japan_6m_public_flag/a/b/3/ab39766f19f37531af488088276de2c039e18e46.bin,"[2, 1, 1, 7]"
66,ab29de4aab6c38f041ab0ecfad507b5168de1bbd.bin,11,284,datacopy/UCSB.JP/data_feed.geo_japan_6m_public_flag/a/b/2/ab29de4aab6c38f041ab0ecfad507b5168de1bbd.bin,"[2, 1, 1, 7]"
67,ab5e0dd5e76045b6eedb745ac4f4368fc7153436.bin,11,1944,datacopy/UCSB.JP/data_feed.geo_japan_6m_public_flag/a/b/5/ab5e0dd5e76045b6eedb745ac4f4368fc7153436.bin,"[2, 1, 1, 7]"
68,ab6b5feeedc50ee8f93674fe508a984b0490cda2.bin,11,1944,datacopy/UCSB.JP/data_feed.geo_japan_6m_public_flag/a/b/6/ab6b5feeedc50ee8f93674fe508a984b0490cda2.bin,"[2, 1, 1, 7]"
69,a11a960cf70335331d14299a3a62c3c3f97ecd2e.bin,11,1944,datacopy/UCSB.JP/data_feed.geo_japan_6m_public_flag/a/1/1/a11a960cf70335331d14299a3a62c3c3f97ecd2e.bin,"[2, 1, 1, 7]"
70,af46274c882a06a95f7584ca8c0ee23c989e24a3.bin,11,1944,datacopy/UCSB.JP/data_feed.geo_japan_6m_public_flag/a/f/4/af46274c882a06a95f7584ca8c0ee23c989e24a3.bin,"[2, 1, 1, 7]"
71,af07ad9d8a9dee4b2cf409b0acb4483bac1599e2.bin,11,1524,datacopy/UCSB.JP/data_feed.geo_japan_6m_public_flag/a/f/0/af07ad9d8a9dee4b2cf409b0acb4483bac1599e2.bin,"[2, 1, 1, 7]"
72,a0478bd4e126d13c1f122417b04a67e79f1bcdef.bin,11,1944,datacopy/UCSB.JP/data_feed.geo_japan_6m_public_flag/a/0/4/a0478bd4e126d13c1f122417b04a67e79f1bcdef.bin,"[2, 1, 1, 7]"
73,a62b7de2e57e3e69c067878fe58a331b5390916b.bin,11,1944,datacopy/UCSB.JP/data_feed.geo_japan_6m_public_flag/a/6/2/a62b7de2e57e3e69c067878fe58a331b5390916b.bin,"[2, 1, 1, 7]"
74,a66e76b45fb21ec01a39e9ac196121c49ddc85bb.bin,11,1524,datacopy/UCSB.JP/data_feed.geo_japan_6m_public_flag/a/6/6/a66e76b45fb21ec01a39e9ac196121c49ddc85bb.bin,"[2, 1, 1, 7]"
75,a7ab1801505b89e5664b74dd13ce1d4f06ebef94.bin,11,1524,datacopy/UCSB.JP/data_feed.geo_japan_6m_public_flag/a/7/a/a7ab1801505b89e5664b74dd13ce1d4f06ebef94.bin,"[2, 1, 1, 7]"
76,a702eb0929ee3a326c18947337a9fc142b0956b2.bin,11,1944,datacopy/UCSB.JP/data_feed.geo_japan_6m_public_flag/a/7/0/a702eb0929ee3a326c18947337a9fc142b0956b2.bin,"[2, 1, 1, 7]"
77,eea70ec2633ea56e393f85465a435e1d4eee906f.bin,11,1944,datacopy/UCSB.JP/data_feed.geo_japan_6m_public_flag/e/e/a/eea70ec2633ea56e393f85465a435e1d4eee906f.bin,"[2, 1, 1, 7]"
78,eeb53848b1583dd181d75317e0cf2fa27426422a.bin,11,1944,datacopy/UCSB.JP/data_feed.geo_japan_6m_public_flag/e/e/b/eeb53848b1583dd181d75317e0cf2fa27426422a.bin,"[2, 1, 1, 7]"
79,ee31edfa52c523f9aa43160b2780fcb182909a30.bin,11,1524,datacopy/UCSB.JP/data_feed.geo_japan_6m_public_flag/e/e/3/ee31edfa52c523f9aa43160b2780fcb182909a30.bin,"[2, 1, 1, 7]"
80,eed50d73cc273ee77b5860ff7168569e487182d4.bin,11,1944,datacopy/UCSB.JP/data_feed.geo_japan_6m_public_flag/e/e/d/eed50d73cc273ee77b5860ff7168569e487182d4.bin,"[2, 1, 1, 7]"
81,eb3ac1828049630d2ce012972c58f4f3a1c97087.bin,11,1944,datacopy/UCSB.JP/data_feed.geo_japan_6m_public_flag/e/b/3/eb3ac1828049630d2ce012972c58f4f3a1c97087.bin,"[2, 1, 1, 7]"
82,e361aa900198176d1708ef60c4ca3f03588f1371.bin,11,1944,datacopy/UCSB.JP/data_feed.geo_japan_6m_public_flag/e/3/6/e361aa900198176d1708ef60c4ca3f03588f1371.bin,"[2, 1, 1, 7]"
83,e98fef9e6c327459d883f76e08cb4bfb79243db4.bin,11,341,datacopy/UCSB.JP/data_feed.geo_japan_6m_public_flag/e/9/8/e98fef9e6c327459d883f76e08cb4bfb79243db4.bin,"[2, 1, 1, 7]"
84,e21d13b03853efb635d23f8af52cd039180368bd.bin,11,1524,datacopy/UCSB.JP/data_feed.geo_japan_6m_public_flag/e/2/1/e21d13b03853efb635d23f8af52cd039180368bd.bin,"[2, 1, 1, 7]"
85,e0031193e112c9ffa27f29144a5fb139cced1780.bin,11,1524,datacopy/UCSB.JP/data_feed.geo_japan_6m_public_flag/e/0/0/e0031193e112c9ffa27f29144a5fb139cced1780.bin,"[2, 1, 1, 7]"
86,e6a40ed01e2e625f54d05bf27ba58f81da4c23ac.bin,11,1524,datacopy/UCSB.JP/data_feed.geo_japan_6m_public_flag/e/6/a/e6a40ed01e2e625f54d05bf27ba58f81da4c23ac.bin,"[2, 1, 1, 7]"
87,e7c879bf1ace6373684deec14a4daf296519ca18.bin,11,1944,datacopy/UCSB.JP/data_feed.geo_japan_6m_public_flag/e/7/c/e7c879bf1ace6373684deec14a4daf296519ca18.bin,"[2, 1, 1, 7]"
88,b339628c646b44c2030372a6c8704da2fb6eb8e8.bin,11,1524,datacopy/UCSB.JP/data_feed.geo_japan_6m_public_flag/b/3/3/b339628c646b44c2030372a6c8704da2fb6eb8e8.bin,"[2, 1, 1, 7]"
89,b9bd6fbca38133dfd6d0567c1aad5c3d97a4dbbc.bin,11,341,datacopy/UCSB.JP/data_feed.geo_japan_6m_public_flag/b/9/b/b9bd6fbca38133dfd6d0567c1aad5c3d97a4dbbc.bin,"[2, 1, 1, 7]"
90,b9dd780db1f6494675928ab3c8c3afaedff3fe04.bin,11,1944,datacopy/UCSB.JP/data_feed.geo_japan_6m_public_flag/b/9/d/b9dd780db1f6494675928ab3c8c3afaedff3fe04.bin,"[2, 1, 1, 7]"
91,bdf430ebef39506120b5e554f89b4b47b6d98ae5.bin,11,1944,datacopy/UCSB.JP/data_feed.geo_japan_6m_public_flag/b/d/f/bdf430ebef39506120b5e554f89b4b47b6d98ae5.bin,"[2, 1, 1, 7]"
92,bd7401c91c8a489ad2ea946883f6ea7398005965.bin,11,1524,datacopy/UCSB.JP/data_feed.geo_japan_6m_public_flag/b/d/7/bd7401c91c8a489ad2ea946883f6ea7398005965.bin,"[2, 1, 1, 7]"
93,b5bf2466a54d078a7b5211663135be2ee31e6340.bin,11,341,datacopy/UCSB.JP/data_feed.geo_japan_6m_public_flag/b/5/b/b5bf2466a54d078a7b5211663135be2ee31e6340.bin,"[2, 1, 1, 7]"
94,b5446ead283df797b32ebc5b8177aa77dd5d604e.bin,11,1944,datacopy/UCSB.JP/data_feed.geo_japan_6m_public_flag/b/5/4/b5446ead283df797b32ebc5b8177aa77dd5d604e.bin,"[2, 1, 1, 7]"
95,bc2775b23a5839e3ee9608ed80a124f88ce55f8f.bin,11,1944,datacopy/UCSB.JP/data_feed.geo_japan_6m_public_flag/b/c/2/bc2775b23a5839e3ee9608ed80a124f88ce55f8f.bin,"[2, 1, 1, 7]"
96,b44210431beb4761b08b33c432afcc5638caa3f1.bin,11,1524,datacopy/UCSB.JP/data_feed.geo_japan_6m_public_flag/b/4/4/b44210431beb4761b08b33c432afcc5638caa3f1.bin,"[2, 1, 1, 7]"
97,b0f868bc48153e143fb6312412f17df4d4774e73.bin,11,1944,datacopy/UCSB.JP/data_feed.geo_japan_6m_public_flag/b/0/f/b0f868bc48153e143fb6312412f17df4d4774e73.bin,"[2, 1, 1, 7]"
98,38ba7af5ca25399cd875b900e5d92685e8c9186f.bin,11,1944,datacopy/UCSB.JP/data_feed.geo_japan_6m_public_flag/3/8/b/38ba7af5ca25399cd875b900e5d92685e8c9186f.bin,"[2, 1, 1, 7]"
99,3af8f07031e0a69e20a47fc82a0320f5ca1c578a.bin,11,341,datacopy/UCSB.JP/data_feed.geo_japan_6m_public_flag/3/a/f/3af8f07031e0a69e20a47fc82a0320f5ca1c578a.bin,"[2, 1, 1, 7]"
100,3a7ca17a5055c21b768f692af66c48db00ac4704.bin,11,341,datacopy/UCSB.JP/data_feed.geo_japan_6m_public_flag/3/a/7/3a7ca17a5055c21b768f692af66c48db00ac4704.bin,"[2, 1, 1, 7]"
101,3930aa7cafe5a13f8f367687df5384cce8809158.bin,11,284,datacopy/UCSB.JP/data_feed.geo_japan_6m_public_flag/3/9/3/3930aa7cafe5a13f8f367687df5384cce8809158.bin,"[2, 1, 1, 7]"
102,326f1d4ce153a422fc4ec67b3091a8d253aae5b4.bin,11,1524,datacopy/UCSB.JP/data_feed.geo_japan_6m_public_flag/3/2/6/326f1d4ce153a422fc4ec67b3091a8d253aae5b4.bin,"[2, 1, 1, 7]"
103,3fbac67b6d45202e3751bad0e0e242c7113818a1.bin,11,1944,datacopy/UCSB.JP/data_feed.geo_japan_6m_public_flag/3/f/b/3fbac67b6d45202e3751bad0e0e242c7113818a1.bin,"[2, 1, 1, 7]"
104,3f31e96ad931f6a49c7183a28808fbb24cb48679.bin,11,1524,datacopy/UCSB.JP/data_feed.geo_japan_6m_public_flag/3/f/3/3f31e96ad931f6a49c7183a28808fbb24cb48679.bin,"[2, 1, 1, 7]"
105,3c0c036e0b9f864b900195badae74a35fb7e768b.bin,11,1944,datacopy/UCSB.JP/data_feed.geo_japan_6m_public_flag/3/c/0/3c0c036e0b9f864b900195badae74a35fb7e768b.bin,"[2, 1, 1, 7]"
106,34b471ddaf157bdb9574d7ab11d7f8579a41cff2.bin,11,1944,datacopy/UCSB.JP/data_feed.geo_japan_6m_public_flag/3/4/b/34b471ddaf157bdb9574d7ab11d7f8579a41cff2.bin,"[2, 1, 1, 7]"
107,30e654e680da46b103eeb1df1ec8483dddacd74d.bin,11,1524,datacopy/UCSB.JP/data_feed.geo_japan_6m_public_flag/3/0/e/30e654e680da46b103eeb1df1ec8483dddacd74d.bin,"[2, 1, 1, 7]"
108,302ebdfe75598293ed1c3ca66c5a147750257f92.bin,11,1944,datacopy/UCSB.JP/data_feed.geo_japan_6m_public_flag/3/0/2/302ebdfe75598293ed1c3ca66c5a147750257f92.bin,"[2, 1, 1, 7]"
109,981b0b0dc074c3cb893d4e4eed07e63aedd44ec3.bin,11,1944,datacopy/UCSB.JP/data_feed.geo_japan_6m_public_flag/9/8/1/981b0b0dc074c3cb893d4e4eed07e63aedd44ec3.bin,"[2, 1, 1, 7]"
110,98610526e0f75a12237642ca05270a7a9234437f.bin,11,1944,datacopy/UCSB.JP/data_feed.geo_japan_6m_public_flag/9/8/6/98610526e0f75a12237642ca05270a7a9234437f.bin,"[2, 1, 1, 7]"
111,9aab0df11e592565d748a5f039976e902e7c5656.bin,11,1944,datacopy/UCSB.JP/data_feed.geo_japan_6m_public_flag/9/a/a/9aab0df11e592565d748a5f039976e902e7c5656.bin,"[2, 1, 1, 7]"
112,9a34aecd5fabc72ed2eb235b425c6157777db633.bin,11,1944,datacopy/UCSB.JP/data_feed.geo_japan_6m_public_flag/9/a/3/9a34aecd5fabc72ed2eb235b425c6157777db633.bin,"[2, 1, 1, 7]"
113,9a4bb63b2f845d5de97de47ce7307f4083b4d532.bin,11,1944,datacopy/UCSB.JP/data_feed.geo_japan_6m_public_flag/9/a/4/9a4bb63b2f845d5de97de47ce7307f4083b4d532.bin,"[2, 1, 1, 7]"
114,9be807c822e504aa7a22db31bfd867afa3503e35.bin,11,1944,datacopy/UCSB.JP/data_feed.geo_japan_6m_public_flag/9/b/e/9be807c822e504aa7a22db31bfd867afa3503e35.bin,"[2, 1, 1, 7]"
115,93b4c799e4aaee531dad80bab1ce90b23efb77e5.bin,11,1944,datacopy/UCSB.JP/data_feed.geo_japan_6m_public_flag/9/3/b/93b4c799e4aaee531dad80bab1ce90b23efb77e5.bin,"[2, 1, 1, 7]"
116,99cb4450c60d6b03a2711f04893a66fa47fa8e86.bin,11,1944,datacopy/UCSB.JP/data_feed.geo_japan_6m_public_flag/9/9/c/99cb4450c60d6b03a2711f04893a66fa47fa8e86.bin,"[2, 1, 1, 7]"
117,92ab02074dfb90556cee26fb5122158c9c65e48e.bin,11,1944,datacopy/UCSB.JP/data_feed.geo_japan_6m_public_flag/9/2/a/92ab02074dfb90556cee26fb5122158c9c65e48e.bin,"[2, 1, 1, 7]"
118,95a88a9328f5a0ce6ccb02174ae0ff5b5a98ad26.bin,11,1524,datacopy/UCSB.JP/data_feed.geo_japan_6m_public_flag/9/5/a/95a88a9328f5a0ce6ccb02174ae0ff5b5a98ad26.bin,"[2, 1, 1, 7]"
119,956b68d78d26d1e5c241a46b214c6b9a57e57eb8.bin,11,1944,datacopy/UCSB.JP/data_feed.geo_japan_6m_public_flag/9/5/6/956b68d78d26d1e5c241a46b214c6b9a57e57eb8.bin,"[2, 1, 1, 7]"
120,9cabf77fd455147ca9b286b6e7940a0facc8f928.bin,11,284,datacopy/UCSB.JP/data_feed.geo_japan_6m_public_flag/9/c/a/9cabf77fd455147ca9b286b6e7940a0facc8f928.bin,"[2, 1, 1, 7]"
121,9cee9e7c67da072469565bbacb5eea0fe985ab77.bin,11,1524,datacopy/UCSB.JP/data_feed.geo_japan_6m_public_flag/9/c/e/9cee9e7c67da072469565bbacb5eea0fe985ab77.bin,"[2, 1, 1, 7]"
122,94cfd3dbb7c0b9ea81d2f2790562e66c683f04d2.bin,11,1524,datacopy/UCSB.JP/data_feed.geo_japan_6m_public_flag/9/4/c/94cfd3dbb7c0b9ea81d2f2790562e66c683f04d2.bin,"[2, 1, 1, 7]"
123,9077fdba1279cfb750afeb092caa583a9a9f5fba.bin,11,1944,datacopy/UCSB.JP/data_feed.geo_japan_6m_public_flag/9/0/7/9077fdba1279cfb750afeb092caa583a9a9f5fba.bin,"[2, 1, 1, 7]"
124,97839bfddaae188b7f279582e7939283bda62a8b.bin,11,1944,datacopy/UCSB.JP/data_feed.geo_japan_6m_public_flag/9/7/8/97839bfddaae188b7f279582e7939283bda62a8b.bin,"[2, 1, 1, 7]"
125,974d7cfee38e33e6778914c8021bf67c43e47e5c.bin,11,1944,datacopy/UCSB.JP/data_feed.geo_japan_6m_public_flag/9/7/4/974d7cfee38e33e6778914c8021bf67c43e47e5c.bin,"[2, 1, 1, 7]"
126,97024bca02cb90ae8128e9b70f8a20b04c9919c0.bin,11,1944,datacopy/UCSB.JP/data_feed.geo_japan_6m_public_flag/9/7/0/97024bca02cb90ae8128e9b70f8a20b04c9919c0.bin,"[2, 1, 1, 7]"
127,234c2f703b78146db3f627de342eb8f6a0416fb8.bin,11,341,datacopy/UCSB.JP/data_feed.geo_japan_6m_public_flag/2/3/4/234c2f703b78146db3f627de342eb8f6a0416fb8.bin,"[2, 1, 1, 7]"
128,29eace9f243dd506519422689f4c049026423c71.bin,11,1944,datacopy/UCSB.JP/data_feed.geo_japan_6m_public_flag/2/9/e/29eace9f243dd506519422689f4c049026423c71.bin,"[2, 1, 1, 7]"
129,22eaaea37bbebe604e1d909b7730b1ac1560fb3f.bin,11,1524,datacopy/UCSB.JP/data_feed.geo_japan_6m_public_flag/2/2/e/22eaaea37bbebe604e1d909b7730b1ac1560fb3f.bin,"[2, 1, 1, 7]"
130,22029cb59c9cd4fb14537771047dad155cc66ab8.bin,11,1944,datacopy/UCSB.JP/data_feed.geo_japan_6m_public_flag/2/2/0/22029cb59c9cd4fb14537771047dad155cc66ab8.bin,"[2, 1, 1, 7]"
131,21b3b7b4765b50b86e1b623353a21d5123d360f9.bin,11,1944,datacopy/UCSB.JP/data_feed.geo_japan_6m_public_flag/2/1/b/21b3b7b4765b50b86e1b623353a21d5123d360f9.bin,"[2, 1, 1, 7]"
132,217d5c822d7652296941164d71911488f0b6120c.bin,11,1524,datacopy/UCSB.JP/data_feed.geo_japan_6m_public_flag/2/1/7/217d5c822d7652296941164d71911488f0b6120c.bin,"[2, 1, 1, 7]"
133,2cfe8929db5f9ec6d2d6776b1d8bb02e177eafda.bin,11,1524,datacopy/UCSB.JP/data_feed.geo_japan_6m_public_flag/2/c/f/2cfe8929db5f9ec6d2d6776b1d8bb02e177eafda.bin,"[2, 1, 1, 7]"
134,24f54481826a8de1b76e835d1368864dae834c7b.bin,11,1944,datacopy/UCSB.JP/data_feed.geo_japan_6m_public_flag/2/4/f/24f54481826a8de1b76e835d1368864dae834c7b.bin,"[2, 1, 1, 7]"
135,24c72d608458444dbe9a7e15a4a4934007de5349.bin,11,1944,datacopy/UCSB.JP/data_feed.geo_japan_6m_public_flag/2/4/c/24c72d608458444dbe9a7e15a4a4934007de5349.bin,"[2, 1, 1, 7]"
136,24635cf29fe699ad095b0772d4c4cdb72ab58534.bin,11,1944,datacopy/UCSB.JP/data_feed.geo_japan_6m_public_flag/2/4/6/24635cf29fe699ad095b0772d4c4cdb72ab58534.bin,"[2, 1, 1, 7]"
137,203f774ea2c1e61dfb373c95d65e2ce50c1e572e.bin,11,1944,datacopy/UCSB.JP/data_feed.geo_japan_6m_public_flag/2/0/3/203f774ea2c1e61dfb373c95d65e2ce50c1e572e.bin,"[2, 1, 1, 7]"
138,268ee1073d4300a9af81bad2582efe784dd0653c.bin,11,1524,datacopy/UCSB.JP/data_feed.geo_japan_6m_public_flag/2/6/8/268ee1073d4300a9af81bad2582efe784dd0653c.bin,"[2, 1, 1, 7]"
139,26e04832e947a0e7838b099b83eb572dbbe58f72.bin,11,1524,datacopy/UCSB.JP/data_feed.geo_japan_6m_public_flag/2/6/e/26e04832e947a0e7838b099b83eb572dbbe58f72.bin,"[2, 1, 1, 7]"
140,27778064bd48c68816e3fe7138f80b423a3effeb.bin,11,1524,datacopy/UCSB.JP/data_feed.geo_japan_6m_public_flag/2/7/7/27778064bd48c68816e3fe7138f80b423a3effeb.bin,"[2, 1, 1, 7]"
141,da870ed78a668c73217e319fc2ace9a91b91b728.bin,11,1944,datacopy/UCSB.JP/data_feed.geo_japan_6m_public_flag/d/a/8/da870ed78a668c73217e319fc2ace9a91b91b728.bin,"[2, 1, 1, 7]"
142,db72d59f8662c676c5e0c7dd48fd9df37e2a5578.bin,11,1944,datacopy/UCSB.JP/data_feed.geo_japan_6m_public_flag/d/b/7/db72d59f8662c676c5e0c7dd48fd9df37e2a5578.bin,"[2, 1, 1, 7]"
143,d1e39f9ac63d4bd1523c3e7ca899481cea262698.bin,11,1944,datacopy/UCSB.JP/data_feed.geo_japan_6m_public_flag/d/1/e/d1e39f9ac63d4bd1523c3e7ca899481cea262698.bin,"[2, 1, 1, 7]"
144,d15735ff0e3eaa05f6abe16ae4ac5c62d52ed2bd.bin,11,1524,datacopy/UCSB.JP/data_feed.geo_japan_6m_public_flag/d/1/5/d15735ff0e3eaa05f6abe16ae4ac5c62d52ed2bd.bin,"[2, 1, 1, 7]"
145,dfe465ce7b89a44962982b7e24410e03dd4f8890.bin,11,1524,datacopy/UCSB.JP/data_feed.geo_japan_6m_public_flag/d/f/e/dfe465ce7b89a44962982b7e24410e03dd4f8890.bin,"[2, 1, 1, 7]"
146,df5e73e04e5a26f7013bfd0f531ea7c8b199c92b.bin,11,1944,datacopy/UCSB.JP/data_feed.geo_japan_6m_public_flag/d/f/5/df5e73e04e5a26f7013bfd0f531ea7c8b199c92b.bin,"[2, 1, 1, 7]"
147,df560f0f99c4cad34183786f5145351fdeb48d21.bin,11,1944,datacopy/UCSB.JP/data_feed.geo_japan_6m_public_flag/d/f/5/df560f0f99c4cad34183786f5145351fdeb48d21.bin,"[2, 1, 1, 7]"
148,d46ab2a2c1259cd0c8a98bc5b309735c3c4de0a9.bin,11,1524,datacopy/UCSB.JP/data_feed.geo_japan_6m_public_flag/d/4/6/d46ab2a2c1259cd0c8a98bc5b309735c3c4de0a9.bin,"[2, 1, 1, 7]"
149,d08e2ecfd3d576bc18de38585d9420e2f13bad5b.bin,11,284,datacopy/UCSB.JP/data_feed.geo_japan_6m_public_flag/d/0/8/d08e2ecfd3d576bc18de38585d9420e2f13bad5b.bin,"[2, 1, 1, 7]"
150,d6a4820eb2237b3069b4fe6d30bcdbdaf42b1be1.bin,11,1944,datacopy/UCSB.JP/data_feed.geo_japan_6m_public_flag/d/6/a/d6a4820eb2237b3069b4fe6d30bcdbdaf42b1be1.bin,"[2, 1, 1, 7]"
151,182b914cf1ee9babb2df5603f0433fd85ddf5925.bin,11,1524,datacopy/UCSB.JP/data_feed.geo_japan_6m_public_flag/1/8/2/182b914cf1ee9babb2df5603f0433fd85ddf5925.bin,"[2, 1, 1, 7]"
152,1e9571c0829e0a0cdcaf99b9c320c8f37b816847.bin,11,1944,datacopy/UCSB.JP/data_feed.geo_japan_6m_public_flag/1/e/9/1e9571c0829e0a0cdcaf99b9c320c8f37b816847.bin,"[2, 1, 1, 7]"
153,1e2cb375716a61621a69bba11fb8c88ff6ce0cb3.bin,11,1944,datacopy/UCSB.JP/data_feed.geo_japan_6m_public_flag/1/e/2/1e2cb375716a61621a69bba11fb8c88ff6ce0cb3.bin,"[2, 1, 1, 7]"
154,1e582944fe5b5ac209d45e911f91677cc00f595d.bin,11,1944,datacopy/UCSB.JP/data_feed.geo_japan_6m_public_flag/1/e/5/1e582944fe5b5ac209d45e911f91677cc00f595d.bin,"[2, 1, 1, 7]"
155,1b52ebff16ee889f6e47ffefb3a278b06ef148a2.bin,11,1944,datacopy/UCSB.JP/data_feed.geo_japan_6m_public_flag/1/b/5/1b52ebff16ee889f6e47ffefb3a278b06ef148a2.bin,"[2, 1, 1, 7]"
156,13a703bdc0b0cf8f5762800c01f2cb9d27ad3f04.bin,11,1524,datacopy/UCSB.JP/data_feed.geo_japan_6m_public_flag/1/3/a/13a703bdc0b0cf8f5762800c01f2cb9d27ad3f04.bin,"[2, 1, 1, 7]"
157,135ea674c9641dbbdc48c9a54cebfbc3781412e7.bin,11,1524,datacopy/UCSB.JP/data_feed.geo_japan_6m_public_flag/1/3/5/135ea674c9641dbbdc48c9a54cebfbc3781412e7.bin,"[2, 1, 1, 7]"
158,136d57493ebb091cca92bf3f52e678c45d23cefb.bin,11,1524,datacopy/UCSB.JP/data_feed.geo_japan_6m_public_flag/1/3/6/136d57493ebb091cca92bf3f52e678c45d23cefb.bin,"[2, 1, 1, 7]"
159,19654e88d70ab843b4aa76d06fe292f254720b30.bin,11,1944,datacopy/UCSB.JP/data_feed.geo_japan_6m_public_flag/1/9/6/19654e88d70ab843b4aa76d06fe292f254720b30.bin,"[2, 1, 1, 7]"
160,12749595ff41a9a7887fbe261a99b83268064456.bin,11,1944,datacopy/UCSB.JP/data_feed.geo_japan_6m_public_flag/1/2/7/12749595ff41a9a7887fbe261a99b83268064456.bin,"[2, 1, 1, 7]"
161,15dc2b99b596320f704c8421d722d38812aa46bc.bin,11,1524,datacopy/UCSB.JP/data_feed.geo_japan_6m_public_flag/1/5/d/15dc2b99b596320f704c8421d722d38812aa46bc.bin,"[2, 1, 1, 7]"
162,1fdc3daca08c7a1d9f35b7405651cda0af2867eb.bin,11,1524,datacopy/UCSB.JP/data_feed.geo_japan_6m_public_flag/1/f/d/1fdc3daca08c7a1d9f35b7405651cda0af2867eb.bin,"[2, 1, 1, 7]"
163,10bad35e35e9ae7717be85b6abdca4c464ef7a18.bin,11,341,datacopy/UCSB.JP/data_feed.geo_japan_6m_public_flag/1/0/b/10bad35e35e9ae7717be85b6abdca4c464ef7a18.bin,"[2, 1, 1, 7]"
164,167a34ecc1494e7b6dd172286fe9f75b1ed32fc2.bin,11,1944,datacopy/UCSB.JP/data_feed.geo_japan_6m_public_flag/1/6/7/167a34ecc1494e7b6dd172286fe9f75b1ed32fc2.bin,"[2, 1, 1, 7]"
165,58f71691febca0e42a8e2ca9fdcb4f7410073fa6.bin,11,1944,datacopy/UCSB.JP/data_feed.geo_japan_6m_public_flag/5/8/f/58f71691febca0e42a8e2ca9fdcb4f7410073fa6.bin,"[2, 1, 1, 7]"
166,5be2ffa54b2f798667aa68754081cfb4a24f1b72.bin,11,1944,datacopy/UCSB.JP/data_feed.geo_japan_6m_public_flag/5/b/e/5be2ffa54b2f798667aa68754081cfb4a24f1b72.bin,"[2, 1, 1, 7]"
167,5b34cdf52817f3fb79ae7a7d18d0c5d9239df045.bin,11,1944,datacopy/UCSB.JP/data_feed.geo_japan_6m_public_flag/5/b/3/5b34cdf52817f3fb79ae7a7d18d0c5d9239df045.bin,"[2, 1, 1, 7]"
168,5b91f59b44e448adf4bba7e5ff894b8942bc6704.bin,11,1524,datacopy/UCSB.JP/data_feed.geo_japan_6m_public_flag/5/b/9/5b91f59b44e448adf4bba7e5ff894b8942bc6704.bin,"[2, 1, 1, 7]"
169,53f3dab7b84621c3edeee46b2fd4be5db1f88c2a.bin,11,1524,datacopy/UCSB.JP/data_feed.geo_japan_6m_public_flag/5/3/f/53f3dab7b84621c3edeee46b2fd4be5db1f88c2a.bin,"[2, 1, 1, 7]"
170,53c547ab73ff6d7d62a455dc793aa42ad10ead25.bin,11,284,datacopy/UCSB.JP/data_feed.geo_japan_6m_public_flag/5/3/c/53c547ab73ff6d7d62a455dc793aa42ad10ead25.bin,"[2, 1, 1, 7]"
171,5d20db2eee9b0aab148cc7b0dcde3a6c2d395f86.bin,11,1944,datacopy/UCSB.JP/data_feed.geo_japan_6m_public_flag/5/d/2/5d20db2eee9b0aab148cc7b0dcde3a6c2d395f86.bin,"[2, 1, 1, 7]"
172,5d5f66e11784b1f336da9e325f05ea70f06c68e7.bin,11,341,datacopy/UCSB.JP/data_feed.geo_japan_6m_public_flag/5/d/5/5d5f66e11784b1f336da9e325f05ea70f06c68e7.bin,"[2, 1, 1, 7]"
173,5187ca9c395457ae4bfb5f28f21b1833c6b5d9db.bin,11,1524,datacopy/UCSB.JP/data_feed.geo_japan_6m_public_flag/5/1/8/5187ca9c395457ae4bfb5f28f21b1833c6b5d9db.bin,"[2, 1, 1, 7]"
174,5106a29cc242a9cfe227d0e326f392b14e342721.bin,11,1524,datacopy/UCSB.JP/data_feed.geo_japan_6m_public_flag/5/1/0/5106a29cc242a9cfe227d0e326f392b14e342721.bin,"[2, 1, 1, 7]"
175,567bcbeaad2244ff53f6be9d9f1ad60de3c4e261.bin,11,341,datacopy/UCSB.JP/data_feed.geo_japan_6m_public_flag/5/6/7/567bcbeaad2244ff53f6be9d9f1ad60de3c4e261.bin,"[2, 1, 1, 7]"
176,567e09b24e7676dc3ac7a94a02955fe39f51e0cd.bin,11,1944,datacopy/UCSB.JP/data_feed.geo_japan_6m_public_flag/5/6/7/567e09b24e7676dc3ac7a94a02955fe39f51e0cd.bin,"[2, 1, 1, 7]"
177,f878cfff718448d54a21f0e9b5345316564d3183.bin,11,284,datacopy/UCSB.JP/data_feed.geo_japan_6m_public_flag/f/8/7/f878cfff718448d54a21f0e9b5345316564d3183.bin,"[2, 1, 1, 7]"
178,fea5261b51da83716afb4644526c6448a1f1d63e.bin,11,1944,datacopy/UCSB.JP/data_feed.geo_japan_6m_public_flag/f/e/a/fea5261b51da83716afb4644526c6448a1f1d63e.bin,"[2, 1, 1, 7]"
179,fe5ee05bfb7497c6e7c840a3d94d9ae5bd738953.bin,11,284,datacopy/UCSB.JP/data_feed.geo_japan_6m_public_flag/f/e/5/fe5ee05bfb7497c6e7c840a3d94d9ae5bd738953.bin,"[2, 1, 1, 7]"
180,fe09f01d698110c3a6d48958b5bcc6f9c18e014b.bin,11,1524,datacopy/UCSB.JP/data_feed.geo_japan_6m_public_flag/f/e/0/fe09f01d698110c3a6d48958b5bcc6f9c18e014b.bin,"[2, 1, 1, 7]"
181,fe6cf63c5287019e77ba28345962289f213184d7.bin,11,1944,datacopy/UCSB.JP/data_feed.geo_japan_6m_public_flag/f/e/6/fe6cf63c5287019e77ba28345962289f213184d7.bin,"[2, 1, 1, 7]"
182,fbe603432747a07558a329a18652d0bf2bfdca1d.bin,11,284,datacopy/UCSB.JP/data_feed.geo_japan_6m_public_flag/f/b/e/fbe603432747a07558a329a18652d0bf2bfdca1d.bin,"[2, 1, 1, 7]"
183,fb7b952d30ee020eeea7ae9e606e56d338e72270.bin,11,341,datacopy/UCSB.JP/data_feed.geo_japan_6m_public_flag/f/b/7/fb7b952d30ee020eeea7ae9e606e56d338e72270.bin,"[2, 1, 1, 7]"
184,f3c95b9a1f079cac1ec2ae6a8805d14d57653c91.bin,11,1524,datacopy/UCSB.JP/data_feed.geo_japan_6m_public_flag/f/3/c/f3c95b9a1f079cac1ec2ae6a8805d14d57653c91.bin,"[2, 1, 1, 7]"
185,f99025aa1dbad78db74e69cc18cb76cc83bf7473.bin,11,1944,datacopy/UCSB.JP/data_feed.geo_japan_6m_public_flag/f/9/9/f99025aa1dbad78db74e69cc18cb76cc83bf7473.bin,"[2, 1, 1, 7]"
186,fd215f8c796ffac308adab675e74c8196d8f2dba.bin,11,1944,datacopy/UCSB.JP/data_feed.geo_japan_6m_public_flag/f/d/2/fd215f8c796ffac308adab675e74c8196d8f2dba.bin,"[2, 1, 1, 7]"
187,fff20d2d0c74deca06858a4fdb953d36c40ad927.bin,11,1524,datacopy/UCSB.JP/data_feed.geo_japan_6m_public_flag/f/f/f/fff20d2d0c74deca06858a4fdb953d36c40ad927.bin,"[2, 1, 1, 7]"
188,fc8084d394e3133e914ad9a026873bd81b22d058.bin,11,1524,datacopy/UCSB.JP/data_feed.geo_japan_6m_public_flag/f/c/8/fc8084d394e3133e914ad9a026873bd81b22d058.bin,"[2, 1, 1, 7]"
189,f43bb6b1f11fbb99784188d84040b103ba2cffb7.bin,11,341,datacopy/UCSB.JP/data_feed.geo_japan_6m_public_flag/f/4/3/f43bb6b1f11fbb99784188d84040b103ba2cffb7.bin,"[2, 1, 1, 7]"
190,f408a3b06e187e55913c2f30a6dc06f7f35a71f3.bin,11,1524,datacopy/UCSB.JP/data_feed.geo_japan_6m_public_flag/f/4/0/f408a3b06e187e55913c2f30a6dc06f7f35a71f3.bin,"[2, 1, 1, 7]"
191,f03623d10b3093c4499cc68f874ea581f11581f8.bin,11,284,datacopy/UCSB.JP/data_feed.geo_japan_6m_public_flag/f/0/3/f03623d10b3093c4499cc68f874ea581f11581f8.bin,"[2, 1, 1, 7]"
192,ca770801ce081dc99689dd153309fcc693d9af71.bin,11,1944,datacopy/UCSB.JP/data_feed.geo_japan_6m_public_flag/c/a/7/ca770801ce081dc99689dd153309fcc693d9af71.bin,"[2, 1, 1, 7]"
193,cbd91f8ea688e58a06777b6da9fab756cfa97fb0.bin,11,1944,datacopy/UCSB.JP/data_feed.geo_japan_6m_public_flag/c/b/d/cbd91f8ea688e58a06777b6da9fab756cfa97fb0.bin,"[2, 1, 1, 7]"
194,c3b98d8a0b6650cf3f66c150053536ca0263dd32.bin,11,1944,datacopy/UCSB.JP/data_feed.geo_japan_6m_public_flag/c/3/b/c3b98d8a0b6650cf3f66c150053536ca0263dd32.bin,"[2, 1, 1, 7]"
195,cd1035c4d55062d7435e444db874c6de234beeee.bin,11,1944,datacopy/UCSB.JP/data_feed.geo_japan_6m_public_flag/c/d/1/cd1035c4d55062d7435e444db874c6de234beeee.bin,"[2, 1, 1, 7]"
196,cd73fbcb2e82415f95ab235d9207daa8d809c6f3.bin,11,1524,datacopy/UCSB.JP/data_feed.geo_japan_6m_public_flag/c/d/7/cd73fbcb2e82415f95ab235d9207daa8d809c6f3.bin,"[2, 1, 1, 7]"
197,c585917aa9d1082661cd5c5cc831a6f4f7552d41.bin,11,1944,datacopy/UCSB.JP/data_feed.geo_japan_6m_public_flag/c/5/8/c585917aa9d1082661cd5c5cc831a6f4f7552d41.bin,"[2, 1, 1, 7]"
198,c5c136cf025c319076f4a15b1758041535bc153a.bin,11,1944,datacopy/UCSB.JP/data_feed.geo_japan_6m_public_flag/c/5/c/c5c136cf025c319076f4a15b1758041535bc153a.bin,"[2, 1, 1, 7]"
199,c0ef81fda8214ec915200defdebf173d8a9f403c.bin,11,1944,datacopy/UCSB.JP/data_feed.geo_japan_6m_public_flag/c/0/e/c0ef81fda8214ec915200defdebf173d8a9f403c.bin,"[2, 1, 1, 7]"
200,4af34b677038770bc1270581668f6bf7033e39b0.bin,11,1944,datacopy/UCSB.JP/data_feed.geo_japan_6m_public_flag/4/a/f/4af34b677038770bc1270581668f6bf7033e39b0.bin,"[2, 1, 1, 7]"
201,4e3b0cdf5b0e8127828506d84455c33ae9dbbd32.bin,11,1944,datacopy/UCSB.JP/data_feed.geo_japan_6m_public_flag/4/e/3/4e3b0cdf5b0e8127828506d84455c33ae9dbbd32.bin,"[2, 1, 1, 7]"
202,496044b994f81e80dd97a3e03771bdeb60ce6216.bin,11,1944,datacopy/UCSB.JP/data_feed.geo_japan_6m_public_flag/4/9/6/496044b994f81e80dd97a3e03771bdeb60ce6216.bin,"[2, 1, 1, 7]"
203,42e8c8e911fb2b5d8da26065fbfe3ccce73576b5.bin,11,1944,datacopy/UCSB.JP/data_feed.geo_japan_6m_public_flag/4/2/e/42e8c8e911fb2b5d8da26065fbfe3ccce73576b5.bin,"[2, 1, 1, 7]"
204,4dbe226225dc978546c0603af1819c741abf1752.bin,11,1944,datacopy/UCSB.JP/data_feed.geo_japan_6m_public_flag/4/d/b/4dbe226225dc978546c0603af1819c741abf1752.bin,"[2, 1, 1, 7]"
205,4d4af8c84f120d8f3c54858008925b667579c1b6.bin,11,1944,datacopy/UCSB.JP/data_feed.geo_japan_6m_public_flag/4/d/4/4d4af8c84f120d8f3c54858008925b667579c1b6.bin,"[2, 1, 1, 7]"
206,4c4204a1c9bcbe1635949df3c6808b28cc15a1c0.bin,11,1524,datacopy/UCSB.JP/data_feed.geo_japan_6m_public_flag/4/c/4/4c4204a1c9bcbe1635949df3c6808b28cc15a1c0.bin,"[2, 1, 1, 7]"
207,46d14b0bc3fd759a5e0459f3852d414084407fed.bin,11,1944,datacopy/UCSB.JP/data_feed.geo_japan_6m_public_flag/4/6/d/46d14b0bc3fd759a5e0459f3852d414084407fed.bin,"[2, 1, 1, 7]"
208,0ebe261fb64d5fadf56cd1a08aeb32d7dc5b757c.bin,11,1944,datacopy/UCSB.JP/data_feed.geo_japan_6m_public_flag/0/e/b/0ebe261fb64d5fadf56cd1a08aeb32d7dc5b757c.bin,"[2, 1, 1, 7]"
209,030d90f756e41d1ed69c83687d3b7ebb95a64685.bin,11,1944,datacopy/UCSB.JP/data_feed.geo_japan_6m_public_flag/0/3/0/030d90f756e41d1ed69c83687d3b7ebb95a64685.bin,"[2, 1, 1, 7]"
210,02a13fe2b991cbc403a0b084cf00aebab6edf746.bin,11,1524,datacopy/UCSB.JP/data_feed.geo_japan_6m_public_flag/0/2/a/02a13fe2b991cbc403a0b084cf00aebab6edf746.bin,"[2, 1, 1, 7]"
211,025717002cfa0f10ed95ea5c0468776875ac4d36.bin,11,1524,datacopy/UCSB.JP/data_feed.geo_japan_6m_public_flag/0/2/5/025717002cfa0f10ed95ea5c0468776875ac4d36.bin,"[2, 1, 1, 7]"
212,0d53591b87c0d1eb82b0ec5d6f259e1ee5ad6087.bin,11,1944,datacopy/UCSB.JP/data_feed.geo_japan_6m_public_flag/0/d/5/0d53591b87c0d1eb82b0ec5d6f259e1ee5ad6087.bin,"[2, 1, 1, 7]"
213,0d07f0e4779a6965cbf1f63534acaf6adfddf26a.bin,11,1944,datacopy/UCSB.JP/data_feed.geo_japan_6m_public_flag/0/d/0/0d07f0e4779a6965cbf1f63534acaf6adfddf26a.bin,"[2, 1, 1, 7]"
214,0f1c63cf27b9e5c8a78542a4ee1263ddef84ef64.bin,11,1524,datacopy/UCSB.JP/data_feed.geo_japan_6m_public_flag/0/f/1/0f1c63cf27b9e5c8a78542a4ee1263ddef84ef64.bin,"[2, 1, 1, 7]"
215,0cb931e4c932c77f1b5cbe006796397a9699155c.bin,11,1944,datacopy/UCSB.JP/data_feed.geo_japan_6m_public_flag/0/c/b/0cb931e4c932c77f1b5cbe006796397a9699155c.bin,"[2, 1, 1, 7]"
216,00a05668f4a75d9437eb24ed275fabcc50213bf5.bin,11,1524,datacopy/UCSB.JP/data_feed.geo_japan_6m_public_flag/0/0/a/00a05668f4a75d9437eb24ed275fabcc50213bf5.bin,"[2, 1, 1, 7]"
217,009cad21a772dd400ecede6717b65d322eca0aa7.bin,11,1944,datacopy/UCSB.JP/data_feed.geo_japan_6m_public_flag/0/0/9/009cad21a772dd400ecede6717b65d322eca0aa7.bin,"[2, 1, 1, 7]"
218,6a3ae861bde249d48db592459cf9173cf80f2b74.bin,11,1944,datacopy/UCSB.JP/data_feed.geo_japan_6m_public_flag/6/a/3/6a3ae861bde249d48db592459cf9173cf80f2b74.bin,"[2, 1, 1, 7]"
219,6e1256529e76a41f44ada484aa2bc5fcfd0266e1.bin,11,1524,datacopy/UCSB.JP/data_feed.geo_japan_6m_public_flag/6/e/1/6e1256529e76a41f44ada484aa2bc5fcfd0266e1.bin,"[2, 1, 1, 7]"
220,6368e289f4a075548fa5a7ab3991c346fa76ba96.bin,11,1944,datacopy/UCSB.JP/data_feed.geo_japan_6m_public_flag/6/3/6/6368e289f4a075548fa5a7ab3991c346fa76ba96.bin,"[2, 1, 1, 7]"
221,69bcec0f8d9afd7d998379a56fb0d4f398c30a35.bin,11,1944,datacopy/UCSB.JP/data_feed.geo_japan_6m_public_flag/6/9/b/69bcec0f8d9afd7d998379a56fb0d4f398c30a35.bin,"[2, 1, 1, 7]"
222,695b8d8caf3e4884f84be9b574719186d364d8ef.bin,11,1944,datacopy/UCSB.JP/data_feed.geo_japan_6m_public_flag/6/9/5/695b8d8caf3e4884f84be9b574719186d364d8ef.bin,"[2, 1, 1, 7]"
223,65d525277625fbd92bdadac9137b8d490523d436.bin,11,1524,datacopy/UCSB.JP/data_feed.geo_japan_6m_public_flag/6/5/d/65d525277625fbd92bdadac9137b8d490523d436.bin,"[2, 1, 1, 7]"
224,6fc05c1cc68218b6a4986c939162429ef84bf60b.bin,11,1524,datacopy/UCSB.JP/data_feed.geo_japan_6m_public_flag/6/f/c/6fc05c1cc68218b6a4986c939162429ef84bf60b.bin,"[2, 1, 1, 7]"
225,6caaedc6718300d90ef67359ff3e9bad732bc2a4.bin,11,1524,datacopy/UCSB.JP/data_feed.geo_japan_6m_public_flag/6/c/a/6caaedc6718300d90ef67359ff3e9bad732bc2a4.bin,"[2, 1, 1, 7]"
226,6cdcf9c506fd253c52a5173f5b1f3c3a2c932dbc.bin,11,1524,datacopy/UCSB.JP/data_feed.geo_japan_6m_public_flag/6/c/d/6cdcf9c506fd253c52a5173f5b1f3c3a2c932dbc.bin,"[2, 1, 1, 7]"
227,6cc219fe59d2886a7568ebfc3f3d96d4bf9b9e1f.bin,11,1524,datacopy/UCSB.JP/data_feed.geo_japan_6m_public_flag/6/c/c/6cc219fe59d2886a7568ebfc3f3d96d4bf9b9e1f.bin,"[2, 1, 1, 7]"
228,64ccb52ed4be7e0f2eb3ef1ed4f77e78affe9e7c.bin,11,1944,datacopy/UCSB.JP/data_feed.geo_japan_6m_public_flag/6/4/c/64ccb52ed4be7e0f2eb3ef1ed4f77e78affe9e7c.bin,"[2, 1, 1, 7]"
229,60bf46a041272bcc0597661aa6528592c47e77e0.bin,11,1524,datacopy/UCSB.JP/data_feed.geo_japan_6m_public_flag/6/0/b/60bf46a041272bcc0597661aa6528592c47e77e0.bin,"[2, 1, 1, 7]"
230,66a395cf53dc1e650b247a096206f4f1cc900d07.bin,11,1944,datacopy/UCSB.JP/data_feed.geo_japan_6m_public_flag/6/6/a/66a395cf53dc1e650b247a096206f4f1cc900d07.bin,"[2, 1, 1, 7]"
231,67b493be8b1982b2e3fc3faf02d53ff0e04a2070.bin,11,1944,datacopy/UCSB.JP/data_feed.geo_japan_6m_public_flag/6/7/b/67b493be8b1982b2e3fc3faf02d53ff0e04a2070.bin,"[2, 1, 1, 7]"
232,78b6a2fe66e544a4074a266ec6ba7822a469ac3a.bin,11,1524,datacopy/UCSB.JP/data_feed.geo_japan_6m_public_flag/7/8/b/78b6a2fe66e544a4074a266ec6ba7822a469ac3a.bin,"[2, 1, 1, 7]"
233,7e10631db2f95049f746d369024afa0bed8f4904.bin,11,1524,datacopy/UCSB.JP/data_feed.geo_japan_6m_public_flag/7/e/1/7e10631db2f95049f746d369024afa0bed8f4904.bin,"[2, 1, 1, 7]"
234,79829256936ea3abda84227a9319ffdb7b4e061e.bin,11,1524,datacopy/UCSB.JP/data_feed.geo_japan_6m_public_flag/7/9/8/79829256936ea3abda84227a9319ffdb7b4e061e.bin,"[2, 1, 1, 7]"
235,72bbf858baf0a2075ebe8ac414302598a24c2f2c.bin,11,1524,datacopy/UCSB.JP/data_feed.geo_japan_6m_public_flag/7/2/b/72bbf858baf0a2075ebe8ac414302598a24c2f2c.bin,"[2, 1, 1, 7]"
236,7fc48b7eb1218523368dcc955c9cb7e1bd329444.bin,11,1944,datacopy/UCSB.JP/data_feed.geo_japan_6m_public_flag/7/f/c/7fc48b7eb1218523368dcc955c9cb7e1bd329444.bin,"[2, 1, 1, 7]"
237,7f7b015e7d22e1c210a0651774cd723e030a384a.bin,11,1524,datacopy/UCSB.JP/data_feed.geo_japan_6m_public_flag/7/f/7/7f7b015e7d22e1c210a0651774cd723e030a384a.bin,"[2, 1, 1, 7]"
238,7cf2b5abfcc09bd5d17b5624819af9c768ebb263.bin,11,1944,datacopy/UCSB.JP/data_feed.geo_japan_6m_public_flag/7/c/f/7cf2b5abfcc09bd5d17b5624819af9c768ebb263.bin,"[2, 1, 1, 7]"
239,82b397ecfb78454deb483ba9f5a1a0572d0102d4.bin,15,1161,datacopy/UCSB.JP/data_feed.geo_japan_6m_public_flag/8/2/b/82b397ecfb78454deb483ba9f5a1a0572d0102d4.bin,"[12, 1816]"
240,a069ecca28f44210061967818b16b15df1684ae3.bin,15,1161,datacopy/UCSB.JP/data_feed.geo_japan_6m_public_flag/a/0/6/a069ecca28f44210061967818b16b15df1684ae3.bin,"[12, 1816]"
241,3f1625f19e55ee0091001a4fccbe65a58b25a02b.bin,15,1161,datacopy/UCSB.JP/data_feed.geo_japan_6m_public_flag/3/f/1/3f1625f19e55ee0091001a4fccbe65a58b25a02b.bin,"[12, 1816]"
242,9438564ed820e4c1ae4ce879d08605f70b2bca88.bin,15,1161,datacopy/UCSB.JP/data_feed.geo_japan_6m_public_flag/9/4/3/9438564ed820e4c1ae4ce879d08605f70b2bca88.bin,"[12, 1816]"
243,2e42b0cc51cdc822479a8be16ca761e8eac47e0b.bin,15,1161,datacopy/UCSB.JP/data_feed.geo_japan_6m_public_flag/2/e/4/2e42b0cc51cdc822479a8be16ca761e8eac47e0b.bin,"[12, 1816]"
244,12feb7bc82d51056735de4092f539dd4d083e06f.bin,15,1161,datacopy/UCSB.JP/data_feed.geo_japan_6m_public_flag/1/2/f/12feb7bc82d51056735de4092f539dd4d083e06f.bin,"[12, 1816]"
245,1d9655b523ed63314a4918d7dff75d4d1e0ec696.bin,15,1161,datacopy/UCSB.JP/data_feed.geo_japan_6m_public_flag/1/d/9/1d9655b523ed63314a4918d7dff75d4d1e0ec696.bin,"[12, 1816]"
246,f589f31fe1c54f9da1e296ac32c1fea3cbf0a2d4.bin,15,1161,datacopy/UCSB.JP/data_feed.geo_japan_6m_public_flag/f/5/8/f589f31fe1c54f9da1e296ac32c1fea3cbf0a2d4.bin,"[12, 1816]"
247,c38bb87d76ce34e7213f4b5ef761d4acf936e058.bin,15,1161,datacopy/UCSB.JP/data_feed.geo_japan_6m_public_flag/c/3/8/c38bb87d76ce34e7213f4b5ef761d4acf936e058.bin,"[12, 1816]"
248,0853a310e0d6eadabb210fb2f5201c3cb66bd674.bin,15,1161,datacopy/UCSB.JP/data_feed.geo_japan_6m_public_flag/0/8/5/0853a310e0d6eadabb210fb2f5201c3cb66bd674.bin,"[12, 1816]"
249,0a59a96d5ba0de6c6c2fa73a17a00be0fc7e2a00.bin,15,1161,datacopy/UCSB.JP/data_feed.geo_japan_6m_public_flag/0/a/5/0a59a96d5ba0de6c6c2fa73a17a00be0fc7e2a00.bin,"[12, 1816]"
250,0b8b63c38139a1c446c75a53914fc73ee92b9f46.bin,15,1161,datacopy/UCSB.JP/data_feed.geo_japan_6m_public_flag/0/b/8/0b8b63c38139a1c446c75a53914fc73ee92b9f46.bin,"[12, 1816]"
251,6a6c9d9967a0380a06f88597d70d60c181d7ad64.bin,15,1161,datacopy/UCSB.JP/data_feed.geo_japan_6m_public_flag/6/a/6/6a6c9d9967a0380a06f88597d70d60c181d7ad64.bin,"[12, 1816]"
252,70357d03767fd3d9ca25111757d0e6332e8ffd8e.bin,15,1161,datacopy/UCSB.JP/data_feed.geo_japan_6m_public_flag/7/0/3/70357d03767fd3d9ca25111757d0e6332e8ffd8e.bin,"[12, 1816]"
253,2c6a7c4c2a93f82b8ae5dc700fd7eccad9e5d3f6.bin,15,1161,datacopy/UCSB/2c6a7c4c2a93f82b8ae5dc700fd7eccad9e5d3f6.bin,"[12, 1816]"
254,7f501eafd82d2e315edf62ecae58dbd9d8110c7d.bin,15,1161,datacopy/UCSB/7f501eafd82d2e315edf62ecae58dbd9d8110c7d.bin,"[12, 1816]"
255,1a3c8c683b05a55a418138ba3f22f7fa4b8345c2.bin,15,1161,datacopy/UCSB/1a3c8c683b05a55a418138ba3f22f7fa4b8345c2.bin,"[12, 1816]"
256,1a8668ad15520112ec6d2b2ded03a2c9e78d13fb.bin,15,1161,datacopy/UCSB/1a8668ad15520112ec6d2b2ded03a2c9e78d13fb.bin,"[12, 1816]"
257,33b42666b383744753b48f63f853e9b876ff10d6.bin,15,1161,datacopy/UCSB/33b42666b383744753b48f63f853e9b876ff10d6.bin,"[12, 1816]"
258,1ae1eec8faec50aeebaaa37539e8fcc74923ff3f.bin,15,1161,datacopy/UCSB/1ae1eec8faec50aeebaaa37539e8fcc74923ff3f.bin,"[12, 1816]"
259,6693e7e86c6619f147c38a399504aa9cfbd45195.bin,15,1161,datacopy/UCSB/6693e7e86c6619f147c38a399504aa9cfbd45195.bin,"[12, 1816]"
260,a97a9bf2d2316bbc80eeaa3717d3eaf8c02a190f.bin,15,1161,datacopy/UCSB/a97a9bf2d2316bbc80eeaa3717d3eaf8c02a190f.bin,"[12, 1816]"
261,cd3864db7715080a6013c36d3c220250146c5783.bin,15,1161,datacopy/UCSB/cd3864db7715080a6013c36d3c220250146c5783.bin,"[12, 1816]"
262,0281e8eca5a85a905f567e20198db903486e7fd5.bin,15,1161,datacopy/UCSB/0281e8eca5a85a905f567e20198db903486e7fd5.bin,"[12, 1816]"
263,33ddcd54f66b7fa5b55add306f326a458d6c90bf.bin,15,1161,datacopy/UCSB/33ddcd54f66b7fa5b55add306f326a458d6c90bf.bin,"[12, 1816]"
264,0b66edfc5624ebf0e85f98a59cd3d2ef00ec4574.bin,15,1161,datacopy/UCSB/0b66edfc5624ebf0e85f98a59cd3d2ef00ec4574.bin,"[12, 1816]"
265,8159d78403cb0cca38e34410466cfa4b972ad6d1.bin,15,1161,datacopy/UCSB/8159d78403cb0cca38e34410466cfa4b972ad6d1.bin,"[12, 1816]"
266,9a263e082e47291f92f7ee335e94dd1f878e3c88.bin,15,1161,datacopy/UCSB/9a263e082e47291f92f7ee335e94dd1f878e3c88.bin,"[12, 1816]"
267,e2cbd66b1611d94a71700c56f65a6107bbac22bb.bin,15,1161,datacopy/UCSB/e2cbd66b1611d94a71700c56f65a6107bbac22bb.bin,"[12, 1816]"
268,23e42bf08b9bc233e403b9fc3a116ebc045e2964.bin,15,1161,datacopy/UCSB/23e42bf08b9bc233e403b9fc3a116ebc045e2964.bin,"[12, 1816]"
269,7f0d6eb696104f0fa99ecd0e356b8bbabad48c2a.bin,15,1161,datacopy/UCSB/7f0d6eb696104f0fa99ecd0e356b8bbabad48c2a.bin,"[12, 1816]"
270,aff4e4b4667c0ea2b39373be4f7d9500e3374ddd.bin,15,1161,datacopy/UCSB/aff4e4b4667c0ea2b39373be4f7d9500e3374ddd.bin,"[12, 1816]"
271,4f2d26ead32f3155f03e665ee553e7af245e4c53.bin,15,1161,datacopy/UCSB/4f2d26ead32f3155f03e665ee553e7af245e4c53.bin,"[12, 1816]"
272,409ed5517470a0262f0c3b33a498344f84243a70.bin,15,1161,datacopy/UCSB/409ed5517470a0262f0c3b33a498344f84243a70.bin,"[12, 1816]"
273,3b70b6275b65c3be65d80e1bfa55bb20ede748eb.bin,15,1161,datacopy/UCSB/3b70b6275b65c3be65d80e1bfa55bb20ede748eb.bin,"[12, 1816]"
274,b1cb0778192762183de6b38f2f0e26e31f6e38e6.bin,15,1161,datacopy/UCSB/b1cb0778192762183de6b38f2f0e26e31f6e38e6.bin,"[12, 1816]"
275,d2eba81f5e4c92f1dd80b016e675f45e20373b40.bin,15,1161,datacopy/UCSB/d2eba81f5e4c92f1dd80b016e675f45e20373b40.bin,"[12, 1816]"
276,7d2d0fc7592afd342bef74af08fc31d61a958b45.bin,15,1816,datacopy/UCSB/7d2d0fc7592afd342bef74af08fc31d61a958b45.bin,"[12, 1816]"
277,4fa44b6bbd7645da631dd858b2fa9a172376345f.bin,15,1161,datacopy/UCSB/4fa44b6bbd7645da631dd858b2fa9a172376345f.bin,"[12, 1816]"
278,52d6befa568897865002084c77d8234a1135f655.bin,15,1161,datacopy/UCSB/52d6befa568897865002084c77d8234a1135f655.bin,"[12, 1816]"
279,86128504f199d25961921edda057a872c5aa9a56.bin,15,1161,datacopy/UCSB/86128504f199d25961921edda057a872c5aa9a56.bin,"[12, 1816]"
280,164234f98ff24571c5dc383a94e278d3474010da.bin,15,1161,datacopy/UCSB/164234f98ff24571c5dc383a94e278d3474010da.bin,"[12, 1816]"
281,1216b6cb9da6bcb9ce06adc0134c18bd35f917e6.bin,15,1161,datacopy/UCSB/1216b6cb9da6bcb9ce06adc0134c18bd35f917e6.bin,"[12, 1816]"
282,7b8b835a5c4a219f7c8e70122cc500548b8a1f45.bin,15,1161,datacopy/UCSB/7b8b835a5c4a219f7c8e70122cc500548b8a1f45.bin,"[12, 1816]"
283,c00a997ac8a0c47694072e22dbcebe3a96f7d601.bin,15,1161,datacopy/UCSB/c00a997ac8a0c47694072e22dbcebe3a96f7d601.bin,"[12, 1816]"
284,261b34f495cd476f7fe1498060cc4f558353b41a.bin,15,1161,datacopy/UCSB/261b34f495cd476f7fe1498060cc4f558353b41a.bin,"[12, 1816]"
285,e36b57980ccfad20bd99c5f7c11b6b62b649004a.bin,15,1161,datacopy/UCSB/e36b57980ccfad20bd99c5f7c11b6b62b649004a.bin,"[12, 1816]"
286,9cabb6a909a9792934c753a3b56592858d03a49e.bin,15,1161,datacopy/UCSB/9cabb6a909a9792934c753a3b56592858d03a49e.bin,"[12, 1816]"
287,5e39dc311132c8ed71dd65fcbc8e929f837ae747.bin,15,1161,datacopy/UCSB/5e39dc311132c8ed71dd65fcbc8e929f837ae747.bin,"[12, 1816]"
288,00b4c2ae2606b9547595f17468ed772097348d32.bin,15,1161,datacopy/UCSB/00b4c2ae2606b9547595f17468ed772097348d32.bin,"[12, 1816]"
289,5fb7c9bfe5ebef281cb4806576acbca1631fc451.bin,15,1161,datacopy/UCSB/5fb7c9bfe5ebef281cb4806576acbca1631fc451.bin,"[12, 1816]"
290,d0205ba16b0252f0c3829c7c4c8585cfeb971c02.bin,15,1161,datacopy/UCSB/d0205ba16b0252f0c3829c7c4c8585cfeb971c02.bin,"[12, 1816]"
291,c6925a60eecbb1148235ace459a1d24b3e2a0dc1.bin,15,1161,datacopy/UCSB/c6925a60eecbb1148235ace459a1d24b3e2a0dc1.bin,"[12, 1816]"
292,d7fbbecbf23ae619d1aebaa6adf2bcd997dc69c8.bin,15,1161,datacopy/UCSB/d7fbbecbf23ae619d1aebaa6adf2bcd997dc69c8.bin,"[12, 1816]"
293,70a1f52ba5f8fb0c7921cb85532c8edbe2555c28.bin,15,1161,datacopy/UCSB/70a1f52ba5f8fb0c7921cb85532c8edbe2555c28.bin,"[12, 1816]"
294,dd6f1a8db5dace149f528dbaa0eb38b831468b2f.bin,15,1161,datacopy/UCSB/dd6f1a8db5dace149f528dbaa0eb38b831468b2f.bin,"[12, 1816]"
295,10ed3975ded0fd490e7523bdd41a12b1b6ae8807b6136441cf6f8b9557b44c97,15,1161,datacopy/Stefano/10ed3975ded0fd490e7523bdd41a12b1b6ae8807b6136441cf6f8b9557b44c97,"[12, 1816]"
296,e7082b786ec20c26ba891dc86c7a8a94520526c7528023ae928fb80f1b5d7db8,15,1161,datacopy/Stefano/e7082b786ec20c26ba891dc86c7a8a94520526c7528023ae928fb80f1b5d7db8,"[12, 1816]"
297,b474de435d6e4af2d9177005b0e24693e9f933203c2518aee4aa36b202be562a,15,1161,datacopy/Stefano/b474de435d6e4af2d9177005b0e24693e9f933203c2518aee4aa36b202be562a,"[12, 1816]"
298,be7079bff1327cc9dac0327489e5ed28ba1e7010c6fa5b01c44ab71cc2e89b2a,15,1161,datacopy/Stefano/be7079bff1327cc9dac0327489e5ed28ba1e7010c6fa5b01c44ab71cc2e89b2a,"[12, 1816]"
299,87c9a912efdb2fd9cf52caa7c4d773d4992285f6337b0e7cfd2fe0e46badba2b,15,1161,datacopy/Stefano/87c9a912efdb2fd9cf52caa7c4d773d4992285f6337b0e7cfd2fe0e46badba2b,"[12, 1816]"
300,2500c9a85abc904def40af1df32c632b5bf485816ff7af97e131bde79e328906,15,1161,datacopy/Stefano/2500c9a85abc904def40af1df32c632b5bf485816ff7af97e131bde79e328906,"[12, 1816]"
301,9a41ff90153e41a87705dded44ecbba1fccd2ebb90547d865587accf4c45ff3d,15,1161,datacopy/Stefano/9a41ff90153e41a87705dded44ecbba1fccd2ebb90547d865587accf4c45ff3d,"[12, 1816]"
302,44514cdf909a97536ef0b0669a57df2909248d13197e95eb4e798321db06faeb,15,1161,datacopy/Stefano/44514cdf909a97536ef0b0669a57df2909248d13197e95eb4e798321db06faeb,"[12, 1816]"
303,ddcb338c04d441346c4d83014d49faffdc04d1342ebfb12fe75b6e43143e8ab3,15,1161,datacopy/Stefano/ddcb338c04d441346c4d83014d49faffdc04d1342ebfb12fe75b6e43143e8ab3,"[12, 1816]"
304,abb7c1c4e1778c6648e0898ac3cd1574fd8cd9a1c64328836b5b27fb76fcea64,15,1161,datacopy/Stefano/abb7c1c4e1778c6648e0898ac3cd1574fd8cd9a1c64328836b5b27fb76fcea64,"[12, 1816]"
305,501b6926c46380fb6cc5fb11b523782a25227ac0f1ddffb0c8e4a41a951b722c,15,1161,datacopy/Stefano/501b6926c46380fb6cc5fb11b523782a25227ac0f1ddffb0c8e4a41a951b722c,"[12, 1816]"
306,6ffb868e20189c8dc918bfb9ac13cd79d1f83f8d019e9a7e342a4c14506c99c4,15,1161,datacopy/Stefano/6ffb868e20189c8dc918bfb9ac13cd79d1f83f8d019e9a7e342a4c14506c99c4,"[12, 1816]"
307,73965f46671433dd21047029d748c65dccacc0121696ca6dd48342e225ce74cb,15,1161,datacopy/Stefano/73965f46671433dd21047029d748c65dccacc0121696ca6dd48342e225ce74cb,"[12, 1816]"
308,0f8424059006267bb4d80f925c27487e31be273e8709403845966012b340e073,15,1161,datacopy/Stefano/0f8424059006267bb4d80f925c27487e31be273e8709403845966012b340e073,"[12, 1816]"
309,b876474cbc63a93807573a5d7f5b198abe91646420e1f2fdf6f4effd380e39f6,15,1161,datacopy/Stefano/b876474cbc63a93807573a5d7f5b198abe91646420e1f2fdf6f4effd380e39f6,"[12, 1816]"
310,1c2ff4ef8f1dd908691dd988559cc84783b8a9ffb45e71d440d5967f48554cc4,15,1161,datacopy/Stefano/1c2ff4ef8f1dd908691dd988559cc84783b8a9ffb45e71d440d5967f48554cc4,"[12, 1816]"
311,adbc05195278bb7e8fe96e5010f947d444ad955ddec93a1b7898ab7615dd9133,15,1161,datacopy/Stefano/adbc05195278bb7e8fe96e5010f947d444ad955ddec93a1b7898ab7615dd9133,"[12, 1816]"
312,b474b0338185dc388ff90992c4ec409e4982bf3ca3c1984a954fe77892035da0,15,1161,datacopy/Stefano/b474b0338185dc388ff90992c4ec409e4982bf3ca3c1984a954fe77892035da0,"[12, 1816]"
313,376d061be8b0b7e40a742bc0d7de8d7d632295e2ded3c0e5c127ccba0bfe25db,15,1161,datacopy/Stefano/376d061be8b0b7e40a742bc0d7de8d7d632295e2ded3c0e5c127ccba0bfe25db,"[12, 1816]"
314,75953544e72dbf503ed6f0ef5c288b900648b085731102d5252939569d92af42,15,1161,datacopy/Stefano/75953544e72dbf503ed6f0ef5c288b900648b085731102d5252939569d92af42,"[12, 1816]"
315,06c5375d63711c1f7142899f78f265576391b1aed006a1b82235cb72f9ef3ee6,15,1161,datacopy/Stefano/06c5375d63711c1f7142899f78f265576391b1aed006a1b82235cb72f9ef3ee6,"[12, 1816]"
316,eee0507946b964391ae5b1d02af21d94ae71bed58f15886350bba67c64f1a251,15,1161,datacopy/Stefano/eee0507946b964391ae5b1d02af21d94ae71bed58f15886350bba67c64f1a251,"[12, 1816]"
317,ac980bb4f84d4c381c23065ab1c1e397ae97dfbe756efda1fe563b2e6183b617,15,1161,datacopy/Stefano/ac980bb4f84d4c381c23065ab1c1e397ae97dfbe756efda1fe563b2e6183b617,"[12, 1816]"
318,22d3d4e05fad92aee245e2b354e1b7e9e6a3e9ba5b8d943e6e346a51dc520ff6,15,1161,datacopy/Stefano/22d3d4e05fad92aee245e2b354e1b7e9e6a3e9ba5b8d943e6e346a51dc520ff6,"[12, 1816]"
319,1b51606f53713742c3358c1dae0efb3ae67943d1085a398fbee9a21ae3d5598d,15,1161,datacopy/Stefano/1b51606f53713742c3358c1dae0efb3ae67943d1085a398fbee9a21ae3d5598d,"[12, 1816]"
320,4198d2b4142ec82cce33538fbcf02c7cf207df25a6d092c792564f4c8b15692f,15,1161,datacopy/Stefano/4198d2b4142ec82cce33538fbcf02c7cf207df25a6d092c792564f4c8b15692f,"[12, 1816]"
321,810c19e6e2285c08daf6aa892915e37bf640cdac.bin,20,477,datacopy/UCSB.JP/data_feed.geo_japan_6m_public_flag/8/1/0/810c19e6e2285c08daf6aa892915e37bf640cdac.bin,"[114, 33, 1458, 1457, 17, 12, 1471, 3, 1, 1, 295, 437, 8, 1469, 28, 170]"
322,a4452594eade4942776f8b76b0a9aa764cbc14b4.bin,20,477,datacopy/UCSB.JP/data_feed.geo_japan_6m_public_flag/a/4/4/a4452594eade4942776f8b76b0a9aa764cbc14b4.bin,"[114, 33, 1458, 1457, 17, 12, 1471, 3, 1, 1, 295, 437, 8, 1469, 28, 170]"
323,a46a1f57e76f8aff9fb9b69525ceee20244d18f4.bin,20,477,datacopy/UCSB.JP/data_feed.geo_japan_6m_public_flag/a/4/6/a46a1f57e76f8aff9fb9b69525ceee20244d18f4.bin,"[114, 33, 1458, 1457, 17, 12, 1471, 3, 1, 1, 295, 437, 8, 1469, 28, 170]"
324,b47211a7975283bb44a7949b179ed9d5b5123b13.bin,20,477,datacopy/UCSB.JP/data_feed.geo_japan_6m_public_flag/b/4/7/b47211a7975283bb44a7949b179ed9d5b5123b13.bin,"[114, 33, 1458, 1457, 17, 12, 1471, 3, 1, 1, 295, 437, 8, 1469, 28, 170]"
325,3687faaaed2263d510405e200e2b8fc17f06b675.bin,20,477,datacopy/UCSB.JP/data_feed.geo_japan_6m_public_flag/3/6/8/3687faaaed2263d510405e200e2b8fc17f06b675.bin,"[114, 33, 1458, 1457, 17, 12, 1471, 3, 1, 1, 295, 437, 8, 1469, 28, 170]"
326,95caa0eac8859436152dd3b57c343e40de811b12.bin,20,477,datacopy/UCSB.JP/data_feed.geo_japan_6m_public_flag/9/5/c/95caa0eac8859436152dd3b57c343e40de811b12.bin,"[114, 33, 1458, 1457, 17, 12, 1471, 3, 1, 1, 295, 437, 8, 1469, 28, 170]"
327,1505a1c51722ba8261db3107bcc9451170b5488d.bin,20,477,datacopy/UCSB.JP/data_feed.geo_japan_6m_public_flag/1/5/0/1505a1c51722ba8261db3107bcc9451170b5488d.bin,"[114, 33, 1458, 1457, 17, 12, 1471, 3, 1, 1, 295, 437, 8, 1469, 28, 170]"
328,c22bf80b6fa227e493d4147fbe977ff51470c78e.bin,20,477,datacopy/UCSB.JP/data_feed.geo_japan_6m_public_flag/c/2/2/c22bf80b6fa227e493d4147fbe977ff51470c78e.bin,"[114, 33, 1458, 1457, 17, 12, 1471, 3, 1, 1, 295, 437, 8, 1469, 28, 170]"
329,08f181dd216f4db691aacfe48b9b05a5a179c2c4.bin,20,477,datacopy/UCSB.JP/data_feed.geo_japan_6m_public_flag/0/8/f/08f181dd216f4db691aacfe48b9b05a5a179c2c4.bin,"[114, 33, 1458, 1457, 17, 12, 1471, 3, 1, 1, 295, 437, 8, 1469, 28, 170]"
330,62067b7db7a766f00b6f66240bea9543cdcbedb1.bin,20,477,datacopy/UCSB.JP/data_feed.geo_japan_6m_public_flag/6/2/0/62067b7db7a766f00b6f66240bea9543cdcbedb1.bin,"[114, 33, 1458, 1457, 17, 12, 1471, 3, 1, 1, 295, 437, 8, 1469, 28, 170]"
331,656b33750ebdfc3849608dfcad60af7afbfd6b34.bin,20,477,datacopy/UCSB.JP/data_feed.geo_japan_6m_public_flag/6/5/6/656b33750ebdfc3849608dfcad60af7afbfd6b34.bin,"[114, 33, 1458, 1457, 17, 12, 1471, 3, 1, 1, 295, 437, 8, 1469, 28, 170]"
332,deda38a346ca255cd62bbba787eac602afa77157.bin,20,477,datacopy/UCSB/deda38a346ca255cd62bbba787eac602afa77157.bin,"[114, 33, 1458, 1457, 17, 12, 1471, 3, 1, 1, 295, 437, 8, 1469, 28, 170]"
333,633a1a7efeb4d36c8abb9edad2b6296070f12e38.bin,20,477,datacopy/UCSB/633a1a7efeb4d36c8abb9edad2b6296070f12e38.bin,"[114, 33, 1458, 1457, 17, 12, 1471, 3, 1, 1, 295, 437, 8, 1469, 28, 170]"
334,fbbc8911de143a8a17fe4999e4565c1d6e516ab9.bin,20,477,datacopy/UCSB/fbbc8911de143a8a17fe4999e4565c1d6e516ab9.bin,"[114, 33, 1458, 1457, 17, 12, 1471, 3, 1, 1, 295, 437, 8, 1469, 28, 170]"
335,b0ab5f51ac12c16c033f3bf926ef57a02e5c9bda.bin,20,477,datacopy/UCSB/b0ab5f51ac12c16c033f3bf926ef57a02e5c9bda.bin,"[114, 33, 1458, 1457, 17, 12, 1471, 3, 1, 1, 295, 437, 8, 1469, 28, 170]"
336,7265ada82da7609d612ce3ac511a7f500553338e.bin,20,477,datacopy/UCSB/7265ada82da7609d612ce3ac511a7f500553338e.bin,"[114, 33, 1458, 1457, 17, 12, 1471, 3, 1, 1, 295, 437, 8, 1469, 28, 170]"
337,5c2efae2dce927aece2a150f69f1d4f369fd77e9.bin,20,477,datacopy/UCSB/5c2efae2dce927aece2a150f69f1d4f369fd77e9.bin,"[114, 33, 1458, 1457, 17, 12, 1471, 3, 1, 1, 295, 437, 8, 1469, 28, 170]"
338,b8d12392e9dc0819a7795b4e9b30406259cccea4.bin,20,477,datacopy/UCSB/b8d12392e9dc0819a7795b4e9b30406259cccea4.bin,"[114, 33, 1458, 1457, 17, 12, 1471, 3, 1, 1, 295, 437, 8, 1469, 28, 170]"
339,8836171483fcb12d6fb08661afa951eaf97d189807db2f3ff1013cf4f1e93039,20,1197,datacopy/evasive-it/2019/8836171483fcb12d6fb08661afa951eaf97d189807db2f3ff1013cf4f1e93039,"[114, 33, 1458, 1457, 17, 12, 1471, 3, 1, 1, 295, 437, 8, 1469, 28, 170]"
340,HEUR-Trojan.Win32.Wofith.gen-7c8f444757a013aa7fd3578a16842d19e7e9d7828aa47c3ce2032ee58cd4b8c4,20,1458,datacopy/evasive-it/2022/HEUR-Trojan.Win32.Wofith.gen-7c8f444757a013aa7fd3578a16842d19e7e9d7828aa47c3ce2032ee58cd4b8c4,"[114, 33, 1458, 1457, 17, 12, 1471, 3, 1, 1, 295, 437, 8, 1469, 28, 170]"
341,Trojan.Win32.DelShad.icm-08565f345878369fdbbcf4a064d9f4762f4549f67d1e2aa3907a112a5e5322b6,20,1457,datacopy/evasive-it/2022/Trojan.Win32.DelShad.icm-08565f345878369fdbbcf4a064d9f4762f4549f67d1e2aa3907a112a5e5322b6,"[114, 33, 1458, 1457, 17, 12, 1471, 3, 1, 1, 295, 437, 8, 1469, 28, 170]"
342,4149f025cfce38098d9b8a048c169651a38d312ed6e026b59f034252bdbca5e6,20,1046,datacopy/evasive-it/2021/4149f025cfce38098d9b8a048c169651a38d312ed6e026b59f034252bdbca5e6,"[114, 33, 1458, 1457, 17, 12, 1471, 3, 1, 1, 295, 437, 8, 1469, 28, 170]"
343,HEUR-Trojan.Win32.Wofith.gen-7c8f444757a013aa7fd3578a16842d19e7e9d7828aa47c3ce2032ee58cd4b8c4,20,1458,datacopy/evasive-it/2022/HEUR-Trojan.Win32.Wofith.gen-7c8f444757a013aa7fd3578a16842d19e7e9d7828aa47c3ce2032ee58cd4b8c4,"[114, 33, 1458, 1457, 17, 12, 1471, 3, 1, 1, 295, 437, 8, 1469, 28, 170]"
344,82b397ecfb78454deb483ba9f5a1a0572d0102d4.bin,20,1161,datacopy/UCSB.JP/data_feed.geo_japan_6m_public_flag/8/2/b/82b397ecfb78454deb483ba9f5a1a0572d0102d4.bin,"[114, 33, 1458, 1457, 17, 12, 1471, 3, 1, 1, 295, 437, 8, 1469, 28, 170]"
345,1303679e1b62b14f24307a92a4b4b5ae18267675ceb6ff800493f65648dc0a51,20,1046,datacopy/evasive-it/2019/1303679e1b62b14f24307a92a4b4b5ae18267675ceb6ff800493f65648dc0a51,"[114, 33, 1458, 1457, 17, 12, 1471, 3, 1, 1, 295, 437, 8, 1469, 28, 170]"
346,ddfcd8635271a01c98d29fce4c227a87d093647d47f95ee9a7566805780074ef,20,1046,datacopy/evasive-it/2021/ddfcd8635271a01c98d29fce4c227a87d093647d47f95ee9a7566805780074ef,"[114, 33, 1458, 1457, 17, 12, 1471, 3, 1, 1, 295, 437, 8, 1469, 28, 170]"
347,Trojan.Win32.XRed.aff-cdc95392f7aaf04457256258571c08966e093503028339eeeb586a3d1d2903e0,20,1471,datacopy/evasive-it/2023/Trojan.Win32.XRed.aff-cdc95392f7aaf04457256258571c08966e093503028339eeeb586a3d1d2903e0,"[114, 33, 1458, 1457, 17, 12, 1471, 3, 1, 1, 295, 437, 8, 1469, 28, 170]"
348,HEUR-Worm.Win32.Pluto.gen-8b86e05a29d3f5baf4e579364eb42f96746366bd1fab0435272f6b619be880d1,20,1459,datacopy/evasive-it/2022/HEUR-Worm.Win32.Pluto.gen-8b86e05a29d3f5baf4e579364eb42f96746366bd1fab0435272f6b619be880d1,"[114, 33, 1458, 1457, 17, 12, 1471, 3, 1, 1, 295, 437, 8, 1469, 28, 170]"
349,Trojan.Win32.Bublik.elhu-0cbefd9fa36902937cb5e57f8b7fb1a476498c6dd4fc0fcdee2bfbba5b0e9bce,20,312,datacopy/evasive-it/2022/Trojan.Win32.Bublik.elhu-0cbefd9fa36902937cb5e57f8b7fb1a476498c6dd4fc0fcdee2bfbba5b0e9bce,"[114, 33, 1458, 1457, 17, 12, 1471, 3, 1, 1, 295, 437, 8, 1469, 28, 170]"
350,4149f025cfce38098d9b8a048c169651a38d312ed6e026b59f034252bdbca5e6,20,1046,datacopy/evasive-it/2021/4149f025cfce38098d9b8a048c169651a38d312ed6e026b59f034252bdbca5e6,"[114, 33, 1458, 1457, 17, 12, 1471, 3, 1, 1, 295, 437, 8, 1469, 28, 170]"
351,6b0365cf585ab70937ea56e3516c41513c318e478b9ea61d4fbfc689047a6c66,20,1290,datacopy/evasive-it/2018/6b0365cf585ab70937ea56e3516c41513c318e478b9ea61d4fbfc689047a6c66,"[114, 33, 1458, 1457, 17, 12, 1471, 3, 1, 1, 295, 437, 8, 1469, 28, 170]"
352,HEUR-Trojan-Banker.Win32.BestaFera.gen-45eae3fcfc0e6f6808356f2f15a52bb550d003c45000c25d0bb83c9c62f61e2d,20,0,datacopy/evasive-it/2022/HEUR-Trojan-Banker.Win32.BestaFera.gen-45eae3fcfc0e6f6808356f2f15a52bb550d003c45000c25d0bb83c9c62f61e2d,"[114, 33, 1458, 1457, 17, 12, 1471, 3, 1, 1, 295, 437, 8, 1469, 28, 170]"
353,893a3de7b041d848f26859d030c1eb5ac300963e.bin,20,98,datacopy/UCSB.JP/data_feed.geo_japan_6m_public_flag/8/9/3/893a3de7b041d848f26859d030c1eb5ac300963e.bin,"[114, 33, 1458, 1457, 17, 12, 1471, 3, 1, 1, 295, 437, 8, 1469, 28, 170]"
354,429f04f08bd9cb77e7c85d1a0476dbfb0f5a257ed1ca4cefca3f25b47b48efed,20,1162,datacopy/evasive-it/2020/429f04f08bd9cb77e7c85d1a0476dbfb0f5a257ed1ca4cefca3f25b47b48efed,"[114, 33, 1458, 1457, 17, 12, 1471, 3, 1, 1, 295, 437, 8, 1469, 28, 170]"
355,HEUR-Trojan.Win32.Darkgate.gen-301158ffb44a9824deeec16bdc7dabdc328b9f3ecde0df048741218285d8bcc8,20,1469,datacopy/evasive-it/2023/HEUR-Trojan.Win32.Darkgate.gen-301158ffb44a9824deeec16bdc7dabdc328b9f3ecde0df048741218285d8bcc8,"[114, 33, 1458, 1457, 17, 12, 1471, 3, 1, 1, 295, 437, 8, 1469, 28, 170]"
356,1303679e1b62b14f24307a92a4b4b5ae18267675ceb6ff800493f65648dc0a51,20,1046,datacopy/evasive-it/2019/1303679e1b62b14f24307a92a4b4b5ae18267675ceb6ff800493f65648dc0a51,"[114, 33, 1458, 1457, 17, 12, 1471, 3, 1, 1, 295, 437, 8, 1469, 28, 170]"
357,68f22901ca321609823c5211354ef8946432d77be3315077b808b5e0fd015562,20,83,datacopy/evasive-it/2021/68f22901ca321609823c5211354ef8946432d77be3315077b808b5e0fd015562,"[114, 33, 1458, 1457, 17, 12, 1471, 3, 1, 1, 295, 437, 8, 1469, 28, 170]"
358,ce46e8fd19e006eb7dd8c14c64050025d8771fc092097f8b3824ece04c7064ef,20,1046,datacopy/evasive-it/2021/ce46e8fd19e006eb7dd8c14c64050025d8771fc092097f8b3824ece04c7064ef,"[114, 33, 1458, 1457, 17, 12, 1471, 3, 1, 1, 295, 437, 8, 1469, 28, 170]"
359,8836171483fcb12d6fb08661afa951eaf97d189807db2f3ff1013cf4f1e93039,20,1197,datacopy/evasive-it/2019/8836171483fcb12d6fb08661afa951eaf97d189807db2f3ff1013cf4f1e93039,"[114, 33, 1458, 1457, 17, 12, 1471, 3, 1, 1, 295, 437, 8, 1469, 28, 170]"
360,HEUR-Trojan.Win32.Wofith.gen-7c8f444757a013aa7fd3578a16842d19e7e9d7828aa47c3ce2032ee58cd4b8c4,20,1458,datacopy/evasive-it/2022/HEUR-Trojan.Win32.Wofith.gen-7c8f444757a013aa7fd3578a16842d19e7e9d7828aa47c3ce2032ee58cd4b8c4,"[114, 33, 1458, 1457, 17, 12, 1471, 3, 1, 1, 295, 437, 8, 1469, 28, 170]"
361,Trojan.Win32.DelShad.icm-08565f345878369fdbbcf4a064d9f4762f4549f67d1e2aa3907a112a5e5322b6,20,1457,datacopy/evasive-it/2022/Trojan.Win32.DelShad.icm-08565f345878369fdbbcf4a064d9f4762f4549f67d1e2aa3907a112a5e5322b6,"[114, 33, 1458, 1457, 17, 12, 1471, 3, 1, 1, 295, 437, 8, 1469, 28, 170]"
362,8b87a6d1bcd040f5d5add7ab7a044a0a6a35ca70.bin,20,604,datacopy/UCSB.JP/data_feed.geo_japan_6m_public_flag/8/b/8/8b87a6d1bcd040f5d5add7ab7a044a0a6a35ca70.bin,"[114, 33, 1458, 1457, 17, 12, 1471, 3, 1, 1, 295, 437, 8, 1469, 28, 170]"
363,4149f025cfce38098d9b8a048c169651a38d312ed6e026b59f034252bdbca5e6,20,1046,datacopy/evasive-it/2021/4149f025cfce38098d9b8a048c169651a38d312ed6e026b59f034252bdbca5e6,"[114, 33, 1458, 1457, 17, 12, 1471, 3, 1, 1, 295, 437, 8, 1469, 28, 170]"
364,HEUR-Trojan.Win32.Wofith.gen-7c8f444757a013aa7fd3578a16842d19e7e9d7828aa47c3ce2032ee58cd4b8c4,20,1458,datacopy/evasive-it/2022/HEUR-Trojan.Win32.Wofith.gen-7c8f444757a013aa7fd3578a16842d19e7e9d7828aa47c3ce2032ee58cd4b8c4,"[114, 33, 1458, 1457, 17, 12, 1471, 3, 1, 1, 295, 437, 8, 1469, 28, 170]"
365,82b397ecfb78454deb483ba9f5a1a0572d0102d4.bin,20,1161,datacopy/UCSB.JP/data_feed.geo_japan_6m_public_flag/8/2/b/82b397ecfb78454deb483ba9f5a1a0572d0102d4.bin,"[114, 33, 1458, 1457, 17, 12, 1471, 3, 1, 1, 295, 437, 8, 1469, 28, 170]"
366,1303679e1b62b14f24307a92a4b4b5ae18267675ceb6ff800493f65648dc0a51,20,1046,datacopy/evasive-it/2019/1303679e1b62b14f24307a92a4b4b5ae18267675ceb6ff800493f65648dc0a51,"[114, 33, 1458, 1457, 17, 12, 1471, 3, 1, 1, 295, 437, 8, 1469, 28, 170]"
367,ddfcd8635271a01c98d29fce4c227a87d093647d47f95ee9a7566805780074ef,20,1046,datacopy/evasive-it/2021/ddfcd8635271a01c98d29fce4c227a87d093647d47f95ee9a7566805780074ef,"[114, 33, 1458, 1457, 17, 12, 1471, 3, 1, 1, 295, 437, 8, 1469, 28, 170]"
368,Trojan.Win32.XRed.aff-cdc95392f7aaf04457256258571c08966e093503028339eeeb586a3d1d2903e0,20,1471,datacopy/evasive-it/2023/Trojan.Win32.XRed.aff-cdc95392f7aaf04457256258571c08966e093503028339eeeb586a3d1d2903e0,"[114, 33, 1458, 1457, 17, 12, 1471, 3, 1, 1, 295, 437, 8, 1469, 28, 170]"
369,HEUR-Worm.Win32.Pluto.gen-8b86e05a29d3f5baf4e579364eb42f96746366bd1fab0435272f6b619be880d1,20,1459,datacopy/evasive-it/2022/HEUR-Worm.Win32.Pluto.gen-8b86e05a29d3f5baf4e579364eb42f96746366bd1fab0435272f6b619be880d1,"[114, 33, 1458, 1457, 17, 12, 1471, 3, 1, 1, 295, 437, 8, 1469, 28, 170]"
370,Trojan.Win32.Bublik.elhu-0cbefd9fa36902937cb5e57f8b7fb1a476498c6dd4fc0fcdee2bfbba5b0e9bce,20,312,datacopy/evasive-it/2022/Trojan.Win32.Bublik.elhu-0cbefd9fa36902937cb5e57f8b7fb1a476498c6dd4fc0fcdee2bfbba5b0e9bce,"[114, 33, 1458, 1457, 17, 12, 1471, 3, 1, 1, 295, 437, 8, 1469, 28, 170]"
371,4149f025cfce38098d9b8a048c169651a38d312ed6e026b59f034252bdbca5e6,20,1046,datacopy/evasive-it/2021/4149f025cfce38098d9b8a048c169651a38d312ed6e026b59f034252bdbca5e6,"[114, 33, 1458, 1457, 17, 12, 1471, 3, 1, 1, 295, 437, 8, 1469, 28, 170]"
372,6b0365cf585ab70937ea56e3516c41513c318e478b9ea61d4fbfc689047a6c66,20,1290,datacopy/evasive-it/2018/6b0365cf585ab70937ea56e3516c41513c318e478b9ea61d4fbfc689047a6c66,"[114, 33, 1458, 1457, 17, 12, 1471, 3, 1, 1, 295, 437, 8, 1469, 28, 170]"
373,HEUR-Trojan-Banker.Win32.BestaFera.gen-45eae3fcfc0e6f6808356f2f15a52bb550d003c45000c25d0bb83c9c62f61e2d,20,0,datacopy/evasive-it/2022/HEUR-Trojan-Banker.Win32.BestaFera.gen-45eae3fcfc0e6f6808356f2f15a52bb550d003c45000c25d0bb83c9c62f61e2d,"[114, 33, 1458, 1457, 17, 12, 1471, 3, 1, 1, 295, 437, 8, 1469, 28, 170]"
374,893a3de7b041d848f26859d030c1eb5ac300963e.bin,20,98,datacopy/UCSB.JP/data_feed.geo_japan_6m_public_flag/8/9/3/893a3de7b041d848f26859d030c1eb5ac300963e.bin,"[114, 33, 1458, 1457, 17, 12, 1471, 3, 1, 1, 295, 437, 8, 1469, 28, 170]"
375,429f04f08bd9cb77e7c85d1a0476dbfb0f5a257ed1ca4cefca3f25b47b48efed,20,1162,datacopy/evasive-it/2020/429f04f08bd9cb77e7c85d1a0476dbfb0f5a257ed1ca4cefca3f25b47b48efed,"[114, 33, 1458, 1457, 17, 12, 1471, 3, 1, 1, 295, 437, 8, 1469, 28, 170]"
376,HEUR-Trojan.Win32.Darkgate.gen-301158ffb44a9824deeec16bdc7dabdc328b9f3ecde0df048741218285d8bcc8,20,1469,datacopy/evasive-it/2023/HEUR-Trojan.Win32.Darkgate.gen-301158ffb44a9824deeec16bdc7dabdc328b9f3ecde0df048741218285d8bcc8,"[114, 33, 1458, 1457, 17, 12, 1471, 3, 1, 1, 295, 437, 8, 1469, 28, 170]"
377,1303679e1b62b14f24307a92a4b4b5ae18267675ceb6ff800493f65648dc0a51,20,1046,datacopy/evasive-it/2019/1303679e1b62b14f24307a92a4b4b5ae18267675ceb6ff800493f65648dc0a51,"[114, 33, 1458, 1457, 17, 12, 1471, 3, 1, 1, 295, 437, 8, 1469, 28, 170]"
378,68f22901ca321609823c5211354ef8946432d77be3315077b808b5e0fd015562,20,83,datacopy/evasive-it/2021/68f22901ca321609823c5211354ef8946432d77be3315077b808b5e0fd015562,"[114, 33, 1458, 1457, 17, 12, 1471, 3, 1, 1, 295, 437, 8, 1469, 28, 170]"
379,ce46e8fd19e006eb7dd8c14c64050025d8771fc092097f8b3824ece04c7064ef,20,1046,datacopy/evasive-it/2021/ce46e8fd19e006eb7dd8c14c64050025d8771fc092097f8b3824ece04c7064ef,"[114, 33, 1458, 1457, 17, 12, 1471, 3, 1, 1, 295, 437, 8, 1469, 28, 170]"
380,82b397ecfb78454deb483ba9f5a1a0572d0102d4.bin,20,1161,datacopy/UCSB.JP/data_feed.geo_japan_6m_public_flag/8/2/b/82b397ecfb78454deb483ba9f5a1a0572d0102d4.bin,"[114, 33, 1458, 1457, 17, 12, 1471, 3, 1, 1, 295, 437, 8, 1469, 28, 170]"
381,ddfcd8635271a01c98d29fce4c227a87d093647d47f95ee9a7566805780074ef,20,1046,datacopy/evasive-it/2021/ddfcd8635271a01c98d29fce4c227a87d093647d47f95ee9a7566805780074ef,"[114, 33, 1458, 1457, 17, 12, 1471, 3, 1, 1, 295, 437, 8, 1469, 28, 170]"
382,HEUR-Worm.Win32.Pluto.gen-8b86e05a29d3f5baf4e579364eb42f96746366bd1fab0435272f6b619be880d1,20,1459,datacopy/evasive-it/2022/HEUR-Worm.Win32.Pluto.gen-8b86e05a29d3f5baf4e579364eb42f96746366bd1fab0435272f6b619be880d1,"[114, 33, 1458, 1457, 17, 12, 1471, 3, 1, 1, 295, 437, 8, 1469, 28, 170]"
383,HEUR-Trojan-Banker.Win32.BestaFera.gen-45eae3fcfc0e6f6808356f2f15a52bb550d003c45000c25d0bb83c9c62f61e2d,20,0,datacopy/evasive-it/2022/HEUR-Trojan-Banker.Win32.BestaFera.gen-45eae3fcfc0e6f6808356f2f15a52bb550d003c45000c25d0bb83c9c62f61e2d,"[114, 33, 1458, 1457, 17, 12, 1471, 3, 1, 1, 295, 437, 8, 1469, 28, 170]"
384,893a3de7b041d848f26859d030c1eb5ac300963e.bin,20,98,datacopy/UCSB.JP/data_feed.geo_japan_6m_public_flag/8/9/3/893a3de7b041d848f26859d030c1eb5ac300963e.bin,"[114, 33, 1458, 1457, 17, 12, 1471, 3, 1, 1, 295, 437, 8, 1469, 28, 170]"
385,HEUR-Trojan.Win32.Darkgate.gen-301158ffb44a9824deeec16bdc7dabdc328b9f3ecde0df048741218285d8bcc8,20,1469,datacopy/evasive-it/2023/HEUR-Trojan.Win32.Darkgate.gen-301158ffb44a9824deeec16bdc7dabdc328b9f3ecde0df048741218285d8bcc8,"[114, 33, 1458, 1457, 17, 12, 1471, 3, 1, 1, 295, 437, 8, 1469, 28, 170]"
386,68f22901ca321609823c5211354ef8946432d77be3315077b808b5e0fd015562,20,83,datacopy/evasive-it/2021/68f22901ca321609823c5211354ef8946432d77be3315077b808b5e0fd015562,"[114, 33, 1458, 1457, 17, 12, 1471, 3, 1, 1, 295, 437, 8, 1469, 28, 170]"
387,8836171483fcb12d6fb08661afa951eaf97d189807db2f3ff1013cf4f1e93039,20,1197,datacopy/evasive-it/2019/8836171483fcb12d6fb08661afa951eaf97d189807db2f3ff1013cf4f1e93039,"[114, 33, 1458, 1457, 17, 12, 1471, 3, 1, 1, 295, 437, 8, 1469, 28, 170]"
388,13759280bce1ad57480272b6020a9a3ae2cfcb8ad3e3e3b45926f14e56716694,20,1459,datacopy/evasive-it/2019/13759280bce1ad57480272b6020a9a3ae2cfcb8ad3e3e3b45926f14e56716694,"[114, 33, 1458, 1457, 17, 12, 1471, 3, 1, 1, 295, 437, 8, 1469, 28, 170]"
389,HEUR-Trojan.Win32.Wofith.gen-7c8f444757a013aa7fd3578a16842d19e7e9d7828aa47c3ce2032ee58cd4b8c4,20,1458,datacopy/evasive-it/2022/HEUR-Trojan.Win32.Wofith.gen-7c8f444757a013aa7fd3578a16842d19e7e9d7828aa47c3ce2032ee58cd4b8c4,"[114, 33, 1458, 1457, 17, 12, 1471, 3, 1, 1, 295, 437, 8, 1469, 28, 170]"
390,Trojan.Win32.DelShad.icm-08565f345878369fdbbcf4a064d9f4762f4549f67d1e2aa3907a112a5e5322b6,20,1457,datacopy/evasive-it/2022/Trojan.Win32.DelShad.icm-08565f345878369fdbbcf4a064d9f4762f4549f67d1e2aa3907a112a5e5322b6,"[114, 33, 1458, 1457, 17, 12, 1471, 3, 1, 1, 295, 437, 8, 1469, 28, 170]"
391,8b87a6d1bcd040f5d5add7ab7a044a0a6a35ca70.bin,20,604,datacopy/UCSB.JP/data_feed.geo_japan_6m_public_flag/8/b/8/8b87a6d1bcd040f5d5add7ab7a044a0a6a35ca70.bin,"[114, 33, 1458, 1457, 17, 12, 1471, 3, 1, 1, 295, 437, 8, 1469, 28, 170]"
392,4149f025cfce38098d9b8a048c169651a38d312ed6e026b59f034252bdbca5e6,20,1046,datacopy/evasive-it/2021/4149f025cfce38098d9b8a048c169651a38d312ed6e026b59f034252bdbca5e6,"[114, 33, 1458, 1457, 17, 12, 1471, 3, 1, 1, 295, 437, 8, 1469, 28, 170]"
393,HEUR-Trojan.Win32.Wofith.gen-7c8f444757a013aa7fd3578a16842d19e7e9d7828aa47c3ce2032ee58cd4b8c4,20,1458,datacopy/evasive-it/2022/HEUR-Trojan.Win32.Wofith.gen-7c8f444757a013aa7fd3578a16842d19e7e9d7828aa47c3ce2032ee58cd4b8c4,"[114, 33, 1458, 1457, 17, 12, 1471, 3, 1, 1, 295, 437, 8, 1469, 28, 170]"
394,82b397ecfb78454deb483ba9f5a1a0572d0102d4.bin,20,1161,datacopy/UCSB.JP/data_feed.geo_japan_6m_public_flag/8/2/b/82b397ecfb78454deb483ba9f5a1a0572d0102d4.bin,"[114, 33, 1458, 1457, 17, 12, 1471, 3, 1, 1, 295, 437, 8, 1469, 28, 170]"
395,1303679e1b62b14f24307a92a4b4b5ae18267675ceb6ff800493f65648dc0a51,20,1046,datacopy/evasive-it/2019/1303679e1b62b14f24307a92a4b4b5ae18267675ceb6ff800493f65648dc0a51,"[114, 33, 1458, 1457, 17, 12, 1471, 3, 1, 1, 295, 437, 8, 1469, 28, 170]"
396,ddfcd8635271a01c98d29fce4c227a87d093647d47f95ee9a7566805780074ef,20,1046,datacopy/evasive-it/2021/ddfcd8635271a01c98d29fce4c227a87d093647d47f95ee9a7566805780074ef,"[114, 33, 1458, 1457, 17, 12, 1471, 3, 1, 1, 295, 437, 8, 1469, 28, 170]"
397,Trojan.Win32.XRed.aff-cdc95392f7aaf04457256258571c08966e093503028339eeeb586a3d1d2903e0,20,1471,datacopy/evasive-it/2023/Trojan.Win32.XRed.aff-cdc95392f7aaf04457256258571c08966e093503028339eeeb586a3d1d2903e0,"[114, 33, 1458, 1457, 17, 12, 1471, 3, 1, 1, 295, 437, 8, 1469, 28, 170]"
398,HEUR-Worm.Win32.Pluto.gen-8b86e05a29d3f5baf4e579364eb42f96746366bd1fab0435272f6b619be880d1,20,1459,datacopy/evasive-it/2022/HEUR-Worm.Win32.Pluto.gen-8b86e05a29d3f5baf4e579364eb42f96746366bd1fab0435272f6b619be880d1,"[114, 33, 1458, 1457, 17, 12, 1471, 3, 1, 1, 295, 437, 8, 1469, 28, 170]"
399,Trojan.Win32.Bublik.elhu-0cbefd9fa36902937cb5e57f8b7fb1a476498c6dd4fc0fcdee2bfbba5b0e9bce,20,312,datacopy/evasive-it/2022/Trojan.Win32.Bublik.elhu-0cbefd9fa36902937cb5e57f8b7fb1a476498c6dd4fc0fcdee2bfbba5b0e9bce,"[114, 33, 1458, 1457, 17, 12, 1471, 3, 1, 1, 295, 437, 8, 1469, 28, 170]"
400,4149f025cfce38098d9b8a048c169651a38d312ed6e026b59f034252bdbca5e6,20,1046,datacopy/evasive-it/2021/4149f025cfce38098d9b8a048c169651a38d312ed6e026b59f034252bdbca5e6,"[114, 33, 1458, 1457, 17, 12, 1471, 3, 1, 1, 295, 437, 8, 1469, 28, 170]"
401,HEUR-Trojan-Banker.Win32.BestaFera.gen-45eae3fcfc0e6f6808356f2f15a52bb550d003c45000c25d0bb83c9c62f61e2d,20,0,datacopy/evasive-it/2022/HEUR-Trojan-Banker.Win32.BestaFera.gen-45eae3fcfc0e6f6808356f2f15a52bb550d003c45000c25d0bb83c9c62f61e2d,"[114, 33, 1458, 1457, 17, 12, 1471, 3, 1, 1, 295, 437, 8, 1469, 28, 170]"
402,893a3de7b041d848f26859d030c1eb5ac300963e.bin,20,98,datacopy/UCSB.JP/data_feed.geo_japan_6m_public_flag/8/9/3/893a3de7b041d848f26859d030c1eb5ac300963e.bin,"[114, 33, 1458, 1457, 17, 12, 1471, 3, 1, 1, 295, 437, 8, 1469, 28, 170]"
403,429f04f08bd9cb77e7c85d1a0476dbfb0f5a257ed1ca4cefca3f25b47b48efed,20,1162,datacopy/evasive-it/2020/429f04f08bd9cb77e7c85d1a0476dbfb0f5a257ed1ca4cefca3f25b47b48efed,"[114, 33, 1458, 1457, 17, 12, 1471, 3, 1, 1, 295, 437, 8, 1469, 28, 170]"
404,HEUR-Trojan.Win32.Darkgate.gen-301158ffb44a9824deeec16bdc7dabdc328b9f3ecde0df048741218285d8bcc8,20,1469,datacopy/evasive-it/2023/HEUR-Trojan.Win32.Darkgate.gen-301158ffb44a9824deeec16bdc7dabdc328b9f3ecde0df048741218285d8bcc8,"[114, 33, 1458, 1457, 17, 12, 1471, 3, 1, 1, 295, 437, 8, 1469, 28, 170]"
405,1303679e1b62b14f24307a92a4b4b5ae18267675ceb6ff800493f65648dc0a51,20,1046,datacopy/evasive-it/2019/1303679e1b62b14f24307a92a4b4b5ae18267675ceb6ff800493f65648dc0a51,"[114, 33, 1458, 1457, 17, 12, 1471, 3, 1, 1, 295, 437, 8, 1469, 28, 170]"
406,68f22901ca321609823c5211354ef8946432d77be3315077b808b5e0fd015562,20,83,datacopy/evasive-it/2021/68f22901ca321609823c5211354ef8946432d77be3315077b808b5e0fd015562,"[114, 33, 1458, 1457, 17, 12, 1471, 3, 1, 1, 295, 437, 8, 1469, 28, 170]"
407,ce46e8fd19e006eb7dd8c14c64050025d8771fc092097f8b3824ece04c7064ef,20,1046,datacopy/evasive-it/2021/ce46e8fd19e006eb7dd8c14c64050025d8771fc092097f8b3824ece04c7064ef,"[114, 33, 1458, 1457, 17, 12, 1471, 3, 1, 1, 295, 437, 8, 1469, 28, 170]"
408,8836171483fcb12d6fb08661afa951eaf97d189807db2f3ff1013cf4f1e93039,20,1197,datacopy/evasive-it/2019/8836171483fcb12d6fb08661afa951eaf97d189807db2f3ff1013cf4f1e93039,"[114, 33, 1458, 1457, 17, 12, 1471, 3, 1, 1, 295, 437, 8, 1469, 28, 170]"
409,13759280bce1ad57480272b6020a9a3ae2cfcb8ad3e3e3b45926f14e56716694,20,1459,datacopy/evasive-it/2019/13759280bce1ad57480272b6020a9a3ae2cfcb8ad3e3e3b45926f14e56716694,"[114, 33, 1458, 1457, 17, 12, 1471, 3, 1, 1, 295, 437, 8, 1469, 28, 170]"
410,HEUR-Trojan.Win32.Wofith.gen-7c8f444757a013aa7fd3578a16842d19e7e9d7828aa47c3ce2032ee58cd4b8c4,20,1458,datacopy/evasive-it/2022/HEUR-Trojan.Win32.Wofith.gen-7c8f444757a013aa7fd3578a16842d19e7e9d7828aa47c3ce2032ee58cd4b8c4,"[114, 33, 1458, 1457, 17, 12, 1471, 3, 1, 1, 295, 437, 8, 1469, 28, 170]"
411,Trojan.Win32.DelShad.icm-08565f345878369fdbbcf4a064d9f4762f4549f67d1e2aa3907a112a5e5322b6,20,1457,datacopy/evasive-it/2022/Trojan.Win32.DelShad.icm-08565f345878369fdbbcf4a064d9f4762f4549f67d1e2aa3907a112a5e5322b6,"[114, 33, 1458, 1457, 17, 12, 1471, 3, 1, 1, 295, 437, 8, 1469, 28, 170]"
412,8b87a6d1bcd040f5d5add7ab7a044a0a6a35ca70.bin,20,604,datacopy/UCSB.JP/data_feed.geo_japan_6m_public_flag/8/b/8/8b87a6d1bcd040f5d5add7ab7a044a0a6a35ca70.bin,"[114, 33, 1458, 1457, 17, 12, 1471, 3, 1, 1, 295, 437, 8, 1469, 28, 170]"
413,4149f025cfce38098d9b8a048c169651a38d312ed6e026b59f034252bdbca5e6,20,1046,datacopy/evasive-it/2021/4149f025cfce38098d9b8a048c169651a38d312ed6e026b59f034252bdbca5e6,"[114, 33, 1458, 1457, 17, 12, 1471, 3, 1, 1, 295, 437, 8, 1469, 28, 170]"
414,HEUR-Trojan.Win32.Wofith.gen-7c8f444757a013aa7fd3578a16842d19e7e9d7828aa47c3ce2032ee58cd4b8c4,20,1458,datacopy/evasive-it/2022/HEUR-Trojan.Win32.Wofith.gen-7c8f444757a013aa7fd3578a16842d19e7e9d7828aa47c3ce2032ee58cd4b8c4,"[114, 33, 1458, 1457, 17, 12, 1471, 3, 1, 1, 295, 437, 8, 1469, 28, 170]"
415,82b397ecfb78454deb483ba9f5a1a0572d0102d4.bin,20,1161,datacopy/UCSB.JP/data_feed.geo_japan_6m_public_flag/8/2/b/82b397ecfb78454deb483ba9f5a1a0572d0102d4.bin,"[114, 33, 1458, 1457, 17, 12, 1471, 3, 1, 1, 295, 437, 8, 1469, 28, 170]"
416,1303679e1b62b14f24307a92a4b4b5ae18267675ceb6ff800493f65648dc0a51,20,1046,datacopy/evasive-it/2019/1303679e1b62b14f24307a92a4b4b5ae18267675ceb6ff800493f65648dc0a51,"[114, 33, 1458, 1457, 17, 12, 1471, 3, 1, 1, 295, 437, 8, 1469, 28, 170]"
417,ddfcd8635271a01c98d29fce4c227a87d093647d47f95ee9a7566805780074ef,20,1046,datacopy/evasive-it/2021/ddfcd8635271a01c98d29fce4c227a87d093647d47f95ee9a7566805780074ef,"[114, 33, 1458, 1457, 17, 12, 1471, 3, 1, 1, 295, 437, 8, 1469, 28, 170]"
418,Trojan.Win32.XRed.aff-cdc95392f7aaf04457256258571c08966e093503028339eeeb586a3d1d2903e0,20,1471,datacopy/evasive-it/2023/Trojan.Win32.XRed.aff-cdc95392f7aaf04457256258571c08966e093503028339eeeb586a3d1d2903e0,"[114, 33, 1458, 1457, 17, 12, 1471, 3, 1, 1, 295, 437, 8, 1469, 28, 170]"
419,HEUR-Worm.Win32.Pluto.gen-8b86e05a29d3f5baf4e579364eb42f96746366bd1fab0435272f6b619be880d1,20,1459,datacopy/evasive-it/2022/HEUR-Worm.Win32.Pluto.gen-8b86e05a29d3f5baf4e579364eb42f96746366bd1fab0435272f6b619be880d1,"[114, 33, 1458, 1457, 17, 12, 1471, 3, 1, 1, 295, 437, 8, 1469, 28, 170]"
420,Trojan.Win32.Bublik.elhu-0cbefd9fa36902937cb5e57f8b7fb1a476498c6dd4fc0fcdee2bfbba5b0e9bce,20,312,datacopy/evasive-it/2022/Trojan.Win32.Bublik.elhu-0cbefd9fa36902937cb5e57f8b7fb1a476498c6dd4fc0fcdee2bfbba5b0e9bce,"[114, 33, 1458, 1457, 17, 12, 1471, 3, 1, 1, 295, 437, 8, 1469, 28, 170]"
421,4149f025cfce38098d9b8a048c169651a38d312ed6e026b59f034252bdbca5e6,20,1046,datacopy/evasive-it/2021/4149f025cfce38098d9b8a048c169651a38d312ed6e026b59f034252bdbca5e6,"[114, 33, 1458, 1457, 17, 12, 1471, 3, 1, 1, 295, 437, 8, 1469, 28, 170]"
422,6b0365cf585ab70937ea56e3516c41513c318e478b9ea61d4fbfc689047a6c66,20,1290,datacopy/evasive-it/2018/6b0365cf585ab70937ea56e3516c41513c318e478b9ea61d4fbfc689047a6c66,"[114, 33, 1458, 1457, 17, 12, 1471, 3, 1, 1, 295, 437, 8, 1469, 28, 170]"
423,HEUR-Trojan-Banker.Win32.BestaFera.gen-45eae3fcfc0e6f6808356f2f15a52bb550d003c45000c25d0bb83c9c62f61e2d,20,0,datacopy/evasive-it/2022/HEUR-Trojan-Banker.Win32.BestaFera.gen-45eae3fcfc0e6f6808356f2f15a52bb550d003c45000c25d0bb83c9c62f61e2d,"[114, 33, 1458, 1457, 17, 12, 1471, 3, 1, 1, 295, 437, 8, 1469, 28, 170]"
424,893a3de7b041d848f26859d030c1eb5ac300963e.bin,20,98,datacopy/UCSB.JP/data_feed.geo_japan_6m_public_flag/8/9/3/893a3de7b041d848f26859d030c1eb5ac300963e.bin,"[114, 33, 1458, 1457, 17, 12, 1471, 3, 1, 1, 295, 437, 8, 1469, 28, 170]"
425,429f04f08bd9cb77e7c85d1a0476dbfb0f5a257ed1ca4cefca3f25b47b48efed,20,1162,datacopy/evasive-it/2020/429f04f08bd9cb77e7c85d1a0476dbfb0f5a257ed1ca4cefca3f25b47b48efed,"[114, 33, 1458, 1457, 17, 12, 1471, 3, 1, 1, 295, 437, 8, 1469, 28, 170]"
426,HEUR-Trojan.Win32.Darkgate.gen-301158ffb44a9824deeec16bdc7dabdc328b9f3ecde0df048741218285d8bcc8,20,1469,datacopy/evasive-it/2023/HEUR-Trojan.Win32.Darkgate.gen-301158ffb44a9824deeec16bdc7dabdc328b9f3ecde0df048741218285d8bcc8,"[114, 33, 1458, 1457, 17, 12, 1471, 3, 1, 1, 295, 437, 8, 1469, 28, 170]"
427,1303679e1b62b14f24307a92a4b4b5ae18267675ceb6ff800493f65648dc0a51,20,1046,datacopy/evasive-it/2019/1303679e1b62b14f24307a92a4b4b5ae18267675ceb6ff800493f65648dc0a51,"[114, 33, 1458, 1457, 17, 12, 1471, 3, 1, 1, 295, 437, 8, 1469, 28, 170]"
428,68f22901ca321609823c5211354ef8946432d77be3315077b808b5e0fd015562,20,83,datacopy/evasive-it/2021/68f22901ca321609823c5211354ef8946432d77be3315077b808b5e0fd015562,"[114, 33, 1458, 1457, 17, 12, 1471, 3, 1, 1, 295, 437, 8, 1469, 28, 170]"
429,ce46e8fd19e006eb7dd8c14c64050025d8771fc092097f8b3824ece04c7064ef,20,1046,datacopy/evasive-it/2021/ce46e8fd19e006eb7dd8c14c64050025d8771fc092097f8b3824ece04c7064ef,"[114, 33, 1458, 1457, 17, 12, 1471, 3, 1, 1, 295, 437, 8, 1469, 28, 170]"
430,8836171483fcb12d6fb08661afa951eaf97d189807db2f3ff1013cf4f1e93039,20,1197,datacopy/evasive-it/2019/8836171483fcb12d6fb08661afa951eaf97d189807db2f3ff1013cf4f1e93039,"[114, 33, 1458, 1457, 17, 12, 1471, 3, 1, 1, 295, 437, 8, 1469, 28, 170]"
431,13759280bce1ad57480272b6020a9a3ae2cfcb8ad3e3e3b45926f14e56716694,20,1459,datacopy/evasive-it/2019/13759280bce1ad57480272b6020a9a3ae2cfcb8ad3e3e3b45926f14e56716694,"[114, 33, 1458, 1457, 17, 12, 1471, 3, 1, 1, 295, 437, 8, 1469, 28, 170]"
432,HEUR-Trojan.Win32.Wofith.gen-7c8f444757a013aa7fd3578a16842d19e7e9d7828aa47c3ce2032ee58cd4b8c4,20,1458,datacopy/evasive-it/2022/HEUR-Trojan.Win32.Wofith.gen-7c8f444757a013aa7fd3578a16842d19e7e9d7828aa47c3ce2032ee58cd4b8c4,"[114, 33, 1458, 1457, 17, 12, 1471, 3, 1, 1, 295, 437, 8, 1469, 28, 170]"
433,Trojan.Win32.DelShad.icm-08565f345878369fdbbcf4a064d9f4762f4549f67d1e2aa3907a112a5e5322b6,20,1457,datacopy/evasive-it/2022/Trojan.Win32.DelShad.icm-08565f345878369fdbbcf4a064d9f4762f4549f67d1e2aa3907a112a5e5322b6,"[114, 33, 1458, 1457, 17, 12, 1471, 3, 1, 1, 295, 437, 8, 1469, 28, 170]"
434,8b87a6d1bcd040f5d5add7ab7a044a0a6a35ca70.bin,20,604,datacopy/UCSB.JP/data_feed.geo_japan_6m_public_flag/8/b/8/8b87a6d1bcd040f5d5add7ab7a044a0a6a35ca70.bin,"[114, 33, 1458, 1457, 17, 12, 1471, 3, 1, 1, 295, 437, 8, 1469, 28, 170]"
435,4149f025cfce38098d9b8a048c169651a38d312ed6e026b59f034252bdbca5e6,20,1046,datacopy/evasive-it/2021/4149f025cfce38098d9b8a048c169651a38d312ed6e026b59f034252bdbca5e6,"[114, 33, 1458, 1457, 17, 12, 1471, 3, 1, 1, 295, 437, 8, 1469, 28, 170]"
436,HEUR-Trojan.Win32.Wofith.gen-7c8f444757a013aa7fd3578a16842d19e7e9d7828aa47c3ce2032ee58cd4b8c4,20,1458,datacopy/evasive-it/2022/HEUR-Trojan.Win32.Wofith.gen-7c8f444757a013aa7fd3578a16842d19e7e9d7828aa47c3ce2032ee58cd4b8c4,"[114, 33, 1458, 1457, 17, 12, 1471, 3, 1, 1, 295, 437, 8, 1469, 28, 170]"
437,82b397ecfb78454deb483ba9f5a1a0572d0102d4.bin,20,1161,datacopy/UCSB.JP/data_feed.geo_japan_6m_public_flag/8/2/b/82b397ecfb78454deb483ba9f5a1a0572d0102d4.bin,"[114, 33, 1458, 1457, 17, 12, 1471, 3, 1, 1, 295, 437, 8, 1469, 28, 170]"
438,1303679e1b62b14f24307a92a4b4b5ae18267675ceb6ff800493f65648dc0a51,20,1046,datacopy/evasive-it/2019/1303679e1b62b14f24307a92a4b4b5ae18267675ceb6ff800493f65648dc0a51,"[114, 33, 1458, 1457, 17, 12, 1471, 3, 1, 1, 295, 437, 8, 1469, 28, 170]"
439,ddfcd8635271a01c98d29fce4c227a87d093647d47f95ee9a7566805780074ef,20,1046,datacopy/evasive-it/2021/ddfcd8635271a01c98d29fce4c227a87d093647d47f95ee9a7566805780074ef,"[114, 33, 1458, 1457, 17, 12, 1471, 3, 1, 1, 295, 437, 8, 1469, 28, 170]"
440,Trojan.Win32.XRed.aff-cdc95392f7aaf04457256258571c08966e093503028339eeeb586a3d1d2903e0,20,1471,datacopy/evasive-it/2023/Trojan.Win32.XRed.aff-cdc95392f7aaf04457256258571c08966e093503028339eeeb586a3d1d2903e0,"[114, 33, 1458, 1457, 17, 12, 1471, 3, 1, 1, 295, 437, 8, 1469, 28, 170]"
441,HEUR-Worm.Win32.Pluto.gen-8b86e05a29d3f5baf4e579364eb42f96746366bd1fab0435272f6b619be880d1,20,1459,datacopy/evasive-it/2022/HEUR-Worm.Win32.Pluto.gen-8b86e05a29d3f5baf4e579364eb42f96746366bd1fab0435272f6b619be880d1,"[114, 33, 1458, 1457, 17, 12, 1471, 3, 1, 1, 295, 437, 8, 1469, 28, 170]"
442,Trojan.Win32.Bublik.elhu-0cbefd9fa36902937cb5e57f8b7fb1a476498c6dd4fc0fcdee2bfbba5b0e9bce,20,312,datacopy/evasive-it/2022/Trojan.Win32.Bublik.elhu-0cbefd9fa36902937cb5e57f8b7fb1a476498c6dd4fc0fcdee2bfbba5b0e9bce,"[114, 33, 1458, 1457, 17, 12, 1471, 3, 1, 1, 295, 437, 8, 1469, 28, 170]"
443,4149f025cfce38098d9b8a048c169651a38d312ed6e026b59f034252bdbca5e6,20,1046,datacopy/evasive-it/2021/4149f025cfce38098d9b8a048c169651a38d312ed6e026b59f034252bdbca5e6,"[114, 33, 1458, 1457, 17, 12, 1471, 3, 1, 1, 295, 437, 8, 1469, 28, 170]"
444,6b0365cf585ab70937ea56e3516c41513c318e478b9ea61d4fbfc689047a6c66,20,1290,datacopy/evasive-it/2018/6b0365cf585ab70937ea56e3516c41513c318e478b9ea61d4fbfc689047a6c66,"[114, 33, 1458, 1457, 17, 12, 1471, 3, 1, 1, 295, 437, 8, 1469, 28, 170]"
445,HEUR-Trojan-Banker.Win32.BestaFera.gen-45eae3fcfc0e6f6808356f2f15a52bb550d003c45000c25d0bb83c9c62f61e2d,20,0,datacopy/evasive-it/2022/HEUR-Trojan-Banker.Win32.BestaFera.gen-45eae3fcfc0e6f6808356f2f15a52bb550d003c45000c25d0bb83c9c62f61e2d,"[114, 33, 1458, 1457, 17, 12, 1471, 3, 1, 1, 295, 437, 8, 1469, 28, 170]"
446,893a3de7b041d848f26859d030c1eb5ac300963e.bin,20,98,datacopy/UCSB.JP/data_feed.geo_japan_6m_public_flag/8/9/3/893a3de7b041d848f26859d030c1eb5ac300963e.bin,"[114, 33, 1458, 1457, 17, 12, 1471, 3, 1, 1, 295, 437, 8, 1469, 28, 170]"
447,429f04f08bd9cb77e7c85d1a0476dbfb0f5a257ed1ca4cefca3f25b47b48efed,20,1162,datacopy/evasive-it/2020/429f04f08bd9cb77e7c85d1a0476dbfb0f5a257ed1ca4cefca3f25b47b48efed,"[114, 33, 1458, 1457, 17, 12, 1471, 3, 1, 1, 295, 437, 8, 1469, 28, 170]"
448,HEUR-Trojan.Win32.Darkgate.gen-301158ffb44a9824deeec16bdc7dabdc328b9f3ecde0df048741218285d8bcc8,20,1469,datacopy/evasive-it/2023/HEUR-Trojan.Win32.Darkgate.gen-301158ffb44a9824deeec16bdc7dabdc328b9f3ecde0df048741218285d8bcc8,"[114, 33, 1458, 1457, 17, 12, 1471, 3, 1, 1, 295, 437, 8, 1469, 28, 170]"
449,1303679e1b62b14f24307a92a4b4b5ae18267675ceb6ff800493f65648dc0a51,20,1046,datacopy/evasive-it/2019/1303679e1b62b14f24307a92a4b4b5ae18267675ceb6ff800493f65648dc0a51,"[114, 33, 1458, 1457, 17, 12, 1471, 3, 1, 1, 295, 437, 8, 1469, 28, 170]"
450,68f22901ca321609823c5211354ef8946432d77be3315077b808b5e0fd015562,20,83,datacopy/evasive-it/2021/68f22901ca321609823c5211354ef8946432d77be3315077b808b5e0fd015562,"[114, 33, 1458, 1457, 17, 12, 1471, 3, 1, 1, 295, 437, 8, 1469, 28, 170]"
451,ce46e8fd19e006eb7dd8c14c64050025d8771fc092097f8b3824ece04c7064ef,20,1046,datacopy/evasive-it/2021/ce46e8fd19e006eb7dd8c14c64050025d8771fc092097f8b3824ece04c7064ef,"[114, 33, 1458, 1457, 17, 12, 1471, 3, 1, 1, 295, 437, 8, 1469, 28, 170]"
452,5b611e6eee202dee976d5dfeb7bdae0a8e86a3824394783b8c16796490d8857a,20,477,datacopy/Stefano/5b611e6eee202dee976d5dfeb7bdae0a8e86a3824394783b8c16796490d8857a,"[114, 33, 1458, 1457, 17, 12, 1471, 3, 1, 1, 295, 437, 8, 1469, 28, 170]"
453,40eb9318e42fb2c3153967428abfcaf7231140a37652cf51657512d751830211,20,477,datacopy/Stefano/40eb9318e42fb2c3153967428abfcaf7231140a37652cf51657512d751830211,"[114, 33, 1458, 1457, 17, 12, 1471, 3, 1, 1, 295, 437, 8, 1469, 28, 170]"
454,e6f458a59738caaa52d09c78275c75b9ca781b60e6c9416b1476174482c4ae85,20,477,datacopy/Stefano/e6f458a59738caaa52d09c78275c75b9ca781b60e6c9416b1476174482c4ae85,"[114, 33, 1458, 1457, 17, 12, 1471, 3, 1, 1, 295, 437, 8, 1469, 28, 170]"
455,d5fb6536541f8581a8f177ebc6bbfdaa18ebc5967c8f0a3c2acfba2b73543481,20,477,datacopy/Stefano/d5fb6536541f8581a8f177ebc6bbfdaa18ebc5967c8f0a3c2acfba2b73543481,"[114, 33, 1458, 1457, 17, 12, 1471, 3, 1, 1, 295, 437, 8, 1469, 28, 170]"
456,e8b16df1bdb3427efce54029bc9d0363d7f286120b1523e5c1c28a629b1ce92e,20,477,datacopy/Stefano/e8b16df1bdb3427efce54029bc9d0363d7f286120b1523e5c1c28a629b1ce92e,"[114, 33, 1458, 1457, 17, 12, 1471, 3, 1, 1, 295, 437, 8, 1469, 28, 170]"
457,86fc30b52a00dbcb68f633a2f12f64fc5d4e152b.bin,23,1179,datacopy/UCSB.JP/data_feed.geo_japan_6m_public_flag/8/6/f/86fc30b52a00dbcb68f633a2f12f64fc5d4e152b.bin,[1]
458,edc31f78e4c75e74501c1390c6945f8845bff753.bin,23,1179,datacopy/UCSB/edc31f78e4c75e74501c1390c6945f8845bff753.bin,[1]
459,f1e966d84ec5d622664ada767be153173cf27db5.bin,23,1179,datacopy/UCSB/f1e966d84ec5d622664ada767be153173cf27db5.bin,[1]
460,ced4e34a0d63d19551a42d558d6ea90e0a4e02e8.bin,23,1179,datacopy/UCSB/ced4e34a0d63d19551a42d558d6ea90e0a4e02e8.bin,[1]
461,e783965af4dad99e4ced8d5475a6ae337b0f674c.bin,23,1179,datacopy/UCSB/e783965af4dad99e4ced8d5475a6ae337b0f674c.bin,[1]
462,f580d6cca71a73b078c8669d3163287ee0496237.bin,23,1179,datacopy/UCSB/f580d6cca71a73b078c8669d3163287ee0496237.bin,[1]
463,ccd371485b2ca40735ca5e3245566acca4784052.bin,23,1179,datacopy/UCSB/ccd371485b2ca40735ca5e3245566acca4784052.bin,[1]
464,42531d22177ed06475e2f92375ddbd3c5e092081.bin,23,1179,datacopy/UCSB/42531d22177ed06475e2f92375ddbd3c5e092081.bin,[1]
465,8660399289694caca823c454a98405dd136371ef.bin,24,194,datacopy/UCSB.JP/data_feed.geo_japan_6m_public_flag/8/6/6/8660399289694caca823c454a98405dd136371ef.bin,[15]
466,a34d7fd1d1de115fedfeede6baa9d9867dc3e78b.bin,24,194,datacopy/UCSB.JP/data_feed.geo_japan_6m_public_flag/a/3/4/a34d7fd1d1de115fedfeede6baa9d9867dc3e78b.bin,[15]
467,a96937ec69c9add48c2416ed97052c263df400bb.bin,24,194,datacopy/UCSB.JP/data_feed.geo_japan_6m_public_flag/a/9/6/a96937ec69c9add48c2416ed97052c263df400bb.bin,[15]
468,a1818054b40ec9e28bebe518ecc92f4eceaffef4.bin,24,194,datacopy/UCSB.JP/data_feed.geo_japan_6m_public_flag/a/1/8/a1818054b40ec9e28bebe518ecc92f4eceaffef4.bin,[15]
469,e84ded6e4e11ea0987e6442812e550d6e4a8c716.bin,24,194,datacopy/UCSB.JP/data_feed.geo_japan_6m_public_flag/e/8/4/e84ded6e4e11ea0987e6442812e550d6e4a8c716.bin,[15]
470,b9ce098e5172542fc9c76d62848b2e9291af46be.bin,24,194,datacopy/UCSB.JP/data_feed.geo_japan_6m_public_flag/b/9/c/b9ce098e5172542fc9c76d62848b2e9291af46be.bin,[15]
471,b079ad82c2341e9178ced0b6a62a484a12075b56.bin,24,194,datacopy/UCSB.JP/data_feed.geo_japan_6m_public_flag/b/0/7/b079ad82c2341e9178ced0b6a62a484a12075b56.bin,[15]
472,28558f1ca825049a5d16f86b4b8815930af56d0f.bin,24,194,datacopy/UCSB.JP/data_feed.geo_japan_6m_public_flag/2/8/5/28558f1ca825049a5d16f86b4b8815930af56d0f.bin,[15]
473,220f4451f7ec2de03b482ddcf28c6ecda3e5366f.bin,24,194,datacopy/UCSB.JP/data_feed.geo_japan_6m_public_flag/2/2/0/220f4451f7ec2de03b482ddcf28c6ecda3e5366f.bin,[15]
474,d83ea2498937079b58a9e337f57c1cc51f29d671.bin,24,194,datacopy/UCSB.JP/data_feed.geo_japan_6m_public_flag/d/8/3/d83ea2498937079b58a9e337f57c1cc51f29d671.bin,[15]
475,d618abf74712f8730fbad1d0988d1c30e1ec036b.bin,24,194,datacopy/UCSB.JP/data_feed.geo_japan_6m_public_flag/d/6/1/d618abf74712f8730fbad1d0988d1c30e1ec036b.bin,[15]
476,587a9b7e2b9b6ac7337572bc14358a4d0da5bd29.bin,24,194,datacopy/UCSB.JP/data_feed.geo_japan_6m_public_flag/5/8/7/587a9b7e2b9b6ac7337572bc14358a4d0da5bd29.bin,[15]
477,5edd2159b5d5bea99604c11e79ce645472adbd42.bin,24,194,datacopy/UCSB.JP/data_feed.geo_japan_6m_public_flag/5/e/d/5edd2159b5d5bea99604c11e79ce645472adbd42.bin,[15]
478,51e4307093f8ca8854359c0ac882ddca427a813c.bin,24,194,datacopy/UCSB.JP/data_feed.geo_japan_6m_public_flag/5/1/e/51e4307093f8ca8854359c0ac882ddca427a813c.bin,[15]
479,5f2d71f1b947fa8c8dc5b58cfafba55b6cc51e22.bin,24,194,datacopy/UCSB.JP/data_feed.geo_japan_6m_public_flag/5/f/2/5f2d71f1b947fa8c8dc5b58cfafba55b6cc51e22.bin,[15]
480,faac12c7091e4b53b5d33286e26f5818c9819c53.bin,24,194,datacopy/UCSB.JP/data_feed.geo_japan_6m_public_flag/f/a/a/faac12c7091e4b53b5d33286e26f5818c9819c53.bin,[15]
481,f7c1a3b4e856eb523ae35eebcb7e9847ccda19e5.bin,24,194,datacopy/UCSB.JP/data_feed.geo_japan_6m_public_flag/f/7/c/f7c1a3b4e856eb523ae35eebcb7e9847ccda19e5.bin,[15]
482,c9bb3651c9d54f11547394cc00d4c6cbfbc380d4.bin,24,194,datacopy/UCSB.JP/data_feed.geo_japan_6m_public_flag/c/9/b/c9bb3651c9d54f11547394cc00d4c6cbfbc380d4.bin,[15]
483,cf60fa60d2f461dddfdfcebf16368e6b539cd9ba.bin,24,194,datacopy/UCSB.JP/data_feed.geo_japan_6m_public_flag/c/f/6/cf60fa60d2f461dddfdfcebf16368e6b539cd9ba.bin,[15]
484,64e7fa5e6e3eddc9c237a4e2f82ba4ba50df151d.bin,24,194,datacopy/UCSB/64e7fa5e6e3eddc9c237a4e2f82ba4ba50df151d.bin,[15]
485,e1d89fc97de6d110bb3af32da420d320958b9965.bin,24,194,datacopy/UCSB/e1d89fc97de6d110bb3af32da420d320958b9965.bin,[15]
486,ae69d710e055479ec3d686a9e7cf566bba080dc5.bin,24,194,datacopy/UCSB/ae69d710e055479ec3d686a9e7cf566bba080dc5.bin,[15]
487,354f136fab00f9ed9f9b3c9578939d8f51caa9a6.bin,24,194,datacopy/UCSB/354f136fab00f9ed9f9b3c9578939d8f51caa9a6.bin,[15]
488,2f7a4e464a6026e27faed7f94991d3794726d456.bin,24,194,datacopy/UCSB/2f7a4e464a6026e27faed7f94991d3794726d456.bin,[15]
489,7d5832348faf5b9fc1d186aa9477e280129f2ad5.bin,24,194,datacopy/UCSB/7d5832348faf5b9fc1d186aa9477e280129f2ad5.bin,[15]
490,8e5a232cef281e4f98c30b5679a4ddbde042894d.bin,24,194,datacopy/UCSB/8e5a232cef281e4f98c30b5679a4ddbde042894d.bin,[15]
491,06aaed91fdb33e9b33d1f377ead64e467bc5dca4.bin,24,194,datacopy/UCSB/06aaed91fdb33e9b33d1f377ead64e467bc5dca4.bin,[15]
492,4995a2e8fb8dfd165a365e79eaaf0311cb96d674.bin,24,194,datacopy/UCSB/4995a2e8fb8dfd165a365e79eaaf0311cb96d674.bin,[15]
493,0c3fdd9e9b395fc24d687b1b5442a21fc5ae0242.bin,24,194,datacopy/UCSB/0c3fdd9e9b395fc24d687b1b5442a21fc5ae0242.bin,[15]
494,53317cfe77bf39904819e7c1dae5b0d0bc5b20fd.bin,24,194,datacopy/UCSB/53317cfe77bf39904819e7c1dae5b0d0bc5b20fd.bin,[15]
495,4dc7cb669c1989dc2cab409d40f52c3e9f5c8489.bin,24,194,datacopy/UCSB/4dc7cb669c1989dc2cab409d40f52c3e9f5c8489.bin,[15]
496,e751e9f99ed9375e2c5edcd990354838bc928aa5.bin,24,194,datacopy/UCSB/e751e9f99ed9375e2c5edcd990354838bc928aa5.bin,[15]
497,a5b6fae7eabbbc52d3514b0af036dd5fe9134eed.bin,24,194,datacopy/UCSB/a5b6fae7eabbbc52d3514b0af036dd5fe9134eed.bin,[15]
498,ba2df188cc3b3e5cd4f47fc33e2c70861c6b9df0.bin,24,194,datacopy/UCSB/ba2df188cc3b3e5cd4f47fc33e2c70861c6b9df0.bin,[15]
499,37b91eadc85259d644fe1869c76ac04676f996de.bin,24,194,datacopy/UCSB/37b91eadc85259d644fe1869c76ac04676f996de.bin,[15]
500,f6cf5d48966c2e36f276ee23b88d2d6e0b77f0d9.bin,24,194,datacopy/UCSB/f6cf5d48966c2e36f276ee23b88d2d6e0b77f0d9.bin,[15]
501,9d190c6113ab466a9966ce550d40682e065479e7.bin,24,194,datacopy/UCSB/9d190c6113ab466a9966ce550d40682e065479e7.bin,[15]
502,0b2ad75ecdedd088058b0b140e66901f2a55db67.bin,24,194,datacopy/UCSB/0b2ad75ecdedd088058b0b140e66901f2a55db67.bin,[15]
503,3571a6c8c5f9eb76a246f1bcb7a274fb4f1cec7a.bin,24,194,datacopy/UCSB/3571a6c8c5f9eb76a246f1bcb7a274fb4f1cec7a.bin,[15]
504,03598b83ac42db9c846f244a06995660ba34f8c6.bin,24,194,datacopy/UCSB/03598b83ac42db9c846f244a06995660ba34f8c6.bin,[15]
505,fdd870ee89e5b91cc50e790dd98ec192339c8db0.bin,24,194,datacopy/UCSB/fdd870ee89e5b91cc50e790dd98ec192339c8db0.bin,[15]
506,7add1a756666e38c421bf6b91ad0e3327a8af465.bin,24,194,datacopy/UCSB/7add1a756666e38c421bf6b91ad0e3327a8af465.bin,[15]
507,263a409ae6f0adf553b5d651cd231c4aa7d63fc6.bin,24,194,datacopy/UCSB/263a409ae6f0adf553b5d651cd231c4aa7d63fc6.bin,[15]
508,0112210644576458aef06be3f879bc50d422ca8d.bin,24,194,datacopy/UCSB/0112210644576458aef06be3f879bc50d422ca8d.bin,[15]
509,b5ab194f289511f93fad779eaa7de6b4b6c4445f.bin,24,194,datacopy/UCSB/b5ab194f289511f93fad779eaa7de6b4b6c4445f.bin,[15]
510,15c463d271cb1c66c4904847b8ed9cf31b1ed389.bin,24,194,datacopy/UCSB/15c463d271cb1c66c4904847b8ed9cf31b1ed389.bin,[15]
511,c7297533e6aa1a9f0506eb27aa0b8c4e6b1ce736.bin,24,194,datacopy/UCSB/c7297533e6aa1a9f0506eb27aa0b8c4e6b1ce736.bin,[15]
512,97039519e4c29f497c44bfb62bb76f3ebd67b34e.bin,24,194,datacopy/UCSB/97039519e4c29f497c44bfb62bb76f3ebd67b34e.bin,[15]
513,a460fd52b1eee90acf8c331b047f57924741125e.bin,24,194,datacopy/UCSB/a460fd52b1eee90acf8c331b047f57924741125e.bin,[15]
514,2e584062e4f731a155b6de89cdaa226937360d4c.bin,24,194,datacopy/UCSB/2e584062e4f731a155b6de89cdaa226937360d4c.bin,[15]
515,fa7f8f8218f64afe8fb8079e61d489e04bfbeabf.bin,24,194,datacopy/UCSB/fa7f8f8218f64afe8fb8079e61d489e04bfbeabf.bin,[15]
516,425142fa1fe022bc7cd2a2f686869bfafff73036.bin,24,194,datacopy/UCSB/425142fa1fe022bc7cd2a2f686869bfafff73036.bin,[15]
517,17f73c499338e4ea7a41dbb4010ab3e7e721ec74.bin,24,194,datacopy/UCSB/17f73c499338e4ea7a41dbb4010ab3e7e721ec74.bin,[15]
518,0054ccb61af77772eb1f11fb2558f50b5fa7b9de.bin,24,194,datacopy/UCSB/0054ccb61af77772eb1f11fb2558f50b5fa7b9de.bin,[15]
519,3497d9c6fef990b9ef231f9b3fd9520ab4c72747.bin,24,194,datacopy/UCSB/3497d9c6fef990b9ef231f9b3fd9520ab4c72747.bin,[15]
520,7b21330eb098b7aaad6d230c64299b53be04dd97.bin,24,194,datacopy/UCSB/7b21330eb098b7aaad6d230c64299b53be04dd97.bin,[15]
521,aba943ac8527504c4c231eb7c4eb179ecbdee761.bin,24,194,datacopy/UCSB/aba943ac8527504c4c231eb7c4eb179ecbdee761.bin,[15]
522,73167b9e009d41fe524a4c3e7a04021dc61514b1.bin,24,194,datacopy/UCSB/73167b9e009d41fe524a4c3e7a04021dc61514b1.bin,[15]
523,54e4c6ff885e118918d59166d1afb2d5478a0e1d.bin,24,194,datacopy/UCSB/54e4c6ff885e118918d59166d1afb2d5478a0e1d.bin,[15]
524,0fd1656d9d17a4004194473a7638a279f5c7bdbf.bin,24,194,datacopy/UCSB/0fd1656d9d17a4004194473a7638a279f5c7bdbf.bin,[15]
525,f94d3f9219df5be4a7ea8241d4938553c0a40dba.bin,24,194,datacopy/UCSB/f94d3f9219df5be4a7ea8241d4938553c0a40dba.bin,[15]
526,750161a74198779ffa11762faacadad1634206e0.bin,24,194,datacopy/UCSB/750161a74198779ffa11762faacadad1634206e0.bin,[15]
527,f64e5f34be4cb8672203ce1c4382ad3563a17021.bin,24,194,datacopy/UCSB/f64e5f34be4cb8672203ce1c4382ad3563a17021.bin,[15]
528,9e49750624f488e9ec5c38e7afd00edcda4f6146.bin,24,194,datacopy/UCSB/9e49750624f488e9ec5c38e7afd00edcda4f6146.bin,[15]
529,dd2e760938b0efde08b7f1d91c29366d62a88784.bin,24,194,datacopy/UCSB/dd2e760938b0efde08b7f1d91c29366d62a88784.bin,[15]
530,b32dced617786f1da56b8f66b0ad1f73b58146c8.bin,24,194,datacopy/UCSB/b32dced617786f1da56b8f66b0ad1f73b58146c8.bin,[15]
531,5bb8000280f229c250715c781ce826823dfd2ebd.bin,24,194,datacopy/UCSB/5bb8000280f229c250715c781ce826823dfd2ebd.bin,[15]
532,7844343cb62fc7ced2fb832761557bcaabd24994.bin,24,194,datacopy/UCSB/7844343cb62fc7ced2fb832761557bcaabd24994.bin,[15]
533,f9fb1623e84b55df84e987f28914756371a5ae37.bin,24,194,datacopy/UCSB/f9fb1623e84b55df84e987f28914756371a5ae37.bin,[15]
534,fcecffd07c4d0405a7bea3460edc59f3967be0d6.bin,24,194,datacopy/UCSB/fcecffd07c4d0405a7bea3460edc59f3967be0d6.bin,[15]
535,d568a9b7477014db3993815742303409e58b63ba.bin,24,194,datacopy/UCSB/d568a9b7477014db3993815742303409e58b63ba.bin,[15]
536,0c9ebf253a699693619747cecd6ba3c3a3d06d42.bin,24,194,datacopy/UCSB/0c9ebf253a699693619747cecd6ba3c3a3d06d42.bin,[15]
537,39044a8822dae3d1f74c19f6a7d7c4ff864ab190.bin,24,194,datacopy/UCSB/39044a8822dae3d1f74c19f6a7d7c4ff864ab190.bin,[15]
538,0cb15e82edd7f27fd398ed07eba0ffef321b780e.bin,24,194,datacopy/UCSB/0cb15e82edd7f27fd398ed07eba0ffef321b780e.bin,[15]
539,3d07128c5586d9ed7b20a3f747d051080a056112.bin,24,194,datacopy/UCSB/3d07128c5586d9ed7b20a3f747d051080a056112.bin,[15]
540,de37a2135b3f0341240b6fad9f739d08ef3e3614.bin,24,194,datacopy/UCSB/de37a2135b3f0341240b6fad9f739d08ef3e3614.bin,[15]
541,2012885eb5b3beb78ff0d532936d1c71b1fac51b.bin,24,194,datacopy/UCSB/2012885eb5b3beb78ff0d532936d1c71b1fac51b.bin,[15]
542,7d8b3ed19ef0e296abb85024f15d60864aed6693.bin,24,194,datacopy/UCSB/7d8b3ed19ef0e296abb85024f15d60864aed6693.bin,[15]
543,8ec9642b5bfaeddc926f3cc4659d997b45c28d14.bin,24,194,datacopy/UCSB/8ec9642b5bfaeddc926f3cc4659d997b45c28d14.bin,[15]
544,5740516e27c2f5097e2a8490c586ff72d353edcd.bin,24,194,datacopy/UCSB/5740516e27c2f5097e2a8490c586ff72d353edcd.bin,[15]
545,c5e6c97e27331b6d38717e156ba89df1387d94f7.bin,24,194,datacopy/UCSB/c5e6c97e27331b6d38717e156ba89df1387d94f7.bin,[15]
546,1ba5c40bcd29fe219061583d9874cea609a52e3c.bin,24,194,datacopy/UCSB/1ba5c40bcd29fe219061583d9874cea609a52e3c.bin,[15]
547,56f61e48ab435639625a9f82289ee29134d8b26e.bin,24,194,datacopy/UCSB/56f61e48ab435639625a9f82289ee29134d8b26e.bin,[15]
548,bde35ff8a7284e65a2dbbb753d93c1c9d93f0f6d.bin,24,194,datacopy/UCSB/bde35ff8a7284e65a2dbbb753d93c1c9d93f0f6d.bin,[15]
549,4606aae14280904ef3b74e15c38f639fe940c67f.bin,24,194,datacopy/UCSB/4606aae14280904ef3b74e15c38f639fe940c67f.bin,[15]
550,7c2235d17a272d8a741099979ce5e22ea9ad9124.bin,24,194,datacopy/UCSB/7c2235d17a272d8a741099979ce5e22ea9ad9124.bin,[15]
551,7bb2ddb37f2259e254edf37af5d2446fb286ae44.bin,24,194,datacopy/UCSB/7bb2ddb37f2259e254edf37af5d2446fb286ae44.bin,[15]
552,01f9caceb30a0caad4caca5525d786ac174ebd4a.bin,24,194,datacopy/UCSB/01f9caceb30a0caad4caca5525d786ac174ebd4a.bin,[15]
553,5e04af7d7224986a812b141c94e55162f267f0a6.bin,24,194,datacopy/UCSB/5e04af7d7224986a812b141c94e55162f267f0a6.bin,[15]
554,5b3ff21ea51bbb48e1c8ddb4593c8f8aa26c6f5f.bin,24,194,datacopy/UCSB/5b3ff21ea51bbb48e1c8ddb4593c8f8aa26c6f5f.bin,[15]
555,9c06f29ed63d6ac24689ee5b6a846aaa2bd7489c.bin,24,194,datacopy/UCSB/9c06f29ed63d6ac24689ee5b6a846aaa2bd7489c.bin,[15]
556,2ebf9148e2e3837d069b8e4cf117a167bf482e03.bin,24,194,datacopy/UCSB/2ebf9148e2e3837d069b8e4cf117a167bf482e03.bin,[15]
557,b689dde481bcde85aca6a96fa29ce09e30d9afad.bin,24,194,datacopy/UCSB/b689dde481bcde85aca6a96fa29ce09e30d9afad.bin,[15]
558,d9a9ed54ab890ea4484f7cf4280628140e747d5f.bin,24,194,datacopy/UCSB/d9a9ed54ab890ea4484f7cf4280628140e747d5f.bin,[15]
559,966f5aad1cfc01f11089733caebd5dbc6fb276a4.bin,24,194,datacopy/UCSB/966f5aad1cfc01f11089733caebd5dbc6fb276a4.bin,[15]
560,87fdefdbc289fcf98f263423809be8d263abe37c.bin,24,194,datacopy/UCSB/87fdefdbc289fcf98f263423809be8d263abe37c.bin,[15]
561,14b6e4439ef3f25fa6fb0e4ac816fdb17b1fda8d.bin,24,194,datacopy/UCSB/14b6e4439ef3f25fa6fb0e4ac816fdb17b1fda8d.bin,[15]
562,77e8cb9e00f2c3fbe610b6470fe1935ee59e1ba9.bin,24,194,datacopy/UCSB/77e8cb9e00f2c3fbe610b6470fe1935ee59e1ba9.bin,[15]
563,f5668747dac3d2bf250bf68fb1284f54a6ae8afe.bin,24,194,datacopy/UCSB/f5668747dac3d2bf250bf68fb1284f54a6ae8afe.bin,[15]
564,5a1d601558cbced078401c459eab7be5d3404dcf.bin,24,194,datacopy/UCSB/5a1d601558cbced078401c459eab7be5d3404dcf.bin,[15]
565,5edd5b700b71bf1ad1e84b05fd147ad4f1073678.bin,24,194,datacopy/UCSB/5edd5b700b71bf1ad1e84b05fd147ad4f1073678.bin,[15]
566,92efe677341951477f40c2b1345f1579ecd609ab.bin,24,194,datacopy/UCSB/92efe677341951477f40c2b1345f1579ecd609ab.bin,[15]
567,4c7f6f2237cd93cc59a819d70ca40e64ca2c082b.bin,24,194,datacopy/UCSB/4c7f6f2237cd93cc59a819d70ca40e64ca2c082b.bin,[15]
568,b9bd5afd6855e12368248c4d0809bd6210e647ca.bin,24,194,datacopy/UCSB/b9bd5afd6855e12368248c4d0809bd6210e647ca.bin,[15]
569,0abfd5540112a93a1ade92d446048e66bf9cd844.bin,24,194,datacopy/UCSB/0abfd5540112a93a1ade92d446048e66bf9cd844.bin,[15]
570,a82155dc4c0041d29ae36b3f31d3489a33ffbefc.bin,24,194,datacopy/UCSB/a82155dc4c0041d29ae36b3f31d3489a33ffbefc.bin,[15]
571,2223dd1ac29835fcf26a7e5f799460412254e1e5.bin,24,194,datacopy/UCSB/2223dd1ac29835fcf26a7e5f799460412254e1e5.bin,[15]
572,2633bbc63f9d9420fe543c42131bb3b0e49d6a98.bin,24,194,datacopy/UCSB/2633bbc63f9d9420fe543c42131bb3b0e49d6a98.bin,[15]
573,a2595fb45feb70b4aca3ed4e6204fa1983127741.bin,24,194,datacopy/UCSB/a2595fb45feb70b4aca3ed4e6204fa1983127741.bin,[15]
574,76e82e21f3a6b6c96097121800496d904cdde861.bin,24,194,datacopy/UCSB/76e82e21f3a6b6c96097121800496d904cdde861.bin,[15]
575,5d8fb77a3f93bad2d13d237d1407f5757371ece3.bin,24,194,datacopy/UCSB/5d8fb77a3f93bad2d13d237d1407f5757371ece3.bin,[15]
576,4a3b0e488fa4c0bf9d33a10ef8a9b5bf779daab5.bin,24,194,datacopy/UCSB/4a3b0e488fa4c0bf9d33a10ef8a9b5bf779daab5.bin,[15]
577,8d571517c5081e78058a7f5b77346995319e802e.bin,24,194,datacopy/UCSB/8d571517c5081e78058a7f5b77346995319e802e.bin,[15]
578,970738b9221414e237b354df4ff96c295718684f.bin,24,194,datacopy/UCSB/970738b9221414e237b354df4ff96c295718684f.bin,[15]
579,874c0343d07ad7787c6ec77ab83e3b9cf38a118f.bin,25,1155,datacopy/UCSB.JP/data_feed.geo_japan_6m_public_flag/8/7/4/874c0343d07ad7787c6ec77ab83e3b9cf38a118f.bin,"[10, 222]"
580,a20b2e4c4ec0cbb86a072f4844c7cf5e58284059.bin,25,1155,datacopy/UCSB.JP/data_feed.geo_japan_6m_public_flag/a/2/0/a20b2e4c4ec0cbb86a072f4844c7cf5e58284059.bin,"[10, 222]"
581,ec324569011012f47bded65899abbcfc8a08759c.bin,25,1155,datacopy/UCSB.JP/data_feed.geo_japan_6m_public_flag/e/c/3/ec324569011012f47bded65899abbcfc8a08759c.bin,"[10, 222]"
582,bd4c3e060252aa6a9f1c8dcf2fdc83da790d099e.bin,25,1155,datacopy/UCSB.JP/data_feed.geo_japan_6m_public_flag/b/d/4/bd4c3e060252aa6a9f1c8dcf2fdc83da790d099e.bin,"[10, 222]"
583,2b9c6a73db92573bb97d002beca89235e4967d61.bin,25,1155,datacopy/UCSB.JP/data_feed.geo_japan_6m_public_flag/2/b/9/2b9c6a73db92573bb97d002beca89235e4967d61.bin,"[10, 222]"
584,1b33e63f3ab6ee95238b2331e853eaa2dba5e541.bin,25,1155,datacopy/UCSB.JP/data_feed.geo_japan_6m_public_flag/1/b/3/1b33e63f3ab6ee95238b2331e853eaa2dba5e541.bin,"[10, 222]"
585,5bc02327333b3173a9d24e9f1e5442247b416b8a.bin,25,1155,datacopy/UCSB.JP/data_feed.geo_japan_6m_public_flag/5/b/c/5bc02327333b3173a9d24e9f1e5442247b416b8a.bin,"[10, 222]"
586,5225367c011a6a1037275164f8f01f9428d0c9f0.bin,25,1155,datacopy/UCSB.JP/data_feed.geo_japan_6m_public_flag/5/2/2/5225367c011a6a1037275164f8f01f9428d0c9f0.bin,"[10, 222]"
587,573313f8b4f71fe201059e024bc996871c27a87e.bin,25,1155,datacopy/UCSB.JP/data_feed.geo_japan_6m_public_flag/5/7/3/573313f8b4f71fe201059e024bc996871c27a87e.bin,"[10, 222]"
588,fde200f71101e2c69134ffb03f8bf9ca50cb1802.bin,25,1155,datacopy/UCSB.JP/data_feed.geo_japan_6m_public_flag/f/d/e/fde200f71101e2c69134ffb03f8bf9ca50cb1802.bin,"[10, 222]"
589,49e34c6e9a19a5a078a6a0f0722c21af7f11be09.bin,25,1155,datacopy/UCSB.JP/data_feed.geo_japan_6m_public_flag/4/9/e/49e34c6e9a19a5a078a6a0f0722c21af7f11be09.bin,"[10, 222]"
590,0303ca1a380527dd68668ae0b6c7dcaf7ea92ccc.bin,25,1155,datacopy/UCSB.JP/data_feed.geo_japan_6m_public_flag/0/3/0/0303ca1a380527dd68668ae0b6c7dcaf7ea92ccc.bin,"[10, 222]"
591,0f1fbd7fb6abb614eeeb96d0e599d7dbf6fd0eba.bin,25,1155,datacopy/UCSB.JP/data_feed.geo_japan_6m_public_flag/0/f/1/0f1fbd7fb6abb614eeeb96d0e599d7dbf6fd0eba.bin,"[10, 222]"
592,042fbdf8725844cc0a47271bc0d9e5a4ebd5db32.bin,25,1155,datacopy/UCSB.JP/data_feed.geo_japan_6m_public_flag/0/4/2/042fbdf8725844cc0a47271bc0d9e5a4ebd5db32.bin,"[10, 222]"
593,7224e063ce530537b755364af70d47567d48e7a4.bin,25,1155,datacopy/UCSB.JP/data_feed.geo_japan_6m_public_flag/7/2/2/7224e063ce530537b755364af70d47567d48e7a4.bin,"[10, 222]"
594,7ce46dd94203c0b426e3e5ba201c1cb0ba0d8a52.bin,25,1155,datacopy/UCSB.JP/data_feed.geo_japan_6m_public_flag/7/c/e/7ce46dd94203c0b426e3e5ba201c1cb0ba0d8a52.bin,"[10, 222]"
595,2eda33e44946c3b534a3164a463429558c0820859f2e24b50ec963d8fd515ea5,25,1155,datacopy/Stefano/2eda33e44946c3b534a3164a463429558c0820859f2e24b50ec963d8fd515ea5,"[10, 222]"
596,1e1baacb4f07e1d17aa9d12f2ecbbc50f8f8ef397e76cf313dd2f1ffef7a917a,25,1155,datacopy/Stefano/1e1baacb4f07e1d17aa9d12f2ecbbc50f8f8ef397e76cf313dd2f1ffef7a917a,"[10, 222]"
597,4345c53f29a650f53d242cd39a6feed2b15faf46018ec6684af042e43e9d1b97,25,1155,datacopy/Stefano/4345c53f29a650f53d242cd39a6feed2b15faf46018ec6684af042e43e9d1b97,"[10, 222]"
598,db1b008e5776e496f263359352def24977f5226c1fc7ba002f1320b9267a66af,25,54,datacopy/Stefano/db1b008e5776e496f263359352def24977f5226c1fc7ba002f1320b9267a66af,"[10, 222]"
599,a780b73f4544b48281035ec666ea0a626e65bc8c7ce4540bb1e8d27b10432944,25,1155,datacopy/Stefano/a780b73f4544b48281035ec666ea0a626e65bc8c7ce4540bb1e8d27b10432944,"[10, 222]"
600,ffa1eb9d1a412e3b932ec7f007bb27ed2b841626cc85539658993b042d5385a8,25,1155,datacopy/Stefano/ffa1eb9d1a412e3b932ec7f007bb27ed2b841626cc85539658993b042d5385a8,"[10, 222]"
601,8f84e4d0163d40443a91b393c47431177583281f3f816470693fe44c3f4158b2,25,1155,datacopy/Stefano/8f84e4d0163d40443a91b393c47431177583281f3f816470693fe44c3f4158b2,"[10, 222]"
602,3efe7007e36c5ac1210b7445ab49f0a5a74336915e817dc27ae1eb58164ae77c,25,1155,datacopy/Stefano/3efe7007e36c5ac1210b7445ab49f0a5a74336915e817dc27ae1eb58164ae77c,"[10, 222]"
603,a3c895c6ef324ed724003957fa2cc75d6bd785cb17e7460facda9e8d6ccafbc1,25,1155,datacopy/Stefano/a3c895c6ef324ed724003957fa2cc75d6bd785cb17e7460facda9e8d6ccafbc1,"[10, 222]"
604,c65a5d23e240c991ec9afe227f0eeef2b020197d410e7dc3f548c3afe2396981,25,1155,datacopy/Stefano/c65a5d23e240c991ec9afe227f0eeef2b020197d410e7dc3f548c3afe2396981,"[10, 222]"
605,0946dfefb1b82d779caac41aead1976b9f7ec63acd9330a6c8cb60431f849cd8,25,1155,datacopy/Stefano/0946dfefb1b82d779caac41aead1976b9f7ec63acd9330a6c8cb60431f849cd8,"[10, 222]"
606,0b946bd2f751684bdef02207ce2996a707f05ea5733f4fa7672e3d113ac1c165,25,1155,datacopy/Stefano/0b946bd2f751684bdef02207ce2996a707f05ea5733f4fa7672e3d113ac1c165,"[10, 222]"
607,da47ad3273b67adbaa72916e92681a193f365d776bcf26e361f7aabc145d0204,25,1155,datacopy/Stefano/da47ad3273b67adbaa72916e92681a193f365d776bcf26e361f7aabc145d0204,"[10, 222]"
608,0880753ae8b82ae591bfded631cc72cbd8745260634b69b15ef17d24c3f1f660,25,1155,datacopy/Stefano/0880753ae8b82ae591bfded631cc72cbd8745260634b69b15ef17d24c3f1f660,"[10, 222]"
609,8474c65b61e12908c35ba13bf02c2353662470f970b04f411e01d4dbf05c4607,25,1155,datacopy/Stefano/8474c65b61e12908c35ba13bf02c2353662470f970b04f411e01d4dbf05c4607,"[10, 222]"
610,f9b8d514d2190d54a861a501fb911a604f38408e083437dae9b056238e897336,25,1155,datacopy/Stefano/f9b8d514d2190d54a861a501fb911a604f38408e083437dae9b056238e897336,"[10, 222]"
611,8a411abfbc42a2506ae20bdf5aa67c96140a0b79bc5389dd3ade7c2968bda2f3,25,1155,datacopy/Stefano/8a411abfbc42a2506ae20bdf5aa67c96140a0b79bc5389dd3ade7c2968bda2f3,"[10, 222]"
612,79e9ad5e4cecc28f549388f9f1ca7ef636c666447cb8afe8e3c96a3673bea6c0,25,1155,datacopy/Stefano/79e9ad5e4cecc28f549388f9f1ca7ef636c666447cb8afe8e3c96a3673bea6c0,"[10, 222]"
613,837010acd9647a0a6f3c0798ed1fc0695f3a4547096f1188abfcb93c4e8cbfeb,25,1155,datacopy/Stefano/837010acd9647a0a6f3c0798ed1fc0695f3a4547096f1188abfcb93c4e8cbfeb,"[10, 222]"
614,7b97e4b763a6dc70581a07591d5d1ce76550251b97127d2d4a6d3d09dd81c336,25,1155,datacopy/Stefano/7b97e4b763a6dc70581a07591d5d1ce76550251b97127d2d4a6d3d09dd81c336,"[10, 222]"
615,20d0d272d41ce5dd16e7fd7a17935b3378cc3baac83d4881184b36cfddc15cae,25,1155,datacopy/Stefano/20d0d272d41ce5dd16e7fd7a17935b3378cc3baac83d4881184b36cfddc15cae,"[10, 222]"
616,3c8bac7c4598b2ddfbf5baf872085e362a8db6ccfec8ec641636d456c5986477,25,1155,datacopy/Stefano/3c8bac7c4598b2ddfbf5baf872085e362a8db6ccfec8ec641636d456c5986477,"[10, 222]"
617,a51cb23b849f4cbe0a5c7ccc8f724fb791fe7394ec4cfa1412fd4353cae06809,25,1155,datacopy/Stefano/a51cb23b849f4cbe0a5c7ccc8f724fb791fe7394ec4cfa1412fd4353cae06809,"[10, 222]"
618,2cbca2cd2889ff9347f95949ccdcedffc6759a20a35827398a04c74d1e9f653f,25,1155,datacopy/Stefano/2cbca2cd2889ff9347f95949ccdcedffc6759a20a35827398a04c74d1e9f653f,"[10, 222]"
619,d910c3dc6af7282cd2256fe3a8c8387b664a9f82b732eed0967a92b18f8a4814,25,1155,datacopy/Stefano/d910c3dc6af7282cd2256fe3a8c8387b664a9f82b732eed0967a92b18f8a4814,"[10, 222]"
620,066d8288029552c630f2f01150978c474ee5f403359c24c125f55366fa5dbbd3,25,1155,datacopy/Stefano/066d8288029552c630f2f01150978c474ee5f403359c24c125f55366fa5dbbd3,"[10, 222]"
621,a080fef24548f76e6f0daead032aa50c1ae5b866ea7878c175f32826553f7362,25,1155,datacopy/Stefano/a080fef24548f76e6f0daead032aa50c1ae5b866ea7878c175f32826553f7362,"[10, 222]"
622,2f3a37a63b5595acb7abbda54e4767f3e0f36b5c162047fa38bae067618344e4,25,1155,datacopy/Stefano/2f3a37a63b5595acb7abbda54e4767f3e0f36b5c162047fa38bae067618344e4,"[10, 222]"
623,9700cd7a33c53372c030a9c788057ba60f2949f657ae73b718465c7c3c6d7e22,25,1155,datacopy/Stefano/9700cd7a33c53372c030a9c788057ba60f2949f657ae73b718465c7c3c6d7e22,"[10, 222]"
624,52b095c53ef69fb67fc6b3c2f995b794af2223569a0db5f1ab3818b0af2403ab,25,1155,datacopy/Stefano/52b095c53ef69fb67fc6b3c2f995b794af2223569a0db5f1ab3818b0af2403ab,"[10, 222]"
625,872f13db1153910c241b8df0089f9acf191b664b8a736f8408c3c9e4d5682b9e,25,1155,datacopy/Stefano/872f13db1153910c241b8df0089f9acf191b664b8a736f8408c3c9e4d5682b9e,"[10, 222]"
626,bcf07ff7a73042e97011f1f53a534b62088f60a1b0d9b92c4d63f82e0a45d44d,25,1155,datacopy/Stefano/bcf07ff7a73042e97011f1f53a534b62088f60a1b0d9b92c4d63f82e0a45d44d,"[10, 222]"
627,559d4ceeab6dc8a570ce8f3b1d904fbd8291b26a797cccf32e4598228d8ca977,25,1155,datacopy/Stefano/559d4ceeab6dc8a570ce8f3b1d904fbd8291b26a797cccf32e4598228d8ca977,"[10, 222]"
628,2873139f32eb3e5b61e86e2a71dfc26199a3c198a2ec0f6097b221c4b179db49,25,1155,datacopy/Stefano/2873139f32eb3e5b61e86e2a71dfc26199a3c198a2ec0f6097b221c4b179db49,"[10, 222]"
629,c360e4131310aa5c0144895a31c6d6878af271c9d4876c8d5c57660528af6222,25,1155,datacopy/Stefano/c360e4131310aa5c0144895a31c6d6878af271c9d4876c8d5c57660528af6222,"[10, 222]"
630,74375a911e2166a00bea14db9fd9140257e0c91e549f93057cdf4e9c90815806,25,1155,datacopy/Stefano/74375a911e2166a00bea14db9fd9140257e0c91e549f93057cdf4e9c90815806,"[10, 222]"
631,93b25307eb33fc8ace0254cd6de003e2bc5bd675d0cd8cc1cc94254502a0c424,25,1155,datacopy/Stefano/93b25307eb33fc8ace0254cd6de003e2bc5bd675d0cd8cc1cc94254502a0c424,"[10, 222]"
632,72db81665b0a3e55286fe26a81b2ea475f61fca1fa1db445ecb8b2318cdf7036,25,1155,datacopy/Stefano/72db81665b0a3e55286fe26a81b2ea475f61fca1fa1db445ecb8b2318cdf7036,"[10, 222]"
633,42c7b3b9beac5a58f3d36ff0774d1f3abcdcc51b2de0d6c53865758be6674bfc,25,1155,datacopy/Stefano/42c7b3b9beac5a58f3d36ff0774d1f3abcdcc51b2de0d6c53865758be6674bfc,"[10, 222]"
634,1292f977eb64e1ee88213ec35b8e7d91e799fc351cf3eca36c198781fb4fd599,25,1155,datacopy/Stefano/1292f977eb64e1ee88213ec35b8e7d91e799fc351cf3eca36c198781fb4fd599,"[10, 222]"
635,4a2b2b65bfbd10a0bd1b772e3d087ba1bb0e8528825a2c29baf6578b94eecb25,25,1155,datacopy/Stefano/4a2b2b65bfbd10a0bd1b772e3d087ba1bb0e8528825a2c29baf6578b94eecb25,"[10, 222]"
636,bfc1bf94d18898b37d842bbaba5debe45823eb5858b233181098b63d15e148fd,25,1155,datacopy/Stefano/bfc1bf94d18898b37d842bbaba5debe45823eb5858b233181098b63d15e148fd,"[10, 222]"
637,a2f7641b0665ed41e4ccaadf09e3373b788412f2f89826fca6e516d34fcab974,25,1155,datacopy/Stefano/a2f7641b0665ed41e4ccaadf09e3373b788412f2f89826fca6e516d34fcab974,"[10, 222]"
638,9d2ed237ce93a5cdaca0c0232f0dd8c1f826bb3af5c4aa65d54f029d8c085720,25,1155,datacopy/Stefano/9d2ed237ce93a5cdaca0c0232f0dd8c1f826bb3af5c4aa65d54f029d8c085720,"[10, 222]"
639,79f9c66a471936595aa3b7bfccc8eefb10909a0efd926a535ef8f0e19e723be2,25,1155,datacopy/Stefano/79f9c66a471936595aa3b7bfccc8eefb10909a0efd926a535ef8f0e19e723be2,"[10, 222]"
640,ee7865182e9da6e6f5e6f551285b77dc222b4a9353d755e034b9104eac1451ad,25,1155,datacopy/Stefano/ee7865182e9da6e6f5e6f551285b77dc222b4a9353d755e034b9104eac1451ad,"[10, 222]"
641,5b61d33c4adc676df86e60c76e47a42b3d847aa8f81f196d9db1ef19f670e047,25,1155,datacopy/Stefano/5b61d33c4adc676df86e60c76e47a42b3d847aa8f81f196d9db1ef19f670e047,"[10, 222]"
642,5fd03a8261ff7d72f5dc1499af61970ff09c058ae580f28258feb7e7a3d8b9e4,25,1155,datacopy/Stefano/5fd03a8261ff7d72f5dc1499af61970ff09c058ae580f28258feb7e7a3d8b9e4,"[10, 222]"
643,ad9a1a9ad76725275675cf24be6102bed7b9b0e63819f4a7e7347b2892722175,25,1155,datacopy/Stefano/ad9a1a9ad76725275675cf24be6102bed7b9b0e63819f4a7e7347b2892722175,"[10, 222]"
644,deedecd35f43baed8043bbcc05ea1bebf516275be5f94728429da25a8f3d40f2,25,1155,datacopy/Stefano/deedecd35f43baed8043bbcc05ea1bebf516275be5f94728429da25a8f3d40f2,"[10, 222]"
645,2a5501de3e1b41dbd2a74c2a14ecc4e6d98d8605d592dc6c8a82e462323264c3,25,1155,datacopy/Stefano/2a5501de3e1b41dbd2a74c2a14ecc4e6d98d8605d592dc6c8a82e462323264c3,"[10, 222]"
646,f4f189baec8e6105a125ccdea2cf96909b14dcd380402560530f0c2a515e6ccc,25,1155,datacopy/Stefano/f4f189baec8e6105a125ccdea2cf96909b14dcd380402560530f0c2a515e6ccc,"[10, 222]"
647,eeeeb9a52cdf877e2273cc932fee73d60b0b23d5a27e2d39d04134d90064e401,25,1155,datacopy/Stefano/eeeeb9a52cdf877e2273cc932fee73d60b0b23d5a27e2d39d04134d90064e401,"[10, 222]"
648,73a7b2d9f5ffc2968ba5fdf339369ed9a70d45ecfc8d03c6bde2cfb8b5e2bf71,25,1155,datacopy/Stefano/73a7b2d9f5ffc2968ba5fdf339369ed9a70d45ecfc8d03c6bde2cfb8b5e2bf71,"[10, 222]"
649,001b49432c19c3952e2363b4aa6ecac89c99d7ad139127bb9104f20f4499e361,25,1155,datacopy/Stefano/001b49432c19c3952e2363b4aa6ecac89c99d7ad139127bb9104f20f4499e361,"[10, 222]"
650,e03648a0328f815ed16e7aeac2ac69cab54a1c650bab0f0f5a6b1597dcde8882,25,1155,datacopy/Stefano/e03648a0328f815ed16e7aeac2ac69cab54a1c650bab0f0f5a6b1597dcde8882,"[10, 222]"
651,2dc7b97c79fb1233a899a26da7cbe9d59d6a658eb983f4002404c33cd362144a,25,1155,datacopy/Stefano/2dc7b97c79fb1233a899a26da7cbe9d59d6a658eb983f4002404c33cd362144a,"[10, 222]"
652,bc9b8382ea2cf23177acc6894f81b92e3c70472db86640cc9fe160ac4c213dde,25,1155,datacopy/Stefano/bc9b8382ea2cf23177acc6894f81b92e3c70472db86640cc9fe160ac4c213dde,"[10, 222]"
653,fa67ced0ad70f6cb12058feb161222327f48c8c37750a98bed537b33bdb1ac4a,25,1155,datacopy/Stefano/fa67ced0ad70f6cb12058feb161222327f48c8c37750a98bed537b33bdb1ac4a,"[10, 222]"
654,22b23467151818794441280ce9a4087dd5bbd8ebef53a226f304508e7eb25b2d,25,1155,datacopy/Stefano/22b23467151818794441280ce9a4087dd5bbd8ebef53a226f304508e7eb25b2d,"[10, 222]"
655,0805aa95a72777ffc2c00fe2d50abaf474571946a1f979fd75c77417a02c7962,25,1155,datacopy/Stefano/0805aa95a72777ffc2c00fe2d50abaf474571946a1f979fd75c77417a02c7962,"[10, 222]"
656,7b46833b326378aaf764b488ec3098d99b845916e3dad9d59bfb3b7a5bb7fc16,25,1155,datacopy/Stefano/7b46833b326378aaf764b488ec3098d99b845916e3dad9d59bfb3b7a5bb7fc16,"[10, 222]"
657,151a88a715b4e433198d0f84921b71606709603b98898460511a0ebb9b7a4a40,25,1155,datacopy/Stefano/151a88a715b4e433198d0f84921b71606709603b98898460511a0ebb9b7a4a40,"[10, 222]"
658,2abd3edf681820a121d9665f8a9ce4e88dc5ac3fac49c4a85fab6041cd88f96e,25,1155,datacopy/Stefano/2abd3edf681820a121d9665f8a9ce4e88dc5ac3fac49c4a85fab6041cd88f96e,"[10, 222]"
659,b5cc9bb03298b3d6313395442f8467ab29222469241d35cdf3e80a4bccca22d9,25,1155,datacopy/Stefano/b5cc9bb03298b3d6313395442f8467ab29222469241d35cdf3e80a4bccca22d9,"[10, 222]"
660,dc0961050e926db7813de6831536fddd5ae924ee1745356b3a87a8d221da1201,25,1155,datacopy/Stefano/dc0961050e926db7813de6831536fddd5ae924ee1745356b3a87a8d221da1201,"[10, 222]"
661,d7856cbffe28cef90a50237d5cc1643de1cd882beeda047957ef7cd291f6c4c7,25,1155,datacopy/Stefano/d7856cbffe28cef90a50237d5cc1643de1cd882beeda047957ef7cd291f6c4c7,"[10, 222]"
662,d06d0ba4125a9f9f05b8f2a6e8ea3f0f2cdd7fd96c8322cf47b3f32023fd9352,25,1155,datacopy/Stefano/d06d0ba4125a9f9f05b8f2a6e8ea3f0f2cdd7fd96c8322cf47b3f32023fd9352,"[10, 222]"
663,d9cae53e6e6771b25a8f7138a0a6b7ae61f04d72451eb0301943fde21213f310,25,1155,datacopy/Stefano/d9cae53e6e6771b25a8f7138a0a6b7ae61f04d72451eb0301943fde21213f310,"[10, 222]"
664,34f58f4a7181448f78c0d4194f5fadd2917b3da5e302907ecbe2d8a40de27710,25,1155,datacopy/Stefano/34f58f4a7181448f78c0d4194f5fadd2917b3da5e302907ecbe2d8a40de27710,"[10, 222]"
665,94af5a8c51b12fd16e7e67bee86af6cb5ee58b7940c894fe5dd1b87117928071,25,1155,datacopy/Stefano/94af5a8c51b12fd16e7e67bee86af6cb5ee58b7940c894fe5dd1b87117928071,"[10, 222]"
666,11fc84b88cda49487e28b7852c24ff401facc165a464ee3f1f686deb7fad2678,25,1155,datacopy/Stefano/11fc84b88cda49487e28b7852c24ff401facc165a464ee3f1f686deb7fad2678,"[10, 222]"
667,2924c6025933a3257158d19ee680be3c2627ed24f89e337357038ea00618b49b,25,1155,datacopy/Stefano/2924c6025933a3257158d19ee680be3c2627ed24f89e337357038ea00618b49b,"[10, 222]"
668,0ad43abe71f1ffbaa0ee02d04568a5bc42dd0ed133c714f62fec3ac9b8e0a02b,25,1155,datacopy/Stefano/0ad43abe71f1ffbaa0ee02d04568a5bc42dd0ed133c714f62fec3ac9b8e0a02b,"[10, 222]"
669,468de1807dd0412a67d321db3fa1f3068ef17127d08bd5f43f8dfdc1ba034843,25,1155,datacopy/Stefano/468de1807dd0412a67d321db3fa1f3068ef17127d08bd5f43f8dfdc1ba034843,"[10, 222]"
670,c5e42205d48c636b99dadd8a3cf4d38722f81ea2826bde514c2191eb5fe383ab,25,1155,datacopy/Stefano/c5e42205d48c636b99dadd8a3cf4d38722f81ea2826bde514c2191eb5fe383ab,"[10, 222]"
671,78c7650c0ca8d75df6e9cea2081680436028caf98846f312c7194727148f0ec6,25,1155,datacopy/Stefano/78c7650c0ca8d75df6e9cea2081680436028caf98846f312c7194727148f0ec6,"[10, 222]"
672,06c27f17b68220037e3570e76681edd73ca30dd9e25c04cbd5965014264a3e4e,25,1155,datacopy/Stefano/06c27f17b68220037e3570e76681edd73ca30dd9e25c04cbd5965014264a3e4e,"[10, 222]"
673,c0f2ba4f8b21861a34c2f473afb6227311c1726ca71bbc00fbac1880b38c22c0,25,1155,datacopy/Stefano/c0f2ba4f8b21861a34c2f473afb6227311c1726ca71bbc00fbac1880b38c22c0,"[10, 222]"
674,ef3558949167b1ec698a4168fb321888475ff861de0f540e77402e1698b30543,25,1155,datacopy/Stefano/ef3558949167b1ec698a4168fb321888475ff861de0f540e77402e1698b30543,"[10, 222]"
675,fdb05e7fe153e30261228def29e5b837ce0dc0db99e00c75e100bc73dda2013c,25,1155,datacopy/Stefano/fdb05e7fe153e30261228def29e5b837ce0dc0db99e00c75e100bc73dda2013c,"[10, 222]"
676,b95d9900cbcaedf6a5adbbc886791963c9f5299ba75459239140fd2462cc1db4,25,1155,datacopy/Stefano/b95d9900cbcaedf6a5adbbc886791963c9f5299ba75459239140fd2462cc1db4,"[10, 222]"
677,90650290c73eceb30f0ba5afb4b45037b925bca8430fe089694c41372a0fc1c7,25,1155,datacopy/Stefano/90650290c73eceb30f0ba5afb4b45037b925bca8430fe089694c41372a0fc1c7,"[10, 222]"
678,fee49f5d5567e2f0b7a9cf7243b9a50ae4ee3fce04a93cd5671ad57a84ce15fc,25,1155,datacopy/Stefano/fee49f5d5567e2f0b7a9cf7243b9a50ae4ee3fce04a93cd5671ad57a84ce15fc,"[10, 222]"
679,9d81af7dd0f49fb11a4fbb49581d662e40c55443195a40bfb837eda446eb706f,25,1155,datacopy/Stefano/9d81af7dd0f49fb11a4fbb49581d662e40c55443195a40bfb837eda446eb706f,"[10, 222]"
680,0042f4c1ef970ab39cd02ba3c340ea01d3a6f7a7c3ea2773ba410073a71ec07d,25,1155,datacopy/Stefano/0042f4c1ef970ab39cd02ba3c340ea01d3a6f7a7c3ea2773ba410073a71ec07d,"[10, 222]"
681,e00e41baa4bd96b282a44d69479180949ce8734eab53b122c522e2c965e72804,25,1155,datacopy/Stefano/e00e41baa4bd96b282a44d69479180949ce8734eab53b122c522e2c965e72804,"[10, 222]"
682,2030f6abd524c38e5d17f46078094840e376e3bcef3f3d3e292b8ad58b8db670,25,1155,datacopy/Stefano/2030f6abd524c38e5d17f46078094840e376e3bcef3f3d3e292b8ad58b8db670,"[10, 222]"
683,67c6c305e2d19f752385e5d9fe0d7b92c44d67d3f51d3d3b7d6a63f92b593bff,25,1155,datacopy/Stefano/67c6c305e2d19f752385e5d9fe0d7b92c44d67d3f51d3d3b7d6a63f92b593bff,"[10, 222]"
684,fd28aea087fc5aef1648f7b041068af6593ccdf71840cb63928e1902c69a4ef1,25,1155,datacopy/Stefano/fd28aea087fc5aef1648f7b041068af6593ccdf71840cb63928e1902c69a4ef1,"[10, 222]"
685,b85e6fa5390be0ac1486c811cd86b9f75e9d6b6bd9d52f9601d6d0400b1ead66,25,1155,datacopy/Stefano/b85e6fa5390be0ac1486c811cd86b9f75e9d6b6bd9d52f9601d6d0400b1ead66,"[10, 222]"
686,8cf3b1faa5453ceeee92e46445ab5d258e8d1fdc280d808e86a04f1e8be82201,25,1155,datacopy/Stefano/8cf3b1faa5453ceeee92e46445ab5d258e8d1fdc280d808e86a04f1e8be82201,"[10, 222]"
687,7ee7c736f338c6f3525dcde942dfd3d93432a59ec9f6e01c1bb8bbfbc4b03499,25,1155,datacopy/Stefano/7ee7c736f338c6f3525dcde942dfd3d93432a59ec9f6e01c1bb8bbfbc4b03499,"[10, 222]"
688,0a4414680fc2653bfc62e0bbce5320851676dacc1ea4614343b15c64944b3063,25,1155,datacopy/Stefano/0a4414680fc2653bfc62e0bbce5320851676dacc1ea4614343b15c64944b3063,"[10, 222]"
689,dcdd18b5693cb3dd24426535c4c8d60ce5cba8992f0d36b670ac82543956a51d,25,1155,datacopy/Stefano/dcdd18b5693cb3dd24426535c4c8d60ce5cba8992f0d36b670ac82543956a51d,"[10, 222]"
690,97ff3c99948d8c4f4d436f49c29b3683ecac5d039e05bc688ad89fca32632fa6,25,1155,datacopy/Stefano/97ff3c99948d8c4f4d436f49c29b3683ecac5d039e05bc688ad89fca32632fa6,"[10, 222]"
691,613c067d2c7655743302970f8bfdbd0739745d3aec78bf86cbcbf94744cf0913,25,1155,datacopy/Stefano/613c067d2c7655743302970f8bfdbd0739745d3aec78bf86cbcbf94744cf0913,"[10, 222]"
692,b280395e9205b8255e57e9f960851d88eb81fe6e0ed7d5affa020bd57108ed05,25,1155,datacopy/Stefano/b280395e9205b8255e57e9f960851d88eb81fe6e0ed7d5affa020bd57108ed05,"[10, 222]"
693,796653d8f11766151cc3727d14c9789b133319e9f778e0b3a13bd31848e01d0a,25,1155,datacopy/Stefano/796653d8f11766151cc3727d14c9789b133319e9f778e0b3a13bd31848e01d0a,"[10, 222]"
694,b48c28a718751b955afa8a80fcd286cdda0ab1f667d951e5a3970e0816a3eaa5,25,1155,datacopy/Stefano/b48c28a718751b955afa8a80fcd286cdda0ab1f667d951e5a3970e0816a3eaa5,"[10, 222]"
695,30c55d96ab50f2720d1903351f9336a022aa5eaeadee47d8fb1bba3ca1277e54,25,1155,datacopy/Stefano/30c55d96ab50f2720d1903351f9336a022aa5eaeadee47d8fb1bba3ca1277e54,"[10, 222]"
696,d73ff059e958e5d3f2cecb1348fec411b1fbd2cbfa8f494c67be6998f30246f8,25,1155,datacopy/Stefano/d73ff059e958e5d3f2cecb1348fec411b1fbd2cbfa8f494c67be6998f30246f8,"[10, 222]"
697,62758a0c4526248836157a8c21bc62be860c1da420d053bb50074f7f0d6be0f6,25,1155,datacopy/Stefano/62758a0c4526248836157a8c21bc62be860c1da420d053bb50074f7f0d6be0f6,"[10, 222]"
698,774c04a15f7873f0935373686969e5e5809c33a6a90905b9e970ca1959ec55c8,25,1155,datacopy/Stefano/774c04a15f7873f0935373686969e5e5809c33a6a90905b9e970ca1959ec55c8,"[10, 222]"
699,c4aca10736b2b7b961239e5b2c339090c135ddec6e0f59f9be15d05e20258cb9,25,1155,datacopy/Stefano/c4aca10736b2b7b961239e5b2c339090c135ddec6e0f59f9be15d05e20258cb9,"[10, 222]"
700,f16330fdd04279d3548784bec643fcadd2b7e4fb83d05444d459f0824e5e37b4,25,1155,datacopy/Stefano/f16330fdd04279d3548784bec643fcadd2b7e4fb83d05444d459f0824e5e37b4,"[10, 222]"
701,d2025b180c57735857ff78a6079135d2ce740881b898dbda28e12d5f8a83dbab,25,1155,datacopy/Stefano/d2025b180c57735857ff78a6079135d2ce740881b898dbda28e12d5f8a83dbab,"[10, 222]"
702,c16ce96f81778ef4d4a388c9a44510cf810306cee23b1f04e5fc3c8c573a4ac1,25,1155,datacopy/Stefano/c16ce96f81778ef4d4a388c9a44510cf810306cee23b1f04e5fc3c8c573a4ac1,"[10, 222]"
703,94dab62cf554c835c62fddd282de231c95fe260b604b02a367868001812f6370,25,1155,datacopy/Stefano/94dab62cf554c835c62fddd282de231c95fe260b604b02a367868001812f6370,"[10, 222]"
704,9df4489a5dcb20403d864c8878b7a42cd4c585fb6c2109f2e68b0554a3b4afdd,25,1155,datacopy/Stefano/9df4489a5dcb20403d864c8878b7a42cd4c585fb6c2109f2e68b0554a3b4afdd,"[10, 222]"
705,bdbadd79a24f5b925591b317c28bba18782152a83f222df56d2bc9584af235be,25,1155,datacopy/Stefano/bdbadd79a24f5b925591b317c28bba18782152a83f222df56d2bc9584af235be,"[10, 222]"
706,b279cd9355c3b1f806352772475d0f5f12dc502e22ded6d6054b98c56e213987,25,1155,datacopy/Stefano/b279cd9355c3b1f806352772475d0f5f12dc502e22ded6d6054b98c56e213987,"[10, 222]"
707,1f5cb54cfd4f03110388923c049af86096affe8cc4613336c382342e3cac0ed7,25,1155,datacopy/Stefano/1f5cb54cfd4f03110388923c049af86096affe8cc4613336c382342e3cac0ed7,"[10, 222]"
708,b1d217ef4329ead33887cc87dfe4f0c1e58d88678e6f34cdad1a53554848c87d,25,1155,datacopy/Stefano/b1d217ef4329ead33887cc87dfe4f0c1e58d88678e6f34cdad1a53554848c87d,"[10, 222]"
709,aa544cc26c82159e4d788ce01fb43cd85f84c12b.bin,28,3,datacopy/UCSB.JP/data_feed.geo_japan_6m_public_flag/a/a/5/aa544cc26c82159e4d788ce01fb43cd85f84c12b.bin,"[3, 368, 82, 1]"
710,3fddc431df9cacdf2dc629fb7fd1f6b4e072f501.bin,28,109,datacopy/UCSB.JP/data_feed.geo_japan_6m_public_flag/3/f/d/3fddc431df9cacdf2dc629fb7fd1f6b4e072f501.bin,"[3, 368, 82, 1]"
711,c603339c706410b4afe86c809b462791e5e9af05.bin,28,109,datacopy/UCSB/c603339c706410b4afe86c809b462791e5e9af05.bin,"[3, 368, 82, 1]"
712,b2fa05682135e6f7ef5ed19c6bc008ad5bd5072b.bin,28,1209,datacopy/UCSB/b2fa05682135e6f7ef5ed19c6bc008ad5bd5072b.bin,"[3, 368, 82, 1]"
713,35de373cf8b94594671fe52db35cd7222eecb1d7.bin,28,1485,datacopy/UCSB/35de373cf8b94594671fe52db35cd7222eecb1d7.bin,"[3, 368, 82, 1]"
714,aafba6592104ce86120308873e85526d8bac3e23.bin,29,1209,datacopy/UCSB.JP/data_feed.geo_japan_6m_public_flag/a/a/f/aafba6592104ce86120308873e85526d8bac3e23.bin,"[82, 3, 1, 20, 9, 114, 1508, 437, 543, 30, 203, 271, 24, 5, 137, 30, 1, 90, 742, 64, 135, 4, 2, 95]"
715,a417e5524fbadf925d1e698cc4ed8ac3684cb67d.bin,29,3,datacopy/UCSB.JP/data_feed.geo_japan_6m_public_flag/a/4/1/a417e5524fbadf925d1e698cc4ed8ac3684cb67d.bin,"[82, 3, 1, 20, 9, 114, 1508, 437, 543, 30, 203, 271, 24, 5, 137, 30, 1, 90, 742, 64, 135, 4, 2, 95]"
716,e49dabd2e41a5b22c5da3e49793a883682f276b4.bin,29,1062,datacopy/UCSB.JP/data_feed.geo_japan_6m_public_flag/e/4/9/e49dabd2e41a5b22c5da3e49793a883682f276b4.bin,"[82, 3, 1, 20, 9, 114, 1508, 437, 543, 30, 203, 271, 24, 5, 137, 30, 1, 90, 742, 64, 135, 4, 2, 95]"
717,36ad9aeae1436873ea5c1e739ac14e6fcd42fb65.bin,29,535,datacopy/UCSB.JP/data_feed.geo_japan_6m_public_flag/3/6/a/36ad9aeae1436873ea5c1e739ac14e6fcd42fb65.bin,"[82, 3, 1, 20, 9, 114, 1508, 437, 543, 30, 203, 271, 24, 5, 137, 30, 1, 90, 742, 64, 135, 4, 2, 95]"
718,982eec39ec997cfca85e79f5738fc61fbf55c0bb.bin,29,124,datacopy/UCSB.JP/data_feed.geo_japan_6m_public_flag/9/8/2/982eec39ec997cfca85e79f5738fc61fbf55c0bb.bin,"[82, 3, 1, 20, 9, 114, 1508, 437, 543, 30, 203, 271, 24, 5, 137, 30, 1, 90, 742, 64, 135, 4, 2, 95]"
719,2e7e1eebdd7cebaec127d75e4a1d8fdf60a143c2.bin,29,3,datacopy/UCSB.JP/data_feed.geo_japan_6m_public_flag/2/e/7/2e7e1eebdd7cebaec127d75e4a1d8fdf60a143c2.bin,"[82, 3, 1, 20, 9, 114, 1508, 437, 543, 30, 203, 271, 24, 5, 137, 30, 1, 90, 742, 64, 135, 4, 2, 95]"
720,21727f1c1c536634adb4cffa98deb4e371ebf8dc.bin,29,1209,datacopy/UCSB.JP/data_feed.geo_japan_6m_public_flag/2/1/7/21727f1c1c536634adb4cffa98deb4e371ebf8dc.bin,"[82, 3, 1, 20, 9, 114, 1508, 437, 543, 30, 203, 271, 24, 5, 137, 30, 1, 90, 742, 64, 135, 4, 2, 95]"
721,d84a592b89a4638be315a5f094aa033f8fce1767.bin,29,477,datacopy/UCSB.JP/data_feed.geo_japan_6m_public_flag/d/8/4/d84a592b89a4638be315a5f094aa033f8fce1767.bin,"[82, 3, 1, 20, 9, 114, 1508, 437, 543, 30, 203, 271, 24, 5, 137, 30, 1, 90, 742, 64, 135, 4, 2, 95]"
722,1ef0fe0d107b86a7b6a88ce7f9b12aa1e623a754.bin,29,3,datacopy/UCSB.JP/data_feed.geo_japan_6m_public_flag/1/e/f/1ef0fe0d107b86a7b6a88ce7f9b12aa1e623a754.bin,"[82, 3, 1, 20, 9, 114, 1508, 437, 543, 30, 203, 271, 24, 5, 137, 30, 1, 90, 742, 64, 135, 4, 2, 95]"
723,58e78a9e9600a43b1f97730504fa3827d144bfbb.bin,29,124,datacopy/UCSB.JP/data_feed.geo_japan_6m_public_flag/5/8/e/58e78a9e9600a43b1f97730504fa3827d144bfbb.bin,"[82, 3, 1, 20, 9, 114, 1508, 437, 543, 30, 203, 271, 24, 5, 137, 30, 1, 90, 742, 64, 135, 4, 2, 95]"
724,5e76274ee316a99f7fb404f6c2e44d2e3756b7f6.bin,29,124,datacopy/UCSB.JP/data_feed.geo_japan_6m_public_flag/5/e/7/5e76274ee316a99f7fb404f6c2e44d2e3756b7f6.bin,"[82, 3, 1, 20, 9, 114, 1508, 437, 543, 30, 203, 271, 24, 5, 137, 30, 1, 90, 742, 64, 135, 4, 2, 95]"
725,598079ae0d985e295e640b1781007d85f3a612d3.bin,29,1508,datacopy/UCSB.JP/data_feed.geo_japan_6m_public_flag/5/9/8/598079ae0d985e295e640b1781007d85f3a612d3.bin,"[82, 3, 1, 20, 9, 114, 1508, 437, 543, 30, 203, 271, 24, 5, 137, 30, 1, 90, 742, 64, 135, 4, 2, 95]"
726,5513f93271259e9f3252b3dd43997fb1ef123cb1.bin,29,98,datacopy/UCSB.JP/data_feed.geo_japan_6m_public_flag/5/5/1/5513f93271259e9f3252b3dd43997fb1ef123cb1.bin,"[82, 3, 1, 20, 9, 114, 1508, 437, 543, 30, 203, 271, 24, 5, 137, 30, 1, 90, 742, 64, 135, 4, 2, 95]"
727,5054d5e388b54c9a851d2b4ca5f4732d5cc7b31a.bin,29,55,datacopy/UCSB.JP/data_feed.geo_japan_6m_public_flag/5/0/5/5054d5e388b54c9a851d2b4ca5f4732d5cc7b31a.bin,"[82, 3, 1, 20, 9, 114, 1508, 437, 543, 30, 203, 271, 24, 5, 137, 30, 1, 90, 742, 64, 135, 4, 2, 95]"
728,575af2d5d917bf9f1a460caa15199a032022b9bc.bin,29,55,datacopy/UCSB.JP/data_feed.geo_japan_6m_public_flag/5/7/5/575af2d5d917bf9f1a460caa15199a032022b9bc.bin,"[82, 3, 1, 20, 9, 114, 1508, 437, 543, 30, 203, 271, 24, 5, 137, 30, 1, 90, 742, 64, 135, 4, 2, 95]"
729,fe05d40bc6cb3ae1497ea2e783fa63b24f0e34c1.bin,29,3,datacopy/UCSB.JP/data_feed.geo_japan_6m_public_flag/f/e/0/fe05d40bc6cb3ae1497ea2e783fa63b24f0e34c1.bin,"[82, 3, 1, 20, 9, 114, 1508, 437, 543, 30, 203, 271, 24, 5, 137, 30, 1, 90, 742, 64, 135, 4, 2, 95]"
730,fb19181131bf35ac51d563d5b9a31dba2a6b9e94.bin,29,55,datacopy/UCSB.JP/data_feed.geo_japan_6m_public_flag/f/b/1/fb19181131bf35ac51d563d5b9a31dba2a6b9e94.bin,"[82, 3, 1, 20, 9, 114, 1508, 437, 543, 30, 203, 271, 24, 5, 137, 30, 1, 90, 742, 64, 135, 4, 2, 95]"
731,c877974a5a9b2e16aa5741b037bce28e798f5d97.bin,29,30,datacopy/UCSB.JP/data_feed.geo_japan_6m_public_flag/c/8/7/c877974a5a9b2e16aa5741b037bce28e798f5d97.bin,"[82, 3, 1, 20, 9, 114, 1508, 437, 543, 30, 203, 271, 24, 5, 137, 30, 1, 90, 742, 64, 135, 4, 2, 95]"
732,c77aaa4b8a0c892dcf9e35171659d6bf52a0778d.bin,29,1209,datacopy/UCSB.JP/data_feed.geo_japan_6m_public_flag/c/7/7/c77aaa4b8a0c892dcf9e35171659d6bf52a0778d.bin,"[82, 3, 1, 20, 9, 114, 1508, 437, 543, 30, 203, 271, 24, 5, 137, 30, 1, 90, 742, 64, 135, 4, 2, 95]"
733,4abaceb364fac523211c7d89eec1c050bbe541fb.bin,29,3,datacopy/UCSB.JP/data_feed.geo_japan_6m_public_flag/4/a/b/4abaceb364fac523211c7d89eec1c050bbe541fb.bin,"[82, 3, 1, 20, 9, 114, 1508, 437, 543, 30, 203, 271, 24, 5, 137, 30, 1, 90, 742, 64, 135, 4, 2, 95]"
734,4686b03aff9e69026bd73ba2ca4b0f92c6fbeb53.bin,29,203,datacopy/UCSB.JP/data_feed.geo_japan_6m_public_flag/4/6/8/4686b03aff9e69026bd73ba2ca4b0f92c6fbeb53.bin,"[82, 3, 1, 20, 9, 114, 1508, 437, 543, 30, 203, 271, 24, 5, 137, 30, 1, 90, 742, 64, 135, 4, 2, 95]"
735,0e534d44bf7e86d47b7e912a9c49d73c4ae40be8.bin,29,271,datacopy/UCSB.JP/data_feed.geo_japan_6m_public_flag/0/e/5/0e534d44bf7e86d47b7e912a9c49d73c4ae40be8.bin,"[82, 3, 1, 20, 9, 114, 1508, 437, 543, 30, 203, 271, 24, 5, 137, 30, 1, 90, 742, 64, 135, 4, 2, 95]"
736,01ebd0e1b7f854f03c5e1ad36c486f7afb9e8fe6.bin,29,161,datacopy/UCSB.JP/data_feed.geo_japan_6m_public_flag/0/1/e/01ebd0e1b7f854f03c5e1ad36c486f7afb9e8fe6.bin,"[82, 3, 1, 20, 9, 114, 1508, 437, 543, 30, 203, 271, 24, 5, 137, 30, 1, 90, 742, 64, 135, 4, 2, 95]"
737,05cabe1c0f7e1ca8dc8872317d2a24417084d158.bin,29,1820,datacopy/UCSB.JP/data_feed.geo_japan_6m_public_flag/0/5/c/05cabe1c0f7e1ca8dc8872317d2a24417084d158.bin,"[82, 3, 1, 20, 9, 114, 1508, 437, 543, 30, 203, 271, 24, 5, 137, 30, 1, 90, 742, 64, 135, 4, 2, 95]"
738,67a33569e74a8a9a49c0aa242c77aa431c833303.bin,29,1209,datacopy/UCSB.JP/data_feed.geo_japan_6m_public_flag/6/7/a/67a33569e74a8a9a49c0aa242c77aa431c833303.bin,"[82, 3, 1, 20, 9, 114, 1508, 437, 543, 30, 203, 271, 24, 5, 137, 30, 1, 90, 742, 64, 135, 4, 2, 95]"
739,71fd5cbad0938c2ec03bb30d4bcb18e6b3c75163.bin,29,3,datacopy/UCSB.JP/data_feed.geo_japan_6m_public_flag/7/1/f/71fd5cbad0938c2ec03bb30d4bcb18e6b3c75163.bin,"[82, 3, 1, 20, 9, 114, 1508, 437, 543, 30, 203, 271, 24, 5, 137, 30, 1, 90, 742, 64, 135, 4, 2, 95]"
740,744a7cd0b3baa5cc19b3facdf8b418df7c71281a.bin,29,203,datacopy/UCSB.JP/data_feed.geo_japan_6m_public_flag/7/4/4/744a7cd0b3baa5cc19b3facdf8b418df7c71281a.bin,"[82, 3, 1, 20, 9, 114, 1508, 437, 543, 30, 203, 271, 24, 5, 137, 30, 1, 90, 742, 64, 135, 4, 2, 95]"
741,5d2b88fe54d8eeaca07846db14019d9391596494.bin,29,3,datacopy/UCSB/5d2b88fe54d8eeaca07846db14019d9391596494.bin,"[82, 3, 1, 20, 9, 114, 1508, 437, 543, 30, 203, 271, 24, 5, 137, 30, 1, 90, 742, 64, 135, 4, 2, 95]"
742,287d39209c960bd84cc783e55278160201303131.bin,29,203,datacopy/UCSB/287d39209c960bd84cc783e55278160201303131.bin,"[82, 3, 1, 20, 9, 114, 1508, 437, 543, 30, 203, 271, 24, 5, 137, 30, 1, 90, 742, 64, 135, 4, 2, 95]"
743,c87ece37ada027f5cdece74bf0298813945cca5d.bin,29,203,datacopy/UCSB/c87ece37ada027f5cdece74bf0298813945cca5d.bin,"[82, 3, 1, 20, 9, 114, 1508, 437, 543, 30, 203, 271, 24, 5, 137, 30, 1, 90, 742, 64, 135, 4, 2, 95]"
744,dc0ee98d69744c9aa94b080c1424157f33c5d48e.bin,29,4,datacopy/UCSB/dc0ee98d69744c9aa94b080c1424157f33c5d48e.bin,"[82, 3, 1, 20, 9, 114, 1508, 437, 543, 30, 203, 271, 24, 5, 137, 30, 1, 90, 742, 64, 135, 4, 2, 95]"
745,603eee7ac932f1518f8bb25b5f57b82d0c005b81.bin,29,477,datacopy/UCSB/603eee7ac932f1518f8bb25b5f57b82d0c005b81.bin,"[82, 3, 1, 20, 9, 114, 1508, 437, 543, 30, 203, 271, 24, 5, 137, 30, 1, 90, 742, 64, 135, 4, 2, 95]"
746,30f5f74ecb7d53a6ee72395dd1578174217d48d2.bin,29,64,datacopy/UCSB/30f5f74ecb7d53a6ee72395dd1578174217d48d2.bin,"[82, 3, 1, 20, 9, 114, 1508, 437, 543, 30, 203, 271, 24, 5, 137, 30, 1, 90, 742, 64, 135, 4, 2, 95]"
747,648b615a9222343f94d072248e484d3c54fbca33.bin,29,203,datacopy/UCSB/648b615a9222343f94d072248e484d3c54fbca33.bin,"[82, 3, 1, 20, 9, 114, 1508, 437, 543, 30, 203, 271, 24, 5, 137, 30, 1, 90, 742, 64, 135, 4, 2, 95]"
748,39841e645518085734604c006c79d95eca83ba0a.bin,29,124,datacopy/UCSB/39841e645518085734604c006c79d95eca83ba0a.bin,"[82, 3, 1, 20, 9, 114, 1508, 437, 543, 30, 203, 271, 24, 5, 137, 30, 1, 90, 742, 64, 135, 4, 2, 95]"
749,4ec26a59b4b70f60bc82d1ebe7183e09264cdc80.bin,29,203,datacopy/UCSB/4ec26a59b4b70f60bc82d1ebe7183e09264cdc80.bin,"[82, 3, 1, 20, 9, 114, 1508, 437, 543, 30, 203, 271, 24, 5, 137, 30, 1, 90, 742, 64, 135, 4, 2, 95]"
750,498073295a31817e0ca63ca650be656b633735ff.bin,29,1837,datacopy/UCSB/498073295a31817e0ca63ca650be656b633735ff.bin,"[82, 3, 1, 20, 9, 114, 1508, 437, 543, 30, 203, 271, 24, 5, 137, 30, 1, 90, 742, 64, 135, 4, 2, 95]"
751,92a8453ae03465faa60489e8f656571fcfb0afbd.bin,29,124,datacopy/UCSB/92a8453ae03465faa60489e8f656571fcfb0afbd.bin,"[82, 3, 1, 20, 9, 114, 1508, 437, 543, 30, 203, 271, 24, 5, 137, 30, 1, 90, 742, 64, 135, 4, 2, 95]"
752,89ccf74a4277eabd8b4f58c09cf649508090a376.bin,29,3,datacopy/UCSB/89ccf74a4277eabd8b4f58c09cf649508090a376.bin,"[82, 3, 1, 20, 9, 114, 1508, 437, 543, 30, 203, 271, 24, 5, 137, 30, 1, 90, 742, 64, 135, 4, 2, 95]"
753,759fbb3e1926a126bc40200a5f364af297c79012.bin,29,124,datacopy/UCSB/759fbb3e1926a126bc40200a5f364af297c79012.bin,"[82, 3, 1, 20, 9, 114, 1508, 437, 543, 30, 203, 271, 24, 5, 137, 30, 1, 90, 742, 64, 135, 4, 2, 95]"
754,d9192e38412faf1f9281dda9dd7161f67f3cedc0.bin,29,124,datacopy/UCSB/d9192e38412faf1f9281dda9dd7161f67f3cedc0.bin,"[82, 3, 1, 20, 9, 114, 1508, 437, 543, 30, 203, 271, 24, 5, 137, 30, 1, 90, 742, 64, 135, 4, 2, 95]"
755,14d09d67dc983492abffdc48a4ad5a08c7e9bfab.bin,29,477,datacopy/UCSB/14d09d67dc983492abffdc48a4ad5a08c7e9bfab.bin,"[82, 3, 1, 20, 9, 114, 1508, 437, 543, 30, 203, 271, 24, 5, 137, 30, 1, 90, 742, 64, 135, 4, 2, 95]"
756,outlookmail.exe,29,3,datacopy/BB/Files/2014-08-01/outlookmail.exe,"[82, 3, 1, 20, 9, 114, 1508, 437, 543, 30, 203, 271, 24, 5, 137, 30, 1, 90, 742, 64, 135, 4, 2, 95]"
757,xzqyetcascx.exe,29,113,datacopy/BB/Files/2014-12-17/xzqyetcascx.exe,"[82, 3, 1, 20, 9, 114, 1508, 437, 543, 30, 203, 271, 24, 5, 137, 30, 1, 90, 742, 64, 135, 4, 2, 95]"
758,websnapservices.exe,29,3,datacopy/BB/Files/2015-03-30/websnapservices.exe,"[82, 3, 1, 20, 9, 114, 1508, 437, 543, 30, 203, 271, 24, 5, 137, 30, 1, 90, 742, 64, 135, 4, 2, 95]"
759,atlservice.exe,29,1,datacopy/BB/Files/2014-06-13/atlservice.exe,"[82, 3, 1, 20, 9, 114, 1508, 437, 543, 30, 203, 271, 24, 5, 137, 30, 1, 90, 742, 64, 135, 4, 2, 95]"
760,informacoes.05.04.2015LJGNLJ54545548878SDFG4867SGS878DFSDG88448ESF.exe,29,52,datacopy/BB/Files/2015-04-08/informacoes.05.04.2015LJGNLJ54545548878SDFG4867SGS878DFSDG88448ESF.exe,"[82, 3, 1, 20, 9, 114, 1508, 437, 543, 30, 203, 271, 24, 5, 137, 30, 1, 90, 742, 64, 135, 4, 2, 95]"
761,xztqhwfxadfcv.exe,29,113,datacopy/BB/Files/2014-11-11/xztqhwfxadfcv.exe,"[82, 3, 1, 20, 9, 114, 1508, 437, 543, 30, 203, 271, 24, 5, 137, 30, 1, 90, 742, 64, 135, 4, 2, 95]"
762,atlservice.exe,29,1,datacopy/BB/Files/2014-06-13/atlservice.exe,"[82, 3, 1, 20, 9, 114, 1508, 437, 543, 30, 203, 271, 24, 5, 137, 30, 1, 90, 742, 64, 135, 4, 2, 95]"
763,15_06_homer.txt.exe,29,3,datacopy/BB/Files/2014-06-20/15_06_homer.txt.exe,"[82, 3, 1, 20, 9, 114, 1508, 437, 543, 30, 203, 271, 24, 5, 137, 30, 1, 90, 742, 64, 135, 4, 2, 95]"
764,atlservice.exe,29,1,datacopy/BB/Files/2014-06-13/atlservice.exe,"[82, 3, 1, 20, 9, 114, 1508, 437, 543, 30, 203, 271, 24, 5, 137, 30, 1, 90, 742, 64, 135, 4, 2, 95]"
765,atlservice.exe,29,1,datacopy/BB/Files/2014-06-13/atlservice.exe,"[82, 3, 1, 20, 9, 114, 1508, 437, 543, 30, 203, 271, 24, 5, 137, 30, 1, 90, 742, 64, 135, 4, 2, 95]"
766,xuzytedcas.exe,29,113,datacopy/BB/Files/2014-10-27/xuzytedcas.exe,"[82, 3, 1, 20, 9, 114, 1508, 437, 543, 30, 203, 271, 24, 5, 137, 30, 1, 90, 742, 64, 135, 4, 2, 95]"
767,zxzxcyqhgcads.exe,29,113,datacopy/BB/Files/2014-10-27/zxzxcyqhgcads.exe,"[82, 3, 1, 20, 9, 114, 1508, 437, 543, 30, 203, 271, 24, 5, 137, 30, 1, 90, 742, 64, 135, 4, 2, 95]"
768,haika.exe,29,113,datacopy/BB/Files/2014-10-27/haika.exe,"[82, 3, 1, 20, 9, 114, 1508, 437, 543, 30, 203, 271, 24, 5, 137, 30, 1, 90, 742, 64, 135, 4, 2, 95]"
769,Comprovante_html.exe,29,3,datacopy/BB/Files/2014-10-13/Comprovante_html.exe,"[82, 3, 1, 20, 9, 114, 1508, 437, 543, 30, 203, 271, 24, 5, 137, 30, 1, 90, 742, 64, 135, 4, 2, 95]"
770,updateie.exe,29,3,datacopy/BB/Files/2014-10-13/updateie.exe,"[82, 3, 1, 20, 9, 114, 1508, 437, 543, 30, 203, 271, 24, 5, 137, 30, 1, 90, 742, 64, 135, 4, 2, 95]"
771,Visualizar_DebitoReceitaFederalAgosto.com,29,3,datacopy/BB/Files/2014-08-06/Visualizar_DebitoReceitaFederalAgosto.com,"[82, 3, 1, 20, 9, 114, 1508, 437, 543, 30, 203, 271, 24, 5, 137, 30, 1, 90, 742, 64, 135, 4, 2, 95]"
772,RSkfsNR7.exe,29,198,datacopy/BB/Files/2017-09-29/RSkfsNR7.exe,"[82, 3, 1, 20, 9, 114, 1508, 437, 543, 30, 203, 271, 24, 5, 137, 30, 1, 90, 742, 64, 135, 4, 2, 95]"
773,bab.exe,29,203,datacopy/BB/Files/2016-09-20/bab.exe,"[82, 3, 1, 20, 9, 114, 1508, 437, 543, 30, 203, 271, 24, 5, 137, 30, 1, 90, 742, 64, 135, 4, 2, 95]"
774,expiorer.exe,29,217,datacopy/BB/Files/2014-08-08/expiorer.exe,"[82, 3, 1, 20, 9, 114, 1508, 437, 543, 30, 203, 271, 24, 5, 137, 30, 1, 90, 742, 64, 135, 4, 2, 95]"
775,intimacao.scr,29,2,datacopy/BB/Files/2014-05-15/intimacao.scr,"[82, 3, 1, 20, 9, 114, 1508, 437, 543, 30, 203, 271, 24, 5, 137, 30, 1, 90, 742, 64, 135, 4, 2, 95]"
776,FrestyServe.exe,29,3,datacopy/BB/Files/2015-05-14/FrestyServe.exe,"[82, 3, 1, 20, 9, 114, 1508, 437, 543, 30, 203, 271, 24, 5, 137, 30, 1, 90, 742, 64, 135, 4, 2, 95]"
777,FullScreen.exe,29,3,datacopy/BB/Files/2015-05-18/FullScreen.exe,"[82, 3, 1, 20, 9, 114, 1508, 437, 543, 30, 203, 271, 24, 5, 137, 30, 1, 90, 742, 64, 135, 4, 2, 95]"
778,NETFXRepair.exe,29,3,datacopy/BB/Files/2015-05-18/NETFXRepair.exe,"[82, 3, 1, 20, 9, 114, 1508, 437, 543, 30, 203, 271, 24, 5, 137, 30, 1, 90, 742, 64, 135, 4, 2, 95]"
779,IAStorlcon.exe,29,3,datacopy/BB/Files/2015-05-18/IAStorlcon.exe,"[82, 3, 1, 20, 9, 114, 1508, 437, 543, 30, 203, 271, 24, 5, 137, 30, 1, 90, 742, 64, 135, 4, 2, 95]"
780,pega.rar.exe,29,3,datacopy/BB/Files/2015-04-30/pega.rar.exe,"[82, 3, 1, 20, 9, 114, 1508, 437, 543, 30, 203, 271, 24, 5, 137, 30, 1, 90, 742, 64, 135, 4, 2, 95]"
781,1_24289387_directDownload_true.exe,29,3,datacopy/BB/Files/2014-02-27/1_24289387_directDownload_true.exe,"[82, 3, 1, 20, 9, 114, 1508, 437, 543, 30, 203, 271, 24, 5, 137, 30, 1, 90, 742, 64, 135, 4, 2, 95]"
782,NFeletronica.exe,29,3,datacopy/BB/Files/2014-02-27/NFeletronica.exe,"[82, 3, 1, 20, 9, 114, 1508, 437, 543, 30, 203, 271, 24, 5, 137, 30, 1, 90, 742, 64, 135, 4, 2, 95]"
783,JTZNTD.exe,29,124,datacopy/BB/Files/2019-02-22/JTZNTD.exe,"[82, 3, 1, 20, 9, 114, 1508, 437, 543, 30, 203, 271, 24, 5, 137, 30, 1, 90, 742, 64, 135, 4, 2, 95]"
784,wds.exe,29,3,datacopy/BB/Files/2015-05-26/wds.exe,"[82, 3, 1, 20, 9, 114, 1508, 437, 543, 30, 203, 271, 24, 5, 137, 30, 1, 90, 742, 64, 135, 4, 2, 95]"
785,adobe_acrobat_pro_pdf.exe,29,113,datacopy/BB/Files/2014-11-04/adobe_acrobat_pro_pdf.exe,"[82, 3, 1, 20, 9, 114, 1508, 437, 543, 30, 203, 271, 24, 5, 137, 30, 1, 90, 742, 64, 135, 4, 2, 95]"
786,atlservice.exe,29,1,datacopy/BB/Files/2014-06-13/atlservice.exe,"[82, 3, 1, 20, 9, 114, 1508, 437, 543, 30, 203, 271, 24, 5, 137, 30, 1, 90, 742, 64, 135, 4, 2, 95]"
787,backup.exe,29,64,datacopy/BB/Files/2014-05-22/backup.exe,"[82, 3, 1, 20, 9, 114, 1508, 437, 543, 30, 203, 271, 24, 5, 137, 30, 1, 90, 742, 64, 135, 4, 2, 95]"
788,transacao_772372998naf-0837429pdf.exe,29,3,datacopy/BB/Files/2014-10-08/transacao_772372998naf-0837429pdf.exe,"[82, 3, 1, 20, 9, 114, 1508, 437, 543, 30, 203, 271, 24, 5, 137, 30, 1, 90, 742, 64, 135, 4, 2, 95]"
789,Comp.Trasacao_html.exe,29,3,datacopy/BB/Files/2014-10-14/Comp.Trasacao_html.exe,"[82, 3, 1, 20, 9, 114, 1508, 437, 543, 30, 203, 271, 24, 5, 137, 30, 1, 90, 742, 64, 135, 4, 2, 95]"
790,atlservice.exe,29,1,datacopy/BB/Files/2014-06-13/atlservice.exe,"[82, 3, 1, 20, 9, 114, 1508, 437, 543, 30, 203, 271, 24, 5, 137, 30, 1, 90, 742, 64, 135, 4, 2, 95]"
791,555660.exe,29,3,datacopy/BB/Files/2014-10-03/555660.exe,"[82, 3, 1, 20, 9, 114, 1508, 437, 543, 30, 203, 271, 24, 5, 137, 30, 1, 90, 742, 64, 135, 4, 2, 95]"
792,GBBradesco.exe,29,3,datacopy/BB/Files/2014-10-03/GBBradesco.exe,"[82, 3, 1, 20, 9, 114, 1508, 437, 543, 30, 203, 271, 24, 5, 137, 30, 1, 90, 742, 64, 135, 4, 2, 95]"
793,atlservice.exe,29,1,datacopy/BB/Files/2014-06-13/atlservice.exe,"[82, 3, 1, 20, 9, 114, 1508, 437, 543, 30, 203, 271, 24, 5, 137, 30, 1, 90, 742, 64, 135, 4, 2, 95]"
794,MGSMPC.exe,29,124,datacopy/BB/Files/2019-03-01/MGSMPC.exe,"[82, 3, 1, 20, 9, 114, 1508, 437, 543, 30, 203, 271, 24, 5, 137, 30, 1, 90, 742, 64, 135, 4, 2, 95]"
795,julho2014.exe,29,2,datacopy/BB/Files/2014-07-03/julho2014.exe,"[82, 3, 1, 20, 9, 114, 1508, 437, 543, 30, 203, 271, 24, 5, 137, 30, 1, 90, 742, 64, 135, 4, 2, 95]"
796,JavaSERuntime.exe,29,3,datacopy/BB/Files/2015-04-16/JavaSERuntime.exe,"[82, 3, 1, 20, 9, 114, 1508, 437, 543, 30, 203, 271, 24, 5, 137, 30, 1, 90, 742, 64, 135, 4, 2, 95]"
797,JwvStart7047.exe,29,3,datacopy/BB/Files/2015-05-25/JwvStart7047.exe,"[82, 3, 1, 20, 9, 114, 1508, 437, 543, 30, 203, 271, 24, 5, 137, 30, 1, 90, 742, 64, 135, 4, 2, 95]"
798,atlservice.exe,29,1,datacopy/BB/Files/2014-06-13/atlservice.exe,"[82, 3, 1, 20, 9, 114, 1508, 437, 543, 30, 203, 271, 24, 5, 137, 30, 1, 90, 742, 64, 135, 4, 2, 95]"
799,NotaFiscal.pdf.exe,29,2,datacopy/BB/Files/2014-05-26/NotaFiscal.pdf.exe,"[82, 3, 1, 20, 9, 114, 1508, 437, 543, 30, 203, 271, 24, 5, 137, 30, 1, 90, 742, 64, 135, 4, 2, 95]"
800,zgxyatecfahd.exe,29,113,datacopy/BB/Files/2014-10-24/zgxyatecfahd.exe,"[82, 3, 1, 20, 9, 114, 1508, 437, 543, 30, 203, 271, 24, 5, 137, 30, 1, 90, 742, 64, 135, 4, 2, 95]"
801,xytwdac.exe,29,113,datacopy/BB/Files/2014-10-24/xytwdac.exe,"[82, 3, 1, 20, 9, 114, 1508, 437, 543, 30, 203, 271, 24, 5, 137, 30, 1, 90, 742, 64, 135, 4, 2, 95]"
802,Alternate.exe,29,3,datacopy/BB/Files/2015-05-20/Alternate.exe,"[82, 3, 1, 20, 9, 114, 1508, 437, 543, 30, 203, 271, 24, 5, 137, 30, 1, 90, 742, 64, 135, 4, 2, 95]"
803,usuario1.exe,29,3,datacopy/BB/Files/2014-08-05/usuario1.exe,"[82, 3, 1, 20, 9, 114, 1508, 437, 543, 30, 203, 271, 24, 5, 137, 30, 1, 90, 742, 64, 135, 4, 2, 95]"
804,usuario2.exe,29,3,datacopy/BB/Files/2014-08-05/usuario2.exe,"[82, 3, 1, 20, 9, 114, 1508, 437, 543, 30, 203, 271, 24, 5, 137, 30, 1, 90, 742, 64, 135, 4, 2, 95]"
805,atlservice.exe,29,1,datacopy/BB/Files/2014-06-13/atlservice.exe,"[82, 3, 1, 20, 9, 114, 1508, 437, 543, 30, 203, 271, 24, 5, 137, 30, 1, 90, 742, 64, 135, 4, 2, 95]"
806,Texto.rar.exe,29,3,datacopy/BB/Files/2015-05-06/Texto.rar.exe,"[82, 3, 1, 20, 9, 114, 1508, 437, 543, 30, 203, 271, 24, 5, 137, 30, 1, 90, 742, 64, 135, 4, 2, 95]"
807,gwdevice.exe,29,3,datacopy/BB/Files/2015-05-06/gwdevice.exe,"[82, 3, 1, 20, 9, 114, 1508, 437, 543, 30, 203, 271, 24, 5, 137, 30, 1, 90, 742, 64, 135, 4, 2, 95]"
808,pegas.rar.exe,29,3,datacopy/BB/Files/2015-05-13/pegas.rar.exe,"[82, 3, 1, 20, 9, 114, 1508, 437, 543, 30, 203, 271, 24, 5, 137, 30, 1, 90, 742, 64, 135, 4, 2, 95]"
809,k11.rar.exe,29,3,datacopy/BB/Files/2015-05-13/k11.rar.exe,"[82, 3, 1, 20, 9, 114, 1508, 437, 543, 30, 203, 271, 24, 5, 137, 30, 1, 90, 742, 64, 135, 4, 2, 95]"
810,atlservice.exe,29,1,datacopy/BB/Files/2014-06-13/atlservice.exe,"[82, 3, 1, 20, 9, 114, 1508, 437, 543, 30, 203, 271, 24, 5, 137, 30, 1, 90, 742, 64, 135, 4, 2, 95]"
811,xczqyedsdcxas.exe,29,113,datacopy/BB/Files/2014-11-21/xczqyedsdcxas.exe,"[82, 3, 1, 20, 9, 114, 1508, 437, 543, 30, 203, 271, 24, 5, 137, 30, 1, 90, 742, 64, 135, 4, 2, 95]"
812,csvcho.exe,29,3,datacopy/BB/Files/2014-06-26/csvcho.exe,"[82, 3, 1, 20, 9, 114, 1508, 437, 543, 30, 203, 271, 24, 5, 137, 30, 1, 90, 742, 64, 135, 4, 2, 95]"
813,Cheque-N011214402102014.exe,29,3,datacopy/BB/Files/2014-10-02/Cheque-N011214402102014.exe,"[82, 3, 1, 20, 9, 114, 1508, 437, 543, 30, 203, 271, 24, 5, 137, 30, 1, 90, 742, 64, 135, 4, 2, 95]"
814,atlservice.exe,29,1,datacopy/BB/Files/2014-06-13/atlservice.exe,"[82, 3, 1, 20, 9, 114, 1508, 437, 543, 30, 203, 271, 24, 5, 137, 30, 1, 90, 742, 64, 135, 4, 2, 95]"
815,SunJavaScript.exe,29,3,datacopy/BB/Files/2015-05-21/SunJavaScript.exe,"[82, 3, 1, 20, 9, 114, 1508, 437, 543, 30, 203, 271, 24, 5, 137, 30, 1, 90, 742, 64, 135, 4, 2, 95]"
816,winhlp.exe,29,3,datacopy/BB/Files/2015-05-21/winhlp.exe,"[82, 3, 1, 20, 9, 114, 1508, 437, 543, 30, 203, 271, 24, 5, 137, 30, 1, 90, 742, 64, 135, 4, 2, 95]"
817,scrax.exe,29,3,datacopy/BB/Files/2014-05-27/scrax.exe,"[82, 3, 1, 20, 9, 114, 1508, 437, 543, 30, 203, 271, 24, 5, 137, 30, 1, 90, 742, 64, 135, 4, 2, 95]"
818,TemNil.exe,29,3,datacopy/BB/Files/2015-05-19/TemNil.exe,"[82, 3, 1, 20, 9, 114, 1508, 437, 543, 30, 203, 271, 24, 5, 137, 30, 1, 90, 742, 64, 135, 4, 2, 95]"
819,supply.exe,29,3,datacopy/BB/Files/2014-07-09/supply.exe,"[82, 3, 1, 20, 9, 114, 1508, 437, 543, 30, 203, 271, 24, 5, 137, 30, 1, 90, 742, 64, 135, 4, 2, 95]"
820,StoreHost.exe,29,3,datacopy/BB/Files/2015-05-15/StoreHost.exe,"[82, 3, 1, 20, 9, 114, 1508, 437, 543, 30, 203, 271, 24, 5, 137, 30, 1, 90, 742, 64, 135, 4, 2, 95]"
821,RSkfsNR7.exe,29,198,datacopy/BB/Files/2017-09-29/RSkfsNR7.exe,"[82, 3, 1, 20, 9, 114, 1508, 437, 543, 30, 203, 271, 24, 5, 137, 30, 1, 90, 742, 64, 135, 4, 2, 95]"
822,wlsetup.exe,29,3,datacopy/BB/Files/2015-04-10/wlsetup.exe,"[82, 3, 1, 20, 9, 114, 1508, 437, 543, 30, 203, 271, 24, 5, 137, 30, 1, 90, 742, 64, 135, 4, 2, 95]"
823,homer1103.exe,29,64,datacopy/BB/Files/2014-03-13/homer1103.exe,"[82, 3, 1, 20, 9, 114, 1508, 437, 543, 30, 203, 271, 24, 5, 137, 30, 1, 90, 742, 64, 135, 4, 2, 95]"
824,DSG308910.exe,29,3,datacopy/BB/Files/2014-05-19/DSG308910.exe,"[82, 3, 1, 20, 9, 114, 1508, 437, 543, 30, 203, 271, 24, 5, 137, 30, 1, 90, 742, 64, 135, 4, 2, 95]"
825,AtivosBB_N2014578754.exe,29,64,datacopy/BB/Files/2014-04-08/AtivosBB_N2014578754.exe,"[82, 3, 1, 20, 9, 114, 1508, 437, 543, 30, 203, 271, 24, 5, 137, 30, 1, 90, 742, 64, 135, 4, 2, 95]"
826,REGULAR_CPF_PROTODOC0102014.exe,29,3,datacopy/BB/Files/2014-10-28/REGULAR_CPF_PROTODOC0102014.exe,"[82, 3, 1, 20, 9, 114, 1508, 437, 543, 30, 203, 271, 24, 5, 137, 30, 1, 90, 742, 64, 135, 4, 2, 95]"
827,xzvtegdafc.exe,29,113,datacopy/BB/Files/2014-11-05/xzvtegdafc.exe,"[82, 3, 1, 20, 9, 114, 1508, 437, 543, 30, 203, 271, 24, 5, 137, 30, 1, 90, 742, 64, 135, 4, 2, 95]"
828,EMAIL-301510101215150101.exe,29,3,datacopy/BB/Files/2014-05-13/EMAIL-301510101215150101.exe,"[82, 3, 1, 20, 9, 114, 1508, 437, 543, 30, 203, 271, 24, 5, 137, 30, 1, 90, 742, 64, 135, 4, 2, 95]"
829,Controlsys.exe,29,3,datacopy/BB/Files/2015-04-29/Controlsys.exe,"[82, 3, 1, 20, 9, 114, 1508, 437, 543, 30, 203, 271, 24, 5, 137, 30, 1, 90, 742, 64, 135, 4, 2, 95]"
830,Comprovante_trf1024884.pdf.exe,29,2,datacopy/BB/Files/2014-05-28/Comprovante_trf1024884.pdf.exe,"[82, 3, 1, 20, 9, 114, 1508, 437, 543, 30, 203, 271, 24, 5, 137, 30, 1, 90, 742, 64, 135, 4, 2, 95]"
831,atlservice.exe,29,1,datacopy/BB/Files/2014-06-13/atlservice.exe,"[82, 3, 1, 20, 9, 114, 1508, 437, 543, 30, 203, 271, 24, 5, 137, 30, 1, 90, 742, 64, 135, 4, 2, 95]"
832,_640578471_directDownload_true.exe,29,694,datacopy/BB/Files/2014-05-29/_640578471_directDownload_true.exe,"[82, 3, 1, 20, 9, 114, 1508, 437, 543, 30, 203, 271, 24, 5, 137, 30, 1, 90, 742, 64, 135, 4, 2, 95]"
833,pache.exe,29,3,datacopy/BB/Files/2014-08-13/pache.exe,"[82, 3, 1, 20, 9, 114, 1508, 437, 543, 30, 203, 271, 24, 5, 137, 30, 1, 90, 742, 64, 135, 4, 2, 95]"
834,Planilha-OrÃ§amento.cmd,29,64,datacopy/BB/Files/2015-04-27/Planilha-OrÃ§amento.cmd,"[82, 3, 1, 20, 9, 114, 1508, 437, 543, 30, 203, 271, 24, 5, 137, 30, 1, 90, 742, 64, 135, 4, 2, 95]"
835,applive.exe,29,3,datacopy/BB/Files/2015-04-27/applive.exe,"[82, 3, 1, 20, 9, 114, 1508, 437, 543, 30, 203, 271, 24, 5, 137, 30, 1, 90, 742, 64, 135, 4, 2, 95]"
836,62d68652d6f4ae5a441504da8aa58ffc34be8357f7b50a2ea513078371b9447c,29,3,datacopy/Stefano/62d68652d6f4ae5a441504da8aa58ffc34be8357f7b50a2ea513078371b9447c,"[82, 3, 1, 20, 9, 114, 1508, 437, 543, 30, 203, 271, 24, 5, 137, 30, 1, 90, 742, 64, 135, 4, 2, 95]"
837,fed3a4a93bbcd615ea8b71f8b5c1183e33450ba35d154de74b3da47b7ee83838,29,113,datacopy/Stefano/fed3a4a93bbcd615ea8b71f8b5c1183e33450ba35d154de74b3da47b7ee83838,"[82, 3, 1, 20, 9, 114, 1508, 437, 543, 30, 203, 271, 24, 5, 137, 30, 1, 90, 742, 64, 135, 4, 2, 95]"
838,81964745ded336b8e60b8ad302aab6b363a5b08a.bin,30,3,datacopy/UCSB.JP/data_feed.geo_japan_6m_public_flag/8/1/9/81964745ded336b8e60b8ad302aab6b363a5b08a.bin,"[3, 1, 1, 39, 96, 1, 38, 3, 1, 114, 1, 122, 1840, 44, 7, 1358, 222, 1, 1, 1, 57]"
839,803f4357890647cb6cdef90bffd666b743e6ee5c.bin,30,189,datacopy/UCSB.JP/data_feed.geo_japan_6m_public_flag/8/0/3/803f4357890647cb6cdef90bffd666b743e6ee5c.bin,"[3, 1, 1, 39, 96, 1, 38, 3, 1, 114, 1, 122, 1840, 44, 7, 1358, 222, 1, 1, 1, 57]"
840,aafc3b240ccff5f171918cd5354f172638374650.bin,30,951,datacopy/UCSB.JP/data_feed.geo_japan_6m_public_flag/a/a/f/aafc3b240ccff5f171918cd5354f172638374650.bin,"[3, 1, 1, 39, 96, 1, 38, 3, 1, 114, 1, 122, 1840, 44, 7, 1358, 222, 1, 1, 1, 57]"
841,afa15c100cf0d7239378244c6aa6dd513b1d73d9.bin,30,321,datacopy/UCSB.JP/data_feed.geo_japan_6m_public_flag/a/f/a/afa15c100cf0d7239378244c6aa6dd513b1d73d9.bin,"[3, 1, 1, 39, 96, 1, 38, 3, 1, 114, 1, 122, 1840, 44, 7, 1358, 222, 1, 1, 1, 57]"
842,392fb19d7fa3bfb6e73996106e48f7c6ceca198e.bin,30,96,datacopy/UCSB.JP/data_feed.geo_japan_6m_public_flag/3/9/2/392fb19d7fa3bfb6e73996106e48f7c6ceca198e.bin,"[3, 1, 1, 39, 96, 1, 38, 3, 1, 114, 1, 122, 1840, 44, 7, 1358, 222, 1, 1, 1, 57]"
843,3c4a6a67b6a19ed9b26a53b2768e34cd8403236e.bin,30,129,datacopy/UCSB.JP/data_feed.geo_japan_6m_public_flag/3/c/4/3c4a6a67b6a19ed9b26a53b2768e34cd8403236e.bin,"[3, 1, 1, 39, 96, 1, 38, 3, 1, 114, 1, 122, 1840, 44, 7, 1358, 222, 1, 1, 1, 57]"
844,95abb39e7b27351c401c62a07359acec850f702f.bin,30,3,datacopy/UCSB.JP/data_feed.geo_japan_6m_public_flag/9/5/a/95abb39e7b27351c401c62a07359acec850f702f.bin,"[3, 1, 1, 39, 96, 1, 38, 3, 1, 114, 1, 122, 1840, 44, 7, 1358, 222, 1, 1, 1, 57]"
845,95fcdcc91f562dc8b2e8083011781d25e3886a5f.bin,30,3,datacopy/UCSB.JP/data_feed.geo_japan_6m_public_flag/9/5/f/95fcdcc91f562dc8b2e8083011781d25e3886a5f.bin,"[3, 1, 1, 39, 96, 1, 38, 3, 1, 114, 1, 122, 1840, 44, 7, 1358, 222, 1, 1, 1, 57]"
846,d734e2d512cd0081afc96da3226c1922d83c04ac.bin,30,16,datacopy/UCSB.JP/data_feed.geo_japan_6m_public_flag/d/7/3/d734e2d512cd0081afc96da3226c1922d83c04ac.bin,"[3, 1, 1, 39, 96, 1, 38, 3, 1, 114, 1, 122, 1840, 44, 7, 1358, 222, 1, 1, 1, 57]"
847,c69c7bab493feda5167b205605ca34874e93ccb1.bin,30,579,datacopy/UCSB.JP/data_feed.geo_japan_6m_public_flag/c/6/9/c69c7bab493feda5167b205605ca34874e93ccb1.bin,"[3, 1, 1, 39, 96, 1, 38, 3, 1, 114, 1, 122, 1840, 44, 7, 1358, 222, 1, 1, 1, 57]"
848,08d58c90af54209f7706d750ce5581697f7b39d8.bin,30,321,datacopy/UCSB.JP/data_feed.geo_japan_6m_public_flag/0/8/d/08d58c90af54209f7706d750ce5581697f7b39d8.bin,"[3, 1, 1, 39, 96, 1, 38, 3, 1, 114, 1, 122, 1840, 44, 7, 1358, 222, 1, 1, 1, 57]"
849,08c0a296a54ab41c370c7059cd63040965e2589c.bin,30,129,datacopy/UCSB.JP/data_feed.geo_japan_6m_public_flag/0/8/c/08c0a296a54ab41c370c7059cd63040965e2589c.bin,"[3, 1, 1, 39, 96, 1, 38, 3, 1, 114, 1, 122, 1840, 44, 7, 1358, 222, 1, 1, 1, 57]"
850,8b544832523a7c79f180e559a7dee417dedd89ee.bin,30,129,datacopy/UCSB/8b544832523a7c79f180e559a7dee417dedd89ee.bin,"[3, 1, 1, 39, 96, 1, 38, 3, 1, 114, 1, 122, 1840, 44, 7, 1358, 222, 1, 1, 1, 57]"
851,9d2d4e670320e4324cb805985ea187d3e2885f45.bin,30,254,datacopy/UCSB/9d2d4e670320e4324cb805985ea187d3e2885f45.bin,"[3, 1, 1, 39, 96, 1, 38, 3, 1, 114, 1, 122, 1840, 44, 7, 1358, 222, 1, 1, 1, 57]"
852,0143a16fbc8c6d9c10796495933b05937ea1e6d4.bin,30,254,datacopy/UCSB/0143a16fbc8c6d9c10796495933b05937ea1e6d4.bin,"[3, 1, 1, 39, 96, 1, 38, 3, 1, 114, 1, 122, 1840, 44, 7, 1358, 222, 1, 1, 1, 57]"
853,2cc63ee73c4661055705b014926253c43ca48c6e.bin,30,254,datacopy/UCSB/2cc63ee73c4661055705b014926253c43ca48c6e.bin,"[3, 1, 1, 39, 96, 1, 38, 3, 1, 114, 1, 122, 1840, 44, 7, 1358, 222, 1, 1, 1, 57]"
854,e1b01cbace9de42d56afe628c96486437c2bcecc.bin,30,129,datacopy/UCSB/e1b01cbace9de42d56afe628c96486437c2bcecc.bin,"[3, 1, 1, 39, 96, 1, 38, 3, 1, 114, 1, 122, 1840, 44, 7, 1358, 222, 1, 1, 1, 57]"
855,48357b3270f0f7b6d9e20dc4c80a6dcef364df9e.bin,30,129,datacopy/UCSB/48357b3270f0f7b6d9e20dc4c80a6dcef364df9e.bin,"[3, 1, 1, 39, 96, 1, 38, 3, 1, 114, 1, 122, 1840, 44, 7, 1358, 222, 1, 1, 1, 57]"
856,01e6c6b68e845bc17cbca784cf27e6174ecee296.bin,30,254,datacopy/UCSB/01e6c6b68e845bc17cbca784cf27e6174ecee296.bin,"[3, 1, 1, 39, 96, 1, 38, 3, 1, 114, 1, 122, 1840, 44, 7, 1358, 222, 1, 1, 1, 57]"
857,c92781ae6accb3d341dac9d9f845d94f77fcb5ce.bin,30,129,datacopy/UCSB/c92781ae6accb3d341dac9d9f845d94f77fcb5ce.bin,"[3, 1, 1, 39, 96, 1, 38, 3, 1, 114, 1, 122, 1840, 44, 7, 1358, 222, 1, 1, 1, 57]"
858,73c05cbce6926b80a27b9a37fda70b985060c594.bin,30,129,datacopy/UCSB/73c05cbce6926b80a27b9a37fda70b985060c594.bin,"[3, 1, 1, 39, 96, 1, 38, 3, 1, 114, 1, 122, 1840, 44, 7, 1358, 222, 1, 1, 1, 57]"
859,2aeced0f2a30c34d17c311bb99983668f453f703.bin,30,129,datacopy/UCSB/2aeced0f2a30c34d17c311bb99983668f453f703.bin,"[3, 1, 1, 39, 96, 1, 38, 3, 1, 114, 1, 122, 1840, 44, 7, 1358, 222, 1, 1, 1, 57]"
860,51ba82536477ebafd51f3d1b19d5acd8893cd65a.bin,30,310,datacopy/UCSB/51ba82536477ebafd51f3d1b19d5acd8893cd65a.bin,"[3, 1, 1, 39, 96, 1, 38, 3, 1, 114, 1, 122, 1840, 44, 7, 1358, 222, 1, 1, 1, 57]"
861,1b1ccc7383f11fd0b05fdf2ff0e7a15b7e71c910.bin,30,3,datacopy/UCSB/1b1ccc7383f11fd0b05fdf2ff0e7a15b7e71c910.bin,"[3, 1, 1, 39, 96, 1, 38, 3, 1, 114, 1, 122, 1840, 44, 7, 1358, 222, 1, 1, 1, 57]"
862,14ef841214817161acca37ad0fcb077fe18d7a27.bin,30,254,datacopy/UCSB/14ef841214817161acca37ad0fcb077fe18d7a27.bin,"[3, 1, 1, 39, 96, 1, 38, 3, 1, 114, 1, 122, 1840, 44, 7, 1358, 222, 1, 1, 1, 57]"
863,7de5213666bf707bd8e196342f6e222debd36d68.bin,30,254,datacopy/UCSB/7de5213666bf707bd8e196342f6e222debd36d68.bin,"[3, 1, 1, 39, 96, 1, 38, 3, 1, 114, 1, 122, 1840, 44, 7, 1358, 222, 1, 1, 1, 57]"
864,2bd1676903fd3408baab3a109c1909a3c238c04e.bin,30,129,datacopy/UCSB/2bd1676903fd3408baab3a109c1909a3c238c04e.bin,"[3, 1, 1, 39, 96, 1, 38, 3, 1, 114, 1, 122, 1840, 44, 7, 1358, 222, 1, 1, 1, 57]"
865,bea33a8eebe15de5e5e3ccbe414621aea3d5029d.bin,30,129,datacopy/UCSB/bea33a8eebe15de5e5e3ccbe414621aea3d5029d.bin,"[3, 1, 1, 39, 96, 1, 38, 3, 1, 114, 1, 122, 1840, 44, 7, 1358, 222, 1, 1, 1, 57]"
866,733fac6bfaf3281e923332c947248f5550ab1735.bin,30,129,datacopy/UCSB/733fac6bfaf3281e923332c947248f5550ab1735.bin,"[3, 1, 1, 39, 96, 1, 38, 3, 1, 114, 1, 122, 1840, 44, 7, 1358, 222, 1, 1, 1, 57]"
867,bb85070252ab5ffe6ff07ada324e1003d97ec243.bin,30,129,datacopy/UCSB/bb85070252ab5ffe6ff07ada324e1003d97ec243.bin,"[3, 1, 1, 39, 96, 1, 38, 3, 1, 114, 1, 122, 1840, 44, 7, 1358, 222, 1, 1, 1, 57]"
868,c8397ddd05c816cea1ada11674f87f6340e411ab.bin,30,1489,datacopy/UCSB/c8397ddd05c816cea1ada11674f87f6340e411ab.bin,"[3, 1, 1, 39, 96, 1, 38, 3, 1, 114, 1, 122, 1840, 44, 7, 1358, 222, 1, 1, 1, 57]"
869,55aeda6d6d747fc82fa2384828190542d3845088.bin,30,129,datacopy/UCSB/55aeda6d6d747fc82fa2384828190542d3845088.bin,"[3, 1, 1, 39, 96, 1, 38, 3, 1, 114, 1, 122, 1840, 44, 7, 1358, 222, 1, 1, 1, 57]"
870,24f1e80f9203845b9591532a82d3c411de6f70a8.bin,30,129,datacopy/UCSB/24f1e80f9203845b9591532a82d3c411de6f70a8.bin,"[3, 1, 1, 39, 96, 1, 38, 3, 1, 114, 1, 122, 1840, 44, 7, 1358, 222, 1, 1, 1, 57]"
871,dcbb9ef88df6f7a173b55b5cea7cd3ac52972eb5.bin,30,129,datacopy/UCSB/dcbb9ef88df6f7a173b55b5cea7cd3ac52972eb5.bin,"[3, 1, 1, 39, 96, 1, 38, 3, 1, 114, 1, 122, 1840, 44, 7, 1358, 222, 1, 1, 1, 57]"
872,1651b9d5441f66b8b9256c58d095c50920b1a33d.bin,30,254,datacopy/UCSB/1651b9d5441f66b8b9256c58d095c50920b1a33d.bin,"[3, 1, 1, 39, 96, 1, 38, 3, 1, 114, 1, 122, 1840, 44, 7, 1358, 222, 1, 1, 1, 57]"
873,6252c8f0af6836130eae13f0356465ea83af61ed.bin,30,129,datacopy/UCSB/6252c8f0af6836130eae13f0356465ea83af61ed.bin,"[3, 1, 1, 39, 96, 1, 38, 3, 1, 114, 1, 122, 1840, 44, 7, 1358, 222, 1, 1, 1, 57]"
874,6f1fd216962bab369367127c725d1ccce04957db.bin,30,130,datacopy/UCSB/6f1fd216962bab369367127c725d1ccce04957db.bin,"[3, 1, 1, 39, 96, 1, 38, 3, 1, 114, 1, 122, 1840, 44, 7, 1358, 222, 1, 1, 1, 57]"
875,853d6705b4f9ef2e1af0cfc36d4fefc22a80a6d2.bin,30,254,datacopy/UCSB/853d6705b4f9ef2e1af0cfc36d4fefc22a80a6d2.bin,"[3, 1, 1, 39, 96, 1, 38, 3, 1, 114, 1, 122, 1840, 44, 7, 1358, 222, 1, 1, 1, 57]"
876,162298b080ddd7bd1ea887ba7a9baf65863a2958.bin,30,1840,datacopy/UCSB/162298b080ddd7bd1ea887ba7a9baf65863a2958.bin,"[3, 1, 1, 39, 96, 1, 38, 3, 1, 114, 1, 122, 1840, 44, 7, 1358, 222, 1, 1, 1, 57]"
877,a9597bd1645db2290071e57b309fcca5cd5bc230.bin,30,129,datacopy/UCSB/a9597bd1645db2290071e57b309fcca5cd5bc230.bin,"[3, 1, 1, 39, 96, 1, 38, 3, 1, 114, 1, 122, 1840, 44, 7, 1358, 222, 1, 1, 1, 57]"
878,1ca51e530c7f549ab68516566cf3ae88c2bbe2b7.bin,30,129,datacopy/UCSB/1ca51e530c7f549ab68516566cf3ae88c2bbe2b7.bin,"[3, 1, 1, 39, 96, 1, 38, 3, 1, 114, 1, 122, 1840, 44, 7, 1358, 222, 1, 1, 1, 57]"
879,200463abfcd533252ff7d5f38533568aa67dc620.bin,30,129,datacopy/UCSB/200463abfcd533252ff7d5f38533568aa67dc620.bin,"[3, 1, 1, 39, 96, 1, 38, 3, 1, 114, 1, 122, 1840, 44, 7, 1358, 222, 1, 1, 1, 57]"
880,0a1ba02334beb6140a61d57a302b73e76a0475c6.bin,30,129,datacopy/UCSB/0a1ba02334beb6140a61d57a302b73e76a0475c6.bin,"[3, 1, 1, 39, 96, 1, 38, 3, 1, 114, 1, 122, 1840, 44, 7, 1358, 222, 1, 1, 1, 57]"
881,7675c8823bb5d5e48c9e186b549fab0df06e5ae5.bin,30,254,datacopy/UCSB/7675c8823bb5d5e48c9e186b549fab0df06e5ae5.bin,"[3, 1, 1, 39, 96, 1, 38, 3, 1, 114, 1, 122, 1840, 44, 7, 1358, 222, 1, 1, 1, 57]"
882,15f8143356ab2929a056e0d13dd636881be75580.bin,30,254,datacopy/UCSB/15f8143356ab2929a056e0d13dd636881be75580.bin,"[3, 1, 1, 39, 96, 1, 38, 3, 1, 114, 1, 122, 1840, 44, 7, 1358, 222, 1, 1, 1, 57]"
883,459f2364575da6ff6bea2a9183ab1b2e057b3a29.bin,30,3,datacopy/UCSB/459f2364575da6ff6bea2a9183ab1b2e057b3a29.bin,"[3, 1, 1, 39, 96, 1, 38, 3, 1, 114, 1, 122, 1840, 44, 7, 1358, 222, 1, 1, 1, 57]"
884,5a0f74a9dd00451e96c94dfb5c936bb7f2a7d98a.bin,30,129,datacopy/UCSB/5a0f74a9dd00451e96c94dfb5c936bb7f2a7d98a.bin,"[3, 1, 1, 39, 96, 1, 38, 3, 1, 114, 1, 122, 1840, 44, 7, 1358, 222, 1, 1, 1, 57]"
885,4625f24b0be0cf7d59891779166ce370c3acb35c.bin,30,129,datacopy/UCSB/4625f24b0be0cf7d59891779166ce370c3acb35c.bin,"[3, 1, 1, 39, 96, 1, 38, 3, 1, 114, 1, 122, 1840, 44, 7, 1358, 222, 1, 1, 1, 57]"
886,65b415767fe13301c0e3f25bbb864fcbc4f07c32.bin,30,129,datacopy/UCSB/65b415767fe13301c0e3f25bbb864fcbc4f07c32.bin,"[3, 1, 1, 39, 96, 1, 38, 3, 1, 114, 1, 122, 1840, 44, 7, 1358, 222, 1, 1, 1, 57]"
887,faea162a009047734d4756978a93fba8c53d927c.bin,30,129,datacopy/UCSB/faea162a009047734d4756978a93fba8c53d927c.bin,"[3, 1, 1, 39, 96, 1, 38, 3, 1, 114, 1, 122, 1840, 44, 7, 1358, 222, 1, 1, 1, 57]"
888,a57cbf6b969ec377132ddc847c3795c5556755e1.bin,30,129,datacopy/UCSB/a57cbf6b969ec377132ddc847c3795c5556755e1.bin,"[3, 1, 1, 39, 96, 1, 38, 3, 1, 114, 1, 122, 1840, 44, 7, 1358, 222, 1, 1, 1, 57]"
889,f94abb87bb210f54816e6f662e847d885bffa8ac.bin,30,129,datacopy/UCSB/f94abb87bb210f54816e6f662e847d885bffa8ac.bin,"[3, 1, 1, 39, 96, 1, 38, 3, 1, 114, 1, 122, 1840, 44, 7, 1358, 222, 1, 1, 1, 57]"
890,fe31630e4252cda188d4ee3d06d5a4aa4f330ca8.bin,30,129,datacopy/UCSB/fe31630e4252cda188d4ee3d06d5a4aa4f330ca8.bin,"[3, 1, 1, 39, 96, 1, 38, 3, 1, 114, 1, 122, 1840, 44, 7, 1358, 222, 1, 1, 1, 57]"
891,c60fcd81fb9a96267300defad6e6160d2854b0cf.bin,30,129,datacopy/UCSB/c60fcd81fb9a96267300defad6e6160d2854b0cf.bin,"[3, 1, 1, 39, 96, 1, 38, 3, 1, 114, 1, 122, 1840, 44, 7, 1358, 222, 1, 1, 1, 57]"
892,d86522bbc0e0a5122348878135ee86e1fbef7782.bin,30,129,datacopy/UCSB/d86522bbc0e0a5122348878135ee86e1fbef7782.bin,"[3, 1, 1, 39, 96, 1, 38, 3, 1, 114, 1, 122, 1840, 44, 7, 1358, 222, 1, 1, 1, 57]"
893,a1d9e838c86ff3b8aab954f27b89827db4512412.bin,30,129,datacopy/UCSB/a1d9e838c86ff3b8aab954f27b89827db4512412.bin,"[3, 1, 1, 39, 96, 1, 38, 3, 1, 114, 1, 122, 1840, 44, 7, 1358, 222, 1, 1, 1, 57]"
894,729b63d5bac74fbb25193f162508695967eefe68.bin,30,254,datacopy/UCSB/729b63d5bac74fbb25193f162508695967eefe68.bin,"[3, 1, 1, 39, 96, 1, 38, 3, 1, 114, 1, 122, 1840, 44, 7, 1358, 222, 1, 1, 1, 57]"
895,926c46005ad8df3159ea2acd4c4cc455477c1248.bin,30,254,datacopy/UCSB/926c46005ad8df3159ea2acd4c4cc455477c1248.bin,"[3, 1, 1, 39, 96, 1, 38, 3, 1, 114, 1, 122, 1840, 44, 7, 1358, 222, 1, 1, 1, 57]"
896,f68e392a30af253d0f43d6ba6b70454f45728310.codex,30,1018,datacopy/CodexGiga/f68e392a30af253d0f43d6ba6b70454f45728310.codex,"[3, 1, 1, 39, 96, 1, 38, 3, 1, 114, 1, 122, 1840, 44, 7, 1358, 222, 1, 1, 1, 57]"
897,runouce.exe,30,129,datacopy/BB/Files/2014-05-09/runouce.exe,"[3, 1, 1, 39, 96, 1, 38, 3, 1, 114, 1, 122, 1840, 44, 7, 1358, 222, 1, 1, 1, 57]"
898,298559ec5ba07701f348f4cf6005162a2a041bc994af5f1f29514499351323b8,30,1150,datacopy/Stefano/298559ec5ba07701f348f4cf6005162a2a041bc994af5f1f29514499351323b8,"[3, 1, 1, 39, 96, 1, 38, 3, 1, 114, 1, 122, 1840, 44, 7, 1358, 222, 1, 1, 1, 57]"
899,dac12d4132fb85fef3e2ee4324672d55641b92719fcd08c858a5942816c9e8d8,30,3,datacopy/Stefano/dac12d4132fb85fef3e2ee4324672d55641b92719fcd08c858a5942816c9e8d8,"[3, 1, 1, 39, 96, 1, 38, 3, 1, 114, 1, 122, 1840, 44, 7, 1358, 222, 1, 1, 1, 57]"
900,41ae9a8a2f9ea2c627b84d40c574e2039c4853a88757282bf8daf74b5e9654b0,30,3,datacopy/Stefano/41ae9a8a2f9ea2c627b84d40c574e2039c4853a88757282bf8daf74b5e9654b0,"[3, 1, 1, 39, 96, 1, 38, 3, 1, 114, 1, 122, 1840, 44, 7, 1358, 222, 1, 1, 1, 57]"
901,d809c7394168a8a1427a9c2eb0b6f08a808a98b0faba76a91b1ab656e1dd498d,30,129,datacopy/Stefano/d809c7394168a8a1427a9c2eb0b6f08a808a98b0faba76a91b1ab656e1dd498d,"[3, 1, 1, 39, 96, 1, 38, 3, 1, 114, 1, 122, 1840, 44, 7, 1358, 222, 1, 1, 1, 57]"
902,dc8407aa1eabc66e2c9ef86ed8c9484e52b25a090b7d24493de9b42fd1946db7,30,129,datacopy/Stefano/dc8407aa1eabc66e2c9ef86ed8c9484e52b25a090b7d24493de9b42fd1946db7,"[3, 1, 1, 39, 96, 1, 38, 3, 1, 114, 1, 122, 1840, 44, 7, 1358, 222, 1, 1, 1, 57]"
903,618cfd4821110f58b3245b01f74eb5c361488abc6129373bc55b308f2baf0a38,30,129,datacopy/Stefano/618cfd4821110f58b3245b01f74eb5c361488abc6129373bc55b308f2baf0a38,"[3, 1, 1, 39, 96, 1, 38, 3, 1, 114, 1, 122, 1840, 44, 7, 1358, 222, 1, 1, 1, 57]"
904,19ec40c69ea99ed6fd57eff315952a86241e33da2fd80ee63ea174e9bed7f5d5,30,129,datacopy/Stefano/19ec40c69ea99ed6fd57eff315952a86241e33da2fd80ee63ea174e9bed7f5d5,"[3, 1, 1, 39, 96, 1, 38, 3, 1, 114, 1, 122, 1840, 44, 7, 1358, 222, 1, 1, 1, 57]"
905,a2ec3ad156643272ad4ea5d35a86c07f5a092287e2e6729512305d35f531396d,30,129,datacopy/Stefano/a2ec3ad156643272ad4ea5d35a86c07f5a092287e2e6729512305d35f531396d,"[3, 1, 1, 39, 96, 1, 38, 3, 1, 114, 1, 122, 1840, 44, 7, 1358, 222, 1, 1, 1, 57]"
906,91afef0fcb789489e17a791990d3d2a62ed678928a7c92bdb1d592fbe1e561c0,30,129,datacopy/Stefano/91afef0fcb789489e17a791990d3d2a62ed678928a7c92bdb1d592fbe1e561c0,"[3, 1, 1, 39, 96, 1, 38, 3, 1, 114, 1, 122, 1840, 44, 7, 1358, 222, 1, 1, 1, 57]"
907,656cbb4f94cb78d9592f44ba05cd3003ec5f378112c1e5c2c9151f1ad303e38d,30,129,datacopy/Stefano/656cbb4f94cb78d9592f44ba05cd3003ec5f378112c1e5c2c9151f1ad303e38d,"[3, 1, 1, 39, 96, 1, 38, 3, 1, 114, 1, 122, 1840, 44, 7, 1358, 222, 1, 1, 1, 57]"
908,ebd85211599ecb4d5da83106787dc993222580add077ad5604c0343b64e38439,30,129,datacopy/Stefano/ebd85211599ecb4d5da83106787dc993222580add077ad5604c0343b64e38439,"[3, 1, 1, 39, 96, 1, 38, 3, 1, 114, 1, 122, 1840, 44, 7, 1358, 222, 1, 1, 1, 57]"
909,70e1986853d918110860d47c7deceff7fe9b4c3825f3570b1a5b2db3f11b7f7b,30,129,datacopy/Stefano/70e1986853d918110860d47c7deceff7fe9b4c3825f3570b1a5b2db3f11b7f7b,"[3, 1, 1, 39, 96, 1, 38, 3, 1, 114, 1, 122, 1840, 44, 7, 1358, 222, 1, 1, 1, 57]"
910,ba4c7b25c1be41eae037f63ef02508aaff3e2ebef413d4e1b8ced577423d3e70,30,129,datacopy/Stefano/ba4c7b25c1be41eae037f63ef02508aaff3e2ebef413d4e1b8ced577423d3e70,"[3, 1, 1, 39, 96, 1, 38, 3, 1, 114, 1, 122, 1840, 44, 7, 1358, 222, 1, 1, 1, 57]"
911,397fff4081a21ef99f847049a7248ac7e464e96cc62d48399f77fedde80c0110,30,129,datacopy/Stefano/397fff4081a21ef99f847049a7248ac7e464e96cc62d48399f77fedde80c0110,"[3, 1, 1, 39, 96, 1, 38, 3, 1, 114, 1, 122, 1840, 44, 7, 1358, 222, 1, 1, 1, 57]"
912,26546052ae7f48b23277acde858a661328774b757e381e958152d7dcdb6bca01,30,129,datacopy/Stefano/26546052ae7f48b23277acde858a661328774b757e381e958152d7dcdb6bca01,"[3, 1, 1, 39, 96, 1, 38, 3, 1, 114, 1, 122, 1840, 44, 7, 1358, 222, 1, 1, 1, 57]"
913,303d7125e423bc22ab619e48c59958ef03a37d41316a0e3503a47a911736a630,30,1358,datacopy/Stefano/303d7125e423bc22ab619e48c59958ef03a37d41316a0e3503a47a911736a630,"[3, 1, 1, 39, 96, 1, 38, 3, 1, 114, 1, 122, 1840, 44, 7, 1358, 222, 1, 1, 1, 57]"
914,123825af2b72d77cafbe56b30514a2dff45382f8e50c3ac8d5ef0a04889f848c,30,129,datacopy/Stefano/123825af2b72d77cafbe56b30514a2dff45382f8e50c3ac8d5ef0a04889f848c,"[3, 1, 1, 39, 96, 1, 38, 3, 1, 114, 1, 122, 1840, 44, 7, 1358, 222, 1, 1, 1, 57]"
915,4989b2c7538306b2ae1d9dc594a7ab9466ae616a7297aa8ec09ebf8d137b289a,30,129,datacopy/Stefano/4989b2c7538306b2ae1d9dc594a7ab9466ae616a7297aa8ec09ebf8d137b289a,"[3, 1, 1, 39, 96, 1, 38, 3, 1, 114, 1, 122, 1840, 44, 7, 1358, 222, 1, 1, 1, 57]"
916,a322dda5680f1cd3353f0ff15ada1d3e8a2756a5544dcb8c3f64f09754e752e0,30,3,datacopy/Stefano/a322dda5680f1cd3353f0ff15ada1d3e8a2756a5544dcb8c3f64f09754e752e0,"[3, 1, 1, 39, 96, 1, 38, 3, 1, 114, 1, 122, 1840, 44, 7, 1358, 222, 1, 1, 1, 57]"
917,064cd3d7499272cfa3256997fb794667cb4db69ffb2c77aed29958c0d94d448e,30,54,datacopy/Stefano/064cd3d7499272cfa3256997fb794667cb4db69ffb2c77aed29958c0d94d448e,"[3, 1, 1, 39, 96, 1, 38, 3, 1, 114, 1, 122, 1840, 44, 7, 1358, 222, 1, 1, 1, 57]"
918,a4b24cbc9fc3080de1a02125674f9fb96b13d4e77f31c55ddbe5f76e71b91efd,30,129,datacopy/Stefano/a4b24cbc9fc3080de1a02125674f9fb96b13d4e77f31c55ddbe5f76e71b91efd,"[3, 1, 1, 39, 96, 1, 38, 3, 1, 114, 1, 122, 1840, 44, 7, 1358, 222, 1, 1, 1, 57]"
919,92faea13242a8738ba9f1e7669ed074d2399fabf0f27e52d001cf7af1158a0d9,30,3,datacopy/Stefano/92faea13242a8738ba9f1e7669ed074d2399fabf0f27e52d001cf7af1158a0d9,"[3, 1, 1, 39, 96, 1, 38, 3, 1, 114, 1, 122, 1840, 44, 7, 1358, 222, 1, 1, 1, 57]"
920,4bfb000c04008db007a49f0b4437b7b677a4a905045284e142462a50ab30d218,30,1391,datacopy/Stefano/4bfb000c04008db007a49f0b4437b7b677a4a905045284e142462a50ab30d218,"[3, 1, 1, 39, 96, 1, 38, 3, 1, 114, 1, 122, 1840, 44, 7, 1358, 222, 1, 1, 1, 57]"
921,d1e8570d0f63b42238b1823600718f73549d470ecf94fd9265728c99c4a348b6,30,129,datacopy/Stefano/d1e8570d0f63b42238b1823600718f73549d470ecf94fd9265728c99c4a348b6,"[3, 1, 1, 39, 96, 1, 38, 3, 1, 114, 1, 122, 1840, 44, 7, 1358, 222, 1, 1, 1, 57]"
922,0c040ecffb18820e9d284dd7b798f49b8dbff2720ea9e4542200af09741963ae,30,3,datacopy/Stefano/0c040ecffb18820e9d284dd7b798f49b8dbff2720ea9e4542200af09741963ae,"[3, 1, 1, 39, 96, 1, 38, 3, 1, 114, 1, 122, 1840, 44, 7, 1358, 222, 1, 1, 1, 57]"
923,5c47fb8b93590b3422538c91966f92857bf746504e09137bff1a9145828f7fd3,30,1257,datacopy/Stefano/5c47fb8b93590b3422538c91966f92857bf746504e09137bff1a9145828f7fd3,"[3, 1, 1, 39, 96, 1, 38, 3, 1, 114, 1, 122, 1840, 44, 7, 1358, 222, 1, 1, 1, 57]"
924,7b347120cbb6d8651bd9ebc120ba496da5a862ecdda5b031cafee0550e89ea0d,30,129,datacopy/Stefano/7b347120cbb6d8651bd9ebc120ba496da5a862ecdda5b031cafee0550e89ea0d,"[3, 1, 1, 39, 96, 1, 38, 3, 1, 114, 1, 122, 1840, 44, 7, 1358, 222, 1, 1, 1, 57]"
925,b22e3007e91401a20619fa3f8a8525a9ffd8872daa51fc1ee001d2da1726b648,30,129,datacopy/Stefano/b22e3007e91401a20619fa3f8a8525a9ffd8872daa51fc1ee001d2da1726b648,"[3, 1, 1, 39, 96, 1, 38, 3, 1, 114, 1, 122, 1840, 44, 7, 1358, 222, 1, 1, 1, 57]"
926,46fb7f9d49bf9b13db6fe3192bff102406c2075f2b0f89729208c895e832b736,30,129,datacopy/Stefano/46fb7f9d49bf9b13db6fe3192bff102406c2075f2b0f89729208c895e832b736,"[3, 1, 1, 39, 96, 1, 38, 3, 1, 114, 1, 122, 1840, 44, 7, 1358, 222, 1, 1, 1, 57]"
927,d73dfa46e2031b22729308f5759dd626db58152c634b04e2aa74721cb15b0526,30,129,datacopy/Stefano/d73dfa46e2031b22729308f5759dd626db58152c634b04e2aa74721cb15b0526,"[3, 1, 1, 39, 96, 1, 38, 3, 1, 114, 1, 122, 1840, 44, 7, 1358, 222, 1, 1, 1, 57]"
928,e04c471afa6295f543092ef91a365b60cbfc6c443ae0ca11afb4629758e22693,30,1439,datacopy/Stefano/e04c471afa6295f543092ef91a365b60cbfc6c443ae0ca11afb4629758e22693,"[3, 1, 1, 39, 96, 1, 38, 3, 1, 114, 1, 122, 1840, 44, 7, 1358, 222, 1, 1, 1, 57]"
929,d1c39c4f7507854177d47c51eddab47bb49f353ca5f87dfe3c35b7760b1ec839,30,3,datacopy/Stefano/d1c39c4f7507854177d47c51eddab47bb49f353ca5f87dfe3c35b7760b1ec839,"[3, 1, 1, 39, 96, 1, 38, 3, 1, 114, 1, 122, 1840, 44, 7, 1358, 222, 1, 1, 1, 57]"
930,bb461b897fcb5f67e8cb6fa18443e36ef735ccb0911e4dc8e95a7f862ea0c733,30,219,datacopy/Stefano/bb461b897fcb5f67e8cb6fa18443e36ef735ccb0911e4dc8e95a7f862ea0c733,"[3, 1, 1, 39, 96, 1, 38, 3, 1, 114, 1, 122, 1840, 44, 7, 1358, 222, 1, 1, 1, 57]"
931,b9d385ae52d90b73ce17b041f2ce4aa675ea678ba753c1c04f952406ab2c84db,30,3,datacopy/Stefano/b9d385ae52d90b73ce17b041f2ce4aa675ea678ba753c1c04f952406ab2c84db,"[3, 1, 1, 39, 96, 1, 38, 3, 1, 114, 1, 122, 1840, 44, 7, 1358, 222, 1, 1, 1, 57]"
932,a91ea0adb7b99653625d4984ef8488809e36f894.bin,31,1162,datacopy/UCSB.JP/data_feed.geo_japan_6m_public_flag/a/9/1/a91ea0adb7b99653625d4984ef8488809e36f894.bin,"[8, 8]"
933,3017a885426aca30e06ea05dbde935439b46f5e4.bin,31,1162,datacopy/UCSB.JP/data_feed.geo_japan_6m_public_flag/3/0/1/3017a885426aca30e06ea05dbde935439b46f5e4.bin,"[8, 8]"
934,d55fc645eee4dfc31799bb2d2dcdcbb0ab47ead7.bin,31,1162,datacopy/UCSB/d55fc645eee4dfc31799bb2d2dcdcbb0ab47ead7.bin,"[8, 8]"
935,ff81941c92eaf5428b387962f79efa3f97f9e75c.bin,31,1162,datacopy/UCSB/ff81941c92eaf5428b387962f79efa3f97f9e75c.bin,"[8, 8]"
936,cd99612ec16a2a6f8edc93930f7af779688aa69ff38db98bc43e930b61ccf935,31,1162,datacopy/Stefano/cd99612ec16a2a6f8edc93930f7af779688aa69ff38db98bc43e930b61ccf935,"[8, 8]"
937,18f29dd886fd12be4985ad77c9f0f08d21cb58aa8779789352eaecfecdd8e2fa,31,1158,datacopy/Stefano/18f29dd886fd12be4985ad77c9f0f08d21cb58aa8779789352eaecfecdd8e2fa,"[8, 8]"
938,7273be3d25607076a5482661950524b4cc34062f068fe5a09e6d053b53551a1b,31,1162,datacopy/Stefano/7273be3d25607076a5482661950524b4cc34062f068fe5a09e6d053b53551a1b,"[8, 8]"
939,9dc5a14da984b26a7d00190c564e0f3c887f38d73e8ad81872993117b0ba307a,31,1162,datacopy/Stefano/9dc5a14da984b26a7d00190c564e0f3c887f38d73e8ad81872993117b0ba307a,"[8, 8]"
940,1a1dfcdf0258fb763a30a8fe475962c7e93589306f6652efa2a051159a107c38,31,1158,datacopy/Stefano/1a1dfcdf0258fb763a30a8fe475962c7e93589306f6652efa2a051159a107c38,"[8, 8]"
941,9077d5206d9c5c3872067636b062cdf81af819cab2eff5fe9471b149ffa88541,31,1162,datacopy/Stefano/9077d5206d9c5c3872067636b062cdf81af819cab2eff5fe9471b149ffa88541,"[8, 8]"
942,a5a47263dbdb18427ce626c790f5d154c49016cdbee26b87edec10d98820fe5d,31,1158,datacopy/Stefano/a5a47263dbdb18427ce626c790f5d154c49016cdbee26b87edec10d98820fe5d,"[8, 8]"
943,1f9151d09debd12b298b946794d4a4738612af8807efa2410a08d4beb5a06521,31,1158,datacopy/Stefano/1f9151d09debd12b298b946794d4a4738612af8807efa2410a08d4beb5a06521,"[8, 8]"
944,184ae8377fb9af2ca963af9ec6d242acbff70c823d660214fea0ec080620ca7d,31,1158,datacopy/Stefano/184ae8377fb9af2ca963af9ec6d242acbff70c823d660214fea0ec080620ca7d,"[8, 8]"
945,e5c78e1f9fa64dd450320a040e30e8836b505847f7ff0dfcf0dbcc6f99883cef,31,1158,datacopy/Stefano/e5c78e1f9fa64dd450320a040e30e8836b505847f7ff0dfcf0dbcc6f99883cef,"[8, 8]"
946,785c755c55a14635276269c9108b666deafaf4d688b99be6385fff95bbddd130,31,1162,datacopy/Stefano/785c755c55a14635276269c9108b666deafaf4d688b99be6385fff95bbddd130,"[8, 8]"
947,250bb13d673d3fadab82115a340d39a8d8023a9413be9243393e4dd9d7edb56f,31,1162,datacopy/Stefano/250bb13d673d3fadab82115a340d39a8d8023a9413be9243393e4dd9d7edb56f,"[8, 8]"
948,f62924400fca4e76738e96950c4e1919280e6fd86345f97428b07e7f500901bb,31,1162,datacopy/Stefano/f62924400fca4e76738e96950c4e1919280e6fd86345f97428b07e7f500901bb,"[8, 8]"
949,11c5fd78ec2b959b9033e46896bf147f8dd80b1efdcfb24ecda676039ab87b8c,31,1158,datacopy/Stefano/11c5fd78ec2b959b9033e46896bf147f8dd80b1efdcfb24ecda676039ab87b8c,"[8, 8]"
950,96cd1a84f048966772f72e8af23de69aa4ce535a01298c91bc545578c7620927,31,1162,datacopy/Stefano/96cd1a84f048966772f72e8af23de69aa4ce535a01298c91bc545578c7620927,"[8, 8]"
951,788bc976957c0b71bfb6d94c4e43858735f6a91461867ffb04f9da174e0d3dac,31,1162,datacopy/Stefano/788bc976957c0b71bfb6d94c4e43858735f6a91461867ffb04f9da174e0d3dac,"[8, 8]"
952,03d36a7b4a94d7c2d194a8c5bf5f65e5e34f641922a190d4723742973250646e,31,1162,datacopy/Stefano/03d36a7b4a94d7c2d194a8c5bf5f65e5e34f641922a190d4723742973250646e,"[8, 8]"
953,30bc8cccac990e072afb52fa7657e81e46ddd639087d99e4f44c5a9004e6dd3f,31,1162,datacopy/Stefano/30bc8cccac990e072afb52fa7657e81e46ddd639087d99e4f44c5a9004e6dd3f,"[8, 8]"
954,90614b0f117bd01de13909bd2c9d1902133186c66f8681d0956c80854c02786c,31,1162,datacopy/Stefano/90614b0f117bd01de13909bd2c9d1902133186c66f8681d0956c80854c02786c,"[8, 8]"
955,ff5cd59616467949722da4b1fb1cf4fdb29a6b4b8ca32afc2f3ca1f0b88769a9,31,1162,datacopy/Stefano/ff5cd59616467949722da4b1fb1cf4fdb29a6b4b8ca32afc2f3ca1f0b88769a9,"[8, 8]"
956,da9cb695acd0750981861c7b6b5715aa1b0d0bfb3f2cf64266aa4402b5e8387c,31,1158,datacopy/Stefano/da9cb695acd0750981861c7b6b5715aa1b0d0bfb3f2cf64266aa4402b5e8387c,"[8, 8]"
957,1198df3c1f87e12d814f4d5a1aa7d8187eb9fc3013f670a2c712a86188582b23,31,1158,datacopy/Stefano/1198df3c1f87e12d814f4d5a1aa7d8187eb9fc3013f670a2c712a86188582b23,"[8, 8]"
958,7cb61f7066c017bd06f1f8f19e9c01814f1ee971050cc73c74f05f768e26f2e4,31,1162,datacopy/Stefano/7cb61f7066c017bd06f1f8f19e9c01814f1ee971050cc73c74f05f768e26f2e4,"[8, 8]"
959,35edd11008c611c60d570b90e34ff8f1c2da488930468a229fec80a2139b0ae4,31,1162,datacopy/Stefano/35edd11008c611c60d570b90e34ff8f1c2da488930468a229fec80a2139b0ae4,"[8, 8]"
960,5cfee3b2ed5ddba9107694c4832f9730fee81522b372fbc0c5b493ebb38768c0,31,1162,datacopy/Stefano/5cfee3b2ed5ddba9107694c4832f9730fee81522b372fbc0c5b493ebb38768c0,"[8, 8]"
961,54192be640e5da3d76952fc59ffeaba2fde79fb2e057ac2e9860d96c59d8105b,31,1162,datacopy/Stefano/54192be640e5da3d76952fc59ffeaba2fde79fb2e057ac2e9860d96c59d8105b,"[8, 8]"
962,0b6db307f987ce9525dec98054ee2b26d5579782436f57d39a7ed3a321f196ea,31,1158,datacopy/Stefano/0b6db307f987ce9525dec98054ee2b26d5579782436f57d39a7ed3a321f196ea,"[8, 8]"
963,ba071a284f4bb5b4a7f327f77e3ebb8d251b5d75289aaa9be6e1a9575658b525,31,1162,datacopy/Stefano/ba071a284f4bb5b4a7f327f77e3ebb8d251b5d75289aaa9be6e1a9575658b525,"[8, 8]"
964,a1d4d4b4e7f0392ab5d770fdccf3a1208b923baf.bin,35,1152,datacopy/UCSB.JP/data_feed.geo_japan_6m_public_flag/a/1/d/a1d4d4b4e7f0392ab5d770fdccf3a1208b923baf.bin,[1]
965,c5461eaf306fbe65abddc4cc04f493f86b91fb42.bin,35,1152,datacopy/UCSB.JP/data_feed.geo_japan_6m_public_flag/c/5/4/c5461eaf306fbe65abddc4cc04f493f86b91fb42.bin,[1]
966,4f30951b43e4f7033ff27b9f3b19c11da5df7e10782e102165ed6b61fe3dc02d,35,1152,datacopy/Stefano/4f30951b43e4f7033ff27b9f3b19c11da5df7e10782e102165ed6b61fe3dc02d,[1]
967,a11d6186b7d58054266c80ec372c7b4afd61cd39a6194f37848a576d4cebb765,35,1152,datacopy/Stefano/a11d6186b7d58054266c80ec372c7b4afd61cd39a6194f37848a576d4cebb765,[1]
968,fa3511d8f877c76a075a000b041702b9e60ab44458135745f54758661073fb29,35,1152,datacopy/Stefano/fa3511d8f877c76a075a000b041702b9e60ab44458135745f54758661073fb29,[1]
969,2560efdb113346c2a9d1580ba21a5edb8eb21e867a22717914cc13ee3f90ae17,35,1152,datacopy/Stefano/2560efdb113346c2a9d1580ba21a5edb8eb21e867a22717914cc13ee3f90ae17,[1]
970,9454529d22ef236c666f98b5eb5d4928921bbb36481d312bcd6cee49205efea3,35,1152,datacopy/Stefano/9454529d22ef236c666f98b5eb5d4928921bbb36481d312bcd6cee49205efea3,[1]
971,2855856b3923f9f1b4ccfd717e55ffda87f2048c7d736b2e9f2a04756f03af1d,35,1152,datacopy/Stefano/2855856b3923f9f1b4ccfd717e55ffda87f2048c7d736b2e9f2a04756f03af1d,[1]
972,accd5ae93fd31b9670e2b7d38f45b9739df6f58dee3f48fbaddc151b12981bdb,35,1152,datacopy/Stefano/accd5ae93fd31b9670e2b7d38f45b9739df6f58dee3f48fbaddc151b12981bdb,[1]
973,6c22d9e0b94c1924478c1678ce4ead3480a3661adffc551693aee5254ef7015f,35,1152,datacopy/Stefano/6c22d9e0b94c1924478c1678ce4ead3480a3661adffc551693aee5254ef7015f,[1]
974,a17544e52b3f396f8ed79ed4ec84a3bc7fa4c89b.bin,36,3,datacopy/UCSB.JP/data_feed.geo_japan_6m_public_flag/a/1/7/a17544e52b3f396f8ed79ed4ec84a3bc7fa4c89b.bin,"[3, 813, 114, 8, 28, 414, 2]"
975,41ff7efc03f95f5c4df9969cf7795917dc40ea44.codex,36,813,datacopy/CodexGiga/41ff7efc03f95f5c4df9969cf7795917dc40ea44.codex,"[3, 813, 114, 8, 28, 414, 2]"
976,4ca74ff39facdaa0435e0e3ade148dd5bc2d439d.codex,36,310,datacopy/CodexGiga/4ca74ff39facdaa0435e0e3ade148dd5bc2d439d.codex,"[3, 813, 114, 8, 28, 414, 2]"
977,d52aa825d96267ffeb152e33f5d0ea3d8247490a.codex,36,804,datacopy/CodexGiga/d52aa825d96267ffeb152e33f5d0ea3d8247490a.codex,"[3, 813, 114, 8, 28, 414, 2]"
978,74e2d3a912227bbda563b82778f0b0d8cfb9d00a.codex,36,310,datacopy/CodexGiga/74e2d3a912227bbda563b82778f0b0d8cfb9d00a.codex,"[3, 813, 114, 8, 28, 414, 2]"
979,13327e528892b9f4e247b4f58f884926ae5bd811.codex,36,804,datacopy/CodexGiga/13327e528892b9f4e247b4f58f884926ae5bd811.codex,"[3, 813, 114, 8, 28, 414, 2]"
980,314e5545fce1fd1787367216e2ac51c38b24baeb.codex,36,729,datacopy/CodexGiga/314e5545fce1fd1787367216e2ac51c38b24baeb.codex,"[3, 813, 114, 8, 28, 414, 2]"
981,0f7acf49dafa8ee8be48e687c04c406ea38f3bc5.codex,36,729,datacopy/CodexGiga/0f7acf49dafa8ee8be48e687c04c406ea38f3bc5.codex,"[3, 813, 114, 8, 28, 414, 2]"
982,efa499354b533739c7ab867a29e3c5003cfec259.codex,36,729,datacopy/CodexGiga/efa499354b533739c7ab867a29e3c5003cfec259.codex,"[3, 813, 114, 8, 28, 414, 2]"
983,e9827157fa4b39db8894968e670c16a5f932d692.codex,36,729,datacopy/CodexGiga/e9827157fa4b39db8894968e670c16a5f932d692.codex,"[3, 813, 114, 8, 28, 414, 2]"
984,f758ed50bd65f36d52f4552fc2581d55a1ed9a68.codex,36,729,datacopy/CodexGiga/f758ed50bd65f36d52f4552fc2581d55a1ed9a68.codex,"[3, 813, 114, 8, 28, 414, 2]"
985,15d0d760857c3fe122e32b150acd80502c17bea1.codex,36,729,datacopy/CodexGiga/15d0d760857c3fe122e32b150acd80502c17bea1.codex,"[3, 813, 114, 8, 28, 414, 2]"
986,a97e0501fb48f4cc7bbd766f7e3b50993e97459f.codex,36,310,datacopy/CodexGiga/a97e0501fb48f4cc7bbd766f7e3b50993e97459f.codex,"[3, 813, 114, 8, 28, 414, 2]"
987,cliente1300492.exe,36,9,datacopy/BB/Files/2012-01-27/cliente1300492.exe,"[3, 813, 114, 8, 28, 414, 2]"
988,ComoReconhecerPeriguete.html.exe,36,2,datacopy/BB/Files/2012-08-13/ComoReconhecerPeriguete.html.exe,"[3, 813, 114, 8, 28, 414, 2]"
989,atualizar_itoken.exe,36,9,datacopy/BB/Files/2012-02-24/atualizar_itoken.exe,"[3, 813, 114, 8, 28, 414, 2]"
990,a5900c59b2ab46731b7c89593646d41592d4d057.bin,37,1541,datacopy/UCSB.JP/data_feed.geo_japan_6m_public_flag/a/5/9/a5900c59b2ab46731b7c89593646d41592d4d057.bin,"[1, 3, 3, 1, 1, 1788]"
991,e221e890fcf5e50c1b23d01c0328bbdd726bf087.bin,37,1532,datacopy/UCSB.JP/data_feed.geo_japan_6m_public_flag/e/2/2/e221e890fcf5e50c1b23d01c0328bbdd726bf087.bin,"[1, 3, 3, 1, 1, 1788]"
992,38719ee10065ebe2cbec42ffe7c6f1f90652bb48.bin,37,3,datacopy/UCSB.JP/data_feed.geo_japan_6m_public_flag/3/8/7/38719ee10065ebe2cbec42ffe7c6f1f90652bb48.bin,"[1, 3, 3, 1, 1, 1788]"
993,1bbbb6996fed61e6df327ba41c824bd2756444e0.bin,37,1513,datacopy/UCSB.JP/data_feed.geo_japan_6m_public_flag/1/b/b/1bbbb6996fed61e6df327ba41c824bd2756444e0.bin,"[1, 3, 3, 1, 1, 1788]"
994,c161241f39ad0b1d50664f9f08f4ef7d070f0b6d.bin,37,1541,datacopy/UCSB.JP/data_feed.geo_japan_6m_public_flag/c/1/6/c161241f39ad0b1d50664f9f08f4ef7d070f0b6d.bin,"[1, 3, 3, 1, 1, 1788]"
995,4eddf9aa9263fc19461511b3c01a5f72fd863eb4.bin,37,1513,datacopy/UCSB.JP/data_feed.geo_japan_6m_public_flag/4/e/d/4eddf9aa9263fc19461511b3c01a5f72fd863eb4.bin,"[1, 3, 3, 1, 1, 1788]"
996,081fa3d6e08be25a727df104ff8d67b276fcd4ff.bin,37,2025,datacopy/UCSB.JP/data_feed.geo_japan_6m_public_flag/0/8/1/081fa3d6e08be25a727df104ff8d67b276fcd4ff.bin,"[1, 3, 3, 1, 1, 1788]"
997,040cace83fadc0f6bc56a791fbfe77ff23cedace.bin,37,1532,datacopy/UCSB.JP/data_feed.geo_japan_6m_public_flag/0/4/0/040cace83fadc0f6bc56a791fbfe77ff23cedace.bin,"[1, 3, 3, 1, 1, 1788]"
998,7cc8f6fa6aa415d042548e938e4a25c6252e3e21.bin,37,1532,datacopy/UCSB/7cc8f6fa6aa415d042548e938e4a25c6252e3e21.bin,"[1, 3, 3, 1, 1, 1788]"
999,fb88c5988c0a6dbcfdeebb3c58ea38b38977a14c.bin,37,1541,datacopy/UCSB/fb88c5988c0a6dbcfdeebb3c58ea38b38977a14c.bin,"[1, 3, 3, 1, 1, 1788]"
1000,5cdd14226ed5710b34b27f32136f7145582124f7.bin,37,1788,datacopy/UCSB/5cdd14226ed5710b34b27f32136f7145582124f7.bin,"[1, 3, 3, 1, 1, 1788]"
1001,881dccac41f7b7122e04ad6f227b87ba0a3f6944.bin,37,1541,datacopy/UCSB/881dccac41f7b7122e04ad6f227b87ba0a3f6944.bin,"[1, 3, 3, 1, 1, 1788]"
1002,2ca170d81a8f0eecd9b40c13fefa51f5520728a6.bin,37,3,datacopy/UCSB/2ca170d81a8f0eecd9b40c13fefa51f5520728a6.bin,"[1, 3, 3, 1, 1, 1788]"
1003,ff7ccf72ba340b6c0baa1d2bddd289bf5d84c848.bin,37,1788,datacopy/UCSB/ff7ccf72ba340b6c0baa1d2bddd289bf5d84c848.bin,"[1, 3, 3, 1, 1, 1788]"
1004,2c8498e2fb8293cfdc1d875cb3b63590a3d5d78a.bin,37,1541,datacopy/UCSB/2c8498e2fb8293cfdc1d875cb3b63590a3d5d78a.bin,"[1, 3, 3, 1, 1, 1788]"
1005,ea6e282997d5f473d7e29e33d81c65f6c0d889c3.bin,45,1157,datacopy/UCSB.JP/data_feed.geo_japan_6m_public_flag/e/a/6/ea6e282997d5f473d7e29e33d81c65f6c0d889c3.bin,[5]
1006,397e3b0bbbf9cdee67a47fd0a130f39d14f90f13.bin,45,1157,datacopy/UCSB.JP/data_feed.geo_japan_6m_public_flag/3/9/7/397e3b0bbbf9cdee67a47fd0a130f39d14f90f13.bin,[5]
1007,7040eddb299d28cb8ba56164521eb34d75d88ea7.bin,45,1157,datacopy/UCSB/7040eddb299d28cb8ba56164521eb34d75d88ea7.bin,[5]
1008,5a5edc6d925b64c7f99cadc239e726ba74a9dd7c.bin,45,1157,datacopy/UCSB/5a5edc6d925b64c7f99cadc239e726ba74a9dd7c.bin,[5]
1009,5fae4e46048970e1c6701ddf0ee123bb37048599.bin,45,1157,datacopy/UCSB/5fae4e46048970e1c6701ddf0ee123bb37048599.bin,[5]
1010,d980ada5782b039a3a35e0809809adc0ce71ba03.bin,45,1157,datacopy/UCSB/d980ada5782b039a3a35e0809809adc0ce71ba03.bin,[5]
1011,c6b4cc6a6900ccf5adba49a7efa11a50ca0fe215.bin,45,1157,datacopy/UCSB/c6b4cc6a6900ccf5adba49a7efa11a50ca0fe215.bin,[5]
1012,19aa497f341fed7388617d5a3b11b621ff5983ac.bin,45,1157,datacopy/UCSB/19aa497f341fed7388617d5a3b11b621ff5983ac.bin,[5]
1013,929c1360cc3b61ba03dfc1f37553447d60e5618e.bin,45,1157,datacopy/UCSB/929c1360cc3b61ba03dfc1f37553447d60e5618e.bin,[5]
1014,ce9678a38e5e8f9cf7be8ae93bf387a488523f09.bin,45,1157,datacopy/UCSB/ce9678a38e5e8f9cf7be8ae93bf387a488523f09.bin,[5]
1015,af34545bad5dead05cf48c2bc91cf7f04ee9b4e9.bin,45,1157,datacopy/UCSB/af34545bad5dead05cf48c2bc91cf7f04ee9b4e9.bin,[5]
1016,af746d5aacb6615032f53fd1aa15f79efca4d8a4.bin,45,1157,datacopy/UCSB/af746d5aacb6615032f53fd1aa15f79efca4d8a4.bin,[5]
1017,be2360fc10ec2b825367d214a5e594f8de06eb22.bin,45,1157,datacopy/UCSB/be2360fc10ec2b825367d214a5e594f8de06eb22.bin,[5]
1018,791fdffbcb44872f80a9186db36acc1a791d48b6.bin,45,1157,datacopy/UCSB/791fdffbcb44872f80a9186db36acc1a791d48b6.bin,[5]
1019,c405616ddf981e5fba86efc0e0554dc033e24249.bin,45,1157,datacopy/UCSB/c405616ddf981e5fba86efc0e0554dc033e24249.bin,[5]
1020,cc34975f680949181a87125ed0f5f0d7243cb2e2.bin,45,1157,datacopy/UCSB/cc34975f680949181a87125ed0f5f0d7243cb2e2.bin,[5]
1021,e78a94ec8a791453e306baf19d8e151a8efdc471.bin,45,1157,datacopy/UCSB/e78a94ec8a791453e306baf19d8e151a8efdc471.bin,[5]
1022,a90daa13491cd01297d29cf9eaec47010696a4ee.bin,45,1157,datacopy/UCSB/a90daa13491cd01297d29cf9eaec47010696a4ee.bin,[5]
1023,022b6b86a0143ff7e38ab93505ca4c9211335341.bin,45,1157,datacopy/UCSB/022b6b86a0143ff7e38ab93505ca4c9211335341.bin,[5]
1024,fefe392a268348450a7e6e9073011c27f8086960.bin,45,1157,datacopy/UCSB/fefe392a268348450a7e6e9073011c27f8086960.bin,[5]
1025,b6562ab8667efc2da230e095a89ae006560f6cb3.bin,45,1157,datacopy/UCSB/b6562ab8667efc2da230e095a89ae006560f6cb3.bin,[5]
1026,83dad9b140b5558773ee6fbe81db71ba1ff44dfd.bin,45,1157,datacopy/UCSB/83dad9b140b5558773ee6fbe81db71ba1ff44dfd.bin,[5]
1027,2959915d6dd28e07654bc8c89f99f171fc8340f5.bin,45,1157,datacopy/UCSB/2959915d6dd28e07654bc8c89f99f171fc8340f5.bin,[5]
1028,6d0627429c691e29c2153fcccfc337c29f1a9d2e.bin,45,1157,datacopy/UCSB/6d0627429c691e29c2153fcccfc337c29f1a9d2e.bin,[5]
1029,1d15429f3e2cedeae44d9d5244996d14ee685c07.bin,45,1157,datacopy/UCSB/1d15429f3e2cedeae44d9d5244996d14ee685c07.bin,[5]
1030,63e8e2f23c91ae85612f345f06e4f2f87284dbeb.bin,45,1157,datacopy/UCSB/63e8e2f23c91ae85612f345f06e4f2f87284dbeb.bin,[5]
1031,10d8926dd0f93815ec59f5400c9a6524c50d157d.bin,45,1157,datacopy/UCSB/10d8926dd0f93815ec59f5400c9a6524c50d157d.bin,[5]
1032,f068cbd3d0fec57d6549b0a15064f079588b1ff8.bin,45,1157,datacopy/UCSB/f068cbd3d0fec57d6549b0a15064f079588b1ff8.bin,[5]
1033,2dd0b3d98fe75b490fd5df417b1e76f889f8837a452219287000299b4f58b80a,45,1157,datacopy/Stefano/2dd0b3d98fe75b490fd5df417b1e76f889f8837a452219287000299b4f58b80a,[5]
1034,943f70d1aca696ebaa67f218ad2e996a680f7ad3c8c0f9638014d07e04adcb68,45,1157,datacopy/Stefano/943f70d1aca696ebaa67f218ad2e996a680f7ad3c8c0f9638014d07e04adcb68,[5]
1035,2447e21924cf7f08327cc499769b172003e038688926304ead4edc49dfc0d96e,45,1157,datacopy/Stefano/2447e21924cf7f08327cc499769b172003e038688926304ead4edc49dfc0d96e,[5]
1036,d7fde50bf2624d3e037e15acb948f48c2fad77beb9aa955a94e3ec283863be5d,45,1157,datacopy/Stefano/d7fde50bf2624d3e037e15acb948f48c2fad77beb9aa955a94e3ec283863be5d,[5]
1037,ee8f463b59e1e0a53ab5bf380d1df052e4a52023.bin,46,1993,datacopy/UCSB.JP/data_feed.geo_japan_6m_public_flag/e/e/8/ee8f463b59e1e0a53ab5bf380d1df052e4a52023.bin,"[1, 1, 1, 3, 64]"
1038,e7aea0556f30d85ef24eadcdf407540d6c82d800.bin,46,2035,datacopy/UCSB.JP/data_feed.geo_japan_6m_public_flag/e/7/a/e7aea0556f30d85ef24eadcdf407540d6c82d800.bin,"[1, 1, 1, 3, 64]"
1039,e7675bbe542d526d6b127f9d62aa2d9c163a333b.bin,46,2035,datacopy/UCSB.JP/data_feed.geo_japan_6m_public_flag/e/7/6/e7675bbe542d526d6b127f9d62aa2d9c163a333b.bin,"[1, 1, 1, 3, 64]"
1040,b1db1045dff8c4cefd2ae896f271196528a2a9c8.bin,46,1350,datacopy/UCSB.JP/data_feed.geo_japan_6m_public_flag/b/1/d/b1db1045dff8c4cefd2ae896f271196528a2a9c8.bin,"[1, 1, 1, 3, 64]"
1041,3b56c548c1983617a1c1911ac245a7c587b092bb.bin,46,3,datacopy/UCSB.JP/data_feed.geo_japan_6m_public_flag/3/b/5/3b56c548c1983617a1c1911ac245a7c587b092bb.bin,"[1, 1, 1, 3, 64]"
1042,34c35cce80e7c51883e504d9d45b5168a30d60f8.bin,46,1993,datacopy/UCSB.JP/data_feed.geo_japan_6m_public_flag/3/4/c/34c35cce80e7c51883e504d9d45b5168a30d60f8.bin,"[1, 1, 1, 3, 64]"
1043,dd5983504cfa639ea2c27cb6fb71774bc287ddfb.bin,46,1993,datacopy/UCSB.JP/data_feed.geo_japan_6m_public_flag/d/d/5/dd5983504cfa639ea2c27cb6fb71774bc287ddfb.bin,"[1, 1, 1, 3, 64]"
1044,d643a5263e162d6a64f50b04198d816d926b938c.bin,46,1350,datacopy/UCSB.JP/data_feed.geo_japan_6m_public_flag/d/6/4/d643a5263e162d6a64f50b04198d816d926b938c.bin,"[1, 1, 1, 3, 64]"
1045,54e104e8fd85c3723e56d76a71453128e3f9b322.bin,46,1993,datacopy/UCSB.JP/data_feed.geo_japan_6m_public_flag/5/4/e/54e104e8fd85c3723e56d76a71453128e3f9b322.bin,"[1, 1, 1, 3, 64]"
1046,57dbe962049ff52e09d2ba45207f938fb4d1afd7.bin,46,52,datacopy/UCSB.JP/data_feed.geo_japan_6m_public_flag/5/7/d/57dbe962049ff52e09d2ba45207f938fb4d1afd7.bin,"[1, 1, 1, 3, 64]"
1047,fa400ab63eae6e822f8244082aa961709efbf1bc.bin,46,1993,datacopy/UCSB.JP/data_feed.geo_japan_6m_public_flag/f/a/4/fa400ab63eae6e822f8244082aa961709efbf1bc.bin,"[1, 1, 1, 3, 64]"
1048,f0863af15b28c8a396e43626958213bd4c6b229c.bin,46,1350,datacopy/UCSB.JP/data_feed.geo_japan_6m_public_flag/f/0/8/f0863af15b28c8a396e43626958213bd4c6b229c.bin,"[1, 1, 1, 3, 64]"
1049,46a3658147af5ebe56ce831d4b495dd6b2bf7b5d.bin,46,3,datacopy/UCSB.JP/data_feed.geo_japan_6m_public_flag/4/6/a/46a3658147af5ebe56ce831d4b495dd6b2bf7b5d.bin,"[1, 1, 1, 3, 64]"
1050,6e93b6c133c332bf25a17a6c143bba38a7a9210c.bin,46,3,datacopy/UCSB.JP/data_feed.geo_japan_6m_public_flag/6/e/9/6e93b6c133c332bf25a17a6c143bba38a7a9210c.bin,"[1, 1, 1, 3, 64]"
1051,6fcaa279fa81ba0a7f6ce4c2eacd0229e62ac605.bin,46,1993,datacopy/UCSB.JP/data_feed.geo_japan_6m_public_flag/6/f/c/6fcaa279fa81ba0a7f6ce4c2eacd0229e62ac605.bin,"[1, 1, 1, 3, 64]"
1052,60e80b42d6441bb2aac9cce013f1b8569108bf10.bin,46,1993,datacopy/UCSB.JP/data_feed.geo_japan_6m_public_flag/6/0/e/60e80b42d6441bb2aac9cce013f1b8569108bf10.bin,"[1, 1, 1, 3, 64]"
1053,67a5f779c4b394a1ad7a5a5f975586e02b62b380.bin,46,3,datacopy/UCSB.JP/data_feed.geo_japan_6m_public_flag/6/7/a/67a5f779c4b394a1ad7a5a5f975586e02b62b380.bin,"[1, 1, 1, 3, 64]"
1054,8b8e6bd47c5af98b6ab18c0778a3dcd22cdfa6ca.bin,53,3,datacopy/UCSB.JP/data_feed.geo_japan_6m_public_flag/8/b/8/8b8e6bd47c5af98b6ab18c0778a3dcd22cdfa6ca.bin,"[3, 1, 2092, 296, 368, 2097, 2101, 137, 1, 11, 74, 64, 4, 5, 1, 1, 1]"
1055,e7569654c22199f49b71f164207a532ffdc7997f.bin,53,3,datacopy/UCSB.JP/data_feed.geo_japan_6m_public_flag/e/7/5/e7569654c22199f49b71f164207a532ffdc7997f.bin,"[3, 1, 2092, 296, 368, 2097, 2101, 137, 1, 11, 74, 64, 4, 5, 1, 1, 1]"
1056,2f2689baf8d0cfd49a8d180535ee2fa7d8890c63.bin,53,1257,datacopy/UCSB.JP/data_feed.geo_japan_6m_public_flag/2/f/2/2f2689baf8d0cfd49a8d180535ee2fa7d8890c63.bin,"[3, 1, 2092, 296, 368, 2097, 2101, 137, 1, 11, 74, 64, 4, 5, 1, 1, 1]"
1057,2f6f4e20914e8c98ca174ee338d62b7a305dad13.bin,53,1257,datacopy/UCSB.JP/data_feed.geo_japan_6m_public_flag/2/f/6/2f6f4e20914e8c98ca174ee338d62b7a305dad13.bin,"[3, 1, 2092, 296, 368, 2097, 2101, 137, 1, 11, 74, 64, 4, 5, 1, 1, 1]"
1058,d22161331c9742926e3ff72b01556718cda3242e.bin,53,2092,datacopy/UCSB.JP/data_feed.geo_japan_6m_public_flag/d/2/2/d22161331c9742926e3ff72b01556718cda3242e.bin,"[3, 1, 2092, 296, 368, 2097, 2101, 137, 1, 11, 74, 64, 4, 5, 1, 1, 1]"
1059,dd988cd77e87037ee7dd00c8c74a78bd756985fa.bin,53,296,datacopy/UCSB.JP/data_feed.geo_japan_6m_public_flag/d/d/9/dd988cd77e87037ee7dd00c8c74a78bd756985fa.bin,"[3, 1, 2092, 296, 368, 2097, 2101, 137, 1, 11, 74, 64, 4, 5, 1, 1, 1]"
1060,dcc972f17a52b222de60cccefa8cf7489735cbab.bin,53,109,datacopy/UCSB.JP/data_feed.geo_japan_6m_public_flag/d/c/c/dcc972f17a52b222de60cccefa8cf7489735cbab.bin,"[3, 1, 2092, 296, 368, 2097, 2101, 137, 1, 11, 74, 64, 4, 5, 1, 1, 1]"
1061,19b51b0c260b166c926adec0dd6ec1a9f60e323d.bin,53,2097,datacopy/UCSB.JP/data_feed.geo_japan_6m_public_flag/1/9/b/19b51b0c260b166c926adec0dd6ec1a9f60e323d.bin,"[3, 1, 2092, 296, 368, 2097, 2101, 137, 1, 11, 74, 64, 4, 5, 1, 1, 1]"
1062,1f0495a37c13903a8b86696eec0e2af1cbc29094.bin,53,2101,datacopy/UCSB.JP/data_feed.geo_japan_6m_public_flag/1/f/0/1f0495a37c13903a8b86696eec0e2af1cbc29094.bin,"[3, 1, 2092, 296, 368, 2097, 2101, 137, 1, 11, 74, 64, 4, 5, 1, 1, 1]"
1063,45f78caa6f9190540a97403b91dfe7d5a6824a6c.bin,53,4,datacopy/UCSB.JP/data_feed.geo_japan_6m_public_flag/4/5/f/45f78caa6f9190540a97403b91dfe7d5a6824a6c.bin,"[3, 1, 2092, 296, 368, 2097, 2101, 137, 1, 11, 74, 64, 4, 5, 1, 1, 1]"
1064,01f9b10b770d61b3ed5b9dd35d3b62c3e9405225.bin,53,109,datacopy/UCSB/01f9b10b770d61b3ed5b9dd35d3b62c3e9405225.bin,"[3, 1, 2092, 296, 368, 2097, 2101, 137, 1, 11, 74, 64, 4, 5, 1, 1, 1]"
1065,52d6db5ef54a21d2b540719b951f915f6491afb4.bin,53,189,datacopy/UCSB/52d6db5ef54a21d2b540719b951f915f6491afb4.bin,"[3, 1, 2092, 296, 368, 2097, 2101, 137, 1, 11, 74, 64, 4, 5, 1, 1, 1]"
1066,95a02a33a02aaf4a03d66e775bb9d2ff2e8f665c.bin,53,189,datacopy/UCSB/95a02a33a02aaf4a03d66e775bb9d2ff2e8f665c.bin,"[3, 1, 2092, 296, 368, 2097, 2101, 137, 1, 11, 74, 64, 4, 5, 1, 1, 1]"
1067,4c71b7c42c40b6237b8aaf06ac64955814056f5d.bin,53,334,datacopy/UCSB/4c71b7c42c40b6237b8aaf06ac64955814056f5d.bin,"[3, 1, 2092, 296, 368, 2097, 2101, 137, 1, 11, 74, 64, 4, 5, 1, 1, 1]"
1068,relatorio_de_acessos_instagram.pdf.exe,53,3,datacopy/BB/Files/2017-12-19/relatorio_de_acessos_instagram.pdf.exe,"[3, 1, 2092, 296, 368, 2097, 2101, 137, 1, 11, 74, 64, 4, 5, 1, 1, 1]"
1069,Caly.exe,53,51,datacopy/BB/Files/2017-12-19/Caly.exe,"[3, 1, 2092, 296, 368, 2097, 2101, 137, 1, 11, 74, 64, 4, 5, 1, 1, 1]"
1070,instagram_para_pc.exe,53,52,datacopy/BB/Files/2017-12-19/instagram_para_pc.exe,"[3, 1, 2092, 296, 368, 2097, 2101, 137, 1, 11, 74, 64, 4, 5, 1, 1, 1]"
1071,73a2ce664239262401446f115e390e961663e2919f1eb0ee87684c9886b7a32b,53,386,datacopy/Stefano/73a2ce664239262401446f115e390e961663e2919f1eb0ee87684c9886b7a32b,"[3, 1, 2092, 296, 368, 2097, 2101, 137, 1, 11, 74, 64, 4, 5, 1, 1, 1]"
1072,6d4ee0da9d375e55841687816e8f64f68b9e86abff89551d536b13f97df2a165,53,3,datacopy/Stefano/6d4ee0da9d375e55841687816e8f64f68b9e86abff89551d536b13f97df2a165,"[3, 1, 2092, 296, 368, 2097, 2101, 137, 1, 11, 74, 64, 4, 5, 1, 1, 1]"
1073,9c4ec227170d9be46c951c25fccf010894af4469f7c033edb6e6a96e340f6bec,53,3,datacopy/Stefano/9c4ec227170d9be46c951c25fccf010894af4469f7c033edb6e6a96e340f6bec,"[3, 1, 2092, 296, 368, 2097, 2101, 137, 1, 11, 74, 64, 4, 5, 1, 1, 1]"
1074,a077b01ea16242d504bd04e9070ac23c7da277fd6dfd763df51fb90622341175,53,594,datacopy/Stefano/a077b01ea16242d504bd04e9070ac23c7da277fd6dfd763df51fb90622341175,"[3, 1, 2092, 296, 368, 2097, 2101, 137, 1, 11, 74, 64, 4, 5, 1, 1, 1]"
1075,c0a02eabfe348d10f84f1a7182863fa0e8d61e81ea45ca63f88bd9f2f8dab1cb,53,1379,datacopy/Stefano/c0a02eabfe348d10f84f1a7182863fa0e8d61e81ea45ca63f88bd9f2f8dab1cb,"[3, 1, 2092, 296, 368, 2097, 2101, 137, 1, 11, 74, 64, 4, 5, 1, 1, 1]"
1076,ea9abef9defd194bd5d9003a519ca0c203085fef3272a2c90c0e70cfeb06928d,53,556,datacopy/Stefano/ea9abef9defd194bd5d9003a519ca0c203085fef3272a2c90c0e70cfeb06928d,"[3, 1, 2092, 296, 368, 2097, 2101, 137, 1, 11, 74, 64, 4, 5, 1, 1, 1]"
1077,147e0e996840aab7c81b471850d1b26ca57644c628658d8dde7167d51159d97b,53,3,datacopy/Stefano/147e0e996840aab7c81b471850d1b26ca57644c628658d8dde7167d51159d97b,"[3, 1, 2092, 296, 368, 2097, 2101, 137, 1, 11, 74, 64, 4, 5, 1, 1, 1]"
1078,627d1c06226e00eaa536dd0762ffb982a2ac8be6a01867fae7e3169cf0de45bb,53,1379,datacopy/Stefano/627d1c06226e00eaa536dd0762ffb982a2ac8be6a01867fae7e3169cf0de45bb,"[3, 1, 2092, 296, 368, 2097, 2101, 137, 1, 11, 74, 64, 4, 5, 1, 1, 1]"
1079,dcf14d430a057cd4fae86194cba3b852c9f1bdbc31c5aa7ef2c2d5b11d3435d8,53,3,datacopy/Stefano/dcf14d430a057cd4fae86194cba3b852c9f1bdbc31c5aa7ef2c2d5b11d3435d8,"[3, 1, 2092, 296, 368, 2097, 2101, 137, 1, 11, 74, 64, 4, 5, 1, 1, 1]"
1080,e580b1b10ff7a1a5d40065a75926d9f6d583e293063a1d28a1667a9cf63da939,53,1453,datacopy/Stefano/e580b1b10ff7a1a5d40065a75926d9f6d583e293063a1d28a1667a9cf63da939,"[3, 1, 2092, 296, 368, 2097, 2101, 137, 1, 11, 74, 64, 4, 5, 1, 1, 1]"
1081,b81301496efb0b42049100a123891d5447a4b2b5.bin,54,3,datacopy/UCSB.JP/data_feed.geo_japan_6m_public_flag/b/8/1/b81301496efb0b42049100a123891d5447a4b2b5.bin,"[3, 1]"
1082,8e9c211cf9d924aaa4b06888754ce551696b0c379c5ccfc8651f9f42bbe389a2,54,1173,datacopy/Stefano/8e9c211cf9d924aaa4b06888754ce551696b0c379c5ccfc8651f9f42bbe389a2,"[3, 1]"
1083,31b061a169b54564128b9cfc02f7b4243ed87043d395260fd7648e58274a89c2,54,1173,datacopy/Stefano/31b061a169b54564128b9cfc02f7b4243ed87043d395260fd7648e58274a89c2,"[3, 1]"
1084,d58218d074435bf4cc949c494edc9742dc8c45c6c1f5fd9da788425b4369689b,54,1173,datacopy/Stefano/d58218d074435bf4cc949c494edc9742dc8c45c6c1f5fd9da788425b4369689b,"[3, 1]"
1085,643c26ae5f3eb04fc8bdc1d73356acdca1dd982321ae2cb2bea9fe1cef05c6d8,54,1173,datacopy/Stefano/643c26ae5f3eb04fc8bdc1d73356acdca1dd982321ae2cb2bea9fe1cef05c6d8,"[3, 1]"
1086,78565c73668241a7e692f0733992c1d17cafcaeec1699deaa1ce472dac69e5c8,54,1173,datacopy/Stefano/78565c73668241a7e692f0733992c1d17cafcaeec1699deaa1ce472dac69e5c8,"[3, 1]"
1087,d63106db5ffda1702cd1fb40adbd3ac357cf281e632eaacf3eff4a160dcce1f6,54,1173,datacopy/Stefano/d63106db5ffda1702cd1fb40adbd3ac357cf281e632eaacf3eff4a160dcce1f6,"[3, 1]"
1088,7783a341ed84c881f702f543a3e5d5ae0c89700d122a4c248ae738acc2fb5725,54,1173,datacopy/Stefano/7783a341ed84c881f702f543a3e5d5ae0c89700d122a4c248ae738acc2fb5725,"[3, 1]"
1089,babb1fb625e18d32173eaeeff1b1d444e24ed392.bin,55,3,datacopy/UCSB.JP/data_feed.geo_japan_6m_public_flag/b/a/b/babb1fb625e18d32173eaeeff1b1d444e24ed392.bin,"[3, 1, 2145, 2, 11]"
1090,c1f8c8b348481de1c32d747760dec04d7e2ae7f4.bin,55,3,datacopy/UCSB.JP/data_feed.geo_japan_6m_public_flag/c/1/f/c1f8c8b348481de1c32d747760dec04d7e2ae7f4.bin,"[3, 1, 2145, 2, 11]"
1091,4a789f444d990b4d6dd745ca607b453d0e313fdb.bin,55,1257,datacopy/UCSB.JP/data_feed.geo_japan_6m_public_flag/4/a/7/4a789f444d990b4d6dd745ca607b453d0e313fdb.bin,"[3, 1, 2145, 2, 11]"
1092,0288390b8257641f19068b5cee385998f99c2df1.bin,55,2145,datacopy/UCSB.JP/data_feed.geo_japan_6m_public_flag/0/2/8/0288390b8257641f19068b5cee385998f99c2df1.bin,"[3, 1, 2145, 2, 11]"
1093,Dsc_293.jpg.exe,55,2,datacopy/BB/Files/2012-03-01/Dsc_293.jpg.exe,"[3, 1, 2145, 2, 11]"
1094,718a44a0016d54cfb977cea213beb0fc9b3cd7af1e77b442e3019aa11fb32653,55,62,datacopy/Stefano/718a44a0016d54cfb977cea213beb0fc9b3cd7af1e77b442e3019aa11fb32653,"[3, 1, 2145, 2, 11]"
1095,b19972bfde16e59abeec0e509910bdee33acf0ec.bin,59,3,datacopy/UCSB.JP/data_feed.geo_japan_6m_public_flag/b/1/9/b19972bfde16e59abeec0e509910bdee33acf0ec.bin,"[3, 44, 67, 2, 12]"
1096,b541b9fc8936817a48068f9cd0be62bdf0af1bc5.bin,59,1018,datacopy/UCSB/b541b9fc8936817a48068f9cd0be62bdf0af1bc5.bin,"[3, 44, 67, 2, 12]"
1097,1295e29811d083b2206bd4abbf3a9d51a30f9103.codex,59,3,datacopy/CodexGiga/1295e29811d083b2206bd4abbf3a9d51a30f9103.codex,"[3, 44, 67, 2, 12]"
1098,afb36dbd3f88df440bb69178d0e44e7dce6630f3.codex,59,774,datacopy/CodexGiga/afb36dbd3f88df440bb69178d0e44e7dce6630f3.codex,"[3, 44, 67, 2, 12]"
1099,Imprimir.2.Boleto.exe,59,2,datacopy/BB/Files/2015-12-14/Imprimir.2.Boleto.exe,"[3, 44, 67, 2, 12]"
1100,Sky.exe,59,338,datacopy/BB/Files/2015-04-01/Sky.exe,"[3, 44, 67, 2, 12]"
1101,70b53615015040fcc984_lgfp_3000.exe,59,2,datacopy/BB/Files/2016-09-12/70b53615015040fcc984_lgfp_3000.exe,"[3, 44, 67, 2, 12]"
1102,IMG_boleto.exe,59,2,datacopy/BB/Files/2015-12-16/IMG_boleto.exe,"[3, 44, 67, 2, 12]"
1103,2.Boleto.pdf.exe,59,2,datacopy/BB/Files/2015-12-17/2.Boleto.pdf.exe,"[3, 44, 67, 2, 12]"
1104,b5a4b03bc09cf0f8e44f7f66029c382e3b1a086a.bin,60,312,datacopy/UCSB.JP/data_feed.geo_japan_6m_public_flag/b/5/a/b5a4b03bc09cf0f8e44f7f66029c382e3b1a086a.bin,[1]
1105,3be8e77d111ae1df6e1610bcef27d5a27f3770e6.bin,60,312,datacopy/UCSB.JP/data_feed.geo_japan_6m_public_flag/3/b/e/3be8e77d111ae1df6e1610bcef27d5a27f3770e6.bin,[1]
1106,4fd7dda9d9e03214df1df9d77af695c0b6b1cdf0.bin,60,312,datacopy/UCSB.JP/data_feed.geo_japan_6m_public_flag/4/f/d/4fd7dda9d9e03214df1df9d77af695c0b6b1cdf0.bin,[1]
1107,bc8d5f0df66b3724477901eca39c9271e74b304e.bin,63,3,datacopy/UCSB.JP/data_feed.geo_japan_6m_public_flag/b/c/8/bc8d5f0df66b3724477901eca39c9271e74b304e.bin,"[3, 1]"
1108,386961b7d0f37b0c931d6022e3360f6d58b51816.bin,63,2056,datacopy/UCSB.JP/data_feed.geo_japan_6m_public_flag/3/8/6/386961b7d0f37b0c931d6022e3360f6d58b51816.bin,"[3, 1]"
1109,c75f5aca2df03cc05f0f153632cac566a04fbe04.bin,63,3,datacopy/UCSB.JP/data_feed.geo_japan_6m_public_flag/c/7/5/c75f5aca2df03cc05f0f153632cac566a04fbe04.bin,"[3, 1]"
1110,08d40e68e96f6fe641aa738ad9e75a6a83e8510a.bin,63,3,datacopy/UCSB.JP/data_feed.geo_japan_6m_public_flag/0/8/d/08d40e68e96f6fe641aa738ad9e75a6a83e8510a.bin,"[3, 1]"
1111,7c5615088f59e9adfd03ada91a95c4df1bfeecd1.bin,63,2056,datacopy/UCSB.JP/data_feed.geo_japan_6m_public_flag/7/c/5/7c5615088f59e9adfd03ada91a95c4df1bfeecd1.bin,"[3, 1]"
1112,b764d639e8903a2b11f9188bddb37b82774e8fd1.bin,66,1216,datacopy/UCSB.JP/data_feed.geo_japan_6m_public_flag/b/7/6/b764d639e8903a2b11f9188bddb37b82774e8fd1.bin,[3]
1113,70e93fa6b9e98cf985e1ac47eadc5aee04f571c4.bin,66,1216,datacopy/UCSB.JP/data_feed.geo_japan_6m_public_flag/7/0/e/70e93fa6b9e98cf985e1ac47eadc5aee04f571c4.bin,[3]
1114,b32163375e6200eefd69dcdecfec08192da9e390.bin,66,1216,datacopy/UCSB/b32163375e6200eefd69dcdecfec08192da9e390.bin,[3]
1115,826bd357602ec9f5c85cdc3b3cdd77a297fa2ed9.bin,66,1216,datacopy/UCSB/826bd357602ec9f5c85cdc3b3cdd77a297fa2ed9.bin,[3]
1116,721fe735bddf3045cf91da642657731cadacb99f.bin,66,1216,datacopy/UCSB/721fe735bddf3045cf91da642657731cadacb99f.bin,[3]
1117,841a67735cb60388f2234137651a573fc22edc7e.bin,66,1216,datacopy/UCSB/841a67735cb60388f2234137651a573fc22edc7e.bin,[3]
1118,5b857a97c41146b7d582ce570e54552092e0e79a.bin,66,1216,datacopy/UCSB/5b857a97c41146b7d582ce570e54552092e0e79a.bin,[3]
1119,a2eeadefa26806a369fa275e7b6ba2ce84b7364e.bin,66,1216,datacopy/UCSB/a2eeadefa26806a369fa275e7b6ba2ce84b7364e.bin,[3]
1120,1ac3b55d1f5dc03a6efdf159d6590d593c523f09.bin,66,1216,datacopy/UCSB/1ac3b55d1f5dc03a6efdf159d6590d593c523f09.bin,[3]
1121,9de47f95fccde1e0920865201383b0b1aa252c51.bin,66,1216,datacopy/UCSB/9de47f95fccde1e0920865201383b0b1aa252c51.bin,[3]
1122,31f72418ed907c177ec7acff883186dfcfd4366a.bin,66,1216,datacopy/UCSB/31f72418ed907c177ec7acff883186dfcfd4366a.bin,[3]
1123,b76a7e78292b5306fb8949d1c51c3b6c69095e4a.bin,66,1216,datacopy/UCSB/b76a7e78292b5306fb8949d1c51c3b6c69095e4a.bin,[3]
1124,84bf90abb42af96cc1bc8d4dd8c02de4fdecfbca.bin,66,1216,datacopy/UCSB/84bf90abb42af96cc1bc8d4dd8c02de4fdecfbca.bin,[3]
1125,59233019e074332ae4b589b3c85f34105facafcf.bin,66,1216,datacopy/UCSB/59233019e074332ae4b589b3c85f34105facafcf.bin,[3]
1126,341721d02c7cb4d94e583fb9e4b2b95606242add.bin,66,1216,datacopy/UCSB/341721d02c7cb4d94e583fb9e4b2b95606242add.bin,[3]
1127,6f17d56c5db2784e20f530f8c55d876b876e4df6.bin,66,1216,datacopy/UCSB/6f17d56c5db2784e20f530f8c55d876b876e4df6.bin,[3]
1128,2d4f84f6443b82bdcab50da61a864689f1d35bb9.bin,66,1216,datacopy/UCSB/2d4f84f6443b82bdcab50da61a864689f1d35bb9.bin,[3]
1129,1af6673c2dc19bc9aca7081b48d45e5585d69120.bin,66,1216,datacopy/UCSB/1af6673c2dc19bc9aca7081b48d45e5585d69120.bin,[3]
1130,5bcabaef61adc522b990dc1d54678097e876bcb3.bin,66,1216,datacopy/UCSB/5bcabaef61adc522b990dc1d54678097e876bcb3.bin,[3]
1131,a6e91b7fb4a4f042b454afd32365872141109161.bin,66,1216,datacopy/UCSB/a6e91b7fb4a4f042b454afd32365872141109161.bin,[3]
1132,6af29827f62cf381ca650d43b7c8e78d5248598a.bin,66,1216,datacopy/UCSB/6af29827f62cf381ca650d43b7c8e78d5248598a.bin,[3]
1133,b593fcd289dd36f41be81b26b5685f1e59da38c2.bin,66,1216,datacopy/UCSB/b593fcd289dd36f41be81b26b5685f1e59da38c2.bin,[3]
1134,fa587d561ab78ce424822c23e00cd95f9f4a3a20.bin,66,1216,datacopy/UCSB/fa587d561ab78ce424822c23e00cd95f9f4a3a20.bin,[3]
1135,97cc271f86070275f1f2a42f3028ac01fc8fad74.bin,66,1216,datacopy/UCSB/97cc271f86070275f1f2a42f3028ac01fc8fad74.bin,[3]
1136,09cc23a58894ce013286dbede631a04624d737bcd128d233743342fdab3208bd,66,1216,datacopy/Stefano/09cc23a58894ce013286dbede631a04624d737bcd128d233743342fdab3208bd,[3]
1137,cd1ab7768af8646c5a2ee58bf31d86a273f9645fc8bb78ce11fa5c2f9061570b,66,1216,datacopy/Stefano/cd1ab7768af8646c5a2ee58bf31d86a273f9645fc8bb78ce11fa5c2f9061570b,[3]
1138,d1d2a21cf06a0d91a6d88be466a7dff29e60715b6787c1b52553a2135e141cc5,66,1216,datacopy/Stefano/d1d2a21cf06a0d91a6d88be466a7dff29e60715b6787c1b52553a2135e141cc5,[3]
1139,457859ab972d789bfed78da82fbc54aaccebb1e7ef1002410253239fec341e7a,66,1216,datacopy/Stefano/457859ab972d789bfed78da82fbc54aaccebb1e7ef1002410253239fec341e7a,[3]
1140,88c8fe8a6d9b9b46cf75093403cc45c154db1f02003b52258cf3ddbbea0db9ab,66,1216,datacopy/Stefano/88c8fe8a6d9b9b46cf75093403cc45c154db1f02003b52258cf3ddbbea0db9ab,[3]
1141,7800695ef764a1ef8a7d3f506c0fe7ee5a67f44be7eb0135fe7fcde304e47997,66,1216,datacopy/Stefano/7800695ef764a1ef8a7d3f506c0fe7ee5a67f44be7eb0135fe7fcde304e47997,[3]
1142,b2f30eb060848b07bde3ee5d00dfed0065fbbc3069b5f98b263f2128ef0ff3f8,66,1216,datacopy/Stefano/b2f30eb060848b07bde3ee5d00dfed0065fbbc3069b5f98b263f2128ef0ff3f8,[3]
1143,4df55d2230a51c954bf7cb5eeea89559df56b71d5b0ee2af57eb770fa0508bcc,66,1216,datacopy/Stefano/4df55d2230a51c954bf7cb5eeea89559df56b71d5b0ee2af57eb770fa0508bcc,[3]
1144,ff8f29a282f86efff9bb755ff608842e0e05ce372454ed073e8fc85c99044818,66,1216,datacopy/Stefano/ff8f29a282f86efff9bb755ff608842e0e05ce372454ed073e8fc85c99044818,[3]
1145,3aa7d02bef485987d92fa65208c8d06bd6029077.bin,67,3,datacopy/UCSB.JP/data_feed.geo_japan_6m_public_flag/3/a/a/3aa7d02bef485987d92fa65208c8d06bd6029077.bin,"[3, 26, 137, 1, 34]"
1146,616dd8a5d7cf4d177c07e35350c283f319b94e46.codex,67,730,datacopy/CodexGiga/616dd8a5d7cf4d177c07e35350c283f319b94e46.codex,"[3, 26, 137, 1, 34]"
1147,09b3a1e9dd664496a2f81a1c894ad728a6914639.codex,67,4,datacopy/CodexGiga/09b3a1e9dd664496a2f81a1c894ad728a6914639.codex,"[3, 26, 137, 1, 34]"
1148,33bb329902a97bcab9f96a275043bf22ce6a2f1a.codex,67,814,datacopy/CodexGiga/33bb329902a97bcab9f96a275043bf22ce6a2f1a.codex,"[3, 26, 137, 1, 34]"
1149,847a83f361e459d6aaa892644ba1e71d9609b55b.codex,67,730,datacopy/CodexGiga/847a83f361e459d6aaa892644ba1e71d9609b55b.codex,"[3, 26, 137, 1, 34]"
1150,1afcf477db6534feeae4d346c067ed53482c4643.codex,67,779,datacopy/CodexGiga/1afcf477db6534feeae4d346c067ed53482c4643.codex,"[3, 26, 137, 1, 34]"
1151,1cff25bcd38b389436e66a357d90f27589ae21cb.codex,67,730,datacopy/CodexGiga/1cff25bcd38b389436e66a357d90f27589ae21cb.codex,"[3, 26, 137, 1, 34]"
1152,8d941454c00dcd5d030d10e85e19f22ddeaa2276.codex,67,4,datacopy/CodexGiga/8d941454c00dcd5d030d10e85e19f22ddeaa2276.codex,"[3, 26, 137, 1, 34]"
1153,3ac6cbe4982afbf0143309f4d8e9ceaa053b61d1.bin,68,1944,datacopy/UCSB.JP/data_feed.geo_japan_6m_public_flag/3/a/c/3ac6cbe4982afbf0143309f4d8e9ceaa053b61d1.bin,"[2, 1, 7]"
1154,9dcf2e81e0858ff789064514164c8aa54e2bae59.bin,68,1944,datacopy/UCSB.JP/data_feed.geo_japan_6m_public_flag/9/d/c/9dcf2e81e0858ff789064514164c8aa54e2bae59.bin,"[2, 1, 7]"
1155,2ae2a8016c64152769d356efed7be5b4021ea26f.bin,68,2080,datacopy/UCSB.JP/data_feed.geo_japan_6m_public_flag/2/a/e/2ae2a8016c64152769d356efed7be5b4021ea26f.bin,"[2, 1, 7]"
1156,2c4e5a0049d30f014ea6908e47258613b1985c1f.bin,68,284,datacopy/UCSB.JP/data_feed.geo_japan_6m_public_flag/2/c/4/2c4e5a0049d30f014ea6908e47258613b1985c1f.bin,"[2, 1, 7]"
1157,14d1d5efa2aa717c62f20c63722511ceadad5acf.bin,68,2080,datacopy/UCSB.JP/data_feed.geo_japan_6m_public_flag/1/4/d/14d1d5efa2aa717c62f20c63722511ceadad5acf.bin,"[2, 1, 7]"
1158,f0ba55855d66e041aa332ccd7de4664108756043.bin,68,1944,datacopy/UCSB.JP/data_feed.geo_japan_6m_public_flag/f/0/b/f0ba55855d66e041aa332ccd7de4664108756043.bin,"[2, 1, 7]"
1159,cdc99368e3e6a8cf1a9fb44c953fed9c295b001d.bin,68,2080,datacopy/UCSB.JP/data_feed.geo_japan_6m_public_flag/c/d/c/cdc99368e3e6a8cf1a9fb44c953fed9c295b001d.bin,"[2, 1, 7]"
1160,cc9a98e2d4bbd125d671ba7f4c8fedc01f1c44f8.bin,68,1944,datacopy/UCSB.JP/data_feed.geo_japan_6m_public_flag/c/c/9/cc9a98e2d4bbd125d671ba7f4c8fedc01f1c44f8.bin,"[2, 1, 7]"
1161,0aa69326c177c5b3e19c402c8e08ea73a562f61f.bin,68,1944,datacopy/UCSB.JP/data_feed.geo_japan_6m_public_flag/0/a/a/0aa69326c177c5b3e19c402c8e08ea73a562f61f.bin,"[2, 1, 7]"
1162,0eed3bc7dd30fda2bd38f29ee79c6c0916afa509.bin,68,2080,datacopy/UCSB.JP/data_feed.geo_japan_6m_public_flag/0/e/e/0eed3bc7dd30fda2bd38f29ee79c6c0916afa509.bin,"[2, 1, 7]"
1163,74c957ccf2a3d13765c0e6495ee0dd54778c2b14.bin,68,1944,datacopy/UCSB.JP/data_feed.geo_japan_6m_public_flag/7/4/c/74c957ccf2a3d13765c0e6495ee0dd54778c2b14.bin,"[2, 1, 7]"
1164,3486f837bb6e9cc97bf6868f20233be4e90cd894.bin,72,1341,datacopy/UCSB.JP/data_feed.geo_japan_6m_public_flag/3/4/8/3486f837bb6e9cc97bf6868f20233be4e90cd894.bin,[1]
1165,d7a1c152c434aee9f30042025ff2f36272d8e9d1.bin,72,1341,datacopy/UCSB.JP/data_feed.geo_japan_6m_public_flag/d/7/a/d7a1c152c434aee9f30042025ff2f36272d8e9d1.bin,[1]
1166,5252bf33c3e723087a91b94170378218ab72944f.bin,72,1341,datacopy/UCSB.JP/data_feed.geo_japan_6m_public_flag/5/2/5/5252bf33c3e723087a91b94170378218ab72944f.bin,[1]
1167,50025a2ba1cb32c7921fe9cabafb691b673e85ff.bin,72,1341,datacopy/UCSB.JP/data_feed.geo_japan_6m_public_flag/5/0/0/50025a2ba1cb32c7921fe9cabafb691b673e85ff.bin,[1]
1168,49d96ea10145976d3bab65ee6065c4f189483636.bin,72,1341,datacopy/UCSB.JP/data_feed.geo_japan_6m_public_flag/4/9/d/49d96ea10145976d3bab65ee6065c4f189483636.bin,[1]
1169,7fe1c9d12c4a367f8266273d2faf302434549eb0.bin,72,1341,datacopy/UCSB.JP/data_feed.geo_japan_6m_public_flag/7/f/e/7fe1c9d12c4a367f8266273d2faf302434549eb0.bin,[1]
1170,a916faabcb7b1cd921ef29334377456af7d913f4.bin,75,1532,datacopy/UCSB.JP/data_feed.geo_japan_6m_public_flag/a/9/1/a916faabcb7b1cd921ef29334377456af7d913f4.bin,"[3, 95, 226, 1]"
1171,98195f56f24f84b650904cf1dfcd8f5072f62939.bin,75,694,datacopy/UCSB.JP/data_feed.geo_japan_6m_public_flag/9/8/1/98195f56f24f84b650904cf1dfcd8f5072f62939.bin,"[3, 95, 226, 1]"
1172,21868a7d63acce572bc5f285beb1cf47e2a13fb3.bin,75,694,datacopy/UCSB.JP/data_feed.geo_japan_6m_public_flag/2/1/8/21868a7d63acce572bc5f285beb1cf47e2a13fb3.bin,"[3, 95, 226, 1]"
1173,20e0d61e70fbec68624fe6db3af2dda7e64980de.bin,75,53,datacopy/UCSB.JP/data_feed.geo_japan_6m_public_flag/2/0/e/20e0d61e70fbec68624fe6db3af2dda7e64980de.bin,"[3, 95, 226, 1]"
1174,d6c27032866504097b9468a63333a6eda1e658ba.bin,75,1532,datacopy/UCSB.JP/data_feed.geo_japan_6m_public_flag/d/6/c/d6c27032866504097b9468a63333a6eda1e658ba.bin,"[3, 95, 226, 1]"
1175,c79e6e3f51c877eaff715e892bc4ed07822cc24c.bin,75,1532,datacopy/UCSB.JP/data_feed.geo_japan_6m_public_flag/c/7/9/c79e6e3f51c877eaff715e892bc4ed07822cc24c.bin,"[3, 95, 226, 1]"
1176,4a04c3c1dd2d0faa4d728a2600de15fa661b1075.bin,75,694,datacopy/UCSB.JP/data_feed.geo_japan_6m_public_flag/4/a/0/4a04c3c1dd2d0faa4d728a2600de15fa661b1075.bin,"[3, 95, 226, 1]"
1177,bcbb9fb71f0b8a94d8b7d7c42f6ae6275d1c8a5f.bin,75,1532,datacopy/UCSB/bcbb9fb71f0b8a94d8b7d7c42f6ae6275d1c8a5f.bin,"[3, 95, 226, 1]"
1178,ac018ea9f73a42ecca818cd3b1b19c8adc4d2269.bin,75,1532,datacopy/UCSB/ac018ea9f73a42ecca818cd3b1b19c8adc4d2269.bin,"[3, 95, 226, 1]"
1179,d3c837a2ff52e620d70d65801d9581424ea462b3.bin,75,1532,datacopy/UCSB/d3c837a2ff52e620d70d65801d9581424ea462b3.bin,"[3, 95, 226, 1]"
1180,4cb0a3ac795f282d956c34439565d0141757dd59.bin,75,1513,datacopy/UCSB/4cb0a3ac795f282d956c34439565d0141757dd59.bin,"[3, 95, 226, 1]"
1181,b4193d9a3e0df4e626c1784449c99a848af380c2.bin,75,1532,datacopy/UCSB/b4193d9a3e0df4e626c1784449c99a848af380c2.bin,"[3, 95, 226, 1]"
1182,9142019621d2540a3f0c00650bb14305bdd23526.bin,79,3,datacopy/UCSB.JP/data_feed.geo_japan_6m_public_flag/9/1/4/9142019621d2540a3f0c00650bb14305bdd23526.bin,"[3, 1, 2, 1, 5, 90, 30, 157, 176, 286, 19, 61, 1, 9, 347, 543, 6, 24, 742, 453, 57, 4, 43, 414, 10, 564, 8, 114, 592, 503]"
1183,074058a20bfd62a83e96b4b7f6f332b29d3f000b.bin,79,3,datacopy/UCSB/074058a20bfd62a83e96b4b7f6f332b29d3f000b.bin,"[3, 1, 2, 1, 5, 90, 30, 157, 176, 286, 19, 61, 1, 9, 347, 543, 6, 24, 742, 453, 57, 4, 43, 414, 10, 564, 8, 114, 592, 503]"
1184,1d8dae03a65f355bcdb213a38f996f78b2838833.bin,79,3,datacopy/UCSB/1d8dae03a65f355bcdb213a38f996f78b2838833.bin,"[3, 1, 2, 1, 5, 90, 30, 157, 176, 286, 19, 61, 1, 9, 347, 543, 6, 24, 742, 453, 57, 4, 43, 414, 10, 564, 8, 114, 592, 503]"
1185,b32f00e0fd7ccfa1af49b6e3134e0893f8e9bf27.bin,79,3,datacopy/UCSB/b32f00e0fd7ccfa1af49b6e3134e0893f8e9bf27.bin,"[3, 1, 2, 1, 5, 90, 30, 157, 176, 286, 19, 61, 1, 9, 347, 543, 6, 24, 742, 453, 57, 4, 43, 414, 10, 564, 8, 114, 592, 503]"
1186,6e6627c70e0de1536baffbc34f3dc6c709ccc7ce.bin,79,1670,datacopy/UCSB/6e6627c70e0de1536baffbc34f3dc6c709ccc7ce.bin,"[3, 1, 2, 1, 5, 90, 30, 157, 176, 286, 19, 61, 1, 9, 347, 543, 6, 24, 742, 453, 57, 4, 43, 414, 10, 564, 8, 114, 592, 503]"
1187,HdDLfV.exe,79,3,datacopy/BB/Files/2014-10-30/HdDLfV.exe,"[3, 1, 2, 1, 5, 90, 30, 157, 176, 286, 19, 61, 1, 9, 347, 543, 6, 24, 742, 453, 57, 4, 43, 414, 10, 564, 8, 114, 592, 503]"
1188,DETALHES_SCR_DOC.exe,79,3,datacopy/BB/Files/2014-10-30/DETALHES_SCR_DOC.exe,"[3, 1, 2, 1, 5, 90, 30, 157, 176, 286, 19, 61, 1, 9, 347, 543, 6, 24, 742, 453, 57, 4, 43, 414, 10, 564, 8, 114, 592, 503]"
1189,Comprovante_nfe.exe,79,2,datacopy/BB/Files/2014-10-30/Comprovante_nfe.exe,"[3, 1, 2, 1, 5, 90, 30, 157, 176, 286, 19, 61, 1, 9, 347, 543, 6, 24, 742, 453, 57, 4, 43, 414, 10, 564, 8, 114, 592, 503]"
1190,cleosvaldo2061.exe,79,3,datacopy/BB/Files/2015-08-12/cleosvaldo2061.exe,"[3, 1, 2, 1, 5, 90, 30, 157, 176, 286, 19, 61, 1, 9, 347, 543, 6, 24, 742, 453, 57, 4, 43, 414, 10, 564, 8, 114, 592, 503]"
1191,vsNDv.exe.exe,79,3,datacopy/BB/Files/2015-08-12/vsNDv.exe.exe,"[3, 1, 2, 1, 5, 90, 30, 157, 176, 286, 19, 61, 1, 9, 347, 543, 6, 24, 742, 453, 57, 4, 43, 414, 10, 564, 8, 114, 592, 503]"
1192,Visualizar_Debito_ReceitaFederal-221451_2015.exe,79,3,datacopy/BB/Files/2015-08-12/Visualizar_Debito_ReceitaFederal-221451_2015.exe,"[3, 1, 2, 1, 5, 90, 30, 157, 176, 286, 19, 61, 1, 9, 347, 543, 6, 24, 742, 453, 57, 4, 43, 414, 10, 564, 8, 114, 592, 503]"
1193,cleosvaldo9913.exe,79,3,datacopy/BB/Files/2015-08-12/cleosvaldo9913.exe,"[3, 1, 2, 1, 5, 90, 30, 157, 176, 286, 19, 61, 1, 9, 347, 543, 6, 24, 742, 453, 57, 4, 43, 414, 10, 564, 8, 114, 592, 503]"
1194,adobereader.exe,79,3,datacopy/BB/Files/2015-01-12/adobereader.exe,"[3, 1, 2, 1, 5, 90, 30, 157, 176, 286, 19, 61, 1, 9, 347, 543, 6, 24, 742, 453, 57, 4, 43, 414, 10, 564, 8, 114, 592, 503]"
1195,wissytem.exe,79,3,datacopy/BB/Files/2015-01-12/wissytem.exe,"[3, 1, 2, 1, 5, 90, 30, 157, 176, 286, 19, 61, 1, 9, 347, 543, 6, 24, 742, 453, 57, 4, 43, 414, 10, 564, 8, 114, 592, 503]"
1196,ReciboTAM0394A_136144856.exe,79,2,datacopy/BB/Files/2015-02-03/ReciboTAM0394A_136144856.exe,"[3, 1, 2, 1, 5, 90, 30, 157, 176, 286, 19, 61, 1, 9, 347, 543, 6, 24, 742, 453, 57, 4, 43, 414, 10, 564, 8, 114, 592, 503]"
1197,Vale-Presente0007317319.exe,79,110,datacopy/BB/Files/2015-04-28/Vale-Presente0007317319.exe,"[3, 1, 2, 1, 5, 90, 30, 157, 176, 286, 19, 61, 1, 9, 347, 543, 6, 24, 742, 453, 57, 4, 43, 414, 10, 564, 8, 114, 592, 503]"
1198,Adblocks.exe,79,111,datacopy/BB/Files/2015-04-28/Adblocks.exe,"[3, 1, 2, 1, 5, 90, 30, 157, 176, 286, 19, 61, 1, 9, 347, 543, 6, 24, 742, 453, 57, 4, 43, 414, 10, 564, 8, 114, 592, 503]"
1199,wZQbewlUJ.exe,79,3,datacopy/BB/Files/2015-02-05/wZQbewlUJ.exe,"[3, 1, 2, 1, 5, 90, 30, 157, 176, 286, 19, 61, 1, 9, 347, 543, 6, 24, 742, 453, 57, 4, 43, 414, 10, 564, 8, 114, 592, 503]"
1200,systendrive.exe,79,113,datacopy/BB/Files/2015-02-05/systendrive.exe,"[3, 1, 2, 1, 5, 90, 30, 157, 176, 286, 19, 61, 1, 9, 347, 543, 6, 24, 742, 453, 57, 4, 43, 414, 10, 564, 8, 114, 592, 503]"
1201,Recibo3940A0C4_99726345278643849247816009.exe,79,2,datacopy/BB/Files/2015-02-05/Recibo3940A0C4_99726345278643849247816009.exe,"[3, 1, 2, 1, 5, 90, 30, 157, 176, 286, 19, 61, 1, 9, 347, 543, 6, 24, 742, 453, 57, 4, 43, 414, 10, 564, 8, 114, 592, 503]"
1202,mthBrLmsh.exe,79,2,datacopy/BB/Files/2015-02-05/mthBrLmsh.exe,"[3, 1, 2, 1, 5, 90, 30, 157, 176, 286, 19, 61, 1, 9, 347, 543, 6, 24, 742, 453, 57, 4, 43, 414, 10, 564, 8, 114, 592, 503]"
1203,Cupom_Promocional.exe,79,2,datacopy/BB/Files/2015-01-22/Cupom_Promocional.exe,"[3, 1, 2, 1, 5, 90, 30, 157, 176, 286, 19, 61, 1, 9, 347, 543, 6, 24, 742, 453, 57, 4, 43, 414, 10, 564, 8, 114, 592, 503]"
1204,update_java.exe,79,3,datacopy/BB/Files/2015-01-22/update_java.exe,"[3, 1, 2, 1, 5, 90, 30, 157, 176, 286, 19, 61, 1, 9, 347, 543, 6, 24, 742, 453, 57, 4, 43, 414, 10, 564, 8, 114, 592, 503]"
1205,18_01_moto.zip.exe,79,2,datacopy/BB/Files/2015-01-22/18_01_moto.zip.exe,"[3, 1, 2, 1, 5, 90, 30, 157, 176, 286, 19, 61, 1, 9, 347, 543, 6, 24, 742, 453, 57, 4, 43, 414, 10, 564, 8, 114, 592, 503]"
1206,Depoimento-004-987.exe,79,2,datacopy/BB/Files/2015-02-23/Depoimento-004-987.exe,"[3, 1, 2, 1, 5, 90, 30, 157, 176, 286, 19, 61, 1, 9, 347, 543, 6, 24, 742, 453, 57, 4, 43, 414, 10, 564, 8, 114, 592, 503]"
1207,Documentos.PDF..........................................................................exe,79,2,datacopy/BB/Files/2014-12-02/Documentos.PDF..........................................................................exe,"[3, 1, 2, 1, 5, 90, 30, 157, 176, 286, 19, 61, 1, 9, 347, 543, 6, 24, 742, 453, 57, 4, 43, 414, 10, 564, 8, 114, 592, 503]"
1208,defm.exe,79,3,datacopy/BB/Files/2017-05-11/defm.exe,"[3, 1, 2, 1, 5, 90, 30, 157, 176, 286, 19, 61, 1, 9, 347, 543, 6, 24, 742, 453, 57, 4, 43, 414, 10, 564, 8, 114, 592, 503]"
1209,cleosvaldo5416.exe,79,64,datacopy/BB/Files/2015-08-14/cleosvaldo5416.exe,"[3, 1, 2, 1, 5, 90, 30, 157, 176, 286, 19, 61, 1, 9, 347, 543, 6, 24, 742, 453, 57, 4, 43, 414, 10, 564, 8, 114, 592, 503]"
1210,cleosvaldo6021.exe,79,64,datacopy/BB/Files/2015-08-14/cleosvaldo6021.exe,"[3, 1, 2, 1, 5, 90, 30, 157, 176, 286, 19, 61, 1, 9, 347, 543, 6, 24, 742, 453, 57, 4, 43, 414, 10, 564, 8, 114, 592, 503]"
1211,Visualizar-NF-Eletronica007832611032_rnd.exe,79,2,datacopy/BB/Files/2015-01-20/Visualizar-NF-Eletronica007832611032_rnd.exe,"[3, 1, 2, 1, 5, 90, 30, 157, 176, 286, 19, 61, 1, 9, 347, 543, 6, 24, 742, 453, 57, 4, 43, 414, 10, 564, 8, 114, 592, 503]"
1212,rViprXNHXceN.exe,79,3,datacopy/BB/Files/2015-05-22/rViprXNHXceN.exe,"[3, 1, 2, 1, 5, 90, 30, 157, 176, 286, 19, 61, 1, 9, 347, 543, 6, 24, 742, 453, 57, 4, 43, 414, 10, 564, 8, 114, 592, 503]"
1213,Comprovante-TransaÃ§ao.exe,79,3,datacopy/BB/Files/2015-05-22/Comprovante-TransaÃ§ao.exe,"[3, 1, 2, 1, 5, 90, 30, 157, 176, 286, 19, 61, 1, 9, 347, 543, 6, 24, 742, 453, 57, 4, 43, 414, 10, 564, 8, 114, 592, 503]"
1214,CwYCBoV.exe.exe,79,3,datacopy/BB/Files/2015-10-01/CwYCBoV.exe.exe,"[3, 1, 2, 1, 5, 90, 30, 157, 176, 286, 19, 61, 1, 9, 347, 543, 6, 24, 742, 453, 57, 4, 43, 414, 10, 564, 8, 114, 592, 503]"
1215,Comprovante_Fiscal_093892000001.exe,79,157,datacopy/BB/Files/2015-10-01/Comprovante_Fiscal_093892000001.exe,"[3, 1, 2, 1, 5, 90, 30, 157, 176, 286, 19, 61, 1, 9, 347, 543, 6, 24, 742, 453, 57, 4, 43, 414, 10, 564, 8, 114, 592, 503]"
1216,windnt.exe,79,3,datacopy/BB/Files/2015-10-01/windnt.exe,"[3, 1, 2, 1, 5, 90, 30, 157, 176, 286, 19, 61, 1, 9, 347, 543, 6, 24, 742, 453, 57, 4, 43, 414, 10, 564, 8, 114, 592, 503]"
1217,2_via_do_seu_boleto.exe,79,2,datacopy/BB/Files/2015-10-01/2_via_do_seu_boleto.exe,"[3, 1, 2, 1, 5, 90, 30, 157, 176, 286, 19, 61, 1, 9, 347, 543, 6, 24, 742, 453, 57, 4, 43, 414, 10, 564, 8, 114, 592, 503]"
1218,Boleto-09861.exe,79,2,datacopy/BB/Files/2014-12-17/Boleto-09861.exe,"[3, 1, 2, 1, 5, 90, 30, 157, 176, 286, 19, 61, 1, 9, 347, 543, 6, 24, 742, 453, 57, 4, 43, 414, 10, 564, 8, 114, 592, 503]"
1219,14_12_homer.zip.exe,79,3,datacopy/BB/Files/2014-12-17/14_12_homer.zip.exe,"[3, 1, 2, 1, 5, 90, 30, 157, 176, 286, 19, 61, 1, 9, 347, 543, 6, 24, 742, 453, 57, 4, 43, 414, 10, 564, 8, 114, 592, 503]"
1220,sisvc.exe,79,3,datacopy/BB/Files/2014-12-17/sisvc.exe,"[3, 1, 2, 1, 5, 90, 30, 157, 176, 286, 19, 61, 1, 9, 347, 543, 6, 24, 742, 453, 57, 4, 43, 414, 10, 564, 8, 114, 592, 503]"
1221,N2014050177_pdf02.exe.EXE,79,2,datacopy/BB/Files/2014-12-17/N2014050177_pdf02.exe.EXE,"[3, 1, 2, 1, 5, 90, 30, 157, 176, 286, 19, 61, 1, 9, 347, 543, 6, 24, 742, 453, 57, 4, 43, 414, 10, 564, 8, 114, 592, 503]"
1222,Cobranca_protesto.exe,79,176,datacopy/BB/Files/2014-08-22/Cobranca_protesto.exe,"[3, 1, 2, 1, 5, 90, 30, 157, 176, 286, 19, 61, 1, 9, 347, 543, 6, 24, 742, 453, 57, 4, 43, 414, 10, 564, 8, 114, 592, 503]"
1223,1869_82441_directDownload_true.exe,79,2,datacopy/BB/Files/2014-08-22/1869_82441_directDownload_true.exe,"[3, 1, 2, 1, 5, 90, 30, 157, 176, 286, 19, 61, 1, 9, 347, 543, 6, 24, 742, 453, 57, 4, 43, 414, 10, 564, 8, 114, 592, 503]"
1224,LLbPNELo.exe,79,3,datacopy/BB/Files/2015-05-04/LLbPNELo.exe,"[3, 1, 2, 1, 5, 90, 30, 157, 176, 286, 19, 61, 1, 9, 347, 543, 6, 24, 742, 453, 57, 4, 43, 414, 10, 564, 8, 114, 592, 503]"
1225,NF_Eletronica_0013533PDF.exe,79,2,datacopy/BB/Files/2014-09-30/NF_Eletronica_0013533PDF.exe,"[3, 1, 2, 1, 5, 90, 30, 157, 176, 286, 19, 61, 1, 9, 347, 543, 6, 24, 742, 453, 57, 4, 43, 414, 10, 564, 8, 114, 592, 503]"
1226,WattVideoCh002.mp4.exe,79,2,datacopy/BB/Files/2015-09-16/WattVideoCh002.mp4.exe,"[3, 1, 2, 1, 5, 90, 30, 157, 176, 286, 19, 61, 1, 9, 347, 543, 6, 24, 742, 453, 57, 4, 43, 414, 10, 564, 8, 114, 592, 503]"
1227,oJFSz.exe,79,3,datacopy/BB/Files/2014-12-04/oJFSz.exe,"[3, 1, 2, 1, 5, 90, 30, 157, 176, 286, 19, 61, 1, 9, 347, 543, 6, 24, 742, 453, 57, 4, 43, 414, 10, 564, 8, 114, 592, 503]"
1228,jfURJh.exe,79,3,datacopy/BB/Files/2014-12-04/jfURJh.exe,"[3, 1, 2, 1, 5, 90, 30, 157, 176, 286, 19, 61, 1, 9, 347, 543, 6, 24, 742, 453, 57, 4, 43, 414, 10, 564, 8, 114, 592, 503]"
1229,qwQuxxIms.exe,79,3,datacopy/BB/Files/2014-12-04/qwQuxxIms.exe,"[3, 1, 2, 1, 5, 90, 30, 157, 176, 286, 19, 61, 1, 9, 347, 543, 6, 24, 742, 453, 57, 4, 43, 414, 10, 564, 8, 114, 592, 503]"
1230,INTIMACAO-MPF.SCRHUAHUAMKSIAJUAHSJKKAJJSAHUA.exe,79,2,datacopy/BB/Files/2014-12-04/INTIMACAO-MPF.SCRHUAHUAMKSIAJUAHSJKKAJJSAHUA.exe,"[3, 1, 2, 1, 5, 90, 30, 157, 176, 286, 19, 61, 1, 9, 347, 543, 6, 24, 742, 453, 57, 4, 43, 414, 10, 564, 8, 114, 592, 503]"
1231,(e-Ticket)957-2499931817.exe,79,2,datacopy/BB/Files/2014-12-04/(e-Ticket)957-2499931817.exe,"[3, 1, 2, 1, 5, 90, 30, 157, 176, 286, 19, 61, 1, 9, 347, 543, 6, 24, 742, 453, 57, 4, 43, 414, 10, 564, 8, 114, 592, 503]"
1232,Orcamento-Planilha.com,79,2,datacopy/BB/Files/2014-09-02/Orcamento-Planilha.com,"[3, 1, 2, 1, 5, 90, 30, 157, 176, 286, 19, 61, 1, 9, 347, 543, 6, 24, 742, 453, 57, 4, 43, 414, 10, 564, 8, 114, 592, 503]"
1233,Planilha-orcamento.com,79,2,datacopy/BB/Files/2014-09-02/Planilha-orcamento.com,"[3, 1, 2, 1, 5, 90, 30, 157, 176, 286, 19, 61, 1, 9, 347, 543, 6, 24, 742, 453, 57, 4, 43, 414, 10, 564, 8, 114, 592, 503]"
1234,NF-e_981031_xml.exe,79,2,datacopy/BB/Files/2014-10-15/NF-e_981031_xml.exe,"[3, 1, 2, 1, 5, 90, 30, 157, 176, 286, 19, 61, 1, 9, 347, 543, 6, 24, 742, 453, 57, 4, 43, 414, 10, 564, 8, 114, 592, 503]"
1235,NF-e_13533.exe,79,2,datacopy/BB/Files/2014-10-15/NF-e_13533.exe,"[3, 1, 2, 1, 5, 90, 30, 157, 176, 286, 19, 61, 1, 9, 347, 543, 6, 24, 742, 453, 57, 4, 43, 414, 10, 564, 8, 114, 592, 503]"
1236,CONSULTA.exe,79,38,datacopy/BB/Files/2014-10-15/CONSULTA.exe,"[3, 1, 2, 1, 5, 90, 30, 157, 176, 286, 19, 61, 1, 9, 347, 543, 6, 24, 742, 453, 57, 4, 43, 414, 10, 564, 8, 114, 592, 503]"
1237,wndsxxp.exe,79,111,datacopy/BB/Files/2015-03-11/wndsxxp.exe,"[3, 1, 2, 1, 5, 90, 30, 157, 176, 286, 19, 61, 1, 9, 347, 543, 6, 24, 742, 453, 57, 4, 43, 414, 10, 564, 8, 114, 592, 503]"
1238,TcqNezoPmmWRBw.exe,79,3,datacopy/BB/Files/2014-11-07/TcqNezoPmmWRBw.exe,"[3, 1, 2, 1, 5, 90, 30, 157, 176, 286, 19, 61, 1, 9, 347, 543, 6, 24, 742, 453, 57, 4, 43, 414, 10, 564, 8, 114, 592, 503]"
1239,04_11_homer.jpg.exe,79,3,datacopy/BB/Files/2014-11-07/04_11_homer.jpg.exe,"[3, 1, 2, 1, 5, 90, 30, 157, 176, 286, 19, 61, 1, 9, 347, 543, 6, 24, 742, 453, 57, 4, 43, 414, 10, 564, 8, 114, 592, 503]"
1240,XnhvNaoHuPAyDC.exe,79,3,datacopy/BB/Files/2015-06-09/XnhvNaoHuPAyDC.exe,"[3, 1, 2, 1, 5, 90, 30, 157, 176, 286, 19, 61, 1, 9, 347, 543, 6, 24, 742, 453, 57, 4, 43, 414, 10, 564, 8, 114, 592, 503]"
1241,Nota_fiscal_Eletronica_0974_pdf.exe,79,2,datacopy/BB/Files/2015-03-13/Nota_fiscal_Eletronica_0974_pdf.exe,"[3, 1, 2, 1, 5, 90, 30, 157, 176, 286, 19, 61, 1, 9, 347, 543, 6, 24, 742, 453, 57, 4, 43, 414, 10, 564, 8, 114, 592, 503]"
1242,Vencimento_Hoje.PDF.exe,79,2,datacopy/BB/Files/2015-03-13/Vencimento_Hoje.PDF.exe,"[3, 1, 2, 1, 5, 90, 30, 157, 176, 286, 19, 61, 1, 9, 347, 543, 6, 24, 742, 453, 57, 4, 43, 414, 10, 564, 8, 114, 592, 503]"
1243,ÃO_AUTO_E_RESIDENCIA.PDF.exe,79,101,datacopy/BB/Files/2015-03-13/ÃO_AUTO_E_RESIDENCIA.PDF.exe,"[3, 1, 2, 1, 5, 90, 30, 157, 176, 286, 19, 61, 1, 9, 347, 543, 6, 24, 742, 453, 57, 4, 43, 414, 10, 564, 8, 114, 592, 503]"
1244,03_11_homer2.exe,79,3,datacopy/BB/Files/2014-11-10/03_11_homer2.exe,"[3, 1, 2, 1, 5, 90, 30, 157, 176, 286, 19, 61, 1, 9, 347, 543, 6, 24, 742, 453, 57, 4, 43, 414, 10, 564, 8, 114, 592, 503]"
1245,03_11_homer.exe,79,70,datacopy/BB/Files/2014-11-10/03_11_homer.exe,"[3, 1, 2, 1, 5, 90, 30, 157, 176, 286, 19, 61, 1, 9, 347, 543, 6, 24, 742, 453, 57, 4, 43, 414, 10, 564, 8, 114, 592, 503]"
1246,Nota-Fiscal-PDF0093302501R.exe,79,2,datacopy/BB/Files/2014-11-11/Nota-Fiscal-PDF0093302501R.exe,"[3, 1, 2, 1, 5, 90, 30, 157, 176, 286, 19, 61, 1, 9, 347, 543, 6, 24, 742, 453, 57, 4, 43, 414, 10, 564, 8, 114, 592, 503]"
1247,Intimacao_Comparecimento.exe,79,2,datacopy/BB/Files/2014-11-11/Intimacao_Comparecimento.exe,"[3, 1, 2, 1, 5, 90, 30, 157, 176, 286, 19, 61, 1, 9, 347, 543, 6, 24, 742, 453, 57, 4, 43, 414, 10, 564, 8, 114, 592, 503]"
1248,serasa201400298344.exe,79,2,datacopy/BB/Files/2014-09-08/serasa201400298344.exe,"[3, 1, 2, 1, 5, 90, 30, 157, 176, 286, 19, 61, 1, 9, 347, 543, 6, 24, 742, 453, 57, 4, 43, 414, 10, 564, 8, 114, 592, 503]"
1249,_722698544_directDownload_true.exe,79,2,datacopy/BB/Files/2014-09-08/_722698544_directDownload_true.exe,"[3, 1, 2, 1, 5, 90, 30, 157, 176, 286, 19, 61, 1, 9, 347, 543, 6, 24, 742, 453, 57, 4, 43, 414, 10, 564, 8, 114, 592, 503]"
1250,_722559454_directDownload_true.exe,79,2,datacopy/BB/Files/2014-09-08/_722559454_directDownload_true.exe,"[3, 1, 2, 1, 5, 90, 30, 157, 176, 286, 19, 61, 1, 9, 347, 543, 6, 24, 742, 453, 57, 4, 43, 414, 10, 564, 8, 114, 592, 503]"
1251,MONTANAMAN.exe,79,3,datacopy/BB/Files/2015-03-26/MONTANAMAN.exe,"[3, 1, 2, 1, 5, 90, 30, 157, 176, 286, 19, 61, 1, 9, 347, 543, 6, 24, 742, 453, 57, 4, 43, 414, 10, 564, 8, 114, 592, 503]"
1252,cleosvaldo1228.exe,79,64,datacopy/BB/Files/2015-07-28/cleosvaldo1228.exe,"[3, 1, 2, 1, 5, 90, 30, 157, 176, 286, 19, 61, 1, 9, 347, 543, 6, 24, 742, 453, 57, 4, 43, 414, 10, 564, 8, 114, 592, 503]"
1253,2Via_Boleto_23102014.com,79,3,datacopy/BB/Files/2014-10-27/2Via_Boleto_23102014.com,"[3, 1, 2, 1, 5, 90, 30, 157, 176, 286, 19, 61, 1, 9, 347, 543, 6, 24, 742, 453, 57, 4, 43, 414, 10, 564, 8, 114, 592, 503]"
1254,flashplayerplugin1.exe,79,3,datacopy/BB/Files/2014-10-13/flashplayerplugin1.exe,"[3, 1, 2, 1, 5, 90, 30, 157, 176, 286, 19, 61, 1, 9, 347, 543, 6, 24, 742, 453, 57, 4, 43, 414, 10, 564, 8, 114, 592, 503]"
1255,processo_112014.exe,79,2,datacopy/BB/Files/2014-10-13/processo_112014.exe,"[3, 1, 2, 1, 5, 90, 30, 157, 176, 286, 19, 61, 1, 9, 347, 543, 6, 24, 742, 453, 57, 4, 43, 414, 10, 564, 8, 114, 592, 503]"
1256,cleosvaldoadobeacrobat.exe,79,3,datacopy/BB/Files/2015-01-15/cleosvaldoadobeacrobat.exe,"[3, 1, 2, 1, 5, 90, 30, 157, 176, 286, 19, 61, 1, 9, 347, 543, 6, 24, 742, 453, 57, 4, 43, 414, 10, 564, 8, 114, 592, 503]"
1257,armsvc.zip.exe,79,3,datacopy/BB/Files/2015-01-15/armsvc.zip.exe,"[3, 1, 2, 1, 5, 90, 30, 157, 176, 286, 19, 61, 1, 9, 347, 543, 6, 24, 742, 453, 57, 4, 43, 414, 10, 564, 8, 114, 592, 503]"
1258,fpxCUjlAhkxBf.exe,79,3,datacopy/BB/Files/2015-06-25/fpxCUjlAhkxBf.exe,"[3, 1, 2, 1, 5, 90, 30, 157, 176, 286, 19, 61, 1, 9, 347, 543, 6, 24, 742, 453, 57, 4, 43, 414, 10, 564, 8, 114, 592, 503]"
1259,CgeGJeGgBG.exe,79,3,datacopy/BB/Files/2015-06-25/CgeGJeGgBG.exe,"[3, 1, 2, 1, 5, 90, 30, 157, 176, 286, 19, 61, 1, 9, 347, 543, 6, 24, 742, 453, 57, 4, 43, 414, 10, 564, 8, 114, 592, 503]"
1260,nfe-pendente.pdf.exe,79,3,datacopy/BB/Files/2015-07-13/nfe-pendente.pdf.exe,"[3, 1, 2, 1, 5, 90, 30, 157, 176, 286, 19, 61, 1, 9, 347, 543, 6, 24, 742, 453, 57, 4, 43, 414, 10, 564, 8, 114, 592, 503]"
1261,cleosvaldo5776.exe,79,3,datacopy/BB/Files/2015-09-29/cleosvaldo5776.exe,"[3, 1, 2, 1, 5, 90, 30, 157, 176, 286, 19, 61, 1, 9, 347, 543, 6, 24, 742, 453, 57, 4, 43, 414, 10, 564, 8, 114, 592, 503]"
1262,Imprimir-Vale_Cupon-009392191.exe,79,2,datacopy/BB/Files/2015-01-13/Imprimir-Vale_Cupon-009392191.exe,"[3, 1, 2, 1, 5, 90, 30, 157, 176, 286, 19, 61, 1, 9, 347, 543, 6, 24, 742, 453, 57, 4, 43, 414, 10, 564, 8, 114, 592, 503]"
1263,Unity.exe,79,3,datacopy/BB/Files/2015-01-13/Unity.exe,"[3, 1, 2, 1, 5, 90, 30, 157, 176, 286, 19, 61, 1, 9, 347, 543, 6, 24, 742, 453, 57, 4, 43, 414, 10, 564, 8, 114, 592, 503]"
1264,cleosvaldonews1.exe,79,3,datacopy/BB/Files/2015-01-08/cleosvaldonews1.exe,"[3, 1, 2, 1, 5, 90, 30, 157, 176, 286, 19, 61, 1, 9, 347, 543, 6, 24, 742, 453, 57, 4, 43, 414, 10, 564, 8, 114, 592, 503]"
1265,NBpfOLaqJkHhs.exe,79,3,datacopy/BB/Files/2014-11-25/NBpfOLaqJkHhs.exe,"[3, 1, 2, 1, 5, 90, 30, 157, 176, 286, 19, 61, 1, 9, 347, 543, 6, 24, 742, 453, 57, 4, 43, 414, 10, 564, 8, 114, 592, 503]"
1266,vyjrMaRJTwAc.exe.exe,79,3,datacopy/BB/Files/2015-08-20/vyjrMaRJTwAc.exe.exe,"[3, 1, 2, 1, 5, 90, 30, 157, 176, 286, 19, 61, 1, 9, 347, 543, 6, 24, 742, 453, 57, 4, 43, 414, 10, 564, 8, 114, 592, 503]"
1267,cleosvaldo1794.exe,79,64,datacopy/BB/Files/2015-08-20/cleosvaldo1794.exe,"[3, 1, 2, 1, 5, 90, 30, 157, 176, 286, 19, 61, 1, 9, 347, 543, 6, 24, 742, 453, 57, 4, 43, 414, 10, 564, 8, 114, 592, 503]"
1268,cbskhTnng.exe.exe,79,3,datacopy/BB/Files/2015-08-20/cbskhTnng.exe.exe,"[3, 1, 2, 1, 5, 90, 30, 157, 176, 286, 19, 61, 1, 9, 347, 543, 6, 24, 742, 453, 57, 4, 43, 414, 10, 564, 8, 114, 592, 503]"
1269,NFe_EletrÃ´nica.PDF.exe,79,3,datacopy/BB/Files/2015-08-20/NFe_EletrÃ´nica.PDF.exe,"[3, 1, 2, 1, 5, 90, 30, 157, 176, 286, 19, 61, 1, 9, 347, 543, 6, 24, 742, 453, 57, 4, 43, 414, 10, 564, 8, 114, 592, 503]"
1270,cleosvaldosmsss.exe,79,3,datacopy/BB/Files/2015-05-14/cleosvaldosmsss.exe,"[3, 1, 2, 1, 5, 90, 30, 157, 176, 286, 19, 61, 1, 9, 347, 543, 6, 24, 742, 453, 57, 4, 43, 414, 10, 564, 8, 114, 592, 503]"
1271,Visualizar_Fotos.jpg.exe,79,2,datacopy/BB/Files/2015-01-20/Visualizar_Fotos.jpg.exe,"[3, 1, 2, 1, 5, 90, 30, 157, 176, 286, 19, 61, 1, 9, 347, 543, 6, 24, 742, 453, 57, 4, 43, 414, 10, 564, 8, 114, 592, 503]"
1272,Extrato_de_pendencias.zip.exe,79,2,datacopy/BB/Files/2015-03-27/Extrato_de_pendencias.zip.exe,"[3, 1, 2, 1, 5, 90, 30, 157, 176, 286, 19, 61, 1, 9, 347, 543, 6, 24, 742, 453, 57, 4, 43, 414, 10, 564, 8, 114, 592, 503]"
1273,jLcCfrjPnI.exe,79,3,datacopy/BB/Files/2015-05-18/jLcCfrjPnI.exe,"[3, 1, 2, 1, 5, 90, 30, 157, 176, 286, 19, 61, 1, 9, 347, 543, 6, 24, 742, 453, 57, 4, 43, 414, 10, 564, 8, 114, 592, 503]"
1274,Comunicado_Debito_ReceitaFederal2015998475.exe,79,3,datacopy/BB/Files/2015-05-18/Comunicado_Debito_ReceitaFederal2015998475.exe,"[3, 1, 2, 1, 5, 90, 30, 157, 176, 286, 19, 61, 1, 9, 347, 543, 6, 24, 742, 453, 57, 4, 43, 414, 10, 564, 8, 114, 592, 503]"
1275,KksBUjxdqKxTV.exe,79,3,datacopy/BB/Files/2015-05-18/KksBUjxdqKxTV.exe,"[3, 1, 2, 1, 5, 90, 30, 157, 176, 286, 19, 61, 1, 9, 347, 543, 6, 24, 742, 453, 57, 4, 43, 414, 10, 564, 8, 114, 592, 503]"
1276,NF-e.09892238932.PDF.exe,79,3,datacopy/BB/Files/2015-05-18/NF-e.09892238932.PDF.exe,"[3, 1, 2, 1, 5, 90, 30, 157, 176, 286, 19, 61, 1, 9, 347, 543, 6, 24, 742, 453, 57, 4, 43, 414, 10, 564, 8, 114, 592, 503]"
1277,NumpCun.exe,79,3,datacopy/BB/Files/2015-05-18/NumpCun.exe,"[3, 1, 2, 1, 5, 90, 30, 157, 176, 286, 19, 61, 1, 9, 347, 543, 6, 24, 742, 453, 57, 4, 43, 414, 10, 564, 8, 114, 592, 503]"
1278,stats.exe,79,3,datacopy/BB/Files/2015-04-30/stats.exe,"[3, 1, 2, 1, 5, 90, 30, 157, 176, 286, 19, 61, 1, 9, 347, 543, 6, 24, 742, 453, 57, 4, 43, 414, 10, 564, 8, 114, 592, 503]"
1279,reserva.exe,79,312,datacopy/BB/Files/2015-06-11/reserva.exe,"[3, 1, 2, 1, 5, 90, 30, 157, 176, 286, 19, 61, 1, 9, 347, 543, 6, 24, 742, 453, 57, 4, 43, 414, 10, 564, 8, 114, 592, 503]"
1280,cleosvaldo8063.exe,79,64,datacopy/BB/Files/2015-06-11/cleosvaldo8063.exe,"[3, 1, 2, 1, 5, 90, 30, 157, 176, 286, 19, 61, 1, 9, 347, 543, 6, 24, 742, 453, 57, 4, 43, 414, 10, 564, 8, 114, 592, 503]"
1281,BOL_NF_00056471.exe,79,3,datacopy/BB/Files/2015-06-11/BOL_NF_00056471.exe,"[3, 1, 2, 1, 5, 90, 30, 157, 176, 286, 19, 61, 1, 9, 347, 543, 6, 24, 742, 453, 57, 4, 43, 414, 10, 564, 8, 114, 592, 503]"
1282,WinTR.exe,79,3,datacopy/BB/Files/2014-11-13/WinTR.exe,"[3, 1, 2, 1, 5, 90, 30, 157, 176, 286, 19, 61, 1, 9, 347, 543, 6, 24, 742, 453, 57, 4, 43, 414, 10, 564, 8, 114, 592, 503]"
1283,N_fiscaleletronica.exe,79,3,datacopy/BB/Files/2014-11-13/N_fiscaleletronica.exe,"[3, 1, 2, 1, 5, 90, 30, 157, 176, 286, 19, 61, 1, 9, 347, 543, 6, 24, 742, 453, 57, 4, 43, 414, 10, 564, 8, 114, 592, 503]"
1284,os.zip.exe,79,3,datacopy/BB/Files/2015-04-01/os.zip.exe,"[3, 1, 2, 1, 5, 90, 30, 157, 176, 286, 19, 61, 1, 9, 347, 543, 6, 24, 742, 453, 57, 4, 43, 414, 10, 564, 8, 114, 592, 503]"
1285,M3.exe,79,3,datacopy/BB/Files/2015-04-01/M3.exe,"[3, 1, 2, 1, 5, 90, 30, 157, 176, 286, 19, 61, 1, 9, 347, 543, 6, 24, 742, 453, 57, 4, 43, 414, 10, 564, 8, 114, 592, 503]"
1286,dellsetup.exe,79,2,datacopy/BB/Files/2015-03-25/dellsetup.exe,"[3, 1, 2, 1, 5, 90, 30, 157, 176, 286, 19, 61, 1, 9, 347, 543, 6, 24, 742, 453, 57, 4, 43, 414, 10, 564, 8, 114, 592, 503]"
1287,psRgpjhbgBV.exe,79,3,datacopy/BB/Files/2015-03-25/psRgpjhbgBV.exe,"[3, 1, 2, 1, 5, 90, 30, 157, 176, 286, 19, 61, 1, 9, 347, 543, 6, 24, 742, 453, 57, 4, 43, 414, 10, 564, 8, 114, 592, 503]"
1288,Imprimir_Cupom00702401.exe,79,3,datacopy/BB/Files/2015-04-06/Imprimir_Cupom00702401.exe,"[3, 1, 2, 1, 5, 90, 30, 157, 176, 286, 19, 61, 1, 9, 347, 543, 6, 24, 742, 453, 57, 4, 43, 414, 10, 564, 8, 114, 592, 503]"
1289,2ViaBoleto.exe,79,124,datacopy/BB/Files/2015-08-17/2ViaBoleto.exe,"[3, 1, 2, 1, 5, 90, 30, 157, 176, 286, 19, 61, 1, 9, 347, 543, 6, 24, 742, 453, 57, 4, 43, 414, 10, 564, 8, 114, 592, 503]"
1290,jOgChzyBSG.exe.exe,79,347,datacopy/BB/Files/2015-08-17/jOgChzyBSG.exe.exe,"[3, 1, 2, 1, 5, 90, 30, 157, 176, 286, 19, 61, 1, 9, 347, 543, 6, 24, 742, 453, 57, 4, 43, 414, 10, 564, 8, 114, 592, 503]"
1291,tLKHhlYxsD.exe,79,3,datacopy/BB/Files/2015-10-02/tLKHhlYxsD.exe,"[3, 1, 2, 1, 5, 90, 30, 157, 176, 286, 19, 61, 1, 9, 347, 543, 6, 24, 742, 453, 57, 4, 43, 414, 10, 564, 8, 114, 592, 503]"
1292,NF-908721.exe,79,2,datacopy/BB/Files/2015-10-02/NF-908721.exe,"[3, 1, 2, 1, 5, 90, 30, 157, 176, 286, 19, 61, 1, 9, 347, 543, 6, 24, 742, 453, 57, 4, 43, 414, 10, 564, 8, 114, 592, 503]"
1293,nfe-21376135-02991123.pdf.exe,79,3,datacopy/BB/Files/2015-06-26/nfe-21376135-02991123.pdf.exe,"[3, 1, 2, 1, 5, 90, 30, 157, 176, 286, 19, 61, 1, 9, 347, 543, 6, 24, 742, 453, 57, 4, 43, 414, 10, 564, 8, 114, 592, 503]"
1294,busibel.gif.exe,79,64,datacopy/BB/Files/2015-06-26/busibel.gif.exe,"[3, 1, 2, 1, 5, 90, 30, 157, 176, 286, 19, 61, 1, 9, 347, 543, 6, 24, 742, 453, 57, 4, 43, 414, 10, 564, 8, 114, 592, 503]"
1295,Ifwfm.exe,79,3,datacopy/BB/Files/2015-06-26/Ifwfm.exe,"[3, 1, 2, 1, 5, 90, 30, 157, 176, 286, 19, 61, 1, 9, 347, 543, 6, 24, 742, 453, 57, 4, 43, 414, 10, 564, 8, 114, 592, 503]"
1296,ID201506250039-ComprovantePG-pdf-02003290439954.exe,79,3,datacopy/BB/Files/2015-06-26/ID201506250039-ComprovantePG-pdf-02003290439954.exe,"[3, 1, 2, 1, 5, 90, 30, 157, 176, 286, 19, 61, 1, 9, 347, 543, 6, 24, 742, 453, 57, 4, 43, 414, 10, 564, 8, 114, 592, 503]"
1297,Planilha_OrÃ§amento-julho-2015.exe,79,3,datacopy/BB/Files/2015-07-29/Planilha_OrÃ§amento-julho-2015.exe,"[3, 1, 2, 1, 5, 90, 30, 157, 176, 286, 19, 61, 1, 9, 347, 543, 6, 24, 742, 453, 57, 4, 43, 414, 10, 564, 8, 114, 592, 503]"
1298,sptyAzlEx.exe,79,3,datacopy/BB/Files/2015-07-29/sptyAzlEx.exe,"[3, 1, 2, 1, 5, 90, 30, 157, 176, 286, 19, 61, 1, 9, 347, 543, 6, 24, 742, 453, 57, 4, 43, 414, 10, 564, 8, 114, 592, 503]"
1299,cleosvaldo6779.exe,79,64,datacopy/BB/Files/2015-07-29/cleosvaldo6779.exe,"[3, 1, 2, 1, 5, 90, 30, 157, 176, 286, 19, 61, 1, 9, 347, 543, 6, 24, 742, 453, 57, 4, 43, 414, 10, 564, 8, 114, 592, 503]"
1300,0B61JYILCaQeSS01iZ2JPeG5jX3M_e_download.exe,79,64,datacopy/BB/Files/2015-07-29/0B61JYILCaQeSS01iZ2JPeG5jX3M_e_download.exe,"[3, 1, 2, 1, 5, 90, 30, 157, 176, 286, 19, 61, 1, 9, 347, 543, 6, 24, 742, 453, 57, 4, 43, 414, 10, 564, 8, 114, 592, 503]"
1301,gUJCUYCCWnawU.exe,79,3,datacopy/BB/Files/2015-03-05/gUJCUYCCWnawU.exe,"[3, 1, 2, 1, 5, 90, 30, 157, 176, 286, 19, 61, 1, 9, 347, 543, 6, 24, 742, 453, 57, 4, 43, 414, 10, 564, 8, 114, 592, 503]"
1302,Debito_ReceitaIRPF2015-55421.exe,79,2,datacopy/BB/Files/2015-05-26/Debito_ReceitaIRPF2015-55421.exe,"[3, 1, 2, 1, 5, 90, 30, 157, 176, 286, 19, 61, 1, 9, 347, 543, 6, 24, 742, 453, 57, 4, 43, 414, 10, 564, 8, 114, 592, 503]"
1303,cleosvaldoputty.exe,79,3,datacopy/BB/Files/2015-05-26/cleosvaldoputty.exe,"[3, 1, 2, 1, 5, 90, 30, 157, 176, 286, 19, 61, 1, 9, 347, 543, 6, 24, 742, 453, 57, 4, 43, 414, 10, 564, 8, 114, 592, 503]"
1304,BOLETO_832019784901725097120DOC.exe,79,2,datacopy/BB/Files/2015-05-26/BOLETO_832019784901725097120DOC.exe,"[3, 1, 2, 1, 5, 90, 30, 157, 176, 286, 19, 61, 1, 9, 347, 543, 6, 24, 742, 453, 57, 4, 43, 414, 10, 564, 8, 114, 592, 503]"
1305,Rt.exe,79,3,datacopy/BB/Files/2014-11-04/Rt.exe,"[3, 1, 2, 1, 5, 90, 30, 157, 176, 286, 19, 61, 1, 9, 347, 543, 6, 24, 742, 453, 57, 4, 43, 414, 10, 564, 8, 114, 592, 503]"
1306,Nota-Fiscal-PDF007660302.exe,79,2,datacopy/BB/Files/2014-11-04/Nota-Fiscal-PDF007660302.exe,"[3, 1, 2, 1, 5, 90, 30, 157, 176, 286, 19, 61, 1, 9, 347, 543, 6, 24, 742, 453, 57, 4, 43, 414, 10, 564, 8, 114, 592, 503]"
1307,HnPFQNyhtEf.exe,79,3,datacopy/BB/Files/2015-07-07/HnPFQNyhtEf.exe,"[3, 1, 2, 1, 5, 90, 30, 157, 176, 286, 19, 61, 1, 9, 347, 543, 6, 24, 742, 453, 57, 4, 43, 414, 10, 564, 8, 114, 592, 503]"
1308,planilha-2598318-7934651.xls.exe,79,3,datacopy/BB/Files/2015-07-07/planilha-2598318-7934651.xls.exe,"[3, 1, 2, 1, 5, 90, 30, 157, 176, 286, 19, 61, 1, 9, 347, 543, 6, 24, 742, 453, 57, 4, 43, 414, 10, 564, 8, 114, 592, 503]"
1309,cleosvaldo1752.exe,79,64,datacopy/BB/Files/2015-08-07/cleosvaldo1752.exe,"[3, 1, 2, 1, 5, 90, 30, 157, 176, 286, 19, 61, 1, 9, 347, 543, 6, 24, 742, 453, 57, 4, 43, 414, 10, 564, 8, 114, 592, 503]"
1310,1869_03545_directDownload_true.exe,79,2,datacopy/BB/Files/2014-08-25/1869_03545_directDownload_true.exe,"[3, 1, 2, 1, 5, 90, 30, 157, 176, 286, 19, 61, 1, 9, 347, 543, 6, 24, 742, 453, 57, 4, 43, 414, 10, 564, 8, 114, 592, 503]"
1311,70464665_file_NF_e_1244785.exe,79,2,datacopy/BB/Files/2014-08-25/70464665_file_NF_e_1244785.exe,"[3, 1, 2, 1, 5, 90, 30, 157, 176, 286, 19, 61, 1, 9, 347, 543, 6, 24, 742, 453, 57, 4, 43, 414, 10, 564, 8, 114, 592, 503]"
1312,zSwMEVdhTvbxCl.exe.exe,79,3,datacopy/BB/Files/2015-09-09/zSwMEVdhTvbxCl.exe.exe,"[3, 1, 2, 1, 5, 90, 30, 157, 176, 286, 19, 61, 1, 9, 347, 543, 6, 24, 742, 453, 57, 4, 43, 414, 10, 564, 8, 114, 592, 503]"
1313,UGSuj.exe.exe,79,3,datacopy/BB/Files/2015-09-09/UGSuj.exe.exe,"[3, 1, 2, 1, 5, 90, 30, 157, 176, 286, 19, 61, 1, 9, 347, 543, 6, 24, 742, 453, 57, 4, 43, 414, 10, 564, 8, 114, 592, 503]"
1314,Boleto-09092015-PDF.exe,79,3,datacopy/BB/Files/2015-09-09/Boleto-09092015-PDF.exe,"[3, 1, 2, 1, 5, 90, 30, 157, 176, 286, 19, 61, 1, 9, 347, 543, 6, 24, 742, 453, 57, 4, 43, 414, 10, 564, 8, 114, 592, 503]"
1315,cleosvaldo9310.exe,79,64,datacopy/BB/Files/2015-09-09/cleosvaldo9310.exe,"[3, 1, 2, 1, 5, 90, 30, 157, 176, 286, 19, 61, 1, 9, 347, 543, 6, 24, 742, 453, 57, 4, 43, 414, 10, 564, 8, 114, 592, 503]"
1316,wYknl.exe.exe,79,3,datacopy/BB/Files/2015-09-09/wYknl.exe.exe,"[3, 1, 2, 1, 5, 90, 30, 157, 176, 286, 19, 61, 1, 9, 347, 543, 6, 24, 742, 453, 57, 4, 43, 414, 10, 564, 8, 114, 592, 503]"
1317,cleosvaldo4894.exe,79,64,datacopy/BB/Files/2015-09-09/cleosvaldo4894.exe,"[3, 1, 2, 1, 5, 90, 30, 157, 176, 286, 19, 61, 1, 9, 347, 543, 6, 24, 742, 453, 57, 4, 43, 414, 10, 564, 8, 114, 592, 503]"
1318,PDF.Boleto.PDF.exe,79,55,datacopy/BB/Files/2015-09-09/PDF.Boleto.PDF.exe,"[3, 1, 2, 1, 5, 90, 30, 157, 176, 286, 19, 61, 1, 9, 347, 543, 6, 24, 742, 453, 57, 4, 43, 414, 10, 564, 8, 114, 592, 503]"
1319,IXBRWDSrmoSIAW.exe,79,3,datacopy/BB/Files/2014-11-26/IXBRWDSrmoSIAW.exe,"[3, 1, 2, 1, 5, 90, 30, 157, 176, 286, 19, 61, 1, 9, 347, 543, 6, 24, 742, 453, 57, 4, 43, 414, 10, 564, 8, 114, 592, 503]"
1320,eVIPwLPXo.exe,79,3,datacopy/BB/Files/2014-11-26/eVIPwLPXo.exe,"[3, 1, 2, 1, 5, 90, 30, 157, 176, 286, 19, 61, 1, 9, 347, 543, 6, 24, 742, 453, 57, 4, 43, 414, 10, 564, 8, 114, 592, 503]"
1321,_723413527_directDownload_true.exe,79,2,datacopy/BB/Files/2014-09-19/_723413527_directDownload_true.exe,"[3, 1, 2, 1, 5, 90, 30, 157, 176, 286, 19, 61, 1, 9, 347, 543, 6, 24, 742, 453, 57, 4, 43, 414, 10, 564, 8, 114, 592, 503]"
1322,Pedido00012992761_RastreamentoSF03188327BRCorreios.exe,79,379,datacopy/BB/Files/2014-09-19/Pedido00012992761_RastreamentoSF03188327BRCorreios.exe,"[3, 1, 2, 1, 5, 90, 30, 157, 176, 286, 19, 61, 1, 9, 347, 543, 6, 24, 742, 453, 57, 4, 43, 414, 10, 564, 8, 114, 592, 503]"
1323,_616279886_directDownload_true.exe,79,379,datacopy/BB/Files/2014-09-19/_616279886_directDownload_true.exe,"[3, 1, 2, 1, 5, 90, 30, 157, 176, 286, 19, 61, 1, 9, 347, 543, 6, 24, 742, 453, 57, 4, 43, 414, 10, 564, 8, 114, 592, 503]"
1324,DANFE-95487533550990000025021000025027-15.09.2014.0505331548.exe,79,379,datacopy/BB/Files/2014-09-19/DANFE-95487533550990000025021000025027-15.09.2014.0505331548.exe,"[3, 1, 2, 1, 5, 90, 30, 157, 176, 286, 19, 61, 1, 9, 347, 543, 6, 24, 742, 453, 57, 4, 43, 414, 10, 564, 8, 114, 592, 503]"
1325,CotacaodePreco0909empresa.exe,79,2,datacopy/BB/Files/2014-09-19/CotacaodePreco0909empresa.exe,"[3, 1, 2, 1, 5, 90, 30, 157, 176, 286, 19, 61, 1, 9, 347, 543, 6, 24, 742, 453, 57, 4, 43, 414, 10, 564, 8, 114, 592, 503]"
1326,Reserva.exe,79,161,datacopy/BB/Files/2015-06-16/Reserva.exe,"[3, 1, 2, 1, 5, 90, 30, 157, 176, 286, 19, 61, 1, 9, 347, 543, 6, 24, 742, 453, 57, 4, 43, 414, 10, 564, 8, 114, 592, 503]"
1327,Duplicata.pdf.exe,79,3,datacopy/BB/Files/2015-06-16/Duplicata.pdf.exe,"[3, 1, 2, 1, 5, 90, 30, 157, 176, 286, 19, 61, 1, 9, 347, 543, 6, 24, 742, 453, 57, 4, 43, 414, 10, 564, 8, 114, 592, 503]"
1328,Orcamento-PDF-20150825.exe,79,3,datacopy/BB/Files/2015-08-26/Orcamento-PDF-20150825.exe,"[3, 1, 2, 1, 5, 90, 30, 157, 176, 286, 19, 61, 1, 9, 347, 543, 6, 24, 742, 453, 57, 4, 43, 414, 10, 564, 8, 114, 592, 503]"
1329,UHvQthiqweT.exe.exe,79,3,datacopy/BB/Files/2015-08-26/UHvQthiqweT.exe.exe,"[3, 1, 2, 1, 5, 90, 30, 157, 176, 286, 19, 61, 1, 9, 347, 543, 6, 24, 742, 453, 57, 4, 43, 414, 10, 564, 8, 114, 592, 503]"
1330,vmapp4894.exe,79,3,datacopy/BB/Files/2015-09-03/vmapp4894.exe,"[3, 1, 2, 1, 5, 90, 30, 157, 176, 286, 19, 61, 1, 9, 347, 543, 6, 24, 742, 453, 57, 4, 43, 414, 10, 564, 8, 114, 592, 503]"
1331,HC.exe,79,3,datacopy/BB/Files/2014-08-26/HC.exe,"[3, 1, 2, 1, 5, 90, 30, 157, 176, 286, 19, 61, 1, 9, 347, 543, 6, 24, 742, 453, 57, 4, 43, 414, 10, 564, 8, 114, 592, 503]"
1332,Sedex-SI131847575BR.exe,79,2,datacopy/BB/Files/2014-08-26/Sedex-SI131847575BR.exe,"[3, 1, 2, 1, 5, 90, 30, 157, 176, 286, 19, 61, 1, 9, 347, 543, 6, 24, 742, 453, 57, 4, 43, 414, 10, 564, 8, 114, 592, 503]"
1333,1869_10503_directDownload_true.exe,79,2,datacopy/BB/Files/2014-08-26/1869_10503_directDownload_true.exe,"[3, 1, 2, 1, 5, 90, 30, 157, 176, 286, 19, 61, 1, 9, 347, 543, 6, 24, 742, 453, 57, 4, 43, 414, 10, 564, 8, 114, 592, 503]"
1334,_721546301_directDownload_true.exe,79,2,datacopy/BB/Files/2014-08-26/_721546301_directDownload_true.exe,"[3, 1, 2, 1, 5, 90, 30, 157, 176, 286, 19, 61, 1, 9, 347, 543, 6, 24, 742, 453, 57, 4, 43, 414, 10, 564, 8, 114, 592, 503]"
1335,X1.exe,79,1,datacopy/BB/Files/2014-11-28/X1.exe,"[3, 1, 2, 1, 5, 90, 30, 157, 176, 286, 19, 61, 1, 9, 347, 543, 6, 24, 742, 453, 57, 4, 43, 414, 10, 564, 8, 114, 592, 503]"
1336,panther.doc.exe,79,3,datacopy/BB/Files/2014-11-28/panther.doc.exe,"[3, 1, 2, 1, 5, 90, 30, 157, 176, 286, 19, 61, 1, 9, 347, 543, 6, 24, 742, 453, 57, 4, 43, 414, 10, 564, 8, 114, 592, 503]"
1337,sWlXOndIZ.exe,79,3,datacopy/BB/Files/2014-11-28/sWlXOndIZ.exe,"[3, 1, 2, 1, 5, 90, 30, 157, 176, 286, 19, 61, 1, 9, 347, 543, 6, 24, 742, 453, 57, 4, 43, 414, 10, 564, 8, 114, 592, 503]"
1338,KRiWadziUBtFE.exe,79,3,datacopy/BB/Files/2014-11-28/KRiWadziUBtFE.exe,"[3, 1, 2, 1, 5, 90, 30, 157, 176, 286, 19, 61, 1, 9, 347, 543, 6, 24, 742, 453, 57, 4, 43, 414, 10, 564, 8, 114, 592, 503]"
1339,NF-Eletronico-PDF0093192.exe,79,2,datacopy/BB/Files/2014-10-08/NF-Eletronico-PDF0093192.exe,"[3, 1, 2, 1, 5, 90, 30, 157, 176, 286, 19, 61, 1, 9, 347, 543, 6, 24, 742, 453, 57, 4, 43, 414, 10, 564, 8, 114, 592, 503]"
1340,DSC-BOLETO05001328319_PDF.exe,79,2,datacopy/BB/Files/2014-12-10/DSC-BOLETO05001328319_PDF.exe,"[3, 1, 2, 1, 5, 90, 30, 157, 176, 286, 19, 61, 1, 9, 347, 543, 6, 24, 742, 453, 57, 4, 43, 414, 10, 564, 8, 114, 592, 503]"
1341,21_01_magro.zip.exe,79,2,datacopy/BB/Files/2015-01-23/21_01_magro.zip.exe,"[3, 1, 2, 1, 5, 90, 30, 157, 176, 286, 19, 61, 1, 9, 347, 543, 6, 24, 742, 453, 57, 4, 43, 414, 10, 564, 8, 114, 592, 503]"
1342,21_01_homer.zip.exe,79,2,datacopy/BB/Files/2015-01-23/21_01_homer.zip.exe,"[3, 1, 2, 1, 5, 90, 30, 157, 176, 286, 19, 61, 1, 9, 347, 543, 6, 24, 742, 453, 57, 4, 43, 414, 10, 564, 8, 114, 592, 503]"
1343,14_12_homer.zip.exe,79,3,datacopy/BB/Files/2014-12-17/14_12_homer.zip.exe,"[3, 1, 2, 1, 5, 90, 30, 157, 176, 286, 19, 61, 1, 9, 347, 543, 6, 24, 742, 453, 57, 4, 43, 414, 10, 564, 8, 114, 592, 503]"
1344,comentariodevoz.exe.exe,79,2,datacopy/BB/Files/2014-12-19/comentariodevoz.exe.exe,"[3, 1, 2, 1, 5, 90, 30, 157, 176, 286, 19, 61, 1, 9, 347, 543, 6, 24, 742, 453, 57, 4, 43, 414, 10, 564, 8, 114, 592, 503]"
1345,''Foto_008''.exe,79,2,datacopy/BB/Files/2014-10-14/''Foto_008''.exe,"[3, 1, 2, 1, 5, 90, 30, 157, 176, 286, 19, 61, 1, 9, 347, 543, 6, 24, 742, 453, 57, 4, 43, 414, 10, 564, 8, 114, 592, 503]"
1346,slider.zip.exe,79,3,datacopy/BB/Files/2015-03-06/slider.zip.exe,"[3, 1, 2, 1, 5, 90, 30, 157, 176, 286, 19, 61, 1, 9, 347, 543, 6, 24, 742, 453, 57, 4, 43, 414, 10, 564, 8, 114, 592, 503]"
1347,ciscs.exe,79,3,datacopy/BB/Files/2015-01-21/ciscs.exe,"[3, 1, 2, 1, 5, 90, 30, 157, 176, 286, 19, 61, 1, 9, 347, 543, 6, 24, 742, 453, 57, 4, 43, 414, 10, 564, 8, 114, 592, 503]"
1348,Visualizar-NF-eletronica007532611032_rnd.exe,79,2,datacopy/BB/Files/2015-01-21/Visualizar-NF-eletronica007532611032_rnd.exe,"[3, 1, 2, 1, 5, 90, 30, 157, 176, 286, 19, 61, 1, 9, 347, 543, 6, 24, 742, 453, 57, 4, 43, 414, 10, 564, 8, 114, 592, 503]"
1349,NF-e-0073241009.exe,79,2,datacopy/BB/Files/2015-11-16/NF-e-0073241009.exe,"[3, 1, 2, 1, 5, 90, 30, 157, 176, 286, 19, 61, 1, 9, 347, 543, 6, 24, 742, 453, 57, 4, 43, 414, 10, 564, 8, 114, 592, 503]"
1350,NovoBoleto.exe,79,2,datacopy/BB/Files/2014-09-22/NovoBoleto.exe,"[3, 1, 2, 1, 5, 90, 30, 157, 176, 286, 19, 61, 1, 9, 347, 543, 6, 24, 742, 453, 57, 4, 43, 414, 10, 564, 8, 114, 592, 503]"
1351,UpMicro.exe,79,3,datacopy/BB/Files/2014-09-22/UpMicro.exe,"[3, 1, 2, 1, 5, 90, 30, 157, 176, 286, 19, 61, 1, 9, 347, 543, 6, 24, 742, 453, 57, 4, 43, 414, 10, 564, 8, 114, 592, 503]"
1352,Nota-Fiscal08443093010_rnd.exe,79,2,datacopy/BB/Files/2015-03-02/Nota-Fiscal08443093010_rnd.exe,"[3, 1, 2, 1, 5, 90, 30, 157, 176, 286, 19, 61, 1, 9, 347, 543, 6, 24, 742, 453, 57, 4, 43, 414, 10, 564, 8, 114, 592, 503]"
1353,cDGenerate.exe,79,3,datacopy/BB/Files/2015-10-15/cDGenerate.exe,"[3, 1, 2, 1, 5, 90, 30, 157, 176, 286, 19, 61, 1, 9, 347, 543, 6, 24, 742, 453, 57, 4, 43, 414, 10, 564, 8, 114, 592, 503]"
1354,PlayerClassic.exe,79,3,datacopy/BB/Files/2014-11-03/PlayerClassic.exe,"[3, 1, 2, 1, 5, 90, 30, 157, 176, 286, 19, 61, 1, 9, 347, 543, 6, 24, 742, 453, 57, 4, 43, 414, 10, 564, 8, 114, 592, 503]"
1355,Contabilidade_xls.exe,79,2,datacopy/BB/Files/2015-06-01/Contabilidade_xls.exe,"[3, 1, 2, 1, 5, 90, 30, 157, 176, 286, 19, 61, 1, 9, 347, 543, 6, 24, 742, 453, 57, 4, 43, 414, 10, 564, 8, 114, 592, 503]"
1356,Nb.exe,79,453,datacopy/BB/Files/2015-06-01/Nb.exe,"[3, 1, 2, 1, 5, 90, 30, 157, 176, 286, 19, 61, 1, 9, 347, 543, 6, 24, 742, 453, 57, 4, 43, 414, 10, 564, 8, 114, 592, 503]"
1357,fFJ0feZIdqwgCo82gUPxJBY1NsAn1B.exe,79,3,datacopy/BB/Files/2015-06-01/fFJ0feZIdqwgCo82gUPxJBY1NsAn1B.exe,"[3, 1, 2, 1, 5, 90, 30, 157, 176, 286, 19, 61, 1, 9, 347, 543, 6, 24, 742, 453, 57, 4, 43, 414, 10, 564, 8, 114, 592, 503]"
1358,LvGHHLmmsXM.exe,79,3,datacopy/BB/Files/2015-06-01/LvGHHLmmsXM.exe,"[3, 1, 2, 1, 5, 90, 30, 157, 176, 286, 19, 61, 1, 9, 347, 543, 6, 24, 742, 453, 57, 4, 43, 414, 10, 564, 8, 114, 592, 503]"
1359,SaUhlLc.exe,79,3,datacopy/BB/Files/2015-06-01/SaUhlLc.exe,"[3, 1, 2, 1, 5, 90, 30, 157, 176, 286, 19, 61, 1, 9, 347, 543, 6, 24, 742, 453, 57, 4, 43, 414, 10, 564, 8, 114, 592, 503]"
1360,rnrnJjjgtwzbnz.exe,79,3,datacopy/BB/Files/2015-04-16/rnrnJjjgtwzbnz.exe,"[3, 1, 2, 1, 5, 90, 30, 157, 176, 286, 19, 61, 1, 9, 347, 543, 6, 24, 742, 453, 57, 4, 43, 414, 10, 564, 8, 114, 592, 503]"
1361,NotaFiscal01938190309.exe,79,2,datacopy/BB/Files/2014-10-31/NotaFiscal01938190309.exe,"[3, 1, 2, 1, 5, 90, 30, 157, 176, 286, 19, 61, 1, 9, 347, 543, 6, 24, 742, 453, 57, 4, 43, 414, 10, 564, 8, 114, 592, 503]"
1362,Nota-Fiscal-002550172_rnd.exe,79,3,datacopy/BB/Files/2015-04-13/Nota-Fiscal-002550172_rnd.exe,"[3, 1, 2, 1, 5, 90, 30, 157, 176, 286, 19, 61, 1, 9, 347, 543, 6, 24, 742, 453, 57, 4, 43, 414, 10, 564, 8, 114, 592, 503]"
1363,B40023490.exe,79,3,datacopy/BB/Files/2015-10-28/B40023490.exe,"[3, 1, 2, 1, 5, 90, 30, 157, 176, 286, 19, 61, 1, 9, 347, 543, 6, 24, 742, 453, 57, 4, 43, 414, 10, 564, 8, 114, 592, 503]"
1364,cleosvaldo1439.exe,79,64,datacopy/BB/Files/2015-06-24/cleosvaldo1439.exe,"[3, 1, 2, 1, 5, 90, 30, 157, 176, 286, 19, 61, 1, 9, 347, 543, 6, 24, 742, 453, 57, 4, 43, 414, 10, 564, 8, 114, 592, 503]"
1365,Visualizar_Nota_Fiscaleletronica-008223015_rnd.exe,79,2,datacopy/BB/Files/2015-01-27/Visualizar_Nota_Fiscaleletronica-008223015_rnd.exe,"[3, 1, 2, 1, 5, 90, 30, 157, 176, 286, 19, 61, 1, 9, 347, 543, 6, 24, 742, 453, 57, 4, 43, 414, 10, 564, 8, 114, 592, 503]"
1366,Active.exe,79,2,datacopy/BB/Files/2015-01-27/Active.exe,"[3, 1, 2, 1, 5, 90, 30, 157, 176, 286, 19, 61, 1, 9, 347, 543, 6, 24, 742, 453, 57, 4, 43, 414, 10, 564, 8, 114, 592, 503]"
1367,aAzRiWxAk.exe,79,3,datacopy/BB/Files/2014-09-25/aAzRiWxAk.exe,"[3, 1, 2, 1, 5, 90, 30, 157, 176, 286, 19, 61, 1, 9, 347, 543, 6, 24, 742, 453, 57, 4, 43, 414, 10, 564, 8, 114, 592, 503]"
1368,zLKFH.exe,79,2,datacopy/BB/Files/2014-09-25/zLKFH.exe,"[3, 1, 2, 1, 5, 90, 30, 157, 176, 286, 19, 61, 1, 9, 347, 543, 6, 24, 742, 453, 57, 4, 43, 414, 10, 564, 8, 114, 592, 503]"
1369,zdyxARKwfTaqei.exe,79,3,datacopy/BB/Files/2014-12-12/zdyxARKwfTaqei.exe,"[3, 1, 2, 1, 5, 90, 30, 157, 176, 286, 19, 61, 1, 9, 347, 543, 6, 24, 742, 453, 57, 4, 43, 414, 10, 564, 8, 114, 592, 503]"
1370,UNlCegLG.exe,79,3,datacopy/BB/Files/2014-12-12/UNlCegLG.exe,"[3, 1, 2, 1, 5, 90, 30, 157, 176, 286, 19, 61, 1, 9, 347, 543, 6, 24, 742, 453, 57, 4, 43, 414, 10, 564, 8, 114, 592, 503]"
1371,INTIMACAO-MPFSCRHAUSJAHSPWIEUWSKKSLAJAHSKANAJSKAKAHDS.exe,79,2,datacopy/BB/Files/2014-12-12/INTIMACAO-MPFSCRHAUSJAHSPWIEUWSKKSLAJAHSKANAJSKAKAHDS.exe,"[3, 1, 2, 1, 5, 90, 30, 157, 176, 286, 19, 61, 1, 9, 347, 543, 6, 24, 742, 453, 57, 4, 43, 414, 10, 564, 8, 114, 592, 503]"
1372,hzhcAPRn.exe,79,3,datacopy/BB/Files/2014-12-12/hzhcAPRn.exe,"[3, 1, 2, 1, 5, 90, 30, 157, 176, 286, 19, 61, 1, 9, 347, 543, 6, 24, 742, 453, 57, 4, 43, 414, 10, 564, 8, 114, 592, 503]"
1373,QCuxkdFBobcdXI.exe,79,3,datacopy/BB/Files/2015-04-24/QCuxkdFBobcdXI.exe,"[3, 1, 2, 1, 5, 90, 30, 157, 176, 286, 19, 61, 1, 9, 347, 543, 6, 24, 742, 453, 57, 4, 43, 414, 10, 564, 8, 114, 592, 503]"
1374,nIwdFOOomoSz.exe,79,3,datacopy/BB/Files/2014-12-09/nIwdFOOomoSz.exe,"[3, 1, 2, 1, 5, 90, 30, 157, 176, 286, 19, 61, 1, 9, 347, 543, 6, 24, 742, 453, 57, 4, 43, 414, 10, 564, 8, 114, 592, 503]"
1375,Documentos.PDF.exe,79,3,datacopy/BB/Files/2015-11-17/Documentos.PDF.exe,"[3, 1, 2, 1, 5, 90, 30, 157, 176, 286, 19, 61, 1, 9, 347, 543, 6, 24, 742, 453, 57, 4, 43, 414, 10, 564, 8, 114, 592, 503]"
1376,Imprimir-Voucher-170800506.exe,79,2,datacopy/BB/Files/2015-11-26/Imprimir-Voucher-170800506.exe,"[3, 1, 2, 1, 5, 90, 30, 157, 176, 286, 19, 61, 1, 9, 347, 543, 6, 24, 742, 453, 57, 4, 43, 414, 10, 564, 8, 114, 592, 503]"
1377,DANFE-64570133550990000025021000025027-15.09.2014.0505300038..exe,79,2,datacopy/BB/Files/2014-09-26/DANFE-64570133550990000025021000025027-15.09.2014.0505300038..exe,"[3, 1, 2, 1, 5, 90, 30, 157, 176, 286, 19, 61, 1, 9, 347, 543, 6, 24, 742, 453, 57, 4, 43, 414, 10, 564, 8, 114, 592, 503]"
1378,sp=Confirma-Iniciar-Comprovante-de-pagamento.exe,79,2,datacopy/BB/Files/2014-09-26/sp=Confirma-Iniciar-Comprovante-de-pagamento.exe,"[3, 1, 2, 1, 5, 90, 30, 157, 176, 286, 19, 61, 1, 9, 347, 543, 6, 24, 742, 453, 57, 4, 43, 414, 10, 564, 8, 114, 592, 503]"
1379,Planilha_OrÃ§amento.scr,79,3,datacopy/BB/Files/2015-10-14/Planilha_OrÃ§amento.scr,"[3, 1, 2, 1, 5, 90, 30, 157, 176, 286, 19, 61, 1, 9, 347, 543, 6, 24, 742, 453, 57, 4, 43, 414, 10, 564, 8, 114, 592, 503]"
1380,supt.exe,79,3,datacopy/BB/Files/2016-08-24/supt.exe,"[3, 1, 2, 1, 5, 90, 30, 157, 176, 286, 19, 61, 1, 9, 347, 543, 6, 24, 742, 453, 57, 4, 43, 414, 10, 564, 8, 114, 592, 503]"
1381,B83292753298705823J237.exe,79,64,datacopy/BB/Files/2015-10-27/B83292753298705823J237.exe,"[3, 1, 2, 1, 5, 90, 30, 157, 176, 286, 19, 61, 1, 9, 347, 543, 6, 24, 742, 453, 57, 4, 43, 414, 10, 564, 8, 114, 592, 503]"
1382,Visualizar-Cupom_rnd.exe,79,2,datacopy/BB/Files/2015-01-19/Visualizar-Cupom_rnd.exe,"[3, 1, 2, 1, 5, 90, 30, 157, 176, 286, 19, 61, 1, 9, 347, 543, 6, 24, 742, 453, 57, 4, 43, 414, 10, 564, 8, 114, 592, 503]"
1383,XKxEfRJPSEtMvn.exe,79,2,datacopy/BB/Files/2015-01-19/XKxEfRJPSEtMvn.exe,"[3, 1, 2, 1, 5, 90, 30, 157, 176, 286, 19, 61, 1, 9, 347, 543, 6, 24, 742, 453, 57, 4, 43, 414, 10, 564, 8, 114, 592, 503]"
1384,Boleto-PDF-20150722.exe,79,3,datacopy/BB/Files/2015-08-03/Boleto-PDF-20150722.exe,"[3, 1, 2, 1, 5, 90, 30, 157, 176, 286, 19, 61, 1, 9, 347, 543, 6, 24, 742, 453, 57, 4, 43, 414, 10, 564, 8, 114, 592, 503]"
1385,ZyAFAjRE.exe,79,219,datacopy/BB/Files/2015-08-03/ZyAFAjRE.exe,"[3, 1, 2, 1, 5, 90, 30, 157, 176, 286, 19, 61, 1, 9, 347, 543, 6, 24, 742, 453, 57, 4, 43, 414, 10, 564, 8, 114, 592, 503]"
1386,NF-ELETRONICA-PDF002812030.exe,79,2,datacopy/BB/Files/2014-10-24/NF-ELETRONICA-PDF002812030.exe,"[3, 1, 2, 1, 5, 90, 30, 157, 176, 286, 19, 61, 1, 9, 347, 543, 6, 24, 742, 453, 57, 4, 43, 414, 10, 564, 8, 114, 592, 503]"
1387,2Via_Boleto_23102014.exe,79,2,datacopy/BB/Files/2014-10-24/2Via_Boleto_23102014.exe,"[3, 1, 2, 1, 5, 90, 30, 157, 176, 286, 19, 61, 1, 9, 347, 543, 6, 24, 742, 453, 57, 4, 43, 414, 10, 564, 8, 114, 592, 503]"
1388,ReciboCVC6A049C00AF_433264241849411711168131108.exe,79,2,datacopy/BB/Files/2015-02-13/ReciboCVC6A049C00AF_433264241849411711168131108.exe,"[3, 1, 2, 1, 5, 90, 30, 157, 176, 286, 19, 61, 1, 9, 347, 543, 6, 24, 742, 453, 57, 4, 43, 414, 10, 564, 8, 114, 592, 503]"
1389,syscprotocolo.exe,79,518,datacopy/BB/Files/2015-02-13/syscprotocolo.exe,"[3, 1, 2, 1, 5, 90, 30, 157, 176, 286, 19, 61, 1, 9, 347, 543, 6, 24, 742, 453, 57, 4, 43, 414, 10, 564, 8, 114, 592, 503]"
1390,svhoslt.exe,79,3,datacopy/BB/Files/2015-09-14/svhoslt.exe,"[3, 1, 2, 1, 5, 90, 30, 157, 176, 286, 19, 61, 1, 9, 347, 543, 6, 24, 742, 453, 57, 4, 43, 414, 10, 564, 8, 114, 592, 503]"
1391,INT-02920-MJF.exe,79,13,datacopy/BB/Files/2017-10-16/INT-02920-MJF.exe,"[3, 1, 2, 1, 5, 90, 30, 157, 176, 286, 19, 61, 1, 9, 347, 543, 6, 24, 742, 453, 57, 4, 43, 414, 10, 564, 8, 114, 592, 503]"
1392,CjSQstu.exe.exe,79,3,datacopy/BB/Files/2015-09-15/CjSQstu.exe.exe,"[3, 1, 2, 1, 5, 90, 30, 157, 176, 286, 19, 61, 1, 9, 347, 543, 6, 24, 742, 453, 57, 4, 43, 414, 10, 564, 8, 114, 592, 503]"
1393,MWmljUcglkQnQ.exe.exe,79,3,datacopy/BB/Files/2015-09-15/MWmljUcglkQnQ.exe.exe,"[3, 1, 2, 1, 5, 90, 30, 157, 176, 286, 19, 61, 1, 9, 347, 543, 6, 24, 742, 453, 57, 4, 43, 414, 10, 564, 8, 114, 592, 503]"
1394,nfs_ver90.8223025991439733-pdf.exe,79,3,datacopy/BB/Files/2015-09-15/nfs_ver90.8223025991439733-pdf.exe,"[3, 1, 2, 1, 5, 90, 30, 157, 176, 286, 19, 61, 1, 9, 347, 543, 6, 24, 742, 453, 57, 4, 43, 414, 10, 564, 8, 114, 592, 503]"
1395,wi.php.exe,79,3,datacopy/BB/Files/2015-09-15/wi.php.exe,"[3, 1, 2, 1, 5, 90, 30, 157, 176, 286, 19, 61, 1, 9, 347, 543, 6, 24, 742, 453, 57, 4, 43, 414, 10, 564, 8, 114, 592, 503]"
1396,Notafiscal_03540074rnd.exe,79,3,datacopy/BB/Files/2015-03-23/Notafiscal_03540074rnd.exe,"[3, 1, 2, 1, 5, 90, 30, 157, 176, 286, 19, 61, 1, 9, 347, 543, 6, 24, 742, 453, 57, 4, 43, 414, 10, 564, 8, 114, 592, 503]"
1397,Notafiscal_0322019.exe,79,3,datacopy/BB/Files/2015-03-23/Notafiscal_0322019.exe,"[3, 1, 2, 1, 5, 90, 30, 157, 176, 286, 19, 61, 1, 9, 347, 543, 6, 24, 742, 453, 57, 4, 43, 414, 10, 564, 8, 114, 592, 503]"
1398,0B_DupyKcBjKmMjRneUZJTTdPcmM_e_download.exe,79,2,datacopy/BB/Files/2015-09-21/0B_DupyKcBjKmMjRneUZJTTdPcmM_e_download.exe,"[3, 1, 2, 1, 5, 90, 30, 157, 176, 286, 19, 61, 1, 9, 347, 543, 6, 24, 742, 453, 57, 4, 43, 414, 10, 564, 8, 114, 592, 503]"
1399,00019203940003940000291000.com,79,2,datacopy/BB/Files/2015-03-17/00019203940003940000291000.com,"[3, 1, 2, 1, 5, 90, 30, 157, 176, 286, 19, 61, 1, 9, 347, 543, 6, 24, 742, 453, 57, 4, 43, 414, 10, 564, 8, 114, 592, 503]"
1400,Visualizar-Boleto0045502_rnd.exe,79,2,datacopy/BB/Files/2015-03-17/Visualizar-Boleto0045502_rnd.exe,"[3, 1, 2, 1, 5, 90, 30, 157, 176, 286, 19, 61, 1, 9, 347, 543, 6, 24, 742, 453, 57, 4, 43, 414, 10, 564, 8, 114, 592, 503]"
1401,16.zip.exe,79,3,datacopy/BB/Files/2015-03-17/16.zip.exe,"[3, 1, 2, 1, 5, 90, 30, 157, 176, 286, 19, 61, 1, 9, 347, 543, 6, 24, 742, 453, 57, 4, 43, 414, 10, 564, 8, 114, 592, 503]"
1402,Zkgcuc.exe,79,3,datacopy/BB/Files/2015-03-17/Zkgcuc.exe,"[3, 1, 2, 1, 5, 90, 30, 157, 176, 286, 19, 61, 1, 9, 347, 543, 6, 24, 742, 453, 57, 4, 43, 414, 10, 564, 8, 114, 592, 503]"
1403,Imprimir-Vale-Presente-170800524.exe,79,2,datacopy/BB/Files/2015-11-24/Imprimir-Vale-Presente-170800524.exe,"[3, 1, 2, 1, 5, 90, 30, 157, 176, 286, 19, 61, 1, 9, 347, 543, 6, 24, 742, 453, 57, 4, 43, 414, 10, 564, 8, 114, 592, 503]"
1404,orcamento_pdf.exe,79,9,datacopy/BB/Files/2015-11-06/orcamento_pdf.exe,"[3, 1, 2, 1, 5, 90, 30, 157, 176, 286, 19, 61, 1, 9, 347, 543, 6, 24, 742, 453, 57, 4, 43, 414, 10, 564, 8, 114, 592, 503]"
1405,06.zip.exe,79,3,datacopy/BB/Files/2015-03-09/06.zip.exe,"[3, 1, 2, 1, 5, 90, 30, 157, 176, 286, 19, 61, 1, 9, 347, 543, 6, 24, 742, 453, 57, 4, 43, 414, 10, 564, 8, 114, 592, 503]"
1406,xiquepaisucxzas.exe,79,64,datacopy/BB/Files/2015-04-17/xiquepaisucxzas.exe,"[3, 1, 2, 1, 5, 90, 30, 157, 176, 286, 19, 61, 1, 9, 347, 543, 6, 24, 742, 453, 57, 4, 43, 414, 10, 564, 8, 114, 592, 503]"
1407,rgMBVvCKdbIn.exe,79,3,datacopy/BB/Files/2015-04-17/rgMBVvCKdbIn.exe,"[3, 1, 2, 1, 5, 90, 30, 157, 176, 286, 19, 61, 1, 9, 347, 543, 6, 24, 742, 453, 57, 4, 43, 414, 10, 564, 8, 114, 592, 503]"
1408,Boleto_contrato_3348010875829000261.PDF.exe,79,379,datacopy/BB/Files/2014-10-10/Boleto_contrato_3348010875829000261.PDF.exe,"[3, 1, 2, 1, 5, 90, 30, 157, 176, 286, 19, 61, 1, 9, 347, 543, 6, 24, 742, 453, 57, 4, 43, 414, 10, 564, 8, 114, 592, 503]"
1409,flashplayerplugin1502020.exe,79,3,datacopy/BB/Files/2014-10-10/flashplayerplugin1502020.exe,"[3, 1, 2, 1, 5, 90, 30, 157, 176, 286, 19, 61, 1, 9, 347, 543, 6, 24, 742, 453, 57, 4, 43, 414, 10, 564, 8, 114, 592, 503]"
1410,NOB1.exe,79,3,datacopy/BB/Files/2014-10-10/NOB1.exe,"[3, 1, 2, 1, 5, 90, 30, 157, 176, 286, 19, 61, 1, 9, 347, 543, 6, 24, 742, 453, 57, 4, 43, 414, 10, 564, 8, 114, 592, 503]"
1411,cob_debito.exe,79,353,datacopy/BB/Files/2015-01-19/cob_debito.exe,"[3, 1, 2, 1, 5, 90, 30, 157, 176, 286, 19, 61, 1, 9, 347, 543, 6, 24, 742, 453, 57, 4, 43, 414, 10, 564, 8, 114, 592, 503]"
1412,M4rp19N46N.exe,79,3,datacopy/BB/Files/2015-10-29/M4rp19N46N.exe,"[3, 1, 2, 1, 5, 90, 30, 157, 176, 286, 19, 61, 1, 9, 347, 543, 6, 24, 742, 453, 57, 4, 43, 414, 10, 564, 8, 114, 592, 503]"
1413,B434.exe,79,64,datacopy/BB/Files/2015-10-29/B434.exe,"[3, 1, 2, 1, 5, 90, 30, 157, 176, 286, 19, 61, 1, 9, 347, 543, 6, 24, 742, 453, 57, 4, 43, 414, 10, 564, 8, 114, 592, 503]"
1414,NF_94389000941.exe,79,2,datacopy/BB/Files/2015-05-27/NF_94389000941.exe,"[3, 1, 2, 1, 5, 90, 30, 157, 176, 286, 19, 61, 1, 9, 347, 543, 6, 24, 742, 453, 57, 4, 43, 414, 10, 564, 8, 114, 592, 503]"
1415,SUyCpppTdh.exe,79,3,datacopy/BB/Files/2015-05-06/SUyCpppTdh.exe,"[3, 1, 2, 1, 5, 90, 30, 157, 176, 286, 19, 61, 1, 9, 347, 543, 6, 24, 742, 453, 57, 4, 43, 414, 10, 564, 8, 114, 592, 503]"
1416,Planilha_de_OrÃ§amento-06-05-2015.exe,79,2,datacopy/BB/Files/2015-05-06/Planilha_de_OrÃ§amento-06-05-2015.exe,"[3, 1, 2, 1, 5, 90, 30, 157, 176, 286, 19, 61, 1, 9, 347, 543, 6, 24, 742, 453, 57, 4, 43, 414, 10, 564, 8, 114, 592, 503]"
1417,RFANgyttnR.exe,79,3,datacopy/BB/Files/2015-05-06/RFANgyttnR.exe,"[3, 1, 2, 1, 5, 90, 30, 157, 176, 286, 19, 61, 1, 9, 347, 543, 6, 24, 742, 453, 57, 4, 43, 414, 10, 564, 8, 114, 592, 503]"
1418,boleto_vencido_juro_multa_protesto.exe,79,3,datacopy/BB/Files/2015-05-13/boleto_vencido_juro_multa_protesto.exe,"[3, 1, 2, 1, 5, 90, 30, 157, 176, 286, 19, 61, 1, 9, 347, 543, 6, 24, 742, 453, 57, 4, 43, 414, 10, 564, 8, 114, 592, 503]"
1419,1305.exe,79,111,datacopy/BB/Files/2015-05-13/1305.exe,"[3, 1, 2, 1, 5, 90, 30, 157, 176, 286, 19, 61, 1, 9, 347, 543, 6, 24, 742, 453, 57, 4, 43, 414, 10, 564, 8, 114, 592, 503]"
1420,Helpermst.exe,79,111,datacopy/BB/Files/2015-05-13/Helpermst.exe,"[3, 1, 2, 1, 5, 90, 30, 157, 176, 286, 19, 61, 1, 9, 347, 543, 6, 24, 742, 453, 57, 4, 43, 414, 10, 564, 8, 114, 592, 503]"
1421,cleosvaldo3583.exe,79,64,datacopy/BB/Files/2015-09-10/cleosvaldo3583.exe,"[3, 1, 2, 1, 5, 90, 30, 157, 176, 286, 19, 61, 1, 9, 347, 543, 6, 24, 742, 453, 57, 4, 43, 414, 10, 564, 8, 114, 592, 503]"
1422,cltRpGqfQH.exe.exe,79,3,datacopy/BB/Files/2015-09-10/cltRpGqfQH.exe.exe,"[3, 1, 2, 1, 5, 90, 30, 157, 176, 286, 19, 61, 1, 9, 347, 543, 6, 24, 742, 453, 57, 4, 43, 414, 10, 564, 8, 114, 592, 503]"
1423,xueyqfwsascxz.exe,79,111,datacopy/BB/Files/2015-05-12/xueyqfwsascxz.exe,"[3, 1, 2, 1, 5, 90, 30, 157, 176, 286, 19, 61, 1, 9, 347, 543, 6, 24, 742, 453, 57, 4, 43, 414, 10, 564, 8, 114, 592, 503]"
1424,Nota-Fiscal-PDF-Sefaz_rnd.exe,79,2,datacopy/BB/Files/2014-11-21/Nota-Fiscal-PDF-Sefaz_rnd.exe,"[3, 1, 2, 1, 5, 90, 30, 157, 176, 286, 19, 61, 1, 9, 347, 543, 6, 24, 742, 453, 57, 4, 43, 414, 10, 564, 8, 114, 592, 503]"
1425,firef.exe,79,3,datacopy/BB/Files/2014-11-21/firef.exe,"[3, 1, 2, 1, 5, 90, 30, 157, 176, 286, 19, 61, 1, 9, 347, 543, 6, 24, 742, 453, 57, 4, 43, 414, 10, 564, 8, 114, 592, 503]"
1426,DhnhmIaZIXTedl.exe,79,3,datacopy/BB/Files/2014-11-21/DhnhmIaZIXTedl.exe,"[3, 1, 2, 1, 5, 90, 30, 157, 176, 286, 19, 61, 1, 9, 347, 543, 6, 24, 742, 453, 57, 4, 43, 414, 10, 564, 8, 114, 592, 503]"
1427,Recibo-AlertaRef45611BR.exe,79,2,datacopy/BB/Files/2014-11-21/Recibo-AlertaRef45611BR.exe,"[3, 1, 2, 1, 5, 90, 30, 157, 176, 286, 19, 61, 1, 9, 347, 543, 6, 24, 742, 453, 57, 4, 43, 414, 10, 564, 8, 114, 592, 503]"
1428,Imprimir-Cupom-1803.exe,79,518,datacopy/BB/Files/2015-04-07/Imprimir-Cupom-1803.exe,"[3, 1, 2, 1, 5, 90, 30, 157, 176, 286, 19, 61, 1, 9, 347, 543, 6, 24, 742, 453, 57, 4, 43, 414, 10, 564, 8, 114, 592, 503]"
1429,Boleto__PDF.exe,79,3,datacopy/BB/Files/2015-04-02/Boleto__PDF.exe,"[3, 1, 2, 1, 5, 90, 30, 157, 176, 286, 19, 61, 1, 9, 347, 543, 6, 24, 742, 453, 57, 4, 43, 414, 10, 564, 8, 114, 592, 503]"
1430,Notafiscal-007381104.exe,79,3,datacopy/BB/Files/2015-04-02/Notafiscal-007381104.exe,"[3, 1, 2, 1, 5, 90, 30, 157, 176, 286, 19, 61, 1, 9, 347, 543, 6, 24, 742, 453, 57, 4, 43, 414, 10, 564, 8, 114, 592, 503]"
1431,avEFiwHey.exe,79,3,datacopy/BB/Files/2015-03-03/avEFiwHey.exe,"[3, 1, 2, 1, 5, 90, 30, 157, 176, 286, 19, 61, 1, 9, 347, 543, 6, 24, 742, 453, 57, 4, 43, 414, 10, 564, 8, 114, 592, 503]"
1432,jeNUh.exe,79,564,datacopy/BB/Files/2015-03-03/jeNUh.exe,"[3, 1, 2, 1, 5, 90, 30, 157, 176, 286, 19, 61, 1, 9, 347, 543, 6, 24, 742, 453, 57, 4, 43, 414, 10, 564, 8, 114, 592, 503]"
1433,UrASVamewAcYM.exe,79,268,datacopy/BB/Files/2015-03-03/UrASVamewAcYM.exe,"[3, 1, 2, 1, 5, 90, 30, 157, 176, 286, 19, 61, 1, 9, 347, 543, 6, 24, 742, 453, 57, 4, 43, 414, 10, 564, 8, 114, 592, 503]"
1434,otEUCqnIPYG.exe,79,3,datacopy/BB/Files/2015-02-20/otEUCqnIPYG.exe,"[3, 1, 2, 1, 5, 90, 30, 157, 176, 286, 19, 61, 1, 9, 347, 543, 6, 24, 742, 453, 57, 4, 43, 414, 10, 564, 8, 114, 592, 503]"
1435,sysvloader1files.exe,79,2,datacopy/BB/Files/2014-10-02/sysvloader1files.exe,"[3, 1, 2, 1, 5, 90, 30, 157, 176, 286, 19, 61, 1, 9, 347, 543, 6, 24, 742, 453, 57, 4, 43, 414, 10, 564, 8, 114, 592, 503]"
1436,Nfe-Palistana_itauseguros_autoeresidencia.PDF.exe,79,2,datacopy/BB/Files/2014-12-05/Nfe-Palistana_itauseguros_autoeresidencia.PDF.exe,"[3, 1, 2, 1, 5, 90, 30, 157, 176, 286, 19, 61, 1, 9, 347, 543, 6, 24, 742, 453, 57, 4, 43, 414, 10, 564, 8, 114, 592, 503]"
1437,0072_05553_directDownload_true.exe,79,2,datacopy/BB/Files/2014-09-16/0072_05553_directDownload_true.exe,"[3, 1, 2, 1, 5, 90, 30, 157, 176, 286, 19, 61, 1, 9, 347, 543, 6, 24, 742, 453, 57, 4, 43, 414, 10, 564, 8, 114, 592, 503]"
1438,cleosvaldo6869.exe,79,64,datacopy/BB/Files/2015-07-09/cleosvaldo6869.exe,"[3, 1, 2, 1, 5, 90, 30, 157, 176, 286, 19, 61, 1, 9, 347, 543, 6, 24, 742, 453, 57, 4, 43, 414, 10, 564, 8, 114, 592, 503]"
1439,acordo-2via-fatura.exe,79,3,datacopy/BB/Files/2015-05-21/acordo-2via-fatura.exe,"[3, 1, 2, 1, 5, 90, 30, 157, 176, 286, 19, 61, 1, 9, 347, 543, 6, 24, 742, 453, 57, 4, 43, 414, 10, 564, 8, 114, 592, 503]"
1440,iObnGIo.exe,79,219,datacopy/BB/Files/2015-05-21/iObnGIo.exe,"[3, 1, 2, 1, 5, 90, 30, 157, 176, 286, 19, 61, 1, 9, 347, 543, 6, 24, 742, 453, 57, 4, 43, 414, 10, 564, 8, 114, 592, 503]"
1441,cleosvaldo6190.exe,79,64,datacopy/BB/Files/2015-06-30/cleosvaldo6190.exe,"[3, 1, 2, 1, 5, 90, 30, 157, 176, 286, 19, 61, 1, 9, 347, 543, 6, 24, 742, 453, 57, 4, 43, 414, 10, 564, 8, 114, 592, 503]"
1442,abcww.exe,79,477,datacopy/BB/Files/2015-05-19/abcww.exe,"[3, 1, 2, 1, 5, 90, 30, 157, 176, 286, 19, 61, 1, 9, 347, 543, 6, 24, 742, 453, 57, 4, 43, 414, 10, 564, 8, 114, 592, 503]"
1443,Nf-e.N20112216000065037871.exe,79,2,datacopy/BB/Files/2014-12-18/Nf-e.N20112216000065037871.exe,"[3, 1, 2, 1, 5, 90, 30, 157, 176, 286, 19, 61, 1, 9, 347, 543, 6, 24, 742, 453, 57, 4, 43, 414, 10, 564, 8, 114, 592, 503]"
1444,Visualizar_Debito_ReceitaFederal.com,79,592,datacopy/BB/Files/2014-09-10/Visualizar_Debito_ReceitaFederal.com,"[3, 1, 2, 1, 5, 90, 30, 157, 176, 286, 19, 61, 1, 9, 347, 543, 6, 24, 742, 453, 57, 4, 43, 414, 10, 564, 8, 114, 592, 503]"
1445,Notafiscal-00723301_rnd.exe,79,2,datacopy/BB/Files/2015-03-24/Notafiscal-00723301_rnd.exe,"[3, 1, 2, 1, 5, 90, 30, 157, 176, 286, 19, 61, 1, 9, 347, 543, 6, 24, 742, 453, 57, 4, 43, 414, 10, 564, 8, 114, 592, 503]"
1446,Notafiscal-00743301_rnd.exe,79,3,datacopy/BB/Files/2015-03-24/Notafiscal-00743301_rnd.exe,"[3, 1, 2, 1, 5, 90, 30, 157, 176, 286, 19, 61, 1, 9, 347, 543, 6, 24, 742, 453, 57, 4, 43, 414, 10, 564, 8, 114, 592, 503]"
1447,NF-Eletronica-0018207704.exe,79,2,datacopy/BB/Files/2014-10-09/NF-Eletronica-0018207704.exe,"[3, 1, 2, 1, 5, 90, 30, 157, 176, 286, 19, 61, 1, 9, 347, 543, 6, 24, 742, 453, 57, 4, 43, 414, 10, 564, 8, 114, 592, 503]"
1448,JXPCwSWkTrZLWq.exe.exe,79,3,datacopy/BB/Files/2015-09-18/JXPCwSWkTrZLWq.exe.exe,"[3, 1, 2, 1, 5, 90, 30, 157, 176, 286, 19, 61, 1, 9, 347, 543, 6, 24, 742, 453, 57, 4, 43, 414, 10, 564, 8, 114, 592, 503]"
1449,encomenda.txt.exe,79,3,datacopy/BB/Files/2015-03-31/encomenda.txt.exe,"[3, 1, 2, 1, 5, 90, 30, 157, 176, 286, 19, 61, 1, 9, 347, 543, 6, 24, 742, 453, 57, 4, 43, 414, 10, 564, 8, 114, 592, 503]"
1450,Yqtrx.exe,79,3,datacopy/BB/Files/2015-03-31/Yqtrx.exe,"[3, 1, 2, 1, 5, 90, 30, 157, 176, 286, 19, 61, 1, 9, 347, 543, 6, 24, 742, 453, 57, 4, 43, 414, 10, 564, 8, 114, 592, 503]"
1451,cHmUQheJo.exe,79,3,datacopy/BB/Files/2015-05-15/cHmUQheJo.exe,"[3, 1, 2, 1, 5, 90, 30, 157, 176, 286, 19, 61, 1, 9, 347, 543, 6, 24, 742, 453, 57, 4, 43, 414, 10, 564, 8, 114, 592, 503]"
1452,xdLnxBtDUD.exe,79,3,datacopy/BB/Files/2015-05-15/xdLnxBtDUD.exe,"[3, 1, 2, 1, 5, 90, 30, 157, 176, 286, 19, 61, 1, 9, 347, 543, 6, 24, 742, 453, 57, 4, 43, 414, 10, 564, 8, 114, 592, 503]"
1453,aPDORH.exe,79,3,datacopy/BB/Files/2015-05-15/aPDORH.exe,"[3, 1, 2, 1, 5, 90, 30, 157, 176, 286, 19, 61, 1, 9, 347, 543, 6, 24, 742, 453, 57, 4, 43, 414, 10, 564, 8, 114, 592, 503]"
1454,divhZTO.exe.exe,79,3,datacopy/BB/Files/2015-09-01/divhZTO.exe.exe,"[3, 1, 2, 1, 5, 90, 30, 157, 176, 286, 19, 61, 1, 9, 347, 543, 6, 24, 742, 453, 57, 4, 43, 414, 10, 564, 8, 114, 592, 503]"
1455,Comprovante-PDF119487294_.exe,79,2,datacopy/BB/Files/2015-10-22/Comprovante-PDF119487294_.exe,"[3, 1, 2, 1, 5, 90, 30, 157, 176, 286, 19, 61, 1, 9, 347, 543, 6, 24, 742, 453, 57, 4, 43, 414, 10, 564, 8, 114, 592, 503]"
1456,TtoYpxixmboE.exe,79,3,datacopy/BB/Files/2014-11-18/TtoYpxixmboE.exe,"[3, 1, 2, 1, 5, 90, 30, 157, 176, 286, 19, 61, 1, 9, 347, 543, 6, 24, 742, 453, 57, 4, 43, 414, 10, 564, 8, 114, 592, 503]"
1457,LKQcyPYFjfr.exe,79,3,datacopy/BB/Files/2014-11-18/LKQcyPYFjfr.exe,"[3, 1, 2, 1, 5, 90, 30, 157, 176, 286, 19, 61, 1, 9, 347, 543, 6, 24, 742, 453, 57, 4, 43, 414, 10, 564, 8, 114, 592, 503]"
1458,kfTyG.exe,79,3,datacopy/BB/Files/2014-11-18/kfTyG.exe,"[3, 1, 2, 1, 5, 90, 30, 157, 176, 286, 19, 61, 1, 9, 347, 543, 6, 24, 742, 453, 57, 4, 43, 414, 10, 564, 8, 114, 592, 503]"
1459,WLzHHOQpIJUfIG.exe,79,3,datacopy/BB/Files/2014-11-18/WLzHHOQpIJUfIG.exe,"[3, 1, 2, 1, 5, 90, 30, 157, 176, 286, 19, 61, 1, 9, 347, 543, 6, 24, 742, 453, 57, 4, 43, 414, 10, 564, 8, 114, 592, 503]"
1460,TCfDWWDbzn.exe,79,3,datacopy/BB/Files/2014-11-18/TCfDWWDbzn.exe,"[3, 1, 2, 1, 5, 90, 30, 157, 176, 286, 19, 61, 1, 9, 347, 543, 6, 24, 742, 453, 57, 4, 43, 414, 10, 564, 8, 114, 592, 503]"
1461,DSC0036267.JPG_JPG.exe,79,2,datacopy/BB/Files/2014-11-18/DSC0036267.JPG_JPG.exe,"[3, 1, 2, 1, 5, 90, 30, 157, 176, 286, 19, 61, 1, 9, 347, 543, 6, 24, 742, 453, 57, 4, 43, 414, 10, 564, 8, 114, 592, 503]"
1462,NotaFiscal_13533.exe,79,2,datacopy/BB/Files/2014-11-24/NotaFiscal_13533.exe,"[3, 1, 2, 1, 5, 90, 30, 157, 176, 286, 19, 61, 1, 9, 347, 543, 6, 24, 742, 453, 57, 4, 43, 414, 10, 564, 8, 114, 592, 503]"
1463,PROTESTO019838192839282UUHAHHUAUHHUHAHAHAUHAHAH.exe,79,2,datacopy/BB/Files/2014-11-24/PROTESTO019838192839282UUHAHHUAUHHUHAHAHAUHAHAH.exe,"[3, 1, 2, 1, 5, 90, 30, 157, 176, 286, 19, 61, 1, 9, 347, 543, 6, 24, 742, 453, 57, 4, 43, 414, 10, 564, 8, 114, 592, 503]"
1464,Documento_Para_ImpressÃ£o.pdf.exe,79,2,datacopy/BB/Files/2014-11-24/Documento_Para_ImpressÃ£o.pdf.exe,"[3, 1, 2, 1, 5, 90, 30, 157, 176, 286, 19, 61, 1, 9, 347, 543, 6, 24, 742, 453, 57, 4, 43, 414, 10, 564, 8, 114, 592, 503]"
1465,PROTESTO019838192839282UHAHUHUAHUAHAH.exe,79,2,datacopy/BB/Files/2014-11-24/PROTESTO019838192839282UHAHUHUAHUAHAH.exe,"[3, 1, 2, 1, 5, 90, 30, 157, 176, 286, 19, 61, 1, 9, 347, 543, 6, 24, 742, 453, 57, 4, 43, 414, 10, 564, 8, 114, 592, 503]"
1466,YcEbUDbDLSQU.exe,79,3,datacopy/BB/Files/2014-11-24/YcEbUDbDLSQU.exe,"[3, 1, 2, 1, 5, 90, 30, 157, 176, 286, 19, 61, 1, 9, 347, 543, 6, 24, 742, 453, 57, 4, 43, 414, 10, 564, 8, 114, 592, 503]"
1467,mNZAsRyQKXF.exe,79,3,datacopy/BB/Files/2014-11-24/mNZAsRyQKXF.exe,"[3, 1, 2, 1, 5, 90, 30, 157, 176, 286, 19, 61, 1, 9, 347, 543, 6, 24, 742, 453, 57, 4, 43, 414, 10, 564, 8, 114, 592, 503]"
1468,UfYSczqtgnX.exe,79,10,datacopy/BB/Files/2014-11-24/UfYSczqtgnX.exe,"[3, 1, 2, 1, 5, 90, 30, 157, 176, 286, 19, 61, 1, 9, 347, 543, 6, 24, 742, 453, 57, 4, 43, 414, 10, 564, 8, 114, 592, 503]"
1469,NotaFiscal-0072381980_.exe,79,2,datacopy/BB/Files/2014-11-24/NotaFiscal-0072381980_.exe,"[3, 1, 2, 1, 5, 90, 30, 157, 176, 286, 19, 61, 1, 9, 347, 543, 6, 24, 742, 453, 57, 4, 43, 414, 10, 564, 8, 114, 592, 503]"
1470,YPmE.exe,79,2,datacopy/BB/Files/2014-09-29/YPmE.exe,"[3, 1, 2, 1, 5, 90, 30, 157, 176, 286, 19, 61, 1, 9, 347, 543, 6, 24, 742, 453, 57, 4, 43, 414, 10, 564, 8, 114, 592, 503]"
1471,cleosvaldo3294.exe,79,64,datacopy/BB/Files/2015-08-13/cleosvaldo3294.exe,"[3, 1, 2, 1, 5, 90, 30, 157, 176, 286, 19, 61, 1, 9, 347, 543, 6, 24, 742, 453, 57, 4, 43, 414, 10, 564, 8, 114, 592, 503]"
1472,fAsOS.exe.exe,79,3,datacopy/BB/Files/2015-08-24/fAsOS.exe.exe,"[3, 1, 2, 1, 5, 90, 30, 157, 176, 286, 19, 61, 1, 9, 347, 543, 6, 24, 742, 453, 57, 4, 43, 414, 10, 564, 8, 114, 592, 503]"
1473,ibmmaster.exe,79,2,datacopy/BB/Files/2015-02-10/ibmmaster.exe,"[3, 1, 2, 1, 5, 90, 30, 157, 176, 286, 19, 61, 1, 9, 347, 543, 6, 24, 742, 453, 57, 4, 43, 414, 10, 564, 8, 114, 592, 503]"
1474,1869_26804_directDownload_true.exe,79,2,datacopy/BB/Files/2014-08-27/1869_26804_directDownload_true.exe,"[3, 1, 2, 1, 5, 90, 30, 157, 176, 286, 19, 61, 1, 9, 347, 543, 6, 24, 742, 453, 57, 4, 43, 414, 10, 564, 8, 114, 592, 503]"
1475,AJpyIg.exe,79,3,datacopy/BB/Files/2015-06-02/AJpyIg.exe,"[3, 1, 2, 1, 5, 90, 30, 157, 176, 286, 19, 61, 1, 9, 347, 543, 6, 24, 742, 453, 57, 4, 43, 414, 10, 564, 8, 114, 592, 503]"
1476,GlGdjhUJft.exe,79,3,datacopy/BB/Files/2015-06-02/GlGdjhUJft.exe,"[3, 1, 2, 1, 5, 90, 30, 157, 176, 286, 19, 61, 1, 9, 347, 543, 6, 24, 742, 453, 57, 4, 43, 414, 10, 564, 8, 114, 592, 503]"
1477,Foxit.exe,79,3,datacopy/BB/Files/2015-05-29/Foxit.exe,"[3, 1, 2, 1, 5, 90, 30, 157, 176, 286, 19, 61, 1, 9, 347, 543, 6, 24, 742, 453, 57, 4, 43, 414, 10, 564, 8, 114, 592, 503]"
1478,gyn.exe,79,3,datacopy/BB/Files/2017-02-09/gyn.exe,"[3, 1, 2, 1, 5, 90, 30, 157, 176, 286, 19, 61, 1, 9, 347, 543, 6, 24, 742, 453, 57, 4, 43, 414, 10, 564, 8, 114, 592, 503]"
1479,duplicata_6002842.pdf.exe,79,3,datacopy/BB/Files/2015-06-03/duplicata_6002842.pdf.exe,"[3, 1, 2, 1, 5, 90, 30, 157, 176, 286, 19, 61, 1, 9, 347, 543, 6, 24, 742, 453, 57, 4, 43, 414, 10, 564, 8, 114, 592, 503]"
1480,cleosvaldo4883.exe,79,3,datacopy/BB/Files/2015-06-03/cleosvaldo4883.exe,"[3, 1, 2, 1, 5, 90, 30, 157, 176, 286, 19, 61, 1, 9, 347, 543, 6, 24, 742, 453, 57, 4, 43, 414, 10, 564, 8, 114, 592, 503]"
1481,"tvb0,7668835.exe",79,3,"datacopy/BB/Files/2015-09-23/tvb0,7668835.exe","[3, 1, 2, 1, 5, 90, 30, 157, 176, 286, 19, 61, 1, 9, 347, 543, 6, 24, 742, 453, 57, 4, 43, 414, 10, 564, 8, 114, 592, 503]"
1482,"bfsvc0,1962048.exe",79,3,"datacopy/BB/Files/2015-09-23/bfsvc0,1962048.exe","[3, 1, 2, 1, 5, 90, 30, 157, 176, 286, 19, 61, 1, 9, 347, 543, 6, 24, 742, 453, 57, 4, 43, 414, 10, 564, 8, 114, 592, 503]"
1483,"y_0,9341961.exe",79,3,"datacopy/BB/Files/2015-09-22/y_0,9341961.exe","[3, 1, 2, 1, 5, 90, 30, 157, 176, 286, 19, 61, 1, 9, 347, 543, 6, 24, 742, 453, 57, 4, 43, 414, 10, 564, 8, 114, 592, 503]"
1484,Visualizar-Video-web.zip.exe,79,10,datacopy/BB/Files/2012-03-08/Visualizar-Video-web.zip.exe,"[3, 1, 2, 1, 5, 90, 30, 157, 176, 286, 19, 61, 1, 9, 347, 543, 6, 24, 742, 453, 57, 4, 43, 414, 10, 564, 8, 114, 592, 503]"
1485,yeah.exe,79,3,datacopy/BB/Files/2015-09-22/yeah.exe,"[3, 1, 2, 1, 5, 90, 30, 157, 176, 286, 19, 61, 1, 9, 347, 543, 6, 24, 742, 453, 57, 4, 43, 414, 10, 564, 8, 114, 592, 503]"
1486,liveservice.exe,79,3,datacopy/BB/Files/2015-03-18/liveservice.exe,"[3, 1, 2, 1, 5, 90, 30, 157, 176, 286, 19, 61, 1, 9, 347, 543, 6, 24, 742, 453, 57, 4, 43, 414, 10, 564, 8, 114, 592, 503]"
1487,Assine-AQUI.exe,79,2,datacopy/BB/Files/2015-03-18/Assine-AQUI.exe,"[3, 1, 2, 1, 5, 90, 30, 157, 176, 286, 19, 61, 1, 9, 347, 543, 6, 24, 742, 453, 57, 4, 43, 414, 10, 564, 8, 114, 592, 503]"
1488,INTIMACAO-MPFSCRRHUHUAHUUHAUHHUAHHAHUAUHAHUHU.exe,79,2,datacopy/BB/Files/2015-03-18/INTIMACAO-MPFSCRRHUHUAHUUHAUHHUAHHAHUAUHAHUHU.exe,"[3, 1, 2, 1, 5, 90, 30, 157, 176, 286, 19, 61, 1, 9, 347, 543, 6, 24, 742, 453, 57, 4, 43, 414, 10, 564, 8, 114, 592, 503]"
1489,xiquepaisucxzasx.exe,79,3,datacopy/BB/Files/2015-03-19/xiquepaisucxzasx.exe,"[3, 1, 2, 1, 5, 90, 30, 157, 176, 286, 19, 61, 1, 9, 347, 543, 6, 24, 742, 453, 57, 4, 43, 414, 10, 564, 8, 114, 592, 503]"
1490,ComprovanteExtorno16032015.exe,79,2,datacopy/BB/Files/2015-03-19/ComprovanteExtorno16032015.exe,"[3, 1, 2, 1, 5, 90, 30, 157, 176, 286, 19, 61, 1, 9, 347, 543, 6, 24, 742, 453, 57, 4, 43, 414, 10, 564, 8, 114, 592, 503]"
1491,PDF-NF-20-outubro-2015.exe,79,3,datacopy/BB/Files/2015-10-21/PDF-NF-20-outubro-2015.exe,"[3, 1, 2, 1, 5, 90, 30, 157, 176, 286, 19, 61, 1, 9, 347, 543, 6, 24, 742, 453, 57, 4, 43, 414, 10, 564, 8, 114, 592, 503]"
1492,Boleto-PDF-20150723.exe,79,3,datacopy/BB/Files/2015-07-24/Boleto-PDF-20150723.exe,"[3, 1, 2, 1, 5, 90, 30, 157, 176, 286, 19, 61, 1, 9, 347, 543, 6, 24, 742, 453, 57, 4, 43, 414, 10, 564, 8, 114, 592, 503]"
1493,ODuxl.exe,79,3,datacopy/BB/Files/2015-07-24/ODuxl.exe,"[3, 1, 2, 1, 5, 90, 30, 157, 176, 286, 19, 61, 1, 9, 347, 543, 6, 24, 742, 453, 57, 4, 43, 414, 10, 564, 8, 114, 592, 503]"
1494,ConversaBate-Papo-Facebook.jpg_..exe,79,2,datacopy/BB/Files/2014-12-16/ConversaBate-Papo-Facebook.jpg_..exe,"[3, 1, 2, 1, 5, 90, 30, 157, 176, 286, 19, 61, 1, 9, 347, 543, 6, 24, 742, 453, 57, 4, 43, 414, 10, 564, 8, 114, 592, 503]"
1495,comentariodevoz.exe.exe,79,2,datacopy/BB/Files/2014-12-19/comentariodevoz.exe.exe,"[3, 1, 2, 1, 5, 90, 30, 157, 176, 286, 19, 61, 1, 9, 347, 543, 6, 24, 742, 453, 57, 4, 43, 414, 10, 564, 8, 114, 592, 503]"
1496,kkjvL.exe,79,3,datacopy/BB/Files/2014-12-16/kkjvL.exe,"[3, 1, 2, 1, 5, 90, 30, 157, 176, 286, 19, 61, 1, 9, 347, 543, 6, 24, 742, 453, 57, 4, 43, 414, 10, 564, 8, 114, 592, 503]"
1497,000320976588215001000052842100029338-ProcNfe.exe,79,2,datacopy/BB/Files/2014-12-16/000320976588215001000052842100029338-ProcNfe.exe,"[3, 1, 2, 1, 5, 90, 30, 157, 176, 286, 19, 61, 1, 9, 347, 543, 6, 24, 742, 453, 57, 4, 43, 414, 10, 564, 8, 114, 592, 503]"
1498,INTIMACAOMPFSCRJIOKAKJISJIAJAJJAJJJAIJIS.exe,79,2,datacopy/BB/Files/2014-12-16/INTIMACAOMPFSCRJIOKAKJISJIAJAJJAJJJAIJIS.exe,"[3, 1, 2, 1, 5, 90, 30, 157, 176, 286, 19, 61, 1, 9, 347, 543, 6, 24, 742, 453, 57, 4, 43, 414, 10, 564, 8, 114, 592, 503]"
1499,Planilha_Orcamental_Clientes-07895475814.exe,79,113,datacopy/BB/Files/2015-05-11/Planilha_Orcamental_Clientes-07895475814.exe,"[3, 1, 2, 1, 5, 90, 30, 157, 176, 286, 19, 61, 1, 9, 347, 543, 6, 24, 742, 453, 57, 4, 43, 414, 10, 564, 8, 114, 592, 503]"
1500,Vale-Cupom-CacauShow-0077371895.exe,79,518,datacopy/BB/Files/2015-05-05/Vale-Cupom-CacauShow-0077371895.exe,"[3, 1, 2, 1, 5, 90, 30, 157, 176, 286, 19, 61, 1, 9, 347, 543, 6, 24, 742, 453, 57, 4, 43, 414, 10, 564, 8, 114, 592, 503]"
1501,pSUtRIWxqWJwaT.exe,79,3,datacopy/BB/Files/2015-05-05/pSUtRIWxqWJwaT.exe,"[3, 1, 2, 1, 5, 90, 30, 157, 176, 286, 19, 61, 1, 9, 347, 543, 6, 24, 742, 453, 57, 4, 43, 414, 10, 564, 8, 114, 592, 503]"
1502,QmUYVsWJOtNqaL.exe,79,3,datacopy/BB/Files/2014-11-05/QmUYVsWJOtNqaL.exe,"[3, 1, 2, 1, 5, 90, 30, 157, 176, 286, 19, 61, 1, 9, 347, 543, 6, 24, 742, 453, 57, 4, 43, 414, 10, 564, 8, 114, 592, 503]"
1503,Comprovante-Deposito-11032014.com,79,2,datacopy/BB/Files/2014-11-05/Comprovante-Deposito-11032014.com,"[3, 1, 2, 1, 5, 90, 30, 157, 176, 286, 19, 61, 1, 9, 347, 543, 6, 24, 742, 453, 57, 4, 43, 414, 10, 564, 8, 114, 592, 503]"
1504,nvscsc.exe,79,3,datacopy/BB/Files/2014-11-05/nvscsc.exe,"[3, 1, 2, 1, 5, 90, 30, 157, 176, 286, 19, 61, 1, 9, 347, 543, 6, 24, 742, 453, 57, 4, 43, 414, 10, 564, 8, 114, 592, 503]"
1505,Nota-Fisca_00831278Rnd.exe,79,2,datacopy/BB/Files/2014-11-05/Nota-Fisca_00831278Rnd.exe,"[3, 1, 2, 1, 5, 90, 30, 157, 176, 286, 19, 61, 1, 9, 347, 543, 6, 24, 742, 453, 57, 4, 43, 414, 10, 564, 8, 114, 592, 503]"
1506,IMG-20141104-WA0111.exe,79,2,datacopy/BB/Files/2014-11-05/IMG-20141104-WA0111.exe,"[3, 1, 2, 1, 5, 90, 30, 157, 176, 286, 19, 61, 1, 9, 347, 543, 6, 24, 742, 453, 57, 4, 43, 414, 10, 564, 8, 114, 592, 503]"
1507,Visualizar-Boleto00387123901.exe,79,518,datacopy/BB/Files/2015-04-15/Visualizar-Boleto00387123901.exe,"[3, 1, 2, 1, 5, 90, 30, 157, 176, 286, 19, 61, 1, 9, 347, 543, 6, 24, 742, 453, 57, 4, 43, 414, 10, 564, 8, 114, 592, 503]"
1508,ghzQWUJPROvAA.exe,79,3,datacopy/BB/Files/2015-04-15/ghzQWUJPROvAA.exe,"[3, 1, 2, 1, 5, 90, 30, 157, 176, 286, 19, 61, 1, 9, 347, 543, 6, 24, 742, 453, 57, 4, 43, 414, 10, 564, 8, 114, 592, 503]"
1509,wLAPTnXHeIEu.exe,79,3,datacopy/BB/Files/2015-04-15/wLAPTnXHeIEu.exe,"[3, 1, 2, 1, 5, 90, 30, 157, 176, 286, 19, 61, 1, 9, 347, 543, 6, 24, 742, 453, 57, 4, 43, 414, 10, 564, 8, 114, 592, 503]"
1510,tabs_left.gif.exe,79,3,datacopy/BB/Files/2014-11-27/tabs_left.gif.exe,"[3, 1, 2, 1, 5, 90, 30, 157, 176, 286, 19, 61, 1, 9, 347, 543, 6, 24, 742, 453, 57, 4, 43, 414, 10, 564, 8, 114, 592, 503]"
1511,xuqyecaxc.exe,79,3,datacopy/BB/Files/2014-11-27/xuqyecaxc.exe,"[3, 1, 2, 1, 5, 90, 30, 157, 176, 286, 19, 61, 1, 9, 347, 543, 6, 24, 742, 453, 57, 4, 43, 414, 10, 564, 8, 114, 592, 503]"
1512,Orcamento-Planilha.exe,79,2,datacopy/BB/Files/2014-09-01/Orcamento-Planilha.exe,"[3, 1, 2, 1, 5, 90, 30, 157, 176, 286, 19, 61, 1, 9, 347, 543, 6, 24, 742, 453, 57, 4, 43, 414, 10, 564, 8, 114, 592, 503]"
1513,WINNTK.exe,79,64,datacopy/BB/Files/2015-06-23/WINNTK.exe,"[3, 1, 2, 1, 5, 90, 30, 157, 176, 286, 19, 61, 1, 9, 347, 543, 6, 24, 742, 453, 57, 4, 43, 414, 10, 564, 8, 114, 592, 503]"
1514,cleosvaldo5417.exe,79,64,datacopy/BB/Files/2015-06-23/cleosvaldo5417.exe,"[3, 1, 2, 1, 5, 90, 30, 157, 176, 286, 19, 61, 1, 9, 347, 543, 6, 24, 742, 453, 57, 4, 43, 414, 10, 564, 8, 114, 592, 503]"
1515,dream.exe,79,2,datacopy/BB/Files/2015-01-16/dream.exe,"[3, 1, 2, 1, 5, 90, 30, 157, 176, 286, 19, 61, 1, 9, 347, 543, 6, 24, 742, 453, 57, 4, 43, 414, 10, 564, 8, 114, 592, 503]"
1516,XCtkNtNlvaZDV.exe.exe,79,3,datacopy/BB/Files/2015-09-04/XCtkNtNlvaZDV.exe.exe,"[3, 1, 2, 1, 5, 90, 30, 157, 176, 286, 19, 61, 1, 9, 347, 543, 6, 24, 742, 453, 57, 4, 43, 414, 10, 564, 8, 114, 592, 503]"
1517,cleosvaldo6246.exe,79,64,datacopy/BB/Files/2015-09-04/cleosvaldo6246.exe,"[3, 1, 2, 1, 5, 90, 30, 157, 176, 286, 19, 61, 1, 9, 347, 543, 6, 24, 742, 453, 57, 4, 43, 414, 10, 564, 8, 114, 592, 503]"
1518,Comprovante-N0093120391.exe,79,2,datacopy/BB/Files/2015-10-19/Comprovante-N0093120391.exe,"[3, 1, 2, 1, 5, 90, 30, 157, 176, 286, 19, 61, 1, 9, 347, 543, 6, 24, 742, 453, 57, 4, 43, 414, 10, 564, 8, 114, 592, 503]"
1519,_whTN0eB7V11I56cI07Z6.exe,79,3,datacopy/BB/Files/2015-10-19/_whTN0eB7V11I56cI07Z6.exe,"[3, 1, 2, 1, 5, 90, 30, 157, 176, 286, 19, 61, 1, 9, 347, 543, 6, 24, 742, 453, 57, 4, 43, 414, 10, 564, 8, 114, 592, 503]"
1520,hAfIc.exe,79,3,datacopy/BB/Files/2015-04-29/hAfIc.exe,"[3, 1, 2, 1, 5, 90, 30, 157, 176, 286, 19, 61, 1, 9, 347, 543, 6, 24, 742, 453, 57, 4, 43, 414, 10, 564, 8, 114, 592, 503]"
1521,MZKwgPrnalxX.exe.exe,79,3,datacopy/BB/Files/2015-08-19/MZKwgPrnalxX.exe.exe,"[3, 1, 2, 1, 5, 90, 30, 157, 176, 286, 19, 61, 1, 9, 347, 543, 6, 24, 742, 453, 57, 4, 43, 414, 10, 564, 8, 114, 592, 503]"
1522,1734_66517_directDownload_true.exe,79,2,datacopy/BB/Files/2014-09-11/1734_66517_directDownload_true.exe,"[3, 1, 2, 1, 5, 90, 30, 157, 176, 286, 19, 61, 1, 9, 347, 543, 6, 24, 742, 453, 57, 4, 43, 414, 10, 564, 8, 114, 592, 503]"
1523,qSYpfVvsc.exe,79,3,datacopy/BB/Files/2014-09-11/qSYpfVvsc.exe,"[3, 1, 2, 1, 5, 90, 30, 157, 176, 286, 19, 61, 1, 9, 347, 543, 6, 24, 742, 453, 57, 4, 43, 414, 10, 564, 8, 114, 592, 503]"
1524,euPcboD.exe,79,3,datacopy/BB/Files/2014-09-11/euPcboD.exe,"[3, 1, 2, 1, 5, 90, 30, 157, 176, 286, 19, 61, 1, 9, 347, 543, 6, 24, 742, 453, 57, 4, 43, 414, 10, 564, 8, 114, 592, 503]"
1525,NF-ELETRONICA-PDF03912030.exe,79,2,datacopy/BB/Files/2014-10-21/NF-ELETRONICA-PDF03912030.exe,"[3, 1, 2, 1, 5, 90, 30, 157, 176, 286, 19, 61, 1, 9, 347, 543, 6, 24, 742, 453, 57, 4, 43, 414, 10, 564, 8, 114, 592, 503]"
1526,ReciboTAM1AA039B701_488125290.exe,79,2,datacopy/BB/Files/2015-02-04/ReciboTAM1AA039B701_488125290.exe,"[3, 1, 2, 1, 5, 90, 30, 157, 176, 286, 19, 61, 1, 9, 347, 543, 6, 24, 742, 453, 57, 4, 43, 414, 10, 564, 8, 114, 592, 503]"
1527,Â°Planilha_OrÃ§amento.PDF.exe,79,219,datacopy/BB/Files/2015-07-30/Â°Planilha_OrÃ§amento.PDF.exe,"[3, 1, 2, 1, 5, 90, 30, 157, 176, 286, 19, 61, 1, 9, 347, 543, 6, 24, 742, 453, 57, 4, 43, 414, 10, 564, 8, 114, 592, 503]"
1528,cleosvaldo1963.exe,79,64,datacopy/BB/Files/2015-07-30/cleosvaldo1963.exe,"[3, 1, 2, 1, 5, 90, 30, 157, 176, 286, 19, 61, 1, 9, 347, 543, 6, 24, 742, 453, 57, 4, 43, 414, 10, 564, 8, 114, 592, 503]"
1529,HexEN.exe,79,3,datacopy/BB/Files/2015-07-30/HexEN.exe,"[3, 1, 2, 1, 5, 90, 30, 157, 176, 286, 19, 61, 1, 9, 347, 543, 6, 24, 742, 453, 57, 4, 43, 414, 10, 564, 8, 114, 592, 503]"
1530,0B_Pfw26UXvkgMDlfYTBIb2czcFU.exe,79,2,datacopy/BB/Files/2014-12-01/0B_Pfw26UXvkgMDlfYTBIb2czcFU.exe,"[3, 1, 2, 1, 5, 90, 30, 157, 176, 286, 19, 61, 1, 9, 347, 543, 6, 24, 742, 453, 57, 4, 43, 414, 10, 564, 8, 114, 592, 503]"
1531,ZhmtRPH.exe,79,3,datacopy/BB/Files/2015-07-06/ZhmtRPH.exe,"[3, 1, 2, 1, 5, 90, 30, 157, 176, 286, 19, 61, 1, 9, 347, 543, 6, 24, 742, 453, 57, 4, 43, 414, 10, 564, 8, 114, 592, 503]"
1532,boleto-010923-0123-0123123.xls.exe,79,3,datacopy/BB/Files/2015-07-06/boleto-010923-0123-0123123.xls.exe,"[3, 1, 2, 1, 5, 90, 30, 157, 176, 286, 19, 61, 1, 9, 347, 543, 6, 24, 742, 453, 57, 4, 43, 414, 10, 564, 8, 114, 592, 503]"
1533,cleosvaldo4047.exe,79,64,datacopy/BB/Files/2015-07-06/cleosvaldo4047.exe,"[3, 1, 2, 1, 5, 90, 30, 157, 176, 286, 19, 61, 1, 9, 347, 543, 6, 24, 742, 453, 57, 4, 43, 414, 10, 564, 8, 114, 592, 503]"
1534,NF_e-64784637.exe,79,2,datacopy/BB/Files/2014-10-17/NF_e-64784637.exe,"[3, 1, 2, 1, 5, 90, 30, 157, 176, 286, 19, 61, 1, 9, 347, 543, 6, 24, 742, 453, 57, 4, 43, 414, 10, 564, 8, 114, 592, 503]"
1535,VoiceMessenger.exe,79,2,datacopy/BB/Files/2014-12-03/VoiceMessenger.exe,"[3, 1, 2, 1, 5, 90, 30, 157, 176, 286, 19, 61, 1, 9, 347, 543, 6, 24, 742, 453, 57, 4, 43, 414, 10, 564, 8, 114, 592, 503]"
1536,Visualizar_Fotos.PNG.exe,79,2,datacopy/BB/Files/2014-12-03/Visualizar_Fotos.PNG.exe,"[3, 1, 2, 1, 5, 90, 30, 157, 176, 286, 19, 61, 1, 9, 347, 543, 6, 24, 742, 453, 57, 4, 43, 414, 10, 564, 8, 114, 592, 503]"
1537,Rtop_up.jpg.exe,79,3,datacopy/BB/Files/2014-12-03/Rtop_up.jpg.exe,"[3, 1, 2, 1, 5, 90, 30, 157, 176, 286, 19, 61, 1, 9, 347, 543, 6, 24, 742, 453, 57, 4, 43, 414, 10, 564, 8, 114, 592, 503]"
1538,INTIMACAO-MPFSCRGAGRTUIOSJDNSOAHDMLOSJPJS.exe,79,2,datacopy/BB/Files/2014-12-03/INTIMACAO-MPFSCRGAGRTUIOSJDNSOAHDMLOSJPJS.exe,"[3, 1, 2, 1, 5, 90, 30, 157, 176, 286, 19, 61, 1, 9, 347, 543, 6, 24, 742, 453, 57, 4, 43, 414, 10, 564, 8, 114, 592, 503]"
1539,aprendiz.jmp.exe,79,3,datacopy/BB/Files/2014-12-11/aprendiz.jmp.exe,"[3, 1, 2, 1, 5, 90, 30, 157, 176, 286, 19, 61, 1, 9, 347, 543, 6, 24, 742, 453, 57, 4, 43, 414, 10, 564, 8, 114, 592, 503]"
1540,lqsfwCPGwxddf.exe,79,3,datacopy/BB/Files/2014-12-11/lqsfwCPGwxddf.exe,"[3, 1, 2, 1, 5, 90, 30, 157, 176, 286, 19, 61, 1, 9, 347, 543, 6, 24, 742, 453, 57, 4, 43, 414, 10, 564, 8, 114, 592, 503]"
1541,baSfrJZcacSh.exe,79,3,datacopy/BB/Files/2015-06-10/baSfrJZcacSh.exe,"[3, 1, 2, 1, 5, 90, 30, 157, 176, 286, 19, 61, 1, 9, 347, 543, 6, 24, 742, 453, 57, 4, 43, 414, 10, 564, 8, 114, 592, 503]"
1542,ScrollsSkyrim.exe,79,64,datacopy/BB/Files/2015-04-27/ScrollsSkyrim.exe,"[3, 1, 2, 1, 5, 90, 30, 157, 176, 286, 19, 61, 1, 9, 347, 543, 6, 24, 742, 453, 57, 4, 43, 414, 10, 564, 8, 114, 592, 503]"
1543,01-333130133745743-NF-e-Emitida.PDF.html.exe,79,3,datacopy/BB/Files/2015-06-17/01-333130133745743-NF-e-Emitida.PDF.html.exe,"[3, 1, 2, 1, 5, 90, 30, 157, 176, 286, 19, 61, 1, 9, 347, 543, 6, 24, 742, 453, 57, 4, 43, 414, 10, 564, 8, 114, 592, 503]"
1544,b50fd9388b21e8d14d055cb022f154a4b60e42fdc1cd7c9437fb812b1e9619bf,79,477,datacopy/Stefano/b50fd9388b21e8d14d055cb022f154a4b60e42fdc1cd7c9437fb812b1e9619bf,"[3, 1, 2, 1, 5, 90, 30, 157, 176, 286, 19, 61, 1, 9, 347, 543, 6, 24, 742, 453, 57, 4, 43, 414, 10, 564, 8, 114, 592, 503]"
1545,b77d02d95f1ffd3b52ea4cd31bd14b9b37012a61e98554e5c8d79aa30d5cef4b,79,3,datacopy/Stefano/b77d02d95f1ffd3b52ea4cd31bd14b9b37012a61e98554e5c8d79aa30d5cef4b,"[3, 1, 2, 1, 5, 90, 30, 157, 176, 286, 19, 61, 1, 9, 347, 543, 6, 24, 742, 453, 57, 4, 43, 414, 10, 564, 8, 114, 592, 503]"
1546,9ce074e3e0e68b048f4b64f62db5157aff634971.bin,80,124,datacopy/UCSB.JP/data_feed.geo_japan_6m_public_flag/9/c/e/9ce074e3e0e68b048f4b64f62db5157aff634971.bin,"[9, 2105, 3, 2161, 40, 1, 1, 1699, 1, 9, 1, 368, 1939, 38, 414, 250, 30, 36, 294, 306, 286, 2, 69, 426, 137, 30, 90, 24, 12, 1]"
1547,58d7cc262763c5f8570fbb8a6e80d99ca7736f39.bin,80,2105,datacopy/UCSB.JP/data_feed.geo_japan_6m_public_flag/5/8/d/58d7cc262763c5f8570fbb8a6e80d99ca7736f39.bin,"[9, 2105, 3, 2161, 40, 1, 1, 1699, 1, 9, 1, 368, 1939, 38, 414, 250, 30, 36, 294, 306, 286, 2, 69, 426, 137, 30, 90, 24, 12, 1]"
1548,50b0be4f0898c6bead9debba1be86f69d147ef6a.bin,80,3,datacopy/UCSB.JP/data_feed.geo_japan_6m_public_flag/5/0/b/50b0be4f0898c6bead9debba1be86f69d147ef6a.bin,"[9, 2105, 3, 2161, 40, 1, 1, 1699, 1, 9, 1, 368, 1939, 38, 414, 250, 30, 36, 294, 306, 286, 2, 69, 426, 137, 30, 90, 24, 12, 1]"
1549,f7d74bf581f731e816a3300729002aa40c612403.bin,80,3,datacopy/UCSB.JP/data_feed.geo_japan_6m_public_flag/f/7/d/f7d74bf581f731e816a3300729002aa40c612403.bin,"[9, 2105, 3, 2161, 40, 1, 1, 1699, 1, 9, 1, 368, 1939, 38, 414, 250, 30, 36, 294, 306, 286, 2, 69, 426, 137, 30, 90, 24, 12, 1]"
1550,c74042a890cc69a0e57f4cace95b63f13f212e3e.bin,80,124,datacopy/UCSB.JP/data_feed.geo_japan_6m_public_flag/c/7/4/c74042a890cc69a0e57f4cace95b63f13f212e3e.bin,"[9, 2105, 3, 2161, 40, 1, 1, 1699, 1, 9, 1, 368, 1939, 38, 414, 250, 30, 36, 294, 306, 286, 2, 69, 426, 137, 30, 90, 24, 12, 1]"
1551,0e3fdf62567a78e940e2fc733ab7b18b62526551.bin,80,124,datacopy/UCSB.JP/data_feed.geo_japan_6m_public_flag/0/e/3/0e3fdf62567a78e940e2fc733ab7b18b62526551.bin,"[9, 2105, 3, 2161, 40, 1, 1, 1699, 1, 9, 1, 368, 1939, 38, 414, 250, 30, 36, 294, 306, 286, 2, 69, 426, 137, 30, 90, 24, 12, 1]"
1552,769fd63aedd6eb0686501f039f8e68a839c0a612.bin,80,2161,datacopy/UCSB.JP/data_feed.geo_japan_6m_public_flag/7/6/9/769fd63aedd6eb0686501f039f8e68a839c0a612.bin,"[9, 2105, 3, 2161, 40, 1, 1, 1699, 1, 9, 1, 368, 1939, 38, 414, 250, 30, 36, 294, 306, 286, 2, 69, 426, 137, 30, 90, 24, 12, 1]"
1553,161b7bb8dc7e1f7355d18bf48a77989b41df49d2.bin,80,80,datacopy/UCSB/161b7bb8dc7e1f7355d18bf48a77989b41df49d2.bin,"[9, 2105, 3, 2161, 40, 1, 1, 1699, 1, 9, 1, 368, 1939, 38, 414, 250, 30, 36, 294, 306, 286, 2, 69, 426, 137, 30, 90, 24, 12, 1]"
1554,f63fd755c825f7a7414a7881ce935f93eaf52e8e.bin,80,1582,datacopy/UCSB/f63fd755c825f7a7414a7881ce935f93eaf52e8e.bin,"[9, 2105, 3, 2161, 40, 1, 1, 1699, 1, 9, 1, 368, 1939, 38, 414, 250, 30, 36, 294, 306, 286, 2, 69, 426, 137, 30, 90, 24, 12, 1]"
1555,9d161ee8c348561128b36cbade13d5e3577bf509.bin,80,1582,datacopy/UCSB/9d161ee8c348561128b36cbade13d5e3577bf509.bin,"[9, 2105, 3, 2161, 40, 1, 1, 1699, 1, 9, 1, 368, 1939, 38, 414, 250, 30, 36, 294, 306, 286, 2, 69, 426, 137, 30, 90, 24, 12, 1]"
1556,91e13c1420793261b9613235715d6f59ef823a97.bin,80,1635,datacopy/UCSB/91e13c1420793261b9613235715d6f59ef823a97.bin,"[9, 2105, 3, 2161, 40, 1, 1, 1699, 1, 9, 1, 368, 1939, 38, 414, 250, 30, 36, 294, 306, 286, 2, 69, 426, 137, 30, 90, 24, 12, 1]"
1557,548df7429e4f3e0e5eec027343a5d130d1bcc677.bin,80,1699,datacopy/UCSB/548df7429e4f3e0e5eec027343a5d130d1bcc677.bin,"[9, 2105, 3, 2161, 40, 1, 1, 1699, 1, 9, 1, 368, 1939, 38, 414, 250, 30, 36, 294, 306, 286, 2, 69, 426, 137, 30, 90, 24, 12, 1]"
1558,6bf2bb63b039ce822351c153f8f3b846cba87f6c.bin,80,1582,datacopy/UCSB/6bf2bb63b039ce822351c153f8f3b846cba87f6c.bin,"[9, 2105, 3, 2161, 40, 1, 1, 1699, 1, 9, 1, 368, 1939, 38, 414, 250, 30, 36, 294, 306, 286, 2, 69, 426, 137, 30, 90, 24, 12, 1]"
1559,363a9aac2ffc415a056a50a109789e88e3f5a73d.bin,80,1740,datacopy/UCSB/363a9aac2ffc415a056a50a109789e88e3f5a73d.bin,"[9, 2105, 3, 2161, 40, 1, 1, 1699, 1, 9, 1, 368, 1939, 38, 414, 250, 30, 36, 294, 306, 286, 2, 69, 426, 137, 30, 90, 24, 12, 1]"
1560,f8a45896338d826ff851373b1643e3f02d1573f8.bin,80,1582,datacopy/UCSB/f8a45896338d826ff851373b1643e3f02d1573f8.bin,"[9, 2105, 3, 2161, 40, 1, 1, 1699, 1, 9, 1, 368, 1939, 38, 414, 250, 30, 36, 294, 306, 286, 2, 69, 426, 137, 30, 90, 24, 12, 1]"
1561,aa6833d8e972fcbd911f5d1d5507ca0a80b2440b.bin,80,1582,datacopy/UCSB/aa6833d8e972fcbd911f5d1d5507ca0a80b2440b.bin,"[9, 2105, 3, 2161, 40, 1, 1, 1699, 1, 9, 1, 368, 1939, 38, 414, 250, 30, 36, 294, 306, 286, 2, 69, 426, 137, 30, 90, 24, 12, 1]"
1562,36d3df37669a3cf54d3aa674510a933e33d5ab24.bin,80,1582,datacopy/UCSB/36d3df37669a3cf54d3aa674510a933e33d5ab24.bin,"[9, 2105, 3, 2161, 40, 1, 1, 1699, 1, 9, 1, 368, 1939, 38, 414, 250, 30, 36, 294, 306, 286, 2, 69, 426, 137, 30, 90, 24, 12, 1]"
1563,8f2063c349cbf175f83ce3a313abf4369e71294b.bin,80,304,datacopy/UCSB/8f2063c349cbf175f83ce3a313abf4369e71294b.bin,"[9, 2105, 3, 2161, 40, 1, 1, 1699, 1, 9, 1, 368, 1939, 38, 414, 250, 30, 36, 294, 306, 286, 2, 69, 426, 137, 30, 90, 24, 12, 1]"
1564,f05a55711bd229bdff757ec6723515f1da0ee0f8.bin,80,1582,datacopy/UCSB/f05a55711bd229bdff757ec6723515f1da0ee0f8.bin,"[9, 2105, 3, 2161, 40, 1, 1, 1699, 1, 9, 1, 368, 1939, 38, 414, 250, 30, 36, 294, 306, 286, 2, 69, 426, 137, 30, 90, 24, 12, 1]"
1565,c6c13c8c354b99f3e0846f3076c61c8cc0fa3598.bin,80,1582,datacopy/UCSB/c6c13c8c354b99f3e0846f3076c61c8cc0fa3598.bin,"[9, 2105, 3, 2161, 40, 1, 1, 1699, 1, 9, 1, 368, 1939, 38, 414, 250, 30, 36, 294, 306, 286, 2, 69, 426, 137, 30, 90, 24, 12, 1]"
1566,aa0f5cc1e5d692a4da852701552773d04d4c065c.bin,80,124,datacopy/UCSB/aa0f5cc1e5d692a4da852701552773d04d4c065c.bin,"[9, 2105, 3, 2161, 40, 1, 1, 1699, 1, 9, 1, 368, 1939, 38, 414, 250, 30, 36, 294, 306, 286, 2, 69, 426, 137, 30, 90, 24, 12, 1]"
1567,fc161e8dfcf1256562bcbc6a6ff6fd9647ff8ded.bin,80,938,datacopy/UCSB/fc161e8dfcf1256562bcbc6a6ff6fd9647ff8ded.bin,"[9, 2105, 3, 2161, 40, 1, 1, 1699, 1, 9, 1, 368, 1939, 38, 414, 250, 30, 36, 294, 306, 286, 2, 69, 426, 137, 30, 90, 24, 12, 1]"
1568,d1217261785bd95d7e2f138f646fb67e71dab5e7.bin,80,3,datacopy/UCSB/d1217261785bd95d7e2f138f646fb67e71dab5e7.bin,"[9, 2105, 3, 2161, 40, 1, 1, 1699, 1, 9, 1, 368, 1939, 38, 414, 250, 30, 36, 294, 306, 286, 2, 69, 426, 137, 30, 90, 24, 12, 1]"
1569,b4c2f70818618712aa40c3f8cc245ac00cc0e59b.bin,80,1740,datacopy/UCSB/b4c2f70818618712aa40c3f8cc245ac00cc0e59b.bin,"[9, 2105, 3, 2161, 40, 1, 1, 1699, 1, 9, 1, 368, 1939, 38, 414, 250, 30, 36, 294, 306, 286, 2, 69, 426, 137, 30, 90, 24, 12, 1]"
1570,e89ba284581199b9584dbfc152a72e01d53b5996.bin,80,1582,datacopy/UCSB/e89ba284581199b9584dbfc152a72e01d53b5996.bin,"[9, 2105, 3, 2161, 40, 1, 1, 1699, 1, 9, 1, 368, 1939, 38, 414, 250, 30, 36, 294, 306, 286, 2, 69, 426, 137, 30, 90, 24, 12, 1]"
1571,de8bf0435de80818ee44b30b5ca0353040c43ed3.bin,80,3,datacopy/UCSB/de8bf0435de80818ee44b30b5ca0353040c43ed3.bin,"[9, 2105, 3, 2161, 40, 1, 1, 1699, 1, 9, 1, 368, 1939, 38, 414, 250, 30, 36, 294, 306, 286, 2, 69, 426, 137, 30, 90, 24, 12, 1]"
1572,0bdd4d59d3c6fa5ac849b55d5567fad176803686.bin,80,109,datacopy/UCSB/0bdd4d59d3c6fa5ac849b55d5567fad176803686.bin,"[9, 2105, 3, 2161, 40, 1, 1, 1699, 1, 9, 1, 368, 1939, 38, 414, 250, 30, 36, 294, 306, 286, 2, 69, 426, 137, 30, 90, 24, 12, 1]"
1573,3bb0be2fc7a8205d89dfd6a8ce6871ff021ba420.bin,80,1939,datacopy/UCSB/3bb0be2fc7a8205d89dfd6a8ce6871ff021ba420.bin,"[9, 2105, 3, 2161, 40, 1, 1, 1699, 1, 9, 1, 368, 1939, 38, 414, 250, 30, 36, 294, 306, 286, 2, 69, 426, 137, 30, 90, 24, 12, 1]"
1574,d87331f3f8cd63607390cf92df3c28c468c4b4eb.bin,80,3,datacopy/UCSB/d87331f3f8cd63607390cf92df3c28c468c4b4eb.bin,"[9, 2105, 3, 2161, 40, 1, 1, 1699, 1, 9, 1, 368, 1939, 38, 414, 250, 30, 36, 294, 306, 286, 2, 69, 426, 137, 30, 90, 24, 12, 1]"
1575,c3bed3f12e2a422501e3e46ac176a4b214b1f991.bin,80,1740,datacopy/UCSB/c3bed3f12e2a422501e3e46ac176a4b214b1f991.bin,"[9, 2105, 3, 2161, 40, 1, 1, 1699, 1, 9, 1, 368, 1939, 38, 414, 250, 30, 36, 294, 306, 286, 2, 69, 426, 137, 30, 90, 24, 12, 1]"
1576,18340dff21448267b42e9c7685432d85b481b28c.bin,80,16,datacopy/UCSB/18340dff21448267b42e9c7685432d85b481b28c.bin,"[9, 2105, 3, 2161, 40, 1, 1, 1699, 1, 9, 1, 368, 1939, 38, 414, 250, 30, 36, 294, 306, 286, 2, 69, 426, 137, 30, 90, 24, 12, 1]"
1577,Comprovante_depo.scaniado20541254.5614561568794531213184.8456154444.541578741.5451554445.exe,80,9,datacopy/BB/Files/2013-04-12/Comprovante_depo.scaniado20541254.5614561568794531213184.8456154444.541578741.5451554445.exe,"[9, 2105, 3, 2161, 40, 1, 1, 1699, 1, 9, 1, 368, 1939, 38, 414, 250, 30, 36, 294, 306, 286, 2, 69, 426, 137, 30, 90, 24, 12, 1]"
1578,limpo.exe,80,3,datacopy/BB/Files/2013-04-08/limpo.exe,"[9, 2105, 3, 2161, 40, 1, 1, 1699, 1, 9, 1, 368, 1939, 38, 414, 250, 30, 36, 294, 306, 286, 2, 69, 426, 137, 30, 90, 24, 12, 1]"
1579,NF-e-0049375.exe,80,250,datacopy/BB/Files/2014-01-15/NF-e-0049375.exe,"[9, 2105, 3, 2161, 40, 1, 1, 1699, 1, 9, 1, 368, 1939, 38, 414, 250, 30, 36, 294, 306, 286, 2, 69, 426, 137, 30, 90, 24, 12, 1]"
1580,FlashPlayer_x86.1.0.2.exe,80,64,datacopy/BB/Files/2013-09-23/FlashPlayer_x86.1.0.2.exe,"[9, 2105, 3, 2161, 40, 1, 1, 1699, 1, 9, 1, 368, 1939, 38, 414, 250, 30, 36, 294, 306, 286, 2, 69, 426, 137, 30, 90, 24, 12, 1]"
1581,Curriculo.docx.exe,80,92,datacopy/BB/Files/2015-06-25/Curriculo.docx.exe,"[9, 2105, 3, 2161, 40, 1, 1, 1699, 1, 9, 1, 368, 1939, 38, 414, 250, 30, 36, 294, 306, 286, 2, 69, 426, 137, 30, 90, 24, 12, 1]"
1582,G_NUDE_1241251235125123123.exe,80,294,datacopy/BB/Files/2012-07-02/G_NUDE_1241251235125123123.exe,"[9, 2105, 3, 2161, 40, 1, 1, 1699, 1, 9, 1, 368, 1939, 38, 414, 250, 30, 36, 294, 306, 286, 2, 69, 426, 137, 30, 90, 24, 12, 1]"
1583,xD1LJiA3TGVKxGJEDTMBQkIpA_dl_1.exe,80,306,datacopy/BB/Files/2013-03-22/xD1LJiA3TGVKxGJEDTMBQkIpA_dl_1.exe,"[9, 2105, 3, 2161, 40, 1, 1, 1699, 1, 9, 1, 368, 1939, 38, 414, 250, 30, 36, 294, 306, 286, 2, 69, 426, 137, 30, 90, 24, 12, 1]"
1584,DebitoEletronico.exe,80,38,datacopy/BB/Files/2013-07-16/DebitoEletronico.exe,"[9, 2105, 3, 2161, 40, 1, 1, 1699, 1, 9, 1, 368, 1939, 38, 414, 250, 30, 36, 294, 306, 286, 2, 69, 426, 137, 30, 90, 24, 12, 1]"
1585,Submarino-NF.exe,80,2,datacopy/BB/Files/2013-12-13/Submarino-NF.exe,"[9, 2105, 3, 2161, 40, 1, 1, 1699, 1, 9, 1, 368, 1939, 38, 414, 250, 30, 36, 294, 306, 286, 2, 69, 426, 137, 30, 90, 24, 12, 1]"
1586,Dep99405940.exe,80,38,datacopy/BB/Files/2013-08-19/Dep99405940.exe,"[9, 2105, 3, 2161, 40, 1, 1, 1699, 1, 9, 1, 368, 1939, 38, 414, 250, 30, 36, 294, 306, 286, 2, 69, 426, 137, 30, 90, 24, 12, 1]"
1587,IMG00540500087889600.exe,80,3,datacopy/BB/Files/2013-08-19/IMG00540500087889600.exe,"[9, 2105, 3, 2161, 40, 1, 1, 1699, 1, 9, 1, 368, 1939, 38, 414, 250, 30, 36, 294, 306, 286, 2, 69, 426, 137, 30, 90, 24, 12, 1]"
1588,avcheck2.exe,80,3,datacopy/BB/Files/2013-11-14/avcheck2.exe,"[9, 2105, 3, 2161, 40, 1, 1, 1699, 1, 9, 1, 368, 1939, 38, 414, 250, 30, 36, 294, 306, 286, 2, 69, 426, 137, 30, 90, 24, 12, 1]"
1589,dados_orcamento.exe,80,118,datacopy/BB/Files/2015-06-16/dados_orcamento.exe,"[9, 2105, 3, 2161, 40, 1, 1, 1699, 1, 9, 1, 368, 1939, 38, 414, 250, 30, 36, 294, 306, 286, 2, 69, 426, 137, 30, 90, 24, 12, 1]"
1590,Comprovante7865875.pdf.exe,80,3,datacopy/BB/Files/2015-04-14/Comprovante7865875.pdf.exe,"[9, 2105, 3, 2161, 40, 1, 1, 1699, 1, 9, 1, 368, 1939, 38, 414, 250, 30, 36, 294, 306, 286, 2, 69, 426, 137, 30, 90, 24, 12, 1]"
1591,Fatura0214541202.exe,80,9,datacopy/BB/Files/2013-05-09/Fatura0214541202.exe,"[9, 2105, 3, 2161, 40, 1, 1, 1699, 1, 9, 1, 368, 1939, 38, 414, 250, 30, 36, 294, 306, 286, 2, 69, 426, 137, 30, 90, 24, 12, 1]"
1592,Copia_Comprovante_PDF.exe,80,3,datacopy/BB/Files/2014-03-19/Copia_Comprovante_PDF.exe,"[9, 2105, 3, 2161, 40, 1, 1, 1699, 1, 9, 1, 368, 1939, 38, 414, 250, 30, 36, 294, 306, 286, 2, 69, 426, 137, 30, 90, 24, 12, 1]"
1593,svcchan.exe,80,3,datacopy/BB/Files/2012-07-04/svcchan.exe,"[9, 2105, 3, 2161, 40, 1, 1, 1699, 1, 9, 1, 368, 1939, 38, 414, 250, 30, 36, 294, 306, 286, 2, 69, 426, 137, 30, 90, 24, 12, 1]"
1594,E_Ticket_SorteadoFIFA_2014.exe,80,9,datacopy/BB/Files/2013-11-06/E_Ticket_SorteadoFIFA_2014.exe,"[9, 2105, 3, 2161, 40, 1, 1, 1699, 1, 9, 1, 368, 1939, 38, 414, 250, 30, 36, 294, 306, 286, 2, 69, 426, 137, 30, 90, 24, 12, 1]"
1595,a_00201316.exe_download_psid_1.exe,80,64,datacopy/BB/Files/2013-09-18/a_00201316.exe_download_psid_1.exe,"[9, 2105, 3, 2161, 40, 1, 1, 1699, 1, 9, 1, 368, 1939, 38, 414, 250, 30, 36, 294, 306, 286, 2, 69, 426, 137, 30, 90, 24, 12, 1]"
1596,Foto.exe_ID3847287384972PROTECT.exe,80,9,datacopy/BB/Files/2013-09-09/Foto.exe_ID3847287384972PROTECT.exe,"[9, 2105, 3, 2161, 40, 1, 1, 1699, 1, 9, 1, 368, 1939, 38, 414, 250, 30, 36, 294, 306, 286, 2, 69, 426, 137, 30, 90, 24, 12, 1]"
1597,AdobeFlash11.exe,80,9,datacopy/BB/Files/2013-05-15/AdobeFlash11.exe,"[9, 2105, 3, 2161, 40, 1, 1, 1699, 1, 9, 1, 368, 1939, 38, 414, 250, 30, 36, 294, 306, 286, 2, 69, 426, 137, 30, 90, 24, 12, 1]"
1598,Comprovante_Deposito_49592.exe,80,426,datacopy/BB/Files/2013-05-15/Comprovante_Deposito_49592.exe,"[9, 2105, 3, 2161, 40, 1, 1, 1699, 1, 9, 1, 368, 1939, 38, 414, 250, 30, 36, 294, 306, 286, 2, 69, 426, 137, 30, 90, 24, 12, 1]"
1599,Get_Adobe_flash_Player11.EXE,80,9,datacopy/BB/Files/2013-04-30/Get_Adobe_flash_Player11.EXE,"[9, 2105, 3, 2161, 40, 1, 1, 1699, 1, 9, 1, 368, 1939, 38, 414, 250, 30, 36, 294, 306, 286, 2, 69, 426, 137, 30, 90, 24, 12, 1]"
1600,020_655487_directDownload_true.exe,80,3,datacopy/BB/Files/2013-09-16/020_655487_directDownload_true.exe,"[9, 2105, 3, 2161, 40, 1, 1, 1699, 1, 9, 1, 368, 1939, 38, 414, 250, 30, 36, 294, 306, 286, 2, 69, 426, 137, 30, 90, 24, 12, 1]"
1601,impressao.exe,80,38,datacopy/BB/Files/2013-10-23/impressao.exe,"[9, 2105, 3, 2161, 40, 1, 1, 1699, 1, 9, 1, 368, 1939, 38, 414, 250, 30, 36, 294, 306, 286, 2, 69, 426, 137, 30, 90, 24, 12, 1]"
1602,Comprovante_28052013.com,80,3,datacopy/BB/Files/2013-05-31/Comprovante_28052013.com,"[9, 2105, 3, 2161, 40, 1, 1, 1699, 1, 9, 1, 368, 1939, 38, 414, 250, 30, 36, 294, 306, 286, 2, 69, 426, 137, 30, 90, 24, 12, 1]"
1603,tERmAufF7POTFZ7ejybyC2pVw_dl_1.exe,80,3,datacopy/BB/Files/2013-05-07/tERmAufF7POTFZ7ejybyC2pVw_dl_1.exe,"[9, 2105, 3, 2161, 40, 1, 1, 1699, 1, 9, 1, 368, 1939, 38, 414, 250, 30, 36, 294, 306, 286, 2, 69, 426, 137, 30, 90, 24, 12, 1]"
1604,Player_MixFM.exe,80,9,datacopy/BB/Files/2013-05-07/Player_MixFM.exe,"[9, 2105, 3, 2161, 40, 1, 1, 1699, 1, 9, 1, 368, 1939, 38, 414, 250, 30, 36, 294, 306, 286, 2, 69, 426, 137, 30, 90, 24, 12, 1]"
1605,DSC023.exe,80,9,datacopy/BB/Files/2013-06-05/DSC023.exe,"[9, 2105, 3, 2161, 40, 1, 1, 1699, 1, 9, 1, 368, 1939, 38, 414, 250, 30, 36, 294, 306, 286, 2, 69, 426, 137, 30, 90, 24, 12, 1]"
1606,03u9rrdlv.exe,80,4,datacopy/BB/Files/2013-11-13/03u9rrdlv.exe,"[9, 2105, 3, 2161, 40, 1, 1, 1699, 1, 9, 1, 368, 1939, 38, 414, 250, 30, 36, 294, 306, 286, 2, 69, 426, 137, 30, 90, 24, 12, 1]"
1607,Serasa_Pendencias.exe_dl_1.exe,80,3,datacopy/BB/Files/2013-04-02/Serasa_Pendencias.exe_dl_1.exe,"[9, 2105, 3, 2161, 40, 1, 1, 1699, 1, 9, 1, 368, 1939, 38, 414, 250, 30, 36, 294, 306, 286, 2, 69, 426, 137, 30, 90, 24, 12, 1]"
1608,AHdxDi.exe,80,3,datacopy/BB/Files/2015-11-24/AHdxDi.exe,"[9, 2105, 3, 2161, 40, 1, 1, 1699, 1, 9, 1, 368, 1939, 38, 414, 250, 30, 36, 294, 306, 286, 2, 69, 426, 137, 30, 90, 24, 12, 1]"
1609,pendencia102941.com,80,3,datacopy/BB/Files/2013-05-10/pendencia102941.com,"[9, 2105, 3, 2161, 40, 1, 1, 1699, 1, 9, 1, 368, 1939, 38, 414, 250, 30, 36, 294, 306, 286, 2, 69, 426, 137, 30, 90, 24, 12, 1]"
1610,0BFQSZoo5YL3FdzFw1FhyJgfw_dl_1.exe,80,3,datacopy/BB/Files/2013-05-10/0BFQSZoo5YL3FdzFw1FhyJgfw_dl_1.exe,"[9, 2105, 3, 2161, 40, 1, 1, 1699, 1, 9, 1, 368, 1939, 38, 414, 250, 30, 36, 294, 306, 286, 2, 69, 426, 137, 30, 90, 24, 12, 1]"
1611,CTIonline_102013.exe,80,64,datacopy/BB/Files/2013-10-17/CTIonline_102013.exe,"[9, 2105, 3, 2161, 40, 1, 1, 1699, 1, 9, 1, 368, 1939, 38, 414, 250, 30, 36, 294, 306, 286, 2, 69, 426, 137, 30, 90, 24, 12, 1]"
1612,RELAT_SPC.exe,80,9,datacopy/BB/Files/2013-06-25/RELAT_SPC.exe,"[9, 2105, 3, 2161, 40, 1, 1, 1699, 1, 9, 1, 368, 1939, 38, 414, 250, 30, 36, 294, 306, 286, 2, 69, 426, 137, 30, 90, 24, 12, 1]"
1613,IP_880_SERASA.com,80,9,datacopy/BB/Files/2013-10-18/IP_880_SERASA.com,"[9, 2105, 3, 2161, 40, 1, 1, 1699, 1, 9, 1, 368, 1939, 38, 414, 250, 30, 36, 294, 306, 286, 2, 69, 426, 137, 30, 90, 24, 12, 1]"
1614,motivo22.exe,80,3,datacopy/BB/Files/2015-12-15/motivo22.exe,"[9, 2105, 3, 2161, 40, 1, 1, 1699, 1, 9, 1, 368, 1939, 38, 414, 250, 30, 36, 294, 306, 286, 2, 69, 426, 137, 30, 90, 24, 12, 1]"
1615,E_Ticket_Copa_do_Mundo_Cod2210201.exe,80,38,datacopy/BB/Files/2013-09-17/E_Ticket_Copa_do_Mundo_Cod2210201.exe,"[9, 2105, 3, 2161, 40, 1, 1, 1699, 1, 9, 1, 368, 1939, 38, 414, 250, 30, 36, 294, 306, 286, 2, 69, 426, 137, 30, 90, 24, 12, 1]"
1616,Youtube_2013_filmagem.exe,80,2,datacopy/BB/Files/2013-04-15/Youtube_2013_filmagem.exe,"[9, 2105, 3, 2161, 40, 1, 1, 1699, 1, 9, 1, 368, 1939, 38, 414, 250, 30, 36, 294, 306, 286, 2, 69, 426, 137, 30, 90, 24, 12, 1]"
1617,osmax.exe,80,3,datacopy/BB/Files/2014-08-14/osmax.exe,"[9, 2105, 3, 2161, 40, 1, 1, 1699, 1, 9, 1, 368, 1939, 38, 414, 250, 30, 36, 294, 306, 286, 2, 69, 426, 137, 30, 90, 24, 12, 1]"
1618,FlashPlayer_v2.exe,80,9,datacopy/BB/Files/2013-07-15/FlashPlayer_v2.exe,"[9, 2105, 3, 2161, 40, 1, 1, 1699, 1, 9, 1, 368, 1939, 38, 414, 250, 30, 36, 294, 306, 286, 2, 69, 426, 137, 30, 90, 24, 12, 1]"
1619,ZFwWSJ35QCY4PcA7UMUesQCvw_dl_1.exe,80,30,datacopy/BB/Files/2013-05-08/ZFwWSJ35QCY4PcA7UMUesQCvw_dl_1.exe,"[9, 2105, 3, 2161, 40, 1, 1, 1699, 1, 9, 1, 368, 1939, 38, 414, 250, 30, 36, 294, 306, 286, 2, 69, 426, 137, 30, 90, 24, 12, 1]"
1620,Serasa-Reports-2013.com,80,9,datacopy/BB/Files/2013-07-02/Serasa-Reports-2013.com,"[9, 2105, 3, 2161, 40, 1, 1, 1699, 1, 9, 1, 368, 1939, 38, 414, 250, 30, 36, 294, 306, 286, 2, 69, 426, 137, 30, 90, 24, 12, 1]"
1621,pwsys32.exe,80,3,datacopy/BB/Files/2013-11-18/pwsys32.exe,"[9, 2105, 3, 2161, 40, 1, 1, 1699, 1, 9, 1, 368, 1939, 38, 414, 250, 30, 36, 294, 306, 286, 2, 69, 426, 137, 30, 90, 24, 12, 1]"
1622,Multas_Online102013.exe,80,113,datacopy/BB/Files/2013-10-10/Multas_Online102013.exe,"[9, 2105, 3, 2161, 40, 1, 1, 1699, 1, 9, 1, 368, 1939, 38, 414, 250, 30, 36, 294, 306, 286, 2, 69, 426, 137, 30, 90, 24, 12, 1]"
1623,cade.exe,80,161,datacopy/BB/Files/2015-10-21/cade.exe,"[9, 2105, 3, 2161, 40, 1, 1, 1699, 1, 9, 1, 368, 1939, 38, 414, 250, 30, 36, 294, 306, 286, 2, 69, 426, 137, 30, 90, 24, 12, 1]"
1624,Visualizar_SerasaOnline102151.exe,80,212,datacopy/BB/Files/2013-12-09/Visualizar_SerasaOnline102151.exe,"[9, 2105, 3, 2161, 40, 1, 1, 1699, 1, 9, 1, 368, 1939, 38, 414, 250, 30, 36, 294, 306, 286, 2, 69, 426, 137, 30, 90, 24, 12, 1]"
1625,java_update_5.1.43.exe,80,3,datacopy/BB/Files/2013-05-03/java_update_5.1.43.exe,"[9, 2105, 3, 2161, 40, 1, 1, 1699, 1, 9, 1, 368, 1939, 38, 414, 250, 30, 36, 294, 306, 286, 2, 69, 426, 137, 30, 90, 24, 12, 1]"
1626,Boleto20130804.exe,80,9,datacopy/BB/Files/2013-04-10/Boleto20130804.exe,"[9, 2105, 3, 2161, 40, 1, 1, 1699, 1, 9, 1, 368, 1939, 38, 414, 250, 30, 36, 294, 306, 286, 2, 69, 426, 137, 30, 90, 24, 12, 1]"
1627,3_06641145_directDownload_true.exe,80,250,datacopy/BB/Files/2013-12-23/3_06641145_directDownload_true.exe,"[9, 2105, 3, 2161, 40, 1, 1, 1699, 1, 9, 1, 368, 1939, 38, 414, 250, 30, 36, 294, 306, 286, 2, 69, 426, 137, 30, 90, 24, 12, 1]"
1628,1020_91027_directDownload_true.exe,80,3,datacopy/BB/Files/2013-08-30/1020_91027_directDownload_true.exe,"[9, 2105, 3, 2161, 40, 1, 1, 1699, 1, 9, 1, 368, 1939, 38, 414, 250, 30, 36, 294, 306, 286, 2, 69, 426, 137, 30, 90, 24, 12, 1]"
1629,visualizar_boleto.php.exe,80,3,datacopy/BB/Files/2013-04-01/visualizar_boleto.php.exe,"[9, 2105, 3, 2161, 40, 1, 1, 1699, 1, 9, 1, 368, 1939, 38, 414, 250, 30, 36, 294, 306, 286, 2, 69, 426, 137, 30, 90, 24, 12, 1]"
1630,3900.4719.780.exe,80,715,datacopy/BB/Files/2013-09-25/3900.4719.780.exe,"[9, 2105, 3, 2161, 40, 1, 1, 1699, 1, 9, 1, 368, 1939, 38, 414, 250, 30, 36, 294, 306, 286, 2, 69, 426, 137, 30, 90, 24, 12, 1]"
1631,91188_pdf.exe,80,9,datacopy/BB/Files/2013-09-25/91188_pdf.exe,"[9, 2105, 3, 2161, 40, 1, 1, 1699, 1, 9, 1, 368, 1939, 38, 414, 250, 30, 36, 294, 306, 286, 2, 69, 426, 137, 30, 90, 24, 12, 1]"
1632,94d401682818c9df90c653fb51912c382c73727f.bin,81,1183,datacopy/UCSB.JP/data_feed.geo_japan_6m_public_flag/9/4/d/94d401682818c9df90c653fb51912c382c73727f.bin,[2]
1633,4ea163a8e2ccc842013a1e981ee49035e5a99e52e6065dee3169af36596a7993,81,1183,datacopy/Stefano/4ea163a8e2ccc842013a1e981ee49035e5a99e52e6065dee3169af36596a7993,[2]
1634,0aa1d76b5796122915e8acaa06a8b982c5c5e05a0d1f27691e5f88f6fd50764e,81,1183,datacopy/Stefano/0aa1d76b5796122915e8acaa06a8b982c5c5e05a0d1f27691e5f88f6fd50764e,[2]
1635,0ec6eb99b294ed973590d0f143d3b79da42d826375026e39e117b2e6937f67ef,81,1183,datacopy/Stefano/0ec6eb99b294ed973590d0f143d3b79da42d826375026e39e117b2e6937f67ef,[2]
1636,c4a59ab918d32d6892db2239f9f64c0e01c171d6b2da90eaedb54b807944263d,81,1183,datacopy/Stefano/c4a59ab918d32d6892db2239f9f64c0e01c171d6b2da90eaedb54b807944263d,[2]
1637,239bf9c6ea35ab3df07b6dafbdfa6db69343de87b02774db7ff618ecb83864b0,81,1183,datacopy/Stefano/239bf9c6ea35ab3df07b6dafbdfa6db69343de87b02774db7ff618ecb83864b0,[2]
1638,3a25971abfad83f7daf3af5c73a1f1bfd97153f4ea889af774c233bdfad5cf81,81,1183,datacopy/Stefano/3a25971abfad83f7daf3af5c73a1f1bfd97153f4ea889af774c233bdfad5cf81,[2]
1639,be2849874eca791217bae2b96b52bdfc7d3774e4ea8afdd9036b11c02073df90,81,1183,datacopy/Stefano/be2849874eca791217bae2b96b52bdfc7d3774e4ea8afdd9036b11c02073df90,[2]
1640,b12aabe48d81015707e91a96d3d937c295f9871fda63fc590f408cace0003001,81,1183,datacopy/Stefano/b12aabe48d81015707e91a96d3d937c295f9871fda63fc590f408cace0003001,[2]
1641,ff0a6e2ea703530547aa9eb3d378d46991e96f5d63ca8494459f92218d22b089,81,1183,datacopy/Stefano/ff0a6e2ea703530547aa9eb3d378d46991e96f5d63ca8494459f92218d22b089,[2]
1642,d38d442bc93514e328ab74a623577064cc66c323.bin,88,1258,datacopy/UCSB.JP/data_feed.geo_japan_6m_public_flag/d/3/8/d38d442bc93514e328ab74a623577064cc66c323.bin,[10]
1643,c73e5b3737b6f40a32f2afb7c8760ffdd8dea85f.bin,88,1258,datacopy/UCSB.JP/data_feed.geo_japan_6m_public_flag/c/7/3/c73e5b3737b6f40a32f2afb7c8760ffdd8dea85f.bin,[10]
1644,442c290b74b4a1b7330519fa6028be2f124913ba.bin,88,1258,datacopy/UCSB.JP/data_feed.geo_japan_6m_public_flag/4/4/2/442c290b74b4a1b7330519fa6028be2f124913ba.bin,[10]
1645,6393f2e26951bce9b49410168c82ae7007c776ec.bin,88,1258,datacopy/UCSB.JP/data_feed.geo_japan_6m_public_flag/6/3/9/6393f2e26951bce9b49410168c82ae7007c776ec.bin,[10]
1646,5f3902f54c576e6a0fc45f2efb5e108c10db1763.bin,88,1258,datacopy/UCSB/5f3902f54c576e6a0fc45f2efb5e108c10db1763.bin,[10]
1647,476cc12e6454b66a379939a73a42eb53f3480e8a.bin,88,1258,datacopy/UCSB/476cc12e6454b66a379939a73a42eb53f3480e8a.bin,[10]
1648,ca2487848e8927750cdc9028023979b940211a54.bin,88,1258,datacopy/UCSB/ca2487848e8927750cdc9028023979b940211a54.bin,[10]
1649,1d984c0bd89f9e3c6cd04ead691cc547cd686ba7.bin,88,1258,datacopy/UCSB/1d984c0bd89f9e3c6cd04ead691cc547cd686ba7.bin,[10]
1650,383933a9064354b2c19dee012bf32dc4e66b5c64.bin,88,1258,datacopy/UCSB/383933a9064354b2c19dee012bf32dc4e66b5c64.bin,[10]
1651,9adf27945bb8d53183b73605ff0d5031ef3477db.bin,88,1258,datacopy/UCSB/9adf27945bb8d53183b73605ff0d5031ef3477db.bin,[10]
1652,9e31f0997bab2f1aa6ffcc39c3fe7efad88a1f21.bin,88,1258,datacopy/UCSB/9e31f0997bab2f1aa6ffcc39c3fe7efad88a1f21.bin,[10]
1653,2fde06402f8d338bb3076a9f0813a343089471da.bin,88,1258,datacopy/UCSB/2fde06402f8d338bb3076a9f0813a343089471da.bin,[10]
1654,ed06e3a52a86336f0dd1de7aeb16bfdbba243295.bin,88,1258,datacopy/UCSB/ed06e3a52a86336f0dd1de7aeb16bfdbba243295.bin,[10]
1655,ddb0cc4f46bd8624156d47f4b5939c601a822990.bin,88,1258,datacopy/UCSB/ddb0cc4f46bd8624156d47f4b5939c601a822990.bin,[10]
1656,af1d144ae3633dd9a0a7ee7e3de447b0c285cd1c.bin,88,1258,datacopy/UCSB/af1d144ae3633dd9a0a7ee7e3de447b0c285cd1c.bin,[10]
1657,9ccd1fef00767ea22f39dd6530d30008ed8a2cc7.bin,88,1258,datacopy/UCSB/9ccd1fef00767ea22f39dd6530d30008ed8a2cc7.bin,[10]
1658,0989fb6d8a6301987c2b675f49548e71b8aa6154.bin,88,1258,datacopy/UCSB/0989fb6d8a6301987c2b675f49548e71b8aa6154.bin,[10]
1659,6bb7c3e3293c3ab6695e18c3ac4a835e13a6821e.bin,88,1258,datacopy/UCSB/6bb7c3e3293c3ab6695e18c3ac4a835e13a6821e.bin,[10]
1660,a5b0a2c265f2550e48a39b8b9bc44031e8afbc99.bin,88,1258,datacopy/UCSB/a5b0a2c265f2550e48a39b8b9bc44031e8afbc99.bin,[10]
1661,36a7651186302fb18656a6d0f4c23dd262d56760.bin,88,1258,datacopy/UCSB/36a7651186302fb18656a6d0f4c23dd262d56760.bin,[10]
1662,19419450cfd4b1d9da21b774025d90e5a818763b.bin,88,1258,datacopy/UCSB/19419450cfd4b1d9da21b774025d90e5a818763b.bin,[10]
1663,b6ed0496424991c41fda8bfd9d503ebb220ebe83.bin,88,1258,datacopy/UCSB/b6ed0496424991c41fda8bfd9d503ebb220ebe83.bin,[10]
1664,87b25b7c7c4a57ac309354f5de6fd07a7024d19a.bin,88,1258,datacopy/UCSB/87b25b7c7c4a57ac309354f5de6fd07a7024d19a.bin,[10]
1665,42c966aa7753aaf139bc204fea7e77129c7f6449.bin,88,1258,datacopy/UCSB/42c966aa7753aaf139bc204fea7e77129c7f6449.bin,[10]
1666,9bbaf954d68d95596546f35ec19594308edf214f.bin,88,1258,datacopy/UCSB/9bbaf954d68d95596546f35ec19594308edf214f.bin,[10]
1667,1e0b56badb138bc4a4d58cdb392374dab970c820.bin,88,1258,datacopy/UCSB/1e0b56badb138bc4a4d58cdb392374dab970c820.bin,[10]
1668,6c4560667a254a6694b031cc8f0d303aaf1a70ee.bin,88,1258,datacopy/UCSB/6c4560667a254a6694b031cc8f0d303aaf1a70ee.bin,[10]
1669,cfe2a18bf1033864d763ed7b7e077e42ad430727.bin,88,1258,datacopy/UCSB/cfe2a18bf1033864d763ed7b7e077e42ad430727.bin,[10]
1670,ad4be6ba993afd2560be31c082bf49e407fc82a7.bin,88,1258,datacopy/UCSB/ad4be6ba993afd2560be31c082bf49e407fc82a7.bin,[10]
1671,1f72168815b6b5112d40a3c6507ada12e0ea798f.bin,88,1258,datacopy/UCSB/1f72168815b6b5112d40a3c6507ada12e0ea798f.bin,[10]
1672,32648cb5385c9cf76483a88cc161acf5ac1dfd5d.bin,88,1258,datacopy/UCSB/32648cb5385c9cf76483a88cc161acf5ac1dfd5d.bin,[10]
1673,45fc24118de736fa1c21bc2b4edfaa391026548b.bin,88,1258,datacopy/UCSB/45fc24118de736fa1c21bc2b4edfaa391026548b.bin,[10]
1674,fcce9688ccbb7fd5a1debc4c863c5eb8df811054.bin,88,1258,datacopy/UCSB/fcce9688ccbb7fd5a1debc4c863c5eb8df811054.bin,[10]
1675,06453b29ae2160aa702d8c4136ab1398585a4797.bin,88,1258,datacopy/UCSB/06453b29ae2160aa702d8c4136ab1398585a4797.bin,[10]
1676,05fe8841f0b0dde7c785b96fc0ed3256e7c93548.bin,88,1258,datacopy/UCSB/05fe8841f0b0dde7c785b96fc0ed3256e7c93548.bin,[10]
1677,e493d7e4de1a3294ce77170d38a1f340aad369bd.bin,88,1258,datacopy/UCSB/e493d7e4de1a3294ce77170d38a1f340aad369bd.bin,[10]
1678,9aad1a7a2bc34b75c872773d0720d7d891f64737.bin,88,1258,datacopy/UCSB/9aad1a7a2bc34b75c872773d0720d7d891f64737.bin,[10]
1679,5dd30af8263724ab58930bc82939c1c96ffe46a6.bin,88,1258,datacopy/UCSB/5dd30af8263724ab58930bc82939c1c96ffe46a6.bin,[10]
1680,989c068f34ff7546e9157d5a8a2f9159a400d147.bin,88,1258,datacopy/UCSB/989c068f34ff7546e9157d5a8a2f9159a400d147.bin,[10]
1681,4e98fdff10922198a66b0067fc67de5c11757204.bin,88,1258,datacopy/UCSB/4e98fdff10922198a66b0067fc67de5c11757204.bin,[10]
1682,60c04f0f11ccd9aa32a3c9958243f1db75ea7987.bin,88,1258,datacopy/UCSB/60c04f0f11ccd9aa32a3c9958243f1db75ea7987.bin,[10]
1683,d8808ce94a8358e5b29ea38eae79a4a865eb5675.bin,88,1258,datacopy/UCSB/d8808ce94a8358e5b29ea38eae79a4a865eb5675.bin,[10]
1684,aa8dc4de8a293e594553390a2c1f7af79415809d.bin,88,1258,datacopy/UCSB/aa8dc4de8a293e594553390a2c1f7af79415809d.bin,[10]
1685,0633866e5a95c263dbf19f047d49c2035dd28d0f.bin,88,1258,datacopy/UCSB/0633866e5a95c263dbf19f047d49c2035dd28d0f.bin,[10]
1686,4c2be079edd53298801cc7314c461443ece1bd2a.bin,88,1258,datacopy/UCSB/4c2be079edd53298801cc7314c461443ece1bd2a.bin,[10]
1687,22be46b14594f2dced292b10d700f3e86b4862a1.bin,88,1258,datacopy/UCSB/22be46b14594f2dced292b10d700f3e86b4862a1.bin,[10]
1688,c97fb5f15179b84d28809ff1e15b126501a33f7e.bin,88,1258,datacopy/UCSB/c97fb5f15179b84d28809ff1e15b126501a33f7e.bin,[10]
1689,d8d06745c26e818d66930e55de4615c2040362ef.bin,88,1258,datacopy/UCSB/d8d06745c26e818d66930e55de4615c2040362ef.bin,[10]
1690,3eb9fe8ee50f7dcac3ea872d3c744e379165802b.bin,88,1258,datacopy/UCSB/3eb9fe8ee50f7dcac3ea872d3c744e379165802b.bin,[10]
1691,b1d821e0b35f8555e3616a1db3b85cbcb0da5be4.bin,88,1258,datacopy/UCSB/b1d821e0b35f8555e3616a1db3b85cbcb0da5be4.bin,[10]
1692,34294b4a1538f82b23e15f549cf6fafa43690de5.bin,88,1258,datacopy/UCSB/34294b4a1538f82b23e15f549cf6fafa43690de5.bin,[10]
1693,9af99dbdecbb3e5e01ea845aa23e9488b0ca8fca.bin,88,1258,datacopy/UCSB/9af99dbdecbb3e5e01ea845aa23e9488b0ca8fca.bin,[10]
1694,9d7e7f686c6e9193dae7179387e6b9502caa731e.bin,88,1258,datacopy/UCSB/9d7e7f686c6e9193dae7179387e6b9502caa731e.bin,[10]
1695,a1b05ade35483c12beb7302e28f91657dc71ed3a.bin,88,1258,datacopy/UCSB/a1b05ade35483c12beb7302e28f91657dc71ed3a.bin,[10]
1696,543a064f87043586ef8f82041044653cfa7a007d.bin,88,1258,datacopy/UCSB/543a064f87043586ef8f82041044653cfa7a007d.bin,[10]
1697,11de17110a1f5e9f44985d733d0a490baceedfcbe1bbe61ee4ab6a20f9ea34e3,88,1258,datacopy/Stefano/11de17110a1f5e9f44985d733d0a490baceedfcbe1bbe61ee4ab6a20f9ea34e3,[10]
1698,df0ab1fae3a22eb65dd7aa2dcbb130d3ef6604cf111a8d1754c0d45870c9b90c,88,1258,datacopy/Stefano/df0ab1fae3a22eb65dd7aa2dcbb130d3ef6604cf111a8d1754c0d45870c9b90c,[10]
1699,5ab6585b137e70004448397ea877918b8c13ed0929e718f02f302f593f80a1d4,88,1258,datacopy/Stefano/5ab6585b137e70004448397ea877918b8c13ed0929e718f02f302f593f80a1d4,[10]
1700,2132100289dd738fc0cb44aaeeb2955d73efda3b1072996f7127a079c161fc80,88,1258,datacopy/Stefano/2132100289dd738fc0cb44aaeeb2955d73efda3b1072996f7127a079c161fc80,[10]
1701,e5f53f610ca7efdb335ce0b24caed0c515ca51129ddbec52602c0c6728b61dc0,88,1258,datacopy/Stefano/e5f53f610ca7efdb335ce0b24caed0c515ca51129ddbec52602c0c6728b61dc0,[10]
1702,81d7c2a36826d21ae19edb370dd6cdb6de1a92f34d7321309a5a1633253b09c5,88,1258,datacopy/Stefano/81d7c2a36826d21ae19edb370dd6cdb6de1a92f34d7321309a5a1633253b09c5,[10]
1703,45000a33f0901a070c2caca3d5a1f1de76fcf8911c723ef9c5ee35bc684f849f,88,1258,datacopy/Stefano/45000a33f0901a070c2caca3d5a1f1de76fcf8911c723ef9c5ee35bc684f849f,[10]
1704,a53237c8d093046166d35b1a23fec85c03f423f6a8dfe1a6beff15498a7984a9,88,1258,datacopy/Stefano/a53237c8d093046166d35b1a23fec85c03f423f6a8dfe1a6beff15498a7984a9,[10]
1705,d051d78e9b1af7c87ab784f360ee9f46404bbcc44ed686817e0a398606519dfd,88,1258,datacopy/Stefano/d051d78e9b1af7c87ab784f360ee9f46404bbcc44ed686817e0a398606519dfd,[10]
1706,de550676a42cf68f60ee5dc53b122e0dcb0997f8a5db4bfd02faaf1849092e2f,88,1258,datacopy/Stefano/de550676a42cf68f60ee5dc53b122e0dcb0997f8a5db4bfd02faaf1849092e2f,[10]
1707,f6df81f70d9b58db4a435dc880259409a1c49f50b703966c2d0ef598d101d6b4,88,1258,datacopy/Stefano/f6df81f70d9b58db4a435dc880259409a1c49f50b703966c2d0ef598d101d6b4,[10]
1708,d174e6da26f3373a581f4bc2f7929edeb3bc917b.bin,90,1157,datacopy/UCSB.JP/data_feed.geo_japan_6m_public_flag/d/1/7/d174e6da26f3373a581f4bc2f7929edeb3bc917b.bin,[5]
1709,441d7ab7e872ac160aac666226ef2ff2c60bb755.bin,90,1157,datacopy/UCSB.JP/data_feed.geo_japan_6m_public_flag/4/4/1/441d7ab7e872ac160aac666226ef2ff2c60bb755.bin,[5]
1710,635e99fd86e46530a505cd15b1b6687836bf4c89.bin,90,1157,datacopy/UCSB/635e99fd86e46530a505cd15b1b6687836bf4c89.bin,[5]
1711,95aad0b6cf161d860c9516040474b939d7b99962.bin,90,1157,datacopy/UCSB/95aad0b6cf161d860c9516040474b939d7b99962.bin,[5]
1712,9bf365aee38c3d0a320fa4645858f46c7561f0f9.bin,90,1157,datacopy/UCSB/9bf365aee38c3d0a320fa4645858f46c7561f0f9.bin,[5]
1713,a9d57cb8a658ff1b8a9dbe7b6cbb5982e8cf1a86.bin,90,1157,datacopy/UCSB/a9d57cb8a658ff1b8a9dbe7b6cbb5982e8cf1a86.bin,[5]
1714,7fc90ee9985d309cc649c56c94b99d4deae7e62f.bin,90,1157,datacopy/UCSB/7fc90ee9985d309cc649c56c94b99d4deae7e62f.bin,[5]
1715,e5ca9d4b267b7253ddd83288cd8c24f6db866d68.bin,90,1157,datacopy/UCSB/e5ca9d4b267b7253ddd83288cd8c24f6db866d68.bin,[5]
1716,903a98cf10f0d3547d04a7b060173db7e1fa7409.bin,90,1157,datacopy/UCSB/903a98cf10f0d3547d04a7b060173db7e1fa7409.bin,[5]
1717,22ee61f9c2ed7d3671193dc6afcd2ed004ef45af.bin,90,1157,datacopy/UCSB/22ee61f9c2ed7d3671193dc6afcd2ed004ef45af.bin,[5]
1718,742c83f38b0f9a6b4f2f9b2aee51c37545b2945a.bin,90,1157,datacopy/UCSB/742c83f38b0f9a6b4f2f9b2aee51c37545b2945a.bin,[5]
1719,9822d94f0959f9f52ffd96b2f7c4a3de2bb89958.bin,90,1157,datacopy/UCSB/9822d94f0959f9f52ffd96b2f7c4a3de2bb89958.bin,[5]
1720,5041ab47055532a03e9d27b5da1343b778ddf6bd.bin,90,1157,datacopy/UCSB/5041ab47055532a03e9d27b5da1343b778ddf6bd.bin,[5]
1721,7c4d765cd9157a94c86e1d0877f5bc1cdee1c68f.bin,90,1157,datacopy/UCSB/7c4d765cd9157a94c86e1d0877f5bc1cdee1c68f.bin,[5]
1722,88c5c2f95f3099a1df79bef04d07100074d67de2.bin,90,1157,datacopy/UCSB/88c5c2f95f3099a1df79bef04d07100074d67de2.bin,[5]
1723,2cdf09620fc559194b0143b4d33c3b56eab58e54.bin,90,1157,datacopy/UCSB/2cdf09620fc559194b0143b4d33c3b56eab58e54.bin,[5]
1724,a8fee0149d446ba101f1e71edd608c843a935e01.bin,90,1157,datacopy/UCSB/a8fee0149d446ba101f1e71edd608c843a935e01.bin,[5]
1725,bf5921babcaf162928003378bc7b6b79d7640dd0.bin,90,1157,datacopy/UCSB/bf5921babcaf162928003378bc7b6b79d7640dd0.bin,[5]
1726,cae409e0aaacebfaabbe7256a4cb4b834053e8ef.bin,90,1157,datacopy/UCSB/cae409e0aaacebfaabbe7256a4cb4b834053e8ef.bin,[5]
1727,09651f308f6b34db3d98461217ba1bf70952f08e.bin,90,1157,datacopy/UCSB/09651f308f6b34db3d98461217ba1bf70952f08e.bin,[5]
1728,63a027954382755c4c6d995a104f4bd0f2f68a87.bin,90,1157,datacopy/UCSB/63a027954382755c4c6d995a104f4bd0f2f68a87.bin,[5]
1729,cb7ed2dfe12ff38b319752433f2bb26c5b646a07.bin,90,1157,datacopy/UCSB/cb7ed2dfe12ff38b319752433f2bb26c5b646a07.bin,[5]
1730,caef1630aa23b5d3b416c2ab72c75d87c768cc76.bin,90,1157,datacopy/UCSB/caef1630aa23b5d3b416c2ab72c75d87c768cc76.bin,[5]
1731,4a8f66e76cc5614ea0560765a58164b5eaa64b20.bin,90,1157,datacopy/UCSB/4a8f66e76cc5614ea0560765a58164b5eaa64b20.bin,[5]
1732,b4e4f3fffd72646994810497b5573e4b27567dc0.bin,90,1157,datacopy/UCSB/b4e4f3fffd72646994810497b5573e4b27567dc0.bin,[5]
1733,1207a9c6040d5651adcbfd35b9d39d923cddc48086212dac8efc5094919d7c8c,90,1157,datacopy/Stefano/1207a9c6040d5651adcbfd35b9d39d923cddc48086212dac8efc5094919d7c8c,[5]
1734,56bbccc0d7b0f0347cf8aec6b14ed25dab5086cdadf13899c51a46576af4b2cd,90,1157,datacopy/Stefano/56bbccc0d7b0f0347cf8aec6b14ed25dab5086cdadf13899c51a46576af4b2cd,[5]
1735,645f6ec08d120c9a7f00edc0321298d8a85066f36290b926e6d871cd7a402a4c,90,1157,datacopy/Stefano/645f6ec08d120c9a7f00edc0321298d8a85066f36290b926e6d871cd7a402a4c,[5]
1736,cbb7ff8e85ecdb6d59f9f3765c0cc1f7a763f19d30d631eb7e9654bf65cd3569,90,1157,datacopy/Stefano/cbb7ff8e85ecdb6d59f9f3765c0cc1f7a763f19d30d631eb7e9654bf65cd3569,[5]
1737,93ad92186bb6bf74f08ccc6b26fda002356e09b6ecfc4129d9872c179b750f66,90,1157,datacopy/Stefano/93ad92186bb6bf74f08ccc6b26fda002356e09b6ecfc4129d9872c179b750f66,[5]
1738,c4e87b7427368874b93628e38c52e78c8c417b920f7fd75ad886b5ee6ef973af,90,1157,datacopy/Stefano/c4e87b7427368874b93628e38c52e78c8c417b920f7fd75ad886b5ee6ef973af,[5]
1739,7e00b6d9cfd564771bc1ea1b00bfdddf17cf8e9ec935ceafdb0a3d723c1dbea5,90,1157,datacopy/Stefano/7e00b6d9cfd564771bc1ea1b00bfdddf17cf8e9ec935ceafdb0a3d723c1dbea5,[5]
1740,aa8df3b707858e1fda99e928ac3bf5bbf1a1428a734d8926a8993fa61259cd1d,90,1157,datacopy/Stefano/aa8df3b707858e1fda99e928ac3bf5bbf1a1428a734d8926a8993fa61259cd1d,[5]
1741,5d9fc02ed5e9ae9b77d8dc849affeaa1db16bc971b2def94cacabcddbf8fb834,90,1157,datacopy/Stefano/5d9fc02ed5e9ae9b77d8dc849affeaa1db16bc971b2def94cacabcddbf8fb834,[5]
1742,a97f332e6baac9f71764218dcd9584811979dac2f6f9b64559999670428b0723,90,1157,datacopy/Stefano/a97f332e6baac9f71764218dcd9584811979dac2f6f9b64559999670428b0723,[5]
1743,840a23d9a12b1ca79b4b5436f4e9e5544f900cb78a8dfbb40d799f017b828b6d,90,1157,datacopy/Stefano/840a23d9a12b1ca79b4b5436f4e9e5544f900cb78a8dfbb40d799f017b828b6d,[5]
1744,49eb2485a9ef74bb36918b0ff42dfce1e5dd388661e669fadbf3dc081b12fc8d,90,1157,datacopy/Stefano/49eb2485a9ef74bb36918b0ff42dfce1e5dd388661e669fadbf3dc081b12fc8d,[5]
1745,cd7ec790aea495dbd284b9fd6a5777bf92d902232c880411b5a319e125bb1375,90,1157,datacopy/Stefano/cd7ec790aea495dbd284b9fd6a5777bf92d902232c880411b5a319e125bb1375,[5]
1746,04cda32f910bec4744e4ac1fca5ad27195195c1c198175e6c1bff2b797f3e629,90,1157,datacopy/Stefano/04cda32f910bec4744e4ac1fca5ad27195195c1c198175e6c1bff2b797f3e629,[5]
1747,a6d8446c644af81be8ddd1ba05b0f7dc88348e948e340e3b4377007d1d0e89a2,90,1157,datacopy/Stefano/a6d8446c644af81be8ddd1ba05b0f7dc88348e948e340e3b4377007d1d0e89a2,[5]
1748,a00f120c144e51e804a21efdf98c27d8648a178999a490145b739a38465d9bcf,90,1157,datacopy/Stefano/a00f120c144e51e804a21efdf98c27d8648a178999a490145b739a38465d9bcf,[5]
1749,ce79fff395fbca88bad0310a214c63c05be661bbbe2e3bc87d0b3ef0fa0de356,90,1157,datacopy/Stefano/ce79fff395fbca88bad0310a214c63c05be661bbbe2e3bc87d0b3ef0fa0de356,[5]
1750,aa61dd60fff026c41e4515140ceda668f46e3d1e976c9a934ffbe0dc7d5a1c8d,90,1157,datacopy/Stefano/aa61dd60fff026c41e4515140ceda668f46e3d1e976c9a934ffbe0dc7d5a1c8d,[5]
1751,45cfbee8b4c3a008840b2b6fdc3e4c0e9f7159dae9e0055ae205857efcd83246,90,1157,datacopy/Stefano/45cfbee8b4c3a008840b2b6fdc3e4c0e9f7159dae9e0055ae205857efcd83246,[5]
1752,042c34db72afe4e7a5f6d9e5f0dafc1f39f364930668fd501eeeec41a01dd29c,90,1157,datacopy/Stefano/042c34db72afe4e7a5f6d9e5f0dafc1f39f364930668fd501eeeec41a01dd29c,[5]
1753,a5aa449e95cfface16f79d828945595f4abfdbea7e84e1ab62d0d6c1f44a20f4,90,1157,datacopy/Stefano/a5aa449e95cfface16f79d828945595f4abfdbea7e84e1ab62d0d6c1f44a20f4,[5]
1754,1fc941a09812a8ae80e2f74ebf66f9a1d3338baf180f2b9e3ebd24e99819815c,90,1157,datacopy/Stefano/1fc941a09812a8ae80e2f74ebf66f9a1d3338baf180f2b9e3ebd24e99819815c,[5]
1755,25a1f8590caab0bc41034da5a165964c6789f24d4db902aa20e3785187866734,90,1157,datacopy/Stefano/25a1f8590caab0bc41034da5a165964c6789f24d4db902aa20e3785187866734,[5]
1756,27e1a89edff80007955d480d5aa458063b4fff7445e218934a823c00659145c3,90,1157,datacopy/Stefano/27e1a89edff80007955d480d5aa458063b4fff7445e218934a823c00659145c3,[5]
1757,5aa74252423b26165f47a7bca8ff8d060e62493d688b265d049919d414d7ffcd,90,1157,datacopy/Stefano/5aa74252423b26165f47a7bca8ff8d060e62493d688b265d049919d414d7ffcd,[5]
1758,1dd5718c174247e1520fa6ecabcb6185c0cbca79f4f30b802b2ef7762402c586,90,1157,datacopy/Stefano/1dd5718c174247e1520fa6ecabcb6185c0cbca79f4f30b802b2ef7762402c586,[5]
1759,2b58237ef3d14a025d015ec1f1ac82c1cb35954372b5b618370b0bcebbbe9f69,90,1157,datacopy/Stefano/2b58237ef3d14a025d015ec1f1ac82c1cb35954372b5b618370b0bcebbbe9f69,[5]
1760,ff4923767c721266102f76e712279da132677a3787cf954d9b3840c01ae5d397,90,1157,datacopy/Stefano/ff4923767c721266102f76e712279da132677a3787cf954d9b3840c01ae5d397,[5]
1761,21dece4538d6d12b2d04220ba4b9c72293d42bd2e7f25eaeb12f6e551ac44840,90,1157,datacopy/Stefano/21dece4538d6d12b2d04220ba4b9c72293d42bd2e7f25eaeb12f6e551ac44840,[5]
1762,f41b2d9c0f27ab0baa90e2eb308be7f5d45d8da50d49ab7cea4dcb8e5dd3a288,90,1157,datacopy/Stefano/f41b2d9c0f27ab0baa90e2eb308be7f5d45d8da50d49ab7cea4dcb8e5dd3a288,[5]
1763,dbecc0d991b5393cfb3d6669f90e658d2f849d933dee4b5bdde273be5e31bd09,90,1157,datacopy/Stefano/dbecc0d991b5393cfb3d6669f90e658d2f849d933dee4b5bdde273be5e31bd09,[5]
1764,c1bf507dfe68de912cbdfb993bb0c862f63a9f155a41a299c58623821b009803,90,1157,datacopy/Stefano/c1bf507dfe68de912cbdfb993bb0c862f63a9f155a41a299c58623821b009803,[5]
1765,9ac1ac2f0e7f765f700b245806a6657a62bbdf300b332305f79fa84dbbc0bde6,90,1157,datacopy/Stefano/9ac1ac2f0e7f765f700b245806a6657a62bbdf300b332305f79fa84dbbc0bde6,[5]
1766,f9ccf5b78d0c64e04f0dd775b2a6f4102aeacfa61f9398978ad42d4b883bc9a4,90,1157,datacopy/Stefano/f9ccf5b78d0c64e04f0dd775b2a6f4102aeacfa61f9398978ad42d4b883bc9a4,[5]
1767,37e46190f167a6593a2180416cb38c7c7ec44427edbc996c4b413d237c622737,90,1157,datacopy/Stefano/37e46190f167a6593a2180416cb38c7c7ec44427edbc996c4b413d237c622737,[5]
1768,751070ce7da7a3cf486e9e415d2955f28a2cec560ba26cdcc69be3b025276d7f,90,1157,datacopy/Stefano/751070ce7da7a3cf486e9e415d2955f28a2cec560ba26cdcc69be3b025276d7f,[5]
1769,0ebd0eab59725cbd3da0d320edba5dce3bc2586919f562f5e13126bbc7b1c55e,90,1157,datacopy/Stefano/0ebd0eab59725cbd3da0d320edba5dce3bc2586919f562f5e13126bbc7b1c55e,[5]
1770,d267d8866854c15318912f7febeedb43a01e8787e77d3bfc8aea3649483e8c8f,90,1157,datacopy/Stefano/d267d8866854c15318912f7febeedb43a01e8787e77d3bfc8aea3649483e8c8f,[5]
1771,f970672a93cd5660bc0e93ce3051d486a5ad570bd46f6e8cd261bfda6e2a1e61,90,1157,datacopy/Stefano/f970672a93cd5660bc0e93ce3051d486a5ad570bd46f6e8cd261bfda6e2a1e61,[5]
1772,ebfa311ac98266b6417844337a78a3260ed5ef0b7fb071eaa8a052e895fa573c,90,1157,datacopy/Stefano/ebfa311ac98266b6417844337a78a3260ed5ef0b7fb071eaa8a052e895fa573c,[5]
1773,be5abf3b357146b770856ef129d0c81b35c417b133f630056ba6e2e6c1874cf7,90,1157,datacopy/Stefano/be5abf3b357146b770856ef129d0c81b35c417b133f630056ba6e2e6c1874cf7,[5]
1774,419d3eaacbe5426a9266297575aa2ba8d79e9c2ac9acb5d7dfc929fc0748babd,90,1157,datacopy/Stefano/419d3eaacbe5426a9266297575aa2ba8d79e9c2ac9acb5d7dfc929fc0748babd,[5]
1775,e8282a888b1e8a295047e7001f624e77cf27fad67e975f55e1bcd1c62590faf7,90,1157,datacopy/Stefano/e8282a888b1e8a295047e7001f624e77cf27fad67e975f55e1bcd1c62590faf7,[5]
1776,ec2eae2373246e0a48dbc71a2084ec175baec91cbb04e5b51d54f687cd39cece,90,1157,datacopy/Stefano/ec2eae2373246e0a48dbc71a2084ec175baec91cbb04e5b51d54f687cd39cece,[5]
1777,b80118621878721cfce42dd0b33450a0d017400a41a1b8335abb329fc2ff883b,90,1157,datacopy/Stefano/b80118621878721cfce42dd0b33450a0d017400a41a1b8335abb329fc2ff883b,[5]
1778,756bc9b5efa19bb7acf0731b6f143d0f01e02c0e4d345e1bc5bfff0345c45e60,90,1157,datacopy/Stefano/756bc9b5efa19bb7acf0731b6f143d0f01e02c0e4d345e1bc5bfff0345c45e60,[5]
1779,f253ec7b271a10b79a067638532e0e90ca7a3d87980a2f24d8dab16850c21c42,90,1157,datacopy/Stefano/f253ec7b271a10b79a067638532e0e90ca7a3d87980a2f24d8dab16850c21c42,[5]
1780,81d1c08903a1b55cd47ef35edf1603e9647e5ee68726d8dda843b80f5df2c0b5,90,1157,datacopy/Stefano/81d1c08903a1b55cd47ef35edf1603e9647e5ee68726d8dda843b80f5df2c0b5,[5]
1781,c841d67fafa7c7b26ec503547af03550f4e42aef2cb667443e2d0524a1e7750b,90,1157,datacopy/Stefano/c841d67fafa7c7b26ec503547af03550f4e42aef2cb667443e2d0524a1e7750b,[5]
1782,8f1c45b10b7e98a1dbe1001c4afaa80a08e502c0ff72c836b6a5c290258eea24,90,1157,datacopy/Stefano/8f1c45b10b7e98a1dbe1001c4afaa80a08e502c0ff72c836b6a5c290258eea24,[5]
1783,3ee574f8ee73cf11a80c75b58c0b688458317fd1db98c25f24dd6b220d2b31b4,90,1157,datacopy/Stefano/3ee574f8ee73cf11a80c75b58c0b688458317fd1db98c25f24dd6b220d2b31b4,[5]
1784,396370187a875de25377c08c1b153b88ebf021ad9c5d554b648ce70103779320,90,1157,datacopy/Stefano/396370187a875de25377c08c1b153b88ebf021ad9c5d554b648ce70103779320,[5]
1785,e5c1cf42d8dc53d08193fc21927e6067668ab7ffb47afbee1356e590c0ae6189,90,1157,datacopy/Stefano/e5c1cf42d8dc53d08193fc21927e6067668ab7ffb47afbee1356e590c0ae6189,[5]
1786,d7a2141ea21be036aa56e42e14821509e5833311b28f9af5b762e9aba897d516,90,1157,datacopy/Stefano/d7a2141ea21be036aa56e42e14821509e5833311b28f9af5b762e9aba897d516,[5]
1787,c81bdcce0e7f124aed673e33b5144f1d346de10352a95ecb984bf84d6fca72a7,90,1157,datacopy/Stefano/c81bdcce0e7f124aed673e33b5144f1d346de10352a95ecb984bf84d6fca72a7,[5]
1788,8f7949dfc761a5104d387ceeb467559d37d44cfb600a12bb0f32b3ee1b28651b,90,1157,datacopy/Stefano/8f7949dfc761a5104d387ceeb467559d37d44cfb600a12bb0f32b3ee1b28651b,[5]
1789,c4eb79202939e2c4228d5ddc77ec4ddca97ac276f81b014e06be35f5a58c3afc,90,1157,datacopy/Stefano/c4eb79202939e2c4228d5ddc77ec4ddca97ac276f81b014e06be35f5a58c3afc,[5]
1790,24ebc7917ac095fff49732c45d36a245b62389945b1d583cf96a35ab0e7da47b,90,1157,datacopy/Stefano/24ebc7917ac095fff49732c45d36a245b62389945b1d583cf96a35ab0e7da47b,[5]
1791,1e82637e92d1d78951aeb68aac2927f75fb01ec0.bin,92,805,datacopy/UCSB.JP/data_feed.geo_japan_6m_public_flag/1/e/8/1e82637e92d1d78951aeb68aac2927f75fb01ec0.bin,"[10, 36]"
1792,c58e4ccdf204abe65abc942a453e463eb1fce835.bin,92,805,datacopy/UCSB.JP/data_feed.geo_japan_6m_public_flag/c/5/8/c58e4ccdf204abe65abc942a453e463eb1fce835.bin,"[10, 36]"
1793,4741359211744e3869b7e70e989b1f29f0871b6e.bin,92,805,datacopy/UCSB.JP/data_feed.geo_japan_6m_public_flag/4/7/4/4741359211744e3869b7e70e989b1f29f0871b6e.bin,"[10, 36]"
1794,07bb95d51d38fbe71e7085199c08bf4dd831d20d.bin,92,798,datacopy/UCSB.JP/data_feed.geo_japan_6m_public_flag/0/7/b/07bb95d51d38fbe71e7085199c08bf4dd831d20d.bin,"[10, 36]"
1795,55f83ff166ab8978d6ce38e80fde858cf29e660b.codex,92,805,datacopy/CodexGiga/55f83ff166ab8978d6ce38e80fde858cf29e660b.codex,"[10, 36]"
1796,d81a1de9eb165b9f436e9e9078666132544de20cf43c10205c63f7a89cc41c20,92,805,datacopy/Stefano/d81a1de9eb165b9f436e9e9078666132544de20cf43c10205c63f7a89cc41c20,"[10, 36]"
1797,4fb81c133e88ab14b24bd8998e017830de9b8393dbcebe8a5f94382c18c53d29,92,805,datacopy/Stefano/4fb81c133e88ab14b24bd8998e017830de9b8393dbcebe8a5f94382c18c53d29,"[10, 36]"
1798,9fc95a61e8ce674515f1db0ca69c5fe13fefbda85d3181fb53445f14b8afc5b3,92,805,datacopy/Stefano/9fc95a61e8ce674515f1db0ca69c5fe13fefbda85d3181fb53445f14b8afc5b3,"[10, 36]"
1799,312aa823e08dc8e3cafcda2888e4c7a91f15e708672486bd2edf46f8a52efcf9,92,805,datacopy/Stefano/312aa823e08dc8e3cafcda2888e4c7a91f15e708672486bd2edf46f8a52efcf9,"[10, 36]"
1800,e817c9bb3b9a13576779983bedea80303901f7a233bd3aa07b0c4cbbd3d81045,92,805,datacopy/Stefano/e817c9bb3b9a13576779983bedea80303901f7a233bd3aa07b0c4cbbd3d81045,"[10, 36]"
1801,ce746609e1b6df59d03d94f9fe6c043a335cf5fa2b14ea3c5b7f4bfd4cbf0e34,92,805,datacopy/Stefano/ce746609e1b6df59d03d94f9fe6c043a335cf5fa2b14ea3c5b7f4bfd4cbf0e34,"[10, 36]"
1802,9ff60959d74476d497b90687933f0c3ea9c658194d9619889e17a98c5e79edd5,92,805,datacopy/Stefano/9ff60959d74476d497b90687933f0c3ea9c658194d9619889e17a98c5e79edd5,"[10, 36]"
1803,0004a41497110363d9f3228914fa2c79c582075a1d6942c734b3ee9d06570ba4,92,805,datacopy/Stefano/0004a41497110363d9f3228914fa2c79c582075a1d6942c734b3ee9d06570ba4,"[10, 36]"
1804,1106e5a976c1f2ada14c5df017f9c9990cda3a5b83092a0a38ed97b520da554f,92,798,datacopy/Stefano/1106e5a976c1f2ada14c5df017f9c9990cda3a5b83092a0a38ed97b520da554f,"[10, 36]"
1805,ce63d04fa3c3115c2c825845666c09f74f7d65d62e68d9648768b71ac4ec50b1,92,805,datacopy/Stefano/ce63d04fa3c3115c2c825845666c09f74f7d65d62e68d9648768b71ac4ec50b1,"[10, 36]"
1806,ca8cda945aef2cdfa832a6edb39fdd3be6ccd93d51f4c6711fa57d3e18e9e92a,92,805,datacopy/Stefano/ca8cda945aef2cdfa832a6edb39fdd3be6ccd93d51f4c6711fa57d3e18e9e92a,"[10, 36]"
1807,772665f26cfb67ee79a4c57c9ae05d02d6b8009ad2b44ff71a81eb0557228566,92,805,datacopy/Stefano/772665f26cfb67ee79a4c57c9ae05d02d6b8009ad2b44ff71a81eb0557228566,"[10, 36]"
1808,8385044bc96289afcd8cb50061d1ad4d710abeaeca220370d586bede2dbce908,92,805,datacopy/Stefano/8385044bc96289afcd8cb50061d1ad4d710abeaeca220370d586bede2dbce908,"[10, 36]"
1809,ec8d6760375b43a2592de6f507d132c5da380641f8da373976804de9e6ac48c8,92,798,datacopy/Stefano/ec8d6760375b43a2592de6f507d132c5da380641f8da373976804de9e6ac48c8,"[10, 36]"
1810,071ae1986808fc4b5cd8988b62bc6178d2c612413c6a85b122fb0ea1031477e3,92,805,datacopy/Stefano/071ae1986808fc4b5cd8988b62bc6178d2c612413c6a85b122fb0ea1031477e3,"[10, 36]"
1811,3106482916f2110a987c670c81bd5b31e075143e843fab5473c1c7e492a05650,92,798,datacopy/Stefano/3106482916f2110a987c670c81bd5b31e075143e843fab5473c1c7e492a05650,"[10, 36]"
1812,b55b763807c411d8f2e76e5e4e6a86cb3a2dd0b732d5d35eaf4af94c2f4e6fc8,92,805,datacopy/Stefano/b55b763807c411d8f2e76e5e4e6a86cb3a2dd0b732d5d35eaf4af94c2f4e6fc8,"[10, 36]"
1813,292956dd62adccbb078ea0a4aee2abae60d6eccb8be9ab847cdaa9e9f473ab4b,92,805,datacopy/Stefano/292956dd62adccbb078ea0a4aee2abae60d6eccb8be9ab847cdaa9e9f473ab4b,"[10, 36]"
1814,fbdfe83cabb8cba7039b3d0b95c513323e4cf7da.bin,98,337,datacopy/UCSB.JP/data_feed.geo_japan_6m_public_flag/f/b/d/fbdfe83cabb8cba7039b3d0b95c513323e4cf7da.bin,"[1, 15]"
1815,0700e0fe405c38cc65cf3d7a197cf299387fe30fcf80e2617d37753c20a0e5aa,98,337,datacopy/Stefano/0700e0fe405c38cc65cf3d7a197cf299387fe30fcf80e2617d37753c20a0e5aa,"[1, 15]"
1816,86f2e5cb407455ff566ba77e25bd366d70aaa56de817fd493d705b9f4737357a,98,985,datacopy/Stefano/86f2e5cb407455ff566ba77e25bd366d70aaa56de817fd493d705b9f4737357a,"[1, 15]"
1817,e65aefc3586788523f8273cae61021a2b02c9f20.bin,99,1179,datacopy/UCSB.JP/data_feed.geo_japan_6m_public_flag/e/6/5/e65aefc3586788523f8273cae61021a2b02c9f20.bin,"[1, 1401, 3]"
1818,f3ffc876531232e6819b174b43f008329c4712b3.bin,99,1179,datacopy/UCSB.JP/data_feed.geo_japan_6m_public_flag/f/3/f/f3ffc876531232e6819b174b43f008329c4712b3.bin,"[1, 1401, 3]"
1819,0544ccab726921b6fe48512eb27ebb0f787117d4.bin,99,1179,datacopy/UCSB.JP/data_feed.geo_japan_6m_public_flag/0/5/4/0544ccab726921b6fe48512eb27ebb0f787117d4.bin,"[1, 1401, 3]"
1820,65740d605a1474ca5c7ecff115586a613460404c.bin,99,1179,datacopy/UCSB/65740d605a1474ca5c7ecff115586a613460404c.bin,"[1, 1401, 3]"
1821,e17ec29f6ecb9aa91d786b5afb409537b7485a05.bin,99,1179,datacopy/UCSB/e17ec29f6ecb9aa91d786b5afb409537b7485a05.bin,"[1, 1401, 3]"
1822,5a9cf05fbf5aa950e14bb09611d32f29d6148b73.bin,99,1401,datacopy/UCSB/5a9cf05fbf5aa950e14bb09611d32f29d6148b73.bin,"[1, 1401, 3]"
1823,67b28c4cde0cdd5763246f515925ad8e1d969e614bc65cf71b0159f467c857a3,99,1179,datacopy/Stefano/67b28c4cde0cdd5763246f515925ad8e1d969e614bc65cf71b0159f467c857a3,"[1, 1401, 3]"
1824,9397b97155f5c38253d8914fd3501086e27c9e4e6eec36f2b8b683ff23c11bb5,99,1179,datacopy/Stefano/9397b97155f5c38253d8914fd3501086e27c9e4e6eec36f2b8b683ff23c11bb5,"[1, 1401, 3]"
1825,dfb58f86a0632b0f4de501995bb8848259375e7cd55c9f0c083c65d982fc21b2,99,1179,datacopy/Stefano/dfb58f86a0632b0f4de501995bb8848259375e7cd55c9f0c083c65d982fc21b2,"[1, 1401, 3]"
1826,d6f587880218f28eedaeb330554633f3e1e6bd4f3e7276245820d1f4800b0c36,99,1179,datacopy/Stefano/d6f587880218f28eedaeb330554633f3e1e6bd4f3e7276245820d1f4800b0c36,"[1, 1401, 3]"
1827,82e44fbf23c6bf910706c634a8ddaff8b56094951ddce8d5cf5e0dae017f0aae,99,1179,datacopy/Stefano/82e44fbf23c6bf910706c634a8ddaff8b56094951ddce8d5cf5e0dae017f0aae,"[1, 1401, 3]"
1828,b439e76f0cc798f2ec05df38b267fba13817ef0d2c2ed12a2aa2db6e4b93649e,99,1179,datacopy/Stefano/b439e76f0cc798f2ec05df38b267fba13817ef0d2c2ed12a2aa2db6e4b93649e,"[1, 1401, 3]"
1829,6a5230f64189dcd73a38b49ccba8f2ceb99d4792cc5e0e95fc35563bbfb21b64,99,1179,datacopy/Stefano/6a5230f64189dcd73a38b49ccba8f2ceb99d4792cc5e0e95fc35563bbfb21b64,"[1, 1401, 3]"
1830,a6554cc7de118bd2e390966b237f607968e3755b50ee97c9a043f8ab7e30d3a5,99,1179,datacopy/Stefano/a6554cc7de118bd2e390966b237f607968e3755b50ee97c9a043f8ab7e30d3a5,"[1, 1401, 3]"
1831,ee0395b57c0e13f3d5f7b904e344370e089655887b463b10c94d0ab4252728e1,99,1179,datacopy/Stefano/ee0395b57c0e13f3d5f7b904e344370e089655887b463b10c94d0ab4252728e1,"[1, 1401, 3]"
1832,c592fa3ae42ae0db20adaaa32c80f24cf1f96910aca7389c05e2deb93d4dd152,99,1179,datacopy/Stefano/c592fa3ae42ae0db20adaaa32c80f24cf1f96910aca7389c05e2deb93d4dd152,"[1, 1401, 3]"
1833,e4047c02f2c3be5afd11570db00d2040effdbe07d9534b5630926ba5f7ad3555,99,1179,datacopy/Stefano/e4047c02f2c3be5afd11570db00d2040effdbe07d9534b5630926ba5f7ad3555,"[1, 1401, 3]"
1834,f075eb52eb31518667fde3bd6529ebaa20954c41c81c6975cb66e5f1ec7a32cb,99,1179,datacopy/Stefano/f075eb52eb31518667fde3bd6529ebaa20954c41c81c6975cb66e5f1ec7a32cb,"[1, 1401, 3]"
1835,6a5d80b3058492993bb55d0694b783d31426341613e166006528d5bf06057fd3,99,1179,datacopy/Stefano/6a5d80b3058492993bb55d0694b783d31426341613e166006528d5bf06057fd3,"[1, 1401, 3]"
1836,1e27c7836f4a3d24469c2dbbbda2f99eda4a6969154db4ff63ce290381504372,99,1179,datacopy/Stefano/1e27c7836f4a3d24469c2dbbbda2f99eda4a6969154db4ff63ce290381504372,"[1, 1401, 3]"
1837,1d6b39cffff25cff0b2d0a98eca801732cb2d0899bac8fd75b5259708a4883a9,99,1179,datacopy/Stefano/1d6b39cffff25cff0b2d0a98eca801732cb2d0899bac8fd75b5259708a4883a9,"[1, 1401, 3]"
1838,b8d8022d7c57ef53ac4cd957ea50eb4e87e43a2199dea52316d6da9a78716698,99,1179,datacopy/Stefano/b8d8022d7c57ef53ac4cd957ea50eb4e87e43a2199dea52316d6da9a78716698,"[1, 1401, 3]"
1839,aec84c8e830c7ff0c3ecc7aa7fe62eef5c02d0517f4492005fd7c6e8dc57eb2f,99,1179,datacopy/Stefano/aec84c8e830c7ff0c3ecc7aa7fe62eef5c02d0517f4492005fd7c6e8dc57eb2f,"[1, 1401, 3]"
1840,ddb55377bf772cec69c8c952a822caba07cd460837abd6752677efb905fc17c6,99,3,datacopy/Stefano/ddb55377bf772cec69c8c952a822caba07cd460837abd6752677efb905fc17c6,"[1, 1401, 3]"
1841,9ecfa449830739816de7cea3f1b3f465974e8bb70060a4bc23553745040499aa,99,1179,datacopy/Stefano/9ecfa449830739816de7cea3f1b3f465974e8bb70060a4bc23553745040499aa,"[1, 1401, 3]"
1842,48363e731d6ad681d054918faff3a2d206bf12f4d3680b7acf1bcf40689db827,99,1179,datacopy/Stefano/48363e731d6ad681d054918faff3a2d206bf12f4d3680b7acf1bcf40689db827,"[1, 1401, 3]"
1843,4756aaa67717935b439a727600226ff1bf35324d7ce46adcb34e0dd8c774af76,99,1179,datacopy/Stefano/4756aaa67717935b439a727600226ff1bf35324d7ce46adcb34e0dd8c774af76,"[1, 1401, 3]"
1844,e2d246675a7c12c69267b60fcffb032bc8f3b6b2c07f77f0d5c95b3c99eef36e,99,1179,datacopy/Stefano/e2d246675a7c12c69267b60fcffb032bc8f3b6b2c07f77f0d5c95b3c99eef36e,"[1, 1401, 3]"
1845,882fd9b7be548f8683b4c3ff6ca1ad74e3e5042f9a1d5feb4e0838ac91d64b33,99,1179,datacopy/Stefano/882fd9b7be548f8683b4c3ff6ca1ad74e3e5042f9a1d5feb4e0838ac91d64b33,"[1, 1401, 3]"
1846,861c8fa39ceab300f980a8886e702f9d73a128c7d136805341afa9817dc4badf,99,3,datacopy/Stefano/861c8fa39ceab300f980a8886e702f9d73a128c7d136805341afa9817dc4badf,"[1, 1401, 3]"
1847,b5df8148d33b1a939570252e00f49e2bc6c84864242a8a568d07c5a04fab77e2,99,1179,datacopy/Stefano/b5df8148d33b1a939570252e00f49e2bc6c84864242a8a568d07c5a04fab77e2,"[1, 1401, 3]"
1848,153924cb1164632c90f5dd5d694d1d51959766766277fc2147dbc2e0000c6032,99,1179,datacopy/Stefano/153924cb1164632c90f5dd5d694d1d51959766766277fc2147dbc2e0000c6032,"[1, 1401, 3]"
1849,421c72f47d9463c18e6159e59daa0683078df74c82ff5e1e0c629decae7b9cdd,99,1401,datacopy/Stefano/421c72f47d9463c18e6159e59daa0683078df74c82ff5e1e0c629decae7b9cdd,"[1, 1401, 3]"
1850,212b9c6c6a152cfd586defa7ffedef7a5c0cca84598755789dc8e4230f8cd23b,99,1179,datacopy/Stefano/212b9c6c6a152cfd586defa7ffedef7a5c0cca84598755789dc8e4230f8cd23b,"[1, 1401, 3]"
1851,8599d2f913838d0a866a4dba2fdcb0786c79ac803747402507a865c5378e899e,99,1179,datacopy/Stefano/8599d2f913838d0a866a4dba2fdcb0786c79ac803747402507a865c5378e899e,"[1, 1401, 3]"
1852,154003b4a33a46b99d7a66a6bf34f78ee734ecc301b13ab2390752d6b0e406df,99,1179,datacopy/Stefano/154003b4a33a46b99d7a66a6bf34f78ee734ecc301b13ab2390752d6b0e406df,"[1, 1401, 3]"
1853,2362e9f91e96a89d55b7b403658e9ce6135e5206db11a38672e7419ab6a11df3,99,1179,datacopy/Stefano/2362e9f91e96a89d55b7b403658e9ce6135e5206db11a38672e7419ab6a11df3,"[1, 1401, 3]"
1854,79b90ccb46671719c7f612aaa10d6f1a95cbf368.bin,114,1289,datacopy/UCSB.JP/data_feed.geo_japan_6m_public_flag/7/9/b/79b90ccb46671719c7f612aaa10d6f1a95cbf368.bin,[1]
1855,ccce0d8635f52a297bea2567fde009a9156ea00861e58e00e27b053a1b534046,114,1289,datacopy/Stefano/ccce0d8635f52a297bea2567fde009a9156ea00861e58e00e27b053a1b534046,[1]
1856,0fb20486f9bfd3a7a534fa4869adc0c5e4800dda5eca4a1dafaf238a1d1113dc,114,1289,datacopy/Stefano/0fb20486f9bfd3a7a534fa4869adc0c5e4800dda5eca4a1dafaf238a1d1113dc,[1]
1857,6a068ac4380a230f6e5c7a2e3a698cfd835fe4815a803582ba285c862e943e3b,114,1289,datacopy/Stefano/6a068ac4380a230f6e5c7a2e3a698cfd835fe4815a803582ba285c862e943e3b,[1]
1858,2b723627066152714429b8bc42363bd3477d7fab.bin,118,734,datacopy/UCSB/2b723627066152714429b8bc42363bd3477d7fab.bin,"[24, 222]"
1859,947a05d6361ef042ebf647a42eb3de82559f8915.bin,118,734,datacopy/UCSB/947a05d6361ef042ebf647a42eb3de82559f8915.bin,"[24, 222]"
1860,6fd1dafadd088c4decd32e50c915c8d32c6055b6.bin,118,734,datacopy/UCSB/6fd1dafadd088c4decd32e50c915c8d32c6055b6.bin,"[24, 222]"
1861,6e4e472fc8c135d6cb668ae662edbbdae4797da9.bin,118,734,datacopy/UCSB/6e4e472fc8c135d6cb668ae662edbbdae4797da9.bin,"[24, 222]"
1862,28438a6b36d64224b2e051c3aea6b438434716f3.bin,118,734,datacopy/UCSB/28438a6b36d64224b2e051c3aea6b438434716f3.bin,"[24, 222]"
1863,2d0881f4d1f6451b8ddba395c4118b450de50800.bin,118,734,datacopy/UCSB/2d0881f4d1f6451b8ddba395c4118b450de50800.bin,"[24, 222]"
1864,ad04344882e65f781be1b91e2558210fbf12e6e1.bin,118,734,datacopy/UCSB/ad04344882e65f781be1b91e2558210fbf12e6e1.bin,"[24, 222]"
1865,7e92dc5c9ebad9e5aa02983545429c0aa77920d6.bin,118,734,datacopy/UCSB/7e92dc5c9ebad9e5aa02983545429c0aa77920d6.bin,"[24, 222]"
1866,852b2a90475eaac1dc41acf4d11366fb55aab0ca.bin,118,734,datacopy/UCSB/852b2a90475eaac1dc41acf4d11366fb55aab0ca.bin,"[24, 222]"
1867,d0a21de99a02c440dfb8342ff88df8856879ef9d.bin,118,734,datacopy/UCSB/d0a21de99a02c440dfb8342ff88df8856879ef9d.bin,"[24, 222]"
1868,186ac8067033963568ee03319ede283b2ae363c2.bin,118,734,datacopy/UCSB/186ac8067033963568ee03319ede283b2ae363c2.bin,"[24, 222]"
1869,1f6477acf23183e28f8444a35f8aa5bdcb5150fb.bin,118,734,datacopy/UCSB/1f6477acf23183e28f8444a35f8aa5bdcb5150fb.bin,"[24, 222]"
1870,410eefcaab5a5c2c367aa49cbf93f9ac626f76fe.bin,118,734,datacopy/UCSB/410eefcaab5a5c2c367aa49cbf93f9ac626f76fe.bin,"[24, 222]"
1871,dde143cfdba50aea99e6f5eb7118bb6c9d5f9f31.bin,118,734,datacopy/UCSB/dde143cfdba50aea99e6f5eb7118bb6c9d5f9f31.bin,"[24, 222]"
1872,7766dbadc290ad0810400f42c157163528e653a2.bin,118,734,datacopy/UCSB/7766dbadc290ad0810400f42c157163528e653a2.bin,"[24, 222]"
1873,3842406edb17bdd64bbee28ce38edd96c24b84df.bin,118,734,datacopy/UCSB/3842406edb17bdd64bbee28ce38edd96c24b84df.bin,"[24, 222]"
1874,37726acccb45d7d19b10e4ba084773bdbaf84e15.bin,118,734,datacopy/UCSB/37726acccb45d7d19b10e4ba084773bdbaf84e15.bin,"[24, 222]"
1875,a26d8a9c81ad89300f1b5a8d00dc10e1f4922c1c.bin,118,734,datacopy/UCSB/a26d8a9c81ad89300f1b5a8d00dc10e1f4922c1c.bin,"[24, 222]"
1876,5f81eacd64dbce7bbd03731124d19c5566dee70e.bin,118,734,datacopy/UCSB/5f81eacd64dbce7bbd03731124d19c5566dee70e.bin,"[24, 222]"
1877,60566bdc11270127d10a850610c7bb6dbc189617.bin,118,54,datacopy/UCSB/60566bdc11270127d10a850610c7bb6dbc189617.bin,"[24, 222]"
1878,bb63cf2191246578dc5850c1b84e65572fad82a1.bin,118,734,datacopy/UCSB/bb63cf2191246578dc5850c1b84e65572fad82a1.bin,"[24, 222]"
1879,10c89ea2eb879eb9a306789490c385f97dd96be7.bin,118,734,datacopy/UCSB/10c89ea2eb879eb9a306789490c385f97dd96be7.bin,"[24, 222]"
1880,9bba0429a4bba39b6e5b93f7895e1f2df4dfc31e.bin,118,734,datacopy/UCSB/9bba0429a4bba39b6e5b93f7895e1f2df4dfc31e.bin,"[24, 222]"
1881,6ba05c143c55d7fb539652a73df51a132362313f.bin,118,734,datacopy/UCSB/6ba05c143c55d7fb539652a73df51a132362313f.bin,"[24, 222]"
1882,763c9d3c53aae444bcc46aeb656ba79f1917e841.bin,118,734,datacopy/UCSB/763c9d3c53aae444bcc46aeb656ba79f1917e841.bin,"[24, 222]"
1883,ddb9aa9f978a13075f675e3481070c175d7646c8.bin,118,734,datacopy/UCSB/ddb9aa9f978a13075f675e3481070c175d7646c8.bin,"[24, 222]"
1884,1158f950e68335c4f3e20c9100612e0873c6489e.bin,118,734,datacopy/UCSB/1158f950e68335c4f3e20c9100612e0873c6489e.bin,"[24, 222]"
1885,e96357c43d5305468d8146645ba0dd9c173327a2.bin,118,734,datacopy/UCSB/e96357c43d5305468d8146645ba0dd9c173327a2.bin,"[24, 222]"
1886,46919bbfd59fc0d26025c54f5bb418042eacf49a.bin,118,734,datacopy/UCSB/46919bbfd59fc0d26025c54f5bb418042eacf49a.bin,"[24, 222]"
1887,de43cd81bc2d8720df7921f1e9a1ff968179c3e5.bin,118,734,datacopy/UCSB/de43cd81bc2d8720df7921f1e9a1ff968179c3e5.bin,"[24, 222]"
1888,0a12b44e7653fc1c567af9f1e53138e61baa6a24.bin,118,734,datacopy/UCSB/0a12b44e7653fc1c567af9f1e53138e61baa6a24.bin,"[24, 222]"
1889,f57486630e137d890f857da02b97bacb66ab26e4.bin,118,734,datacopy/UCSB/f57486630e137d890f857da02b97bacb66ab26e4.bin,"[24, 222]"
1890,0fa93be6b95f33c44d2adf461be2d22dba904d9a.bin,118,734,datacopy/UCSB/0fa93be6b95f33c44d2adf461be2d22dba904d9a.bin,"[24, 222]"
1891,cad6b87051b07f91872f404806bcb87a1c3ce122.bin,118,734,datacopy/UCSB/cad6b87051b07f91872f404806bcb87a1c3ce122.bin,"[24, 222]"
1892,1e404ef3b12c72fa43185d8774bc5ef1fd5298e3.bin,118,734,datacopy/UCSB/1e404ef3b12c72fa43185d8774bc5ef1fd5298e3.bin,"[24, 222]"
1893,5c6353c3078e0455d5201bbf89443ac18c80f8ca.bin,118,734,datacopy/UCSB/5c6353c3078e0455d5201bbf89443ac18c80f8ca.bin,"[24, 222]"
1894,75c6f10c5fb85226fc39e877a2ba18ba95bb4d40.bin,118,734,datacopy/UCSB/75c6f10c5fb85226fc39e877a2ba18ba95bb4d40.bin,"[24, 222]"
1895,6ae8ec93c9fb15220ca53be425b858a06cbb566c.bin,118,734,datacopy/UCSB/6ae8ec93c9fb15220ca53be425b858a06cbb566c.bin,"[24, 222]"
1896,a1d2f660263e46fcda38ea0fda1bc9204de9c8fe.bin,118,734,datacopy/UCSB/a1d2f660263e46fcda38ea0fda1bc9204de9c8fe.bin,"[24, 222]"
1897,6ad2d0e2374ce1bb2a30a63b9da63b7e1778ea8d.bin,118,734,datacopy/UCSB/6ad2d0e2374ce1bb2a30a63b9da63b7e1778ea8d.bin,"[24, 222]"
1898,d04f3c0613fdcf61d725343e27e33fc8f3e195c6.bin,118,54,datacopy/UCSB/d04f3c0613fdcf61d725343e27e33fc8f3e195c6.bin,"[24, 222]"
1899,ff2c53fbbd9786a238c71f8bf5f040cde03f9a24.bin,118,734,datacopy/UCSB/ff2c53fbbd9786a238c71f8bf5f040cde03f9a24.bin,"[24, 222]"
1900,684eae8f940492db2b89169d0181ce821ed4d39b.bin,118,734,datacopy/UCSB/684eae8f940492db2b89169d0181ce821ed4d39b.bin,"[24, 222]"
1901,0382043a3924b40f93a28546c228b6b733f54560.bin,118,734,datacopy/UCSB/0382043a3924b40f93a28546c228b6b733f54560.bin,"[24, 222]"
1902,57855be1cab2ae1f01191b24aaface9d87cbdbea.bin,118,734,datacopy/UCSB/57855be1cab2ae1f01191b24aaface9d87cbdbea.bin,"[24, 222]"
1903,1c32be12600543c89c8e8a1768b4597a915587b6.bin,118,54,datacopy/UCSB/1c32be12600543c89c8e8a1768b4597a915587b6.bin,"[24, 222]"
1904,a9a93dba805d461e591fd2ae170e7b684b24a6db.bin,118,734,datacopy/UCSB/a9a93dba805d461e591fd2ae170e7b684b24a6db.bin,"[24, 222]"
1905,556262a24613263516173ab641e17e0cbff591f3.bin,118,734,datacopy/UCSB/556262a24613263516173ab641e17e0cbff591f3.bin,"[24, 222]"
1906,8526f846640f40b7f147e14672537b61cc17686a.bin,118,734,datacopy/UCSB/8526f846640f40b7f147e14672537b61cc17686a.bin,"[24, 222]"
1907,92a0ca9bfd64692e6bdc29727b326765e7949a30.bin,118,734,datacopy/UCSB/92a0ca9bfd64692e6bdc29727b326765e7949a30.bin,"[24, 222]"
1908,da0eab5a2e497a2fc064e36f4c571c3af445e3c1.bin,118,734,datacopy/UCSB/da0eab5a2e497a2fc064e36f4c571c3af445e3c1.bin,"[24, 222]"
1909,b0071c1fa2b90e6068be10437a5148be4d68905b.bin,118,734,datacopy/UCSB/b0071c1fa2b90e6068be10437a5148be4d68905b.bin,"[24, 222]"
1910,a2bf70afdf72bf212db53e2e1af9c1377e8ba281.bin,118,734,datacopy/UCSB/a2bf70afdf72bf212db53e2e1af9c1377e8ba281.bin,"[24, 222]"
1911,ac8eccec883ecd9bfdd3823c15183a87242ecace.bin,118,54,datacopy/UCSB/ac8eccec883ecd9bfdd3823c15183a87242ecace.bin,"[24, 222]"
1912,fce73ad3a3068a7d0ebe448293efac1b5b82e35a.bin,118,734,datacopy/UCSB/fce73ad3a3068a7d0ebe448293efac1b5b82e35a.bin,"[24, 222]"
1913,fe9ed5189a5824f945c8cd1ccccc6083ddac9867.bin,118,734,datacopy/UCSB/fe9ed5189a5824f945c8cd1ccccc6083ddac9867.bin,"[24, 222]"
1914,3ebd3ec661441de1114d5a448ede709db3a877d5.bin,118,734,datacopy/UCSB/3ebd3ec661441de1114d5a448ede709db3a877d5.bin,"[24, 222]"
1915,8145b945e63bc1d8b20c8eebddb875a65531f86f.bin,118,734,datacopy/UCSB/8145b945e63bc1d8b20c8eebddb875a65531f86f.bin,"[24, 222]"
1916,400f6811fd0bfe6e5443ca8ef73a6630953e8530.bin,118,734,datacopy/UCSB/400f6811fd0bfe6e5443ca8ef73a6630953e8530.bin,"[24, 222]"
1917,9c171300bf467ad907890a10cb235ea2f404964f.bin,118,734,datacopy/UCSB/9c171300bf467ad907890a10cb235ea2f404964f.bin,"[24, 222]"
1918,f94ec7b584cdd50dcfb410965d275ca04ed5c8ab.bin,118,734,datacopy/UCSB/f94ec7b584cdd50dcfb410965d275ca04ed5c8ab.bin,"[24, 222]"
1919,e2df0a33ec75184b598a4bba84837e35bbfa2390.bin,118,734,datacopy/UCSB/e2df0a33ec75184b598a4bba84837e35bbfa2390.bin,"[24, 222]"
1920,cdd4a29df7470a10f1f87d34214b8a33ed6ffe24.bin,118,734,datacopy/UCSB/cdd4a29df7470a10f1f87d34214b8a33ed6ffe24.bin,"[24, 222]"
1921,8c237cc28644ffabd9b5197f64ff7b9d9ae3ea8c.bin,118,734,datacopy/UCSB/8c237cc28644ffabd9b5197f64ff7b9d9ae3ea8c.bin,"[24, 222]"
1922,2ea0809ca0a9aef41c0cd15141036adaf1c05889.bin,118,734,datacopy/UCSB/2ea0809ca0a9aef41c0cd15141036adaf1c05889.bin,"[24, 222]"
1923,cc934b52db85f7da6b2ac0de1496d98870caefe3.bin,118,734,datacopy/UCSB/cc934b52db85f7da6b2ac0de1496d98870caefe3.bin,"[24, 222]"
1924,5f661df6517e39059b683aaf25acd0d77ec861a6.bin,118,54,datacopy/UCSB/5f661df6517e39059b683aaf25acd0d77ec861a6.bin,"[24, 222]"
1925,d935e9214e18df547cffe6a1b633ba49db5eb90a.bin,118,734,datacopy/UCSB/d935e9214e18df547cffe6a1b633ba49db5eb90a.bin,"[24, 222]"
1926,a52c8e35ac262b385a54d1b9aa4d511ef637f0d0.bin,118,734,datacopy/UCSB/a52c8e35ac262b385a54d1b9aa4d511ef637f0d0.bin,"[24, 222]"
1927,3570af61e4ccb5c94d10a8dce0dc071d53beaad8.bin,118,734,datacopy/UCSB/3570af61e4ccb5c94d10a8dce0dc071d53beaad8.bin,"[24, 222]"
1928,a0f449daaf89233d30079f2e4a3dad5788f69f1b.bin,118,734,datacopy/UCSB/a0f449daaf89233d30079f2e4a3dad5788f69f1b.bin,"[24, 222]"
1929,1137a1b92699dcec9bf20e4615fb58a577f98c2e.bin,118,734,datacopy/UCSB/1137a1b92699dcec9bf20e4615fb58a577f98c2e.bin,"[24, 222]"
1930,67df1963d75d69384c00bc3512507231982203d2.bin,118,734,datacopy/UCSB/67df1963d75d69384c00bc3512507231982203d2.bin,"[24, 222]"
1931,ccce32d88f1b48ed337a59a7c951942b04462587.bin,118,734,datacopy/UCSB/ccce32d88f1b48ed337a59a7c951942b04462587.bin,"[24, 222]"
1932,c078e625a253219662029cf762b710bb9a744c16.bin,118,734,datacopy/UCSB/c078e625a253219662029cf762b710bb9a744c16.bin,"[24, 222]"
1933,12c4b3c2a65c82d07a8f9cc5ae0f2a1a432cb73a.bin,118,734,datacopy/UCSB/12c4b3c2a65c82d07a8f9cc5ae0f2a1a432cb73a.bin,"[24, 222]"
1934,52d36e571f8a111603cf7834fdcc08656a9ac917.bin,118,734,datacopy/UCSB/52d36e571f8a111603cf7834fdcc08656a9ac917.bin,"[24, 222]"
1935,e1acd8bad05a7ed15379ca5deb08791294919f7c.bin,118,734,datacopy/UCSB/e1acd8bad05a7ed15379ca5deb08791294919f7c.bin,"[24, 222]"
1936,9691bb0f43202f48335eccbfbe18897daf88fc9b.bin,118,734,datacopy/UCSB/9691bb0f43202f48335eccbfbe18897daf88fc9b.bin,"[24, 222]"
1937,52e7fd534ea641f6fdf8259901729c48f47dfb46.bin,118,734,datacopy/UCSB/52e7fd534ea641f6fdf8259901729c48f47dfb46.bin,"[24, 222]"
1938,f3e9dc68b837bebe37713f5fef3142c845939d46.bin,118,734,datacopy/UCSB/f3e9dc68b837bebe37713f5fef3142c845939d46.bin,"[24, 222]"
1939,e7eef8fab0ad087070e824c7cce2507e19d61b40.bin,118,734,datacopy/UCSB/e7eef8fab0ad087070e824c7cce2507e19d61b40.bin,"[24, 222]"
1940,8702437250951f022577587c92bfdc22d698ce4d.bin,118,734,datacopy/UCSB/8702437250951f022577587c92bfdc22d698ce4d.bin,"[24, 222]"
1941,929c0bb5953040c5f54f627389f8fa2aae87cb39.bin,118,734,datacopy/UCSB/929c0bb5953040c5f54f627389f8fa2aae87cb39.bin,"[24, 222]"
1942,a7b1dbfb831828e816305f29d55640645bec9d35.bin,118,734,datacopy/UCSB/a7b1dbfb831828e816305f29d55640645bec9d35.bin,"[24, 222]"
1943,02b53f8b325833d8fd108dfda545d7de0e97fc0d.bin,118,734,datacopy/UCSB/02b53f8b325833d8fd108dfda545d7de0e97fc0d.bin,"[24, 222]"
1944,c6bae0c1ce2b96d57559440b526494962512873f.bin,118,734,datacopy/UCSB/c6bae0c1ce2b96d57559440b526494962512873f.bin,"[24, 222]"
1945,aac03c7a7edf7ef68731f3b42d5a5d5a64593cec.bin,118,734,datacopy/UCSB/aac03c7a7edf7ef68731f3b42d5a5d5a64593cec.bin,"[24, 222]"
1946,a6945673ea074a83d9d8a24c029102ba504c739a.bin,118,734,datacopy/UCSB/a6945673ea074a83d9d8a24c029102ba504c739a.bin,"[24, 222]"
1947,97193369e070afc7c2ccc91d8933314a9bea7bad.bin,118,734,datacopy/UCSB/97193369e070afc7c2ccc91d8933314a9bea7bad.bin,"[24, 222]"
1948,9339eb7e36e1ba813eb4426cddd7e9c533997b65.bin,118,734,datacopy/UCSB/9339eb7e36e1ba813eb4426cddd7e9c533997b65.bin,"[24, 222]"
1949,f605c10a2621e64596b699c7ddb658791042ee6b.bin,118,734,datacopy/UCSB/f605c10a2621e64596b699c7ddb658791042ee6b.bin,"[24, 222]"
1950,5963ef5521c224224ba9f6ef34ced46baf9f4523.bin,118,734,datacopy/UCSB/5963ef5521c224224ba9f6ef34ced46baf9f4523.bin,"[24, 222]"
1951,7fdc8defa6df7801efadf9ae55768f09dc1acd2f.bin,118,734,datacopy/UCSB/7fdc8defa6df7801efadf9ae55768f09dc1acd2f.bin,"[24, 222]"
1952,55d4c3b7f8898305718dce82fc8bd700fd5c8a85.bin,118,734,datacopy/UCSB/55d4c3b7f8898305718dce82fc8bd700fd5c8a85.bin,"[24, 222]"
1953,8c32d485b67d5b4088aebe70a7e033f4701cd31f.bin,118,734,datacopy/UCSB/8c32d485b67d5b4088aebe70a7e033f4701cd31f.bin,"[24, 222]"
1954,fd510ddb3ec11e546a1e4dfddd71c8387ee73b7e.bin,118,734,datacopy/UCSB/fd510ddb3ec11e546a1e4dfddd71c8387ee73b7e.bin,"[24, 222]"
1955,26368417e33030ba1ca3ba24fc058af92c018c70.bin,118,734,datacopy/UCSB/26368417e33030ba1ca3ba24fc058af92c018c70.bin,"[24, 222]"
1956,331e8134624c2ba6b01f35ae252bf18110daa4a0.bin,118,734,datacopy/UCSB/331e8134624c2ba6b01f35ae252bf18110daa4a0.bin,"[24, 222]"
1957,28394983a2c40254f56ddf855969191690375f6b.bin,118,734,datacopy/UCSB/28394983a2c40254f56ddf855969191690375f6b.bin,"[24, 222]"
1958,53b9439aeabce55f2c9b8e593169967fbd710286.bin,118,734,datacopy/UCSB/53b9439aeabce55f2c9b8e593169967fbd710286.bin,"[24, 222]"
1959,32319c6e62d457669b3542f8fdbbeac47c768ca1.bin,118,734,datacopy/UCSB/32319c6e62d457669b3542f8fdbbeac47c768ca1.bin,"[24, 222]"
1960,9a6ad6f296635ff3237c36a99a0e789697e21995.bin,118,734,datacopy/UCSB/9a6ad6f296635ff3237c36a99a0e789697e21995.bin,"[24, 222]"
1961,b131c7d4d39306dca23a6eede346e228f845a343.bin,118,734,datacopy/UCSB/b131c7d4d39306dca23a6eede346e228f845a343.bin,"[24, 222]"
1962,e3f9c600f3c3a4cb1ebf8e9c3c4a3c1747bf0687.bin,118,734,datacopy/UCSB/e3f9c600f3c3a4cb1ebf8e9c3c4a3c1747bf0687.bin,"[24, 222]"
1963,1b8fbc182dfed4618f4b8cf2236d2b77bf95e4f9.bin,118,734,datacopy/UCSB/1b8fbc182dfed4618f4b8cf2236d2b77bf95e4f9.bin,"[24, 222]"
1964,f8841e759fad58569fbc34f10aa987c49925514d.bin,118,734,datacopy/UCSB/f8841e759fad58569fbc34f10aa987c49925514d.bin,"[24, 222]"
1965,f9447399c0949410d55ba176fbc9974fa214b676.bin,118,734,datacopy/UCSB/f9447399c0949410d55ba176fbc9974fa214b676.bin,"[24, 222]"
1966,a0964150b327e918212822b45cf7b124d117ead1.bin,118,734,datacopy/UCSB/a0964150b327e918212822b45cf7b124d117ead1.bin,"[24, 222]"
1967,77da400f599a9dd93a9c0729812b48cf2c47b4e2.bin,118,734,datacopy/UCSB/77da400f599a9dd93a9c0729812b48cf2c47b4e2.bin,"[24, 222]"
1968,73fa893ed020b65258e5fc98af874efe37dc5114.bin,118,734,datacopy/UCSB/73fa893ed020b65258e5fc98af874efe37dc5114.bin,"[24, 222]"
1969,f80e1149e54216be098b7f58208115ce9ac696c5.bin,118,734,datacopy/UCSB/f80e1149e54216be098b7f58208115ce9ac696c5.bin,"[24, 222]"
1970,3b5edc3c572c62a476976ab166c2bd59c87f73ef.bin,118,734,datacopy/UCSB/3b5edc3c572c62a476976ab166c2bd59c87f73ef.bin,"[24, 222]"
1971,d7c4599e941e7d0a71bd9f3f0fdd67e6d275ce72.bin,118,734,datacopy/UCSB/d7c4599e941e7d0a71bd9f3f0fdd67e6d275ce72.bin,"[24, 222]"
1972,ecf0df204a161cc6041315963c753c66849a1332.bin,118,734,datacopy/UCSB/ecf0df204a161cc6041315963c753c66849a1332.bin,"[24, 222]"
1973,b077cad74cd20cd09e9f0e830b94b5b890f57f87.bin,118,734,datacopy/UCSB/b077cad74cd20cd09e9f0e830b94b5b890f57f87.bin,"[24, 222]"
1974,0f7027f55934bae17a6ccd506e35ee4f33951c3b.bin,118,734,datacopy/UCSB/0f7027f55934bae17a6ccd506e35ee4f33951c3b.bin,"[24, 222]"
1975,2b36ff626790926f9603abfb15a7f28d9d3d6615.bin,118,734,datacopy/UCSB/2b36ff626790926f9603abfb15a7f28d9d3d6615.bin,"[24, 222]"
1976,6eabb94636457269bcc190577e994caa9b36144b.bin,118,734,datacopy/UCSB/6eabb94636457269bcc190577e994caa9b36144b.bin,"[24, 222]"
1977,83310a241d36ea6b90a05008bf597d2213380d63.bin,118,734,datacopy/UCSB/83310a241d36ea6b90a05008bf597d2213380d63.bin,"[24, 222]"
1978,4a7db07fdf88866173c741d7661487723708485e.bin,118,734,datacopy/UCSB/4a7db07fdf88866173c741d7661487723708485e.bin,"[24, 222]"
1979,0252e92c38408438e939e0af742203afd7eca809.bin,118,734,datacopy/UCSB/0252e92c38408438e939e0af742203afd7eca809.bin,"[24, 222]"
1980,0a666860d1853b278bdb2ece0b71fece00fb86d1.bin,118,734,datacopy/UCSB/0a666860d1853b278bdb2ece0b71fece00fb86d1.bin,"[24, 222]"
1981,747efb24b4a9f5451440e34dee0e23f39b0880bb.bin,118,734,datacopy/UCSB/747efb24b4a9f5451440e34dee0e23f39b0880bb.bin,"[24, 222]"
1982,a7f6f44dadedc016a9d55119e86c049e9f3768b0.bin,118,734,datacopy/UCSB/a7f6f44dadedc016a9d55119e86c049e9f3768b0.bin,"[24, 222]"
1983,8051436ca4e9458f7ff7d5e075f4299b29554514.bin,118,734,datacopy/UCSB/8051436ca4e9458f7ff7d5e075f4299b29554514.bin,"[24, 222]"
1984,eb1da7a5ea36bde21a6db77e1c1f8cae495b81d9.bin,118,734,datacopy/UCSB/eb1da7a5ea36bde21a6db77e1c1f8cae495b81d9.bin,"[24, 222]"
1985,f7990ec29a9d76ca6fd74874387f484d48009015.bin,118,734,datacopy/UCSB/f7990ec29a9d76ca6fd74874387f484d48009015.bin,"[24, 222]"
1986,cd3df8fb026dd37a617f2c1bce734fb5914f7dfa.bin,118,734,datacopy/UCSB/cd3df8fb026dd37a617f2c1bce734fb5914f7dfa.bin,"[24, 222]"
1987,f5c9cbd8ba855cafcca1987dbba55a116c8cd524.bin,118,734,datacopy/UCSB/f5c9cbd8ba855cafcca1987dbba55a116c8cd524.bin,"[24, 222]"
1988,df523c9fc30211b0f17721e91b54ca38e13427ab.bin,118,734,datacopy/UCSB/df523c9fc30211b0f17721e91b54ca38e13427ab.bin,"[24, 222]"
1989,59fd8471d7a1ce0495f671833a67008d3c23c370.bin,118,734,datacopy/UCSB/59fd8471d7a1ce0495f671833a67008d3c23c370.bin,"[24, 222]"
1990,3d18767168880fa5e3afeade274c741a97f730fd.bin,118,734,datacopy/UCSB/3d18767168880fa5e3afeade274c741a97f730fd.bin,"[24, 222]"
1991,d92731729458d584258e7b1721a323b87bd7c0d3.bin,118,734,datacopy/UCSB/d92731729458d584258e7b1721a323b87bd7c0d3.bin,"[24, 222]"
1992,93e3ab6886e3e434288bcd6148baec54a07c2a58.bin,118,734,datacopy/UCSB/93e3ab6886e3e434288bcd6148baec54a07c2a58.bin,"[24, 222]"
1993,b4a6dd96c07c3041238cffa6659a13c9c9655493.bin,118,734,datacopy/UCSB/b4a6dd96c07c3041238cffa6659a13c9c9655493.bin,"[24, 222]"
1994,5910c1bc42bef1e360b124f0732db75da824bbaa.bin,118,734,datacopy/UCSB/5910c1bc42bef1e360b124f0732db75da824bbaa.bin,"[24, 222]"
1995,8403a80b6bf54b6c2603fb2890bb12b71efbeca8.bin,118,734,datacopy/UCSB/8403a80b6bf54b6c2603fb2890bb12b71efbeca8.bin,"[24, 222]"
1996,83a57ae30835e215be584b896264018c40f992c7.bin,118,734,datacopy/UCSB/83a57ae30835e215be584b896264018c40f992c7.bin,"[24, 222]"
1997,fd11a08112c4025b0c7262c368980845e97413b3.bin,118,734,datacopy/UCSB/fd11a08112c4025b0c7262c368980845e97413b3.bin,"[24, 222]"
1998,bcf8bfec6e8c8b3dd5fdfd170cdfbcd23f39af88.bin,118,734,datacopy/UCSB/bcf8bfec6e8c8b3dd5fdfd170cdfbcd23f39af88.bin,"[24, 222]"
1999,b639a96b10c6a6d4278f06f6328e2113db037d17.bin,118,734,datacopy/UCSB/b639a96b10c6a6d4278f06f6328e2113db037d17.bin,"[24, 222]"
2000,004b5183ef893da975044828df95f6a7617c92ba.bin,118,734,datacopy/UCSB/004b5183ef893da975044828df95f6a7617c92ba.bin,"[24, 222]"
2001,bea6f37c3dab2c4297eb8dce6acbcd3ae34a7bbb.bin,118,734,datacopy/UCSB/bea6f37c3dab2c4297eb8dce6acbcd3ae34a7bbb.bin,"[24, 222]"
2002,5e9f754f9221cea96fc37b10894215d9b1c652c8.bin,118,734,datacopy/UCSB/5e9f754f9221cea96fc37b10894215d9b1c652c8.bin,"[24, 222]"
2003,2405db084f76573a5f64379b238a6a729dac0eda.bin,118,734,datacopy/UCSB/2405db084f76573a5f64379b238a6a729dac0eda.bin,"[24, 222]"
2004,b12a05f74f269fa520b4ab8ee0d96be2773f1693.bin,118,734,datacopy/UCSB/b12a05f74f269fa520b4ab8ee0d96be2773f1693.bin,"[24, 222]"
2005,387377ae72e1eeaa2a7cd166da777f5ebe1130a5.bin,118,734,datacopy/UCSB/387377ae72e1eeaa2a7cd166da777f5ebe1130a5.bin,"[24, 222]"
2006,cb2ce572e7af4a1beabc808d6b1e000caff682d8.bin,118,734,datacopy/UCSB/cb2ce572e7af4a1beabc808d6b1e000caff682d8.bin,"[24, 222]"
2007,044446a8205b41b64ac8498b02dd389aede4922b.bin,118,734,datacopy/UCSB/044446a8205b41b64ac8498b02dd389aede4922b.bin,"[24, 222]"
2008,ad329660b4c98c4358fb20d2c062c9713a35db72.bin,118,734,datacopy/UCSB/ad329660b4c98c4358fb20d2c062c9713a35db72.bin,"[24, 222]"
2009,52bd1cc2c4d7db2efd4bc024035c96884b762404.bin,118,734,datacopy/UCSB/52bd1cc2c4d7db2efd4bc024035c96884b762404.bin,"[24, 222]"
2010,2e1c22115ce6041a13cb3d37cea2987c2f378497.bin,118,734,datacopy/UCSB/2e1c22115ce6041a13cb3d37cea2987c2f378497.bin,"[24, 222]"
2011,cdd017ca1d519f436d4d2e175b188802ec9bd169.bin,118,734,datacopy/UCSB/cdd017ca1d519f436d4d2e175b188802ec9bd169.bin,"[24, 222]"
2012,79d00802193fa20d959515ea36c88ce82736b00d.bin,118,734,datacopy/UCSB/79d00802193fa20d959515ea36c88ce82736b00d.bin,"[24, 222]"
2013,a899235e24baac59d25902d6225ecc4d8f64d36e.bin,118,734,datacopy/UCSB/a899235e24baac59d25902d6225ecc4d8f64d36e.bin,"[24, 222]"
2014,d2a9f64afdae95099a49024e3dd9b5fe2b4f064a.bin,118,734,datacopy/UCSB/d2a9f64afdae95099a49024e3dd9b5fe2b4f064a.bin,"[24, 222]"
2015,f4fceaa632fbd016f891992dd72930a4ee728a8b.bin,118,734,datacopy/UCSB/f4fceaa632fbd016f891992dd72930a4ee728a8b.bin,"[24, 222]"
2016,069e2ecd2de605c87dac9c37a17aeddb1cb98fa1.bin,118,734,datacopy/UCSB/069e2ecd2de605c87dac9c37a17aeddb1cb98fa1.bin,"[24, 222]"
2017,1fac03028e09e4c43f6bc502f0dd7e3efb717169.bin,118,734,datacopy/UCSB/1fac03028e09e4c43f6bc502f0dd7e3efb717169.bin,"[24, 222]"
2018,336045de9eca771b95640616af985b9aa4a394a1.bin,118,734,datacopy/UCSB/336045de9eca771b95640616af985b9aa4a394a1.bin,"[24, 222]"
2019,78fad8bf40a774927e9e123aa0149afbfece3500.bin,118,734,datacopy/UCSB/78fad8bf40a774927e9e123aa0149afbfece3500.bin,"[24, 222]"
2020,89869080eed741a50cbc100a078a10c46d290850.bin,118,734,datacopy/UCSB/89869080eed741a50cbc100a078a10c46d290850.bin,"[24, 222]"
2021,fe9b19257a4460301887c32e7baa6ace7c3d8b54.bin,118,734,datacopy/UCSB/fe9b19257a4460301887c32e7baa6ace7c3d8b54.bin,"[24, 222]"
2022,7c3d8ae61df5bf3b92778df72bd0a605d511d152.bin,118,734,datacopy/UCSB/7c3d8ae61df5bf3b92778df72bd0a605d511d152.bin,"[24, 222]"
2023,256e49a1447d28c9e6d414b545978ba92ce78ade.bin,118,734,datacopy/UCSB/256e49a1447d28c9e6d414b545978ba92ce78ade.bin,"[24, 222]"
2024,cd2fbe7cdcc7ce0641543d079d163e58de2e0f0e.bin,118,734,datacopy/UCSB/cd2fbe7cdcc7ce0641543d079d163e58de2e0f0e.bin,"[24, 222]"
2025,ba0d8fa992322a64282bb23ce2a810eaefa9a81c.bin,118,734,datacopy/UCSB/ba0d8fa992322a64282bb23ce2a810eaefa9a81c.bin,"[24, 222]"
2026,78cfb2b939d02ea08e54ec1b48868d2758755f7c.bin,118,734,datacopy/UCSB/78cfb2b939d02ea08e54ec1b48868d2758755f7c.bin,"[24, 222]"
2027,a30fe6ceeaf572d283244992db46cdcdbed6f663.bin,118,734,datacopy/UCSB/a30fe6ceeaf572d283244992db46cdcdbed6f663.bin,"[24, 222]"
2028,0c084a6ecacd1afa1b515c30144b00c6dbe47f35.bin,118,734,datacopy/UCSB/0c084a6ecacd1afa1b515c30144b00c6dbe47f35.bin,"[24, 222]"
2029,88918ee87ea218d9366079f1747813e4a85eef96.bin,118,734,datacopy/UCSB/88918ee87ea218d9366079f1747813e4a85eef96.bin,"[24, 222]"
2030,bba07bacedbca4bfc60e3a06d4a21417520d9f35.bin,118,54,datacopy/UCSB/bba07bacedbca4bfc60e3a06d4a21417520d9f35.bin,"[24, 222]"
2031,1cab197043a3ea9cc46ca1f0c2f96ca988da400c.bin,118,734,datacopy/UCSB/1cab197043a3ea9cc46ca1f0c2f96ca988da400c.bin,"[24, 222]"
2032,232514fb4e7d474814eaacd02ba391c7569b5fe6.bin,118,734,datacopy/UCSB/232514fb4e7d474814eaacd02ba391c7569b5fe6.bin,"[24, 222]"
2033,7a9ff79e3c7e0165da8a3f90b81953c98a14e239.bin,118,734,datacopy/UCSB/7a9ff79e3c7e0165da8a3f90b81953c98a14e239.bin,"[24, 222]"
2034,8e162bc4f7d50be91af02aa53981dea107ed3995.bin,118,734,datacopy/UCSB/8e162bc4f7d50be91af02aa53981dea107ed3995.bin,"[24, 222]"
2035,441b43018d81b1457f7e6aa45fcf0f9aa4aa5eb1.bin,118,734,datacopy/UCSB/441b43018d81b1457f7e6aa45fcf0f9aa4aa5eb1.bin,"[24, 222]"
2036,c57c11032237a0c687bd3ba1926b90f0de0b64b6.bin,118,734,datacopy/UCSB/c57c11032237a0c687bd3ba1926b90f0de0b64b6.bin,"[24, 222]"
2037,3e24f0687160624bbb361ea3d6fb103cd903f53a.bin,118,54,datacopy/UCSB/3e24f0687160624bbb361ea3d6fb103cd903f53a.bin,"[24, 222]"
2038,f8a26b3a271a50e898bff181d643b5c411490273.bin,118,734,datacopy/UCSB/f8a26b3a271a50e898bff181d643b5c411490273.bin,"[24, 222]"
2039,057a5f4265567e1fa813db7e1a1d37859ae9c820.bin,118,734,datacopy/UCSB/057a5f4265567e1fa813db7e1a1d37859ae9c820.bin,"[24, 222]"
2040,3f993cf020f7de2e39fa017dcfab75ef3b4b4962.bin,118,734,datacopy/UCSB/3f993cf020f7de2e39fa017dcfab75ef3b4b4962.bin,"[24, 222]"
2041,2f7ca24fa5de36f38ef85de9c64e17095ef77746.bin,118,734,datacopy/UCSB/2f7ca24fa5de36f38ef85de9c64e17095ef77746.bin,"[24, 222]"
2042,b2e813bb74284faf5971fe9d6780ae9a1d10c741.bin,118,734,datacopy/UCSB/b2e813bb74284faf5971fe9d6780ae9a1d10c741.bin,"[24, 222]"
2043,1d7df77039a11eb35e2fdd4fc55c60d65f048f77.bin,118,734,datacopy/UCSB/1d7df77039a11eb35e2fdd4fc55c60d65f048f77.bin,"[24, 222]"
2044,4cee723b3431f74df1ae3ccd338eefc1dc8fccd1.bin,118,734,datacopy/UCSB/4cee723b3431f74df1ae3ccd338eefc1dc8fccd1.bin,"[24, 222]"
2045,95907f9c6041ceaf2b5cb9f3a0d4207aad569a02.bin,118,734,datacopy/UCSB/95907f9c6041ceaf2b5cb9f3a0d4207aad569a02.bin,"[24, 222]"
2046,9382fc4d90b68d800bb96611defee2fc7370c894.bin,118,54,datacopy/UCSB/9382fc4d90b68d800bb96611defee2fc7370c894.bin,"[24, 222]"
2047,cbbade55c602d96be7697489f33ff9bed1d7293c.bin,118,734,datacopy/UCSB/cbbade55c602d96be7697489f33ff9bed1d7293c.bin,"[24, 222]"
2048,bb2fa023f6b6d8c52a7e4dc7bf0a267d42594c51.bin,118,734,datacopy/UCSB/bb2fa023f6b6d8c52a7e4dc7bf0a267d42594c51.bin,"[24, 222]"
2049,4ffd81480ea6cee5738396358c7013e7be709ad9.bin,118,734,datacopy/UCSB/4ffd81480ea6cee5738396358c7013e7be709ad9.bin,"[24, 222]"
2050,8401cfe63b42f2278e311c6520727fdebc6bd7a2.bin,118,734,datacopy/UCSB/8401cfe63b42f2278e311c6520727fdebc6bd7a2.bin,"[24, 222]"
2051,27c061b601363b18adfb356ec32da22c6887af8c.bin,118,734,datacopy/UCSB/27c061b601363b18adfb356ec32da22c6887af8c.bin,"[24, 222]"
2052,6983e58c597e4acaffa1a2d90898f8396d864bc5.bin,118,734,datacopy/UCSB/6983e58c597e4acaffa1a2d90898f8396d864bc5.bin,"[24, 222]"
2053,814102b1ce471a3656ac709fbe9a6c7a1162a264.bin,118,734,datacopy/UCSB/814102b1ce471a3656ac709fbe9a6c7a1162a264.bin,"[24, 222]"
2054,233832779486827425ec88dbc3d0c8e38e69b094.bin,118,734,datacopy/UCSB/233832779486827425ec88dbc3d0c8e38e69b094.bin,"[24, 222]"
2055,7f578b926cf9dc997203c2d3e4e6c33ccc10fb58.bin,118,734,datacopy/UCSB/7f578b926cf9dc997203c2d3e4e6c33ccc10fb58.bin,"[24, 222]"
2056,863560108b2d21ee90f5031f8da4eb089aa1fe3a.bin,118,734,datacopy/UCSB/863560108b2d21ee90f5031f8da4eb089aa1fe3a.bin,"[24, 222]"
2057,0986738973ddc03d9b3f529da8fdfc4545605516.bin,118,734,datacopy/UCSB/0986738973ddc03d9b3f529da8fdfc4545605516.bin,"[24, 222]"
2058,daca55a8daf8c5771cba342a3dd640837ea9d7cf.bin,118,734,datacopy/UCSB/daca55a8daf8c5771cba342a3dd640837ea9d7cf.bin,"[24, 222]"
2059,440339b9afd6278454fc3df90e8c18ed8a25b89b.bin,118,734,datacopy/UCSB/440339b9afd6278454fc3df90e8c18ed8a25b89b.bin,"[24, 222]"
2060,298bf0a175f99b250ea6ed68c68e9f42403ceb5c.bin,118,734,datacopy/UCSB/298bf0a175f99b250ea6ed68c68e9f42403ceb5c.bin,"[24, 222]"
2061,6210db24306456362b9702916f529f44c1a89865.bin,118,734,datacopy/UCSB/6210db24306456362b9702916f529f44c1a89865.bin,"[24, 222]"
2062,613a1a7f58e66e9ae31d2a47bd6d4d235b8dbbf5.bin,118,734,datacopy/UCSB/613a1a7f58e66e9ae31d2a47bd6d4d235b8dbbf5.bin,"[24, 222]"
2063,712a949eb4969b06740c81186d00bdca4eedbf85.bin,118,734,datacopy/UCSB/712a949eb4969b06740c81186d00bdca4eedbf85.bin,"[24, 222]"
2064,d87f4dd4090f6f6808c0a43973d385b7cb4131aa.bin,118,734,datacopy/UCSB/d87f4dd4090f6f6808c0a43973d385b7cb4131aa.bin,"[24, 222]"
2065,df97e8f1e24ea246fd1e27db230053f616e3cc98.bin,118,734,datacopy/UCSB/df97e8f1e24ea246fd1e27db230053f616e3cc98.bin,"[24, 222]"
2066,a1a2d4d4e60d61599b83484ffe6ffe3c00c25ed7.bin,118,734,datacopy/UCSB/a1a2d4d4e60d61599b83484ffe6ffe3c00c25ed7.bin,"[24, 222]"
2067,623aea3449d56f58c8df88eef61871e44b2d262f.bin,118,734,datacopy/UCSB/623aea3449d56f58c8df88eef61871e44b2d262f.bin,"[24, 222]"
2068,5283a9e2c4b6864d00349876b4ae4714fe4331bb.bin,118,734,datacopy/UCSB/5283a9e2c4b6864d00349876b4ae4714fe4331bb.bin,"[24, 222]"
2069,3805860244eaddd083e72ecb0ab4fbc0bbdb827e.bin,118,734,datacopy/UCSB/3805860244eaddd083e72ecb0ab4fbc0bbdb827e.bin,"[24, 222]"
2070,74cd5284c66e245f9c5e3d14441622aa89420a14.bin,118,734,datacopy/UCSB/74cd5284c66e245f9c5e3d14441622aa89420a14.bin,"[24, 222]"
2071,5318b43a2cc25449c4273887d38f246684422c85.bin,118,734,datacopy/UCSB/5318b43a2cc25449c4273887d38f246684422c85.bin,"[24, 222]"
2072,920eac1ce5795d0d63b92ecc62dbc1de81660949.bin,118,734,datacopy/UCSB/920eac1ce5795d0d63b92ecc62dbc1de81660949.bin,"[24, 222]"
2073,59600fa08299613fed266eaf13d5f1d0819d89f6.bin,118,734,datacopy/UCSB/59600fa08299613fed266eaf13d5f1d0819d89f6.bin,"[24, 222]"
2074,a7a8d61d7a9cca079cb5194c8475cd5bae1d288f.bin,118,54,datacopy/UCSB/a7a8d61d7a9cca079cb5194c8475cd5bae1d288f.bin,"[24, 222]"
2075,3cb9bbfd9770678308bdd25296b6c5e79834fbe3.bin,118,734,datacopy/UCSB/3cb9bbfd9770678308bdd25296b6c5e79834fbe3.bin,"[24, 222]"
2076,233a3e240aa1d09ca962fc8be22b897b71613da3.bin,118,734,datacopy/UCSB/233a3e240aa1d09ca962fc8be22b897b71613da3.bin,"[24, 222]"
2077,9bba76a35e74b33c9c5c64684ddd26ba7807db56.bin,118,734,datacopy/UCSB/9bba76a35e74b33c9c5c64684ddd26ba7807db56.bin,"[24, 222]"
2078,1937488c123716d2ae96859b69efbb12bac63458.bin,118,734,datacopy/UCSB/1937488c123716d2ae96859b69efbb12bac63458.bin,"[24, 222]"
2079,5596d2e6f737377e7272c2ff49e11afa71f69028.bin,118,734,datacopy/UCSB/5596d2e6f737377e7272c2ff49e11afa71f69028.bin,"[24, 222]"
2080,74ffcd103d6ae501573e3d28ab6e987a91e98b75.bin,118,734,datacopy/UCSB/74ffcd103d6ae501573e3d28ab6e987a91e98b75.bin,"[24, 222]"
2081,308735d25afb3db8ddb0354c8b9d8fcf0598616f.bin,118,734,datacopy/UCSB/308735d25afb3db8ddb0354c8b9d8fcf0598616f.bin,"[24, 222]"
2082,3c2540e5d2859548a2bb0a855e74b1f3118814b9.bin,118,734,datacopy/UCSB/3c2540e5d2859548a2bb0a855e74b1f3118814b9.bin,"[24, 222]"
2083,81f8f473cb6aec6183c31a3c37a60a58d9d8ce37.bin,118,734,datacopy/UCSB/81f8f473cb6aec6183c31a3c37a60a58d9d8ce37.bin,"[24, 222]"
2084,6dd79489d7fa242c890336de0e552a50a1a85bfe.bin,118,734,datacopy/UCSB/6dd79489d7fa242c890336de0e552a50a1a85bfe.bin,"[24, 222]"
2085,eaf65502e00a2bc61901ee1f47c0449c3da52589.bin,118,734,datacopy/UCSB/eaf65502e00a2bc61901ee1f47c0449c3da52589.bin,"[24, 222]"
2086,de7f6d3212e2fba84003bb28334b9551fd80c8af.bin,118,734,datacopy/UCSB/de7f6d3212e2fba84003bb28334b9551fd80c8af.bin,"[24, 222]"
2087,7b7ca3dd4a8bbe14695df8908de3c3977ef81af1.bin,118,734,datacopy/UCSB/7b7ca3dd4a8bbe14695df8908de3c3977ef81af1.bin,"[24, 222]"
2088,7ed636bc054fac6e061bbe196e8d3494f0186be0.bin,118,734,datacopy/UCSB/7ed636bc054fac6e061bbe196e8d3494f0186be0.bin,"[24, 222]"
2089,b31b4d71b71882906c4aa783597f14dd79b0ce4a.bin,118,734,datacopy/UCSB/b31b4d71b71882906c4aa783597f14dd79b0ce4a.bin,"[24, 222]"
2090,709c46ca835809ba2d71ec4e58bf8d935d8dedf0.bin,118,734,datacopy/UCSB/709c46ca835809ba2d71ec4e58bf8d935d8dedf0.bin,"[24, 222]"
2091,ebef6521f1d4f5949c60204f972e6baa576f5db8.bin,118,734,datacopy/UCSB/ebef6521f1d4f5949c60204f972e6baa576f5db8.bin,"[24, 222]"
2092,1eb70bf893968d18dbb4077bf4544817a8c9defc.bin,118,734,datacopy/UCSB/1eb70bf893968d18dbb4077bf4544817a8c9defc.bin,"[24, 222]"
2093,7317b1f2f0d73e1fa09dc4234a3ceafce3a948df.bin,118,734,datacopy/UCSB/7317b1f2f0d73e1fa09dc4234a3ceafce3a948df.bin,"[24, 222]"
2094,ae3c72fea111bc5a6d0c4577c3107c2f3ac4dc92.bin,118,734,datacopy/UCSB/ae3c72fea111bc5a6d0c4577c3107c2f3ac4dc92.bin,"[24, 222]"
2095,1fa746d61ae1931171bd01acec0654cbfc47f224.bin,118,734,datacopy/UCSB/1fa746d61ae1931171bd01acec0654cbfc47f224.bin,"[24, 222]"
2096,41234cc0ef84e13ec649330c7565e4a2ddbac9e6.bin,118,734,datacopy/UCSB/41234cc0ef84e13ec649330c7565e4a2ddbac9e6.bin,"[24, 222]"
2097,435b0177dd4cdae48e085f2d1ce2467d7446a935.bin,118,734,datacopy/UCSB/435b0177dd4cdae48e085f2d1ce2467d7446a935.bin,"[24, 222]"
2098,b75238376a4a96c49bd32308ba9ca8beb3bb6e4f.bin,118,734,datacopy/UCSB/b75238376a4a96c49bd32308ba9ca8beb3bb6e4f.bin,"[24, 222]"
2099,abf11ba1ffed9b94b63a111a8f09d4f46b447d87.bin,118,734,datacopy/UCSB/abf11ba1ffed9b94b63a111a8f09d4f46b447d87.bin,"[24, 222]"
2100,d401d00ea196e050677d494ac57819369161770e.bin,118,734,datacopy/UCSB/d401d00ea196e050677d494ac57819369161770e.bin,"[24, 222]"
2101,4332d2fba0e8554c0157d8a6424c77880aa78cfb.bin,118,734,datacopy/UCSB/4332d2fba0e8554c0157d8a6424c77880aa78cfb.bin,"[24, 222]"
2102,842c4539d1254f42c883ecba1267afd6517a4b7a.bin,118,734,datacopy/UCSB/842c4539d1254f42c883ecba1267afd6517a4b7a.bin,"[24, 222]"
2103,581ac123fc870172b1ad04de105104354b02e43c.bin,118,734,datacopy/UCSB/581ac123fc870172b1ad04de105104354b02e43c.bin,"[24, 222]"
2104,ee71de2f13766612964aabe41ea5e17731e09e7f.bin,118,734,datacopy/UCSB/ee71de2f13766612964aabe41ea5e17731e09e7f.bin,"[24, 222]"
2105,253d6080c7c6b13a4acbbc2b63d6b2f67222403f.bin,118,734,datacopy/UCSB/253d6080c7c6b13a4acbbc2b63d6b2f67222403f.bin,"[24, 222]"
2106,fdc13255e35a147d4e16a377c99be950f7f8878a.bin,118,734,datacopy/UCSB/fdc13255e35a147d4e16a377c99be950f7f8878a.bin,"[24, 222]"
2107,db1f66fec7d74f240be6d082534cc27c7dc3baea.bin,118,54,datacopy/UCSB/db1f66fec7d74f240be6d082534cc27c7dc3baea.bin,"[24, 222]"
2108,e981f488d0b5e1f8406f2c30fe8c701c4a0493c7.bin,118,734,datacopy/UCSB/e981f488d0b5e1f8406f2c30fe8c701c4a0493c7.bin,"[24, 222]"
2109,2e9af8dbe5c79794b9ff547a6e5bfa055458432e.bin,118,734,datacopy/UCSB/2e9af8dbe5c79794b9ff547a6e5bfa055458432e.bin,"[24, 222]"
2110,e8470138c8ac482773b9a562aa6dd86df00ffa32.bin,118,734,datacopy/UCSB/e8470138c8ac482773b9a562aa6dd86df00ffa32.bin,"[24, 222]"
2111,0d5eccffb75b69a49c58be4f4406acef0746bb64.bin,118,734,datacopy/UCSB/0d5eccffb75b69a49c58be4f4406acef0746bb64.bin,"[24, 222]"
2112,7be06c5fd7bb9353f47152852b47d7d547e9e870.bin,118,734,datacopy/UCSB/7be06c5fd7bb9353f47152852b47d7d547e9e870.bin,"[24, 222]"
2113,5869eef4ca88a183bc6f2373ccc0b6a8ed2fc946.bin,118,734,datacopy/UCSB/5869eef4ca88a183bc6f2373ccc0b6a8ed2fc946.bin,"[24, 222]"
2114,c9dc268749c82cd4ac48e88bdd430dd94ecdef04.bin,118,734,datacopy/UCSB/c9dc268749c82cd4ac48e88bdd430dd94ecdef04.bin,"[24, 222]"
2115,2ae283c0ce47ac1d190e1d5036ca77600043f143.bin,118,734,datacopy/UCSB/2ae283c0ce47ac1d190e1d5036ca77600043f143.bin,"[24, 222]"
2116,8a2206bcb62ddd3686c86edb5300deb92047385b.bin,118,734,datacopy/UCSB/8a2206bcb62ddd3686c86edb5300deb92047385b.bin,"[24, 222]"
2117,e2eac41a50385a6ef66a23c928aee0c3c518e7a1.bin,118,734,datacopy/UCSB/e2eac41a50385a6ef66a23c928aee0c3c518e7a1.bin,"[24, 222]"
2118,7734733659f9bb56d5a59e1946a80d4ca129499d.bin,118,734,datacopy/UCSB/7734733659f9bb56d5a59e1946a80d4ca129499d.bin,"[24, 222]"
2119,c79f8796bbae267b8b373278f7460a46f51e33c8.bin,118,734,datacopy/UCSB/c79f8796bbae267b8b373278f7460a46f51e33c8.bin,"[24, 222]"
2120,3c545a68849dd42def8a2370fa74710f195eb964.bin,118,734,datacopy/UCSB/3c545a68849dd42def8a2370fa74710f195eb964.bin,"[24, 222]"
2121,2b2592bcf4b6511a916ef16bda2c78ee282f4dce.bin,118,54,datacopy/UCSB/2b2592bcf4b6511a916ef16bda2c78ee282f4dce.bin,"[24, 222]"
2122,034f29601a77bc19700c9c18d523593cb1b52159.bin,118,734,datacopy/UCSB/034f29601a77bc19700c9c18d523593cb1b52159.bin,"[24, 222]"
2123,45321b7cca111de15848e7aa745e81987a0f91b0.bin,118,734,datacopy/UCSB/45321b7cca111de15848e7aa745e81987a0f91b0.bin,"[24, 222]"
2124,ff79cac54c415eb25fa3a6f18a1cb105b80bd1f5.bin,118,54,datacopy/UCSB/ff79cac54c415eb25fa3a6f18a1cb105b80bd1f5.bin,"[24, 222]"
2125,1e4dfdbf820a84d4b3594742ed3504aef5601201.bin,118,734,datacopy/UCSB/1e4dfdbf820a84d4b3594742ed3504aef5601201.bin,"[24, 222]"
2126,aa1dddde462dfa436cdedb26b1b893c5a7b37038.bin,118,54,datacopy/UCSB/aa1dddde462dfa436cdedb26b1b893c5a7b37038.bin,"[24, 222]"
2127,568c664212e0d7565136edcb2b403bf6e073b726.bin,118,734,datacopy/UCSB/568c664212e0d7565136edcb2b403bf6e073b726.bin,"[24, 222]"
2128,25e9017db92fde90bb77b2b6a4b46b93a465b424.bin,118,734,datacopy/UCSB/25e9017db92fde90bb77b2b6a4b46b93a465b424.bin,"[24, 222]"
2129,92b903f7f550ab37308403e9c7da37992568a840.bin,118,734,datacopy/UCSB/92b903f7f550ab37308403e9c7da37992568a840.bin,"[24, 222]"
2130,4a752c19045e2eb895527372c35c175317b383a1.bin,118,734,datacopy/UCSB/4a752c19045e2eb895527372c35c175317b383a1.bin,"[24, 222]"
2131,f3475e1bf0f45fd830611583f81f1d50eeeba9e7.bin,118,734,datacopy/UCSB/f3475e1bf0f45fd830611583f81f1d50eeeba9e7.bin,"[24, 222]"
2132,ece366c7aa88226aac9a0fb5339a1e48c3a20859.bin,118,734,datacopy/UCSB/ece366c7aa88226aac9a0fb5339a1e48c3a20859.bin,"[24, 222]"
2133,54ef07ff94cb45ae0f055fa37c0909cb31352d1c.bin,118,734,datacopy/UCSB/54ef07ff94cb45ae0f055fa37c0909cb31352d1c.bin,"[24, 222]"
2134,15dbb7aa6b97040d706dbbf7f0fa59e35ee2c715.bin,118,734,datacopy/UCSB/15dbb7aa6b97040d706dbbf7f0fa59e35ee2c715.bin,"[24, 222]"
2135,da820ceacd7408607506965fd1f109444def6f5c.bin,118,734,datacopy/UCSB/da820ceacd7408607506965fd1f109444def6f5c.bin,"[24, 222]"
2136,2dc92225881f3935b955f749fbe1c07aad211cab.bin,118,734,datacopy/UCSB/2dc92225881f3935b955f749fbe1c07aad211cab.bin,"[24, 222]"
2137,5a0b4dd85e6603fdcbf482c4de2549d680a67e43.bin,118,734,datacopy/UCSB/5a0b4dd85e6603fdcbf482c4de2549d680a67e43.bin,"[24, 222]"
2138,f10683347d7169b6a3aaef167b4f43fa19f30629.bin,118,734,datacopy/UCSB/f10683347d7169b6a3aaef167b4f43fa19f30629.bin,"[24, 222]"
2139,06f652398a88c474da061049b990ee1bb575164f.bin,118,734,datacopy/UCSB/06f652398a88c474da061049b990ee1bb575164f.bin,"[24, 222]"
2140,7dc241ade94422098c6924832a48d6204882ec8e.bin,118,734,datacopy/UCSB/7dc241ade94422098c6924832a48d6204882ec8e.bin,"[24, 222]"
2141,30f21c5fdf4a31bfd0c87a71f17ed6b2b0c1f55e.bin,118,734,datacopy/UCSB/30f21c5fdf4a31bfd0c87a71f17ed6b2b0c1f55e.bin,"[24, 222]"
2142,ace12cd7d59ea1fa2668c18e0955fae677e1fa98.bin,118,734,datacopy/UCSB/ace12cd7d59ea1fa2668c18e0955fae677e1fa98.bin,"[24, 222]"
2143,7fc0d5e7a8ca98e1859bcb904854c32bc0eccc87.bin,118,734,datacopy/UCSB/7fc0d5e7a8ca98e1859bcb904854c32bc0eccc87.bin,"[24, 222]"
2144,613ee3f7e98b0ef49701db1232cfb898ca421fac.bin,118,734,datacopy/UCSB/613ee3f7e98b0ef49701db1232cfb898ca421fac.bin,"[24, 222]"
2145,5f42c842d2eafb3656c2a077cad96fec8883e6ca.bin,118,734,datacopy/UCSB/5f42c842d2eafb3656c2a077cad96fec8883e6ca.bin,"[24, 222]"
2146,25400a831a410c8508543d5747dcec8765bde0fd.bin,118,734,datacopy/UCSB/25400a831a410c8508543d5747dcec8765bde0fd.bin,"[24, 222]"
2147,9eb7967b67862ea56a22558ddb9a9888270b3227.bin,118,734,datacopy/UCSB/9eb7967b67862ea56a22558ddb9a9888270b3227.bin,"[24, 222]"
2148,f04dbdcd67c5a4fdccdd0df0fe10d810cdacba8a.bin,118,734,datacopy/UCSB/f04dbdcd67c5a4fdccdd0df0fe10d810cdacba8a.bin,"[24, 222]"
2149,c6696679ee9b7471eaf6089ac8f49d4c4fda3311.bin,118,734,datacopy/UCSB/c6696679ee9b7471eaf6089ac8f49d4c4fda3311.bin,"[24, 222]"
2150,ba27577bfa17476e3fa7f508c49c197c44c4c60c.bin,118,54,datacopy/UCSB/ba27577bfa17476e3fa7f508c49c197c44c4c60c.bin,"[24, 222]"
2151,5a3c6559e5e58b426eea38d557fbec8f8425b426.bin,118,734,datacopy/UCSB/5a3c6559e5e58b426eea38d557fbec8f8425b426.bin,"[24, 222]"
2152,a047b56d66c4d9e7858d9b1a3278169f338ae71d.bin,118,734,datacopy/UCSB/a047b56d66c4d9e7858d9b1a3278169f338ae71d.bin,"[24, 222]"
2153,ccf032b0948c17840a3ceac6dbcb19210c3e4487.bin,118,734,datacopy/UCSB/ccf032b0948c17840a3ceac6dbcb19210c3e4487.bin,"[24, 222]"
2154,b7e080c764e1891436d5f0f7886e0ce4f6f02d7f.bin,118,734,datacopy/UCSB/b7e080c764e1891436d5f0f7886e0ce4f6f02d7f.bin,"[24, 222]"
2155,45e54e6d9e4fee576659fe858201ea2973d25952.bin,118,54,datacopy/UCSB/45e54e6d9e4fee576659fe858201ea2973d25952.bin,"[24, 222]"
2156,082e1be9fe7291dc7445d5db4b4852aeefbbbbbd.bin,118,734,datacopy/UCSB/082e1be9fe7291dc7445d5db4b4852aeefbbbbbd.bin,"[24, 222]"
2157,7ffe95acfd8fccd15a5608cdd5138f73287fea97.bin,118,734,datacopy/UCSB/7ffe95acfd8fccd15a5608cdd5138f73287fea97.bin,"[24, 222]"
2158,3380b3ee21bc12a753e4bbd8e432090ffaef7a78.bin,118,734,datacopy/UCSB/3380b3ee21bc12a753e4bbd8e432090ffaef7a78.bin,"[24, 222]"
2159,930a38a6df493d7884af56560f664a6c804c4b5e.bin,118,734,datacopy/UCSB/930a38a6df493d7884af56560f664a6c804c4b5e.bin,"[24, 222]"
2160,201bd2f7294a86c739faa80a371e7d8e9a9d471a.bin,118,734,datacopy/UCSB/201bd2f7294a86c739faa80a371e7d8e9a9d471a.bin,"[24, 222]"
2161,0a4cf434e1647fa473bcdf13ab8b8e9f8371eb27.bin,118,734,datacopy/UCSB/0a4cf434e1647fa473bcdf13ab8b8e9f8371eb27.bin,"[24, 222]"
2162,52b5ae521098369242baabf22bb661ed52dbe873.bin,118,734,datacopy/UCSB/52b5ae521098369242baabf22bb661ed52dbe873.bin,"[24, 222]"
2163,0ddfca87a5ea050936c0c0fbc2bceebbe883074c.bin,118,734,datacopy/UCSB/0ddfca87a5ea050936c0c0fbc2bceebbe883074c.bin,"[24, 222]"
2164,c5fde1712726f61dc10723075e40badcf98b23e6.bin,118,734,datacopy/UCSB/c5fde1712726f61dc10723075e40badcf98b23e6.bin,"[24, 222]"
2165,5cdf9e318cdd12089106bbabb5e2ea63060055c5.bin,118,734,datacopy/UCSB/5cdf9e318cdd12089106bbabb5e2ea63060055c5.bin,"[24, 222]"
2166,a9aed0765696a16bc50d88f5341a340353067875.bin,118,734,datacopy/UCSB/a9aed0765696a16bc50d88f5341a340353067875.bin,"[24, 222]"
2167,05ee648e842f93abd73c1bbc44329e856b197ae7.bin,118,734,datacopy/UCSB/05ee648e842f93abd73c1bbc44329e856b197ae7.bin,"[24, 222]"
2168,9ee7e5c9dbea7cd13195e0ed04a7e88d50ee6a07.bin,118,734,datacopy/UCSB/9ee7e5c9dbea7cd13195e0ed04a7e88d50ee6a07.bin,"[24, 222]"
2169,b58ed714a8ca6939859b6caf2c0a02f6a28a3aea.bin,118,734,datacopy/UCSB/b58ed714a8ca6939859b6caf2c0a02f6a28a3aea.bin,"[24, 222]"
2170,a90707943c516310e33df6d917054413229212b5.bin,118,734,datacopy/UCSB/a90707943c516310e33df6d917054413229212b5.bin,"[24, 222]"
2171,500c6962486a49683ad2eba183c65e3ed68284c4.bin,118,734,datacopy/UCSB/500c6962486a49683ad2eba183c65e3ed68284c4.bin,"[24, 222]"
2172,87888dfb32e0b0e08728170c7753b1c6f2354833.bin,118,734,datacopy/UCSB/87888dfb32e0b0e08728170c7753b1c6f2354833.bin,"[24, 222]"
2173,bfdc6d02f92d2aaf8ee513502efacc18b31d4a0b.bin,118,734,datacopy/UCSB/bfdc6d02f92d2aaf8ee513502efacc18b31d4a0b.bin,"[24, 222]"
2174,9f1bbc1bcb9c43dbae11efea029f1c400efa99a1.bin,118,734,datacopy/UCSB/9f1bbc1bcb9c43dbae11efea029f1c400efa99a1.bin,"[24, 222]"
2175,25b179a1a0d2cec7dc395d28d0e512ba704122aa.bin,118,734,datacopy/UCSB/25b179a1a0d2cec7dc395d28d0e512ba704122aa.bin,"[24, 222]"
2176,fc642493940a3f9202b1e30071abc3850709005b.bin,118,54,datacopy/UCSB/fc642493940a3f9202b1e30071abc3850709005b.bin,"[24, 222]"
2177,8917ad807d41a00a37314aea5715303123c3cbe4.bin,118,734,datacopy/UCSB/8917ad807d41a00a37314aea5715303123c3cbe4.bin,"[24, 222]"
2178,c4f91a14d977479f95bb3bb4f942e20f9c3e0d72.bin,118,734,datacopy/UCSB/c4f91a14d977479f95bb3bb4f942e20f9c3e0d72.bin,"[24, 222]"
2179,d96c08b9b02cc1e3617abc7f6575c0cfc0bb70d5.bin,118,734,datacopy/UCSB/d96c08b9b02cc1e3617abc7f6575c0cfc0bb70d5.bin,"[24, 222]"
2180,c3fc595eed5206a395616d0f35ad8b9bc865bedf.bin,118,734,datacopy/UCSB/c3fc595eed5206a395616d0f35ad8b9bc865bedf.bin,"[24, 222]"
2181,fd2f517fc1c19b6a1f7e595d851370b3ced5a93f.bin,118,734,datacopy/UCSB/fd2f517fc1c19b6a1f7e595d851370b3ced5a93f.bin,"[24, 222]"
2182,0a59b2f0d346e7393a0acf3f2efe41652cfc22cf.bin,118,734,datacopy/UCSB/0a59b2f0d346e7393a0acf3f2efe41652cfc22cf.bin,"[24, 222]"
2183,2cb71d3c0a6ac6b9d418a92ef0a272d21c3c58ff.bin,118,734,datacopy/UCSB/2cb71d3c0a6ac6b9d418a92ef0a272d21c3c58ff.bin,"[24, 222]"
2184,56d36cbde95bdaf8165cbb1bf611a36d764a62bc.bin,118,734,datacopy/UCSB/56d36cbde95bdaf8165cbb1bf611a36d764a62bc.bin,"[24, 222]"
2185,d45007d5ba11aca7db936da4b46fc1da25acd635.bin,118,734,datacopy/UCSB/d45007d5ba11aca7db936da4b46fc1da25acd635.bin,"[24, 222]"
2186,91adf2bd74ed9997522227fca0a62f9fc9c51001.bin,118,734,datacopy/UCSB/91adf2bd74ed9997522227fca0a62f9fc9c51001.bin,"[24, 222]"
2187,bd681e11a452114f20f656f20e5972e3bf276a72.bin,118,734,datacopy/UCSB/bd681e11a452114f20f656f20e5972e3bf276a72.bin,"[24, 222]"
2188,442be037576e7c2e83bdc51d5b006c0d81766569.bin,118,734,datacopy/UCSB/442be037576e7c2e83bdc51d5b006c0d81766569.bin,"[24, 222]"
2189,1f9a0a15cc90705dc3c70b4bdf72ae3bbe5d31fe.bin,118,734,datacopy/UCSB/1f9a0a15cc90705dc3c70b4bdf72ae3bbe5d31fe.bin,"[24, 222]"
2190,caaf0b9c95307eb1bd67177cf31241771c1deb14.bin,118,734,datacopy/UCSB/caaf0b9c95307eb1bd67177cf31241771c1deb14.bin,"[24, 222]"
2191,9ee2ea803512235f91388c497cffeff02728360e.bin,118,734,datacopy/UCSB/9ee2ea803512235f91388c497cffeff02728360e.bin,"[24, 222]"
2192,7e84ea7578d8e9b4351c6867103ea1390b246f6f.bin,118,734,datacopy/UCSB/7e84ea7578d8e9b4351c6867103ea1390b246f6f.bin,"[24, 222]"
2193,07f3ade623ef1420d4f963c1f9aae06f985975cf.bin,118,734,datacopy/UCSB/07f3ade623ef1420d4f963c1f9aae06f985975cf.bin,"[24, 222]"
2194,dd58181ac0d8e9221f3ee3ebc1f9ff9bdbd67d66.bin,118,734,datacopy/UCSB/dd58181ac0d8e9221f3ee3ebc1f9ff9bdbd67d66.bin,"[24, 222]"
2195,9df8d8c150536f4b8386b298401b5e0ba1ebf4ca.bin,118,734,datacopy/UCSB/9df8d8c150536f4b8386b298401b5e0ba1ebf4ca.bin,"[24, 222]"
2196,5b922015db76578618ac2cc675e72df7fb8b1406.bin,118,734,datacopy/UCSB/5b922015db76578618ac2cc675e72df7fb8b1406.bin,"[24, 222]"
2197,6249b122a1ab16a3124944ef26bf880da8007ca9.bin,118,734,datacopy/UCSB/6249b122a1ab16a3124944ef26bf880da8007ca9.bin,"[24, 222]"
2198,988cff29565db0a0ee54031727963930ebd4d0f7.bin,118,734,datacopy/UCSB/988cff29565db0a0ee54031727963930ebd4d0f7.bin,"[24, 222]"
2199,c4a193ee4e7823c1a7adf1d3bcd35654a10c6dec.bin,118,734,datacopy/UCSB/c4a193ee4e7823c1a7adf1d3bcd35654a10c6dec.bin,"[24, 222]"
2200,f1b2c99aad711f7505421d47e408255c5fd9decf.bin,118,734,datacopy/UCSB/f1b2c99aad711f7505421d47e408255c5fd9decf.bin,"[24, 222]"
2201,f1a1ca17d1a29f092ed82966e47b964810c85eb4.bin,118,734,datacopy/UCSB/f1a1ca17d1a29f092ed82966e47b964810c85eb4.bin,"[24, 222]"
2202,80456ed8dd21f8b1797de738e39bec8a398e832c.bin,118,734,datacopy/UCSB/80456ed8dd21f8b1797de738e39bec8a398e832c.bin,"[24, 222]"
2203,6ab4c0e10d228685c527ccdfefadc0eae1134364.bin,118,734,datacopy/UCSB/6ab4c0e10d228685c527ccdfefadc0eae1134364.bin,"[24, 222]"
2204,8d1c4ec4e5792c17def29be1c2137a83755802b7.bin,118,734,datacopy/UCSB/8d1c4ec4e5792c17def29be1c2137a83755802b7.bin,"[24, 222]"
2205,82554b9900172a42c1ad75bfbc7bf4a80ac7919d.bin,118,734,datacopy/UCSB/82554b9900172a42c1ad75bfbc7bf4a80ac7919d.bin,"[24, 222]"
2206,375db30fc4500597114282f58a967a5869cf4830.bin,118,734,datacopy/UCSB/375db30fc4500597114282f58a967a5869cf4830.bin,"[24, 222]"
2207,9784b4d4efb9ba6a6e2a9faf487a92310b032196.bin,118,734,datacopy/UCSB/9784b4d4efb9ba6a6e2a9faf487a92310b032196.bin,"[24, 222]"
2208,8879aa1abc65947d4bf232d5ff7ea57f87ee867b.bin,118,734,datacopy/UCSB/8879aa1abc65947d4bf232d5ff7ea57f87ee867b.bin,"[24, 222]"
2209,c87500a79d6a0893bcd9fd6e15e44cc6dadb0f19.bin,118,734,datacopy/UCSB/c87500a79d6a0893bcd9fd6e15e44cc6dadb0f19.bin,"[24, 222]"
2210,97d2b0a7b8ea920dcf6de9bb239d43e64ba199f9.bin,118,734,datacopy/UCSB/97d2b0a7b8ea920dcf6de9bb239d43e64ba199f9.bin,"[24, 222]"
2211,d260b76e11c7d6cb2bf4d70fcfbb2a985ea967a1.bin,118,734,datacopy/UCSB/d260b76e11c7d6cb2bf4d70fcfbb2a985ea967a1.bin,"[24, 222]"
2212,37e26eac1b33a11d6e776906952a2ae930d1a065.bin,118,734,datacopy/UCSB/37e26eac1b33a11d6e776906952a2ae930d1a065.bin,"[24, 222]"
2213,959817cfccdb36925a72848810f372020da2ba10.bin,118,734,datacopy/UCSB/959817cfccdb36925a72848810f372020da2ba10.bin,"[24, 222]"
2214,1d6b3b674e21bf8a9d823a8f7b666cb17408eb39.bin,118,734,datacopy/UCSB/1d6b3b674e21bf8a9d823a8f7b666cb17408eb39.bin,"[24, 222]"
2215,d4416376c816d52ec3100204fbdcbadf23af7c21.bin,118,734,datacopy/UCSB/d4416376c816d52ec3100204fbdcbadf23af7c21.bin,"[24, 222]"
2216,bf624e807f11d31d65f9ca9ffc1ad1d2f0c57707.bin,118,734,datacopy/UCSB/bf624e807f11d31d65f9ca9ffc1ad1d2f0c57707.bin,"[24, 222]"
2217,a6d69b45f86e0f8e75af6861b5b6aa46ca26f360.bin,118,734,datacopy/UCSB/a6d69b45f86e0f8e75af6861b5b6aa46ca26f360.bin,"[24, 222]"
2218,69e6302b22e2091532d675e717e94d5f8f81da65.bin,118,734,datacopy/UCSB/69e6302b22e2091532d675e717e94d5f8f81da65.bin,"[24, 222]"
2219,c10be92aee3b99376c47200a239c963b7835ca0f.bin,118,734,datacopy/UCSB/c10be92aee3b99376c47200a239c963b7835ca0f.bin,"[24, 222]"
2220,fc11481fd8d7a4e4f7cc093c204bfe4571de7aa8.bin,118,734,datacopy/UCSB/fc11481fd8d7a4e4f7cc093c204bfe4571de7aa8.bin,"[24, 222]"
2221,332178c8e4adfa6886c744d731b0f3650728bfa2.bin,118,734,datacopy/UCSB/332178c8e4adfa6886c744d731b0f3650728bfa2.bin,"[24, 222]"
2222,0feeb912dfad6ed152f2c6e8405a16ce2993f513.bin,118,734,datacopy/UCSB/0feeb912dfad6ed152f2c6e8405a16ce2993f513.bin,"[24, 222]"
2223,cae55f48c99d5bf1099ad66023d4b871b4fb5c21.bin,118,734,datacopy/UCSB/cae55f48c99d5bf1099ad66023d4b871b4fb5c21.bin,"[24, 222]"
2224,6d9a9295f4d8f38f478cf946824b5478608cb63c.bin,118,734,datacopy/UCSB/6d9a9295f4d8f38f478cf946824b5478608cb63c.bin,"[24, 222]"
2225,21e4ce9021a6f9b8bc55c6b067e80dccc8797891.bin,118,734,datacopy/UCSB/21e4ce9021a6f9b8bc55c6b067e80dccc8797891.bin,"[24, 222]"
2226,fc955e97d21f576ecf323584e3729e90fbb0c87b.bin,118,734,datacopy/UCSB/fc955e97d21f576ecf323584e3729e90fbb0c87b.bin,"[24, 222]"
2227,1b80a601a9cdcb59655e8ac6b2cf3fd04d62d396.bin,118,734,datacopy/UCSB/1b80a601a9cdcb59655e8ac6b2cf3fd04d62d396.bin,"[24, 222]"
2228,b4b31755b3c156264e5b8d2f3ebcff751ac15c27.bin,118,734,datacopy/UCSB/b4b31755b3c156264e5b8d2f3ebcff751ac15c27.bin,"[24, 222]"
2229,680f62ac4bb59dab39355d6e5a0a6acdf4d76e4f.bin,118,734,datacopy/UCSB/680f62ac4bb59dab39355d6e5a0a6acdf4d76e4f.bin,"[24, 222]"
2230,907dbcacac3abf11e72b4009e512a9aa789cc9c9.bin,118,734,datacopy/UCSB/907dbcacac3abf11e72b4009e512a9aa789cc9c9.bin,"[24, 222]"
2231,57f0e987f07bda9625ba7ea1f88739470f066bee.bin,118,734,datacopy/UCSB/57f0e987f07bda9625ba7ea1f88739470f066bee.bin,"[24, 222]"
2232,bd3fae435ffd609217a3808d8f51ad001c229a68.bin,118,734,datacopy/UCSB/bd3fae435ffd609217a3808d8f51ad001c229a68.bin,"[24, 222]"
2233,4f777e80fa66cdcfdfb55a2c241409c0938e9bb8.bin,118,734,datacopy/UCSB/4f777e80fa66cdcfdfb55a2c241409c0938e9bb8.bin,"[24, 222]"
2234,9f23f6093d974c018a873e4d328712c59f5940e0.bin,118,734,datacopy/UCSB/9f23f6093d974c018a873e4d328712c59f5940e0.bin,"[24, 222]"
2235,8dace9f8c8ea79fcdba1c27c3ce48ce020c80220.bin,118,734,datacopy/UCSB/8dace9f8c8ea79fcdba1c27c3ce48ce020c80220.bin,"[24, 222]"
2236,ca7d6c2bc5da532430dabfbc2efe3687bd49d3c4.bin,118,734,datacopy/UCSB/ca7d6c2bc5da532430dabfbc2efe3687bd49d3c4.bin,"[24, 222]"
2237,3ca2dbcaa0ab669c0390863312abd36306c278ee.bin,118,734,datacopy/UCSB/3ca2dbcaa0ab669c0390863312abd36306c278ee.bin,"[24, 222]"
2238,41f8a002fdebd5ae178139ae2b01ccedbfe84d08.bin,118,734,datacopy/UCSB/41f8a002fdebd5ae178139ae2b01ccedbfe84d08.bin,"[24, 222]"
2239,95b5edee2bfe7df73a73daf3abb21403ed4505ad.bin,118,734,datacopy/UCSB/95b5edee2bfe7df73a73daf3abb21403ed4505ad.bin,"[24, 222]"
2240,6e89ec96e1a143b5d44f113f5d492f8306f3dceb.bin,118,734,datacopy/UCSB/6e89ec96e1a143b5d44f113f5d492f8306f3dceb.bin,"[24, 222]"
2241,ee26efd60bd55a842f6e67d84f329ea36830fcb1.bin,118,734,datacopy/UCSB/ee26efd60bd55a842f6e67d84f329ea36830fcb1.bin,"[24, 222]"
2242,1423929a67fbee25adaf56bc96751390263777cf.bin,118,734,datacopy/UCSB/1423929a67fbee25adaf56bc96751390263777cf.bin,"[24, 222]"
2243,f47c79a337b0e57770dcc078a5b39bfa4bbb1b84.bin,118,734,datacopy/UCSB/f47c79a337b0e57770dcc078a5b39bfa4bbb1b84.bin,"[24, 222]"
2244,51d59726396927fd13e4a1f074b35151eba9e105.bin,118,734,datacopy/UCSB/51d59726396927fd13e4a1f074b35151eba9e105.bin,"[24, 222]"
2245,d65c3ac8ad59b442df1a54477128306f8011b770.bin,118,734,datacopy/UCSB/d65c3ac8ad59b442df1a54477128306f8011b770.bin,"[24, 222]"
2246,99b4e37b9e32b1d0de05ccada4554d466445f41e.bin,118,734,datacopy/UCSB/99b4e37b9e32b1d0de05ccada4554d466445f41e.bin,"[24, 222]"
2247,259997666846464caee98b35347199b18ddd9fb5.bin,118,734,datacopy/UCSB/259997666846464caee98b35347199b18ddd9fb5.bin,"[24, 222]"
2248,5fd5e3fe35c38a3785994e0e1f074780e77f3615.bin,118,734,datacopy/UCSB/5fd5e3fe35c38a3785994e0e1f074780e77f3615.bin,"[24, 222]"
2249,7ef4795180b0aa4add71747e1f672b497a56efef.bin,118,734,datacopy/UCSB/7ef4795180b0aa4add71747e1f672b497a56efef.bin,"[24, 222]"
2250,7aa3cd4e2c4f0374995a06f96522806ba22731ae.bin,118,734,datacopy/UCSB/7aa3cd4e2c4f0374995a06f96522806ba22731ae.bin,"[24, 222]"
2251,3154bcb85d7ced304cee2ea05beb91df68d8cf83.bin,118,734,datacopy/UCSB/3154bcb85d7ced304cee2ea05beb91df68d8cf83.bin,"[24, 222]"
2252,01afab650ddaf22b48fc3d925d9059ab101241e6.bin,118,734,datacopy/UCSB/01afab650ddaf22b48fc3d925d9059ab101241e6.bin,"[24, 222]"
2253,d7eeb48f31f3e2b2542b129ef56b7314b114d219.bin,118,734,datacopy/UCSB/d7eeb48f31f3e2b2542b129ef56b7314b114d219.bin,"[24, 222]"
2254,19ad6f2639187a0725a6043982b5a62d58214e56.bin,118,734,datacopy/UCSB/19ad6f2639187a0725a6043982b5a62d58214e56.bin,"[24, 222]"
2255,2716c2b12b3f4bc1a4548526b60d3ff354a12744.bin,118,734,datacopy/UCSB/2716c2b12b3f4bc1a4548526b60d3ff354a12744.bin,"[24, 222]"
2256,1c402c5b14854562c6600403499061663da7e34a.bin,118,734,datacopy/UCSB/1c402c5b14854562c6600403499061663da7e34a.bin,"[24, 222]"
2257,3cb8d286ab42e0abd60da8722c3e378bfa67dc53.bin,118,54,datacopy/UCSB/3cb8d286ab42e0abd60da8722c3e378bfa67dc53.bin,"[24, 222]"
2258,95b399235c100203ff075a238430ff90165c4e3e.bin,118,734,datacopy/UCSB/95b399235c100203ff075a238430ff90165c4e3e.bin,"[24, 222]"
2259,416e0fa5fc8b374c64d3717c1078ea6021c16bfe.bin,118,734,datacopy/UCSB/416e0fa5fc8b374c64d3717c1078ea6021c16bfe.bin,"[24, 222]"
2260,199c1a63d3deddff7b8a4b36627bd5e170d735b7.bin,118,734,datacopy/UCSB/199c1a63d3deddff7b8a4b36627bd5e170d735b7.bin,"[24, 222]"
2261,7730760c1206f73508a3310b180e98960e987b5b.bin,118,734,datacopy/UCSB/7730760c1206f73508a3310b180e98960e987b5b.bin,"[24, 222]"
2262,ee99aa15ed98cca26a429619f1365b247bb61570.bin,118,734,datacopy/UCSB/ee99aa15ed98cca26a429619f1365b247bb61570.bin,"[24, 222]"
2263,974e1593dd9c51be98a1e36a7ae7bc296ae20144.bin,118,734,datacopy/UCSB/974e1593dd9c51be98a1e36a7ae7bc296ae20144.bin,"[24, 222]"
2264,0c91fb0a5429a64b4f3ddaa65ff8ea2939cc70a9.bin,118,734,datacopy/UCSB/0c91fb0a5429a64b4f3ddaa65ff8ea2939cc70a9.bin,"[24, 222]"
2265,278484dfc6b8927a076e54765b847267d5255f58.bin,118,734,datacopy/UCSB/278484dfc6b8927a076e54765b847267d5255f58.bin,"[24, 222]"
2266,9a2641593829a7f887d1aa4d06e19679540534c9.bin,118,734,datacopy/UCSB/9a2641593829a7f887d1aa4d06e19679540534c9.bin,"[24, 222]"
2267,6f72d95463a4024c7f9d65f16f798952f5636053.bin,118,734,datacopy/UCSB/6f72d95463a4024c7f9d65f16f798952f5636053.bin,"[24, 222]"
2268,2bfe5d881de132aaf2baf48f9853fa475e9941b8.bin,118,734,datacopy/UCSB/2bfe5d881de132aaf2baf48f9853fa475e9941b8.bin,"[24, 222]"
2269,78edd0c451167a2f11059a7541ba29817072b700.bin,118,734,datacopy/UCSB/78edd0c451167a2f11059a7541ba29817072b700.bin,"[24, 222]"
2270,62eb3cfbdede1debd117a3bbc964fb4da2ccecfd.bin,118,734,datacopy/UCSB/62eb3cfbdede1debd117a3bbc964fb4da2ccecfd.bin,"[24, 222]"
2271,7be4cf11388393f2a6ee9425b68c846e59e61b83.bin,118,54,datacopy/UCSB/7be4cf11388393f2a6ee9425b68c846e59e61b83.bin,"[24, 222]"
2272,3d49913e63bd8de76e281453438a1cfcb1ca9b81.bin,118,734,datacopy/UCSB/3d49913e63bd8de76e281453438a1cfcb1ca9b81.bin,"[24, 222]"
2273,0abb523af255ee865c373e4e829ab9664aaf5cfb.bin,118,734,datacopy/UCSB/0abb523af255ee865c373e4e829ab9664aaf5cfb.bin,"[24, 222]"
2274,507f6b7520c390fdc90fb02668667d30f4739dc9.bin,118,734,datacopy/UCSB/507f6b7520c390fdc90fb02668667d30f4739dc9.bin,"[24, 222]"
2275,7ad0a606002af40c8741eb32ceef9044c3de6723.bin,118,734,datacopy/UCSB/7ad0a606002af40c8741eb32ceef9044c3de6723.bin,"[24, 222]"
2276,f5abd211fef888322fcdb9915318e16f3565eec0.bin,118,734,datacopy/UCSB/f5abd211fef888322fcdb9915318e16f3565eec0.bin,"[24, 222]"
2277,42f934ef6d4573064b81719c5c26202fc1e9ec9b.bin,118,734,datacopy/UCSB/42f934ef6d4573064b81719c5c26202fc1e9ec9b.bin,"[24, 222]"
2278,5f5b0a0e454667e506b1f52635acc3bd93978c1c.bin,118,54,datacopy/UCSB/5f5b0a0e454667e506b1f52635acc3bd93978c1c.bin,"[24, 222]"
2279,42e560860f52835b0bfa6775d58532d56bc8727a.bin,118,734,datacopy/UCSB/42e560860f52835b0bfa6775d58532d56bc8727a.bin,"[24, 222]"
2280,445724385f1814daf83df07d335e299847de1f16.bin,118,734,datacopy/UCSB/445724385f1814daf83df07d335e299847de1f16.bin,"[24, 222]"
2281,394aafa8310a5a3e0d2788405bc7f0e279bf8a65.bin,118,734,datacopy/UCSB/394aafa8310a5a3e0d2788405bc7f0e279bf8a65.bin,"[24, 222]"
2282,79b4d718d2e69d7c4a063c56be3e96dfa398aa65.bin,118,734,datacopy/UCSB/79b4d718d2e69d7c4a063c56be3e96dfa398aa65.bin,"[24, 222]"
2283,e88a8167714f8594415606b552876bba1429024f.bin,118,734,datacopy/UCSB/e88a8167714f8594415606b552876bba1429024f.bin,"[24, 222]"
2284,f82adb2541d97721afe379aa18d795e9acf804c2.bin,118,734,datacopy/UCSB/f82adb2541d97721afe379aa18d795e9acf804c2.bin,"[24, 222]"
2285,d537a3abb69340bb899ad106560315286def3683.bin,118,734,datacopy/UCSB/d537a3abb69340bb899ad106560315286def3683.bin,"[24, 222]"
2286,f8c4231def910a65d521723c5d9204662ccab486.bin,118,734,datacopy/UCSB/f8c4231def910a65d521723c5d9204662ccab486.bin,"[24, 222]"
2287,29a666f11ca526f7aeb233fc44efb34057ec5991.bin,118,734,datacopy/UCSB/29a666f11ca526f7aeb233fc44efb34057ec5991.bin,"[24, 222]"
2288,81025a8444236e02733458e20f15b885adc9b88c.bin,118,734,datacopy/UCSB/81025a8444236e02733458e20f15b885adc9b88c.bin,"[24, 222]"
2289,b17ee6f0e261b82d4d9e7f396ea6d8c607050dec.bin,118,734,datacopy/UCSB/b17ee6f0e261b82d4d9e7f396ea6d8c607050dec.bin,"[24, 222]"
2290,343ce0b8f50a9782a116365425f4a0cef8623c69.bin,118,734,datacopy/UCSB/343ce0b8f50a9782a116365425f4a0cef8623c69.bin,"[24, 222]"
2291,1f00a57ac5944bd53f705de46fe4c3ecf2d5e5e2.bin,118,734,datacopy/UCSB/1f00a57ac5944bd53f705de46fe4c3ecf2d5e5e2.bin,"[24, 222]"
2292,4fb00c351d78a58f06ab35a3faf09d9aaa45b418.bin,118,734,datacopy/UCSB/4fb00c351d78a58f06ab35a3faf09d9aaa45b418.bin,"[24, 222]"
2293,24d76f85daf292ee055d5ccd35fbc6767f0eed4e.bin,118,734,datacopy/UCSB/24d76f85daf292ee055d5ccd35fbc6767f0eed4e.bin,"[24, 222]"
2294,d63a0939a6b2dc6686e250110464ca3b82c95cfe.bin,118,734,datacopy/UCSB/d63a0939a6b2dc6686e250110464ca3b82c95cfe.bin,"[24, 222]"
2295,7fdc6ab50e704e7505e2524d9c4db69104ad388d.bin,118,734,datacopy/UCSB/7fdc6ab50e704e7505e2524d9c4db69104ad388d.bin,"[24, 222]"
2296,7597d01e3f036c97f74ab4880034c8565ea8108a.bin,118,734,datacopy/UCSB/7597d01e3f036c97f74ab4880034c8565ea8108a.bin,"[24, 222]"
2297,0baa07abb0d708e067c961b014c98d8e83e3ca90.bin,118,734,datacopy/UCSB/0baa07abb0d708e067c961b014c98d8e83e3ca90.bin,"[24, 222]"
2298,5d0a0399ebca86908de12da7476e013bd18def00.bin,118,734,datacopy/UCSB/5d0a0399ebca86908de12da7476e013bd18def00.bin,"[24, 222]"
2299,581c77766e2e227e761d9f8af3b149087a574673.bin,118,734,datacopy/UCSB/581c77766e2e227e761d9f8af3b149087a574673.bin,"[24, 222]"
2300,3150b3a903a81b22301b127db631b4f16611f337.bin,118,734,datacopy/UCSB/3150b3a903a81b22301b127db631b4f16611f337.bin,"[24, 222]"
2301,edf8a2b2f66e9dc13feb4d390b6c31e792ae6fb7.bin,118,734,datacopy/UCSB/edf8a2b2f66e9dc13feb4d390b6c31e792ae6fb7.bin,"[24, 222]"
2302,2ecd60bc48d2c1f4a4aaaeaea16cc29caa2ff775.bin,118,734,datacopy/UCSB/2ecd60bc48d2c1f4a4aaaeaea16cc29caa2ff775.bin,"[24, 222]"
2303,defc2d97cee9d4cb8fbd6e2a38c699637907d6f7.bin,118,734,datacopy/UCSB/defc2d97cee9d4cb8fbd6e2a38c699637907d6f7.bin,"[24, 222]"
2304,8ff2da344e4e088cd2ac49a0b59703e7d19573d6.bin,118,734,datacopy/UCSB/8ff2da344e4e088cd2ac49a0b59703e7d19573d6.bin,"[24, 222]"
2305,baadd31af8bcc39b9366a7cdbb649f9b5e39ec36.bin,118,734,datacopy/UCSB/baadd31af8bcc39b9366a7cdbb649f9b5e39ec36.bin,"[24, 222]"
2306,9bc4f0e73682321364f2b430f1b5bf378c4d6ac9.bin,118,734,datacopy/UCSB/9bc4f0e73682321364f2b430f1b5bf378c4d6ac9.bin,"[24, 222]"
2307,d48c2eb95daef2050ffe6263c1a2da4a2b3279d4.bin,118,734,datacopy/UCSB/d48c2eb95daef2050ffe6263c1a2da4a2b3279d4.bin,"[24, 222]"
2308,cd44b47a0a50970cfd5de9496315c44071b6518c.bin,118,734,datacopy/UCSB/cd44b47a0a50970cfd5de9496315c44071b6518c.bin,"[24, 222]"
2309,136ff734dbb2047684e440207e853f64bfcb0666.bin,118,734,datacopy/UCSB/136ff734dbb2047684e440207e853f64bfcb0666.bin,"[24, 222]"
2310,da9daaaea6b46c3a465ccadb55913c94ddb4a607.bin,118,734,datacopy/UCSB/da9daaaea6b46c3a465ccadb55913c94ddb4a607.bin,"[24, 222]"
2311,902742a7286b7e80320723c991022308502f034b.bin,118,734,datacopy/UCSB/902742a7286b7e80320723c991022308502f034b.bin,"[24, 222]"
2312,46d0216944443d2e51972a713d7a6eb8533eed91.bin,118,734,datacopy/UCSB/46d0216944443d2e51972a713d7a6eb8533eed91.bin,"[24, 222]"
2313,e01891bd7dfb61632c4886b1f2fbe8be4e7c279d.bin,118,734,datacopy/UCSB/e01891bd7dfb61632c4886b1f2fbe8be4e7c279d.bin,"[24, 222]"
2314,fe2df8a45bc5c01f1b536f7ce8951b917957de3b.bin,118,734,datacopy/UCSB/fe2df8a45bc5c01f1b536f7ce8951b917957de3b.bin,"[24, 222]"
2315,3b46ccb1af3b975082596bee29b2823764094d04.bin,118,734,datacopy/UCSB/3b46ccb1af3b975082596bee29b2823764094d04.bin,"[24, 222]"
2316,86879b94dfe4f55591661fa00e50e062edc120cf.bin,118,734,datacopy/UCSB/86879b94dfe4f55591661fa00e50e062edc120cf.bin,"[24, 222]"
2317,984712be0bc331ceb274d18cbbbe19b430ce9613.bin,118,734,datacopy/UCSB/984712be0bc331ceb274d18cbbbe19b430ce9613.bin,"[24, 222]"
2318,af21ff91d77fb1df388a1b1f008cd7ceac1e0efb.bin,118,734,datacopy/UCSB/af21ff91d77fb1df388a1b1f008cd7ceac1e0efb.bin,"[24, 222]"
2319,d1d762bcd74895b273bc62e6772723144ecee47b.bin,118,734,datacopy/UCSB/d1d762bcd74895b273bc62e6772723144ecee47b.bin,"[24, 222]"
2320,fd2fe6677fc57839ee0c0f177ddf208cc7c79ae8.bin,118,734,datacopy/UCSB/fd2fe6677fc57839ee0c0f177ddf208cc7c79ae8.bin,"[24, 222]"
2321,02765e8358d9765cd0ed2c25c9d9b03530a3b9cc.bin,118,734,datacopy/UCSB/02765e8358d9765cd0ed2c25c9d9b03530a3b9cc.bin,"[24, 222]"
2322,6573e68fcfc038ecd03030f0040e1889cd4961ba.bin,118,734,datacopy/UCSB/6573e68fcfc038ecd03030f0040e1889cd4961ba.bin,"[24, 222]"
2323,5991d2219de536cc5532367502572d06797ad586.bin,118,734,datacopy/UCSB/5991d2219de536cc5532367502572d06797ad586.bin,"[24, 222]"
2324,f3f563e8a8e87089a987655d2080212f9cd91d1e.bin,118,734,datacopy/UCSB/f3f563e8a8e87089a987655d2080212f9cd91d1e.bin,"[24, 222]"
2325,0b813af0e7453a10558c19380060d3ad577649d7.bin,118,734,datacopy/UCSB/0b813af0e7453a10558c19380060d3ad577649d7.bin,"[24, 222]"
2326,21654c6d7ebb9ff32872750b957a52b6d4b986b4.bin,118,734,datacopy/UCSB/21654c6d7ebb9ff32872750b957a52b6d4b986b4.bin,"[24, 222]"
2327,093edc7e5761499739c77666af1254e3de47f66b.bin,118,734,datacopy/UCSB/093edc7e5761499739c77666af1254e3de47f66b.bin,"[24, 222]"
2328,44cec5fbd762c5033303105f17800709ec7c6ddd.bin,118,734,datacopy/UCSB/44cec5fbd762c5033303105f17800709ec7c6ddd.bin,"[24, 222]"
2329,3a5f7c389e2de55636e9affdfa347818aa332d1f.bin,118,734,datacopy/UCSB/3a5f7c389e2de55636e9affdfa347818aa332d1f.bin,"[24, 222]"
2330,973f86833dea3f0e61e597fb1cdb2b5409228c3c.bin,118,734,datacopy/UCSB/973f86833dea3f0e61e597fb1cdb2b5409228c3c.bin,"[24, 222]"
2331,45687a9fe2cc8fa2bb68274dafdce918814c0b08.bin,118,734,datacopy/UCSB/45687a9fe2cc8fa2bb68274dafdce918814c0b08.bin,"[24, 222]"
2332,54bd6f36a4216d0b203e637ab9937d3a3aaec58f.bin,118,734,datacopy/UCSB/54bd6f36a4216d0b203e637ab9937d3a3aaec58f.bin,"[24, 222]"
2333,5024470fc1b8f14fe5db44f4ddde0d6256b25dc8.bin,118,734,datacopy/UCSB/5024470fc1b8f14fe5db44f4ddde0d6256b25dc8.bin,"[24, 222]"
2334,1b885ff0673d217dc6b01b74d097c25dc5dd51ed.bin,118,734,datacopy/UCSB/1b885ff0673d217dc6b01b74d097c25dc5dd51ed.bin,"[24, 222]"
2335,72a08ed4d592603a7d82a0071383a5b66d59b802.bin,118,734,datacopy/UCSB/72a08ed4d592603a7d82a0071383a5b66d59b802.bin,"[24, 222]"
2336,2f65610c62afa1c4c54fbd84c67d374f66180868.bin,118,734,datacopy/UCSB/2f65610c62afa1c4c54fbd84c67d374f66180868.bin,"[24, 222]"
2337,a59729e777169e0dba1811a77f03b51fc209564c.bin,118,734,datacopy/UCSB/a59729e777169e0dba1811a77f03b51fc209564c.bin,"[24, 222]"
2338,fdceb3811dc7290d1ece14bf31ad29d75a12cdbc.bin,118,734,datacopy/UCSB/fdceb3811dc7290d1ece14bf31ad29d75a12cdbc.bin,"[24, 222]"
2339,4ce379b5985c89b7db1c571d8d7f3c7c755c8987.bin,118,734,datacopy/UCSB/4ce379b5985c89b7db1c571d8d7f3c7c755c8987.bin,"[24, 222]"
2340,5fed8b34088d25c8dee57baafb8594a622317608.bin,118,734,datacopy/UCSB/5fed8b34088d25c8dee57baafb8594a622317608.bin,"[24, 222]"
2341,764fab943dd306b3f33c58b7d4614461e212db57.bin,118,734,datacopy/UCSB/764fab943dd306b3f33c58b7d4614461e212db57.bin,"[24, 222]"
2342,e42ecb5ddb35560a0fb9f3dd93ad2a92471ea318.bin,118,734,datacopy/UCSB/e42ecb5ddb35560a0fb9f3dd93ad2a92471ea318.bin,"[24, 222]"
2343,aa160049930314eb002a1f8addb4259ebb8546bc.bin,118,734,datacopy/UCSB/aa160049930314eb002a1f8addb4259ebb8546bc.bin,"[24, 222]"
2344,aec60bd2aaac6e2cfd926e0d2fe9add59f41a0f5.bin,118,734,datacopy/UCSB/aec60bd2aaac6e2cfd926e0d2fe9add59f41a0f5.bin,"[24, 222]"
2345,d1ad2ac9c55c76cf2872bb0b555c7a269906fd3e.bin,118,734,datacopy/UCSB/d1ad2ac9c55c76cf2872bb0b555c7a269906fd3e.bin,"[24, 222]"
2346,9670213c09ccc24568558b79a0d5d95d67a29c94.bin,118,734,datacopy/UCSB/9670213c09ccc24568558b79a0d5d95d67a29c94.bin,"[24, 222]"
2347,9b13b6471da893105e3fa34af45f90479d6bc2cf.bin,118,734,datacopy/UCSB/9b13b6471da893105e3fa34af45f90479d6bc2cf.bin,"[24, 222]"
2348,50aec81360455372547a6fc9ddb77a5b5094de07.bin,118,734,datacopy/UCSB/50aec81360455372547a6fc9ddb77a5b5094de07.bin,"[24, 222]"
2349,e967ce6023763c9cb648f2ac626dbd0219b05e12.bin,118,734,datacopy/UCSB/e967ce6023763c9cb648f2ac626dbd0219b05e12.bin,"[24, 222]"
2350,fc202f37822449dc182efb551590ef32b19a728f.bin,118,734,datacopy/UCSB/fc202f37822449dc182efb551590ef32b19a728f.bin,"[24, 222]"
2351,667a664c65bf1c7e805f2ba6087053eff92ae11b.bin,118,734,datacopy/UCSB/667a664c65bf1c7e805f2ba6087053eff92ae11b.bin,"[24, 222]"
2352,efb205f35c1741b2d4d24651808061989b0c3d46.bin,118,54,datacopy/UCSB/efb205f35c1741b2d4d24651808061989b0c3d46.bin,"[24, 222]"
2353,b12e3cb64d54546943c62e3b0b61225244d0995c.bin,118,734,datacopy/UCSB/b12e3cb64d54546943c62e3b0b61225244d0995c.bin,"[24, 222]"
2354,804c6e5fda9bcb7dcaa1f36a20ace629fa2fd1ba.bin,118,734,datacopy/UCSB/804c6e5fda9bcb7dcaa1f36a20ace629fa2fd1ba.bin,"[24, 222]"
2355,9eea85ba8a0f89a4e845b53fc16f5c0f3df31dbe.bin,118,734,datacopy/UCSB/9eea85ba8a0f89a4e845b53fc16f5c0f3df31dbe.bin,"[24, 222]"
2356,0f82bf121d1080b866a97d7ef99bc0a712400785.bin,118,734,datacopy/UCSB/0f82bf121d1080b866a97d7ef99bc0a712400785.bin,"[24, 222]"
2357,c29e868a2b45caa2ab353712a9fe0a7f5fd93aa8.bin,118,734,datacopy/UCSB/c29e868a2b45caa2ab353712a9fe0a7f5fd93aa8.bin,"[24, 222]"
2358,1416faef268e1adf639a22642dac439e597216ab.bin,118,734,datacopy/UCSB/1416faef268e1adf639a22642dac439e597216ab.bin,"[24, 222]"
2359,18f5f6bca6698c4d58af7fde2fd65f503047cf77.bin,118,734,datacopy/UCSB/18f5f6bca6698c4d58af7fde2fd65f503047cf77.bin,"[24, 222]"
2360,8ab55f9c179cabb388eba922435e05b7717e6e03.bin,118,54,datacopy/UCSB/8ab55f9c179cabb388eba922435e05b7717e6e03.bin,"[24, 222]"
2361,c32b06e420cf00303f3f36e34ddb987494c663f8.bin,118,734,datacopy/UCSB/c32b06e420cf00303f3f36e34ddb987494c663f8.bin,"[24, 222]"
2362,97ba49020317d229b6cd957664075527970466ab.bin,118,734,datacopy/UCSB/97ba49020317d229b6cd957664075527970466ab.bin,"[24, 222]"
2363,f10d6f1550b5421a1f4917c04506649233646bff.bin,118,734,datacopy/UCSB/f10d6f1550b5421a1f4917c04506649233646bff.bin,"[24, 222]"
2364,c0d4c1ebce57ebba7dd87dc71c77ed4c061c9174.bin,118,734,datacopy/UCSB/c0d4c1ebce57ebba7dd87dc71c77ed4c061c9174.bin,"[24, 222]"
2365,efcd823347201c8ad0316906c54600c11a3fbe5f.bin,118,734,datacopy/UCSB/efcd823347201c8ad0316906c54600c11a3fbe5f.bin,"[24, 222]"
2366,74901ce2b5399e09275804c1de85d083693f50ab.bin,118,734,datacopy/UCSB/74901ce2b5399e09275804c1de85d083693f50ab.bin,"[24, 222]"
2367,5e4a2a7418517b451da843e4061e04a317eaebc3.bin,118,734,datacopy/UCSB/5e4a2a7418517b451da843e4061e04a317eaebc3.bin,"[24, 222]"
2368,548ea30bc48cf760608ce295d05692372beeef48.bin,118,734,datacopy/UCSB/548ea30bc48cf760608ce295d05692372beeef48.bin,"[24, 222]"
2369,10bf0dc6632ad6b972392b83275ebc10eb4f9842.bin,118,734,datacopy/UCSB/10bf0dc6632ad6b972392b83275ebc10eb4f9842.bin,"[24, 222]"
2370,ec057af2eedf41b8bfc64ec0bdfc4a8fd780d28b.bin,118,734,datacopy/UCSB/ec057af2eedf41b8bfc64ec0bdfc4a8fd780d28b.bin,"[24, 222]"
2371,29b688d6630075f438be9c7fb02a8293f91b28de.bin,118,734,datacopy/UCSB/29b688d6630075f438be9c7fb02a8293f91b28de.bin,"[24, 222]"
2372,ecd52e0f2b7a5004ccb158be0cdb1ffc9e2758a7.bin,118,734,datacopy/UCSB/ecd52e0f2b7a5004ccb158be0cdb1ffc9e2758a7.bin,"[24, 222]"
2373,4e80f43d5169e5917f4769a02da5ecdc32bc0910.bin,118,734,datacopy/UCSB/4e80f43d5169e5917f4769a02da5ecdc32bc0910.bin,"[24, 222]"
2374,3d5f46e2fc0b6baae37b1d83f10378486ac9fda8.bin,118,734,datacopy/UCSB/3d5f46e2fc0b6baae37b1d83f10378486ac9fda8.bin,"[24, 222]"
2375,7a118f7fb6df7a159cd0329fe3518098d2231f15.bin,118,734,datacopy/UCSB/7a118f7fb6df7a159cd0329fe3518098d2231f15.bin,"[24, 222]"
2376,739b9b2f1b7cc4439999727eccc99cf786405018.bin,118,734,datacopy/UCSB/739b9b2f1b7cc4439999727eccc99cf786405018.bin,"[24, 222]"
2377,022a818190c847d26e00dab69979cdb6e24a3f9c.bin,118,734,datacopy/UCSB/022a818190c847d26e00dab69979cdb6e24a3f9c.bin,"[24, 222]"
2378,062f979661114e66d1b63a0bbdfeb8e9c6888e43.bin,118,734,datacopy/UCSB/062f979661114e66d1b63a0bbdfeb8e9c6888e43.bin,"[24, 222]"
2379,2d1d51954f5cc67e9b6ce81d2eb4598ab2cfbe48.bin,118,734,datacopy/UCSB/2d1d51954f5cc67e9b6ce81d2eb4598ab2cfbe48.bin,"[24, 222]"
2380,e9a7105478a764ac537dcee8621d8cf7612b825b.bin,118,734,datacopy/UCSB/e9a7105478a764ac537dcee8621d8cf7612b825b.bin,"[24, 222]"
2381,2d3a4bc6af707e0ae8298194792fa0a747f86622.bin,118,734,datacopy/UCSB/2d3a4bc6af707e0ae8298194792fa0a747f86622.bin,"[24, 222]"
2382,5237e7636ae2c22aa2d2f5f383475fa235f8105d.bin,118,734,datacopy/UCSB/5237e7636ae2c22aa2d2f5f383475fa235f8105d.bin,"[24, 222]"
2383,db7562f6f4bae7444544014bbd52d2287d1936dd.bin,118,734,datacopy/UCSB/db7562f6f4bae7444544014bbd52d2287d1936dd.bin,"[24, 222]"
2384,27616a430a16e4992b138876b0fd4cf6ef06b411.bin,118,734,datacopy/UCSB/27616a430a16e4992b138876b0fd4cf6ef06b411.bin,"[24, 222]"
2385,52224a8173aba6a193002cabb9531ebe40e07143.bin,118,734,datacopy/UCSB/52224a8173aba6a193002cabb9531ebe40e07143.bin,"[24, 222]"
2386,886c7696a083b051b7560562a80c65e61487d350.bin,118,734,datacopy/UCSB/886c7696a083b051b7560562a80c65e61487d350.bin,"[24, 222]"
2387,0717804b87a898b645bbf176b9bf3f66231f4428.bin,118,734,datacopy/UCSB/0717804b87a898b645bbf176b9bf3f66231f4428.bin,"[24, 222]"
2388,2b1516ebc5b938b0ecd651f6924cdfc20559a631.bin,118,734,datacopy/UCSB/2b1516ebc5b938b0ecd651f6924cdfc20559a631.bin,"[24, 222]"
2389,3328362cf154d7bff654b599bb04bc471c508c54.bin,118,734,datacopy/UCSB/3328362cf154d7bff654b599bb04bc471c508c54.bin,"[24, 222]"
2390,1b3f9d003996646cdf3f02134f37d5db1b1c0143.bin,118,734,datacopy/UCSB/1b3f9d003996646cdf3f02134f37d5db1b1c0143.bin,"[24, 222]"
2391,940647773c729d12f364eaa9308114848be0e53d.bin,118,734,datacopy/UCSB/940647773c729d12f364eaa9308114848be0e53d.bin,"[24, 222]"
2392,04e55739ba035dc357a466af3fff0a50383d1153.bin,118,734,datacopy/UCSB/04e55739ba035dc357a466af3fff0a50383d1153.bin,"[24, 222]"
2393,71162d9e98f08a04e23ab2d1498f6fd311c21faf.bin,118,734,datacopy/UCSB/71162d9e98f08a04e23ab2d1498f6fd311c21faf.bin,"[24, 222]"
2394,c5f8da8dd02a675ae46b3a6a2f635f4b62d208f7.bin,118,734,datacopy/UCSB/c5f8da8dd02a675ae46b3a6a2f635f4b62d208f7.bin,"[24, 222]"
2395,e6d9a0a5d84b1202aa3c7e6319d41170017d61a5.bin,118,734,datacopy/UCSB/e6d9a0a5d84b1202aa3c7e6319d41170017d61a5.bin,"[24, 222]"
2396,9f7bcb7f2e4babf490db33683becf0abea748331.bin,118,734,datacopy/UCSB/9f7bcb7f2e4babf490db33683becf0abea748331.bin,"[24, 222]"
2397,2b69a73e3d08e71570ba0dca9bfe7c889d10f4f3.bin,118,734,datacopy/UCSB/2b69a73e3d08e71570ba0dca9bfe7c889d10f4f3.bin,"[24, 222]"
2398,52d50b4a2bb711a45b8e7c543505b6c55ced6c1e.bin,118,734,datacopy/UCSB/52d50b4a2bb711a45b8e7c543505b6c55ced6c1e.bin,"[24, 222]"
2399,017c23a5c2774ec92b2a653e0bf389a0de6a385d.bin,118,734,datacopy/UCSB/017c23a5c2774ec92b2a653e0bf389a0de6a385d.bin,"[24, 222]"
2400,7514c2c05ff13c699bc7ddee40288799f091dfe2.bin,118,734,datacopy/UCSB/7514c2c05ff13c699bc7ddee40288799f091dfe2.bin,"[24, 222]"
2401,d57abbd2b9a0e0f0651ba0fdc34e6c2a47731ed9.bin,118,734,datacopy/UCSB/d57abbd2b9a0e0f0651ba0fdc34e6c2a47731ed9.bin,"[24, 222]"
2402,8c33d47fb656d190e82d324f3124412934801d33.bin,118,734,datacopy/UCSB/8c33d47fb656d190e82d324f3124412934801d33.bin,"[24, 222]"
2403,abeef2f29b36222c48c85f9a47260f2dfbd01e9c.bin,118,734,datacopy/UCSB/abeef2f29b36222c48c85f9a47260f2dfbd01e9c.bin,"[24, 222]"
2404,7c2547e56e06d2bda537d9d9620dd0e0252709c7.bin,118,734,datacopy/UCSB/7c2547e56e06d2bda537d9d9620dd0e0252709c7.bin,"[24, 222]"
2405,4dd08d4000db1e9a250d880d39649e118d1fb201.bin,118,734,datacopy/UCSB/4dd08d4000db1e9a250d880d39649e118d1fb201.bin,"[24, 222]"
2406,1e76548a701f9cbb4a6e74ecff759bdba489b38b.bin,118,734,datacopy/UCSB/1e76548a701f9cbb4a6e74ecff759bdba489b38b.bin,"[24, 222]"
2407,9b4e3a7c6a48b57667133c95f673a3c999983076.bin,118,734,datacopy/UCSB/9b4e3a7c6a48b57667133c95f673a3c999983076.bin,"[24, 222]"
2408,beab67a87580171efafc4334a880512c87c8518d.bin,118,734,datacopy/UCSB/beab67a87580171efafc4334a880512c87c8518d.bin,"[24, 222]"
2409,49013375d5c293efb45dd3d28d6bb7d9e5e2ecdc.bin,118,734,datacopy/UCSB/49013375d5c293efb45dd3d28d6bb7d9e5e2ecdc.bin,"[24, 222]"
2410,ccb7dc6148b093d9c8dc11cb0b71155f42fb8641.bin,118,734,datacopy/UCSB/ccb7dc6148b093d9c8dc11cb0b71155f42fb8641.bin,"[24, 222]"
2411,1783068f1b71617b29ad03aaf686caecbc7a4c5d.bin,118,734,datacopy/UCSB/1783068f1b71617b29ad03aaf686caecbc7a4c5d.bin,"[24, 222]"
2412,9e2816319208d95562ccf42f5c6112b4d4f27701.bin,118,734,datacopy/UCSB/9e2816319208d95562ccf42f5c6112b4d4f27701.bin,"[24, 222]"
2413,f43ece61c881b953ffae683c7f2c39b80e51124c.bin,118,734,datacopy/UCSB/f43ece61c881b953ffae683c7f2c39b80e51124c.bin,"[24, 222]"
2414,b3259c89bc36b9cb22eed91c65f566ed76925220.bin,118,734,datacopy/UCSB/b3259c89bc36b9cb22eed91c65f566ed76925220.bin,"[24, 222]"
2415,3600ada21df295b7dd11be9425f5f0c992efdbc9.bin,118,734,datacopy/UCSB/3600ada21df295b7dd11be9425f5f0c992efdbc9.bin,"[24, 222]"
2416,d31c1b9786d0c75157d8d01e56fcf25d1d9cd9ed.bin,118,734,datacopy/UCSB/d31c1b9786d0c75157d8d01e56fcf25d1d9cd9ed.bin,"[24, 222]"
2417,c931fc2b7ae9d14544667048764fdeee62b1f9de.bin,118,734,datacopy/UCSB/c931fc2b7ae9d14544667048764fdeee62b1f9de.bin,"[24, 222]"
2418,e91a5dad952dda6f6ea64b06fa1f07ff708f830f.bin,118,734,datacopy/UCSB/e91a5dad952dda6f6ea64b06fa1f07ff708f830f.bin,"[24, 222]"
2419,fcfb89a9164c087f8251f735f4c76c463a755989.bin,118,734,datacopy/UCSB/fcfb89a9164c087f8251f735f4c76c463a755989.bin,"[24, 222]"
2420,a2460eeee775cdf83e8971a85be9fb8ce9ed49ae.bin,118,54,datacopy/UCSB/a2460eeee775cdf83e8971a85be9fb8ce9ed49ae.bin,"[24, 222]"
2421,7c5ec0c492f77c56e2f2a127d039436cf82e87bc.bin,118,734,datacopy/UCSB/7c5ec0c492f77c56e2f2a127d039436cf82e87bc.bin,"[24, 222]"
2422,5f0946759a4acc0274e69b52181acaa36dd7c71d.bin,118,734,datacopy/UCSB/5f0946759a4acc0274e69b52181acaa36dd7c71d.bin,"[24, 222]"
2423,1f1d8e549bcf53738cdfa4f77ef51e295c866def.bin,118,734,datacopy/UCSB/1f1d8e549bcf53738cdfa4f77ef51e295c866def.bin,"[24, 222]"
2424,643b8ff97a53edb64c63c656fccd4550d054c5be.bin,118,734,datacopy/UCSB/643b8ff97a53edb64c63c656fccd4550d054c5be.bin,"[24, 222]"
2425,79e990532ba603919aaf08b6aaac5abff4a5b469.bin,118,734,datacopy/UCSB/79e990532ba603919aaf08b6aaac5abff4a5b469.bin,"[24, 222]"
2426,df7819131506c78ee0608a0a235202e80af4597a.bin,118,734,datacopy/UCSB/df7819131506c78ee0608a0a235202e80af4597a.bin,"[24, 222]"
2427,62a8252b443fb6200c64cc539281b107b539e223.bin,118,734,datacopy/UCSB/62a8252b443fb6200c64cc539281b107b539e223.bin,"[24, 222]"
2428,4b70a39c45d99522f8977dd0acbc1b179c53c212.bin,118,734,datacopy/UCSB/4b70a39c45d99522f8977dd0acbc1b179c53c212.bin,"[24, 222]"
2429,2194675a44aa97bc4d12dc66746b554c03ccd613.bin,118,734,datacopy/UCSB/2194675a44aa97bc4d12dc66746b554c03ccd613.bin,"[24, 222]"
2430,f491da54fc969e9045f030cd7f18aa9f6e9787f0.bin,118,734,datacopy/UCSB/f491da54fc969e9045f030cd7f18aa9f6e9787f0.bin,"[24, 222]"
2431,fa6058318c217a31fbfcd97802b3bba6b7b21a44.bin,118,734,datacopy/UCSB/fa6058318c217a31fbfcd97802b3bba6b7b21a44.bin,"[24, 222]"
2432,6dd3aa7d7ac5ef2ad446cdea2f4f83f291765712.bin,118,734,datacopy/UCSB/6dd3aa7d7ac5ef2ad446cdea2f4f83f291765712.bin,"[24, 222]"
2433,9c305b955d3786f5303b25292415fffc068daa20.bin,118,734,datacopy/UCSB/9c305b955d3786f5303b25292415fffc068daa20.bin,"[24, 222]"
2434,c8dd22525331312958b532369e4e8e9050222e0b.bin,118,734,datacopy/UCSB/c8dd22525331312958b532369e4e8e9050222e0b.bin,"[24, 222]"
2435,367a83cd151a387059430eeb6baa249f8ab7ff9b.bin,118,734,datacopy/UCSB/367a83cd151a387059430eeb6baa249f8ab7ff9b.bin,"[24, 222]"
2436,22d072b783ee8564406cc778a3ac08c87fc99a44.bin,118,734,datacopy/UCSB/22d072b783ee8564406cc778a3ac08c87fc99a44.bin,"[24, 222]"
2437,0c2c54aa958df2083e37825b7f05602231472bef.bin,118,734,datacopy/UCSB/0c2c54aa958df2083e37825b7f05602231472bef.bin,"[24, 222]"
2438,6450671dc8c8c911a1b02bf82cf0464c4df2ed50.bin,118,734,datacopy/UCSB/6450671dc8c8c911a1b02bf82cf0464c4df2ed50.bin,"[24, 222]"
2439,b6080fbeb3530c00607f433a37c672f0bca13ba2.bin,118,734,datacopy/UCSB/b6080fbeb3530c00607f433a37c672f0bca13ba2.bin,"[24, 222]"
2440,30aa0d960f6e394b6189e39eb764be046bc11de0.bin,118,54,datacopy/UCSB/30aa0d960f6e394b6189e39eb764be046bc11de0.bin,"[24, 222]"
2441,4e4ff5a22c0c5ac4c00d9ed38116060e1f0e15bf.bin,118,734,datacopy/UCSB/4e4ff5a22c0c5ac4c00d9ed38116060e1f0e15bf.bin,"[24, 222]"
2442,9e78ad70775a2c1b5e1bdb916a0209d08fbfeed2.bin,118,734,datacopy/UCSB/9e78ad70775a2c1b5e1bdb916a0209d08fbfeed2.bin,"[24, 222]"
2443,d6055be1050871225f628df2110134deacc77221.bin,118,734,datacopy/UCSB/d6055be1050871225f628df2110134deacc77221.bin,"[24, 222]"
2444,d135a0aa2b2a3bf734c3d42a7a01d0c1c9fa1f2d.bin,118,734,datacopy/UCSB/d135a0aa2b2a3bf734c3d42a7a01d0c1c9fa1f2d.bin,"[24, 222]"
2445,ba3ea30bf6496325b35081b22524b1bbbdca68a4.bin,118,734,datacopy/UCSB/ba3ea30bf6496325b35081b22524b1bbbdca68a4.bin,"[24, 222]"
2446,93b7d6dc48d4be0c357f4a2111404c44b4319c85.bin,118,54,datacopy/UCSB/93b7d6dc48d4be0c357f4a2111404c44b4319c85.bin,"[24, 222]"
2447,768bc1bdd353049df05ab06251f7c73126ee6a3c.bin,118,734,datacopy/UCSB/768bc1bdd353049df05ab06251f7c73126ee6a3c.bin,"[24, 222]"
2448,fe12785fbd1df18123532cb53a3120d174d195f9.bin,118,54,datacopy/UCSB/fe12785fbd1df18123532cb53a3120d174d195f9.bin,"[24, 222]"
2449,3748841f5e0b1a40c870372dd46884a2aa243495.bin,118,734,datacopy/UCSB/3748841f5e0b1a40c870372dd46884a2aa243495.bin,"[24, 222]"
2450,9ac568f7f9f55fd776496578262693a060f33743.bin,118,734,datacopy/UCSB/9ac568f7f9f55fd776496578262693a060f33743.bin,"[24, 222]"
2451,16da7f431f74717bd7de3ca9b9148c14fb7c33a3.bin,118,734,datacopy/UCSB/16da7f431f74717bd7de3ca9b9148c14fb7c33a3.bin,"[24, 222]"
2452,88d0703fa4d4dec4b7b4531e7c0f683e132b32d9.bin,118,734,datacopy/UCSB/88d0703fa4d4dec4b7b4531e7c0f683e132b32d9.bin,"[24, 222]"
2453,0e4f1f8af3585fabbeba02d065c92b950bedf5ea.bin,118,734,datacopy/UCSB/0e4f1f8af3585fabbeba02d065c92b950bedf5ea.bin,"[24, 222]"
2454,735d5f1a8c2f219bc1ec657840f72958b4ca977f.bin,118,734,datacopy/UCSB/735d5f1a8c2f219bc1ec657840f72958b4ca977f.bin,"[24, 222]"
2455,ee740f35334a63db181e4dda7b3afb60359e01f1.bin,118,734,datacopy/UCSB/ee740f35334a63db181e4dda7b3afb60359e01f1.bin,"[24, 222]"
2456,02d41a8aedaf10d1194fea3a423986ae3b0ae1f5.bin,118,734,datacopy/UCSB/02d41a8aedaf10d1194fea3a423986ae3b0ae1f5.bin,"[24, 222]"
2457,27e91bf0ea9cebb62014dc5533bfc0dfae590fdc.bin,118,734,datacopy/UCSB/27e91bf0ea9cebb62014dc5533bfc0dfae590fdc.bin,"[24, 222]"
2458,1e26157bb3359ee94b9c9f7bb502d59a3717c59e.bin,118,734,datacopy/UCSB/1e26157bb3359ee94b9c9f7bb502d59a3717c59e.bin,"[24, 222]"
2459,5d93c4693135f611fc97631cc39dbf1d79c7c634.bin,118,734,datacopy/UCSB/5d93c4693135f611fc97631cc39dbf1d79c7c634.bin,"[24, 222]"
2460,59260faebe610902ed5f5a4ebac958cc5a473f0e.bin,118,734,datacopy/UCSB/59260faebe610902ed5f5a4ebac958cc5a473f0e.bin,"[24, 222]"
2461,76a2a7d7e3eb77866ae94b0882a2bfe6da70e7fa.bin,118,734,datacopy/UCSB/76a2a7d7e3eb77866ae94b0882a2bfe6da70e7fa.bin,"[24, 222]"
2462,4f2ca3a1945566d7e1cdddf40a7cecd533cc2880.bin,118,734,datacopy/UCSB/4f2ca3a1945566d7e1cdddf40a7cecd533cc2880.bin,"[24, 222]"
2463,4553e72b19db1037debd24bab0c88e05a0e407e4.bin,118,734,datacopy/UCSB/4553e72b19db1037debd24bab0c88e05a0e407e4.bin,"[24, 222]"
2464,4ab765f997c61fcb371900509a3993162f097787.bin,118,734,datacopy/UCSB/4ab765f997c61fcb371900509a3993162f097787.bin,"[24, 222]"
2465,118b35f77edfccebc6ab489ef5e2e5bb04c24af6.bin,118,734,datacopy/UCSB/118b35f77edfccebc6ab489ef5e2e5bb04c24af6.bin,"[24, 222]"
2466,bfd18e6d7c755cc5d4a0434ababef2df5292977a.bin,118,734,datacopy/UCSB/bfd18e6d7c755cc5d4a0434ababef2df5292977a.bin,"[24, 222]"
2467,fb21873c4c89c3a17102caadf23eeddf455a0ed5.bin,118,734,datacopy/UCSB/fb21873c4c89c3a17102caadf23eeddf455a0ed5.bin,"[24, 222]"
2468,a6bcb5b3490d6bf35e3549b3efa7acd0c0f5e2a2.bin,118,734,datacopy/UCSB/a6bcb5b3490d6bf35e3549b3efa7acd0c0f5e2a2.bin,"[24, 222]"
2469,e782c3aa33e61f4f93fef6154eb593e67c9f11a2.bin,118,734,datacopy/UCSB/e782c3aa33e61f4f93fef6154eb593e67c9f11a2.bin,"[24, 222]"
2470,2a9f966c02f7867798d4f4c081e1feda2465aa3f.bin,118,734,datacopy/UCSB/2a9f966c02f7867798d4f4c081e1feda2465aa3f.bin,"[24, 222]"
2471,8542e3a3870b19fa9c8f243d145695edd08294f3.bin,118,734,datacopy/UCSB/8542e3a3870b19fa9c8f243d145695edd08294f3.bin,"[24, 222]"
2472,1aa25f4d4b7557278fc990ab18d6f2a7ad0d0665.bin,118,54,datacopy/UCSB/1aa25f4d4b7557278fc990ab18d6f2a7ad0d0665.bin,"[24, 222]"
2473,7f40cea38ab5ee679c936e685946b590810edadb.bin,118,734,datacopy/UCSB/7f40cea38ab5ee679c936e685946b590810edadb.bin,"[24, 222]"
2474,fc064ac99aa4c15aeead49a495015a2cf6730101.bin,118,734,datacopy/UCSB/fc064ac99aa4c15aeead49a495015a2cf6730101.bin,"[24, 222]"
2475,d6cc9e3050fd9f87f087af596b839941d28891d7.bin,118,734,datacopy/UCSB/d6cc9e3050fd9f87f087af596b839941d28891d7.bin,"[24, 222]"
2476,54197210f1515f17678caa57da72d24a5d525609.bin,118,734,datacopy/UCSB/54197210f1515f17678caa57da72d24a5d525609.bin,"[24, 222]"
2477,0592af3cec69be5144af7cd9774902996c51acb2.bin,118,734,datacopy/UCSB/0592af3cec69be5144af7cd9774902996c51acb2.bin,"[24, 222]"
2478,e37dc3fd79e574926486d8ad83dfbcedda19528b.bin,118,734,datacopy/UCSB/e37dc3fd79e574926486d8ad83dfbcedda19528b.bin,"[24, 222]"
2479,ea5e031ce5bb70cf18807f9b6725966e03a02a10.bin,118,734,datacopy/UCSB/ea5e031ce5bb70cf18807f9b6725966e03a02a10.bin,"[24, 222]"
2480,e1e66c528c9b0462ca7fe690300b7c72c8ce064e.bin,118,734,datacopy/UCSB/e1e66c528c9b0462ca7fe690300b7c72c8ce064e.bin,"[24, 222]"
2481,9f27eb81ccfa4d23e31b2d0deac3e9581bc2ef8b.bin,118,734,datacopy/UCSB/9f27eb81ccfa4d23e31b2d0deac3e9581bc2ef8b.bin,"[24, 222]"
2482,607e0c6b4f53b6109e46e587222f81d9d2325ae7.bin,118,734,datacopy/UCSB/607e0c6b4f53b6109e46e587222f81d9d2325ae7.bin,"[24, 222]"
2483,11d40cf54d60226ba7e9d34225b31b3d9ca4a8d5.bin,118,734,datacopy/UCSB/11d40cf54d60226ba7e9d34225b31b3d9ca4a8d5.bin,"[24, 222]"
2484,289a8f8f3da55453a219bdc8c58c7baa6705317b.bin,118,734,datacopy/UCSB/289a8f8f3da55453a219bdc8c58c7baa6705317b.bin,"[24, 222]"
2485,ced38d366c4e39c6499402986b3ffe1abb6ed121.bin,118,734,datacopy/UCSB/ced38d366c4e39c6499402986b3ffe1abb6ed121.bin,"[24, 222]"
2486,a5a7986a4251e727df3d12cf4f33e8f5164a96ca.bin,118,734,datacopy/UCSB/a5a7986a4251e727df3d12cf4f33e8f5164a96ca.bin,"[24, 222]"
2487,48215a102653c22ce7a9440ab998f62fd4f29797.bin,118,734,datacopy/UCSB/48215a102653c22ce7a9440ab998f62fd4f29797.bin,"[24, 222]"
2488,6cc04acb2407b8eda83ef3c358376f08a22aa1d1.bin,118,734,datacopy/UCSB/6cc04acb2407b8eda83ef3c358376f08a22aa1d1.bin,"[24, 222]"
2489,de59dc92df5c92827b39a4ebcecb1ad0a1b5350e.bin,118,54,datacopy/UCSB/de59dc92df5c92827b39a4ebcecb1ad0a1b5350e.bin,"[24, 222]"
2490,79d5d2b701d31c654a305a6e79918888b38400a7.bin,118,54,datacopy/UCSB/79d5d2b701d31c654a305a6e79918888b38400a7.bin,"[24, 222]"
2491,1337ea617913274450061ec59f48c94f7d4acf44.bin,118,734,datacopy/UCSB/1337ea617913274450061ec59f48c94f7d4acf44.bin,"[24, 222]"
2492,e18083541a0c2458d1b723fe24df06457084ca32.bin,118,734,datacopy/UCSB/e18083541a0c2458d1b723fe24df06457084ca32.bin,"[24, 222]"
2493,664181e6a719957092da4afae9764668d8af1f85.bin,118,734,datacopy/UCSB/664181e6a719957092da4afae9764668d8af1f85.bin,"[24, 222]"
2494,30b767e2f417e7feb4830b8f7d6b8b57da6fae5e.bin,118,734,datacopy/UCSB/30b767e2f417e7feb4830b8f7d6b8b57da6fae5e.bin,"[24, 222]"
2495,1cc4ba2afdada5134988d29a7594c48fa960a45f.bin,118,734,datacopy/UCSB/1cc4ba2afdada5134988d29a7594c48fa960a45f.bin,"[24, 222]"
2496,b30b7fb97c407de85cd303d84e5d7e1ca789fa36.bin,118,734,datacopy/UCSB/b30b7fb97c407de85cd303d84e5d7e1ca789fa36.bin,"[24, 222]"
2497,1562a3da18e8e225b158312f622cd780abd0b125.bin,118,734,datacopy/UCSB/1562a3da18e8e225b158312f622cd780abd0b125.bin,"[24, 222]"
2498,ee105bf71307751a993f032d27058b1d200963dc.bin,118,734,datacopy/UCSB/ee105bf71307751a993f032d27058b1d200963dc.bin,"[24, 222]"
2499,2b309bfb2e3141e91497851194fd2c2307e2766b.bin,118,734,datacopy/UCSB/2b309bfb2e3141e91497851194fd2c2307e2766b.bin,"[24, 222]"
2500,b654133471d35309defd5dbcff410ac4458be422.bin,118,734,datacopy/UCSB/b654133471d35309defd5dbcff410ac4458be422.bin,"[24, 222]"
2501,5f8d7d4909af7e58261407d3414d60ed8c37d644.bin,118,734,datacopy/UCSB/5f8d7d4909af7e58261407d3414d60ed8c37d644.bin,"[24, 222]"
2502,fe83fb1a807eae69655ce59e16b24728d8a66c45.bin,118,734,datacopy/UCSB/fe83fb1a807eae69655ce59e16b24728d8a66c45.bin,"[24, 222]"
2503,057c6c7ad1386984c955faa7c3b2024dcfd64196.bin,118,734,datacopy/UCSB/057c6c7ad1386984c955faa7c3b2024dcfd64196.bin,"[24, 222]"
2504,30b957ace4bec6ee49b7cd23dac2fb1c3931eac9.bin,118,734,datacopy/UCSB/30b957ace4bec6ee49b7cd23dac2fb1c3931eac9.bin,"[24, 222]"
2505,0d339c94aabd2a763f0a644e72156b95928e1d79.bin,118,734,datacopy/UCSB/0d339c94aabd2a763f0a644e72156b95928e1d79.bin,"[24, 222]"
2506,ac45e1c42311d12dc6d78c75279ba170f85e43c7.bin,118,734,datacopy/UCSB/ac45e1c42311d12dc6d78c75279ba170f85e43c7.bin,"[24, 222]"
2507,6336d7c548499c9cbd345985e35627e30b940a12.bin,118,734,datacopy/UCSB/6336d7c548499c9cbd345985e35627e30b940a12.bin,"[24, 222]"
2508,a0458aa0204a0e04400a0ec0871244b68744feee.bin,118,734,datacopy/UCSB/a0458aa0204a0e04400a0ec0871244b68744feee.bin,"[24, 222]"
2509,cee0c507e4f46989e18d34db7428bafb19cb86c3.bin,118,734,datacopy/UCSB/cee0c507e4f46989e18d34db7428bafb19cb86c3.bin,"[24, 222]"
2510,901fc0ce65e8e8b8017f5d89430db96c40b2b67d.bin,118,734,datacopy/UCSB/901fc0ce65e8e8b8017f5d89430db96c40b2b67d.bin,"[24, 222]"
2511,53350c103c7ea3800f4efc879ba4e90eda01cbad.bin,118,734,datacopy/UCSB/53350c103c7ea3800f4efc879ba4e90eda01cbad.bin,"[24, 222]"
2512,a9e45b913f53dcf27f9666c89beb86d5e7d3b466.bin,118,734,datacopy/UCSB/a9e45b913f53dcf27f9666c89beb86d5e7d3b466.bin,"[24, 222]"
2513,e28fd755774d3910bb2fedafb724cef4dbf251d9.bin,118,734,datacopy/UCSB/e28fd755774d3910bb2fedafb724cef4dbf251d9.bin,"[24, 222]"
2514,5cc8e0a1328cee980c12bd487ceb97b779d4d1e9.bin,118,734,datacopy/UCSB/5cc8e0a1328cee980c12bd487ceb97b779d4d1e9.bin,"[24, 222]"
2515,e933ae74dcc59ddff63c656f571f9a4a6131a3e9.bin,118,734,datacopy/UCSB/e933ae74dcc59ddff63c656f571f9a4a6131a3e9.bin,"[24, 222]"
2516,b47af4a16597a7ecf3908ef82d650d5c7d93f8bf.bin,118,734,datacopy/UCSB/b47af4a16597a7ecf3908ef82d650d5c7d93f8bf.bin,"[24, 222]"
2517,87fa4aa95fd6a4a9d970ce8d033bd71dce9a67a3.bin,118,734,datacopy/UCSB/87fa4aa95fd6a4a9d970ce8d033bd71dce9a67a3.bin,"[24, 222]"
2518,4accf485ade738252e75a6112244fe807ade30db.bin,118,734,datacopy/UCSB/4accf485ade738252e75a6112244fe807ade30db.bin,"[24, 222]"
2519,617b74ec272a40501e0d932b3567802b3ddfb5ca.bin,118,734,datacopy/UCSB/617b74ec272a40501e0d932b3567802b3ddfb5ca.bin,"[24, 222]"
2520,4cf433c44069ab082828a85ae92d91c6b4124117.bin,118,734,datacopy/UCSB/4cf433c44069ab082828a85ae92d91c6b4124117.bin,"[24, 222]"
2521,efb78d606d2e8d5b9a200bf2a74d30a854035444.bin,118,734,datacopy/UCSB/efb78d606d2e8d5b9a200bf2a74d30a854035444.bin,"[24, 222]"
2522,747a94b849f6eeedf4939baba036687fe2dd127e.bin,118,734,datacopy/UCSB/747a94b849f6eeedf4939baba036687fe2dd127e.bin,"[24, 222]"
2523,82604edbf977f01a80d20bbc1772e5ff098769f2.bin,118,734,datacopy/UCSB/82604edbf977f01a80d20bbc1772e5ff098769f2.bin,"[24, 222]"
2524,fb97ab6d96e744dbc851f900932a87dc2e6d1d98.bin,118,734,datacopy/UCSB/fb97ab6d96e744dbc851f900932a87dc2e6d1d98.bin,"[24, 222]"
2525,972731fb126621c77aa9a831a4ef966511fb3913.bin,118,734,datacopy/UCSB/972731fb126621c77aa9a831a4ef966511fb3913.bin,"[24, 222]"
2526,2a3350c4b2237bf2dabe9be78ab0bacc4b8639f9.bin,118,734,datacopy/UCSB/2a3350c4b2237bf2dabe9be78ab0bacc4b8639f9.bin,"[24, 222]"
2527,7df655d512a686e9674275904f0ec97237d54882.bin,118,734,datacopy/UCSB/7df655d512a686e9674275904f0ec97237d54882.bin,"[24, 222]"
2528,c767838d36f29ee34159dbd8cb4bd9a01eb55fa3.bin,118,734,datacopy/UCSB/c767838d36f29ee34159dbd8cb4bd9a01eb55fa3.bin,"[24, 222]"
2529,d95721980d0c367af2b929e05947bd207314f781.bin,118,734,datacopy/UCSB/d95721980d0c367af2b929e05947bd207314f781.bin,"[24, 222]"
2530,3169d2eee381ba6d415319b34edb1cc198d71ee1.bin,118,734,datacopy/UCSB/3169d2eee381ba6d415319b34edb1cc198d71ee1.bin,"[24, 222]"
2531,ea4f948a9572323a7aa1e054354b6d72d5e7aa32.bin,118,734,datacopy/UCSB/ea4f948a9572323a7aa1e054354b6d72d5e7aa32.bin,"[24, 222]"
2532,6b0258e7de57c98daf171b5e8dd1544921959ee5.bin,118,734,datacopy/UCSB/6b0258e7de57c98daf171b5e8dd1544921959ee5.bin,"[24, 222]"
2533,57162a2580b384bc27bbb8608a134f8eef453fd3.bin,118,734,datacopy/UCSB/57162a2580b384bc27bbb8608a134f8eef453fd3.bin,"[24, 222]"
2534,7c5e32c52f99d581f13660bd7700f83004625da1.bin,118,734,datacopy/UCSB/7c5e32c52f99d581f13660bd7700f83004625da1.bin,"[24, 222]"
2535,9fa035152999a93ff26578879a730279bee28ea9.bin,118,734,datacopy/UCSB/9fa035152999a93ff26578879a730279bee28ea9.bin,"[24, 222]"
2536,adb52e07adf6d5555d4b6c9d8d19e2bf07cacea7.bin,118,734,datacopy/UCSB/adb52e07adf6d5555d4b6c9d8d19e2bf07cacea7.bin,"[24, 222]"
2537,921c132dd49a503fd03e8929be8565fec18fbc76.bin,118,734,datacopy/UCSB/921c132dd49a503fd03e8929be8565fec18fbc76.bin,"[24, 222]"
2538,474b23ba7adf19876d79c8b53fd91839f73938d7.bin,118,734,datacopy/UCSB/474b23ba7adf19876d79c8b53fd91839f73938d7.bin,"[24, 222]"
2539,b41a1d9358f93cdb556c8cb41669c4d18d60ff40.bin,118,734,datacopy/UCSB/b41a1d9358f93cdb556c8cb41669c4d18d60ff40.bin,"[24, 222]"
2540,71d86a7fb1a08e1e0fd6faeeffce888178328c0b.bin,118,734,datacopy/UCSB/71d86a7fb1a08e1e0fd6faeeffce888178328c0b.bin,"[24, 222]"
2541,2cce840c1beea1841a08c1c368d9be475a694749.bin,118,734,datacopy/UCSB/2cce840c1beea1841a08c1c368d9be475a694749.bin,"[24, 222]"
2542,3eba41eb618c53a9d52f5c86bcc24cd3f02efdc1.bin,118,734,datacopy/UCSB/3eba41eb618c53a9d52f5c86bcc24cd3f02efdc1.bin,"[24, 222]"
2543,dacf3edf1a5e7247c202ba440d6e0e628363e01a.bin,118,734,datacopy/UCSB/dacf3edf1a5e7247c202ba440d6e0e628363e01a.bin,"[24, 222]"
2544,f692bfb23aeeb00cd97b1af51aefa3e08fc020db.bin,118,734,datacopy/UCSB/f692bfb23aeeb00cd97b1af51aefa3e08fc020db.bin,"[24, 222]"
2545,27556aa8c57265c2cb0cae02490b7d240deee476.bin,118,734,datacopy/UCSB/27556aa8c57265c2cb0cae02490b7d240deee476.bin,"[24, 222]"
2546,28b422cbafb0253b19baa715df2aeec822f1280f.bin,118,734,datacopy/UCSB/28b422cbafb0253b19baa715df2aeec822f1280f.bin,"[24, 222]"
2547,30a8d46f7ebd351d51f59aeff9de67ce4717bc4a.bin,118,734,datacopy/UCSB/30a8d46f7ebd351d51f59aeff9de67ce4717bc4a.bin,"[24, 222]"
2548,9ab250998bc008d793ac1b6128c3382fe6e2c713.bin,118,734,datacopy/UCSB/9ab250998bc008d793ac1b6128c3382fe6e2c713.bin,"[24, 222]"
2549,8c4c7556c8675e7a36f2df8ca5e194a68f2957c8.bin,118,734,datacopy/UCSB/8c4c7556c8675e7a36f2df8ca5e194a68f2957c8.bin,"[24, 222]"
2550,f266344fddc0794a8840b9ab7935033e2163d6fd.bin,118,734,datacopy/UCSB/f266344fddc0794a8840b9ab7935033e2163d6fd.bin,"[24, 222]"
2551,fe5ed6ed85c4a43f58ae32ca0926fa9b1876c09b.bin,118,734,datacopy/UCSB/fe5ed6ed85c4a43f58ae32ca0926fa9b1876c09b.bin,"[24, 222]"
2552,df7a47fea098354e84233a41af408d3d4287e8cb.bin,118,734,datacopy/UCSB/df7a47fea098354e84233a41af408d3d4287e8cb.bin,"[24, 222]"
2553,29bae024293cd0f095eb0128be51bd936399ec3a.bin,118,734,datacopy/UCSB/29bae024293cd0f095eb0128be51bd936399ec3a.bin,"[24, 222]"
2554,a8498a9736accf785e8b3f93eda98da6cd7533c1.bin,118,734,datacopy/UCSB/a8498a9736accf785e8b3f93eda98da6cd7533c1.bin,"[24, 222]"
2555,9220d0af07e23f0c99995749d9323453389a89e3.bin,118,734,datacopy/UCSB/9220d0af07e23f0c99995749d9323453389a89e3.bin,"[24, 222]"
2556,3908d9f2ab77e437c39deb43ae413a57e2342164.bin,118,734,datacopy/UCSB/3908d9f2ab77e437c39deb43ae413a57e2342164.bin,"[24, 222]"
2557,ead82d05f08d4908d9e24446f3f3c22f07c7c2ac.bin,118,734,datacopy/UCSB/ead82d05f08d4908d9e24446f3f3c22f07c7c2ac.bin,"[24, 222]"
2558,00d5fa7a0b3f5b8707041627c8666cb1e05065fd.bin,118,734,datacopy/UCSB/00d5fa7a0b3f5b8707041627c8666cb1e05065fd.bin,"[24, 222]"
2559,a9278aa83c307de5f1d694b31446d6eefed32056.bin,118,734,datacopy/UCSB/a9278aa83c307de5f1d694b31446d6eefed32056.bin,"[24, 222]"
2560,d0d4c2affd0765dfb2396adbb7859cc1d0146ce4.bin,118,734,datacopy/UCSB/d0d4c2affd0765dfb2396adbb7859cc1d0146ce4.bin,"[24, 222]"
2561,1fc003f445266fd5b883c20fe1bccf3f7d1249dc.bin,118,734,datacopy/UCSB/1fc003f445266fd5b883c20fe1bccf3f7d1249dc.bin,"[24, 222]"
2562,58be63746324c012e57aee5c4c5a8bb69639340f.bin,118,734,datacopy/UCSB/58be63746324c012e57aee5c4c5a8bb69639340f.bin,"[24, 222]"
2563,7a84c101b54a971e3920a95c4c935dd94416c94a.bin,118,734,datacopy/UCSB/7a84c101b54a971e3920a95c4c935dd94416c94a.bin,"[24, 222]"
2564,bebb8f0cc8d301fbc4b5669b44924e853a2b2b0a.bin,118,734,datacopy/UCSB/bebb8f0cc8d301fbc4b5669b44924e853a2b2b0a.bin,"[24, 222]"
2565,9c657a228afb35e52b5385b72b024d6f45de58d4.bin,118,734,datacopy/UCSB/9c657a228afb35e52b5385b72b024d6f45de58d4.bin,"[24, 222]"
2566,6a45805926877f1eaae699c06db7207aa07f7d40.bin,118,734,datacopy/UCSB/6a45805926877f1eaae699c06db7207aa07f7d40.bin,"[24, 222]"
2567,f75de24d5bd1071a2fcd74cf8d6d9e7d56f56737.bin,118,734,datacopy/UCSB/f75de24d5bd1071a2fcd74cf8d6d9e7d56f56737.bin,"[24, 222]"
2568,f11d21c51e984be969b4b91ce1c501d184a01e8f.bin,118,734,datacopy/UCSB/f11d21c51e984be969b4b91ce1c501d184a01e8f.bin,"[24, 222]"
2569,05ef5abd07bb222a70e3f1890c07b6bf0c0a7f1b.bin,118,734,datacopy/UCSB/05ef5abd07bb222a70e3f1890c07b6bf0c0a7f1b.bin,"[24, 222]"
2570,ae0804e11729df60d096e094dc4a0de0b000610f.bin,118,734,datacopy/UCSB/ae0804e11729df60d096e094dc4a0de0b000610f.bin,"[24, 222]"
2571,f41b695d94d895f399e92d78c8d77ca48c9fa5c2.bin,118,734,datacopy/UCSB/f41b695d94d895f399e92d78c8d77ca48c9fa5c2.bin,"[24, 222]"
2572,ba13d4488763f952d1373b3ddd26f90a73d98cad.bin,118,734,datacopy/UCSB/ba13d4488763f952d1373b3ddd26f90a73d98cad.bin,"[24, 222]"
2573,20dea85f335441379fc65cc354872f4a0aff5fc9.bin,118,734,datacopy/UCSB/20dea85f335441379fc65cc354872f4a0aff5fc9.bin,"[24, 222]"
2574,d02bb63cda29593d0f553996dccd6bb0f430ff41.bin,118,734,datacopy/UCSB/d02bb63cda29593d0f553996dccd6bb0f430ff41.bin,"[24, 222]"
2575,f8c220e7c3dd512f98d734961dba5f7f82391d79.bin,118,734,datacopy/UCSB/f8c220e7c3dd512f98d734961dba5f7f82391d79.bin,"[24, 222]"
2576,f3c48a7f180822ad51bb457642ebcbdf9b5a8af9.bin,118,734,datacopy/UCSB/f3c48a7f180822ad51bb457642ebcbdf9b5a8af9.bin,"[24, 222]"
2577,7635a3c1e9afb02e58dcadfb8405ba2749ded8e9.bin,118,734,datacopy/UCSB/7635a3c1e9afb02e58dcadfb8405ba2749ded8e9.bin,"[24, 222]"
2578,6e34433fe2f25ccad8b5ba992fcf91fedf1ff4ca.bin,118,734,datacopy/UCSB/6e34433fe2f25ccad8b5ba992fcf91fedf1ff4ca.bin,"[24, 222]"
2579,2af93bb0ca51daf96814ee1d914aeb1129adc577.bin,118,734,datacopy/UCSB/2af93bb0ca51daf96814ee1d914aeb1129adc577.bin,"[24, 222]"
2580,a8894fd98460a88076cbc992b8c1efd635e33477.bin,118,734,datacopy/UCSB/a8894fd98460a88076cbc992b8c1efd635e33477.bin,"[24, 222]"
2581,c1535935c948f029b2c6cd8e092ddbbd0c37fecb.bin,118,734,datacopy/UCSB/c1535935c948f029b2c6cd8e092ddbbd0c37fecb.bin,"[24, 222]"
2582,16909786b464d8b74f40a43ff920c7bdfc1bae01.bin,118,734,datacopy/UCSB/16909786b464d8b74f40a43ff920c7bdfc1bae01.bin,"[24, 222]"
2583,52a405278a86a87cf91e257cb2488dbb314e738e.bin,118,734,datacopy/UCSB/52a405278a86a87cf91e257cb2488dbb314e738e.bin,"[24, 222]"
2584,4d04fe65dd8fc7f96e0491932de4391d27ece518.bin,118,734,datacopy/UCSB/4d04fe65dd8fc7f96e0491932de4391d27ece518.bin,"[24, 222]"
2585,5419c5478040d528aaa9679553e8b6310508de86.bin,118,734,datacopy/UCSB/5419c5478040d528aaa9679553e8b6310508de86.bin,"[24, 222]"
2586,f7533a4d1f6e4fa50f8fcb31571168886a440c25.bin,118,734,datacopy/UCSB/f7533a4d1f6e4fa50f8fcb31571168886a440c25.bin,"[24, 222]"
2587,c799e983774c2e11b7ce501371988f5989cee441.bin,118,734,datacopy/UCSB/c799e983774c2e11b7ce501371988f5989cee441.bin,"[24, 222]"
2588,8e7a49ad265d7eea42224444b523b7fc24a59132.bin,118,734,datacopy/UCSB/8e7a49ad265d7eea42224444b523b7fc24a59132.bin,"[24, 222]"
2589,895159a8d8729c342c3631c3309efc2a7726b858.bin,118,734,datacopy/UCSB/895159a8d8729c342c3631c3309efc2a7726b858.bin,"[24, 222]"
2590,9810352c32a03634c66d292933769d0251a22040.bin,118,734,datacopy/UCSB/9810352c32a03634c66d292933769d0251a22040.bin,"[24, 222]"
2591,a9b6020159a4ff7da8504f6fc4c44e49deb2d438.bin,118,734,datacopy/UCSB/a9b6020159a4ff7da8504f6fc4c44e49deb2d438.bin,"[24, 222]"
2592,a23a21619cb5a28bf71bc9f9eade747d9ce08a0b.bin,118,734,datacopy/UCSB/a23a21619cb5a28bf71bc9f9eade747d9ce08a0b.bin,"[24, 222]"
2593,a03ec493e07d22d370ba65441f388021c4f10369.bin,118,734,datacopy/UCSB/a03ec493e07d22d370ba65441f388021c4f10369.bin,"[24, 222]"
2594,148962925a388fd3d587e81120eef2e258c25251.bin,118,734,datacopy/UCSB/148962925a388fd3d587e81120eef2e258c25251.bin,"[24, 222]"
2595,bbd1f0a17ce989a7ea673498f33e83b852c58415.bin,118,734,datacopy/UCSB/bbd1f0a17ce989a7ea673498f33e83b852c58415.bin,"[24, 222]"
2596,3f4e1e6006aa20c62dea9584fd3680d7d1277c9d.bin,118,734,datacopy/UCSB/3f4e1e6006aa20c62dea9584fd3680d7d1277c9d.bin,"[24, 222]"
2597,ced280bf37fecd32594733a99355a6d1137f02f3.bin,118,734,datacopy/UCSB/ced280bf37fecd32594733a99355a6d1137f02f3.bin,"[24, 222]"
2598,c2e0f5f8c6035e1386cbee373d197a1792a57fcd.bin,118,734,datacopy/UCSB/c2e0f5f8c6035e1386cbee373d197a1792a57fcd.bin,"[24, 222]"
2599,8a2192236e7a2a05e16c8a2c516482a635407ec4.bin,118,734,datacopy/UCSB/8a2192236e7a2a05e16c8a2c516482a635407ec4.bin,"[24, 222]"
2600,d84ef77864a908d23968d8519108e2e25d5ac0ee.bin,118,734,datacopy/UCSB/d84ef77864a908d23968d8519108e2e25d5ac0ee.bin,"[24, 222]"
2601,6d49ac61beac07fe91321f8395a5a17301a29db2.bin,118,734,datacopy/UCSB/6d49ac61beac07fe91321f8395a5a17301a29db2.bin,"[24, 222]"
2602,f8b2ae2a301ef52cf9e3d3976f4f356da54b906d.bin,118,734,datacopy/UCSB/f8b2ae2a301ef52cf9e3d3976f4f356da54b906d.bin,"[24, 222]"
2603,ff040b72c6a3a01d34a079b1272f3300037316ac.bin,118,734,datacopy/UCSB/ff040b72c6a3a01d34a079b1272f3300037316ac.bin,"[24, 222]"
2604,0bbeecdbef7565eb809632e7602d441cd9e1c90a.bin,118,734,datacopy/UCSB/0bbeecdbef7565eb809632e7602d441cd9e1c90a.bin,"[24, 222]"
2605,f31ddf56af73940927664534aeee9087136e29c2.bin,118,734,datacopy/UCSB/f31ddf56af73940927664534aeee9087136e29c2.bin,"[24, 222]"
2606,a76ee7ad17085c300e92727b4e62d3f99c61047f.bin,118,734,datacopy/UCSB/a76ee7ad17085c300e92727b4e62d3f99c61047f.bin,"[24, 222]"
2607,1d234140e3f3004c81449254b9a99ef57e6c1b4d.bin,118,734,datacopy/UCSB/1d234140e3f3004c81449254b9a99ef57e6c1b4d.bin,"[24, 222]"
2608,69a25b0bc28aab5113202764582d97c1661e9c6b.bin,118,734,datacopy/UCSB/69a25b0bc28aab5113202764582d97c1661e9c6b.bin,"[24, 222]"
2609,2775812bd654af4d209d8f319b8bef590b50aa2a.bin,118,734,datacopy/UCSB/2775812bd654af4d209d8f319b8bef590b50aa2a.bin,"[24, 222]"
2610,8e04d56890aff430cd2a887ae91d2edbe48fd3f8.bin,118,734,datacopy/UCSB/8e04d56890aff430cd2a887ae91d2edbe48fd3f8.bin,"[24, 222]"
2611,0bba97a06527b021b6ed20a01f20b6edaaa7c695.bin,118,734,datacopy/UCSB/0bba97a06527b021b6ed20a01f20b6edaaa7c695.bin,"[24, 222]"
2612,91e0550e02c34ae9d11e3234a4c9fbd9688393f2.bin,118,734,datacopy/UCSB/91e0550e02c34ae9d11e3234a4c9fbd9688393f2.bin,"[24, 222]"
2613,122fc2e2f78ca97b1cb733e15190aef5397e7031.bin,118,734,datacopy/UCSB/122fc2e2f78ca97b1cb733e15190aef5397e7031.bin,"[24, 222]"
2614,32f1e8db7951473bfe529f594c5d38169efa1179.bin,118,54,datacopy/UCSB/32f1e8db7951473bfe529f594c5d38169efa1179.bin,"[24, 222]"
2615,46a2d6eafebd78db4e29b3786cbae98cc9183e31.bin,118,734,datacopy/UCSB/46a2d6eafebd78db4e29b3786cbae98cc9183e31.bin,"[24, 222]"
2616,a16f47b0c71cd5c02e8b5811f63bbc27968fe78d.bin,118,734,datacopy/UCSB/a16f47b0c71cd5c02e8b5811f63bbc27968fe78d.bin,"[24, 222]"
2617,068633db78edcd504b59202400ec9e5a91254fa9.bin,118,734,datacopy/UCSB/068633db78edcd504b59202400ec9e5a91254fa9.bin,"[24, 222]"
2618,45cd9810d66d1c689e7615b71def1359a146ee97.bin,118,734,datacopy/UCSB/45cd9810d66d1c689e7615b71def1359a146ee97.bin,"[24, 222]"
2619,426c59351668011569b974859efd7741fa263e11.bin,118,734,datacopy/UCSB/426c59351668011569b974859efd7741fa263e11.bin,"[24, 222]"
2620,4bcb39ee73b95a39069578b8b67266697dc4151f.bin,118,734,datacopy/UCSB/4bcb39ee73b95a39069578b8b67266697dc4151f.bin,"[24, 222]"
2621,edb240b9d1cfb271de885dc8e95eaa579e851534.bin,118,734,datacopy/UCSB/edb240b9d1cfb271de885dc8e95eaa579e851534.bin,"[24, 222]"
2622,f5a8126ba462f5ff6f6b52d90bb755b26d9f6d4a.bin,118,734,datacopy/UCSB/f5a8126ba462f5ff6f6b52d90bb755b26d9f6d4a.bin,"[24, 222]"
2623,e1d8a5c61272b0732b566b94edf334c705e8ade8.bin,118,734,datacopy/UCSB/e1d8a5c61272b0732b566b94edf334c705e8ade8.bin,"[24, 222]"
2624,59f1a83b66e5ae8b6c2b665f3f67afb2c7a36d30.bin,118,734,datacopy/UCSB/59f1a83b66e5ae8b6c2b665f3f67afb2c7a36d30.bin,"[24, 222]"
2625,9a1d3ed8ed5b7a55fc3d8845c4d64b176352f978.bin,118,734,datacopy/UCSB/9a1d3ed8ed5b7a55fc3d8845c4d64b176352f978.bin,"[24, 222]"
2626,77db9da236bd4e743c59aaf740bff122dfe3c26e.bin,118,734,datacopy/UCSB/77db9da236bd4e743c59aaf740bff122dfe3c26e.bin,"[24, 222]"
2627,64e2bafffcb98301161f5235a9f2cd4271e6a410.bin,118,734,datacopy/UCSB/64e2bafffcb98301161f5235a9f2cd4271e6a410.bin,"[24, 222]"
2628,df7380ef3c059b57bbbd8596f44c429e45683431.bin,118,734,datacopy/UCSB/df7380ef3c059b57bbbd8596f44c429e45683431.bin,"[24, 222]"
2629,65e148e42bc4e211ce52b20eaad91161b287becd.bin,118,54,datacopy/UCSB/65e148e42bc4e211ce52b20eaad91161b287becd.bin,"[24, 222]"
2630,df86bfcd95701f60a6b8ed194a82c8a8a388ccb1.bin,118,734,datacopy/UCSB/df86bfcd95701f60a6b8ed194a82c8a8a388ccb1.bin,"[24, 222]"
2631,758252dd50b969ee6d3045f1f11fa2338575282a.bin,118,734,datacopy/UCSB/758252dd50b969ee6d3045f1f11fa2338575282a.bin,"[24, 222]"
2632,bb89655f48fa63cf7c935d90bc4196ffd435a32c.bin,118,734,datacopy/UCSB/bb89655f48fa63cf7c935d90bc4196ffd435a32c.bin,"[24, 222]"
2633,70fafb252ca04acfae0571f4652aec51782a61f6.bin,118,734,datacopy/UCSB/70fafb252ca04acfae0571f4652aec51782a61f6.bin,"[24, 222]"
2634,36ac6f9d11115ef46be895a6f5bac90a429274ec.bin,118,734,datacopy/UCSB/36ac6f9d11115ef46be895a6f5bac90a429274ec.bin,"[24, 222]"
2635,52fc6300ad70545d5ff18ea7280e681f415d5eee.bin,118,734,datacopy/UCSB/52fc6300ad70545d5ff18ea7280e681f415d5eee.bin,"[24, 222]"
2636,b748bbc83a297ffcbfe8573deba8a4db1272ed4b.bin,118,734,datacopy/UCSB/b748bbc83a297ffcbfe8573deba8a4db1272ed4b.bin,"[24, 222]"
2637,6a276dd99b03418b66da372db47d3778adfbf848.bin,118,734,datacopy/UCSB/6a276dd99b03418b66da372db47d3778adfbf848.bin,"[24, 222]"
2638,d9868da81d30e49f5b86a1a320c6ef15476a6dbb.bin,118,734,datacopy/UCSB/d9868da81d30e49f5b86a1a320c6ef15476a6dbb.bin,"[24, 222]"
2639,6980e30a85e0ab00019b0b86e87100e27dabb828.bin,118,734,datacopy/UCSB/6980e30a85e0ab00019b0b86e87100e27dabb828.bin,"[24, 222]"
2640,5cb017a2139cf329b3756eff7533a8f31953e874.bin,118,734,datacopy/UCSB/5cb017a2139cf329b3756eff7533a8f31953e874.bin,"[24, 222]"
2641,f0a764d0990209441cfc17d069c0e77626b40c2d.bin,118,734,datacopy/UCSB/f0a764d0990209441cfc17d069c0e77626b40c2d.bin,"[24, 222]"
2642,da16743e7312a1823f21fc2b223444fb43519288.bin,118,734,datacopy/UCSB/da16743e7312a1823f21fc2b223444fb43519288.bin,"[24, 222]"
2643,fba235c8fe3a4d4c9486cc316fbc0965c291ba87.bin,118,734,datacopy/UCSB/fba235c8fe3a4d4c9486cc316fbc0965c291ba87.bin,"[24, 222]"
2644,184dc25af99e5ad24d8f8701c8b30f94b9554d53.bin,118,734,datacopy/UCSB/184dc25af99e5ad24d8f8701c8b30f94b9554d53.bin,"[24, 222]"
2645,79e2d9324b8efa9c9b5f4bf3390de65c96df5e90.bin,118,734,datacopy/UCSB/79e2d9324b8efa9c9b5f4bf3390de65c96df5e90.bin,"[24, 222]"
2646,5bc2b312b5a31a900014e80714a3062f81fefd4a.bin,118,54,datacopy/UCSB/5bc2b312b5a31a900014e80714a3062f81fefd4a.bin,"[24, 222]"
2647,4d7b3e7a1783905514a0085b9e57b6165d5a6e60.bin,118,734,datacopy/UCSB/4d7b3e7a1783905514a0085b9e57b6165d5a6e60.bin,"[24, 222]"
2648,5588a7de1a715b5a715fd90626971fb1a50fd081.bin,118,734,datacopy/UCSB/5588a7de1a715b5a715fd90626971fb1a50fd081.bin,"[24, 222]"
2649,bae1071ffe5d49429615fa23db538eb3c08b436d.bin,118,734,datacopy/UCSB/bae1071ffe5d49429615fa23db538eb3c08b436d.bin,"[24, 222]"
2650,706cd47e8656758f5d088b1b9fb476b648679d6f.bin,118,734,datacopy/UCSB/706cd47e8656758f5d088b1b9fb476b648679d6f.bin,"[24, 222]"
2651,6858d0743441d258700a3c1ad121c8999120cc95.bin,118,734,datacopy/UCSB/6858d0743441d258700a3c1ad121c8999120cc95.bin,"[24, 222]"
2652,c605dccd91d32414a0637b39e4c53b5ed3934cf1.bin,118,734,datacopy/UCSB/c605dccd91d32414a0637b39e4c53b5ed3934cf1.bin,"[24, 222]"
2653,371d1eef678daf8b4c8d3bf36fa00920860d7cb1.bin,118,734,datacopy/UCSB/371d1eef678daf8b4c8d3bf36fa00920860d7cb1.bin,"[24, 222]"
2654,1e9bd0ef484749495473fce461ac414269d29982.bin,118,734,datacopy/UCSB/1e9bd0ef484749495473fce461ac414269d29982.bin,"[24, 222]"
2655,fd7044e60c338904074d9b89db2f200b7fbb69c1.bin,118,734,datacopy/UCSB/fd7044e60c338904074d9b89db2f200b7fbb69c1.bin,"[24, 222]"
2656,c21404369be5571ed9ec625dad4f996a0fab6bdf.bin,118,734,datacopy/UCSB/c21404369be5571ed9ec625dad4f996a0fab6bdf.bin,"[24, 222]"
2657,9c86ba9b2d42c77f28d84b5401398ddb36e91194.bin,118,734,datacopy/UCSB/9c86ba9b2d42c77f28d84b5401398ddb36e91194.bin,"[24, 222]"
2658,437abddab9a84e4fbf4bacdfb92034d1d5c9adb9.bin,118,734,datacopy/UCSB/437abddab9a84e4fbf4bacdfb92034d1d5c9adb9.bin,"[24, 222]"
2659,64208f5ccc31fe998331c9382ede24bd24017917.bin,118,734,datacopy/UCSB/64208f5ccc31fe998331c9382ede24bd24017917.bin,"[24, 222]"
2660,41b37d0578c3cd422c034219e9e66fd9bdf90f17.bin,118,734,datacopy/UCSB/41b37d0578c3cd422c034219e9e66fd9bdf90f17.bin,"[24, 222]"
2661,400f28be8d2b43312bf09c48805608f1539a519d.bin,118,734,datacopy/UCSB/400f28be8d2b43312bf09c48805608f1539a519d.bin,"[24, 222]"
2662,7a28f992ac3b459f8c1ffb38559daeeb57cedda3.bin,118,734,datacopy/UCSB/7a28f992ac3b459f8c1ffb38559daeeb57cedda3.bin,"[24, 222]"
2663,92d462a581d02564fb9f9cdd17e45702759b99b0.bin,118,734,datacopy/UCSB/92d462a581d02564fb9f9cdd17e45702759b99b0.bin,"[24, 222]"
2664,1699539209457cc0d39d89adb14ceadd69493b0e.bin,118,734,datacopy/UCSB/1699539209457cc0d39d89adb14ceadd69493b0e.bin,"[24, 222]"
2665,4f6373293edb5f169905a667882a0ca356c0c3fe.bin,118,734,datacopy/UCSB/4f6373293edb5f169905a667882a0ca356c0c3fe.bin,"[24, 222]"
2666,0e979ecc1b14005bf0f16d170b409efd0ab28dcd.bin,118,734,datacopy/UCSB/0e979ecc1b14005bf0f16d170b409efd0ab28dcd.bin,"[24, 222]"
2667,14d0485918b7b48f35c8184bcd03fd4257866451.bin,118,734,datacopy/UCSB/14d0485918b7b48f35c8184bcd03fd4257866451.bin,"[24, 222]"
2668,06d3cb19ae5ba686e57f5096fc65bf8e48a24271.bin,118,734,datacopy/UCSB/06d3cb19ae5ba686e57f5096fc65bf8e48a24271.bin,"[24, 222]"
2669,a224ab6e46359fa1e46abda349bf4e24801b0b14.bin,118,734,datacopy/UCSB/a224ab6e46359fa1e46abda349bf4e24801b0b14.bin,"[24, 222]"
2670,a1ce000759593edb4ba6356b25b880c76dabb33a.bin,118,734,datacopy/UCSB/a1ce000759593edb4ba6356b25b880c76dabb33a.bin,"[24, 222]"
2671,a99072ad52c2d44ccb46e4d200e854dd3f46904c.bin,118,734,datacopy/UCSB/a99072ad52c2d44ccb46e4d200e854dd3f46904c.bin,"[24, 222]"
2672,ce7e4ef6e74f9c53c3a6e50ff8c9946c8bb48a51.bin,118,734,datacopy/UCSB/ce7e4ef6e74f9c53c3a6e50ff8c9946c8bb48a51.bin,"[24, 222]"
2673,86886ac30f8db5a9fd7f9e480f500392ccf96734.bin,118,734,datacopy/UCSB/86886ac30f8db5a9fd7f9e480f500392ccf96734.bin,"[24, 222]"
2674,b99f5051640fac27bba2db5ade302b6a0e844e43.bin,118,734,datacopy/UCSB/b99f5051640fac27bba2db5ade302b6a0e844e43.bin,"[24, 222]"
2675,acbd604e91d6c6eb1494f32f6480e0f3088baab7.bin,118,54,datacopy/UCSB/acbd604e91d6c6eb1494f32f6480e0f3088baab7.bin,"[24, 222]"
2676,3f63b7769b85589963a996919acc94f4e8317a43.bin,118,734,datacopy/UCSB/3f63b7769b85589963a996919acc94f4e8317a43.bin,"[24, 222]"
2677,430ed0bfdd1882a4a11d94b25ac2e6d15f47d640.bin,118,734,datacopy/UCSB/430ed0bfdd1882a4a11d94b25ac2e6d15f47d640.bin,"[24, 222]"
2678,7efdee2a7a70a61bb7f77c07464c8743b7fd01f2.bin,118,734,datacopy/UCSB/7efdee2a7a70a61bb7f77c07464c8743b7fd01f2.bin,"[24, 222]"
2679,b9ddbe4548c335e46f10ae7764e82c9e321ba76b.bin,118,54,datacopy/UCSB/b9ddbe4548c335e46f10ae7764e82c9e321ba76b.bin,"[24, 222]"
2680,5413c922eeb059b51515bcf85d91bf357874ebe6.bin,118,734,datacopy/UCSB/5413c922eeb059b51515bcf85d91bf357874ebe6.bin,"[24, 222]"
2681,d66f22df35084e8952f60ec3917764a9eee77671.bin,118,734,datacopy/UCSB/d66f22df35084e8952f60ec3917764a9eee77671.bin,"[24, 222]"
2682,f974c48b00e6d21d8b64977b7bfe1266b577bc77.bin,118,734,datacopy/UCSB/f974c48b00e6d21d8b64977b7bfe1266b577bc77.bin,"[24, 222]"
2683,b28c3c4d1b45239cdabf09690cd29f5e0e40ab8c.bin,118,734,datacopy/UCSB/b28c3c4d1b45239cdabf09690cd29f5e0e40ab8c.bin,"[24, 222]"
2684,29bb889d924544adf3283750fa2f97acf2c4881b.bin,118,734,datacopy/UCSB/29bb889d924544adf3283750fa2f97acf2c4881b.bin,"[24, 222]"
2685,74838c0bfa78a40059e956ffb9e5357a19f4c7e7.bin,118,734,datacopy/UCSB/74838c0bfa78a40059e956ffb9e5357a19f4c7e7.bin,"[24, 222]"
2686,8d921c4d6488930b833669641c1e6a15ce8d0c9a.bin,118,734,datacopy/UCSB/8d921c4d6488930b833669641c1e6a15ce8d0c9a.bin,"[24, 222]"
2687,9c54319194735be897f49e164a674ba15de03780.bin,118,734,datacopy/UCSB/9c54319194735be897f49e164a674ba15de03780.bin,"[24, 222]"
2688,3c1ddcfed2fab15e05ec721dd06a5088da818004.bin,118,734,datacopy/UCSB/3c1ddcfed2fab15e05ec721dd06a5088da818004.bin,"[24, 222]"
2689,9ebdd34c2810960a655e5810f96afb3d3357dd92.bin,118,734,datacopy/UCSB/9ebdd34c2810960a655e5810f96afb3d3357dd92.bin,"[24, 222]"
2690,0411728f1634139bdd46ed763158f25ee891efd1.bin,118,734,datacopy/UCSB/0411728f1634139bdd46ed763158f25ee891efd1.bin,"[24, 222]"
2691,36425d883bde692780287a2d8cc9844fa1fde27d.bin,118,734,datacopy/UCSB/36425d883bde692780287a2d8cc9844fa1fde27d.bin,"[24, 222]"
2692,66cf2b296254e3450b695ba8d911e9d3e13093c7.bin,118,734,datacopy/UCSB/66cf2b296254e3450b695ba8d911e9d3e13093c7.bin,"[24, 222]"
2693,b2bc5405d78aa9bb633976affa766257f468f5ae.bin,118,734,datacopy/UCSB/b2bc5405d78aa9bb633976affa766257f468f5ae.bin,"[24, 222]"
2694,00bda6d45970b0e8fbe93ebc1b3c3c5f18768d4c.bin,118,734,datacopy/UCSB/00bda6d45970b0e8fbe93ebc1b3c3c5f18768d4c.bin,"[24, 222]"
2695,809ea2c3d2562218a7994801de284aa8a2be4853.bin,118,734,datacopy/UCSB/809ea2c3d2562218a7994801de284aa8a2be4853.bin,"[24, 222]"
2696,d3460c3fc1d3dfb20e01c1b8f0b100eff4b1d59f.bin,118,734,datacopy/UCSB/d3460c3fc1d3dfb20e01c1b8f0b100eff4b1d59f.bin,"[24, 222]"
2697,ee5645c6b90feb7616724ab75f0c5dcd7a76cac0.bin,118,734,datacopy/UCSB/ee5645c6b90feb7616724ab75f0c5dcd7a76cac0.bin,"[24, 222]"
2698,c42bd0da2782ed7e6e3ccba3b40ff35063e6d45a.bin,118,734,datacopy/UCSB/c42bd0da2782ed7e6e3ccba3b40ff35063e6d45a.bin,"[24, 222]"
2699,c30a06d87b3fbbcd5a28677b9b319db02a26a229.bin,118,734,datacopy/UCSB/c30a06d87b3fbbcd5a28677b9b319db02a26a229.bin,"[24, 222]"
2700,a1914d30d375089c24e6c27bd4b9495c88b79211.bin,118,734,datacopy/UCSB/a1914d30d375089c24e6c27bd4b9495c88b79211.bin,"[24, 222]"
2701,b7ea2795f869e7877560d7075baac5200b26d6e9.bin,118,734,datacopy/UCSB/b7ea2795f869e7877560d7075baac5200b26d6e9.bin,"[24, 222]"
2702,48df7dcda8def96f89cc6062e54ee528b97375df.bin,118,734,datacopy/UCSB/48df7dcda8def96f89cc6062e54ee528b97375df.bin,"[24, 222]"
2703,991292c1674bb4c1aa1f6a85128b2edacce87777.bin,118,734,datacopy/UCSB/991292c1674bb4c1aa1f6a85128b2edacce87777.bin,"[24, 222]"
2704,606040b6d9a21a8bd13dd67983d7bde32f90eaf6.bin,118,734,datacopy/UCSB/606040b6d9a21a8bd13dd67983d7bde32f90eaf6.bin,"[24, 222]"
2705,83cd85fadc31129c2d69321fd5bbb78047b649d5.bin,118,734,datacopy/UCSB/83cd85fadc31129c2d69321fd5bbb78047b649d5.bin,"[24, 222]"
2706,a2008fd637b95b9ef5d2cdc52b0a14edbe423739.bin,118,734,datacopy/UCSB/a2008fd637b95b9ef5d2cdc52b0a14edbe423739.bin,"[24, 222]"
2707,90fe36c8ca6ea3af88b5ac2c052ebf91353d17c2.bin,118,734,datacopy/UCSB/90fe36c8ca6ea3af88b5ac2c052ebf91353d17c2.bin,"[24, 222]"
2708,8c5a46f006fe667b235d222953960138f0ad2a38.bin,118,734,datacopy/UCSB/8c5a46f006fe667b235d222953960138f0ad2a38.bin,"[24, 222]"
2709,b2cb8f7c37bc7fc9c9559ab373285d943ac2d589.bin,118,734,datacopy/UCSB/b2cb8f7c37bc7fc9c9559ab373285d943ac2d589.bin,"[24, 222]"
2710,3c4a651546f25d095fb2a0ebe8f03be169f68c26.bin,118,734,datacopy/UCSB/3c4a651546f25d095fb2a0ebe8f03be169f68c26.bin,"[24, 222]"
2711,33f43c5a8a3afe2e97156d4850b03b6d4fe18d2d.bin,118,734,datacopy/UCSB/33f43c5a8a3afe2e97156d4850b03b6d4fe18d2d.bin,"[24, 222]"
2712,e6da03b18eda99876d46b99a31e85fb849b450c9.bin,118,734,datacopy/UCSB/e6da03b18eda99876d46b99a31e85fb849b450c9.bin,"[24, 222]"
2713,9d604aef15bdfc60023333af99e8df61c4697748.bin,118,734,datacopy/UCSB/9d604aef15bdfc60023333af99e8df61c4697748.bin,"[24, 222]"
2714,0d77decb2430a2c52c11a589242b62cd6e2fef5f.bin,118,734,datacopy/UCSB/0d77decb2430a2c52c11a589242b62cd6e2fef5f.bin,"[24, 222]"
2715,98a0fd78105cba706793a3db8cd43f3d1c9768f6.bin,118,54,datacopy/UCSB/98a0fd78105cba706793a3db8cd43f3d1c9768f6.bin,"[24, 222]"
2716,59c8231e644efbab79d1a6d1dca5a11d4f5b64f4.bin,118,734,datacopy/UCSB/59c8231e644efbab79d1a6d1dca5a11d4f5b64f4.bin,"[24, 222]"
2717,1b2489dc48ce128ae22645643b794358b7de8545.bin,118,734,datacopy/UCSB/1b2489dc48ce128ae22645643b794358b7de8545.bin,"[24, 222]"
2718,18a15b6bb75e89483f483e3ab93be80310577288.bin,118,734,datacopy/UCSB/18a15b6bb75e89483f483e3ab93be80310577288.bin,"[24, 222]"
2719,a79756917bf5414ba61f8f0996122640e7d16445.bin,118,734,datacopy/UCSB/a79756917bf5414ba61f8f0996122640e7d16445.bin,"[24, 222]"
2720,3f7612b986ed4a1ea404201ddaa7c54fb31a2936.bin,118,734,datacopy/UCSB/3f7612b986ed4a1ea404201ddaa7c54fb31a2936.bin,"[24, 222]"
2721,fc36dfe21182121283691f8da39cc7827d3b056c.bin,118,734,datacopy/UCSB/fc36dfe21182121283691f8da39cc7827d3b056c.bin,"[24, 222]"
2722,81451ed43c29e883d6af77ace6509377eb8fa0f9.bin,118,734,datacopy/UCSB/81451ed43c29e883d6af77ace6509377eb8fa0f9.bin,"[24, 222]"
2723,1367558b5ddaa09be7348951eb87760808349842.bin,118,734,datacopy/UCSB/1367558b5ddaa09be7348951eb87760808349842.bin,"[24, 222]"
2724,3f70f03090b19e7a4f2a6e583d9498d9e17b9283.bin,118,734,datacopy/UCSB/3f70f03090b19e7a4f2a6e583d9498d9e17b9283.bin,"[24, 222]"
2725,f3aa6ae7b3df3a251398851b7064db47fb626419.bin,118,734,datacopy/UCSB/f3aa6ae7b3df3a251398851b7064db47fb626419.bin,"[24, 222]"
2726,3cfbc265c208b3a9cb193ba0688039bca76e53fd.bin,118,734,datacopy/UCSB/3cfbc265c208b3a9cb193ba0688039bca76e53fd.bin,"[24, 222]"
2727,227d37f7ae286e31806d0dd34a6b29d322cde101.bin,118,734,datacopy/UCSB/227d37f7ae286e31806d0dd34a6b29d322cde101.bin,"[24, 222]"
2728,2e7dac0865672d32fc5e46cdee02e77af1152f0b.bin,118,734,datacopy/UCSB/2e7dac0865672d32fc5e46cdee02e77af1152f0b.bin,"[24, 222]"
2729,95cfed964a5679b0e2bb8f1ebaa20edb6c67c41b.bin,118,734,datacopy/UCSB/95cfed964a5679b0e2bb8f1ebaa20edb6c67c41b.bin,"[24, 222]"
2730,77522ca46fdb8464fe1950a4b868cd9983c3010f.bin,118,734,datacopy/UCSB/77522ca46fdb8464fe1950a4b868cd9983c3010f.bin,"[24, 222]"
2731,22be6aead6a6b6dbb434d90704734451af969a16.bin,118,734,datacopy/UCSB/22be6aead6a6b6dbb434d90704734451af969a16.bin,"[24, 222]"
2732,beff990dce88870720fa12a4155039d50a4fa600.bin,118,54,datacopy/UCSB/beff990dce88870720fa12a4155039d50a4fa600.bin,"[24, 222]"
2733,f9182bbdd9fa341aff6d048c829170029a443d3b.bin,118,734,datacopy/UCSB/f9182bbdd9fa341aff6d048c829170029a443d3b.bin,"[24, 222]"
2734,cdae8d91851177c5c387252ea48a4f39a02793d2.bin,118,734,datacopy/UCSB/cdae8d91851177c5c387252ea48a4f39a02793d2.bin,"[24, 222]"
2735,93c0684fff85aef4f12ec10fe5b4d389f051d61e.bin,118,734,datacopy/UCSB/93c0684fff85aef4f12ec10fe5b4d389f051d61e.bin,"[24, 222]"
2736,80f489793fbbbfdbf5a6b8e363e3479dae6cc908.bin,118,734,datacopy/UCSB/80f489793fbbbfdbf5a6b8e363e3479dae6cc908.bin,"[24, 222]"
2737,1617696729d2e57b70b51c517a82b31cd0c83231.bin,118,734,datacopy/UCSB/1617696729d2e57b70b51c517a82b31cd0c83231.bin,"[24, 222]"
2738,c3881a09cd40c8bd925f0c8bb09af6d69e072c7e.bin,118,734,datacopy/UCSB/c3881a09cd40c8bd925f0c8bb09af6d69e072c7e.bin,"[24, 222]"
2739,88e3cb75e25e9e480a7d00bbe277e83a841c24da.bin,118,734,datacopy/UCSB/88e3cb75e25e9e480a7d00bbe277e83a841c24da.bin,"[24, 222]"
2740,79b2346822e23f851ac355b94805da081d42a0be.bin,118,734,datacopy/UCSB/79b2346822e23f851ac355b94805da081d42a0be.bin,"[24, 222]"
2741,707b2b46720d260c26f863190aeee5179ce30a4c.bin,118,734,datacopy/UCSB/707b2b46720d260c26f863190aeee5179ce30a4c.bin,"[24, 222]"
2742,484a5508659a24db4450f611226d9faa31facc04.bin,118,734,datacopy/UCSB/484a5508659a24db4450f611226d9faa31facc04.bin,"[24, 222]"
2743,b68d5da4781222e2b63690599b16face3981cd6b.bin,118,734,datacopy/UCSB/b68d5da4781222e2b63690599b16face3981cd6b.bin,"[24, 222]"
2744,576f68d35a7e084c983f0b4800332e2bcfef34ed.bin,118,734,datacopy/UCSB/576f68d35a7e084c983f0b4800332e2bcfef34ed.bin,"[24, 222]"
2745,3a6a6568484294db64b2d7c45944ac2a0b4b3c97.bin,118,734,datacopy/UCSB/3a6a6568484294db64b2d7c45944ac2a0b4b3c97.bin,"[24, 222]"
2746,6dc1329cfe5524bab0d737be13f44bf04beec8e8.bin,118,734,datacopy/UCSB/6dc1329cfe5524bab0d737be13f44bf04beec8e8.bin,"[24, 222]"
2747,874311261369aee52e785b7ae4e9bcf3196baf53.bin,118,734,datacopy/UCSB/874311261369aee52e785b7ae4e9bcf3196baf53.bin,"[24, 222]"
2748,6dff5984afa506066494b4502084b754e73f5f5d.bin,118,734,datacopy/UCSB/6dff5984afa506066494b4502084b754e73f5f5d.bin,"[24, 222]"
2749,2405d52ff6480b59e1ca3a4a1e18a5e7630e450e.bin,118,734,datacopy/UCSB/2405d52ff6480b59e1ca3a4a1e18a5e7630e450e.bin,"[24, 222]"
2750,ab44c49d39827da86292832dbb42785b6054601d.bin,118,734,datacopy/UCSB/ab44c49d39827da86292832dbb42785b6054601d.bin,"[24, 222]"
2751,444ac4466793c4246b5c5509b61ddedf2a7e6007.bin,118,734,datacopy/UCSB/444ac4466793c4246b5c5509b61ddedf2a7e6007.bin,"[24, 222]"
2752,d2bd986860cb41bd5975835edec46c9af9a56d48.bin,118,734,datacopy/UCSB/d2bd986860cb41bd5975835edec46c9af9a56d48.bin,"[24, 222]"
2753,c680739ec3ea098c8c3beee6a9982dc4b388fceb.bin,118,734,datacopy/UCSB/c680739ec3ea098c8c3beee6a9982dc4b388fceb.bin,"[24, 222]"
2754,f4c2ae6d11cf38fbbe097bb1bf070cbb29cb9049.bin,118,734,datacopy/UCSB/f4c2ae6d11cf38fbbe097bb1bf070cbb29cb9049.bin,"[24, 222]"
2755,346506c16f2cde1e93a585cf64a7087308c652ab.bin,118,734,datacopy/UCSB/346506c16f2cde1e93a585cf64a7087308c652ab.bin,"[24, 222]"
2756,6d0ca89d09dd4585f623ccafce7f6ea6c9f6ff7d.bin,118,734,datacopy/UCSB/6d0ca89d09dd4585f623ccafce7f6ea6c9f6ff7d.bin,"[24, 222]"
2757,6a239254ba4032325d0d02ecdf444b6f0da0d436.bin,118,734,datacopy/UCSB/6a239254ba4032325d0d02ecdf444b6f0da0d436.bin,"[24, 222]"
2758,5eb7372e08b3e76d5edc1fe2ebff8e28cc5067b7.bin,118,734,datacopy/UCSB/5eb7372e08b3e76d5edc1fe2ebff8e28cc5067b7.bin,"[24, 222]"
2759,4934f134ef88b5719a03887d37d69619fb09a079.bin,118,734,datacopy/UCSB/4934f134ef88b5719a03887d37d69619fb09a079.bin,"[24, 222]"
2760,10c918abe9285a34cc9316fd62637e81844fbd7a.bin,118,734,datacopy/UCSB/10c918abe9285a34cc9316fd62637e81844fbd7a.bin,"[24, 222]"
2761,d37990ac8062b89afa23d18eb1c698b82412b3b6.bin,118,734,datacopy/UCSB/d37990ac8062b89afa23d18eb1c698b82412b3b6.bin,"[24, 222]"
2762,1d21be9e50f597c05aa0651a5d50343f8392c9a5.bin,118,734,datacopy/UCSB/1d21be9e50f597c05aa0651a5d50343f8392c9a5.bin,"[24, 222]"
2763,2eedaed2f6cac2aa9cf849519a45a2ca329b1374.bin,118,734,datacopy/UCSB/2eedaed2f6cac2aa9cf849519a45a2ca329b1374.bin,"[24, 222]"
2764,4a168fba64d8c32b76efd04ba764cbf5c1770f0a.bin,118,734,datacopy/UCSB/4a168fba64d8c32b76efd04ba764cbf5c1770f0a.bin,"[24, 222]"
2765,48a06455dfdd2d1c61a7f6a38cdc8f60918b8e66.bin,118,734,datacopy/UCSB/48a06455dfdd2d1c61a7f6a38cdc8f60918b8e66.bin,"[24, 222]"
2766,52dd39743f184cca317934274f55bb10a3f98ac5.bin,118,734,datacopy/UCSB/52dd39743f184cca317934274f55bb10a3f98ac5.bin,"[24, 222]"
2767,228f55677a07fc516829f61d5755571e164e8056.bin,118,734,datacopy/UCSB/228f55677a07fc516829f61d5755571e164e8056.bin,"[24, 222]"
2768,5162facac71c1e8a7d8460c45801cb635d2a4585.bin,118,734,datacopy/UCSB/5162facac71c1e8a7d8460c45801cb635d2a4585.bin,"[24, 222]"
2769,5b5fda4cf90d93728ec891412793c536ba2207d2.bin,118,734,datacopy/UCSB/5b5fda4cf90d93728ec891412793c536ba2207d2.bin,"[24, 222]"
2770,6e8a5a86d0920418f4b056ff540173e084293868.bin,118,734,datacopy/UCSB/6e8a5a86d0920418f4b056ff540173e084293868.bin,"[24, 222]"
2771,07c4127e85d2eaa4534476ec7ead64d4c058ddff.bin,118,734,datacopy/UCSB/07c4127e85d2eaa4534476ec7ead64d4c058ddff.bin,"[24, 222]"
2772,10c5096bc4a79b53cb4c213c7173b548118e7f3f.bin,118,734,datacopy/UCSB/10c5096bc4a79b53cb4c213c7173b548118e7f3f.bin,"[24, 222]"
2773,06935c24e38687def2541a7b4bb98c14d22e9d6b.bin,118,734,datacopy/UCSB/06935c24e38687def2541a7b4bb98c14d22e9d6b.bin,"[24, 222]"
2774,853c7a79ee93941daa0e4d54b8309523e2f0adc8.bin,118,734,datacopy/UCSB/853c7a79ee93941daa0e4d54b8309523e2f0adc8.bin,"[24, 222]"
2775,10e9e3cd0e38bd74481c27fc7535757384b916fc.bin,118,734,datacopy/UCSB/10e9e3cd0e38bd74481c27fc7535757384b916fc.bin,"[24, 222]"
2776,e0d6239a35bcb551da6d2efb5b5a9089c9ed18b5.bin,118,734,datacopy/UCSB/e0d6239a35bcb551da6d2efb5b5a9089c9ed18b5.bin,"[24, 222]"
2777,1f77457f93902f5e97b716be87b51d574ce371e5.bin,118,734,datacopy/UCSB/1f77457f93902f5e97b716be87b51d574ce371e5.bin,"[24, 222]"
2778,50796ac3ec34c65e35a839f52af6700c88b3bdaa.bin,118,734,datacopy/UCSB/50796ac3ec34c65e35a839f52af6700c88b3bdaa.bin,"[24, 222]"
2779,2abc2053457e02c188fed5dcfff5f5dffa83c984.bin,118,734,datacopy/UCSB/2abc2053457e02c188fed5dcfff5f5dffa83c984.bin,"[24, 222]"
2780,605e3cfbd9c62b2cb8b821cfc28249764d12fd89.bin,118,734,datacopy/UCSB/605e3cfbd9c62b2cb8b821cfc28249764d12fd89.bin,"[24, 222]"
2781,abcef7bb6af76682764d967a95c5eeaebed719ac.bin,118,734,datacopy/UCSB/abcef7bb6af76682764d967a95c5eeaebed719ac.bin,"[24, 222]"
2782,e818a3cb6d099ca4a749d78e967fabe63541b8b8.bin,118,734,datacopy/UCSB/e818a3cb6d099ca4a749d78e967fabe63541b8b8.bin,"[24, 222]"
2783,156f241bfdbfe27a593db6963535de743ce493a0.bin,118,54,datacopy/UCSB/156f241bfdbfe27a593db6963535de743ce493a0.bin,"[24, 222]"
2784,8b422aa29a61d23c239c78cd4d3f39bfbd66c6e0.bin,118,734,datacopy/UCSB/8b422aa29a61d23c239c78cd4d3f39bfbd66c6e0.bin,"[24, 222]"
2785,46f3d613a58d5a6143d28e38ed23983965a15dc0.bin,118,734,datacopy/UCSB/46f3d613a58d5a6143d28e38ed23983965a15dc0.bin,"[24, 222]"
2786,1cf9d9daaafa7c6dece65fe480f5c24548077438.bin,118,734,datacopy/UCSB/1cf9d9daaafa7c6dece65fe480f5c24548077438.bin,"[24, 222]"
2787,1f5ee2808d4d15882bc7de89be3e0b01e2d4a738.bin,118,734,datacopy/UCSB/1f5ee2808d4d15882bc7de89be3e0b01e2d4a738.bin,"[24, 222]"
2788,6c9bad809ef194924145f1dec00fbab79cd8307b.bin,118,734,datacopy/UCSB/6c9bad809ef194924145f1dec00fbab79cd8307b.bin,"[24, 222]"
2789,96e62c43870ad001830b86219bbfc18a78b012ee.bin,118,734,datacopy/UCSB/96e62c43870ad001830b86219bbfc18a78b012ee.bin,"[24, 222]"
2790,1782eb1109e35b07e4ba898930c56b48f00affaa.bin,118,734,datacopy/UCSB/1782eb1109e35b07e4ba898930c56b48f00affaa.bin,"[24, 222]"
2791,ec82d31287cd8a65388e9b57eb35c1689995926b.bin,118,734,datacopy/UCSB/ec82d31287cd8a65388e9b57eb35c1689995926b.bin,"[24, 222]"
2792,cd692b9c77070c12333ad80968786bc49d7e64de.bin,118,734,datacopy/UCSB/cd692b9c77070c12333ad80968786bc49d7e64de.bin,"[24, 222]"
2793,b29bf3f37a77344d232d6497cec1d851c0a631dc.bin,118,734,datacopy/UCSB/b29bf3f37a77344d232d6497cec1d851c0a631dc.bin,"[24, 222]"
2794,8d2ff62723a15e7bc4de62bd7aaffc86a6991767.bin,118,734,datacopy/UCSB/8d2ff62723a15e7bc4de62bd7aaffc86a6991767.bin,"[24, 222]"
2795,416fefac290d8cec517b6d8d257382af657a1318.bin,118,734,datacopy/UCSB/416fefac290d8cec517b6d8d257382af657a1318.bin,"[24, 222]"
2796,417df53188175160800475348da394bbc9e398d5.bin,118,54,datacopy/UCSB/417df53188175160800475348da394bbc9e398d5.bin,"[24, 222]"
2797,20ea548086b018bfd07b2cedd091e69c98ad04b8.bin,118,54,datacopy/UCSB/20ea548086b018bfd07b2cedd091e69c98ad04b8.bin,"[24, 222]"
2798,32489c4e8b47784bea181999fc80b6da9c5b5c49.bin,118,734,datacopy/UCSB/32489c4e8b47784bea181999fc80b6da9c5b5c49.bin,"[24, 222]"
2799,70491442e467c97302f6f1f6b410b16139f0d0d0.bin,118,734,datacopy/UCSB/70491442e467c97302f6f1f6b410b16139f0d0d0.bin,"[24, 222]"
2800,34ee9b468168b8510daf7dc1004b1ee93809abc1.bin,118,734,datacopy/UCSB/34ee9b468168b8510daf7dc1004b1ee93809abc1.bin,"[24, 222]"
2801,cd0ff57248739fc9eb35230deecd07ed647816a6.bin,118,734,datacopy/UCSB/cd0ff57248739fc9eb35230deecd07ed647816a6.bin,"[24, 222]"
2802,74b0e9855b88866d298fea00c37a02a71f70a62b.bin,118,734,datacopy/UCSB/74b0e9855b88866d298fea00c37a02a71f70a62b.bin,"[24, 222]"
2803,4e841feaf564544fde47c35346ec28e6c2321416.bin,118,734,datacopy/UCSB/4e841feaf564544fde47c35346ec28e6c2321416.bin,"[24, 222]"
2804,cd655b3ab8d2f6429c18fc0667d19f73be17c47b.bin,118,734,datacopy/UCSB/cd655b3ab8d2f6429c18fc0667d19f73be17c47b.bin,"[24, 222]"
2805,34df82eb5cc4b443a76e3671b73fcd57baec94f6.bin,118,734,datacopy/UCSB/34df82eb5cc4b443a76e3671b73fcd57baec94f6.bin,"[24, 222]"
2806,940930f6ab54ee4b07ec569bd76e7c2a6f36cec3.bin,118,734,datacopy/UCSB/940930f6ab54ee4b07ec569bd76e7c2a6f36cec3.bin,"[24, 222]"
2807,ee9cf66351978399cfa45f09cde24871ab6413a4.bin,118,54,datacopy/UCSB/ee9cf66351978399cfa45f09cde24871ab6413a4.bin,"[24, 222]"
2808,01b8f4c20269adaa5e2052b5b43d0e11ab1afe5e.bin,118,734,datacopy/UCSB/01b8f4c20269adaa5e2052b5b43d0e11ab1afe5e.bin,"[24, 222]"
2809,ad9b7d9043c24340b9680847e26269987f048db8.bin,118,734,datacopy/UCSB/ad9b7d9043c24340b9680847e26269987f048db8.bin,"[24, 222]"
2810,a44790718e514cac34222a6ad9677f715ac1c818.bin,118,734,datacopy/UCSB/a44790718e514cac34222a6ad9677f715ac1c818.bin,"[24, 222]"
2811,3278a2545315a0cd4fbe7c2aa20b186ffc94eac1.bin,118,734,datacopy/UCSB/3278a2545315a0cd4fbe7c2aa20b186ffc94eac1.bin,"[24, 222]"
2812,8e3e42c6dd68cc56b2d8a224fa46906c8ca6a3f5.bin,118,734,datacopy/UCSB/8e3e42c6dd68cc56b2d8a224fa46906c8ca6a3f5.bin,"[24, 222]"
2813,ab095bbd00dbec4d8cdf39b26fd855cdcc3d7791.bin,118,734,datacopy/UCSB/ab095bbd00dbec4d8cdf39b26fd855cdcc3d7791.bin,"[24, 222]"
2814,b0eb1ca7c33754cd146a83e9e95b6834c66eda15.bin,118,734,datacopy/UCSB/b0eb1ca7c33754cd146a83e9e95b6834c66eda15.bin,"[24, 222]"
2815,25078f7b3051dc4fc7806859cc58b424f960edf3.bin,118,734,datacopy/UCSB/25078f7b3051dc4fc7806859cc58b424f960edf3.bin,"[24, 222]"
2816,297d5fcda6a23098b8d2173062a0aaa42a9ad6fe.bin,118,54,datacopy/UCSB/297d5fcda6a23098b8d2173062a0aaa42a9ad6fe.bin,"[24, 222]"
2817,c0f1235d43a64c75acb416307589985760d21ecd.bin,118,734,datacopy/UCSB/c0f1235d43a64c75acb416307589985760d21ecd.bin,"[24, 222]"
2818,21b6714ad68a7fd5be4d544d0a7b7885251272fc.bin,118,734,datacopy/UCSB/21b6714ad68a7fd5be4d544d0a7b7885251272fc.bin,"[24, 222]"
2819,f3a106b401b5c46f65ff9ec47fba0fb97c0c0c6a.bin,118,734,datacopy/UCSB/f3a106b401b5c46f65ff9ec47fba0fb97c0c0c6a.bin,"[24, 222]"
2820,9d43592ef820d5d7b3162e1d82959c559a101c4c.bin,118,734,datacopy/UCSB/9d43592ef820d5d7b3162e1d82959c559a101c4c.bin,"[24, 222]"
2821,bfcef2d99c7ce5f51da7b39deb5511794e6875a4.bin,118,734,datacopy/UCSB/bfcef2d99c7ce5f51da7b39deb5511794e6875a4.bin,"[24, 222]"
2822,b189a023cddd93a8d7f29c5708835fda8e414f81.bin,118,734,datacopy/UCSB/b189a023cddd93a8d7f29c5708835fda8e414f81.bin,"[24, 222]"
2823,c0bf735bbdf3985adb0ae91b7458ab6c7e734b5e.bin,118,734,datacopy/UCSB/c0bf735bbdf3985adb0ae91b7458ab6c7e734b5e.bin,"[24, 222]"
2824,bff9ad9c14e93544284d85c1843aaf676ee62bc2.bin,118,734,datacopy/UCSB/bff9ad9c14e93544284d85c1843aaf676ee62bc2.bin,"[24, 222]"
2825,03953400707bd068dd562d00ddaa4e14d31b5023.bin,118,734,datacopy/UCSB/03953400707bd068dd562d00ddaa4e14d31b5023.bin,"[24, 222]"
2826,d1b141d5a1d68b79edc80a2378448ff56a3e69e4.bin,118,734,datacopy/UCSB/d1b141d5a1d68b79edc80a2378448ff56a3e69e4.bin,"[24, 222]"
2827,b7611b25afd4d3d4ba21a19b66dad826fd320f9b.bin,118,734,datacopy/UCSB/b7611b25afd4d3d4ba21a19b66dad826fd320f9b.bin,"[24, 222]"
2828,335a9560792b314a074022a1346a8b86ff595e08.bin,118,734,datacopy/UCSB/335a9560792b314a074022a1346a8b86ff595e08.bin,"[24, 222]"
2829,5d1d2aedf478354d2c8450210b350cc981e9591d.bin,118,734,datacopy/UCSB/5d1d2aedf478354d2c8450210b350cc981e9591d.bin,"[24, 222]"
2830,33722624ba774a8ac0b9788f769534d3edaa70f7.bin,118,734,datacopy/UCSB/33722624ba774a8ac0b9788f769534d3edaa70f7.bin,"[24, 222]"
2831,8701c5621136a8a5c82e4ec70d9db7145d4ab6bc.bin,118,734,datacopy/UCSB/8701c5621136a8a5c82e4ec70d9db7145d4ab6bc.bin,"[24, 222]"
2832,ce457f1bfdba5f056a6d2fdc21c9c8cbee23e952.bin,118,734,datacopy/UCSB/ce457f1bfdba5f056a6d2fdc21c9c8cbee23e952.bin,"[24, 222]"
2833,49fded3e48dfab9fad56d6a54d7bcf6115e75296.bin,118,734,datacopy/UCSB/49fded3e48dfab9fad56d6a54d7bcf6115e75296.bin,"[24, 222]"
2834,e1b9be10060ae8bf9edfda0ef313eed72ec01f91.bin,118,734,datacopy/UCSB/e1b9be10060ae8bf9edfda0ef313eed72ec01f91.bin,"[24, 222]"
2835,d6f106056c8e004ad96977a3ce0f7e92bc2358fa.bin,118,734,datacopy/UCSB/d6f106056c8e004ad96977a3ce0f7e92bc2358fa.bin,"[24, 222]"
2836,d6ccef4fb93b402e7ea488aa9b81a8689226809b.bin,118,734,datacopy/UCSB/d6ccef4fb93b402e7ea488aa9b81a8689226809b.bin,"[24, 222]"
2837,929ec8f907ddf381479fc81e9d4f5da4ffca6c79.codex,118,734,datacopy/CodexGiga/929ec8f907ddf381479fc81e9d4f5da4ffca6c79.codex,"[24, 222]"
2838,77f08cf8ac230a4a12bb0fd41110939d2e37022e.codex,118,734,datacopy/CodexGiga/77f08cf8ac230a4a12bb0fd41110939d2e37022e.codex,"[24, 222]"
2839,da33226bd6f3bb61c7e2b37a731b70ab99367ae2.codex,118,734,datacopy/CodexGiga/da33226bd6f3bb61c7e2b37a731b70ab99367ae2.codex,"[24, 222]"
2840,7dcf0c208a5521ed0b68b8216e5f3238b48ba7be.codex,118,734,datacopy/CodexGiga/7dcf0c208a5521ed0b68b8216e5f3238b48ba7be.codex,"[24, 222]"
2841,f7a322cc17b28322b0d21bb6f5c43ab172401d0f.codex,118,734,datacopy/CodexGiga/f7a322cc17b28322b0d21bb6f5c43ab172401d0f.codex,"[24, 222]"
2842,b978f8121314aa8801dd5c03213a603124547d1f.codex,118,734,datacopy/CodexGiga/b978f8121314aa8801dd5c03213a603124547d1f.codex,"[24, 222]"
2843,bc1f4b637f422895caf626e5f4fa8c9757acca86.codex,118,734,datacopy/CodexGiga/bc1f4b637f422895caf626e5f4fa8c9757acca86.codex,"[24, 222]"
2844,2202b0f53e60ad356226541af56ad87f04d16ed6.codex,118,734,datacopy/CodexGiga/2202b0f53e60ad356226541af56ad87f04d16ed6.codex,"[24, 222]"
2845,c14565c7845a709e7c19b0176b656a19d21e2229.codex,118,734,datacopy/CodexGiga/c14565c7845a709e7c19b0176b656a19d21e2229.codex,"[24, 222]"
2846,41432b545cb825ff2ff3767ce61ab6ed30641acd.codex,118,734,datacopy/CodexGiga/41432b545cb825ff2ff3767ce61ab6ed30641acd.codex,"[24, 222]"
2847,01f6233610a40a6c3ecbc7bab3047c61f5b7b328.codex,118,734,datacopy/CodexGiga/01f6233610a40a6c3ecbc7bab3047c61f5b7b328.codex,"[24, 222]"
2848,e9ff8095d747309492c97a9c18e323a30fe358e6.codex,118,734,datacopy/CodexGiga/e9ff8095d747309492c97a9c18e323a30fe358e6.codex,"[24, 222]"
2849,318b7e2141b31faaa946610723b5fbed76f75114.codex,118,734,datacopy/CodexGiga/318b7e2141b31faaa946610723b5fbed76f75114.codex,"[24, 222]"
2850,0270bab0ec46b92c430542631304110b5d6bdbbc.codex,118,734,datacopy/CodexGiga/0270bab0ec46b92c430542631304110b5d6bdbbc.codex,"[24, 222]"
2851,5c8f735dd82262516adb6f393b56062b7f87b66b.codex,118,734,datacopy/CodexGiga/5c8f735dd82262516adb6f393b56062b7f87b66b.codex,"[24, 222]"
2852,59c5f8a16d78805b6e0b9cb543f0ff977fea014f.codex,118,734,datacopy/CodexGiga/59c5f8a16d78805b6e0b9cb543f0ff977fea014f.codex,"[24, 222]"
2853,2c738b7c6b4b0bb76a62b2af5d599a75bfad7f3d.codex,118,734,datacopy/CodexGiga/2c738b7c6b4b0bb76a62b2af5d599a75bfad7f3d.codex,"[24, 222]"
2854,1e3bb25b24dc69d5a88aceeecee0d8a9af39927e.codex,118,734,datacopy/CodexGiga/1e3bb25b24dc69d5a88aceeecee0d8a9af39927e.codex,"[24, 222]"
2855,53e61063698ebf1b97be390a2eeca6f20234aec5.codex,118,734,datacopy/CodexGiga/53e61063698ebf1b97be390a2eeca6f20234aec5.codex,"[24, 222]"
2856,3338c52d5b3ff37bf7af89c5d3132572aef79257.codex,118,734,datacopy/CodexGiga/3338c52d5b3ff37bf7af89c5d3132572aef79257.codex,"[24, 222]"
2857,2c5d73cbfdae42429819f7c396cc173477f29cd7.codex,118,734,datacopy/CodexGiga/2c5d73cbfdae42429819f7c396cc173477f29cd7.codex,"[24, 222]"
2858,7b35522bd55aaeafc744a5fa6511c559d5ac80cd.codex,118,734,datacopy/CodexGiga/7b35522bd55aaeafc744a5fa6511c559d5ac80cd.codex,"[24, 222]"
2859,17dc2bae830c49cf8ab2c24dedc38f78c7b8a430.codex,118,734,datacopy/CodexGiga/17dc2bae830c49cf8ab2c24dedc38f78c7b8a430.codex,"[24, 222]"
2860,6733c97d79bebb68465f9011b16f32fa97e8fd69.codex,118,734,datacopy/CodexGiga/6733c97d79bebb68465f9011b16f32fa97e8fd69.codex,"[24, 222]"
2861,255ebd7c7276d9b9e9e7cc3119afe66696a8a0ea.codex,118,734,datacopy/CodexGiga/255ebd7c7276d9b9e9e7cc3119afe66696a8a0ea.codex,"[24, 222]"
2862,d687cb101346c2f1f480dc4932fe8b6fe94c0e5c.codex,118,734,datacopy/CodexGiga/d687cb101346c2f1f480dc4932fe8b6fe94c0e5c.codex,"[24, 222]"
2863,07b911db2b0718e2b0afcf6b8b2fd47d28934b85.codex,118,734,datacopy/CodexGiga/07b911db2b0718e2b0afcf6b8b2fd47d28934b85.codex,"[24, 222]"
2864,3d564bb416742c3f02d2196af2acbe830ce3a2c3.codex,118,734,datacopy/CodexGiga/3d564bb416742c3f02d2196af2acbe830ce3a2c3.codex,"[24, 222]"
2865,ae9e3e8a4d21a61679e9d93720a21aaee55fc5d1.codex,118,734,datacopy/CodexGiga/ae9e3e8a4d21a61679e9d93720a21aaee55fc5d1.codex,"[24, 222]"
2866,400b5d4cd225e35b9199b0da33cb7e5b4c729e5c.codex,118,734,datacopy/CodexGiga/400b5d4cd225e35b9199b0da33cb7e5b4c729e5c.codex,"[24, 222]"
2867,2baffb0df06fea13ea97658e200fcecd1ee346eb.codex,118,734,datacopy/CodexGiga/2baffb0df06fea13ea97658e200fcecd1ee346eb.codex,"[24, 222]"
2868,e450ee93b4e41b25d3c3a341a21a58531de94616.codex,118,734,datacopy/CodexGiga/e450ee93b4e41b25d3c3a341a21a58531de94616.codex,"[24, 222]"
2869,af6b54fa78118310d028dac1874f190080d178da.codex,118,734,datacopy/CodexGiga/af6b54fa78118310d028dac1874f190080d178da.codex,"[24, 222]"
2870,b01dfedb4353beebe2c7099f12d54b330210e7ff.codex,118,734,datacopy/CodexGiga/b01dfedb4353beebe2c7099f12d54b330210e7ff.codex,"[24, 222]"
2871,0b491bc29d8cab94b7a0b7876faf3a81c482561d.codex,118,734,datacopy/CodexGiga/0b491bc29d8cab94b7a0b7876faf3a81c482561d.codex,"[24, 222]"
2872,f1184712df04d1859810b9ef0123485b8c563ac8.codex,118,734,datacopy/CodexGiga/f1184712df04d1859810b9ef0123485b8c563ac8.codex,"[24, 222]"
2873,f1a0ff10024d817339030c40e7762b501f4edda8.codex,118,734,datacopy/CodexGiga/f1a0ff10024d817339030c40e7762b501f4edda8.codex,"[24, 222]"
2874,92a984f289e24abae44c4237d09c9ff3a198783a.codex,118,734,datacopy/CodexGiga/92a984f289e24abae44c4237d09c9ff3a198783a.codex,"[24, 222]"
2875,01750d60025b3956e6fcecea5fa3743089c58e2b.codex,118,734,datacopy/CodexGiga/01750d60025b3956e6fcecea5fa3743089c58e2b.codex,"[24, 222]"
2876,7dd2c7bff7a1ed10824fdaa77236427ef4a4a26f.codex,118,734,datacopy/CodexGiga/7dd2c7bff7a1ed10824fdaa77236427ef4a4a26f.codex,"[24, 222]"
2877,24efba130f37ce6f5bdd9da13c12941422d9f3b0.codex,118,734,datacopy/CodexGiga/24efba130f37ce6f5bdd9da13c12941422d9f3b0.codex,"[24, 222]"
2878,da3cf059828c3b3304fe0713ae2460f22c966f40.codex,118,734,datacopy/CodexGiga/da3cf059828c3b3304fe0713ae2460f22c966f40.codex,"[24, 222]"
2879,68ec86bddb3114779b0162e84495cba7ec0a4568.codex,118,734,datacopy/CodexGiga/68ec86bddb3114779b0162e84495cba7ec0a4568.codex,"[24, 222]"
2880,0a18f1a8222ff25a755526548ef40e0ed278a495.codex,118,734,datacopy/CodexGiga/0a18f1a8222ff25a755526548ef40e0ed278a495.codex,"[24, 222]"
2881,1513023202ef672c565f14b98c48ea79bb57e881.codex,118,734,datacopy/CodexGiga/1513023202ef672c565f14b98c48ea79bb57e881.codex,"[24, 222]"
2882,b477b001cebecfb015593f13f1c310266b4e408b.codex,118,734,datacopy/CodexGiga/b477b001cebecfb015593f13f1c310266b4e408b.codex,"[24, 222]"
2883,0b86b3a098aa6325451225b5ea14ee9d62e0c638.codex,118,734,datacopy/CodexGiga/0b86b3a098aa6325451225b5ea14ee9d62e0c638.codex,"[24, 222]"
2884,93b73cab9d4581ee8954cb7b2adea7e5c1a9ac0d.codex,118,734,datacopy/CodexGiga/93b73cab9d4581ee8954cb7b2adea7e5c1a9ac0d.codex,"[24, 222]"
2885,0f8cda402017d87a94c6f87a7fa872dfc1aa1bea.codex,118,734,datacopy/CodexGiga/0f8cda402017d87a94c6f87a7fa872dfc1aa1bea.codex,"[24, 222]"
2886,0f9cc14064eb24ddef5fc68766c24664fab0ce1b.codex,118,734,datacopy/CodexGiga/0f9cc14064eb24ddef5fc68766c24664fab0ce1b.codex,"[24, 222]"
2887,b01caf62c20ef1f2dae0257dee8bae8c4b01bde0.codex,118,734,datacopy/CodexGiga/b01caf62c20ef1f2dae0257dee8bae8c4b01bde0.codex,"[24, 222]"
2888,43df703fc83be1b4546a53f4e377d32c60cb379d.codex,118,734,datacopy/CodexGiga/43df703fc83be1b4546a53f4e377d32c60cb379d.codex,"[24, 222]"
2889,42c647d83abe1e5438b8176b9e90db08282a8bbb.codex,118,734,datacopy/CodexGiga/42c647d83abe1e5438b8176b9e90db08282a8bbb.codex,"[24, 222]"
2890,5c0a8f5abe59267e890e7ddf475a10a5598cfce3.codex,118,734,datacopy/CodexGiga/5c0a8f5abe59267e890e7ddf475a10a5598cfce3.codex,"[24, 222]"
2891,97c8d511d32e2ab7ff7d78f90bedbf2f31c14bb1.codex,118,734,datacopy/CodexGiga/97c8d511d32e2ab7ff7d78f90bedbf2f31c14bb1.codex,"[24, 222]"
2892,8e23f62d8701f9e050c241680c15c3220bf78228.codex,118,734,datacopy/CodexGiga/8e23f62d8701f9e050c241680c15c3220bf78228.codex,"[24, 222]"
2893,3ba21e1db2977fcd91099e1de3129418aee8bad7.codex,118,734,datacopy/CodexGiga/3ba21e1db2977fcd91099e1de3129418aee8bad7.codex,"[24, 222]"
2894,84f81e1cc9f030133f3b686f1cf7cf3cea09a193.codex,118,734,datacopy/CodexGiga/84f81e1cc9f030133f3b686f1cf7cf3cea09a193.codex,"[24, 222]"
2895,36031722ac4914339508105bc92a7b3c947f72f5.codex,118,734,datacopy/CodexGiga/36031722ac4914339508105bc92a7b3c947f72f5.codex,"[24, 222]"
2896,089f0e786b460fbb2f16af086e70fc2241f2b585.codex,118,734,datacopy/CodexGiga/089f0e786b460fbb2f16af086e70fc2241f2b585.codex,"[24, 222]"
2897,096354e09aae70ffb278971d030a1733bb5f7ec3.codex,118,734,datacopy/CodexGiga/096354e09aae70ffb278971d030a1733bb5f7ec3.codex,"[24, 222]"
2898,0f049d44b87caf7b1715cd0175a04c13ba423c53.codex,118,734,datacopy/CodexGiga/0f049d44b87caf7b1715cd0175a04c13ba423c53.codex,"[24, 222]"
2899,ef75f0f5ee772090018c1e887ef79c280c5a00d2.codex,118,734,datacopy/CodexGiga/ef75f0f5ee772090018c1e887ef79c280c5a00d2.codex,"[24, 222]"
2900,7d639cea8bd8ff7fe3f1406f3590ea6ec1f6e810.codex,118,734,datacopy/CodexGiga/7d639cea8bd8ff7fe3f1406f3590ea6ec1f6e810.codex,"[24, 222]"
2901,9d65a6cd35f8aacdf0965a3c4c1e609fefd97157.codex,118,734,datacopy/CodexGiga/9d65a6cd35f8aacdf0965a3c4c1e609fefd97157.codex,"[24, 222]"
2902,1433f0b9e4a11af5a9c08479204c015867653f67.codex,118,734,datacopy/CodexGiga/1433f0b9e4a11af5a9c08479204c015867653f67.codex,"[24, 222]"
2903,9f43ac88662fa6c3603ddf5eba326a4d398b6773.codex,118,734,datacopy/CodexGiga/9f43ac88662fa6c3603ddf5eba326a4d398b6773.codex,"[24, 222]"
2904,13ff314b0f85e4a5c76c2d332842b7a541dd2606.codex,118,734,datacopy/CodexGiga/13ff314b0f85e4a5c76c2d332842b7a541dd2606.codex,"[24, 222]"
2905,f5cee3ad917b2d19e507387c912b577e2ba036db.codex,118,734,datacopy/CodexGiga/f5cee3ad917b2d19e507387c912b577e2ba036db.codex,"[24, 222]"
2906,f327e89a2a25415b1f2edd7b53443ae7ab9ba3a4.codex,118,734,datacopy/CodexGiga/f327e89a2a25415b1f2edd7b53443ae7ab9ba3a4.codex,"[24, 222]"
2907,50e7b4d4f3ab5fa9c77c0286213e7980ed52f6f6.codex,118,734,datacopy/CodexGiga/50e7b4d4f3ab5fa9c77c0286213e7980ed52f6f6.codex,"[24, 222]"
2908,8f0aec8daa26f40af01f22375e6245a06791c02d.codex,118,734,datacopy/CodexGiga/8f0aec8daa26f40af01f22375e6245a06791c02d.codex,"[24, 222]"
2909,8635acdc1d7693e092a4a4f7789cdbc5589e53d8.codex,118,734,datacopy/CodexGiga/8635acdc1d7693e092a4a4f7789cdbc5589e53d8.codex,"[24, 222]"
2910,38bc4e34e150e1436a72c3fd23dde61279363981.codex,118,734,datacopy/CodexGiga/38bc4e34e150e1436a72c3fd23dde61279363981.codex,"[24, 222]"
2911,800fac81c9c58d3d9c824dc95cabb7a8d61cf1a1.codex,118,734,datacopy/CodexGiga/800fac81c9c58d3d9c824dc95cabb7a8d61cf1a1.codex,"[24, 222]"
2912,abd40af6745f6cfa51210f88beafa6e0d4340b99.codex,118,734,datacopy/CodexGiga/abd40af6745f6cfa51210f88beafa6e0d4340b99.codex,"[24, 222]"
2913,e8138ecb18f7fcda837d5526e50580cc3247c07e.codex,118,734,datacopy/CodexGiga/e8138ecb18f7fcda837d5526e50580cc3247c07e.codex,"[24, 222]"
2914,2abab34395c5754383dea6cf00fa7ab4c410a6ef.codex,118,734,datacopy/CodexGiga/2abab34395c5754383dea6cf00fa7ab4c410a6ef.codex,"[24, 222]"
2915,9e119104c2597f0ab4542c512a1eb9fa2729852f.codex,118,734,datacopy/CodexGiga/9e119104c2597f0ab4542c512a1eb9fa2729852f.codex,"[24, 222]"
2916,b74c828dc6f726c42e92e660294f9c549a244b7e.codex,118,734,datacopy/CodexGiga/b74c828dc6f726c42e92e660294f9c549a244b7e.codex,"[24, 222]"
2917,c2b9b78952575e8b6d4a66e9f31b611f10adc5e6.codex,118,734,datacopy/CodexGiga/c2b9b78952575e8b6d4a66e9f31b611f10adc5e6.codex,"[24, 222]"
2918,dca21e88ad4e7ae8b0a7214cb53863ac2dfee60c.codex,118,734,datacopy/CodexGiga/dca21e88ad4e7ae8b0a7214cb53863ac2dfee60c.codex,"[24, 222]"
2919,bf0a067fc4e334956983354c887a99d25f203365.codex,118,734,datacopy/CodexGiga/bf0a067fc4e334956983354c887a99d25f203365.codex,"[24, 222]"
2920,1dff74e9845b6eb444f9cae907a582a0e1929125.codex,118,734,datacopy/CodexGiga/1dff74e9845b6eb444f9cae907a582a0e1929125.codex,"[24, 222]"
2921,5b28af3c34fd2eddd6e5a715142aa237d8cd0e20.codex,118,734,datacopy/CodexGiga/5b28af3c34fd2eddd6e5a715142aa237d8cd0e20.codex,"[24, 222]"
2922,38d25754e13a219d0d8b3d6d0eefed18ff81af99.codex,118,734,datacopy/CodexGiga/38d25754e13a219d0d8b3d6d0eefed18ff81af99.codex,"[24, 222]"
2923,b9e93e1a71d901e67764c48a6dc4818b8ec63a50.codex,118,734,datacopy/CodexGiga/b9e93e1a71d901e67764c48a6dc4818b8ec63a50.codex,"[24, 222]"
2924,32fd151a8ec09bad5cd1bb50d3ed4e2a0c2dbb5b.codex,118,734,datacopy/CodexGiga/32fd151a8ec09bad5cd1bb50d3ed4e2a0c2dbb5b.codex,"[24, 222]"
2925,d7974cbdae58b3fd72db335d53793713ec921c07.codex,118,734,datacopy/CodexGiga/d7974cbdae58b3fd72db335d53793713ec921c07.codex,"[24, 222]"
2926,de8d37c0a87c4fa536e9728cd2b0976c9bb7a328.codex,118,734,datacopy/CodexGiga/de8d37c0a87c4fa536e9728cd2b0976c9bb7a328.codex,"[24, 222]"
2927,320cf1c0efad979d0028f504f7274bbc7790fdde.codex,118,734,datacopy/CodexGiga/320cf1c0efad979d0028f504f7274bbc7790fdde.codex,"[24, 222]"
2928,46baf9e1a44ce3980b4dc46b86baf35f07f9863a.codex,118,734,datacopy/CodexGiga/46baf9e1a44ce3980b4dc46b86baf35f07f9863a.codex,"[24, 222]"
2929,ceb0574487e52ddf6a7963e7647f9ad74a42e339.codex,118,734,datacopy/CodexGiga/ceb0574487e52ddf6a7963e7647f9ad74a42e339.codex,"[24, 222]"
2930,a36c2d74acc93140fc028fbba56e47a7bc5aeff4.codex,118,734,datacopy/CodexGiga/a36c2d74acc93140fc028fbba56e47a7bc5aeff4.codex,"[24, 222]"
2931,9cebfa04cd2af4b4aa5d9c56ba271af2af6cc777.codex,118,734,datacopy/CodexGiga/9cebfa04cd2af4b4aa5d9c56ba271af2af6cc777.codex,"[24, 222]"
2932,646d54222f020f92fe2e0533c676bb104004686c.codex,118,734,datacopy/CodexGiga/646d54222f020f92fe2e0533c676bb104004686c.codex,"[24, 222]"
2933,03f005cc40cb121f39af052ba3019c469b69b1fe.codex,118,734,datacopy/CodexGiga/03f005cc40cb121f39af052ba3019c469b69b1fe.codex,"[24, 222]"
2934,19bc605787e8e9bb261800ba3f398d0811ce507f.codex,118,734,datacopy/CodexGiga/19bc605787e8e9bb261800ba3f398d0811ce507f.codex,"[24, 222]"
2935,4f7236e2160cd9a8e9d3b326874b32a3cdf4273a.codex,118,734,datacopy/CodexGiga/4f7236e2160cd9a8e9d3b326874b32a3cdf4273a.codex,"[24, 222]"
2936,2136967db3f4390fe75a0c6254a62ef08fec3f7d.codex,118,734,datacopy/CodexGiga/2136967db3f4390fe75a0c6254a62ef08fec3f7d.codex,"[24, 222]"
2937,6e75a5d9faabdd9aea6c285c814e03975526c8c0.codex,118,734,datacopy/CodexGiga/6e75a5d9faabdd9aea6c285c814e03975526c8c0.codex,"[24, 222]"
2938,5a9a720f91857c1fe784cd475608848d031ec810.codex,118,734,datacopy/CodexGiga/5a9a720f91857c1fe784cd475608848d031ec810.codex,"[24, 222]"
2939,745508b66496a73e59fa5f51132d349fa3055c26.codex,118,734,datacopy/CodexGiga/745508b66496a73e59fa5f51132d349fa3055c26.codex,"[24, 222]"
2940,ed04cba2871e1c0a83beb00a4acb265fba24d1c7.codex,118,734,datacopy/CodexGiga/ed04cba2871e1c0a83beb00a4acb265fba24d1c7.codex,"[24, 222]"
2941,6526f7e4321f3acca071dc9b2af6c51a8ab26d15.codex,118,734,datacopy/CodexGiga/6526f7e4321f3acca071dc9b2af6c51a8ab26d15.codex,"[24, 222]"
2942,58048d8322e3648d6a3ece2ec9038d438c687710.codex,118,734,datacopy/CodexGiga/58048d8322e3648d6a3ece2ec9038d438c687710.codex,"[24, 222]"
2943,e71caf1ac227478f4a95dc89170ca0f0dd755c72.codex,118,734,datacopy/CodexGiga/e71caf1ac227478f4a95dc89170ca0f0dd755c72.codex,"[24, 222]"
2944,73a9f2357ccde49b8f9b1377ac48144783a7f57f.codex,118,734,datacopy/CodexGiga/73a9f2357ccde49b8f9b1377ac48144783a7f57f.codex,"[24, 222]"
2945,4b28b1c9ff69a8f323d199aa3328de87fc730e74.codex,118,734,datacopy/CodexGiga/4b28b1c9ff69a8f323d199aa3328de87fc730e74.codex,"[24, 222]"
2946,ac69f1b76954d1068377e6f4b5ac59fa037ba019.codex,118,734,datacopy/CodexGiga/ac69f1b76954d1068377e6f4b5ac59fa037ba019.codex,"[24, 222]"
2947,8b18f58434111d96fd9139bdb05530b5f70239c1.codex,118,734,datacopy/CodexGiga/8b18f58434111d96fd9139bdb05530b5f70239c1.codex,"[24, 222]"
2948,30b8700e5ec31630967fbcc8a3b8fb3fa8b1df7f.codex,118,734,datacopy/CodexGiga/30b8700e5ec31630967fbcc8a3b8fb3fa8b1df7f.codex,"[24, 222]"
2949,ffc74ab94c5e7a0b67c59f3e053928a4e21bcef7.codex,118,734,datacopy/CodexGiga/ffc74ab94c5e7a0b67c59f3e053928a4e21bcef7.codex,"[24, 222]"
2950,478f296f219a7fbae29d1bd6d914521e30902f90.codex,118,734,datacopy/CodexGiga/478f296f219a7fbae29d1bd6d914521e30902f90.codex,"[24, 222]"
2951,8a32cdd3834e0629eeb47ca2b5f019497cfcb66b.codex,118,734,datacopy/CodexGiga/8a32cdd3834e0629eeb47ca2b5f019497cfcb66b.codex,"[24, 222]"
2952,18ff92ea12c8b1967e248791241b4e3d41b2ce6c.codex,118,734,datacopy/CodexGiga/18ff92ea12c8b1967e248791241b4e3d41b2ce6c.codex,"[24, 222]"
2953,fd37b9682d15c89f79a73c35eeda2cd381aad446.codex,118,734,datacopy/CodexGiga/fd37b9682d15c89f79a73c35eeda2cd381aad446.codex,"[24, 222]"
2954,340327e187f97485e16b2242a01fe3fdabd3fedb.codex,118,734,datacopy/CodexGiga/340327e187f97485e16b2242a01fe3fdabd3fedb.codex,"[24, 222]"
2955,39d88a9326a64b8e4393ed3015a38c4f09cf2850.codex,118,734,datacopy/CodexGiga/39d88a9326a64b8e4393ed3015a38c4f09cf2850.codex,"[24, 222]"
2956,0f7ccd39a0c4c5846da1dc5330c918316c917da8.codex,118,734,datacopy/CodexGiga/0f7ccd39a0c4c5846da1dc5330c918316c917da8.codex,"[24, 222]"
2957,1ebaa56967e72aba01f1d96ee28b218f776abbb9.codex,118,734,datacopy/CodexGiga/1ebaa56967e72aba01f1d96ee28b218f776abbb9.codex,"[24, 222]"
2958,36f79f828ce802cc2ed8dd37cae5247362fb11ea.codex,118,734,datacopy/CodexGiga/36f79f828ce802cc2ed8dd37cae5247362fb11ea.codex,"[24, 222]"
2959,bf3cb57d73c580f710388c9d574de074bbca5d7a.codex,118,734,datacopy/CodexGiga/bf3cb57d73c580f710388c9d574de074bbca5d7a.codex,"[24, 222]"
2960,0826d635a8e5cba27009a7c27735efd1337bbaf8.codex,118,734,datacopy/CodexGiga/0826d635a8e5cba27009a7c27735efd1337bbaf8.codex,"[24, 222]"
2961,1be3725af4eb10309d8c93cb8e6503435ac82e34.codex,118,734,datacopy/CodexGiga/1be3725af4eb10309d8c93cb8e6503435ac82e34.codex,"[24, 222]"
2962,1f523f98e28063463ff402ac39bcea28da8661b5.codex,118,734,datacopy/CodexGiga/1f523f98e28063463ff402ac39bcea28da8661b5.codex,"[24, 222]"
2963,14c7a1661620f46c2943fa1ad522631638569b37.codex,118,734,datacopy/CodexGiga/14c7a1661620f46c2943fa1ad522631638569b37.codex,"[24, 222]"
2964,6ab179329707b60a305c5f348d9762349e87927b.codex,118,734,datacopy/CodexGiga/6ab179329707b60a305c5f348d9762349e87927b.codex,"[24, 222]"
2965,2356f82fcc1b7fd0505711b0a320c57b14f2cc0d.codex,118,734,datacopy/CodexGiga/2356f82fcc1b7fd0505711b0a320c57b14f2cc0d.codex,"[24, 222]"
2966,85fc68bbb79854bcd59fff566328a9856897d0d9.codex,118,734,datacopy/CodexGiga/85fc68bbb79854bcd59fff566328a9856897d0d9.codex,"[24, 222]"
2967,4a893e20379d454c94b637caf15a9eb8a20491fa.codex,118,734,datacopy/CodexGiga/4a893e20379d454c94b637caf15a9eb8a20491fa.codex,"[24, 222]"
2968,073644294ef317aed16b435abb132afc09a3935d.codex,118,734,datacopy/CodexGiga/073644294ef317aed16b435abb132afc09a3935d.codex,"[24, 222]"
2969,6ae8f1653ca4d5643d81ef5e64a333f47603da20.codex,118,734,datacopy/CodexGiga/6ae8f1653ca4d5643d81ef5e64a333f47603da20.codex,"[24, 222]"
2970,dba5e9748d25603b6c1f2de8cef12c9ea03c302c.codex,118,734,datacopy/CodexGiga/dba5e9748d25603b6c1f2de8cef12c9ea03c302c.codex,"[24, 222]"
2971,6c5bab7edf1630d8b8b36d631ea3d18e3aad946c.codex,118,734,datacopy/CodexGiga/6c5bab7edf1630d8b8b36d631ea3d18e3aad946c.codex,"[24, 222]"
2972,93229172020b93a506549d505148b5c9e80d643b.codex,118,734,datacopy/CodexGiga/93229172020b93a506549d505148b5c9e80d643b.codex,"[24, 222]"
2973,98ebfabfae701dc7e6e7400356a5bb5a5c373ec8.codex,118,734,datacopy/CodexGiga/98ebfabfae701dc7e6e7400356a5bb5a5c373ec8.codex,"[24, 222]"
2974,9d19f2899082eab01dfca20ce07026189abae04f.codex,118,734,datacopy/CodexGiga/9d19f2899082eab01dfca20ce07026189abae04f.codex,"[24, 222]"
2975,d28b488ba651777790f824385aaf0d9acf02c9c2.codex,118,734,datacopy/CodexGiga/d28b488ba651777790f824385aaf0d9acf02c9c2.codex,"[24, 222]"
2976,7727b339e73930ab8ffa90e19f6cf7a9d8981e41.codex,118,734,datacopy/CodexGiga/7727b339e73930ab8ffa90e19f6cf7a9d8981e41.codex,"[24, 222]"
2977,8a89a1cc1d9f7a1891e9523b80c21ac530554e66.codex,118,734,datacopy/CodexGiga/8a89a1cc1d9f7a1891e9523b80c21ac530554e66.codex,"[24, 222]"
2978,e59c07a228349bcdd3c904ae8883a6300df650847e1ac90fa3657e134cd0f688,118,734,datacopy/Stefano/e59c07a228349bcdd3c904ae8883a6300df650847e1ac90fa3657e134cd0f688,"[24, 222]"
2979,afabc6e1a3ef7a10ce13374d01aeac5edba6542808af76bc2901e7c5e5c4e765,118,734,datacopy/Stefano/afabc6e1a3ef7a10ce13374d01aeac5edba6542808af76bc2901e7c5e5c4e765,"[24, 222]"
2980,c4a1705f209ce998c3a39510b5a81e0ced1b667e123d07b3d7ab577fc2870962,118,734,datacopy/Stefano/c4a1705f209ce998c3a39510b5a81e0ced1b667e123d07b3d7ab577fc2870962,"[24, 222]"
2981,1f67fda5460c066e4e430d763d943540efe4c8e5777cf393dac0fb4f7efc9bbd,118,734,datacopy/Stefano/1f67fda5460c066e4e430d763d943540efe4c8e5777cf393dac0fb4f7efc9bbd,"[24, 222]"
2982,a6f6b67d508cd329dcb86ed5fa3a35ad2730b89a.bin,119,734,datacopy/UCSB/a6f6b67d508cd329dcb86ed5fa3a35ad2730b89a.bin,[24]
2983,84606e58159d913eb58a336bda62c44d82469cf1.bin,119,734,datacopy/UCSB/84606e58159d913eb58a336bda62c44d82469cf1.bin,[24]
2984,caeed33caa06392f7a65b6386a9e5752462c543d.bin,119,734,datacopy/UCSB/caeed33caa06392f7a65b6386a9e5752462c543d.bin,[24]
2985,8879ed5492a4e3e24a3f99161efda9570e2f4203.bin,119,734,datacopy/UCSB/8879ed5492a4e3e24a3f99161efda9570e2f4203.bin,[24]
2986,c7d1b5b3a993434536649e468e88b9f17f31dc3c.bin,119,734,datacopy/UCSB/c7d1b5b3a993434536649e468e88b9f17f31dc3c.bin,[24]
2987,4708f066f6481244b9367f3145c1fb60d1395099.bin,119,734,datacopy/UCSB/4708f066f6481244b9367f3145c1fb60d1395099.bin,[24]
2988,2af51c69f121b5813540cae5495c2a48777396aa.bin,119,734,datacopy/UCSB/2af51c69f121b5813540cae5495c2a48777396aa.bin,[24]
2989,389f5185166a9bb4438d97df8f906fb262d860d7.bin,119,734,datacopy/UCSB/389f5185166a9bb4438d97df8f906fb262d860d7.bin,[24]
2990,6b35951ae6364a5857ee806f0aad4694ae515aa7.bin,119,734,datacopy/UCSB/6b35951ae6364a5857ee806f0aad4694ae515aa7.bin,[24]
2991,55767cd4d2003b346cf84488f1c79b670998e8b8.bin,119,734,datacopy/UCSB/55767cd4d2003b346cf84488f1c79b670998e8b8.bin,[24]
2992,453fc1df10d13e399660652f0c07fd687c7331f0.bin,119,734,datacopy/UCSB/453fc1df10d13e399660652f0c07fd687c7331f0.bin,[24]
2993,5c67cf4bfdc3cab61677d60961213198ff8abafc.bin,119,734,datacopy/UCSB/5c67cf4bfdc3cab61677d60961213198ff8abafc.bin,[24]
2994,006e5394b9d7432ef60f60b6a6d6b48f9629b9e2.bin,119,734,datacopy/UCSB/006e5394b9d7432ef60f60b6a6d6b48f9629b9e2.bin,[24]
2995,ae9c0da3e32423ee9f35f6635f3d7c53580af489.bin,119,734,datacopy/UCSB/ae9c0da3e32423ee9f35f6635f3d7c53580af489.bin,[24]
2996,0ff17ddff2d59a3042f066167d07fac4ca872127.bin,119,734,datacopy/UCSB/0ff17ddff2d59a3042f066167d07fac4ca872127.bin,[24]
2997,27f6d0895ceb07bbf7c29393301d165aebbb4897.bin,119,734,datacopy/UCSB/27f6d0895ceb07bbf7c29393301d165aebbb4897.bin,[24]
2998,9d007b204257a0b81cd8c359c3c2d47a9a77210c.bin,119,734,datacopy/UCSB/9d007b204257a0b81cd8c359c3c2d47a9a77210c.bin,[24]
2999,caf13df3e1d8f5791a77a94c682f578b1653ce27.bin,119,734,datacopy/UCSB/caf13df3e1d8f5791a77a94c682f578b1653ce27.bin,[24]
3000,0fb125012fa568c8701b2a1ca74c2e48cfbe31f0.bin,119,734,datacopy/UCSB/0fb125012fa568c8701b2a1ca74c2e48cfbe31f0.bin,[24]
3001,bd88f541205eab92a50903d4ada3dd33e59279e2.bin,119,734,datacopy/UCSB/bd88f541205eab92a50903d4ada3dd33e59279e2.bin,[24]
3002,7c5cbb8e0f417ee95530d200ba81314405974406.bin,119,734,datacopy/UCSB/7c5cbb8e0f417ee95530d200ba81314405974406.bin,[24]
3003,e3a5ca7093eaa87aab1d8afe21fc1528e2678b6b.bin,119,734,datacopy/UCSB/e3a5ca7093eaa87aab1d8afe21fc1528e2678b6b.bin,[24]
3004,079897e91f8743081aaba8ca28d2ef8eed7a4ad0.bin,119,734,datacopy/UCSB/079897e91f8743081aaba8ca28d2ef8eed7a4ad0.bin,[24]
3005,4f45235f7d0cf8858c112a51651e510726abc29a.bin,119,734,datacopy/UCSB/4f45235f7d0cf8858c112a51651e510726abc29a.bin,[24]
3006,39e31601d8c8995b3a2e1959e30d25666a46d7e8.bin,119,734,datacopy/UCSB/39e31601d8c8995b3a2e1959e30d25666a46d7e8.bin,[24]
3007,459d57ef98b7b0c18739957058fe2efb3fc967dc.bin,119,734,datacopy/UCSB/459d57ef98b7b0c18739957058fe2efb3fc967dc.bin,[24]
3008,00810a2937fae71b8593310e5581d53044eb28c3.bin,119,734,datacopy/UCSB/00810a2937fae71b8593310e5581d53044eb28c3.bin,[24]
3009,f99b94f1727b26a45eb8dbfffcd3a44e2e9ad5a3.bin,119,734,datacopy/UCSB/f99b94f1727b26a45eb8dbfffcd3a44e2e9ad5a3.bin,[24]
3010,789ae9f0c7bc0111c9bc6f59ff6aae2017a7f4d2.bin,119,734,datacopy/UCSB/789ae9f0c7bc0111c9bc6f59ff6aae2017a7f4d2.bin,[24]
3011,c2b2188a01d93d87271ccb6c731e39826ebff707.bin,119,734,datacopy/UCSB/c2b2188a01d93d87271ccb6c731e39826ebff707.bin,[24]
3012,e28fcd782c20fd84ff3b883cdfe43fb29171234b.bin,119,734,datacopy/UCSB/e28fcd782c20fd84ff3b883cdfe43fb29171234b.bin,[24]
3013,dd6d35a01bc143d9b348c5662478586e61ec532d.bin,119,734,datacopy/UCSB/dd6d35a01bc143d9b348c5662478586e61ec532d.bin,[24]
3014,af2a7ca002f81dfa00ae27bd601296b00d99bd9f.bin,119,734,datacopy/UCSB/af2a7ca002f81dfa00ae27bd601296b00d99bd9f.bin,[24]
3015,601060e1fa8c8693551ac9f70ec04b6022402074.bin,119,734,datacopy/UCSB/601060e1fa8c8693551ac9f70ec04b6022402074.bin,[24]
3016,00dc986d9dffb12fbc37d0b2e5b371c0fd6a4239.bin,119,734,datacopy/UCSB/00dc986d9dffb12fbc37d0b2e5b371c0fd6a4239.bin,[24]
3017,440f617d1e6915804da873f194525138b2448d82.bin,119,734,datacopy/UCSB/440f617d1e6915804da873f194525138b2448d82.bin,[24]
3018,c8d2dd0027fc0a9ff00134ef054c4f82ed926306.bin,119,734,datacopy/UCSB/c8d2dd0027fc0a9ff00134ef054c4f82ed926306.bin,[24]
3019,3a49e392b3c1e79712907cb780063bcede95a7a3.bin,119,734,datacopy/UCSB/3a49e392b3c1e79712907cb780063bcede95a7a3.bin,[24]
3020,ffdf7dcb81c436c4e3c953c4f84e091f8151ac34.bin,119,734,datacopy/UCSB/ffdf7dcb81c436c4e3c953c4f84e091f8151ac34.bin,[24]
3021,03a42812e19ec9e21cb09806f8693d5286e4555e.bin,119,734,datacopy/UCSB/03a42812e19ec9e21cb09806f8693d5286e4555e.bin,[24]
3022,a0bee1e2d59fb8ba62b9c4b5504b34e40ae26e6b.bin,119,734,datacopy/UCSB/a0bee1e2d59fb8ba62b9c4b5504b34e40ae26e6b.bin,[24]
3023,6a6fbdce0cf80e7eb5f66e392eb02311e8e7f8f5.bin,119,734,datacopy/UCSB/6a6fbdce0cf80e7eb5f66e392eb02311e8e7f8f5.bin,[24]
3024,0d101d32fb58d38dca38b1f089a643b9a560cf7f.bin,119,734,datacopy/UCSB/0d101d32fb58d38dca38b1f089a643b9a560cf7f.bin,[24]
3025,81249799f0bf65ceafc9b783b2427e86300ef602.bin,119,734,datacopy/UCSB/81249799f0bf65ceafc9b783b2427e86300ef602.bin,[24]
3026,ec234c6a74e879b634bb7af978c5f06acb2080b8.bin,119,734,datacopy/UCSB/ec234c6a74e879b634bb7af978c5f06acb2080b8.bin,[24]
3027,5171f2d96369c076fec66145f9be32ccde4f8b75.bin,119,734,datacopy/UCSB/5171f2d96369c076fec66145f9be32ccde4f8b75.bin,[24]
3028,e25378bd1f5a864ed12e80bd4d7481d8c6eae04d.bin,119,734,datacopy/UCSB/e25378bd1f5a864ed12e80bd4d7481d8c6eae04d.bin,[24]
3029,d9132e650b6381924dfaef26d577be657798739d.bin,119,734,datacopy/UCSB/d9132e650b6381924dfaef26d577be657798739d.bin,[24]
3030,45608d170b1e5dd9d65dffc3abfbc16bbcd1e11b.bin,119,734,datacopy/UCSB/45608d170b1e5dd9d65dffc3abfbc16bbcd1e11b.bin,[24]
3031,4765f6c1ec7adf13bb9b3e1d20fb4550a7ef70f4.bin,119,734,datacopy/UCSB/4765f6c1ec7adf13bb9b3e1d20fb4550a7ef70f4.bin,[24]
3032,7b9277f4f0a4cbe13bb74f08dd0b0d7f83a5c661.bin,119,734,datacopy/UCSB/7b9277f4f0a4cbe13bb74f08dd0b0d7f83a5c661.bin,[24]
3033,6f2faf1e5f913f192f9fc7a5bb07af4284c0fb5f.bin,119,734,datacopy/UCSB/6f2faf1e5f913f192f9fc7a5bb07af4284c0fb5f.bin,[24]
3034,2403b5127dc2087773479cc43ceb265a27f87f0d.bin,119,734,datacopy/UCSB/2403b5127dc2087773479cc43ceb265a27f87f0d.bin,[24]
3035,0f51ef8746162b6a29dec32a918dc91ffca07181.bin,119,734,datacopy/UCSB/0f51ef8746162b6a29dec32a918dc91ffca07181.bin,[24]
3036,30687cd2a5a9a7e420a21b2742bb70285df1b9df.bin,119,734,datacopy/UCSB/30687cd2a5a9a7e420a21b2742bb70285df1b9df.bin,[24]
3037,b1ca4ea60bebc3699eb2e96a76ab0d55349a3627.bin,119,734,datacopy/UCSB/b1ca4ea60bebc3699eb2e96a76ab0d55349a3627.bin,[24]
3038,b37f7703ee87fb2be849f274a8f8480d4b21e391.bin,119,734,datacopy/UCSB/b37f7703ee87fb2be849f274a8f8480d4b21e391.bin,[24]
3039,2abaa90fd217ba45b5fbe59ed77cd4aa63e37a65.bin,119,734,datacopy/UCSB/2abaa90fd217ba45b5fbe59ed77cd4aa63e37a65.bin,[24]
3040,cd51d503863e073b3d1b14b0cc8566994e9b412c.bin,119,734,datacopy/UCSB/cd51d503863e073b3d1b14b0cc8566994e9b412c.bin,[24]
3041,2dd58c36933ca510caf01dd9d5be9190c70ccb4c.bin,119,734,datacopy/UCSB/2dd58c36933ca510caf01dd9d5be9190c70ccb4c.bin,[24]
3042,650e70fcd0be03ad4ba22ed2a0bbbb2a2b8b8e5a.bin,119,734,datacopy/UCSB/650e70fcd0be03ad4ba22ed2a0bbbb2a2b8b8e5a.bin,[24]
3043,a0c8d820e5114d5e32a625fd2c08f2a0eed41064.bin,119,734,datacopy/UCSB/a0c8d820e5114d5e32a625fd2c08f2a0eed41064.bin,[24]
3044,43d80e7f24a6593bd47ad410f6f5dbacc1670860.bin,119,734,datacopy/UCSB/43d80e7f24a6593bd47ad410f6f5dbacc1670860.bin,[24]
3045,25a29396aefcd30bd4409f742684ecb93ef8cd85.bin,119,734,datacopy/UCSB/25a29396aefcd30bd4409f742684ecb93ef8cd85.bin,[24]
3046,f05a3b3fd94aa8792784a25c5d29fe7faaa309ea.bin,119,734,datacopy/UCSB/f05a3b3fd94aa8792784a25c5d29fe7faaa309ea.bin,[24]
3047,464b81b77cd21e0625c41e9c34f9e547982c77da.bin,119,734,datacopy/UCSB/464b81b77cd21e0625c41e9c34f9e547982c77da.bin,[24]
3048,2bce7d2365b4d8f784c55033a37c9019b61b0cb7.bin,119,734,datacopy/UCSB/2bce7d2365b4d8f784c55033a37c9019b61b0cb7.bin,[24]
3049,fdcbace84ad2eb298bd382428de746f522fed9f1.bin,119,734,datacopy/UCSB/fdcbace84ad2eb298bd382428de746f522fed9f1.bin,[24]
3050,8cf0d7ca01b06a8d63f0d3ef550d5129c05903c2.bin,119,734,datacopy/UCSB/8cf0d7ca01b06a8d63f0d3ef550d5129c05903c2.bin,[24]
3051,16e5cb9cea0c0b2e77f5d56ef4ccd3472e41ff61.bin,119,734,datacopy/UCSB/16e5cb9cea0c0b2e77f5d56ef4ccd3472e41ff61.bin,[24]
3052,7b3dffa05f2c610baa395c1a0a1d138c2820495b.bin,119,734,datacopy/UCSB/7b3dffa05f2c610baa395c1a0a1d138c2820495b.bin,[24]
3053,10f9d4b1d1b216e39089f84fc926ce4f64e8990b.bin,119,734,datacopy/UCSB/10f9d4b1d1b216e39089f84fc926ce4f64e8990b.bin,[24]
3054,04ef87647585e9a792ad04ff2a2db0fadc6599e3.bin,119,734,datacopy/UCSB/04ef87647585e9a792ad04ff2a2db0fadc6599e3.bin,[24]
3055,97b13db0ce2d02c1a96072967745dff8c3db7ed3.bin,119,734,datacopy/UCSB/97b13db0ce2d02c1a96072967745dff8c3db7ed3.bin,[24]
3056,ad74192bf21b26426127e5bb10472713b6a0a1bd.bin,119,734,datacopy/UCSB/ad74192bf21b26426127e5bb10472713b6a0a1bd.bin,[24]
3057,5c4117b003879e57bef872d46d35fac7ef6e09a0.bin,119,734,datacopy/UCSB/5c4117b003879e57bef872d46d35fac7ef6e09a0.bin,[24]
3058,86ad3055e9aa723c782150c96f31fecf06b7b894.bin,119,734,datacopy/UCSB/86ad3055e9aa723c782150c96f31fecf06b7b894.bin,[24]
3059,b1f74b51a65961e6c87c3f591fa917577e404b75.bin,119,734,datacopy/UCSB/b1f74b51a65961e6c87c3f591fa917577e404b75.bin,[24]
3060,8366fc5ad33304ec85aed8a46c05ac0d07445a5a.bin,119,734,datacopy/UCSB/8366fc5ad33304ec85aed8a46c05ac0d07445a5a.bin,[24]
3061,0da7614c630c45370df6fd5288b96f9e0362340b.bin,119,734,datacopy/UCSB/0da7614c630c45370df6fd5288b96f9e0362340b.bin,[24]
3062,465add44afe58c8aff60aaf96a159c9c537c52d5.bin,119,734,datacopy/UCSB/465add44afe58c8aff60aaf96a159c9c537c52d5.bin,[24]
3063,d4d73d8d52cd619a1335a2920b08304cb2b96963.bin,119,734,datacopy/UCSB/d4d73d8d52cd619a1335a2920b08304cb2b96963.bin,[24]
3064,103d201cd769e7ba7e2b724f2665755a0502c054.bin,119,734,datacopy/UCSB/103d201cd769e7ba7e2b724f2665755a0502c054.bin,[24]
3065,b34cfab8800357377a7c4731300229d51de1a078.bin,119,734,datacopy/UCSB/b34cfab8800357377a7c4731300229d51de1a078.bin,[24]
3066,6d048ba5e7a3056393210f748865b9b4d8f4e0b4.bin,119,734,datacopy/UCSB/6d048ba5e7a3056393210f748865b9b4d8f4e0b4.bin,[24]
3067,51ef40b7b72ccfec5f552fa6ae54b5070b2415a0.bin,119,734,datacopy/UCSB/51ef40b7b72ccfec5f552fa6ae54b5070b2415a0.bin,[24]
3068,0f1fdb5b51858f602312b4ecc30623b2a16db8dd.bin,119,734,datacopy/UCSB/0f1fdb5b51858f602312b4ecc30623b2a16db8dd.bin,[24]
3069,ff0700614e8945c1ec7e4f58e27fe543f1609f77.bin,119,734,datacopy/UCSB/ff0700614e8945c1ec7e4f58e27fe543f1609f77.bin,[24]
3070,1d259c849d4f0b68aebb6ff82cc58bae6a979113.bin,119,734,datacopy/UCSB/1d259c849d4f0b68aebb6ff82cc58bae6a979113.bin,[24]
3071,03b6c1eeacdb31f1cb919c2e7e7f9cea1fdcf4e8.bin,119,734,datacopy/UCSB/03b6c1eeacdb31f1cb919c2e7e7f9cea1fdcf4e8.bin,[24]
3072,38ee6b6037b00510d21321e8fd439818935888f0.bin,119,734,datacopy/UCSB/38ee6b6037b00510d21321e8fd439818935888f0.bin,[24]
3073,984b2cad08f860b921547d2489abac47c0c5b8c4.bin,119,734,datacopy/UCSB/984b2cad08f860b921547d2489abac47c0c5b8c4.bin,[24]
3074,438aa4576c2758555555364cb9c1164cb97e18d7.bin,119,734,datacopy/UCSB/438aa4576c2758555555364cb9c1164cb97e18d7.bin,[24]
3075,0b7b0a18ec16e5d5377cb2e97fbf9203ce7689ee.bin,119,734,datacopy/UCSB/0b7b0a18ec16e5d5377cb2e97fbf9203ce7689ee.bin,[24]
3076,f160b8d207a1a22fb75e8042fea5be7f80797801.bin,119,734,datacopy/UCSB/f160b8d207a1a22fb75e8042fea5be7f80797801.bin,[24]
3077,2b898ebb8bb30bc5c12d737a1158149ce50085d9.bin,119,734,datacopy/UCSB/2b898ebb8bb30bc5c12d737a1158149ce50085d9.bin,[24]
3078,92ab8de8aa4b8755b09a239b4a4f53015c0cbc36.bin,119,734,datacopy/UCSB/92ab8de8aa4b8755b09a239b4a4f53015c0cbc36.bin,[24]
3079,0e6f6493fd0c9b35b65bf5c7bfe6f5fc2727772c.bin,119,734,datacopy/UCSB/0e6f6493fd0c9b35b65bf5c7bfe6f5fc2727772c.bin,[24]
3080,7b554289588a038763b10b7d66fc4a26b7489dbf.bin,119,734,datacopy/UCSB/7b554289588a038763b10b7d66fc4a26b7489dbf.bin,[24]
3081,55c6d00059250bae67d74f7c1dc79b207d8d8c93.bin,119,734,datacopy/UCSB/55c6d00059250bae67d74f7c1dc79b207d8d8c93.bin,[24]
3082,f1162f14347c6409255e562e7e3c89ccf8386a17.bin,119,734,datacopy/UCSB/f1162f14347c6409255e562e7e3c89ccf8386a17.bin,[24]
3083,6d1d60072dea9a2e6d71b4f6c6042547e82038e6.bin,119,734,datacopy/UCSB/6d1d60072dea9a2e6d71b4f6c6042547e82038e6.bin,[24]
3084,2f6acbb1bdaecc04790f811a91f6454378fe8795.bin,119,734,datacopy/UCSB/2f6acbb1bdaecc04790f811a91f6454378fe8795.bin,[24]
3085,d69b658eb93be47ef6bf774f66dcb7bd3f351e56.bin,119,734,datacopy/UCSB/d69b658eb93be47ef6bf774f66dcb7bd3f351e56.bin,[24]
3086,422527d20c037dab9f38d97d2f3ae8a9dd7b4f0e.bin,119,734,datacopy/UCSB/422527d20c037dab9f38d97d2f3ae8a9dd7b4f0e.bin,[24]
3087,41cd44008f2d942c2da6254c0ee4c314131574d1.bin,119,734,datacopy/UCSB/41cd44008f2d942c2da6254c0ee4c314131574d1.bin,[24]
3088,c14eb76efd5225158cc979b0ae91a5c0321f40b8.bin,119,734,datacopy/UCSB/c14eb76efd5225158cc979b0ae91a5c0321f40b8.bin,[24]
3089,c3e36c5a96cf66ccc4cd258560bfff996606ed1b.bin,119,734,datacopy/UCSB/c3e36c5a96cf66ccc4cd258560bfff996606ed1b.bin,[24]
3090,bce18a76aaa32a790f9074798da47ac7d50d51b8.bin,119,734,datacopy/UCSB/bce18a76aaa32a790f9074798da47ac7d50d51b8.bin,[24]
3091,970bc975987302b30cc29a0710e682ceb0698714.bin,119,734,datacopy/UCSB/970bc975987302b30cc29a0710e682ceb0698714.bin,[24]
3092,9dc5f24af8fe88240cbd4ff48beb3771fdb38f4e.bin,119,734,datacopy/UCSB/9dc5f24af8fe88240cbd4ff48beb3771fdb38f4e.bin,[24]
3093,9aa6948dc37ec4572084b75ea6380234435eef5d.bin,119,734,datacopy/UCSB/9aa6948dc37ec4572084b75ea6380234435eef5d.bin,[24]
3094,c9e521abe1abbed31976c34fba58c6bc557fc251.bin,119,734,datacopy/UCSB/c9e521abe1abbed31976c34fba58c6bc557fc251.bin,[24]
3095,23de380535fa95b5bad7d2d6148f757c3a99936e.bin,119,734,datacopy/UCSB/23de380535fa95b5bad7d2d6148f757c3a99936e.bin,[24]
3096,f4c8b320ba015594d2dd8b266d35ea51e23ff9a8.bin,119,734,datacopy/UCSB/f4c8b320ba015594d2dd8b266d35ea51e23ff9a8.bin,[24]
3097,edcb3a9275a0bbfb8735e15a1e8c14e8cb758770.bin,119,734,datacopy/UCSB/edcb3a9275a0bbfb8735e15a1e8c14e8cb758770.bin,[24]
3098,461d84b88fd65daa1f9131ce47bacac8c2731077.bin,119,734,datacopy/UCSB/461d84b88fd65daa1f9131ce47bacac8c2731077.bin,[24]
3099,23db3ef613517bb7fb6af50857b614e677b68008.bin,119,734,datacopy/UCSB/23db3ef613517bb7fb6af50857b614e677b68008.bin,[24]
3100,a47bda803b60e3c4784bd2d8267a3fb30c019d6b.bin,119,734,datacopy/UCSB/a47bda803b60e3c4784bd2d8267a3fb30c019d6b.bin,[24]
3101,fd0e13d36fddb632a13aa72ac2d0a7396caef366.bin,119,734,datacopy/UCSB/fd0e13d36fddb632a13aa72ac2d0a7396caef366.bin,[24]
3102,e5c56f87e81675b35cd17d2d84287c44fa2d8af1.bin,119,734,datacopy/UCSB/e5c56f87e81675b35cd17d2d84287c44fa2d8af1.bin,[24]
3103,6e67b340e8f606daac1d8da394181963866004ff.bin,119,734,datacopy/UCSB/6e67b340e8f606daac1d8da394181963866004ff.bin,[24]
3104,55c84038bf28b89117487f2456294626550a8530.bin,119,734,datacopy/UCSB/55c84038bf28b89117487f2456294626550a8530.bin,[24]
3105,597a716a79d02eb126b54e369907bd8b21c0f2cc.bin,119,734,datacopy/UCSB/597a716a79d02eb126b54e369907bd8b21c0f2cc.bin,[24]
3106,795f8e06aa191ce55a449f4739fef6bce91363be.bin,119,734,datacopy/UCSB/795f8e06aa191ce55a449f4739fef6bce91363be.bin,[24]
3107,ea552e0ebe0119b585703a7cdbdd336475b0eec4.bin,119,734,datacopy/UCSB/ea552e0ebe0119b585703a7cdbdd336475b0eec4.bin,[24]
3108,9c8801815476f792b57e2b07a23978163ac8c024.bin,119,734,datacopy/UCSB/9c8801815476f792b57e2b07a23978163ac8c024.bin,[24]
3109,4b34162cc8c8649922bf61e0f4b73aa575d17477.bin,119,734,datacopy/UCSB/4b34162cc8c8649922bf61e0f4b73aa575d17477.bin,[24]
3110,288e0f463f042cf6dd936af04795b5fbb096876f.bin,119,734,datacopy/UCSB/288e0f463f042cf6dd936af04795b5fbb096876f.bin,[24]
3111,d8e471deb1f9a9df72957f0b5fecc541a2195a2a.bin,119,734,datacopy/UCSB/d8e471deb1f9a9df72957f0b5fecc541a2195a2a.bin,[24]
3112,90cd59ae77d73a607a2e5deb590ef7d5e8fa08fb.bin,119,734,datacopy/UCSB/90cd59ae77d73a607a2e5deb590ef7d5e8fa08fb.bin,[24]
3113,f1d2915bb47ae88a4c8ae99db7b5ac08eb8dba60.bin,119,734,datacopy/UCSB/f1d2915bb47ae88a4c8ae99db7b5ac08eb8dba60.bin,[24]
3114,b7000c65039ae7c5a80b1f3d7970d5c0155f3e2a.bin,119,734,datacopy/UCSB/b7000c65039ae7c5a80b1f3d7970d5c0155f3e2a.bin,[24]
3115,7dfc48ce2def7e8537a9dd21cce4fde5c782b2e5.bin,119,734,datacopy/UCSB/7dfc48ce2def7e8537a9dd21cce4fde5c782b2e5.bin,[24]
3116,30e6d541ce0f3317664544e9995d087ab09d887d.bin,119,734,datacopy/UCSB/30e6d541ce0f3317664544e9995d087ab09d887d.bin,[24]
3117,373ec74ace69af923b1480747015c2c4e60ac5f7.bin,119,734,datacopy/UCSB/373ec74ace69af923b1480747015c2c4e60ac5f7.bin,[24]
3118,5f545403a93a500b030d5578e6c551cbb630debf.bin,119,734,datacopy/UCSB/5f545403a93a500b030d5578e6c551cbb630debf.bin,[24]
3119,bdbd088a4c5b905e776160ca6c40137209c52a4e.bin,119,734,datacopy/UCSB/bdbd088a4c5b905e776160ca6c40137209c52a4e.bin,[24]
3120,99f7847348589c4f2285acc99c1883076bc72456.bin,119,734,datacopy/UCSB/99f7847348589c4f2285acc99c1883076bc72456.bin,[24]
3121,21abaf7b27a889e8f78c91d1c7c460c521eda9ef.bin,119,734,datacopy/UCSB/21abaf7b27a889e8f78c91d1c7c460c521eda9ef.bin,[24]
3122,c96aff3fae1cd26cbfebb4ac8b0e3b13ec174df1.bin,119,734,datacopy/UCSB/c96aff3fae1cd26cbfebb4ac8b0e3b13ec174df1.bin,[24]
3123,1db35444a48c6902bcc732f1863b355cad2d61ac.bin,119,734,datacopy/UCSB/1db35444a48c6902bcc732f1863b355cad2d61ac.bin,[24]
3124,84a42f88edc34755b656496e84c4d8f450ce22d6.bin,119,734,datacopy/UCSB/84a42f88edc34755b656496e84c4d8f450ce22d6.bin,[24]
3125,68ed47f114e3be007de34f26e681f413395d70c6.bin,119,734,datacopy/UCSB/68ed47f114e3be007de34f26e681f413395d70c6.bin,[24]
3126,0b162c8eafc399117d829053b2be6eec115f2e6c.bin,119,734,datacopy/UCSB/0b162c8eafc399117d829053b2be6eec115f2e6c.bin,[24]
3127,9bde63440f7779b3fb61c056a8c6f9c91ea779e8.bin,119,734,datacopy/UCSB/9bde63440f7779b3fb61c056a8c6f9c91ea779e8.bin,[24]
3128,37dbce842721f0acb6fc2e0e5ee956d5c2c17bba.bin,119,734,datacopy/UCSB/37dbce842721f0acb6fc2e0e5ee956d5c2c17bba.bin,[24]
3129,5f0c53f1b3a3d241e7df79f46cf52ea9745df16f.bin,119,734,datacopy/UCSB/5f0c53f1b3a3d241e7df79f46cf52ea9745df16f.bin,[24]
3130,2435954d7294d0a939e8e5b247649a242ac48c28.bin,119,734,datacopy/UCSB/2435954d7294d0a939e8e5b247649a242ac48c28.bin,[24]
3131,0b08001cd62431875e437bd2fad5265b204a69ad.bin,119,734,datacopy/UCSB/0b08001cd62431875e437bd2fad5265b204a69ad.bin,[24]
3132,9b52fd45a96c75a341aca386dbc9fba01a827c5f.bin,119,734,datacopy/UCSB/9b52fd45a96c75a341aca386dbc9fba01a827c5f.bin,[24]
3133,81a65c9ad716511e379b9d87cc212f887cb9c533.bin,119,734,datacopy/UCSB/81a65c9ad716511e379b9d87cc212f887cb9c533.bin,[24]
3134,a089d4b16113b66125b5ca361092589d3c42f0dc.bin,119,734,datacopy/UCSB/a089d4b16113b66125b5ca361092589d3c42f0dc.bin,[24]
3135,7f8d7ef3268561b685cbcfb535d604733ab89579.bin,119,734,datacopy/UCSB/7f8d7ef3268561b685cbcfb535d604733ab89579.bin,[24]
3136,39d2c382291c08e1de857d65a6d9f6bf6b858931.bin,119,734,datacopy/UCSB/39d2c382291c08e1de857d65a6d9f6bf6b858931.bin,[24]
3137,1e1e36e91113c64b05f05cddfc53d14aa188f1df.bin,119,734,datacopy/UCSB/1e1e36e91113c64b05f05cddfc53d14aa188f1df.bin,[24]
3138,63eca9988671b3fe13861a1ca2df33735b18061a.bin,119,734,datacopy/UCSB/63eca9988671b3fe13861a1ca2df33735b18061a.bin,[24]
3139,6cfce4d24d5598239216e411b76391375248790c.bin,119,734,datacopy/UCSB/6cfce4d24d5598239216e411b76391375248790c.bin,[24]
3140,2e6b240551c733f8b3e2e1af208182f6d91cbeea.bin,119,734,datacopy/UCSB/2e6b240551c733f8b3e2e1af208182f6d91cbeea.bin,[24]
3141,ab2b2e4dfeee9fc43dfd3e165a3b699f36965b91.bin,119,734,datacopy/UCSB/ab2b2e4dfeee9fc43dfd3e165a3b699f36965b91.bin,[24]
3142,6e6454b68462f9c23cdd05a16968138002d859cc.bin,119,734,datacopy/UCSB/6e6454b68462f9c23cdd05a16968138002d859cc.bin,[24]
3143,383b97073d01fd568f1a068eaaf6b75a951f7057.bin,119,734,datacopy/UCSB/383b97073d01fd568f1a068eaaf6b75a951f7057.bin,[24]
3144,6ed9ae27945496bee10a972d2bcb59a9be22d9ff.bin,119,734,datacopy/UCSB/6ed9ae27945496bee10a972d2bcb59a9be22d9ff.bin,[24]
3145,f26c4a914698ddbf8b9921ac4083c645559dc674.bin,119,734,datacopy/UCSB/f26c4a914698ddbf8b9921ac4083c645559dc674.bin,[24]
3146,280b91d9382136f53699b4ebce6d293b85390662.bin,119,734,datacopy/UCSB/280b91d9382136f53699b4ebce6d293b85390662.bin,[24]
3147,cdd1a1d4ed1a6db9db033faed0371edf1dfde37f.bin,119,734,datacopy/UCSB/cdd1a1d4ed1a6db9db033faed0371edf1dfde37f.bin,[24]
3148,479c10fbad06f0b32d43a9374bd2b93222dece4d.bin,119,734,datacopy/UCSB/479c10fbad06f0b32d43a9374bd2b93222dece4d.bin,[24]
3149,51ef478417326da3e7e3ffb434baf6f8fbcf72c9.bin,119,734,datacopy/UCSB/51ef478417326da3e7e3ffb434baf6f8fbcf72c9.bin,[24]
3150,b7c3e573c05d2bc023309756cf7af09acc980b97.bin,119,734,datacopy/UCSB/b7c3e573c05d2bc023309756cf7af09acc980b97.bin,[24]
3151,896c92862cd4494314d28d4a5ddfb1cc619143ec.bin,119,734,datacopy/UCSB/896c92862cd4494314d28d4a5ddfb1cc619143ec.bin,[24]
3152,a1cda9639dc6000e317e1841f54b7ccf0ec840a7.bin,119,734,datacopy/UCSB/a1cda9639dc6000e317e1841f54b7ccf0ec840a7.bin,[24]
3153,453bf39d58f4a32c3d6cef251b527710d3c4ce3a.bin,119,734,datacopy/UCSB/453bf39d58f4a32c3d6cef251b527710d3c4ce3a.bin,[24]
3154,2475bdab1de6bbf5bed97b568fbdabf849a1fd17.bin,119,734,datacopy/UCSB/2475bdab1de6bbf5bed97b568fbdabf849a1fd17.bin,[24]
3155,f34973d5057e72c9b3ef61d75863fcc9a978a34a.bin,119,734,datacopy/UCSB/f34973d5057e72c9b3ef61d75863fcc9a978a34a.bin,[24]
3156,bde6dd5a67b0febe0938dc53c2c2753bbd4732ba.bin,119,734,datacopy/UCSB/bde6dd5a67b0febe0938dc53c2c2753bbd4732ba.bin,[24]
3157,ef06c36cf7b379902343ac823d4b86a2f0b0ea36.bin,119,734,datacopy/UCSB/ef06c36cf7b379902343ac823d4b86a2f0b0ea36.bin,[24]
3158,3363515d1eb0d1f0c848eb5e6075b615c72667f5.bin,119,734,datacopy/UCSB/3363515d1eb0d1f0c848eb5e6075b615c72667f5.bin,[24]
3159,576601e7425f4b023acb63d74b2c52c346d5a49f.bin,119,734,datacopy/UCSB/576601e7425f4b023acb63d74b2c52c346d5a49f.bin,[24]
3160,3f2f9765e9521430ee9b9b80c5a0e92168d7b444.bin,119,734,datacopy/UCSB/3f2f9765e9521430ee9b9b80c5a0e92168d7b444.bin,[24]
3161,1e3e785efe5176668083c1c317b7807a70577b31.bin,119,734,datacopy/UCSB/1e3e785efe5176668083c1c317b7807a70577b31.bin,[24]
3162,706475582c398463369af765b30d35bcad450687.bin,119,734,datacopy/UCSB/706475582c398463369af765b30d35bcad450687.bin,[24]
3163,d2d8e7a3f45e2e6d9bfe4f4758658215faf9d72e.bin,119,734,datacopy/UCSB/d2d8e7a3f45e2e6d9bfe4f4758658215faf9d72e.bin,[24]
3164,7d32c3909cf61f4f1f3b55ca6dcee5c264d50d1b.bin,119,734,datacopy/UCSB/7d32c3909cf61f4f1f3b55ca6dcee5c264d50d1b.bin,[24]
3165,04d0c7e74a93fe5e2b19485215ef5c5b7e45083a.bin,119,734,datacopy/UCSB/04d0c7e74a93fe5e2b19485215ef5c5b7e45083a.bin,[24]
3166,d48883ee7dcf87fe27fcd3ac1a72ddd174b1b917.bin,119,734,datacopy/UCSB/d48883ee7dcf87fe27fcd3ac1a72ddd174b1b917.bin,[24]
3167,6f2b8c26553280acc5a546ccb50c106481de1334.bin,119,734,datacopy/UCSB/6f2b8c26553280acc5a546ccb50c106481de1334.bin,[24]
3168,790103b434739d8064051efd6c1bb0d8fe4e8283.bin,119,734,datacopy/UCSB/790103b434739d8064051efd6c1bb0d8fe4e8283.bin,[24]
3169,425fcf155ff2e586434dd19625565661771c1e54.bin,119,734,datacopy/UCSB/425fcf155ff2e586434dd19625565661771c1e54.bin,[24]
3170,4d2ab6caac9e5d53a8c167ab37670ab5ebb1e2f7.bin,119,734,datacopy/UCSB/4d2ab6caac9e5d53a8c167ab37670ab5ebb1e2f7.bin,[24]
3171,c3df6a7696a81ed2666d2f6fa8675fed63c8a5bf.bin,119,734,datacopy/UCSB/c3df6a7696a81ed2666d2f6fa8675fed63c8a5bf.bin,[24]
3172,73909c5d0f70e42bafa4731b933a4a9ee5e47012.bin,119,734,datacopy/UCSB/73909c5d0f70e42bafa4731b933a4a9ee5e47012.bin,[24]
3173,65deb022c6f17af8486dda1d31545b292751fbed.bin,119,734,datacopy/UCSB/65deb022c6f17af8486dda1d31545b292751fbed.bin,[24]
3174,81160692f5505fb7c7a786ee036c7ff9acde7970.bin,119,734,datacopy/UCSB/81160692f5505fb7c7a786ee036c7ff9acde7970.bin,[24]
3175,22bd21071258156d42d449d7beffcc85cb4db483.bin,119,734,datacopy/UCSB/22bd21071258156d42d449d7beffcc85cb4db483.bin,[24]
3176,3bf80e36885288b2d1bd68313864ee02938f9795.bin,119,734,datacopy/UCSB/3bf80e36885288b2d1bd68313864ee02938f9795.bin,[24]
3177,c69a13039516ff756bc4fd3ba654b9401622c3d4.bin,119,734,datacopy/UCSB/c69a13039516ff756bc4fd3ba654b9401622c3d4.bin,[24]
3178,7e96f8b4da91c92ed80be2cda7eaf2182acbe300.codex,119,734,datacopy/CodexGiga/7e96f8b4da91c92ed80be2cda7eaf2182acbe300.codex,[24]
3179,eb95ecbf4e382aba4fd02862dfcb69a2a839324d.codex,119,734,datacopy/CodexGiga/eb95ecbf4e382aba4fd02862dfcb69a2a839324d.codex,[24]
3180,060f7036db4e1483e6fb3ca51658ce9d5690c69f.codex,119,734,datacopy/CodexGiga/060f7036db4e1483e6fb3ca51658ce9d5690c69f.codex,[24]
3181,fd4fc9439e932952dfb9ef5ce25312aeb70358b1.codex,119,734,datacopy/CodexGiga/fd4fc9439e932952dfb9ef5ce25312aeb70358b1.codex,[24]
3182,5b5bce07b669039db3b8738538fad9cd898a9807.codex,119,734,datacopy/CodexGiga/5b5bce07b669039db3b8738538fad9cd898a9807.codex,[24]
3183,279aa3b5b8adc901663c03fc0228848e8cd15782.codex,119,734,datacopy/CodexGiga/279aa3b5b8adc901663c03fc0228848e8cd15782.codex,[24]
3184,122c44e187a746c19b14db6da96db9aa79007f64.codex,119,734,datacopy/CodexGiga/122c44e187a746c19b14db6da96db9aa79007f64.codex,[24]
3185,25ffce14e327180221b6f127aa3022cb95b73768.codex,119,734,datacopy/CodexGiga/25ffce14e327180221b6f127aa3022cb95b73768.codex,[24]
3186,a87e52e413a3407dc5284e090a636680979592cc.codex,119,734,datacopy/CodexGiga/a87e52e413a3407dc5284e090a636680979592cc.codex,[24]
3187,8a7d4dff925aab64beb5ddd906014e6cd8675f66.codex,119,734,datacopy/CodexGiga/8a7d4dff925aab64beb5ddd906014e6cd8675f66.codex,[24]
3188,1c72d33f8a44650078f5c125e03511c383798136.codex,119,734,datacopy/CodexGiga/1c72d33f8a44650078f5c125e03511c383798136.codex,[24]
3189,82459c4e706dd815406323baaaf1fc389ca72c07.codex,119,734,datacopy/CodexGiga/82459c4e706dd815406323baaaf1fc389ca72c07.codex,[24]
3190,36904a4c7aac6369542d205afc61566786f2e7e2.codex,119,734,datacopy/CodexGiga/36904a4c7aac6369542d205afc61566786f2e7e2.codex,[24]
3191,6b93386ba19c23fc031308da9c245e4e745bbb3e.codex,119,734,datacopy/CodexGiga/6b93386ba19c23fc031308da9c245e4e745bbb3e.codex,[24]
3192,a1262b8b6bef47c81042ebe70f57deb1fef4f4e7.codex,119,734,datacopy/CodexGiga/a1262b8b6bef47c81042ebe70f57deb1fef4f4e7.codex,[24]
3193,4da530701e92158c497b4e8ef61de4479689763e.codex,119,734,datacopy/CodexGiga/4da530701e92158c497b4e8ef61de4479689763e.codex,[24]
3194,15ad7632407efec5f67c078e2d283d6a68af96e1.codex,119,734,datacopy/CodexGiga/15ad7632407efec5f67c078e2d283d6a68af96e1.codex,[24]
3195,c03240f59a68120c921a8f226981e374e3dcceef.codex,119,734,datacopy/CodexGiga/c03240f59a68120c921a8f226981e374e3dcceef.codex,[24]
3196,85b76ba0984d5ccd1c94a22ff25624bdd0fc2ca8.codex,119,734,datacopy/CodexGiga/85b76ba0984d5ccd1c94a22ff25624bdd0fc2ca8.codex,[24]
3197,6d9221e8cdd0e7e2d1453ffe49cfa8ae5de0636e.codex,119,734,datacopy/CodexGiga/6d9221e8cdd0e7e2d1453ffe49cfa8ae5de0636e.codex,[24]
3198,c43ab46a09311af551d8748533f936564d0789f8.codex,119,734,datacopy/CodexGiga/c43ab46a09311af551d8748533f936564d0789f8.codex,[24]
3199,8cd23ec0aeba7b80b2b50b1cf820c3bcc02e03c0.codex,119,734,datacopy/CodexGiga/8cd23ec0aeba7b80b2b50b1cf820c3bcc02e03c0.codex,[24]
3200,dd28c979bfa39a9aae496930f3604852fabf1505.codex,119,734,datacopy/CodexGiga/dd28c979bfa39a9aae496930f3604852fabf1505.codex,[24]
3201,c3be3a8a181f5b26fe816effe8c90453e3fd6278.codex,119,734,datacopy/CodexGiga/c3be3a8a181f5b26fe816effe8c90453e3fd6278.codex,[24]
3202,379445450d144ffba2226b983017ebafb6d2d6fb.codex,119,734,datacopy/CodexGiga/379445450d144ffba2226b983017ebafb6d2d6fb.codex,[24]
3203,436559ddc0bea5f20d282bb0d1148ae88893c9b0.codex,119,734,datacopy/CodexGiga/436559ddc0bea5f20d282bb0d1148ae88893c9b0.codex,[24]
3204,acc13efb8f387cc5f7db9fcec971050cdd6186e0.codex,119,734,datacopy/CodexGiga/acc13efb8f387cc5f7db9fcec971050cdd6186e0.codex,[24]
3205,cd6ad67d8e04945beb8c7bbf734158495c54ee29.codex,119,734,datacopy/CodexGiga/cd6ad67d8e04945beb8c7bbf734158495c54ee29.codex,[24]
3206,9076608ecf15dbd0fdff609c51842e38479dc55e.codex,119,734,datacopy/CodexGiga/9076608ecf15dbd0fdff609c51842e38479dc55e.codex,[24]
3207,fd78201a8b50582430a34aed22ee9fc4ff9c9c3b.codex,119,734,datacopy/CodexGiga/fd78201a8b50582430a34aed22ee9fc4ff9c9c3b.codex,[24]
3208,fcc620a4af57353816369f839de335baf53da02b.codex,119,734,datacopy/CodexGiga/fcc620a4af57353816369f839de335baf53da02b.codex,[24]
3209,3da57be4444713273649e4b0b3da756af1e72efc.codex,119,734,datacopy/CodexGiga/3da57be4444713273649e4b0b3da756af1e72efc.codex,[24]
3210,f92214ff9b2970dc79272199051acf89980bdd4f.codex,119,734,datacopy/CodexGiga/f92214ff9b2970dc79272199051acf89980bdd4f.codex,[24]
3211,7d9b9c1c6bf6184650923baa05821ab9199e67c0.codex,119,734,datacopy/CodexGiga/7d9b9c1c6bf6184650923baa05821ab9199e67c0.codex,[24]
3212,67ebfd7e4e1ba3c6bb4663ba7321aba68d2a8341.codex,119,734,datacopy/CodexGiga/67ebfd7e4e1ba3c6bb4663ba7321aba68d2a8341.codex,[24]
3213,b6c8c28eaeb5a7c591ed3a1bb168b4aa4ff423dc.codex,119,734,datacopy/CodexGiga/b6c8c28eaeb5a7c591ed3a1bb168b4aa4ff423dc.codex,[24]
3214,93cebdcc49ed254a1d4f16e4e8201832828e440e.codex,119,734,datacopy/CodexGiga/93cebdcc49ed254a1d4f16e4e8201832828e440e.codex,[24]
3215,0c7ea1c90924beed04ba0281a11d7350f79c26f5.codex,119,734,datacopy/CodexGiga/0c7ea1c90924beed04ba0281a11d7350f79c26f5.codex,[24]
3216,b87ae231c0a79f865f6fe838b17b9263e114b1a8.codex,119,734,datacopy/CodexGiga/b87ae231c0a79f865f6fe838b17b9263e114b1a8.codex,[24]
3217,e0fee9ccd0368f6f3acf0e9f2885dccd8f8b5359.codex,119,734,datacopy/CodexGiga/e0fee9ccd0368f6f3acf0e9f2885dccd8f8b5359.codex,[24]
3218,65952b8eeff287a8f775bf8a5ad23b75b42f22c4.codex,119,734,datacopy/CodexGiga/65952b8eeff287a8f775bf8a5ad23b75b42f22c4.codex,[24]
3219,8b3ea99e735994e249cc026fbdaf2cd9a7f053ff.codex,119,734,datacopy/CodexGiga/8b3ea99e735994e249cc026fbdaf2cd9a7f053ff.codex,[24]
3220,460d939d4616e74e4ee1a83d1bf53bea04164ec7.codex,119,734,datacopy/CodexGiga/460d939d4616e74e4ee1a83d1bf53bea04164ec7.codex,[24]
3221,28479323bf3028c37dbfe671f1f15389957e9bfb.codex,119,734,datacopy/CodexGiga/28479323bf3028c37dbfe671f1f15389957e9bfb.codex,[24]
3222,87537eecb764bcc4b367eec03f929f3fb88b7f51.codex,119,734,datacopy/CodexGiga/87537eecb764bcc4b367eec03f929f3fb88b7f51.codex,[24]
3223,d54579c3b1f822e6f4a6eccaf01d63a5dd3cd051.codex,119,734,datacopy/CodexGiga/d54579c3b1f822e6f4a6eccaf01d63a5dd3cd051.codex,[24]
3224,95e29fd832199a38d4ce8311d51776b420938fb8.codex,119,734,datacopy/CodexGiga/95e29fd832199a38d4ce8311d51776b420938fb8.codex,[24]
3225,0e42e72ffcddcebb9868e29c02ffe55646384bf9.codex,119,734,datacopy/CodexGiga/0e42e72ffcddcebb9868e29c02ffe55646384bf9.codex,[24]
3226,a08fbc3e537a94c1662be80d3970fd137a772c62.codex,119,734,datacopy/CodexGiga/a08fbc3e537a94c1662be80d3970fd137a772c62.codex,[24]
3227,17f309c0f617bffca67e21d29eb9b252af5b76e6.codex,119,734,datacopy/CodexGiga/17f309c0f617bffca67e21d29eb9b252af5b76e6.codex,[24]
3228,85b0b839c2f2c14ef3058629d0526679987bff95.codex,119,734,datacopy/CodexGiga/85b0b839c2f2c14ef3058629d0526679987bff95.codex,[24]
3229,e791e376afa6b555727ed534a69f85bfc0a744b5.codex,119,734,datacopy/CodexGiga/e791e376afa6b555727ed534a69f85bfc0a744b5.codex,[24]
3230,959a914f4f474f080ed277a83291a8888a36d426.codex,119,734,datacopy/CodexGiga/959a914f4f474f080ed277a83291a8888a36d426.codex,[24]
3231,b22503526b133fc797d064802532c70915387605.codex,119,734,datacopy/CodexGiga/b22503526b133fc797d064802532c70915387605.codex,[24]
3232,9d05972c6613e477d0a7c7a8690634ca49c09382.codex,119,734,datacopy/CodexGiga/9d05972c6613e477d0a7c7a8690634ca49c09382.codex,[24]
3233,f1b04a10c070cfdf29669f019072148286f25c2b.codex,119,734,datacopy/CodexGiga/f1b04a10c070cfdf29669f019072148286f25c2b.codex,[24]
3234,17b541c9f9a33464d6272276f7c398d58303b8f0.codex,119,734,datacopy/CodexGiga/17b541c9f9a33464d6272276f7c398d58303b8f0.codex,[24]
3235,fa8fc8996a1684502f159429fe6f164c3633314a.codex,119,734,datacopy/CodexGiga/fa8fc8996a1684502f159429fe6f164c3633314a.codex,[24]
3236,a7ad2eb3f58ac1f1292714104662e9f1e2b2f0ef.codex,119,734,datacopy/CodexGiga/a7ad2eb3f58ac1f1292714104662e9f1e2b2f0ef.codex,[24]
3237,fae910f1d2d2797beea25d0ec4f5ce9a3fad93d5.codex,119,734,datacopy/CodexGiga/fae910f1d2d2797beea25d0ec4f5ce9a3fad93d5.codex,[24]
3238,465fcec41bfa587e053d9634ed94c9bb5fbb5fdb.codex,119,734,datacopy/CodexGiga/465fcec41bfa587e053d9634ed94c9bb5fbb5fdb.codex,[24]
3239,511695343ef1f8e8e902a85b7dab640bed9acfdc.codex,119,734,datacopy/CodexGiga/511695343ef1f8e8e902a85b7dab640bed9acfdc.codex,[24]
3240,4b72656eceda858f9182ebc3464d4c1d6c6ed43c.codex,119,734,datacopy/CodexGiga/4b72656eceda858f9182ebc3464d4c1d6c6ed43c.codex,[24]
3241,a9d3b0c7533bc51945b43a5e463ca83cd1fcdc65.codex,119,734,datacopy/CodexGiga/a9d3b0c7533bc51945b43a5e463ca83cd1fcdc65.codex,[24]
3242,6789af0831f8e391b4008bee549dd7639d0e7ddc.codex,119,734,datacopy/CodexGiga/6789af0831f8e391b4008bee549dd7639d0e7ddc.codex,[24]
3243,a6c4a242ef5f5657d4c39ed7de075f0d6bcbaadf.codex,119,734,datacopy/CodexGiga/a6c4a242ef5f5657d4c39ed7de075f0d6bcbaadf.codex,[24]
3244,1b28e9816a0a2f5b8f6f8a0bbd12eef49751f29c.codex,119,734,datacopy/CodexGiga/1b28e9816a0a2f5b8f6f8a0bbd12eef49751f29c.codex,[24]
3245,8ec8588cecb9be291c6cad5663a4a0b6f3a8bbf5.codex,119,734,datacopy/CodexGiga/8ec8588cecb9be291c6cad5663a4a0b6f3a8bbf5.codex,[24]
3246,ab4c95a246821f70f9d518c048229c5a998c9380.codex,119,734,datacopy/CodexGiga/ab4c95a246821f70f9d518c048229c5a998c9380.codex,[24]
3247,69bd3bbb03b6e6fd4372fb1ed7d156278f1a58d6.codex,119,734,datacopy/CodexGiga/69bd3bbb03b6e6fd4372fb1ed7d156278f1a58d6.codex,[24]
3248,61916fec02fd047c324af5d51c2490313e70d0e2.codex,119,734,datacopy/CodexGiga/61916fec02fd047c324af5d51c2490313e70d0e2.codex,[24]
3249,47d70b403249914e752a3e88a188f50da34b3991.codex,119,734,datacopy/CodexGiga/47d70b403249914e752a3e88a188f50da34b3991.codex,[24]
3250,e75e240db6591c60baed2d9b96cb9197f740053f.codex,119,734,datacopy/CodexGiga/e75e240db6591c60baed2d9b96cb9197f740053f.codex,[24]
3251,534a6f0290d8ed5a83550877c540db212f947800.codex,119,734,datacopy/CodexGiga/534a6f0290d8ed5a83550877c540db212f947800.codex,[24]
3252,068e3310cb7c2864047de7a8fc273b6363f15133.codex,119,734,datacopy/CodexGiga/068e3310cb7c2864047de7a8fc273b6363f15133.codex,[24]
3253,a2fd7d2da71ca7df47bc89e850210ebf459aca0e.codex,119,734,datacopy/CodexGiga/a2fd7d2da71ca7df47bc89e850210ebf459aca0e.codex,[24]
3254,579922a30d95b4db218cae06a26ae0bc994fcc5e.codex,119,734,datacopy/CodexGiga/579922a30d95b4db218cae06a26ae0bc994fcc5e.codex,[24]
3255,725988a974d9df7284eb54a87b8b649056e6e947.codex,119,734,datacopy/CodexGiga/725988a974d9df7284eb54a87b8b649056e6e947.codex,[24]
3256,f4ca06d124dc264b194afc8e6fc269397934de37.codex,119,734,datacopy/CodexGiga/f4ca06d124dc264b194afc8e6fc269397934de37.codex,[24]
3257,d1df0fdb296ffd4c4e40ad2220fd8bce9801bb94.codex,119,734,datacopy/CodexGiga/d1df0fdb296ffd4c4e40ad2220fd8bce9801bb94.codex,[24]
3258,c2f6bb26d68d25b58d314c918b5253ae83d6df64.codex,119,734,datacopy/CodexGiga/c2f6bb26d68d25b58d314c918b5253ae83d6df64.codex,[24]
3259,71731027ce38f6840c592b83cc20eb9071eccaa9.codex,119,734,datacopy/CodexGiga/71731027ce38f6840c592b83cc20eb9071eccaa9.codex,[24]
3260,8fada7af78fcb9652175cce2e326a706af466f47.codex,119,734,datacopy/CodexGiga/8fada7af78fcb9652175cce2e326a706af466f47.codex,[24]
3261,1973a05e8f4cdc69fcfd4cbadf80587ea701d0e4.codex,119,734,datacopy/CodexGiga/1973a05e8f4cdc69fcfd4cbadf80587ea701d0e4.codex,[24]
3262,39951d5594d314aace6191e491c8dbaa2c2d69b3.codex,119,734,datacopy/CodexGiga/39951d5594d314aace6191e491c8dbaa2c2d69b3.codex,[24]
3263,ad07710fa41dd37ea3b1031e1b08fe6f1c5e02cd.codex,119,734,datacopy/CodexGiga/ad07710fa41dd37ea3b1031e1b08fe6f1c5e02cd.codex,[24]
3264,11964209ef14ff3e54f15bc00a2cf87563b02226.codex,119,734,datacopy/CodexGiga/11964209ef14ff3e54f15bc00a2cf87563b02226.codex,[24]
3265,d157c34e1fd683daa29045b4e53be9c87fae0a22.codex,119,734,datacopy/CodexGiga/d157c34e1fd683daa29045b4e53be9c87fae0a22.codex,[24]
3266,abe571368e3ff58edf3a5d404a36cfaf6feec6b5.codex,119,734,datacopy/CodexGiga/abe571368e3ff58edf3a5d404a36cfaf6feec6b5.codex,[24]
3267,514a30aef41f24b74e34225858863897c5220eb6.codex,119,734,datacopy/CodexGiga/514a30aef41f24b74e34225858863897c5220eb6.codex,[24]
3268,593452f51af494137acf75c3eb6e5c6f103e7c61.codex,119,734,datacopy/CodexGiga/593452f51af494137acf75c3eb6e5c6f103e7c61.codex,[24]
3269,41b91f1eae355c6baab90b7951bd310f7265cf0f.codex,119,734,datacopy/CodexGiga/41b91f1eae355c6baab90b7951bd310f7265cf0f.codex,[24]
3270,f957d93e9ac2eabb3f77c38266e549db2dc34df8.codex,119,734,datacopy/CodexGiga/f957d93e9ac2eabb3f77c38266e549db2dc34df8.codex,[24]
3271,840ec51e0f32c85dbc7107d4fc644277faaf052f.codex,119,734,datacopy/CodexGiga/840ec51e0f32c85dbc7107d4fc644277faaf052f.codex,[24]
3272,cb9cfd03dfb43e2859a4aa7e9a44533601a6d2df.codex,119,734,datacopy/CodexGiga/cb9cfd03dfb43e2859a4aa7e9a44533601a6d2df.codex,[24]
3273,5d5e6aa610d7c2e83e4d46d660ada121ca7946c2.codex,119,734,datacopy/CodexGiga/5d5e6aa610d7c2e83e4d46d660ada121ca7946c2.codex,[24]
3274,2d4e507ee1a8701f5457b38f9e259d54ba855e36.codex,119,734,datacopy/CodexGiga/2d4e507ee1a8701f5457b38f9e259d54ba855e36.codex,[24]
3275,11f2f2efff557e645d4dd23c5750d3104f6cc851.codex,119,734,datacopy/CodexGiga/11f2f2efff557e645d4dd23c5750d3104f6cc851.codex,[24]
3276,fec471871ee0684460d23428bea5b266224311e5.codex,119,734,datacopy/CodexGiga/fec471871ee0684460d23428bea5b266224311e5.codex,[24]
3277,27883b17c8b2e70a602036f21ac72b2045277a5f.codex,119,734,datacopy/CodexGiga/27883b17c8b2e70a602036f21ac72b2045277a5f.codex,[24]
3278,bd2685d5e3af0ade4d422ae6af84dac65f590a3d.bin,120,1161,datacopy/UCSB/bd2685d5e3af0ade4d422ae6af84dac65f590a3d.bin,[12]
3279,476e72b19821cd8bfa35c5c311c0b69d5fe83b33.bin,120,1161,datacopy/UCSB/476e72b19821cd8bfa35c5c311c0b69d5fe83b33.bin,[12]
3280,47caf329ff40505fc8b9b0842f6c5400362bc6b7.bin,120,1161,datacopy/UCSB/47caf329ff40505fc8b9b0842f6c5400362bc6b7.bin,[12]
3281,f7de700fa1d18fb14213bcdd9b32df48385d542e.bin,120,1161,datacopy/UCSB/f7de700fa1d18fb14213bcdd9b32df48385d542e.bin,[12]
3282,36f095623687030ff95711043f114c819fc815f8.bin,120,1161,datacopy/UCSB/36f095623687030ff95711043f114c819fc815f8.bin,[12]
3283,8e85b804634852feab613c675cdbd68255824298.bin,120,1161,datacopy/UCSB/8e85b804634852feab613c675cdbd68255824298.bin,[12]
3284,09cb9578456681fd34d37aff5473dfed818411f5.bin,120,1161,datacopy/UCSB/09cb9578456681fd34d37aff5473dfed818411f5.bin,[12]
3285,84623e6fe9681bb47a32f8ac023d1997df91799b.bin,120,1161,datacopy/UCSB/84623e6fe9681bb47a32f8ac023d1997df91799b.bin,[12]
3286,d7ee231d4f9eca82970a9ee4fb560f0d01964215.bin,120,1161,datacopy/UCSB/d7ee231d4f9eca82970a9ee4fb560f0d01964215.bin,[12]
3287,e8501a3fdc7d574eaa17c87027b0af5ead711a35.bin,120,1161,datacopy/UCSB/e8501a3fdc7d574eaa17c87027b0af5ead711a35.bin,[12]
3288,3c840f2be2496c90b2e05b6ebc4fa80564a88cdc.bin,120,1161,datacopy/UCSB/3c840f2be2496c90b2e05b6ebc4fa80564a88cdc.bin,[12]
3289,a092a95cb233bbb798da6cdf64f28de19e1d6b1f.bin,120,1161,datacopy/UCSB/a092a95cb233bbb798da6cdf64f28de19e1d6b1f.bin,[12]
3290,cd1a71bbe9ef7e86d54d1ea8a9adad6f17649815.bin,120,1161,datacopy/UCSB/cd1a71bbe9ef7e86d54d1ea8a9adad6f17649815.bin,[12]
3291,a0be3e2fddf914d3cab9c887efb0a4f34f456e22.bin,120,1161,datacopy/UCSB/a0be3e2fddf914d3cab9c887efb0a4f34f456e22.bin,[12]
3292,c404cd88aa2cab806abc49946f9aeb7c076482b4.bin,120,1161,datacopy/UCSB/c404cd88aa2cab806abc49946f9aeb7c076482b4.bin,[12]
3293,f7c1199f88c0f1ffd285e858aa49a818dc50af01.bin,120,1161,datacopy/UCSB/f7c1199f88c0f1ffd285e858aa49a818dc50af01.bin,[12]
3294,e3468ca072a1a54e91631e9c96e7031f177f3bab.bin,120,1161,datacopy/UCSB/e3468ca072a1a54e91631e9c96e7031f177f3bab.bin,[12]
3295,cc595d2f4bc2ef414709ad800f9bf020ab829365.bin,120,1161,datacopy/UCSB/cc595d2f4bc2ef414709ad800f9bf020ab829365.bin,[12]
3296,f493e96e6b9551b83faedab335a5c32dd0d6944b.bin,120,1161,datacopy/UCSB/f493e96e6b9551b83faedab335a5c32dd0d6944b.bin,[12]
3297,d1560a3614ad13f2270c67a64f95141fdc2159ac.bin,121,1481,datacopy/UCSB/d1560a3614ad13f2270c67a64f95141fdc2159ac.bin,[1]
3298,f23fe33f104420a0410463556e70c16fbddbedee.bin,121,1481,datacopy/UCSB/f23fe33f104420a0410463556e70c16fbddbedee.bin,[1]
3299,1e1e22183da0855e60e699af6b834dab9204449b.bin,121,1481,datacopy/UCSB/1e1e22183da0855e60e699af6b834dab9204449b.bin,[1]
3300,009eb10c2691d1799d1067c91473f42a6edf6fa7.bin,121,1481,datacopy/UCSB/009eb10c2691d1799d1067c91473f42a6edf6fa7.bin,[1]
3301,5d23619fc4b1d0a7e4d1ada1eb613b6d06f73e28.bin,121,1481,datacopy/UCSB/5d23619fc4b1d0a7e4d1ada1eb613b6d06f73e28.bin,[1]
3302,fa08dd058c52e375aebd29d77d7c48e3a173edfd.bin,121,1481,datacopy/UCSB/fa08dd058c52e375aebd29d77d7c48e3a173edfd.bin,[1]
3303,c2c0d2b6546fec7731ba203f45e26b7042549092.bin,121,1481,datacopy/UCSB/c2c0d2b6546fec7731ba203f45e26b7042549092.bin,[1]
3304,8cdbd2d891d079889b63cac4bf4d9c621abe2ac9.bin,121,1481,datacopy/UCSB/8cdbd2d891d079889b63cac4bf4d9c621abe2ac9.bin,[1]
3305,80ee2ce330e4f0d552c405bc8ae6469643eeabd5.bin,121,1481,datacopy/UCSB/80ee2ce330e4f0d552c405bc8ae6469643eeabd5.bin,[1]
3306,f88bf33b82acf962b4044664a75f0918aaaeb360.bin,121,1481,datacopy/UCSB/f88bf33b82acf962b4044664a75f0918aaaeb360.bin,[1]
3307,667e8544ecadfc7bfe63df8755bdb50d167575a2.bin,121,1481,datacopy/UCSB/667e8544ecadfc7bfe63df8755bdb50d167575a2.bin,[1]
3308,8be776dd0bc219ad51f0731394a66b13c9e0cce5.bin,121,1481,datacopy/UCSB/8be776dd0bc219ad51f0731394a66b13c9e0cce5.bin,[1]
3309,1b775b106878fefe3c1362e32ee65d86dd964c89.bin,121,1481,datacopy/UCSB/1b775b106878fefe3c1362e32ee65d86dd964c89.bin,[1]
3310,311d90dc40dcdefb0a5f5b0f003785ead7ae046a.bin,121,1481,datacopy/UCSB/311d90dc40dcdefb0a5f5b0f003785ead7ae046a.bin,[1]
3311,b74b9538e30e861468ad2bb6a5f9698701c58d5a.bin,121,1481,datacopy/UCSB/b74b9538e30e861468ad2bb6a5f9698701c58d5a.bin,[1]
3312,2590508e94bbca3d1e2f03e4e3c016d0ac2dc905.bin,121,1481,datacopy/UCSB/2590508e94bbca3d1e2f03e4e3c016d0ac2dc905.bin,[1]
3313,41690d2e273ec6661d724efe9e6c7f2a04b537db.bin,121,1481,datacopy/UCSB/41690d2e273ec6661d724efe9e6c7f2a04b537db.bin,[1]
3314,51e44a99c2d688db8a4cc5896b332e8a3fff5284.bin,121,1481,datacopy/UCSB/51e44a99c2d688db8a4cc5896b332e8a3fff5284.bin,[1]
3315,9c453c5b72ceba603fa30e3969884b6d73de742d.bin,121,1481,datacopy/UCSB/9c453c5b72ceba603fa30e3969884b6d73de742d.bin,[1]
3316,0265bc7456873fa47aea06e1ce0157db2f1964d1.bin,121,1481,datacopy/UCSB/0265bc7456873fa47aea06e1ce0157db2f1964d1.bin,[1]
3317,8a2b5240086d7579ba760786f91f70a718bfa8a5.bin,121,1481,datacopy/UCSB/8a2b5240086d7579ba760786f91f70a718bfa8a5.bin,[1]
3318,7d887608b405276efbd23e232f84c95b4e7d3d78.bin,121,1481,datacopy/UCSB/7d887608b405276efbd23e232f84c95b4e7d3d78.bin,[1]
3319,c5e2f4755422e6a768bd9a669bce1ff5dc974c54.bin,121,1481,datacopy/UCSB/c5e2f4755422e6a768bd9a669bce1ff5dc974c54.bin,[1]
3320,4625a51e95ceed48fe70af4647e81394c4dbc635.bin,122,1116,datacopy/UCSB/4625a51e95ceed48fe70af4647e81394c4dbc635.bin,"[8, 28]"
3321,96bfe3493151e37e3439b47b89534ac4954ff4e1.bin,122,83,datacopy/UCSB/96bfe3493151e37e3439b47b89534ac4954ff4e1.bin,"[8, 28]"
3322,b3214c95d30a4aee612c40eee0da7479a397aba2.bin,122,1116,datacopy/UCSB/b3214c95d30a4aee612c40eee0da7479a397aba2.bin,"[8, 28]"
3323,eff72556dbe085bdb1fb323343f8e58f90b85432.bin,122,1116,datacopy/UCSB/eff72556dbe085bdb1fb323343f8e58f90b85432.bin,"[8, 28]"
3324,8d70d4f8b9da6db92bcb75eb314b38d4f74e9e47.bin,122,1116,datacopy/UCSB/8d70d4f8b9da6db92bcb75eb314b38d4f74e9e47.bin,"[8, 28]"
3325,d0e915a1a0b673e90b8916b398d16059da083816.bin,122,1116,datacopy/UCSB/d0e915a1a0b673e90b8916b398d16059da083816.bin,"[8, 28]"
3326,3d66519c33ff3fe8f3888ae2cf087335f2b54908.bin,122,1116,datacopy/UCSB/3d66519c33ff3fe8f3888ae2cf087335f2b54908.bin,"[8, 28]"
3327,ddcc60e85aa6100b09f1f340a5da2ec1c78f9a04.bin,122,1116,datacopy/UCSB/ddcc60e85aa6100b09f1f340a5da2ec1c78f9a04.bin,"[8, 28]"
3328,887623f2d84331e288a2996ba5bf037112db22d4.bin,122,1116,datacopy/UCSB/887623f2d84331e288a2996ba5bf037112db22d4.bin,"[8, 28]"
3329,2856bfb1f96f2631a960d933e1825b1fcff7820f.bin,122,1116,datacopy/UCSB/2856bfb1f96f2631a960d933e1825b1fcff7820f.bin,"[8, 28]"
3330,8a08df0845607e5b127c18e1c362e58116124438.bin,122,1116,datacopy/UCSB/8a08df0845607e5b127c18e1c362e58116124438.bin,"[8, 28]"
3331,8715a3707785685fe3d7ef2b3b8b6855729455b0.bin,122,1116,datacopy/UCSB/8715a3707785685fe3d7ef2b3b8b6855729455b0.bin,"[8, 28]"
3332,037393954759dc66dd8a2c55cd92d3204b23ff41.bin,122,1116,datacopy/UCSB/037393954759dc66dd8a2c55cd92d3204b23ff41.bin,"[8, 28]"
3333,61754fc914f73e29a6544b2242b6715736590e68.bin,122,1116,datacopy/UCSB/61754fc914f73e29a6544b2242b6715736590e68.bin,"[8, 28]"
3334,269064675f63c45e1e4add29e91de49bd97309b2.bin,122,1116,datacopy/UCSB/269064675f63c45e1e4add29e91de49bd97309b2.bin,"[8, 28]"
3335,0b8ec628e3f75ed8fa324f4f0059f8f0a81bb5b1.bin,122,1116,datacopy/UCSB/0b8ec628e3f75ed8fa324f4f0059f8f0a81bb5b1.bin,"[8, 28]"
3336,191f08fbc621c7a007486becfd956d50af1eb4cd.bin,122,83,datacopy/UCSB/191f08fbc621c7a007486becfd956d50af1eb4cd.bin,"[8, 28]"
3337,5f86b7671d5f857890900aa2468a1ce91bbe08c6.bin,122,1116,datacopy/UCSB/5f86b7671d5f857890900aa2468a1ce91bbe08c6.bin,"[8, 28]"
3338,35b0bdb1f136c4498d889f6647c398ee387ad8f6.bin,122,1116,datacopy/UCSB/35b0bdb1f136c4498d889f6647c398ee387ad8f6.bin,"[8, 28]"
3339,f8cdb07f90f09abf1b4adb24dc2ab333d90845f4.bin,122,1116,datacopy/UCSB/f8cdb07f90f09abf1b4adb24dc2ab333d90845f4.bin,"[8, 28]"
3340,5ab89e78d058920f9c15644f61007161e14421fa.bin,122,1116,datacopy/UCSB/5ab89e78d058920f9c15644f61007161e14421fa.bin,"[8, 28]"
3341,1d830f5a75b74f79f1559d6eb44fdc14194da394.bin,122,1116,datacopy/UCSB/1d830f5a75b74f79f1559d6eb44fdc14194da394.bin,"[8, 28]"
3342,2c7060711cb75d2f8b79b5247984b98e6a5bc344.bin,122,1116,datacopy/UCSB/2c7060711cb75d2f8b79b5247984b98e6a5bc344.bin,"[8, 28]"
3343,bd5c1b7075a75754fa4610f4b4769a29cade7a05.bin,122,1116,datacopy/UCSB/bd5c1b7075a75754fa4610f4b4769a29cade7a05.bin,"[8, 28]"
3344,e996bea736c3e56caf10a3675e462777d05b6a5e.bin,122,1116,datacopy/UCSB/e996bea736c3e56caf10a3675e462777d05b6a5e.bin,"[8, 28]"
3345,7a1003f796d5ab8abbb23516a2f554baa6abf479.bin,122,1116,datacopy/UCSB/7a1003f796d5ab8abbb23516a2f554baa6abf479.bin,"[8, 28]"
3346,ade9615654d8d08dec642ba43c0018e30ba14f8c.bin,122,1116,datacopy/UCSB/ade9615654d8d08dec642ba43c0018e30ba14f8c.bin,"[8, 28]"
3347,3b484d7127f97e7265db5bf24d1f1aa93f647014.bin,122,1116,datacopy/UCSB/3b484d7127f97e7265db5bf24d1f1aa93f647014.bin,"[8, 28]"
3348,66ddd92887ffb8c7dd212bb45329c267f500d7b5.bin,122,1116,datacopy/UCSB/66ddd92887ffb8c7dd212bb45329c267f500d7b5.bin,"[8, 28]"
3349,4cb5c74466c86aa8308813c05980f59aaab13521.bin,122,1116,datacopy/UCSB/4cb5c74466c86aa8308813c05980f59aaab13521.bin,"[8, 28]"
3350,64df6d67d6bd07297e0f22157ad8ce0d0d0673b7.bin,122,1116,datacopy/UCSB/64df6d67d6bd07297e0f22157ad8ce0d0d0673b7.bin,"[8, 28]"
3351,328ba5d83b86cddb45adcc5834d01bf4efd7e525.bin,122,1116,datacopy/UCSB/328ba5d83b86cddb45adcc5834d01bf4efd7e525.bin,"[8, 28]"
3352,9cd8b485e34ad3e8df23e3b8475de2d9cf5dc535.bin,122,1116,datacopy/UCSB/9cd8b485e34ad3e8df23e3b8475de2d9cf5dc535.bin,"[8, 28]"
3353,b9292b3eada0d8ea6b6e1fe862cbff07c08a792b.bin,122,1116,datacopy/UCSB/b9292b3eada0d8ea6b6e1fe862cbff07c08a792b.bin,"[8, 28]"
3354,44a619cb6cf4faf440a92275924fdf665a8a6969.bin,122,1116,datacopy/UCSB/44a619cb6cf4faf440a92275924fdf665a8a6969.bin,"[8, 28]"
3355,47ee598977b9bb43a67dff8901348b8c4b973eff.bin,122,1116,datacopy/UCSB/47ee598977b9bb43a67dff8901348b8c4b973eff.bin,"[8, 28]"
3356,709f917fcd974f219141295b9ce0bdf042b2d9f7.bin,122,83,datacopy/UCSB/709f917fcd974f219141295b9ce0bdf042b2d9f7.bin,"[8, 28]"
3357,abe59f0ac575b2d6ced560647609d9fa5f0430c9.bin,122,83,datacopy/UCSB/abe59f0ac575b2d6ced560647609d9fa5f0430c9.bin,"[8, 28]"
3358,05aa8e285bae93d685c4ae33209331c5b4c677a4.bin,127,1162,datacopy/UCSB/05aa8e285bae93d685c4ae33209331c5b4c677a4.bin,[8]
3359,ee91c7512d38dd810df6357d255ff4d11d449005.bin,127,1162,datacopy/UCSB/ee91c7512d38dd810df6357d255ff4d11d449005.bin,[8]
3360,646d6972bfa400ffd6c360e0113e969a9ffb2d0b.bin,127,1162,datacopy/UCSB/646d6972bfa400ffd6c360e0113e969a9ffb2d0b.bin,[8]
3361,04bf76e32454be000023ac14670f801f135b8cd1.bin,127,1162,datacopy/UCSB/04bf76e32454be000023ac14670f801f135b8cd1.bin,[8]
3362,bd617cc4e88ee3e0433a7736e130945ac4cf4244.bin,127,1162,datacopy/UCSB/bd617cc4e88ee3e0433a7736e130945ac4cf4244.bin,[8]
3363,259e585d0f0e1c61f1d3de7cf8be4f66ffd807e9.bin,127,1162,datacopy/UCSB/259e585d0f0e1c61f1d3de7cf8be4f66ffd807e9.bin,[8]
3364,efb3f46aaddcdc099d08d12d4f9ea519649f2c3a.bin,127,1162,datacopy/UCSB/efb3f46aaddcdc099d08d12d4f9ea519649f2c3a.bin,[8]
3365,4a306056c6c303cbf1c66607511751263e9ce42e.bin,127,1162,datacopy/UCSB/4a306056c6c303cbf1c66607511751263e9ce42e.bin,[8]
3366,b69dded7f1cb4bddd31dac0b09382a763ab51e4301cd420f8a1cbf0fb2ed7350,127,1162,datacopy/Stefano/b69dded7f1cb4bddd31dac0b09382a763ab51e4301cd420f8a1cbf0fb2ed7350,[8]
3367,1619fde14f69368b0e63fec7228d376b76330912.bin,132,1249,datacopy/UCSB/1619fde14f69368b0e63fec7228d376b76330912.bin,"[5, 2]"
3368,f7d32dfb227e4d1bb980f7e48222b2f92362c335.bin,132,1249,datacopy/UCSB/f7d32dfb227e4d1bb980f7e48222b2f92362c335.bin,"[5, 2]"
3369,6f302da515303dca75c53f80b041782a8e014e3e.bin,132,1249,datacopy/UCSB/6f302da515303dca75c53f80b041782a8e014e3e.bin,"[5, 2]"
3370,d0f52570578816dc2a80d83abe054b2028fe7a59.bin,132,1249,datacopy/UCSB/d0f52570578816dc2a80d83abe054b2028fe7a59.bin,"[5, 2]"
3371,3336408ebfd03638e45e4d800d88c1221d1b9891.bin,132,1249,datacopy/UCSB/3336408ebfd03638e45e4d800d88c1221d1b9891.bin,"[5, 2]"
3372,08af846ad9127376d8de2a1815b5839e64cbf1b2.bin,132,1249,datacopy/UCSB/08af846ad9127376d8de2a1815b5839e64cbf1b2.bin,"[5, 2]"
3373,a5690eb46dcc91205c48186f7361a16cd19eaaf1.bin,132,1249,datacopy/UCSB/a5690eb46dcc91205c48186f7361a16cd19eaaf1.bin,"[5, 2]"
3374,723412530fe1aba7638d5e5266480fa087a548a1.bin,132,1249,datacopy/UCSB/723412530fe1aba7638d5e5266480fa087a548a1.bin,"[5, 2]"
3375,4beac51e10b8d9f98aeac6b7eaaece1c9ab40fde.bin,132,1318,datacopy/UCSB/4beac51e10b8d9f98aeac6b7eaaece1c9ab40fde.bin,"[5, 2]"
3376,a41737b39494b9060a8fa865aa098dcf1992449e.bin,132,1249,datacopy/UCSB/a41737b39494b9060a8fa865aa098dcf1992449e.bin,"[5, 2]"
3377,969e480a06ce394211ae29c1a75f2cc530824a8e.bin,132,1249,datacopy/UCSB/969e480a06ce394211ae29c1a75f2cc530824a8e.bin,"[5, 2]"
3378,6007e960844fbbea561fedcc44cbd5c475e6f5d8.bin,132,1249,datacopy/UCSB/6007e960844fbbea561fedcc44cbd5c475e6f5d8.bin,"[5, 2]"
3379,c4d400b6a013741234e5cc4d277f643f51cbb05c.bin,132,1249,datacopy/UCSB/c4d400b6a013741234e5cc4d277f643f51cbb05c.bin,"[5, 2]"
3380,0c773d119c22f0ab1c19f07f288d39cb54aaca6f.bin,132,1318,datacopy/UCSB/0c773d119c22f0ab1c19f07f288d39cb54aaca6f.bin,"[5, 2]"
3381,08d60481e32f8adfa4c3632a07c36971804c16ba.bin,132,1249,datacopy/UCSB/08d60481e32f8adfa4c3632a07c36971804c16ba.bin,"[5, 2]"
3382,1cbb278d3249a2e988072c13f6f83bb611f263ef.bin,132,1318,datacopy/UCSB/1cbb278d3249a2e988072c13f6f83bb611f263ef.bin,"[5, 2]"
3383,8c419f0b7a70514daafac8825aa9aa618dc31c34.bin,132,1249,datacopy/UCSB/8c419f0b7a70514daafac8825aa9aa618dc31c34.bin,"[5, 2]"
3384,11ba2dd2c73de8f3833939ac032cfaec94055a83.bin,132,1249,datacopy/UCSB/11ba2dd2c73de8f3833939ac032cfaec94055a83.bin,"[5, 2]"
3385,94ddd0e512be3782dd2eafcca7514d365ade5631.bin,132,1249,datacopy/UCSB/94ddd0e512be3782dd2eafcca7514d365ade5631.bin,"[5, 2]"
3386,34466c3f3b8240466a61a98a8938afdb0eeafbbe.bin,132,1249,datacopy/UCSB/34466c3f3b8240466a61a98a8938afdb0eeafbbe.bin,"[5, 2]"
3387,14ae5494e91d1bfa8339724d84c30a9039b9a618.bin,132,1249,datacopy/UCSB/14ae5494e91d1bfa8339724d84c30a9039b9a618.bin,"[5, 2]"
3388,a99b90752b5966e61ce6804c44353765e9e92fac.bin,132,1249,datacopy/UCSB/a99b90752b5966e61ce6804c44353765e9e92fac.bin,"[5, 2]"
3389,7b8db02608848782e77484c3b90be6d1a33fd734.bin,132,1318,datacopy/UCSB/7b8db02608848782e77484c3b90be6d1a33fd734.bin,"[5, 2]"
3390,248be54e6f88b782ce4814f2a4eba0e8d535a5e3.bin,132,1249,datacopy/UCSB/248be54e6f88b782ce4814f2a4eba0e8d535a5e3.bin,"[5, 2]"
3391,81dbe2ed514e92e227ebe13f2ef6e09773cc998b.bin,132,1318,datacopy/UCSB/81dbe2ed514e92e227ebe13f2ef6e09773cc998b.bin,"[5, 2]"
3392,4140bd1fae302b242c1de5f4a8f75777a99df898.bin,132,1318,datacopy/UCSB/4140bd1fae302b242c1de5f4a8f75777a99df898.bin,"[5, 2]"
3393,9a8c3e88b142dd7ef754ecff505ab06309d9d5cd.bin,132,1249,datacopy/UCSB/9a8c3e88b142dd7ef754ecff505ab06309d9d5cd.bin,"[5, 2]"
3394,8713b3989bbebc03a4d2440923489562512cf3fb.bin,132,1249,datacopy/UCSB/8713b3989bbebc03a4d2440923489562512cf3fb.bin,"[5, 2]"
3395,8d405401f27b037d5316aa7488f9ffc1ce65eafb.bin,132,1318,datacopy/UCSB/8d405401f27b037d5316aa7488f9ffc1ce65eafb.bin,"[5, 2]"
3396,1d02f7f316f54fe0022661b9200c74ce91aaea41.bin,132,1249,datacopy/UCSB/1d02f7f316f54fe0022661b9200c74ce91aaea41.bin,"[5, 2]"
3397,b29b04ce95d6c1031a24907ea52a60c0758435d7.bin,132,1249,datacopy/UCSB/b29b04ce95d6c1031a24907ea52a60c0758435d7.bin,"[5, 2]"
3398,0623fa938e3bf07514fea1eff92c68e2bf54e3f4.bin,132,1318,datacopy/UCSB/0623fa938e3bf07514fea1eff92c68e2bf54e3f4.bin,"[5, 2]"
3399,adda856d206bcbe4bafc88ba47ed4a587bea5c77.bin,132,1249,datacopy/UCSB/adda856d206bcbe4bafc88ba47ed4a587bea5c77.bin,"[5, 2]"
3400,59836ca3fd9ac4525abf8d75335dc89c712d6e07.bin,132,1249,datacopy/UCSB/59836ca3fd9ac4525abf8d75335dc89c712d6e07.bin,"[5, 2]"
3401,d71d3f2c157cdbb53daff70534cef263c20226f4.bin,132,1249,datacopy/UCSB/d71d3f2c157cdbb53daff70534cef263c20226f4.bin,"[5, 2]"
3402,8af154b02ef54b0460816b81e57a39b2cea1a77c.bin,132,1318,datacopy/UCSB/8af154b02ef54b0460816b81e57a39b2cea1a77c.bin,"[5, 2]"
3403,2b56e58f8b1e29a0a17358f363fbae6560881768.bin,132,1249,datacopy/UCSB/2b56e58f8b1e29a0a17358f363fbae6560881768.bin,"[5, 2]"
3404,3df2b24f34bdca4e2eef9a17249485e1fabbef2f.bin,132,1249,datacopy/UCSB/3df2b24f34bdca4e2eef9a17249485e1fabbef2f.bin,"[5, 2]"
3405,8381b5d952b96fe9f5f8a79433aa49eec6707f28.bin,132,1249,datacopy/UCSB/8381b5d952b96fe9f5f8a79433aa49eec6707f28.bin,"[5, 2]"
3406,56a605aa5c4e189e7b6a0378d277f8ed7afe9c1b.bin,132,1249,datacopy/UCSB/56a605aa5c4e189e7b6a0378d277f8ed7afe9c1b.bin,"[5, 2]"
3407,ae69d033655292892ebc07e5ca22aba98fd1488f.bin,132,1249,datacopy/UCSB/ae69d033655292892ebc07e5ca22aba98fd1488f.bin,"[5, 2]"
3408,8b022c60fb7ec7d7c57209f1c012726e8f7fa1f4.bin,132,1249,datacopy/UCSB/8b022c60fb7ec7d7c57209f1c012726e8f7fa1f4.bin,"[5, 2]"
3409,c7799f6981bcd63f798e616668fd9da90d6fd652.bin,132,1249,datacopy/UCSB/c7799f6981bcd63f798e616668fd9da90d6fd652.bin,"[5, 2]"
3410,ca1f3b89febb8c5fedb65ff7fb30da5d72401bc3.bin,132,1249,datacopy/UCSB/ca1f3b89febb8c5fedb65ff7fb30da5d72401bc3.bin,"[5, 2]"
3411,59dee6efaf303993f4e2151131d83877a5d88266.bin,132,1249,datacopy/UCSB/59dee6efaf303993f4e2151131d83877a5d88266.bin,"[5, 2]"
3412,0eaa360aa746ab6c85a43d6d42f31cd7297272e5.bin,132,1249,datacopy/UCSB/0eaa360aa746ab6c85a43d6d42f31cd7297272e5.bin,"[5, 2]"
3413,5b8be9f3f6497bd268368d9eaf40fccd73704289.bin,132,1249,datacopy/UCSB/5b8be9f3f6497bd268368d9eaf40fccd73704289.bin,"[5, 2]"
3414,c16d515e0cf08c724de9de0384058dfe53cd6035.bin,132,1318,datacopy/UCSB/c16d515e0cf08c724de9de0384058dfe53cd6035.bin,"[5, 2]"
3415,f539bee2773c5a334b1ea456361da72d73fa40d0.bin,132,1249,datacopy/UCSB/f539bee2773c5a334b1ea456361da72d73fa40d0.bin,"[5, 2]"
3416,e5d489e5bf3e4605774f29c619c978f79b2b3f3e.bin,132,1249,datacopy/UCSB/e5d489e5bf3e4605774f29c619c978f79b2b3f3e.bin,"[5, 2]"
3417,d1fc9c1bca28bf690be3119aada6735a5912a21b.bin,132,1249,datacopy/UCSB/d1fc9c1bca28bf690be3119aada6735a5912a21b.bin,"[5, 2]"
3418,d79b50125229afcfc41f9a60884450d1d3a12e0d.bin,132,1318,datacopy/UCSB/d79b50125229afcfc41f9a60884450d1d3a12e0d.bin,"[5, 2]"
3419,6ce3498379cc61abe2319fbceebad6342129423a.bin,132,1249,datacopy/UCSB/6ce3498379cc61abe2319fbceebad6342129423a.bin,"[5, 2]"
3420,7925d7c089075a30d8d92d543c0a1cab3f401483.bin,132,1249,datacopy/UCSB/7925d7c089075a30d8d92d543c0a1cab3f401483.bin,"[5, 2]"
3421,901dfaba3c172e8ba725c21ae5178b9b260e9ff4.bin,132,1249,datacopy/UCSB/901dfaba3c172e8ba725c21ae5178b9b260e9ff4.bin,"[5, 2]"
3422,68f358e8a14e8564a158f21aec0e5873612c8a01.bin,132,1318,datacopy/UCSB/68f358e8a14e8564a158f21aec0e5873612c8a01.bin,"[5, 2]"
3423,fe8b5b13b28bcdbdd0e071eeaeab632f86806663.bin,132,1249,datacopy/UCSB/fe8b5b13b28bcdbdd0e071eeaeab632f86806663.bin,"[5, 2]"
3424,24724c5007c9b82982511c52de6b486706a4c742.bin,132,1318,datacopy/UCSB/24724c5007c9b82982511c52de6b486706a4c742.bin,"[5, 2]"
3425,67727b1dd9b1a8a17d7857c09547db505692033e.bin,132,1318,datacopy/UCSB/67727b1dd9b1a8a17d7857c09547db505692033e.bin,"[5, 2]"
3426,39008738f37f6a96553c3a2eacf29339b940518f.bin,132,1249,datacopy/UCSB/39008738f37f6a96553c3a2eacf29339b940518f.bin,"[5, 2]"
3427,751e0fb5323bb2da7cd8fd028eba03f555b53d71.bin,132,1249,datacopy/UCSB/751e0fb5323bb2da7cd8fd028eba03f555b53d71.bin,"[5, 2]"
3428,5d811771cae1dc211a1f69724f31da73d13f5289.bin,132,1318,datacopy/UCSB/5d811771cae1dc211a1f69724f31da73d13f5289.bin,"[5, 2]"
3429,17ff24fac64d0c7cc900cc22f82508c1b3a2bc32.bin,132,1318,datacopy/UCSB/17ff24fac64d0c7cc900cc22f82508c1b3a2bc32.bin,"[5, 2]"
3430,0b5b501629a1f64fe43d6dd555f071fb0304069e.bin,132,1249,datacopy/UCSB/0b5b501629a1f64fe43d6dd555f071fb0304069e.bin,"[5, 2]"
3431,c2558a99f7aef8a2a7daebc28033bbb4459e4131.bin,132,1249,datacopy/UCSB/c2558a99f7aef8a2a7daebc28033bbb4459e4131.bin,"[5, 2]"
3432,33c1b91f57cb6f1f174aff1aa25aea54cde065c6.bin,132,1249,datacopy/UCSB/33c1b91f57cb6f1f174aff1aa25aea54cde065c6.bin,"[5, 2]"
3433,632ca3c772fd02684e5e9ac6b5162390d2389259.bin,132,1249,datacopy/UCSB/632ca3c772fd02684e5e9ac6b5162390d2389259.bin,"[5, 2]"
3434,bb0a981f1b5439a482754a3ea2bfbf3040cbb479.bin,132,1249,datacopy/UCSB/bb0a981f1b5439a482754a3ea2bfbf3040cbb479.bin,"[5, 2]"
3435,8354a22e0d9e4bd88ea4a2b8dc3b0003734bb5ef.bin,132,1249,datacopy/UCSB/8354a22e0d9e4bd88ea4a2b8dc3b0003734bb5ef.bin,"[5, 2]"
3436,d0db822eba1011331fd9ff0b80396560da4c5ceb.bin,132,1249,datacopy/UCSB/d0db822eba1011331fd9ff0b80396560da4c5ceb.bin,"[5, 2]"
3437,80a75ac2a87110a03cddd1ecab751e6c6abf7225.bin,132,1318,datacopy/UCSB/80a75ac2a87110a03cddd1ecab751e6c6abf7225.bin,"[5, 2]"
3438,c86afaf74e2ef25a7ffbd261d19bbc1580731abf.bin,132,1249,datacopy/UCSB/c86afaf74e2ef25a7ffbd261d19bbc1580731abf.bin,"[5, 2]"
3439,5adb333c322e0fb9c652877afc474446d5482d80.bin,132,1318,datacopy/UCSB/5adb333c322e0fb9c652877afc474446d5482d80.bin,"[5, 2]"
3440,4b28ad7db0024f6baa5800769210b1928d95c145.bin,132,1249,datacopy/UCSB/4b28ad7db0024f6baa5800769210b1928d95c145.bin,"[5, 2]"
3441,8582b04e4c513491d5c2b2808cec317c3c2602d3.bin,132,1249,datacopy/UCSB/8582b04e4c513491d5c2b2808cec317c3c2602d3.bin,"[5, 2]"
3442,8662b8f04e940dbf2150d2eb7bd0e1049410fb1e.bin,132,1249,datacopy/UCSB/8662b8f04e940dbf2150d2eb7bd0e1049410fb1e.bin,"[5, 2]"
3443,10787a6ae9b30cc06b119175015a5a0833fa9aad.bin,132,1249,datacopy/UCSB/10787a6ae9b30cc06b119175015a5a0833fa9aad.bin,"[5, 2]"
3444,73216ec6869d096d07dc732299fe9539a339eb2b.bin,132,1249,datacopy/UCSB/73216ec6869d096d07dc732299fe9539a339eb2b.bin,"[5, 2]"
3445,c95900a1fb8ac92363083486a08a414976e0f164.bin,132,1249,datacopy/UCSB/c95900a1fb8ac92363083486a08a414976e0f164.bin,"[5, 2]"
3446,ce3f72db54694bea411e1764ca1cc937465afb06.bin,132,1318,datacopy/UCSB/ce3f72db54694bea411e1764ca1cc937465afb06.bin,"[5, 2]"
3447,d552db68bdac0da727d00dc55de34f600e15a853.bin,132,1249,datacopy/UCSB/d552db68bdac0da727d00dc55de34f600e15a853.bin,"[5, 2]"
3448,415343683852f5ffc7694ae46f6294878fb1775c.bin,132,1249,datacopy/UCSB/415343683852f5ffc7694ae46f6294878fb1775c.bin,"[5, 2]"
3449,e83def3051b8cf40a4acda36bd2996933f266600.bin,132,1318,datacopy/UCSB/e83def3051b8cf40a4acda36bd2996933f266600.bin,"[5, 2]"
3450,92a74ddeac2782f9c8b6f791576b4c61af2b3eac.bin,132,1249,datacopy/UCSB/92a74ddeac2782f9c8b6f791576b4c61af2b3eac.bin,"[5, 2]"
3451,11a71bdba7dccfde5e4067867ff0f622519a8659.bin,132,1249,datacopy/UCSB/11a71bdba7dccfde5e4067867ff0f622519a8659.bin,"[5, 2]"
3452,a566a18359d6a5d014702d5621af4b3a002e605c.bin,132,1249,datacopy/UCSB/a566a18359d6a5d014702d5621af4b3a002e605c.bin,"[5, 2]"
3453,b842641081139623403d123a2d4b81c121a8493a.bin,132,1249,datacopy/UCSB/b842641081139623403d123a2d4b81c121a8493a.bin,"[5, 2]"
3454,10f83bc8c3428f13d3bd070aa7b8b9347dca44c1.bin,132,1318,datacopy/UCSB/10f83bc8c3428f13d3bd070aa7b8b9347dca44c1.bin,"[5, 2]"
3455,d46e240632b1d99392c17cf388d468622ac896de.bin,132,1249,datacopy/UCSB/d46e240632b1d99392c17cf388d468622ac896de.bin,"[5, 2]"
3456,ffb98936e397af57807fac8826a6d47c9cd3ee06.bin,132,1249,datacopy/UCSB/ffb98936e397af57807fac8826a6d47c9cd3ee06.bin,"[5, 2]"
3457,665515485df0aa8a43ec2f1f7d53231651ee1f78.bin,132,1318,datacopy/UCSB/665515485df0aa8a43ec2f1f7d53231651ee1f78.bin,"[5, 2]"
3458,b4bdcf718364a1cf5161cff7f79751005da41017.bin,132,1249,datacopy/UCSB/b4bdcf718364a1cf5161cff7f79751005da41017.bin,"[5, 2]"
3459,90cf02b5fe4645441ce8073dee0f7793e61ba036.bin,132,1249,datacopy/UCSB/90cf02b5fe4645441ce8073dee0f7793e61ba036.bin,"[5, 2]"
3460,227447dd796dbbf68db36ae4268dda84024609b2.bin,132,1318,datacopy/UCSB/227447dd796dbbf68db36ae4268dda84024609b2.bin,"[5, 2]"
3461,69452456cbe4f68aaaa3b4f632ff501997056d27.bin,132,1318,datacopy/UCSB/69452456cbe4f68aaaa3b4f632ff501997056d27.bin,"[5, 2]"
3462,c3d57d898a4ea88a6cd12004ca261ea27eee3e4c.bin,132,1249,datacopy/UCSB/c3d57d898a4ea88a6cd12004ca261ea27eee3e4c.bin,"[5, 2]"
3463,ec4725c3e60893a86c1de0a81586c5cca260d1af.bin,132,1249,datacopy/UCSB/ec4725c3e60893a86c1de0a81586c5cca260d1af.bin,"[5, 2]"
3464,cadbacd5c146b91bae616f66fe2639d4fe08674b.bin,132,1249,datacopy/UCSB/cadbacd5c146b91bae616f66fe2639d4fe08674b.bin,"[5, 2]"
3465,312fcd79a4a971b2e6ce70dbf07e12bd30716d4b.bin,132,1249,datacopy/UCSB/312fcd79a4a971b2e6ce70dbf07e12bd30716d4b.bin,"[5, 2]"
3466,5f378403a2ea41a9089a2e8f9f19ab573432572e.bin,132,1249,datacopy/UCSB/5f378403a2ea41a9089a2e8f9f19ab573432572e.bin,"[5, 2]"
3467,05cabd48dac1c1145e2c91fbf3c73eddb9ee4923.bin,132,1249,datacopy/UCSB/05cabd48dac1c1145e2c91fbf3c73eddb9ee4923.bin,"[5, 2]"
3468,2cd994c493fa5b84f6c0491854884ed02337e497.bin,132,1249,datacopy/UCSB/2cd994c493fa5b84f6c0491854884ed02337e497.bin,"[5, 2]"
3469,bf62dc9487254d79a0fb5697533f85b5a83397fc.bin,132,1249,datacopy/UCSB/bf62dc9487254d79a0fb5697533f85b5a83397fc.bin,"[5, 2]"
3470,21fc5ce9c9aa3abd00a73bffaa741670ada41eb0.bin,132,1249,datacopy/UCSB/21fc5ce9c9aa3abd00a73bffaa741670ada41eb0.bin,"[5, 2]"
3471,b74186d7f77e939ca109b25bbf013ca4db82be06.bin,132,1249,datacopy/UCSB/b74186d7f77e939ca109b25bbf013ca4db82be06.bin,"[5, 2]"
3472,a95947eb42af5773ab060163e2509a7db42397ec.bin,132,1318,datacopy/UCSB/a95947eb42af5773ab060163e2509a7db42397ec.bin,"[5, 2]"
3473,95d6ceb8572c08830cbeef5f0def40c4e21ae93c.bin,132,1249,datacopy/UCSB/95d6ceb8572c08830cbeef5f0def40c4e21ae93c.bin,"[5, 2]"
3474,d2b879d54e85e7b56d9809971be2f11ae34368a6.bin,132,1318,datacopy/UCSB/d2b879d54e85e7b56d9809971be2f11ae34368a6.bin,"[5, 2]"
3475,185598c1173a4382fc21c4d1281c2f8aaf040860.bin,132,1249,datacopy/UCSB/185598c1173a4382fc21c4d1281c2f8aaf040860.bin,"[5, 2]"
3476,9b1a3428eefdb9ba0ce8e53f87ef9446fd88ee5f.bin,132,1318,datacopy/UCSB/9b1a3428eefdb9ba0ce8e53f87ef9446fd88ee5f.bin,"[5, 2]"
3477,2fd3224fab5a0117a4bc6a0464063d7e3ca808b4.bin,132,1249,datacopy/UCSB/2fd3224fab5a0117a4bc6a0464063d7e3ca808b4.bin,"[5, 2]"
3478,88b6b792d54dbcd0a0baf3cc3fea17f69eea2230.bin,132,1318,datacopy/UCSB/88b6b792d54dbcd0a0baf3cc3fea17f69eea2230.bin,"[5, 2]"
3479,f765044d09c89c43d5fd0548d4bc9f2d940e278b.bin,132,1249,datacopy/UCSB/f765044d09c89c43d5fd0548d4bc9f2d940e278b.bin,"[5, 2]"
3480,1b7bbda59871666770880d8389d67cc52a8ea053.bin,132,1249,datacopy/UCSB/1b7bbda59871666770880d8389d67cc52a8ea053.bin,"[5, 2]"
3481,82c21969584165ab667e3a2c88cf12c51d47b840.bin,132,1249,datacopy/UCSB/82c21969584165ab667e3a2c88cf12c51d47b840.bin,"[5, 2]"
3482,126e796a73cb42ceea6eab99fec2b4543a46d05f.bin,132,1249,datacopy/UCSB/126e796a73cb42ceea6eab99fec2b4543a46d05f.bin,"[5, 2]"
3483,20c49ca98cf54f82667f7fcaeb0e87aef1ef5a81.bin,132,1249,datacopy/UCSB/20c49ca98cf54f82667f7fcaeb0e87aef1ef5a81.bin,"[5, 2]"
3484,a8d4523f14a16de0e33f416f4edc16c255158d6a.bin,132,1249,datacopy/UCSB/a8d4523f14a16de0e33f416f4edc16c255158d6a.bin,"[5, 2]"
3485,72aaafa96b34671fe50be23b2e1a7acb6ea9764d.bin,132,1249,datacopy/UCSB/72aaafa96b34671fe50be23b2e1a7acb6ea9764d.bin,"[5, 2]"
3486,d39f166ab7e586a2705ea7de3caf2a953bb5fcc9.bin,132,1318,datacopy/UCSB/d39f166ab7e586a2705ea7de3caf2a953bb5fcc9.bin,"[5, 2]"
3487,4f5cf34996457a9e7b2b3955648c103c8d581a7e.bin,132,1249,datacopy/UCSB/4f5cf34996457a9e7b2b3955648c103c8d581a7e.bin,"[5, 2]"
3488,ff136d88510102179a531979f7c3e7aebe291759.bin,132,1249,datacopy/UCSB/ff136d88510102179a531979f7c3e7aebe291759.bin,"[5, 2]"
3489,b4877087f82f36363eedd9389b19a83caf1aff57.bin,132,1249,datacopy/UCSB/b4877087f82f36363eedd9389b19a83caf1aff57.bin,"[5, 2]"
3490,5c42aabf257e6ec4da28bd52ced7c0e2a36e5992.bin,132,1318,datacopy/UCSB/5c42aabf257e6ec4da28bd52ced7c0e2a36e5992.bin,"[5, 2]"
3491,341c853f653fe623ed1262ebfd5b29f5f569f55b.bin,132,1249,datacopy/UCSB/341c853f653fe623ed1262ebfd5b29f5f569f55b.bin,"[5, 2]"
3492,e2e9740c6ab672b4986d9f3502c4b95d5ad88632.bin,132,1249,datacopy/UCSB/e2e9740c6ab672b4986d9f3502c4b95d5ad88632.bin,"[5, 2]"
3493,8977f3d43d7235b5a5907e2e7be121ef56efba6a.bin,132,1249,datacopy/UCSB/8977f3d43d7235b5a5907e2e7be121ef56efba6a.bin,"[5, 2]"
3494,0f0651c470a4ccac0c936a1c1a865a40b77c896c.bin,132,1249,datacopy/UCSB/0f0651c470a4ccac0c936a1c1a865a40b77c896c.bin,"[5, 2]"
3495,05176b8e2746e58b08ad3f053d84a5eb305fe71e.bin,132,1249,datacopy/UCSB/05176b8e2746e58b08ad3f053d84a5eb305fe71e.bin,"[5, 2]"
3496,54c5ff33993e08ee33f38792c3963618f30ae011.bin,132,1318,datacopy/UCSB/54c5ff33993e08ee33f38792c3963618f30ae011.bin,"[5, 2]"
3497,1eb193c2f2e32d4014984271a3057960eed14a35.bin,132,1249,datacopy/UCSB/1eb193c2f2e32d4014984271a3057960eed14a35.bin,"[5, 2]"
3498,1f28c6c7c6966174c3e24fd2c93be0e6c6cf373e.bin,132,1318,datacopy/UCSB/1f28c6c7c6966174c3e24fd2c93be0e6c6cf373e.bin,"[5, 2]"
3499,568cfe860399d2f4e8406a564081743aca66b3d7.bin,132,1249,datacopy/UCSB/568cfe860399d2f4e8406a564081743aca66b3d7.bin,"[5, 2]"
3500,4674933f5f718822b06803993781a141f13be1e4.bin,132,1249,datacopy/UCSB/4674933f5f718822b06803993781a141f13be1e4.bin,"[5, 2]"
3501,a24d8dedd98144703c20a9920f812124d5417fe3.bin,132,1249,datacopy/UCSB/a24d8dedd98144703c20a9920f812124d5417fe3.bin,"[5, 2]"
3502,46ec481286898c28b3f68cfd399b7304115a597f.bin,132,1249,datacopy/UCSB/46ec481286898c28b3f68cfd399b7304115a597f.bin,"[5, 2]"
3503,8d8fafe808340092e56353e652af304490dde08b.bin,132,1318,datacopy/UCSB/8d8fafe808340092e56353e652af304490dde08b.bin,"[5, 2]"
3504,e3df8e0cd6762bea3d6f391fc3ad54efc5d55390.bin,132,1249,datacopy/UCSB/e3df8e0cd6762bea3d6f391fc3ad54efc5d55390.bin,"[5, 2]"
3505,a5d8017ff74242d29a8166b734d626e8aec096d5.bin,132,1249,datacopy/UCSB/a5d8017ff74242d29a8166b734d626e8aec096d5.bin,"[5, 2]"
3506,0e1ce108da211c9d81d9df126d7dceae5ca33db5.bin,132,1249,datacopy/UCSB/0e1ce108da211c9d81d9df126d7dceae5ca33db5.bin,"[5, 2]"
3507,c994eed50c9daf124859adde0f65c978a8106e8d.bin,132,1249,datacopy/UCSB/c994eed50c9daf124859adde0f65c978a8106e8d.bin,"[5, 2]"
3508,c99fc46d2e47d4d9c1aa58e6d761d862b949d5b0.bin,132,1249,datacopy/UCSB/c99fc46d2e47d4d9c1aa58e6d761d862b949d5b0.bin,"[5, 2]"
3509,4ea087aa875fa890b88e4d0ceb5542ec26efab09.bin,132,1249,datacopy/UCSB/4ea087aa875fa890b88e4d0ceb5542ec26efab09.bin,"[5, 2]"
3510,78f24098effb973595e07e5b66c3cfc64b38c798.bin,132,1249,datacopy/UCSB/78f24098effb973595e07e5b66c3cfc64b38c798.bin,"[5, 2]"
3511,9771b14f77b125761de9a62c464da002bce83868.bin,132,1249,datacopy/UCSB/9771b14f77b125761de9a62c464da002bce83868.bin,"[5, 2]"
3512,a646ed79259a6ae42e4e00211b989b1727914cfc.bin,132,1249,datacopy/UCSB/a646ed79259a6ae42e4e00211b989b1727914cfc.bin,"[5, 2]"
3513,88fe387585c25d83d24b3ce91abc929d9a2bf65b.bin,132,1249,datacopy/UCSB/88fe387585c25d83d24b3ce91abc929d9a2bf65b.bin,"[5, 2]"
3514,89f34f4e16cb0432e50825e6448e9cd60df5e225.bin,132,1249,datacopy/UCSB/89f34f4e16cb0432e50825e6448e9cd60df5e225.bin,"[5, 2]"
3515,0f651b2f5ad64ece204b5c63d5232d21af2aebfa.bin,132,1318,datacopy/UCSB/0f651b2f5ad64ece204b5c63d5232d21af2aebfa.bin,"[5, 2]"
3516,c47afcd34002a4f9b410ac24fead1652788ef5db.bin,132,1318,datacopy/UCSB/c47afcd34002a4f9b410ac24fead1652788ef5db.bin,"[5, 2]"
3517,e96cf3472c35b7421cdf1886364194b816744dcd.bin,132,1249,datacopy/UCSB/e96cf3472c35b7421cdf1886364194b816744dcd.bin,"[5, 2]"
3518,e3c6cc05d5e7693ddd6652012759513d78c1aac2.bin,132,1249,datacopy/UCSB/e3c6cc05d5e7693ddd6652012759513d78c1aac2.bin,"[5, 2]"
3519,76ab2e8727ed7d35289538dfd1f40abcffa1ca67.bin,132,1318,datacopy/UCSB/76ab2e8727ed7d35289538dfd1f40abcffa1ca67.bin,"[5, 2]"
3520,821e5eaf2dcc9bd709fa3849c43691df63b11a3e.bin,132,1249,datacopy/UCSB/821e5eaf2dcc9bd709fa3849c43691df63b11a3e.bin,"[5, 2]"
3521,ab2064fe05a1ac9e878c39c8bf366819e6d2913c.bin,132,1249,datacopy/UCSB/ab2064fe05a1ac9e878c39c8bf366819e6d2913c.bin,"[5, 2]"
3522,fa44b068c9d3a3d78f66f918f60900a7511fc2bc.bin,132,1249,datacopy/UCSB/fa44b068c9d3a3d78f66f918f60900a7511fc2bc.bin,"[5, 2]"
3523,e9399d26188a80be575af4ee3a2e73409987e4cb.bin,132,1249,datacopy/UCSB/e9399d26188a80be575af4ee3a2e73409987e4cb.bin,"[5, 2]"
3524,44335e3206d3ad2a946bef45c778f7220d96a57c.bin,132,1249,datacopy/UCSB/44335e3206d3ad2a946bef45c778f7220d96a57c.bin,"[5, 2]"
3525,6916eed4701feecfa549585e483fdd62389cbaf6.bin,132,1249,datacopy/UCSB/6916eed4701feecfa549585e483fdd62389cbaf6.bin,"[5, 2]"
3526,8aaf7991277d7e2e3334ead9838447d242414cfd.bin,132,1249,datacopy/UCSB/8aaf7991277d7e2e3334ead9838447d242414cfd.bin,"[5, 2]"
3527,bf5b2c3fd596ad06275e47745770ce700d998d60.bin,132,1249,datacopy/UCSB/bf5b2c3fd596ad06275e47745770ce700d998d60.bin,"[5, 2]"
3528,41f01b16c23ab3f67672ac5cb45877a440113ae1.bin,132,1249,datacopy/UCSB/41f01b16c23ab3f67672ac5cb45877a440113ae1.bin,"[5, 2]"
3529,a375d7bbecc6fbc2d454f6fa9faa8b8fde845cd3.bin,132,1249,datacopy/UCSB/a375d7bbecc6fbc2d454f6fa9faa8b8fde845cd3.bin,"[5, 2]"
3530,674b43db9ccbfc0dae0f7383f321077a70f0570f93d8c965d72b1ddc2cade121,132,1249,datacopy/Stefano/674b43db9ccbfc0dae0f7383f321077a70f0570f93d8c965d72b1ddc2cade121,"[5, 2]"
3531,b3056ed0ec048f7f0937f592eea9742534c5bb12.bin,133,1116,datacopy/UCSB/b3056ed0ec048f7f0937f592eea9742534c5bb12.bin,"[8, 1, 28]"
3532,60aa0673969b947722c65f899898eec8f8ba1240.bin,133,1116,datacopy/UCSB/60aa0673969b947722c65f899898eec8f8ba1240.bin,"[8, 1, 28]"
3533,9b07a055c237c1037fc11f9b862b1e93a3bac90d.bin,133,1116,datacopy/UCSB/9b07a055c237c1037fc11f9b862b1e93a3bac90d.bin,"[8, 1, 28]"
3534,76bd06329cc8bddcb9b1247dbaf16dbdf6f16bb0.bin,133,1116,datacopy/UCSB/76bd06329cc8bddcb9b1247dbaf16dbdf6f16bb0.bin,"[8, 1, 28]"
3535,379c4acb6de0e24f306e1efc59a065cf6631c05d.bin,133,1116,datacopy/UCSB/379c4acb6de0e24f306e1efc59a065cf6631c05d.bin,"[8, 1, 28]"
3536,c648dc9eeac58f33e3e762de279bb78a46f6b6dc.bin,133,1116,datacopy/UCSB/c648dc9eeac58f33e3e762de279bb78a46f6b6dc.bin,"[8, 1, 28]"
3537,16f49840d67d67660c2312131868eadf5f8e2c5e.bin,133,1407,datacopy/UCSB/16f49840d67d67660c2312131868eadf5f8e2c5e.bin,"[8, 1, 28]"
3538,b9b38964a8f16a5ccf263cdb056d263c03c9b919.bin,133,1116,datacopy/UCSB/b9b38964a8f16a5ccf263cdb056d263c03c9b919.bin,"[8, 1, 28]"
3539,aa49659269cb34e51920f8f88b47f561bfc3be25.bin,133,1116,datacopy/UCSB/aa49659269cb34e51920f8f88b47f561bfc3be25.bin,"[8, 1, 28]"
3540,e759a1400dfa9a9ebe5348edc3373a747393f4b5.bin,133,83,datacopy/UCSB/e759a1400dfa9a9ebe5348edc3373a747393f4b5.bin,"[8, 1, 28]"
3541,73171c028fd7f445e14331a66a1d6748ca713a05.bin,139,1202,datacopy/UCSB/73171c028fd7f445e14331a66a1d6748ca713a05.bin,[9]
3542,5536c542181775ee66100b9c3bbd1c218505c78f.bin,139,1202,datacopy/UCSB/5536c542181775ee66100b9c3bbd1c218505c78f.bin,[9]
3543,2b8d119459f531b7596703cf492c384d56110fed.bin,139,1202,datacopy/UCSB/2b8d119459f531b7596703cf492c384d56110fed.bin,[9]
3544,3918c544307223ff03d44fd836539a56d733d175.bin,139,1202,datacopy/UCSB/3918c544307223ff03d44fd836539a56d733d175.bin,[9]
3545,8fc17082c480da6380640fb6074bb10a9e0111e1.bin,139,1202,datacopy/UCSB/8fc17082c480da6380640fb6074bb10a9e0111e1.bin,[9]
3546,7f5cfc20de0589f1dd15f663d285a4dda824c462.bin,139,1202,datacopy/UCSB/7f5cfc20de0589f1dd15f663d285a4dda824c462.bin,[9]
3547,26b82b44760505a66d94be380820ab7cab6dfeea.bin,139,1202,datacopy/UCSB/26b82b44760505a66d94be380820ab7cab6dfeea.bin,[9]
3548,6825da89d5fcfa3f86a1e267c3878cf59679c214.bin,139,1202,datacopy/UCSB/6825da89d5fcfa3f86a1e267c3878cf59679c214.bin,[9]
3549,9f3aa556a0546c35eb8bd10d31815c8348eb34d964dfb3e4de8070197af4785d,139,1202,datacopy/Stefano/9f3aa556a0546c35eb8bd10d31815c8348eb34d964dfb3e4de8070197af4785d,[9]
3550,ab53961b7a0f3fdb99cb40b2ec4707642d83bbae9114ed9e8d22923cfc377c91,139,1202,datacopy/Stefano/ab53961b7a0f3fdb99cb40b2ec4707642d83bbae9114ed9e8d22923cfc377c91,[9]
3551,568191598179e4d2caf113b653911e6f3a6933c24ddbb5415a73e581554895c4,139,1202,datacopy/Stefano/568191598179e4d2caf113b653911e6f3a6933c24ddbb5415a73e581554895c4,[9]
3552,b5c58c1cf0f906d759babce282448f59d39b83fc0e62c9e1df38949eead920ce,139,1202,datacopy/Stefano/b5c58c1cf0f906d759babce282448f59d39b83fc0e62c9e1df38949eead920ce,[9]
3553,5adeb4876cad5683958a7afb0d159766334a695a810bdbfb90d6c8e9a3c58c0d,139,1202,datacopy/Stefano/5adeb4876cad5683958a7afb0d159766334a695a810bdbfb90d6c8e9a3c58c0d,[9]
3554,894ec688941bf87edf608e2eac84439b58a37256.bin,140,1545,datacopy/UCSB/894ec688941bf87edf608e2eac84439b58a37256.bin,[1]
3555,92f81f3d5e1c7fadc838427399ffda243a5f9945.bin,140,1545,datacopy/UCSB/92f81f3d5e1c7fadc838427399ffda243a5f9945.bin,[1]
3556,87b7485211176f52850d4462c464e9570acaf39b.bin,140,1545,datacopy/UCSB/87b7485211176f52850d4462c464e9570acaf39b.bin,[1]
3557,42178a3bd8976ea82c6f46ea003a256d1a37e1be.bin,140,1545,datacopy/UCSB/42178a3bd8976ea82c6f46ea003a256d1a37e1be.bin,[1]
3558,e2ee833d1af535fa4a90b38a30596f187e520bfa.bin,140,1545,datacopy/UCSB/e2ee833d1af535fa4a90b38a30596f187e520bfa.bin,[1]
3559,b3a94925adf1dc66788a04f06e19ac0ec1e062dc.bin,140,1545,datacopy/UCSB/b3a94925adf1dc66788a04f06e19ac0ec1e062dc.bin,[1]
3560,fcd36e833fd4aa144a518faafc6ca8c6e4d7327c.bin,140,1545,datacopy/UCSB/fcd36e833fd4aa144a518faafc6ca8c6e4d7327c.bin,[1]
3561,7f2757712425515d374961bbd999051319a32cb7.bin,140,1545,datacopy/UCSB/7f2757712425515d374961bbd999051319a32cb7.bin,[1]
3562,ff9cca2993b0d8dc63bc219f35485149b17202d7.bin,140,1545,datacopy/UCSB/ff9cca2993b0d8dc63bc219f35485149b17202d7.bin,[1]
3563,2d10e539ff4a016d95567d241402fbc34a1be469.bin,140,1545,datacopy/UCSB/2d10e539ff4a016d95567d241402fbc34a1be469.bin,[1]
3564,885123b5ef2d94f77ca1f2399cb73ef881dd4eec.bin,140,1545,datacopy/UCSB/885123b5ef2d94f77ca1f2399cb73ef881dd4eec.bin,[1]
3565,4dfc6aad6130aca9b6ab2ace6156cd9f6d4c2ea8.bin,148,1520,datacopy/UCSB/4dfc6aad6130aca9b6ab2ace6156cd9f6d4c2ea8.bin,[6]
3566,94d82ae7067773d027c26a53c825527c74c6b58b.bin,148,1520,datacopy/UCSB/94d82ae7067773d027c26a53c825527c74c6b58b.bin,[6]
3567,0f61bba2f553d1daba260ca743fa76fa970ebcbe.bin,148,1520,datacopy/UCSB/0f61bba2f553d1daba260ca743fa76fa970ebcbe.bin,[6]
3568,27460c77e3324c36ce014f269cc94a6c911bbe6a.bin,148,1520,datacopy/UCSB/27460c77e3324c36ce014f269cc94a6c911bbe6a.bin,[6]
3569,95039420af902b0652743438f4c47b13a0b02fd0.bin,148,1520,datacopy/UCSB/95039420af902b0652743438f4c47b13a0b02fd0.bin,[6]
3570,17aeb390b9b0cb16d31ce43035c6e26eaeecddf1.bin,148,1520,datacopy/UCSB/17aeb390b9b0cb16d31ce43035c6e26eaeecddf1.bin,[6]
3571,ea2328636da3608a35970acb514598c8188eecf0.bin,148,1520,datacopy/UCSB/ea2328636da3608a35970acb514598c8188eecf0.bin,[6]
3572,43f5269fb0a8b57528262ef7e028c3ab3b0cb38d.bin,148,1520,datacopy/UCSB/43f5269fb0a8b57528262ef7e028c3ab3b0cb38d.bin,[6]
3573,908a402a773715ab7100c0bcf48a30e596c31b8f.bin,148,1520,datacopy/UCSB/908a402a773715ab7100c0bcf48a30e596c31b8f.bin,[6]
3574,e25478937a334f14ba1f8adc05c4b200f1e8ecb7.bin,148,1520,datacopy/UCSB/e25478937a334f14ba1f8adc05c4b200f1e8ecb7.bin,[6]
3575,bd4125bddb8ca243a10c73c0b82ec85679a1f757.bin,148,1520,datacopy/UCSB/bd4125bddb8ca243a10c73c0b82ec85679a1f757.bin,[6]
3576,2774b102e83341f926793ee9205df2b53be369bf.bin,148,1520,datacopy/UCSB/2774b102e83341f926793ee9205df2b53be369bf.bin,[6]
3577,ca785b346a986807eab7983a879553547271b09a.bin,148,1520,datacopy/UCSB/ca785b346a986807eab7983a879553547271b09a.bin,[6]
3578,31fdcf4a98491b2bc7f8d0e272c098a8e1e1c343.bin,148,1520,datacopy/UCSB/31fdcf4a98491b2bc7f8d0e272c098a8e1e1c343.bin,[6]
3579,749bbd50ca1157a16713822014ed89be9f5315b2.bin,148,1520,datacopy/UCSB/749bbd50ca1157a16713822014ed89be9f5315b2.bin,[6]
3580,9490a76f9a7435b386f3f0a96087238891205c52.bin,148,1520,datacopy/UCSB/9490a76f9a7435b386f3f0a96087238891205c52.bin,[6]
3581,9cfc2db798bda214ab5d5912f5a40aefcefa4792.bin,148,1520,datacopy/UCSB/9cfc2db798bda214ab5d5912f5a40aefcefa4792.bin,[6]
3582,ac8a80ad24f9dd6040182c1a2356b80c7f798ec7.bin,148,1520,datacopy/UCSB/ac8a80ad24f9dd6040182c1a2356b80c7f798ec7.bin,[6]
3583,d2654f78611550fa1f209c9b53d70127cec4e2e6.bin,150,1161,datacopy/UCSB/d2654f78611550fa1f209c9b53d70127cec4e2e6.bin,[12]
3584,4dfc0a9cc1e5341196212795e2d1fc8b455786d7.bin,150,1161,datacopy/UCSB/4dfc0a9cc1e5341196212795e2d1fc8b455786d7.bin,[12]
3585,4d388ec32b6d75444862544c2a47703bf0fde2ac.bin,150,1161,datacopy/UCSB/4d388ec32b6d75444862544c2a47703bf0fde2ac.bin,[12]
3586,0535462e962b9eeed43255d893e971345a2ee5ed.bin,150,1161,datacopy/UCSB/0535462e962b9eeed43255d893e971345a2ee5ed.bin,[12]
3587,2ee35bc158223a1b7995eeb786d598166c3c1aa3.bin,150,1161,datacopy/UCSB/2ee35bc158223a1b7995eeb786d598166c3c1aa3.bin,[12]
3588,67590f09e7b68258ab7601c6783dec1395ece70f.bin,150,1161,datacopy/UCSB/67590f09e7b68258ab7601c6783dec1395ece70f.bin,[12]
3589,ebe70615f86aeb434816384c8957fcf4b33db3c2.bin,150,1161,datacopy/UCSB/ebe70615f86aeb434816384c8957fcf4b33db3c2.bin,[12]
3590,88181da8389719c42ea9cce7a27b0bd85411a6a0.bin,150,1161,datacopy/UCSB/88181da8389719c42ea9cce7a27b0bd85411a6a0.bin,[12]
3591,951c9578abdc7321a2640af35a37d4443aefe355.bin,150,1161,datacopy/UCSB/951c9578abdc7321a2640af35a37d4443aefe355.bin,[12]
3592,3333ccca7f9c33ac235c0bf656544d755d12d361.bin,150,1161,datacopy/UCSB/3333ccca7f9c33ac235c0bf656544d755d12d361.bin,[12]
3593,799fd3c03a879757ee825ca57dd7cbb6ae22e3d0.bin,150,1161,datacopy/UCSB/799fd3c03a879757ee825ca57dd7cbb6ae22e3d0.bin,[12]
3594,e9ed619b9952a51c1f195a6d0f3ba0ff0e18b63c.bin,150,1161,datacopy/UCSB/e9ed619b9952a51c1f195a6d0f3ba0ff0e18b63c.bin,[12]
3595,fb67bb0f7dc6ce5dec943755346b06b78745be4d.bin,150,1161,datacopy/UCSB/fb67bb0f7dc6ce5dec943755346b06b78745be4d.bin,[12]
3596,03a88e4d713f51ca0e228d4e453e3b8ff7a7ca59.bin,150,1161,datacopy/UCSB/03a88e4d713f51ca0e228d4e453e3b8ff7a7ca59.bin,[12]
3597,25327a4d584b24b38c3a0060c93eb7ebfb1175d8.bin,150,1161,datacopy/UCSB/25327a4d584b24b38c3a0060c93eb7ebfb1175d8.bin,[12]
3598,a4f9f43dc27f710c7ceebb18f4bf3fd09fbaa777.bin,150,1161,datacopy/UCSB/a4f9f43dc27f710c7ceebb18f4bf3fd09fbaa777.bin,[12]
3599,3d2c9683be240dc92921cb54d1d9fbb9e44fdf2b.bin,155,1432,datacopy/UCSB.JP/data_feed.geo_japan_6m_public_flag/3/d/2/3d2c9683be240dc92921cb54d1d9fbb9e44fdf2b.bin,[3]
3600,728323939cbbe04f57d47981be3d49e7c83aeecc.bin,155,1432,datacopy/UCSB/728323939cbbe04f57d47981be3d49e7c83aeecc.bin,[3]
3601,f70c22c8b92709148fc7eb56dc9fbea297ac8c9b.bin,155,1432,datacopy/UCSB/f70c22c8b92709148fc7eb56dc9fbea297ac8c9b.bin,[3]
3602,63b2e8a4be52c6b79741d70209a84bbd95d87cdb.bin,155,1432,datacopy/UCSB/63b2e8a4be52c6b79741d70209a84bbd95d87cdb.bin,[3]
3603,8e5772ccb09007d86d0f79ffc117e2ce9e5b6184.bin,161,1520,datacopy/UCSB/8e5772ccb09007d86d0f79ffc117e2ce9e5b6184.bin,[6]
3604,fd6ad1f88cb6fa4543137f6318e18ad0b0239f56.bin,161,1520,datacopy/UCSB/fd6ad1f88cb6fa4543137f6318e18ad0b0239f56.bin,[6]
3605,13252057adcf7123dd8989015cfe18b9f948011e.bin,161,1520,datacopy/UCSB/13252057adcf7123dd8989015cfe18b9f948011e.bin,[6]
3606,02df68e5a8dc071d39ac597d17a7761d135e0f91.bin,161,1520,datacopy/UCSB/02df68e5a8dc071d39ac597d17a7761d135e0f91.bin,[6]
3607,ddfe6242b27c96c94a5ae9771fbcf1749294e829.bin,161,1520,datacopy/UCSB/ddfe6242b27c96c94a5ae9771fbcf1749294e829.bin,[6]
3608,fb61acd3bb67947126f70ef55eeb3a8bac0990b4.bin,161,1520,datacopy/UCSB/fb61acd3bb67947126f70ef55eeb3a8bac0990b4.bin,[6]
3609,045cba2e0e66036300deb43ec2194bd52fdec9c8.bin,161,1520,datacopy/UCSB/045cba2e0e66036300deb43ec2194bd52fdec9c8.bin,[6]
3610,a01b4bd4bb4502682f6e6b6fb7d5bfc05ba21944.bin,166,1548,datacopy/UCSB/a01b4bd4bb4502682f6e6b6fb7d5bfc05ba21944.bin,"[1, 1]"
3611,1d3c611527808e6b87d8432b839a8094d8caca13.bin,166,1548,datacopy/UCSB/1d3c611527808e6b87d8432b839a8094d8caca13.bin,"[1, 1]"
3612,5ab70457789d6efdd8ca14f23f1f603b3d4c89f4.bin,166,1548,datacopy/UCSB/5ab70457789d6efdd8ca14f23f1f603b3d4c89f4.bin,"[1, 1]"
3613,277411db8a478548fd5af94f23ee404fde3ded77.bin,166,1548,datacopy/UCSB/277411db8a478548fd5af94f23ee404fde3ded77.bin,"[1, 1]"
3614,c9b1df718a56b2b586e4d2f6ad0f8f17e860d64d.bin,166,192,datacopy/UCSB/c9b1df718a56b2b586e4d2f6ad0f8f17e860d64d.bin,"[1, 1]"
3615,a2b8b344afd478b5d019daae84a4cdabf5a6adea.bin,166,1548,datacopy/UCSB/a2b8b344afd478b5d019daae84a4cdabf5a6adea.bin,"[1, 1]"
3616,9b89f6d74fb094e0365b8a353196c4db4c0e2e00.bin,166,1548,datacopy/UCSB/9b89f6d74fb094e0365b8a353196c4db4c0e2e00.bin,"[1, 1]"
3617,9c87da43b0a8bc708d71d8f7fe7e0f3707f345c7.bin,166,1548,datacopy/UCSB/9c87da43b0a8bc708d71d8f7fe7e0f3707f345c7.bin,"[1, 1]"
3618,a64a4015603cbb586a67ce02e29e4c4ddb4562a8.bin,169,1602,datacopy/UCSB/a64a4015603cbb586a67ce02e29e4c4ddb4562a8.bin,"[1, 310]"
3619,0e2e0f2b0fad41c035fb552445ac6001d76e8c81.bin,169,1602,datacopy/UCSB/0e2e0f2b0fad41c035fb552445ac6001d76e8c81.bin,"[1, 310]"
3620,5dc9189a7f325bcf5a723adc5227a78dd6fd8298.bin,169,1482,datacopy/UCSB/5dc9189a7f325bcf5a723adc5227a78dd6fd8298.bin,"[1, 310]"
3621,edb8b58ace89f690261efd6fa1fc439855cf9e26.bin,169,1602,datacopy/UCSB/edb8b58ace89f690261efd6fa1fc439855cf9e26.bin,"[1, 310]"
3622,786f53ffd534a4ca02214529546539bddc47a12d.bin,169,1482,datacopy/UCSB/786f53ffd534a4ca02214529546539bddc47a12d.bin,"[1, 310]"
3623,dac8f8e60da2ab26d33210821b003e8ccbc572ca.bin,173,341,datacopy/UCSB/dac8f8e60da2ab26d33210821b003e8ccbc572ca.bin,[1]
3624,56017075d96889c40aea090818a224e472a18f14.bin,173,341,datacopy/UCSB/56017075d96889c40aea090818a224e472a18f14.bin,[1]
3625,a008948ad844e5e3baec01e388833817235057ec.bin,173,341,datacopy/UCSB/a008948ad844e5e3baec01e388833817235057ec.bin,[1]
3626,a165b5d26573d44c0296e11d74377eaa32659280.bin,173,341,datacopy/UCSB/a165b5d26573d44c0296e11d74377eaa32659280.bin,[1]
3627,d30e6ffbdcf0e362419261c385e17dd47a55c3c2.bin,173,341,datacopy/UCSB/d30e6ffbdcf0e362419261c385e17dd47a55c3c2.bin,[1]
3628,18153cac0fb492b70eaf9a1eaa775dd8098fc99a.bin,173,341,datacopy/UCSB/18153cac0fb492b70eaf9a1eaa775dd8098fc99a.bin,[1]
3629,710910c68c84d5dfd3c7fd60d1377b6b125cda62.bin,173,341,datacopy/UCSB/710910c68c84d5dfd3c7fd60d1377b6b125cda62.bin,[1]
3630,362b13b428e8f56d1a9a00ad3a8768128e967459.bin,173,341,datacopy/UCSB/362b13b428e8f56d1a9a00ad3a8768128e967459.bin,[1]
3631,f400784943f520d8358379efdb2bc4f602c395ed.bin,173,341,datacopy/UCSB/f400784943f520d8358379efdb2bc4f602c395ed.bin,[1]
3632,e7f27f58782c31c91c87c1d935c05371b87fdac3.bin,173,341,datacopy/UCSB/e7f27f58782c31c91c87c1d935c05371b87fdac3.bin,[1]
3633,cc964c6bdb2008029dfe6fee664c2db98a5c4d50.bin,173,341,datacopy/UCSB/cc964c6bdb2008029dfe6fee664c2db98a5c4d50.bin,[1]
3634,7e84691b89df07a137647f747d70cf165bab26e0.bin,174,1548,datacopy/UCSB/7e84691b89df07a137647f747d70cf165bab26e0.bin,[1]
3635,5940c7f3f924abf696e4345a0023c8384753f3e2.bin,174,1548,datacopy/UCSB/5940c7f3f924abf696e4345a0023c8384753f3e2.bin,[1]
3636,797e82013ca06fbc102b91f1d0cb125bb05ee88b.bin,174,1548,datacopy/UCSB/797e82013ca06fbc102b91f1d0cb125bb05ee88b.bin,[1]
3637,e835219f44b101bbe37cc290d48c0b833c0afbe4.bin,175,83,datacopy/UCSB/e835219f44b101bbe37cc290d48c0b833c0afbe4.bin,"[28, 1]"
3638,ba37eee6edc0368cfc4ec14e15eb1fc0bd9c2dd1.bin,175,1433,datacopy/UCSB/ba37eee6edc0368cfc4ec14e15eb1fc0bd9c2dd1.bin,"[28, 1]"
3639,d9080f3525d0e032efa3011866e2771ac3076924.bin,175,1433,datacopy/UCSB/d9080f3525d0e032efa3011866e2771ac3076924.bin,"[28, 1]"
3640,62b4f710ee6907400fdeb381bb426bfef2ebb143.bin,175,1433,datacopy/UCSB/62b4f710ee6907400fdeb381bb426bfef2ebb143.bin,"[28, 1]"
3641,91eb53c60517527ae8979e9efd3a6703e9555327.bin,175,1433,datacopy/UCSB/91eb53c60517527ae8979e9efd3a6703e9555327.bin,"[28, 1]"
3642,8f00743e8c9b02391bb3eee1edfbb689def105a1.bin,175,1433,datacopy/UCSB/8f00743e8c9b02391bb3eee1edfbb689def105a1.bin,"[28, 1]"
3643,d3cd086005aafe4d60020b3eb44c128fbea67664.bin,175,83,datacopy/UCSB/d3cd086005aafe4d60020b3eb44c128fbea67664.bin,"[28, 1]"
3644,161f136bd820c87a229944cf58a528fc08838b89.bin,175,1433,datacopy/UCSB/161f136bd820c87a229944cf58a528fc08838b89.bin,"[28, 1]"
3645,4e45a4b14d611db2f6384ff6dc3b2ca8e1f1c5b3.bin,175,1433,datacopy/UCSB/4e45a4b14d611db2f6384ff6dc3b2ca8e1f1c5b3.bin,"[28, 1]"
3646,ca615909b8b0c11154ad7ac03b245e8eecb5d6d8.bin,175,1433,datacopy/UCSB/ca615909b8b0c11154ad7ac03b245e8eecb5d6d8.bin,"[28, 1]"
3647,0c57b233e36ff431439e4463bd4b1bc0995c18e5.bin,175,83,datacopy/UCSB/0c57b233e36ff431439e4463bd4b1bc0995c18e5.bin,"[28, 1]"
3648,bf09f3cd8672fd7a9fa0c068959d9ee05a844ddf.bin,175,1433,datacopy/UCSB/bf09f3cd8672fd7a9fa0c068959d9ee05a844ddf.bin,"[28, 1]"
3649,7221c8f3e184be1cb541a1359af25b2832ab41b8.bin,175,83,datacopy/UCSB/7221c8f3e184be1cb541a1359af25b2832ab41b8.bin,"[28, 1]"
3650,7e71abe463f32df32e4bedb979115309087f250b.bin,175,83,datacopy/UCSB/7e71abe463f32df32e4bedb979115309087f250b.bin,"[28, 1]"
3651,176c906a0e81f51bd56a83004642ac2b1e993eda.bin,175,83,datacopy/UCSB/176c906a0e81f51bd56a83004642ac2b1e993eda.bin,"[28, 1]"
3652,1d980bd8eddaa28b22a316a23b6dd8ea1b9a0097.bin,175,1433,datacopy/UCSB/1d980bd8eddaa28b22a316a23b6dd8ea1b9a0097.bin,"[28, 1]"
3653,89f9af8c4c3494f48f1af126fb378fde57b888f9.bin,175,1433,datacopy/UCSB/89f9af8c4c3494f48f1af126fb378fde57b888f9.bin,"[28, 1]"
3654,1b53265390ad043938ff7fdd785a3a1ac55647d2.bin,175,1433,datacopy/UCSB/1b53265390ad043938ff7fdd785a3a1ac55647d2.bin,"[28, 1]"
3655,79e2f6180120998c45c034e2ca8e5f0b8d7c7ccc.bin,175,83,datacopy/UCSB/79e2f6180120998c45c034e2ca8e5f0b8d7c7ccc.bin,"[28, 1]"
3656,309924f993894d16ebadc724e803d4273a61c066.bin,175,83,datacopy/UCSB/309924f993894d16ebadc724e803d4273a61c066.bin,"[28, 1]"
3657,da5dd15ee88108d745249f8da719dc0f86bf611d.bin,175,83,datacopy/UCSB/da5dd15ee88108d745249f8da719dc0f86bf611d.bin,"[28, 1]"
3658,350a43cd2dacfbf63e9015d832730826c1e3d258.bin,175,83,datacopy/UCSB/350a43cd2dacfbf63e9015d832730826c1e3d258.bin,"[28, 1]"
3659,dc9ae30731c94b514f0532e586d1820293e63a0c.bin,175,1433,datacopy/UCSB/dc9ae30731c94b514f0532e586d1820293e63a0c.bin,"[28, 1]"
3660,91985fa5c96f57acc78e8f7e47a22bf0319439a2.bin,175,1433,datacopy/UCSB/91985fa5c96f57acc78e8f7e47a22bf0319439a2.bin,"[28, 1]"
3661,524a953b8c0a73fccbb4febc77d0e93778563ca5.bin,175,83,datacopy/UCSB/524a953b8c0a73fccbb4febc77d0e93778563ca5.bin,"[28, 1]"
3662,95a741f7f3e03193692c1751f12ed92b600876ad.bin,175,1433,datacopy/UCSB/95a741f7f3e03193692c1751f12ed92b600876ad.bin,"[28, 1]"
3663,406d06cd4a99cbc3f84196e5c7480d1cf7c36923.bin,175,83,datacopy/UCSB/406d06cd4a99cbc3f84196e5c7480d1cf7c36923.bin,"[28, 1]"
3664,aa3542dc7a88f69795bb585da3af9585f0c564d1.bin,175,83,datacopy/UCSB/aa3542dc7a88f69795bb585da3af9585f0c564d1.bin,"[28, 1]"
3665,aa63ef716231d7eea3025f1a2ac2fceac39343e6.bin,175,83,datacopy/UCSB/aa63ef716231d7eea3025f1a2ac2fceac39343e6.bin,"[28, 1]"
3666,a47754b8b4041c99dc3b24521e1bc9909c1a1dac.bin,175,83,datacopy/UCSB/a47754b8b4041c99dc3b24521e1bc9909c1a1dac.bin,"[28, 1]"
3667,fb20c7e3a61c758e1fb030ddaf5506e35e7ae274.bin,175,1433,datacopy/UCSB/fb20c7e3a61c758e1fb030ddaf5506e35e7ae274.bin,"[28, 1]"
3668,0d67f49a2d48cfe923125bf713b0e7330800352d.bin,175,1433,datacopy/UCSB/0d67f49a2d48cfe923125bf713b0e7330800352d.bin,"[28, 1]"
3669,013547dae16af3b8be19ef52852d61cead9a8979.bin,175,1433,datacopy/UCSB/013547dae16af3b8be19ef52852d61cead9a8979.bin,"[28, 1]"
3670,c43852b1da270ca189279fddb79ad1932f6d291f.bin,175,1433,datacopy/UCSB/c43852b1da270ca189279fddb79ad1932f6d291f.bin,"[28, 1]"
3671,880d4711dea949a8f3984e606eb2040eb8642ce7.bin,175,83,datacopy/UCSB/880d4711dea949a8f3984e606eb2040eb8642ce7.bin,"[28, 1]"
3672,49f8a90716b2f8dbfef5fe3839a8d145acaf2cec.bin,175,83,datacopy/UCSB/49f8a90716b2f8dbfef5fe3839a8d145acaf2cec.bin,"[28, 1]"
3673,504d1b1d8926ce1af06d4124cef80c272d1b5de8.bin,175,83,datacopy/UCSB/504d1b1d8926ce1af06d4124cef80c272d1b5de8.bin,"[28, 1]"
3674,74713076b16407a665543c10e118d92c291857d3.bin,175,83,datacopy/UCSB/74713076b16407a665543c10e118d92c291857d3.bin,"[28, 1]"
3675,828780543a6e8a3a71b62beeceb0177c888af68e.bin,175,83,datacopy/UCSB/828780543a6e8a3a71b62beeceb0177c888af68e.bin,"[28, 1]"
3676,794df2e654a95e91cb9617e3f6da019221821175.bin,177,734,datacopy/UCSB/794df2e654a95e91cb9617e3f6da019221821175.bin,[24]
3677,14b020253d6f3e53e65f3dacb155cea42b0536e5.bin,177,734,datacopy/UCSB/14b020253d6f3e53e65f3dacb155cea42b0536e5.bin,[24]
3678,b3681a632e6c83b0a0aff26d8c2dce7fcf470f2a.bin,177,734,datacopy/UCSB/b3681a632e6c83b0a0aff26d8c2dce7fcf470f2a.bin,[24]
3679,c96651121cc0b69ceb09e312c8a70af5f5825f1c.bin,177,734,datacopy/UCSB/c96651121cc0b69ceb09e312c8a70af5f5825f1c.bin,[24]
3680,f6869d0a7b868296314d515525778b3a7ce5b969.bin,177,734,datacopy/UCSB/f6869d0a7b868296314d515525778b3a7ce5b969.bin,[24]
3681,fc463a0e83054fae77a3f1e09c5989b1f904bcca.bin,177,734,datacopy/UCSB/fc463a0e83054fae77a3f1e09c5989b1f904bcca.bin,[24]
3682,931c8e1e72f0542fa49f318ea81bbea1f3b592c3.bin,177,734,datacopy/UCSB/931c8e1e72f0542fa49f318ea81bbea1f3b592c3.bin,[24]
3683,631c0751368a3ac5a84cf33713315f52d19338e1.bin,177,734,datacopy/UCSB/631c0751368a3ac5a84cf33713315f52d19338e1.bin,[24]
3684,aaca5e7c25d31c14f5948f651b79d26955188b1d.bin,177,734,datacopy/UCSB/aaca5e7c25d31c14f5948f651b79d26955188b1d.bin,[24]
3685,8f8657a9f2450083af5777b7b8bba0abb73f2405.bin,177,734,datacopy/UCSB/8f8657a9f2450083af5777b7b8bba0abb73f2405.bin,[24]
3686,bff1563671b6dc64c8024b768149c67e683017bd.bin,177,734,datacopy/UCSB/bff1563671b6dc64c8024b768149c67e683017bd.bin,[24]
3687,5e452de384f5d7fa463f74c9d8db9625409ba027.bin,177,734,datacopy/UCSB/5e452de384f5d7fa463f74c9d8db9625409ba027.bin,[24]
3688,9daf01efb1612fa7450016ba672ef0c43da1bd22.bin,177,734,datacopy/UCSB/9daf01efb1612fa7450016ba672ef0c43da1bd22.bin,[24]
3689,bb8aa7f7db22d557637e5b4397dfacae88a5aa61.bin,177,734,datacopy/UCSB/bb8aa7f7db22d557637e5b4397dfacae88a5aa61.bin,[24]
3690,0d264cd29e843653052788d9fb3099003730b4ea.bin,177,734,datacopy/UCSB/0d264cd29e843653052788d9fb3099003730b4ea.bin,[24]
3691,2194d59da6f58265792ae4b39f4d786dd285e9cc.bin,177,734,datacopy/UCSB/2194d59da6f58265792ae4b39f4d786dd285e9cc.bin,[24]
3692,69527efbc9e78f3d8b3af2c84d7da44d760d5433.bin,177,734,datacopy/UCSB/69527efbc9e78f3d8b3af2c84d7da44d760d5433.bin,[24]
3693,7ce295402cb65e2809af8033daa7faff78f18313.bin,177,734,datacopy/UCSB/7ce295402cb65e2809af8033daa7faff78f18313.bin,[24]
3694,0315692528e023f08499712d9617f130d10565a5.bin,177,734,datacopy/UCSB/0315692528e023f08499712d9617f130d10565a5.bin,[24]
3695,612b1110902e6500dfe21a132a43f7c644cc5a11.bin,177,734,datacopy/UCSB/612b1110902e6500dfe21a132a43f7c644cc5a11.bin,[24]
3696,cfb10cdd90f84302b1999a1e8e54fb7e15811c65.bin,177,734,datacopy/UCSB/cfb10cdd90f84302b1999a1e8e54fb7e15811c65.bin,[24]
3697,d0e044c82dea89b8150a872c2db7e42fb02d81d9.bin,177,734,datacopy/UCSB/d0e044c82dea89b8150a872c2db7e42fb02d81d9.bin,[24]
3698,42684af828ddaaeecd2496f1e662e4f7ecb49785.bin,177,734,datacopy/UCSB/42684af828ddaaeecd2496f1e662e4f7ecb49785.bin,[24]
3699,5362c0c2b48fce59ed5e263260d97d2a349c85ce.bin,177,734,datacopy/UCSB/5362c0c2b48fce59ed5e263260d97d2a349c85ce.bin,[24]
3700,4e083e8e73c82ecf361c5a1a1f1945fd68d55f93.bin,177,734,datacopy/UCSB/4e083e8e73c82ecf361c5a1a1f1945fd68d55f93.bin,[24]
3701,22e87b077994c82f159838bc0fc8d8588eb093cf.bin,177,734,datacopy/UCSB/22e87b077994c82f159838bc0fc8d8588eb093cf.bin,[24]
3702,66779f6a4161a55cd2708be30b145c88830f7522.bin,177,734,datacopy/UCSB/66779f6a4161a55cd2708be30b145c88830f7522.bin,[24]
3703,69c4660c166a75a3bc04e1eba95ba919340323a1.bin,177,734,datacopy/UCSB/69c4660c166a75a3bc04e1eba95ba919340323a1.bin,[24]
3704,74f734402c07ac5d96f296f47fd41df5d470f4c8.bin,177,734,datacopy/UCSB/74f734402c07ac5d96f296f47fd41df5d470f4c8.bin,[24]
3705,46e429d8b6f0ddcf585daf42e2efa2e93257090d.bin,177,734,datacopy/UCSB/46e429d8b6f0ddcf585daf42e2efa2e93257090d.bin,[24]
3706,78c00dba5c2c056a66f35f5d4a7f4a9d1f903407.bin,177,734,datacopy/UCSB/78c00dba5c2c056a66f35f5d4a7f4a9d1f903407.bin,[24]
3707,46fc6d28b974375c46eb2029797219590a30e9a8.codex,177,734,datacopy/CodexGiga/46fc6d28b974375c46eb2029797219590a30e9a8.codex,[24]
3708,c01fbb52a7a188c4f7441a808b153a34ec753a2d.codex,177,734,datacopy/CodexGiga/c01fbb52a7a188c4f7441a808b153a34ec753a2d.codex,[24]
3709,043069bd51cb022722d0670c111e716a6e59142a.codex,177,734,datacopy/CodexGiga/043069bd51cb022722d0670c111e716a6e59142a.codex,[24]
3710,bd6d4ebd768f6e28d8806eb78cdda5996fa3bb9e.codex,177,734,datacopy/CodexGiga/bd6d4ebd768f6e28d8806eb78cdda5996fa3bb9e.codex,[24]
3711,d5cb16a7052cf52dee5760f4ab70478318500f4e4abf3eaaa4b3acbdbcc96762,177,734,datacopy/Stefano/d5cb16a7052cf52dee5760f4ab70478318500f4e4abf3eaaa4b3acbdbcc96762,[24]
3712,f37da6d0528605876afa819c6aeb1be4ef6eca24.bin,182,725,datacopy/UCSB/f37da6d0528605876afa819c6aeb1be4ef6eca24.bin,[7]
3713,77e7d986bf14fad0499c09144e8cbcf646a490cc.bin,182,725,datacopy/UCSB/77e7d986bf14fad0499c09144e8cbcf646a490cc.bin,[7]
3714,751c1b4b40f9d9cb7d5a78eacb4f9324bbed501a.bin,182,725,datacopy/UCSB/751c1b4b40f9d9cb7d5a78eacb4f9324bbed501a.bin,[7]
3715,e0fd8992a9a861571f5aa84c14a67beac4e7cbf0.bin,182,725,datacopy/UCSB/e0fd8992a9a861571f5aa84c14a67beac4e7cbf0.bin,[7]
3716,c859bffd13265955f2025518e9c2e6aa14966c40.bin,182,725,datacopy/UCSB/c859bffd13265955f2025518e9c2e6aa14966c40.bin,[7]
3717,e057df2060245f65258a5f48b0cb674b884d9db2.bin,182,725,datacopy/UCSB/e057df2060245f65258a5f48b0cb674b884d9db2.bin,[7]
3718,3154a9ae7f1e3a045441bc9fb8e91ebe62c78ec5.bin,182,725,datacopy/UCSB/3154a9ae7f1e3a045441bc9fb8e91ebe62c78ec5.bin,[7]
3719,89cd9049b9803b1d72f4dc14c77960f89ae03a3c.bin,182,725,datacopy/UCSB/89cd9049b9803b1d72f4dc14c77960f89ae03a3c.bin,[7]
3720,9f9723dd8608e39dad81c1bc2a9f9cd2e7f56430.bin,182,725,datacopy/UCSB/9f9723dd8608e39dad81c1bc2a9f9cd2e7f56430.bin,[7]
3721,899e07cd0c2b8904da7cc9eca0227de2980256bc.bin,182,725,datacopy/UCSB/899e07cd0c2b8904da7cc9eca0227de2980256bc.bin,[7]
3722,0fed9ece57c367e151a740cb06d0d7ef202084bd.bin,182,725,datacopy/UCSB/0fed9ece57c367e151a740cb06d0d7ef202084bd.bin,[7]
3723,b1b61293d2b8e6394598fabb7b3342acb07e3ef0.bin,182,725,datacopy/UCSB/b1b61293d2b8e6394598fabb7b3342acb07e3ef0.bin,[7]
3724,92fb1ceafa0250aa5dccb3f54c18703ae2887cd6.bin,182,725,datacopy/UCSB/92fb1ceafa0250aa5dccb3f54c18703ae2887cd6.bin,[7]
3725,6a2f5174dea4a6d53ff2332f5852b2eeb3b90603.bin,182,725,datacopy/UCSB/6a2f5174dea4a6d53ff2332f5852b2eeb3b90603.bin,[7]
3726,d1d444d2dac3f921f2f191fb9758f1c724425c60.bin,182,725,datacopy/UCSB/d1d444d2dac3f921f2f191fb9758f1c724425c60.bin,[7]
3727,5b43be3933cbdfb8cd27797b2deda9a5e0476517.bin,184,3,datacopy/UCSB/5b43be3933cbdfb8cd27797b2deda9a5e0476517.bin,"[3, 1, 111]"
3728,48ab4e603e19903e5883a04e2ea24997a490fed7.bin,184,3,datacopy/UCSB/48ab4e603e19903e5883a04e2ea24997a490fed7.bin,"[3, 1, 111]"
3729,c115dd210831906b6639f3762f3d3aba0a679622.bin,184,3,datacopy/UCSB/c115dd210831906b6639f3762f3d3aba0a679622.bin,"[3, 1, 111]"
3730,bc3051944e737a3e31ab4a48c680f658e9812cc1.bin,184,3,datacopy/UCSB/bc3051944e737a3e31ab4a48c680f658e9812cc1.bin,"[3, 1, 111]"
3731,8036d74f85cce8728ab30d4d243f9707ab18151f.bin,184,3,datacopy/UCSB/8036d74f85cce8728ab30d4d243f9707ab18151f.bin,"[3, 1, 111]"
3732,0fb4867997526d20c681491dea9769f1e5f7717f.bin,184,3,datacopy/UCSB/0fb4867997526d20c681491dea9769f1e5f7717f.bin,"[3, 1, 111]"
3733,93ef1a36d71273dd00be715366b0b353597fcdbe.bin,184,3,datacopy/UCSB/93ef1a36d71273dd00be715366b0b353597fcdbe.bin,"[3, 1, 111]"
3734,e3ed8a0c194f6e5555e0220a5e9db0d644e4cf64.bin,184,3,datacopy/UCSB/e3ed8a0c194f6e5555e0220a5e9db0d644e4cf64.bin,"[3, 1, 111]"
3735,623b1c1a2121f4226853efacf1b435ff44b32b21.bin,184,3,datacopy/UCSB/623b1c1a2121f4226853efacf1b435ff44b32b21.bin,"[3, 1, 111]"
3736,d6efafed96665be061fce4ad4ead9b657eec4c72.bin,184,3,datacopy/UCSB/d6efafed96665be061fce4ad4ead9b657eec4c72.bin,"[3, 1, 111]"
3737,6f8fd740db2f1c00a3b417ae64ea15f7bcf8b224.bin,184,3,datacopy/UCSB/6f8fd740db2f1c00a3b417ae64ea15f7bcf8b224.bin,"[3, 1, 111]"
3738,2690bb02223430aac4e7b2eebe36922afa56bb98.bin,184,3,datacopy/UCSB/2690bb02223430aac4e7b2eebe36922afa56bb98.bin,"[3, 1, 111]"
3739,95b7ec3981939ab467bfeca048789d00ab4eaea0.bin,184,3,datacopy/UCSB/95b7ec3981939ab467bfeca048789d00ab4eaea0.bin,"[3, 1, 111]"
3740,273063d3a993f8519b51f5954c4e262c1b77bee5.bin,184,3,datacopy/UCSB/273063d3a993f8519b51f5954c4e262c1b77bee5.bin,"[3, 1, 111]"
3741,d31bbc68ffb16cb6cd6c0e0943ca6b2d2b777fb0.bin,184,3,datacopy/UCSB/d31bbc68ffb16cb6cd6c0e0943ca6b2d2b777fb0.bin,"[3, 1, 111]"
3742,8284ea5c20d5845f026ac4db15e47b531796656a.bin,184,3,datacopy/UCSB/8284ea5c20d5845f026ac4db15e47b531796656a.bin,"[3, 1, 111]"
3743,294e6e0b115f88405ac33cc6fb7de63be1ed5983.bin,184,3,datacopy/UCSB/294e6e0b115f88405ac33cc6fb7de63be1ed5983.bin,"[3, 1, 111]"
3744,856f8078f112c4df156ed241f797354c3e24074f.bin,184,3,datacopy/UCSB/856f8078f112c4df156ed241f797354c3e24074f.bin,"[3, 1, 111]"
3745,0db184d7d27beca4cdec55c248fe04a7580e6811.bin,184,3,datacopy/UCSB/0db184d7d27beca4cdec55c248fe04a7580e6811.bin,"[3, 1, 111]"
3746,7a26d29ae4da164fb7951a02e1b7d7f9e20448b1.bin,184,3,datacopy/UCSB/7a26d29ae4da164fb7951a02e1b7d7f9e20448b1.bin,"[3, 1, 111]"
3747,24e97a98b45a412d21ae98a432ed18c2832bbc90.bin,184,3,datacopy/UCSB/24e97a98b45a412d21ae98a432ed18c2832bbc90.bin,"[3, 1, 111]"
3748,dd36c620f48400e98b0810f720db8c22557a8e44.bin,184,3,datacopy/UCSB/dd36c620f48400e98b0810f720db8c22557a8e44.bin,"[3, 1, 111]"
3749,141bc96b925b2f1f75ac4c06de449906874a3c29.bin,184,3,datacopy/UCSB/141bc96b925b2f1f75ac4c06de449906874a3c29.bin,"[3, 1, 111]"
3750,b547c2db4b43ec44b20c1fa971918d20a857243e.bin,184,1531,datacopy/UCSB/b547c2db4b43ec44b20c1fa971918d20a857243e.bin,"[3, 1, 111]"
3751,f1e2d5090a88941b7610c9d71bf60c1f12edeb26.bin,184,3,datacopy/UCSB/f1e2d5090a88941b7610c9d71bf60c1f12edeb26.bin,"[3, 1, 111]"
3752,b4e189470f19b0e3103194d1f4cf362171a6830c.bin,184,3,datacopy/UCSB/b4e189470f19b0e3103194d1f4cf362171a6830c.bin,"[3, 1, 111]"
3753,c8d94fb1c281f97c9357a3174b3e2200e99cd31a.bin,184,3,datacopy/UCSB/c8d94fb1c281f97c9357a3174b3e2200e99cd31a.bin,"[3, 1, 111]"
3754,3e09bbe1f39ea3cb3055e72497bc6a861f2951ec.bin,184,3,datacopy/UCSB/3e09bbe1f39ea3cb3055e72497bc6a861f2951ec.bin,"[3, 1, 111]"
3755,ce38004befa7b8a8c47edba2063e71c6857f81fb.bin,184,3,datacopy/UCSB/ce38004befa7b8a8c47edba2063e71c6857f81fb.bin,"[3, 1, 111]"
3756,d75683d27e67622c716c52bb1a03c9473d00be49.bin,184,3,datacopy/UCSB/d75683d27e67622c716c52bb1a03c9473d00be49.bin,"[3, 1, 111]"
3757,ccde666e647b54308a8463a0faad91ea1f1c2c0d.bin,184,3,datacopy/UCSB/ccde666e647b54308a8463a0faad91ea1f1c2c0d.bin,"[3, 1, 111]"
3758,9517811b33ed96c8230bc40b0101eea459f681c5.bin,184,3,datacopy/UCSB/9517811b33ed96c8230bc40b0101eea459f681c5.bin,"[3, 1, 111]"
3759,e069b824a445203de50a50bc0da9cc2a4e541ecb.bin,184,3,datacopy/UCSB/e069b824a445203de50a50bc0da9cc2a4e541ecb.bin,"[3, 1, 111]"
3760,9580b0a3129541c5fbc689c5d1e1c97cf3eaf4f9.bin,184,3,datacopy/UCSB/9580b0a3129541c5fbc689c5d1e1c97cf3eaf4f9.bin,"[3, 1, 111]"
3761,43235cd225065716634f836d186b48a053ce37d7.bin,184,1531,datacopy/UCSB/43235cd225065716634f836d186b48a053ce37d7.bin,"[3, 1, 111]"
3762,ac2c7968f6500508963480c9baf82ec292581ad6.bin,184,3,datacopy/UCSB/ac2c7968f6500508963480c9baf82ec292581ad6.bin,"[3, 1, 111]"
3763,73b8fc21451cd85a3dede01ea7b556aea8b3db02.bin,184,3,datacopy/UCSB/73b8fc21451cd85a3dede01ea7b556aea8b3db02.bin,"[3, 1, 111]"
3764,996b0abbcfefe2e1c1a239236658512b34e7e740.bin,184,3,datacopy/UCSB/996b0abbcfefe2e1c1a239236658512b34e7e740.bin,"[3, 1, 111]"
3765,13a155ab2478fc4270035c0c48876c7c5ed2ed41.bin,184,3,datacopy/UCSB/13a155ab2478fc4270035c0c48876c7c5ed2ed41.bin,"[3, 1, 111]"
3766,dc190bf7c95c0b7b043cd5629e28d8aea80a1e5b.bin,184,3,datacopy/UCSB/dc190bf7c95c0b7b043cd5629e28d8aea80a1e5b.bin,"[3, 1, 111]"
3767,b19aa312817a0933aef95c33b2e0b45b0915d9ae.bin,184,3,datacopy/UCSB/b19aa312817a0933aef95c33b2e0b45b0915d9ae.bin,"[3, 1, 111]"
3768,588305123d9ad66dca145cb060ca72c9f3064aed.bin,184,3,datacopy/UCSB/588305123d9ad66dca145cb060ca72c9f3064aed.bin,"[3, 1, 111]"
3769,01d10ca0828040e5f583a2e43f74e33637c7dfe6.bin,184,3,datacopy/UCSB/01d10ca0828040e5f583a2e43f74e33637c7dfe6.bin,"[3, 1, 111]"
3770,15f6acb476b461a0a38e376ab42d9fd784e6c4f0.bin,184,50,datacopy/UCSB/15f6acb476b461a0a38e376ab42d9fd784e6c4f0.bin,"[3, 1, 111]"
3771,0aafb7be8ad946f58053429417380864d008d50e.bin,184,3,datacopy/UCSB/0aafb7be8ad946f58053429417380864d008d50e.bin,"[3, 1, 111]"
3772,c05a9a690c3a28c527f21b167f20f163d135a46f.bin,184,3,datacopy/UCSB/c05a9a690c3a28c527f21b167f20f163d135a46f.bin,"[3, 1, 111]"
3773,b361a99e68582ab554980574850a612e7b9e8b49.bin,184,3,datacopy/UCSB/b361a99e68582ab554980574850a612e7b9e8b49.bin,"[3, 1, 111]"
3774,21d877d5d6eb1e45b420ca522d0716f5d5730a98.bin,184,3,datacopy/UCSB/21d877d5d6eb1e45b420ca522d0716f5d5730a98.bin,"[3, 1, 111]"
3775,f0ccadfe9335218d40a7cd1c0e901edfb3c053f9.bin,184,3,datacopy/UCSB/f0ccadfe9335218d40a7cd1c0e901edfb3c053f9.bin,"[3, 1, 111]"
3776,fd7a313f2cd1989f86644f9d0a986eeaea4e673c.bin,184,3,datacopy/UCSB/fd7a313f2cd1989f86644f9d0a986eeaea4e673c.bin,"[3, 1, 111]"
3777,01287fe8a16961b10a82e4a23b7954fd50a111e8.bin,184,3,datacopy/UCSB/01287fe8a16961b10a82e4a23b7954fd50a111e8.bin,"[3, 1, 111]"
3778,75569b0f42ea8834c973414f63893843e883a98d.bin,184,3,datacopy/UCSB/75569b0f42ea8834c973414f63893843e883a98d.bin,"[3, 1, 111]"
3779,a92aeadd5b7b8972ec1f1587cb8c3e9dd63d8e84.bin,184,3,datacopy/UCSB/a92aeadd5b7b8972ec1f1587cb8c3e9dd63d8e84.bin,"[3, 1, 111]"
3780,38d17880f25100e08c2244ddbd1b994d80802ef1.bin,184,3,datacopy/UCSB/38d17880f25100e08c2244ddbd1b994d80802ef1.bin,"[3, 1, 111]"
3781,1f6b1453a77ed68fbfd8136572f21b3a9a5a21e8.bin,184,3,datacopy/UCSB/1f6b1453a77ed68fbfd8136572f21b3a9a5a21e8.bin,"[3, 1, 111]"
3782,100e0d6c4f64b37fec5a429897cfe2390e8a7df3.bin,184,3,datacopy/UCSB/100e0d6c4f64b37fec5a429897cfe2390e8a7df3.bin,"[3, 1, 111]"
3783,2ad429ed5d23dcc0ee4b9d83562d4df2e27e6887.bin,184,3,datacopy/UCSB/2ad429ed5d23dcc0ee4b9d83562d4df2e27e6887.bin,"[3, 1, 111]"
3784,0a40ae1f7612b57e2726cce2ba782121f502467a.bin,184,3,datacopy/UCSB/0a40ae1f7612b57e2726cce2ba782121f502467a.bin,"[3, 1, 111]"
3785,eea396a783da3a2081316dce3f72c1b973283e0996eca2a28c12676bef6998a3,184,3,datacopy/Stefano/eea396a783da3a2081316dce3f72c1b973283e0996eca2a28c12676bef6998a3,"[3, 1, 111]"
3786,55860b7f7785ff88bef29355a4ef8ed837f3385b.bin,187,1586,datacopy/UCSB/55860b7f7785ff88bef29355a4ef8ed837f3385b.bin,[1]
3787,4035c7a1bf567fa03586c01aa80f0361c2ba8492.bin,187,1586,datacopy/UCSB/4035c7a1bf567fa03586c01aa80f0361c2ba8492.bin,[1]
3788,7e8b6439634ae8f8a4de124ee34b706d931ffebe.bin,187,1586,datacopy/UCSB/7e8b6439634ae8f8a4de124ee34b706d931ffebe.bin,[1]
3789,bf465b796c9813886839b1f838830668a4510e5a.bin,187,1586,datacopy/UCSB/bf465b796c9813886839b1f838830668a4510e5a.bin,[1]
3790,eff2979195391ea23aad05d59181dda55d030490.bin,188,1289,datacopy/UCSB/eff2979195391ea23aad05d59181dda55d030490.bin,[1]
3791,d0bddcd3dcfa0b5b49035aab624859353eda6a20.bin,188,1289,datacopy/UCSB/d0bddcd3dcfa0b5b49035aab624859353eda6a20.bin,[1]
3792,6388baf0be47bead54cdf816b1f6f4e5c68af6ef.bin,188,1289,datacopy/UCSB/6388baf0be47bead54cdf816b1f6f4e5c68af6ef.bin,[1]
3793,678697357654f5ac02840b35d96b9d9d2a1b9e08.bin,188,1289,datacopy/UCSB/678697357654f5ac02840b35d96b9d9d2a1b9e08.bin,[1]
3794,f9896a8d70324b7133deb03f05dd15684aae186f.bin,188,1289,datacopy/UCSB/f9896a8d70324b7133deb03f05dd15684aae186f.bin,[1]
3795,bccdb7e3f8a9ea01d6edd6e4a2ea5825bce7988b.bin,188,1289,datacopy/UCSB/bccdb7e3f8a9ea01d6edd6e4a2ea5825bce7988b.bin,[1]
3796,c29d791252010a0e62745151fbdb179269bd9b62.bin,188,1289,datacopy/UCSB/c29d791252010a0e62745151fbdb179269bd9b62.bin,[1]
3797,db0ea5ce251e2da19c38f5b07640043e7ceac7d8.bin,188,1289,datacopy/UCSB/db0ea5ce251e2da19c38f5b07640043e7ceac7d8.bin,[1]
3798,8a2be97603a6fae6588cc4c2ebc3795d293e0c72.bin,188,1289,datacopy/UCSB/8a2be97603a6fae6588cc4c2ebc3795d293e0c72.bin,[1]
3799,92db4ee07b52f377790d0aef15cb805137798192.bin,188,1289,datacopy/UCSB/92db4ee07b52f377790d0aef15cb805137798192.bin,[1]
3800,acf41e122dd4f1de1b288058d53d804617363031.bin,188,1289,datacopy/UCSB/acf41e122dd4f1de1b288058d53d804617363031.bin,[1]
3801,a1f4308ba23314097642335e660679de4c411e7f.bin,200,758,datacopy/UCSB/a1f4308ba23314097642335e660679de4c411e7f.bin,[1]
3802,90fc1ad9350b4b051eca6572f7ab228bb401aeea.bin,200,758,datacopy/UCSB/90fc1ad9350b4b051eca6572f7ab228bb401aeea.bin,[1]
3803,16647c72fe4f9d9129fe6eb951e593b084eff38b.bin,200,758,datacopy/UCSB/16647c72fe4f9d9129fe6eb951e593b084eff38b.bin,[1]
3804,eff5e1174388da0a7c3c19dcc19e16299ca035cd.bin,200,758,datacopy/UCSB/eff5e1174388da0a7c3c19dcc19e16299ca035cd.bin,[1]
3805,1bdfac359b926cf0da543a61e01c4c3f1245b49a.bin,200,758,datacopy/UCSB/1bdfac359b926cf0da543a61e01c4c3f1245b49a.bin,[1]
3806,14202b33f6a00d4d760f8f067abd53c02a810715.bin,200,758,datacopy/UCSB/14202b33f6a00d4d760f8f067abd53c02a810715.bin,[1]
3807,b44576e005b40dd07ac84c9ccfc0102abf012d63.bin,200,758,datacopy/UCSB/b44576e005b40dd07ac84c9ccfc0102abf012d63.bin,[1]
3808,0fe1b0cd1581e79e8e12065b102d0d73ad6788b4.bin,200,758,datacopy/UCSB/0fe1b0cd1581e79e8e12065b102d0d73ad6788b4.bin,[1]
3809,0de641f77e2044678010348ed06fee9340a341bd.bin,200,758,datacopy/UCSB/0de641f77e2044678010348ed06fee9340a341bd.bin,[1]
3810,0d5b01b7311dc19d22b9418658dc59241536fa26.bin,200,758,datacopy/UCSB/0d5b01b7311dc19d22b9418658dc59241536fa26.bin,[1]
3811,ef83a3275f876873de6986d6decc4aa4f611894f.bin,200,758,datacopy/UCSB/ef83a3275f876873de6986d6decc4aa4f611894f.bin,[1]
3812,770c511bd4ebf7e9dec0ab0d85a313ceeb221afc.bin,200,758,datacopy/UCSB/770c511bd4ebf7e9dec0ab0d85a313ceeb221afc.bin,[1]
3813,b3a310c62632e25be611e08685cdf10c84ec722b.bin,206,194,datacopy/UCSB/b3a310c62632e25be611e08685cdf10c84ec722b.bin,"[15, 2]"
3814,layer17x32x64_mssd_aaa_aih.exe,206,2,datacopy/BB/Files/2015-12-08/layer17x32x64_mssd_aaa_aih.exe,"[15, 2]"
3815,Orcamento-Documento-ID-29120392993849000039402910002934049400000000.com,206,2,datacopy/BB/Files/2015-04-28/Orcamento-Documento-ID-29120392993849000039402910002934049400000000.com,"[15, 2]"
3816,RastreamentoCorreios.exe,206,2,datacopy/BB/Files/2015-04-28/RastreamentoCorreios.exe,"[15, 2]"
3817,AnexoComprovante.exe,206,2,datacopy/BB/Files/2015-10-01/AnexoComprovante.exe,"[15, 2]"
3818,Boleto002580.exe,206,2,datacopy/BB/Files/2015-10-01/Boleto002580.exe,"[15, 2]"
3819,OrÃ§amento__PDF.exe,206,2,datacopy/BB/Files/2015-09-16/OrÃ§amento__PDF.exe,"[15, 2]"
3820,Boletoemissor2109.exe,206,2,datacopy/BB/Files/2015-09-17/Boletoemissor2109.exe,"[15, 2]"
3821,Receitanet_IRPF.exe,206,2,datacopy/BB/Files/2015-09-29/Receitanet_IRPF.exe,"[15, 2]"
3822,Intimacao_MPF_2015_221460.exe,206,2,datacopy/BB/Files/2015-05-14/Intimacao_MPF_2015_221460.exe,"[15, 2]"
3823,AUDIOPATRICIA.scr,206,2,datacopy/BB/Files/2015-05-14/AUDIOPATRICIA.scr,"[15, 2]"
3824,whattsapp-video9873873987397jihd9873df.exe,206,2,datacopy/BB/Files/2015-04-20/whattsapp-video9873873987397jihd9873df.exe,"[15, 2]"
3825,Itau-Personalite-TED-Ricardosilva.exe,206,2,datacopy/BB/Files/2015-04-20/Itau-Personalite-TED-Ricardosilva.exe,"[15, 2]"
3826,Compronvante.exe,206,2,datacopy/BB/Files/2015-04-20/Compronvante.exe,"[15, 2]"
3827,OW9Gb28_e_download_cli_Cliente.exe,206,2,datacopy/BB/Files/2015-04-20/OW9Gb28_e_download_cli_Cliente.exe,"[15, 2]"
3828,Video-whats-zapp-disponivel.exe,206,2,datacopy/BB/Files/2015-04-20/Video-whats-zapp-disponivel.exe,"[15, 2]"
3829,Comprovante-TED-415248-85377174000120.exe,206,2,datacopy/BB/Files/2015-04-20/Comprovante-TED-415248-85377174000120.exe,"[15, 2]"
3830,0BwYJs4h_ovFFLTBVZDZGa0J1Z28_e_download.exe,206,2,datacopy/BB/Files/2015-04-20/0BwYJs4h_ovFFLTBVZDZGa0J1Z28_e_download.exe,"[15, 2]"
3831,ProtestoAbril.doc.exe,206,2,datacopy/BB/Files/2015-04-16/ProtestoAbril.doc.exe,"[15, 2]"
3832,FOTOS20122.exe,206,2,datacopy/BB/Files/2015-04-16/FOTOS20122.exe,"[15, 2]"
3833,Acordo4578.exe,206,2,datacopy/BB/Files/2015-11-17/Acordo4578.exe,"[15, 2]"
3834,comprovante_deposito102015.exe,206,2,datacopy/BB/Files/2015-10-20/comprovante_deposito102015.exe,"[15, 2]"
3835,BrunaLonbarde.exe,206,2,datacopy/BB/Files/2015-10-20/BrunaLonbarde.exe,"[15, 2]"
3836,2via_NotaFiscal_Danfe.exe,206,2,datacopy/BB/Files/2017-06-23/2via_NotaFiscal_Danfe.exe,"[15, 2]"
3837,CurriculumDaniele.exe,206,2,datacopy/BB/Files/2015-10-23/CurriculumDaniele.exe,"[15, 2]"
3838,Orcamentofinalizado_setembro.exe,206,2,datacopy/BB/Files/2015-09-15/Orcamentofinalizado_setembro.exe,"[15, 2]"
3839,bol_09112015.zip.exe,206,2,datacopy/BB/Files/2015-11-11/bol_09112015.zip.exe,"[15, 2]"
3840,010101010929202.exe,206,2,datacopy/BB/Files/2015-11-06/010101010929202.exe,"[15, 2]"
3841,Curriculun_AnaPaula_Ferreira2.exe,206,2,datacopy/BB/Files/2015-04-17/Curriculun_AnaPaula_Ferreira2.exe,"[15, 2]"
3842,comprovante.PDF.exe,206,2,datacopy/BB/Files/2015-05-13/comprovante.PDF.exe,"[15, 2]"
3843,doc_6541245.exe,206,2,datacopy/BB/Files/2015-04-23/doc_6541245.exe,"[15, 2]"
3844,Install_WhatsApp.exe,206,2,datacopy/BB/Files/2015-04-23/Install_WhatsApp.exe,"[15, 2]"
3845,curriculum_vitae.exe,206,2,datacopy/BB/Files/2015-04-23/curriculum_vitae.exe,"[15, 2]"
3846,Comprovante_de_transferencia_21_05.pdf.exe,206,2,datacopy/BB/Files/2015-05-21/Comprovante_de_transferencia_21_05.pdf.exe,"[15, 2]"
3847,Intimacao_MPF-2015_17_09.exe,206,2,datacopy/BB/Files/2015-09-18/Intimacao_MPF-2015_17_09.exe,"[15, 2]"
3848,debitosvencido_s3382718br92.exe,206,2,datacopy/BB/Files/2015-10-07/debitosvencido_s3382718br92.exe,"[15, 2]"
3849,AnneBatista.exe,206,2,datacopy/BB/Files/2015-10-07/AnneBatista.exe,"[15, 2]"
3850,2via_NotaFiscal_Danfe.exe,206,2,datacopy/BB/Files/2017-06-23/2via_NotaFiscal_Danfe.exe,"[15, 2]"
3851,Extrato__PDF.exe,206,2,datacopy/BB/Files/2015-09-23/Extrato__PDF.exe,"[15, 2]"
3852,Pendencia-Maio.exe,206,2,datacopy/BB/Files/2015-05-05/Pendencia-Maio.exe,"[15, 2]"
3853,NOTAFISCAL.PDF.exe,206,2,datacopy/BB/Files/2015-05-05/NOTAFISCAL.PDF.exe,"[15, 2]"
3854,X-Videos.exe,206,2,datacopy/BB/Files/2015-10-19/X-Videos.exe,"[15, 2]"
3855,Documento-de-Intimacao-0060879800502020000160500005689150000040504580200000.com,206,2,datacopy/BB/Files/2015-04-27/Documento-de-Intimacao-0060879800502020000160500005689150000040504580200000.com,"[15, 2]"
3856,ASSESSORIA-JH03262NERHUER67349MLO22353544534KHFJH03262NERHUER67349MLO22353544534KHFJH03262NERHUER67349MLO22353544534KHF.exe,206,2,datacopy/BB/Files/2015-04-27/ASSESSORIA-JH03262NERHUER67349MLO22353544534KHFJH03262NERHUER67349MLO22353544534KHFJH03262NERHUER67349MLO22353544534KHF.exe,"[15, 2]"
3857,3a2f63c892edd69ad4e2f62642805f11bb02f9fd.bin,207,1520,datacopy/UCSB/3a2f63c892edd69ad4e2f62642805f11bb02f9fd.bin,[6]
3858,3b6fc28ace25b8684df4159fdf1f0b5601b50053.bin,207,1520,datacopy/UCSB/3b6fc28ace25b8684df4159fdf1f0b5601b50053.bin,[6]
3859,d988a919a909807a5569b8a233aa6eeeddacf51a.bin,207,1520,datacopy/UCSB/d988a919a909807a5569b8a233aa6eeeddacf51a.bin,[6]
3860,900998f211875997198a2fb61a36faa76ee59bd6.bin,207,1520,datacopy/UCSB/900998f211875997198a2fb61a36faa76ee59bd6.bin,[6]
3861,7a68ee0aefb96ea1ebde0bba71f4416b31c3e130.bin,207,1520,datacopy/UCSB/7a68ee0aefb96ea1ebde0bba71f4416b31c3e130.bin,[6]
3862,40d51a57daa783bdc6e3b2699b6a8d208e5edc1e.bin,207,1520,datacopy/UCSB/40d51a57daa783bdc6e3b2699b6a8d208e5edc1e.bin,[6]
3863,e1b77932fc505d3e65b3395ad592d04fce22d9ca.bin,207,1520,datacopy/UCSB/e1b77932fc505d3e65b3395ad592d04fce22d9ca.bin,[6]
3864,03cb9536a6b6b527f646874f19da38edf9ae6ebb.bin,207,1520,datacopy/UCSB/03cb9536a6b6b527f646874f19da38edf9ae6ebb.bin,[6]
3865,ac68b693636f0e57e4d5cc295a397726b79d1401.bin,207,1520,datacopy/UCSB/ac68b693636f0e57e4d5cc295a397726b79d1401.bin,[6]
3866,06649417dd620e3ef75819bd2d9d335717719eb6.bin,208,1160,datacopy/UCSB/06649417dd620e3ef75819bd2d9d335717719eb6.bin,[7]
3867,1f99dd88344b4c847300af271517895a6d97bf6e.bin,208,1160,datacopy/UCSB/1f99dd88344b4c847300af271517895a6d97bf6e.bin,[7]
3868,98cdf20995fc695985c2c1f043455453a53ea402.bin,208,1160,datacopy/UCSB/98cdf20995fc695985c2c1f043455453a53ea402.bin,[7]
3869,ce753c3b6fa618729c908280abe3c414bb4830af.bin,208,1160,datacopy/UCSB/ce753c3b6fa618729c908280abe3c414bb4830af.bin,[7]
3870,f16f324c9144b5aecd09154d436c38d688427e3b.bin,208,1160,datacopy/UCSB/f16f324c9144b5aecd09154d436c38d688427e3b.bin,[7]
3871,984a0f6071e2ac09cb29dd1909e43df510f51ccb.bin,208,1160,datacopy/UCSB/984a0f6071e2ac09cb29dd1909e43df510f51ccb.bin,[7]
3872,25b1817da2483a29421b6993a7b536e8f81df9af.bin,208,1160,datacopy/UCSB/25b1817da2483a29421b6993a7b536e8f81df9af.bin,[7]
3873,5fc1550668d4872a8f7a9af1d89b49c9203592d1.bin,208,1160,datacopy/UCSB/5fc1550668d4872a8f7a9af1d89b49c9203592d1.bin,[7]
3874,7f7697a7c18bfcb84f82742342880e485c5bca59.bin,208,1160,datacopy/UCSB/7f7697a7c18bfcb84f82742342880e485c5bca59.bin,[7]
3875,6906c45a48df38b6c6be6a4b8f293bf72ee9f6ba.bin,208,1160,datacopy/UCSB/6906c45a48df38b6c6be6a4b8f293bf72ee9f6ba.bin,[7]
3876,149ad2d9b80a048a753f6e2456a611ef54ced699.bin,208,1160,datacopy/UCSB/149ad2d9b80a048a753f6e2456a611ef54ced699.bin,[7]
3877,c5dd0e9de85862a18bf0371a325f02bcdf82b76d.bin,208,1160,datacopy/UCSB/c5dd0e9de85862a18bf0371a325f02bcdf82b76d.bin,[7]
3878,595e294fedb5756e3258ad92d1de9f43bc87e448.bin,208,1160,datacopy/UCSB/595e294fedb5756e3258ad92d1de9f43bc87e448.bin,[7]
3879,1db24a69d6d9b45cbe495fb5b5048ae7c3c629e2.bin,209,341,datacopy/UCSB/1db24a69d6d9b45cbe495fb5b5048ae7c3c629e2.bin,"[1, 10]"
3880,760c1466a8692be40614a3a21c6b5897be764ef1.bin,209,167,datacopy/UCSB/760c1466a8692be40614a3a21c6b5897be764ef1.bin,"[1, 10]"
3881,6817fc5b8ca9c1c0362c15200affc290d33dd5e5.bin,209,167,datacopy/UCSB/6817fc5b8ca9c1c0362c15200affc290d33dd5e5.bin,"[1, 10]"
3882,14dac6780c71e45a041f74fe15b3e446f19fa7cb.bin,209,167,datacopy/UCSB/14dac6780c71e45a041f74fe15b3e446f19fa7cb.bin,"[1, 10]"
3883,7300022a06d418f4f97ace81bebc1a06acafadc1.bin,218,124,datacopy/UCSB/7300022a06d418f4f97ace81bebc1a06acafadc1.bin,"[9, 3, 2, 1, 1, 1, 4, 286, 437]"
3884,d9ac6f3b27c94c0d166429813fbbc66bda1acd3e.bin,218,3,datacopy/UCSB/d9ac6f3b27c94c0d166429813fbbc66bda1acd3e.bin,"[9, 3, 2, 1, 1, 1, 4, 286, 437]"
3885,d0d69b0783a5905bc1d7c9ed1e1996179ce009a7.codex,218,3,datacopy/CodexGiga/d0d69b0783a5905bc1d7c9ed1e1996179ce009a7.codex,"[9, 3, 2, 1, 1, 1, 4, 286, 437]"
3886,153CFB27.exe,218,3,datacopy/BB/Files/2013-11-13/153CFB27.exe,"[9, 3, 2, 1, 1, 1, 4, 286, 437]"
3887,wimplayer.exe,218,3,datacopy/BB/Files/2014-03-20/wimplayer.exe,"[9, 3, 2, 1, 1, 1, 4, 286, 437]"
3888,Comprovante-A.G.U7834933.exe,218,2,datacopy/BB/Files/2013-08-20/Comprovante-A.G.U7834933.exe,"[9, 3, 2, 1, 1, 1, 4, 286, 437]"
3889,thc6.2.exe,218,3,datacopy/BB/Files/2014-10-30/thc6.2.exe,"[9, 3, 2, 1, 1, 1, 4, 286, 437]"
3890,Sis.exe,218,3,datacopy/BB/Files/2014-10-30/Sis.exe,"[9, 3, 2, 1, 1, 1, 4, 286, 437]"
3891,xzre2alv.exe,218,3,datacopy/BB/Files/2015-08-12/xzre2alv.exe,"[9, 3, 2, 1, 1, 1, 4, 286, 437]"
3892,b2yxKAyxVL.exe,218,3,datacopy/BB/Files/2015-07-27/b2yxKAyxVL.exe,"[9, 3, 2, 1, 1, 1, 4, 286, 437]"
3893,C54785943.exe,218,143,datacopy/BB/Files/2013-02-18/C54785943.exe,"[9, 3, 2, 1, 1, 1, 4, 286, 437]"
3894,7cf11a13.exe,218,27,datacopy/BB/Files/2014-08-29/7cf11a13.exe,"[9, 3, 2, 1, 1, 1, 4, 286, 437]"
3895,prime.exe,218,206,datacopy/BB/Files/2015-07-01/prime.exe,"[9, 3, 2, 1, 1, 1, 4, 286, 437]"
3896,dgBLs.exe,218,217,datacopy/BB/Files/2014-11-10/dgBLs.exe,"[9, 3, 2, 1, 1, 1, 4, 286, 437]"
3897,convadobe.exe,218,3,datacopy/BB/Files/2014-05-20/convadobe.exe,"[9, 3, 2, 1, 1, 1, 4, 286, 437]"
3898,Consulta-9456.exe,218,143,datacopy/BB/Files/2013-02-15/Consulta-9456.exe,"[9, 3, 2, 1, 1, 1, 4, 286, 437]"
3899,P6TOcUUVYDPe.exe,218,27,datacopy/BB/Files/2015-01-06/P6TOcUUVYDPe.exe,"[9, 3, 2, 1, 1, 1, 4, 286, 437]"
3900,tSRzD.exe,218,27,datacopy/BB/Files/2015-01-05/tSRzD.exe,"[9, 3, 2, 1, 1, 1, 4, 286, 437]"
3901,SBH82qTuf9Ao.exe,218,27,datacopy/BB/Files/2015-01-08/SBH82qTuf9Ao.exe,"[9, 3, 2, 1, 1, 1, 4, 286, 437]"
3902,aew4e56t7y.exe,218,3,datacopy/BB/Files/2015-05-14/aew4e56t7y.exe,"[9, 3, 2, 1, 1, 1, 4, 286, 437]"
3903,audiologs.exe,218,206,datacopy/BB/Files/2015-06-11/audiologs.exe,"[9, 3, 2, 1, 1, 1, 4, 286, 437]"
3904,adxr5tty7.exe,218,3,datacopy/BB/Files/2015-05-26/adxr5tty7.exe,"[9, 3, 2, 1, 1, 1, 4, 286, 437]"
3905,0072_19896_directDownload_true.exe,218,38,datacopy/BB/Files/2014-09-22/0072_19896_directDownload_true.exe,"[9, 3, 2, 1, 1, 1, 4, 286, 437]"
3906,pdfBD.exe,218,3,datacopy/BB/Files/2013-08-15/pdfBD.exe,"[9, 3, 2, 1, 1, 1, 4, 286, 437]"
3907,swde54r65t7y7u.exe,218,3,datacopy/BB/Files/2015-01-30/swde54r65t7y7u.exe,"[9, 3, 2, 1, 1, 1, 4, 286, 437]"
3908,E23R45T45.exe,218,3,datacopy/BB/Files/2014-10-23/E23R45T45.exe,"[9, 3, 2, 1, 1, 1, 4, 286, 437]"
3909,awe4rt5ty.exe,218,206,datacopy/BB/Files/2015-05-25/awe4rt5ty.exe,"[9, 3, 2, 1, 1, 1, 4, 286, 437]"
3910,b456ugfdg.exe,218,206,datacopy/BB/Files/2015-05-20/b456ugfdg.exe,"[9, 3, 2, 1, 1, 1, 4, 286, 437]"
3911,Comprovante_Estorno.exe,218,3,datacopy/BB/Files/2015-08-06/Comprovante_Estorno.exe,"[9, 3, 2, 1, 1, 1, 4, 286, 437]"
3912,002729.exe,218,143,datacopy/BB/Files/2013-02-22/002729.exe,"[9, 3, 2, 1, 1, 1, 4, 286, 437]"
3913,i4ln6wKslQ.exe,218,206,datacopy/BB/Files/2015-06-30/i4ln6wKslQ.exe,"[9, 3, 2, 1, 1, 1, 4, 286, 437]"
3914,bsertyu.exe,218,3,datacopy/BB/Files/2015-06-29/bsertyu.exe,"[9, 3, 2, 1, 1, 1, 4, 286, 437]"
3915,winplayer.exe,218,3,datacopy/BB/Files/2014-02-12/winplayer.exe,"[9, 3, 2, 1, 1, 1, 4, 286, 437]"
3916,Pendencias-PDF.exe,218,2,datacopy/BB/Files/2014-02-18/Pendencias-PDF.exe,"[9, 3, 2, 1, 1, 1, 4, 286, 437]"
3917,3W4EF56G7.exe,218,217,datacopy/BB/Files/2014-10-20/3W4EF56G7.exe,"[9, 3, 2, 1, 1, 1, 4, 286, 437]"
3918,aren.exe,218,3,datacopy/BB/Files/2014-05-13/aren.exe,"[9, 3, 2, 1, 1, 1, 4, 286, 437]"
3919,vvvvvvv_.exe,218,98,datacopy/BB/Files/2013-10-31/vvvvvvv_.exe,"[9, 3, 2, 1, 1, 1, 4, 286, 437]"
3920,Inclusao_Cadastro_Devedores.exe,218,2,datacopy/BB/Files/2013-08-30/Inclusao_Cadastro_Devedores.exe,"[9, 3, 2, 1, 1, 1, 4, 286, 437]"
3921,9a3a9999ea67587377a91a65739d329cfa81240d0e0ee976013bbb7e5cd8c736,218,3,datacopy/Stefano/9a3a9999ea67587377a91a65739d329cfa81240d0e0ee976013bbb7e5cd8c736,"[9, 3, 2, 1, 1, 1, 4, 286, 437]"
3922,4e1bdda731c4780f1d54619da8928f24b9b819ff.bin,222,1149,datacopy/UCSB.JP/data_feed.geo_japan_6m_public_flag/4/e/1/4e1bdda731c4780f1d54619da8928f24b9b819ff.bin,[1]
3923,b2a42da969f828431a8af2c581eb44f5a509a63d.bin,222,1149,datacopy/UCSB/b2a42da969f828431a8af2c581eb44f5a509a63d.bin,[1]
3924,63099a2872c4ea1184c8b6f9aa2228c685e6c100.bin,222,1149,datacopy/UCSB/63099a2872c4ea1184c8b6f9aa2228c685e6c100.bin,[1]
3925,6adda23c54e6658a81a6c9c58347d704c80b2f4d.bin,222,1149,datacopy/UCSB/6adda23c54e6658a81a6c9c58347d704c80b2f4d.bin,[1]
3926,c0940b0b705fa84e4ad3b42af9149d410a46ed8f.bin,222,1149,datacopy/UCSB/c0940b0b705fa84e4ad3b42af9149d410a46ed8f.bin,[1]
3927,e9df62d8321def78c5ff1bc162b4840c8e539430.bin,222,1149,datacopy/UCSB/e9df62d8321def78c5ff1bc162b4840c8e539430.bin,[1]
3928,c2b5742021581f93f85eb7dceb976e627d9536f5.bin,222,1149,datacopy/UCSB/c2b5742021581f93f85eb7dceb976e627d9536f5.bin,[1]
3929,50b135944986a31ca9b710806d680d36b41f9049.bin,222,1149,datacopy/UCSB/50b135944986a31ca9b710806d680d36b41f9049.bin,[1]
3930,28d3c46c64a15cc61325f4fe87057c569fe0771e0bd2c904d01d9b58855011ac,222,1149,datacopy/Stefano/28d3c46c64a15cc61325f4fe87057c569fe0771e0bd2c904d01d9b58855011ac,[1]
3931,74786d29bf535f879f968e5189800084b927a56cf18b68df1d174e820770e1f1,222,1149,datacopy/Stefano/74786d29bf535f879f968e5189800084b927a56cf18b68df1d174e820770e1f1,[1]
3932,4b1d48ba71ef24c594576ce053fb725cdba993f6c3ee60b6c542b350dbddb071,222,1149,datacopy/Stefano/4b1d48ba71ef24c594576ce053fb725cdba993f6c3ee60b6c542b350dbddb071,[1]
3933,f377f29a3318442db9b0b5a20b4ce5e87d89d4a2269abdd5c9c0c358ffba1329,222,1149,datacopy/Stefano/f377f29a3318442db9b0b5a20b4ce5e87d89d4a2269abdd5c9c0c358ffba1329,[1]
3934,13fa4e85b74f67e2936e6361c0ddb7562590a789451ccbf0301f7ec263a2fcac,222,1149,datacopy/Stefano/13fa4e85b74f67e2936e6361c0ddb7562590a789451ccbf0301f7ec263a2fcac,[1]
3935,1f1e2ef6a24a4dc6bc5c5c16922bf596444c3d114442e4b07e9dba6412165635,222,1149,datacopy/Stefano/1f1e2ef6a24a4dc6bc5c5c16922bf596444c3d114442e4b07e9dba6412165635,[1]
3936,41e569059b66f0fcdee52af2ef263ce5cea091eab94a93cae61e53f73e6c27cb,222,1149,datacopy/Stefano/41e569059b66f0fcdee52af2ef263ce5cea091eab94a93cae61e53f73e6c27cb,[1]
3937,f3555b55141c38a216276e553a30ff9d0d8cf90f4a29cbf8a225d948378011ee,222,1149,datacopy/Stefano/f3555b55141c38a216276e553a30ff9d0d8cf90f4a29cbf8a225d948378011ee,[1]
3938,cc822ae1b3f31b81726874788544a415d1d9f3b7d0df1db0da14971c964a9c1e,222,1149,datacopy/Stefano/cc822ae1b3f31b81726874788544a415d1d9f3b7d0df1db0da14971c964a9c1e,[1]
3939,e12a4fcf432cf8e9a2802b4f11da14849002879c24811fd43d0b182d57de852c,222,1149,datacopy/Stefano/e12a4fcf432cf8e9a2802b4f11da14849002879c24811fd43d0b182d57de852c,[1]
3940,27c82a440d96d3f39ccbf5d494c6617545bddb081729cb3331726dfec2a34030,222,1149,datacopy/Stefano/27c82a440d96d3f39ccbf5d494c6617545bddb081729cb3331726dfec2a34030,[1]
3941,0243c3e0d19747799190575879bd378effe320dad898e83458d131db3b4df1a3,222,1149,datacopy/Stefano/0243c3e0d19747799190575879bd378effe320dad898e83458d131db3b4df1a3,[1]
3942,8dc7b15223aab2969b200b09e1c7d1c5a92de63b3da5300fe08ff2168595e150,222,1149,datacopy/Stefano/8dc7b15223aab2969b200b09e1c7d1c5a92de63b3da5300fe08ff2168595e150,[1]
3943,48fc62abd78f69f70db0e367c7df5d314175c03c8d0c0bf0df70986c5ed93bc6,222,1149,datacopy/Stefano/48fc62abd78f69f70db0e367c7df5d314175c03c8d0c0bf0df70986c5ed93bc6,[1]
3944,6e45df9a835c58bb83944601d2c2942f83cb4ef17b8de1610ce7e52f1e8c5822,222,1149,datacopy/Stefano/6e45df9a835c58bb83944601d2c2942f83cb4ef17b8de1610ce7e52f1e8c5822,[1]
3945,793fed1419f33202a2c356f4b403132e61403c8e.bin,229,1415,datacopy/UCSB/793fed1419f33202a2c356f4b403132e61403c8e.bin,"[1, 222]"
3946,d635860daed7e9441ab208ca8c20fb84ebbf2a94946738774effde0017d1c217,229,54,datacopy/Stefano/d635860daed7e9441ab208ca8c20fb84ebbf2a94946738774effde0017d1c217,"[1, 222]"
3947,c2d51ad347d8480abcb5e90f3d925e1ec442f9217581603673789bbfbe6a7dd3,229,54,datacopy/Stefano/c2d51ad347d8480abcb5e90f3d925e1ec442f9217581603673789bbfbe6a7dd3,"[1, 222]"
3948,80a7957aed90279064aad3af1f833221ecf4d33b.bin,232,709,datacopy/UCSB/80a7957aed90279064aad3af1f833221ecf4d33b.bin,"[1, 70, 222, 12]"
3949,d433406ac5664a1adeadb491343b154f0195cece.bin,232,1001,datacopy/UCSB/d433406ac5664a1adeadb491343b154f0195cece.bin,"[1, 70, 222, 12]"
3950,790b7edf4596ebfd6df9def46867e611396f9020.bin,232,54,datacopy/UCSB/790b7edf4596ebfd6df9def46867e611396f9020.bin,"[1, 70, 222, 12]"
3951,3bac10e24dae79554f68637d0c7bb48c032c1e8832a8b5c3e6641544aed63da5,232,212,datacopy/Stefano/3bac10e24dae79554f68637d0c7bb48c032c1e8832a8b5c3e6641544aed63da5,"[1, 70, 222, 12]"
3952,1f07341ebc1080798faa4fa16f2fc4ec82f53bfa.bin,233,1234,datacopy/UCSB/1f07341ebc1080798faa4fa16f2fc4ec82f53bfa.bin,[8]
3953,094319b0ee5ff5b6d3615d72afdf2c83329e7de5.bin,233,1234,datacopy/UCSB/094319b0ee5ff5b6d3615d72afdf2c83329e7de5.bin,[8]
3954,abfe83f53a9b2e67a048721142e1600a475182bf.bin,233,1234,datacopy/UCSB/abfe83f53a9b2e67a048721142e1600a475182bf.bin,[8]
3955,8beff8ec8e0fcff7ab2598c987486392c49a4081.bin,233,1234,datacopy/UCSB/8beff8ec8e0fcff7ab2598c987486392c49a4081.bin,[8]
3956,4cc4ce51ec378fe6b582a81033f0bdb6efddf544.bin,233,1234,datacopy/UCSB/4cc4ce51ec378fe6b582a81033f0bdb6efddf544.bin,[8]
3957,3dfb0b61bb69ba6b2c26d1522a38134982e5eab4.bin,233,1234,datacopy/UCSB/3dfb0b61bb69ba6b2c26d1522a38134982e5eab4.bin,[8]
3958,e4906579340b26c3702ca6c80f769297a4d42bcf.bin,233,1234,datacopy/UCSB/e4906579340b26c3702ca6c80f769297a4d42bcf.bin,[8]
3959,58afa32e31c9f547e171eab04ec86e82579c425a.bin,233,1234,datacopy/UCSB/58afa32e31c9f547e171eab04ec86e82579c425a.bin,[8]
3960,a0a2316be4263dac59db0a9e57888efb2088aea6.bin,233,1234,datacopy/UCSB/a0a2316be4263dac59db0a9e57888efb2088aea6.bin,[8]
3961,3ee4036a38f67b90d48cc41148957e795823459a.bin,233,1234,datacopy/UCSB/3ee4036a38f67b90d48cc41148957e795823459a.bin,[8]
3962,28899c721e0888e812378e343a17e0f501b1dd26.bin,233,1234,datacopy/UCSB/28899c721e0888e812378e343a17e0f501b1dd26.bin,[8]
3963,a1c066ead90d1bd47984789151959fedccd018ee.bin,233,1234,datacopy/UCSB/a1c066ead90d1bd47984789151959fedccd018ee.bin,[8]
3964,2280fc5329935c2b47a676510eb17c4b03a3a3a0.bin,233,1234,datacopy/UCSB/2280fc5329935c2b47a676510eb17c4b03a3a3a0.bin,[8]
3965,80c42e823870b978081f47992d099fe41a000339309cbedb3e934987aee9d17a,233,1234,datacopy/Stefano/80c42e823870b978081f47992d099fe41a000339309cbedb3e934987aee9d17a,[8]
3966,b7663b477d32670799216aed3f6590010c98b6722dbcdac5a002f9083b7fa3d8,233,1234,datacopy/Stefano/b7663b477d32670799216aed3f6590010c98b6722dbcdac5a002f9083b7fa3d8,[8]
3967,eb42a90202a9d5e0cacf626dd214c9028b50fec50c18ee2fdf7a50db0014a044,233,1234,datacopy/Stefano/eb42a90202a9d5e0cacf626dd214c9028b50fec50c18ee2fdf7a50db0014a044,[8]
3968,4fc8965cf63767d00c1316fccc56da3c7e8653f9.bin,234,1555,datacopy/UCSB/4fc8965cf63767d00c1316fccc56da3c7e8653f9.bin,[4]
3969,015707d95369daf671c3e192f7d5fb23d304f426.bin,234,1555,datacopy/UCSB/015707d95369daf671c3e192f7d5fb23d304f426.bin,[4]
3970,1870c229405f353953e8e67e224fba2b9acd54e2.bin,234,1555,datacopy/UCSB/1870c229405f353953e8e67e224fba2b9acd54e2.bin,[4]
3971,d1738ff93098c5a201f9cd891aa3300b91323857.bin,234,1555,datacopy/UCSB/d1738ff93098c5a201f9cd891aa3300b91323857.bin,[4]
3972,fe036f41c9b37d43811e53d0539eca84ede98d93.bin,234,1555,datacopy/UCSB/fe036f41c9b37d43811e53d0539eca84ede98d93.bin,[4]
3973,fb805153304d911f3690b360969430381fa54d7b.bin,234,1555,datacopy/UCSB/fb805153304d911f3690b360969430381fa54d7b.bin,[4]
3974,2e442ccf3559b8e0db779ac190fcc5a01a95664d.bin,234,1555,datacopy/UCSB/2e442ccf3559b8e0db779ac190fcc5a01a95664d.bin,[4]
3975,251232c51ef5feade4a4fdd5f5ec74d56bb69a5a.bin,234,1555,datacopy/UCSB/251232c51ef5feade4a4fdd5f5ec74d56bb69a5a.bin,[4]
3976,e32a6464b4b2b03646f605e1dc6ab93aa365e098.bin,234,1555,datacopy/UCSB/e32a6464b4b2b03646f605e1dc6ab93aa365e098.bin,[4]
3977,18db56be0030739e0dae1ec9ee1baabe88916d75.bin,234,1555,datacopy/UCSB/18db56be0030739e0dae1ec9ee1baabe88916d75.bin,[4]
3978,45900964cfad4c861f121ca8d58f259e19a7a0fe.bin,234,1555,datacopy/UCSB/45900964cfad4c861f121ca8d58f259e19a7a0fe.bin,[4]
3979,bda7df2f2071bdf4a6df88f98a10eba42fd1cc3f.bin,234,1555,datacopy/UCSB/bda7df2f2071bdf4a6df88f98a10eba42fd1cc3f.bin,[4]
3980,292f0ce86fd542d3b0494374f2afdb857e80363a.bin,234,1555,datacopy/UCSB/292f0ce86fd542d3b0494374f2afdb857e80363a.bin,[4]
3981,968755a9c86c33ca806f838e59f9b0fa63f0b773.bin,234,1555,datacopy/UCSB/968755a9c86c33ca806f838e59f9b0fa63f0b773.bin,[4]
3982,4b20a28faf0888ace9842f5c696d4f73d0fb8d25.bin,234,1555,datacopy/UCSB/4b20a28faf0888ace9842f5c696d4f73d0fb8d25.bin,[4]
3983,bce276551f28f116fad3c9db279aaf4af344bf80.bin,234,1555,datacopy/UCSB/bce276551f28f116fad3c9db279aaf4af344bf80.bin,[4]
3984,65b7b5250f5739df9b32980a7271314b934f8bb7.bin,234,1555,datacopy/UCSB/65b7b5250f5739df9b32980a7271314b934f8bb7.bin,[4]
3985,4228ec8e21756058fab3e9bdd7b10e469b4d7da3.bin,234,1555,datacopy/UCSB/4228ec8e21756058fab3e9bdd7b10e469b4d7da3.bin,[4]
3986,4484c2171a8167a98821781ff827c498d4b83b76.bin,234,1555,datacopy/UCSB/4484c2171a8167a98821781ff827c498d4b83b76.bin,[4]
3987,33c3cf294bccd1f2d9c22bb5a5a5a1ea01591eec.bin,234,1555,datacopy/UCSB/33c3cf294bccd1f2d9c22bb5a5a5a1ea01591eec.bin,[4]
3988,f03f2214d8bb87c7534aae3ae04c4cf1fa44ec74.bin,234,1555,datacopy/UCSB/f03f2214d8bb87c7534aae3ae04c4cf1fa44ec74.bin,[4]
3989,67bb8101f80153dddfb61e3b0abf109abc55059c.bin,235,3,datacopy/UCSB/67bb8101f80153dddfb61e3b0abf109abc55059c.bin,"[3, 310, 1]"
3990,d2eb002474f1fdf0c03ff527d6de9d3967585f08.bin,235,3,datacopy/UCSB/d2eb002474f1fdf0c03ff527d6de9d3967585f08.bin,"[3, 310, 1]"
3991,98d3383fecdfbf1a069f8ff1b0e9925df3066fd8.bin,235,1482,datacopy/UCSB/98d3383fecdfbf1a069f8ff1b0e9925df3066fd8.bin,"[3, 310, 1]"
3992,c15b483bda78d8035fb6bf1fd0f30ddce220e131.bin,235,1482,datacopy/UCSB/c15b483bda78d8035fb6bf1fd0f30ddce220e131.bin,"[3, 310, 1]"
3993,8e435596610a6666730a455e260e5b1a57629adb.bin,235,1482,datacopy/UCSB/8e435596610a6666730a455e260e5b1a57629adb.bin,"[3, 310, 1]"
3994,3992f86cbf088d8813ce7c1e60fd2f08a1f65c38.bin,235,1602,datacopy/UCSB/3992f86cbf088d8813ce7c1e60fd2f08a1f65c38.bin,"[3, 310, 1]"
3995,5f492a5a180142acd78eba4bcf570f84385a01cc.bin,238,715,datacopy/UCSB/5f492a5a180142acd78eba4bcf570f84385a01cc.bin,"[1, 1]"
3996,f1e5e9894ba2fbea7b5cc3b774572c1ac72096e1.bin,238,957,datacopy/UCSB/f1e5e9894ba2fbea7b5cc3b774572c1ac72096e1.bin,"[1, 1]"
3997,395fddbef360b205aff599402738d4930ec0e073.bin,238,715,datacopy/UCSB/395fddbef360b205aff599402738d4930ec0e073.bin,"[1, 1]"
3998,39ad44fa140076c7cb8709d954c322616acb5d2d.bin,238,715,datacopy/UCSB/39ad44fa140076c7cb8709d954c322616acb5d2d.bin,"[1, 1]"
3999,0791b0ade1031b57587440377f7055348f0e6ac3.bin,242,1370,datacopy/UCSB/0791b0ade1031b57587440377f7055348f0e6ac3.bin,[1]
4000,41b7176df9d985717bf459b36974194a0208d7e7.bin,242,1370,datacopy/UCSB/41b7176df9d985717bf459b36974194a0208d7e7.bin,[1]
4001,0725a19131f86c8fd2cf88378111363a4fff5533.bin,242,1370,datacopy/UCSB/0725a19131f86c8fd2cf88378111363a4fff5533.bin,[1]
4002,0d74c5411769a8ef17018a375ea2191a521aa0eb.bin,242,1370,datacopy/UCSB/0d74c5411769a8ef17018a375ea2191a521aa0eb.bin,[1]
4003,060f1a2721c6623d71dbd40ac98a80bbb09dcab4.bin,242,1370,datacopy/UCSB/060f1a2721c6623d71dbd40ac98a80bbb09dcab4.bin,[1]
4004,b599a90b54b96a901ac75b1ad7056afe84e05e56.bin,242,1370,datacopy/UCSB/b599a90b54b96a901ac75b1ad7056afe84e05e56.bin,[1]
4005,05fb9a6894a52831043be46492e783aea2af03dc.bin,242,1370,datacopy/UCSB/05fb9a6894a52831043be46492e783aea2af03dc.bin,[1]
4006,e3f9b287618040e50ce138361240aa055b765b5a.bin,251,3,datacopy/UCSB/e3f9b287618040e50ce138361240aa055b765b5a.bin,"[3, 310, 18]"
4007,b5de4e6a3497bae615f110ce7de95ceec43fc405.bin,251,1482,datacopy/UCSB/b5de4e6a3497bae615f110ce7de95ceec43fc405.bin,"[3, 310, 18]"
4008,2e6e3ebca24b478d688278d0ef4b97b36a27b2c6.bin,251,1482,datacopy/UCSB/2e6e3ebca24b478d688278d0ef4b97b36a27b2c6.bin,"[3, 310, 18]"
4009,0e1fb4291d0913e48677d26838661631b3e12cb0.bin,251,1482,datacopy/UCSB/0e1fb4291d0913e48677d26838661631b3e12cb0.bin,"[3, 310, 18]"
4010,1d8fbb1cc991cb84334754fd360f5b676a8d5e45.bin,251,1482,datacopy/UCSB/1d8fbb1cc991cb84334754fd360f5b676a8d5e45.bin,"[3, 310, 18]"
4011,6b5ca19e86ea7af078a4478bec47b11552d0409c.bin,251,1482,datacopy/UCSB/6b5ca19e86ea7af078a4478bec47b11552d0409c.bin,"[3, 310, 18]"
4012,51aa26782c778321df8465b755447ad64d495962.bin,251,1482,datacopy/UCSB/51aa26782c778321df8465b755447ad64d495962.bin,"[3, 310, 18]"
4013,9084b96699fdc314f43f3e026a988eea54081ca5.bin,251,1482,datacopy/UCSB/9084b96699fdc314f43f3e026a988eea54081ca5.bin,"[3, 310, 18]"
4014,f0583b4e3b0c877a07ce0d67e9f6219bd3b0eecc.bin,251,1482,datacopy/UCSB/f0583b4e3b0c877a07ce0d67e9f6219bd3b0eecc.bin,"[3, 310, 18]"
4015,dd7b1029795a2cf801006c1d9a5c64799cb28624.bin,251,1482,datacopy/UCSB/dd7b1029795a2cf801006c1d9a5c64799cb28624.bin,"[3, 310, 18]"
4016,5ae4414ba4c6222e50b778663dfe2552c00b0f00.bin,251,614,datacopy/UCSB/5ae4414ba4c6222e50b778663dfe2552c00b0f00.bin,"[3, 310, 18]"
4017,5ce99ced503d59d7997f1344435b7b8c464b8f39.bin,253,1224,datacopy/UCSB/5ce99ced503d59d7997f1344435b7b8c464b8f39.bin,"[9, 3]"
4018,1ac80a22728c73e28c2dca082dcf7c6570fab31b.bin,253,1224,datacopy/UCSB/1ac80a22728c73e28c2dca082dcf7c6570fab31b.bin,"[9, 3]"
4019,b3b42f237060cd8092a83403b2b7642f46dc235b.bin,253,1224,datacopy/UCSB/b3b42f237060cd8092a83403b2b7642f46dc235b.bin,"[9, 3]"
4020,b80b3a02716fc2f45e46ed512df5202d458cbfaefbd8c3d06ac47ddee555a6c3,253,3,datacopy/Stefano/b80b3a02716fc2f45e46ed512df5202d458cbfaefbd8c3d06ac47ddee555a6c3,"[9, 3]"
4021,f650a66735b09bef575a86263b7d4cf21c75dc605e09f68b1fcbfcd19b566c08,253,3,datacopy/Stefano/f650a66735b09bef575a86263b7d4cf21c75dc605e09f68b1fcbfcd19b566c08,"[9, 3]"
4022,bb8bd97d58b6dd999119fcab62d3e0fc86f596ba2279ac705aabba0a5eb0b727,253,1224,datacopy/Stefano/bb8bd97d58b6dd999119fcab62d3e0fc86f596ba2279ac705aabba0a5eb0b727,"[9, 3]"
4023,a76a589053b7bde8e97bb56177ffa1cb7173a529a2305c117a94c71306381bfe,253,3,datacopy/Stefano/a76a589053b7bde8e97bb56177ffa1cb7173a529a2305c117a94c71306381bfe,"[9, 3]"
4024,f3fa4ddd6fbc0460bf7f7184094ae03318df91d9205b2f26f5bd0bbbcc61f597,253,3,datacopy/Stefano/f3fa4ddd6fbc0460bf7f7184094ae03318df91d9205b2f26f5bd0bbbcc61f597,"[9, 3]"
4025,82f83cca6cf2b0653826ae486955a5b97dfce5e68542cac2171c6988fd8c36b8,253,3,datacopy/Stefano/82f83cca6cf2b0653826ae486955a5b97dfce5e68542cac2171c6988fd8c36b8,"[9, 3]"
4026,47d8bd6fb906c730c2c165b5518987469af21a7e97828215a664717dbfcd9b98,253,3,datacopy/Stefano/47d8bd6fb906c730c2c165b5518987469af21a7e97828215a664717dbfcd9b98,"[9, 3]"
4027,a9375a8db1ee600446150c49867302160e611e733028e5fe0d2b0ff6382667e5,253,3,datacopy/Stefano/a9375a8db1ee600446150c49867302160e611e733028e5fe0d2b0ff6382667e5,"[9, 3]"
4028,6099bf3fb4e6670abe323ce80e59f21a62b586a8cadcc9f85a684611d775db13,253,3,datacopy/Stefano/6099bf3fb4e6670abe323ce80e59f21a62b586a8cadcc9f85a684611d775db13,"[9, 3]"
4029,5635eec30ed2e7cdcd7064c37d62c8c90e0e091d59c66ed24ed1e436c1921fac,253,3,datacopy/Stefano/5635eec30ed2e7cdcd7064c37d62c8c90e0e091d59c66ed24ed1e436c1921fac,"[9, 3]"
4030,94c142ffd0fdd055d55f4bdbf7543131f36e4e7b65549d0d7cb07d930c5baa37,253,3,datacopy/Stefano/94c142ffd0fdd055d55f4bdbf7543131f36e4e7b65549d0d7cb07d930c5baa37,"[9, 3]"
4031,1cb6deca765db32f8ed35b7727ffc036d65c43b5.bin,254,1602,datacopy/UCSB/1cb6deca765db32f8ed35b7727ffc036d65c43b5.bin,"[1, 3]"
4032,741048f1674e75b8e932a77f3edb508125075ddf.bin,254,1602,datacopy/UCSB/741048f1674e75b8e932a77f3edb508125075ddf.bin,"[1, 3]"
4033,555b3f95ad9a24acfa76105fb20f16f7e9c8c2ea.bin,254,3,datacopy/UCSB/555b3f95ad9a24acfa76105fb20f16f7e9c8c2ea.bin,"[1, 3]"
4034,9c8f9c949dd1253e61dfa24823411c90871a7964.bin,254,3,datacopy/UCSB/9c8f9c949dd1253e61dfa24823411c90871a7964.bin,"[1, 3]"
4035,cf0be75e1025a2d3f1511da8a3f49910f147f361.bin,254,1602,datacopy/UCSB/cf0be75e1025a2d3f1511da8a3f49910f147f361.bin,"[1, 3]"
4036,1afc2a2036812279c58de0b825ebdea423341182.bin,254,1602,datacopy/UCSB/1afc2a2036812279c58de0b825ebdea423341182.bin,"[1, 3]"
4037,1adfc5074d798718288cdd523a8c38283c2987ee.bin,254,1602,datacopy/UCSB/1adfc5074d798718288cdd523a8c38283c2987ee.bin,"[1, 3]"
4038,7801ea11750cefb1531537c93310d9587ccdb07f.bin,254,3,datacopy/UCSB/7801ea11750cefb1531537c93310d9587ccdb07f.bin,"[1, 3]"
4039,061d31e179ec357b5651f360bb7107c0e4ff76e5.bin,260,479,datacopy/UCSB/061d31e179ec357b5651f360bb7107c0e4ff76e5.bin,"[1, 310, 3]"
4040,0b3a7592f298196369a268d54895256d9de749f3.bin,260,1482,datacopy/UCSB/0b3a7592f298196369a268d54895256d9de749f3.bin,"[1, 310, 3]"
4041,bf2943fef0c066eda0213b944d42ddd297284cbc.bin,260,1482,datacopy/UCSB/bf2943fef0c066eda0213b944d42ddd297284cbc.bin,"[1, 310, 3]"
4042,938e0dd28fef011dd7c24a7a2c23330a1dfcc29c.bin,260,1482,datacopy/UCSB/938e0dd28fef011dd7c24a7a2c23330a1dfcc29c.bin,"[1, 310, 3]"
4043,e224c1d6331db81e720f6a5eda8958f2bfcdf16c.bin,260,3,datacopy/UCSB/e224c1d6331db81e720f6a5eda8958f2bfcdf16c.bin,"[1, 310, 3]"
4044,71e4dea698d20e8d0d8a77bba41168f09e8ab267.bin,260,1482,datacopy/UCSB/71e4dea698d20e8d0d8a77bba41168f09e8ab267.bin,"[1, 310, 3]"
4045,5ebc7f6f1e7d20c7034e2dafb9e97e89d866ee7d.bin,260,1482,datacopy/UCSB/5ebc7f6f1e7d20c7034e2dafb9e97e89d866ee7d.bin,"[1, 310, 3]"
4046,1d8dc9db337564ed269b61eeff92e64c6e2c2956.bin,268,3,datacopy/UCSB/1d8dc9db337564ed269b61eeff92e64c6e2c2956.bin,[3]
4047,a2ba08017173d4d46684d603e71c8be89860ff7d.bin,268,3,datacopy/UCSB/a2ba08017173d4d46684d603e71c8be89860ff7d.bin,[3]
4048,0d82c4774db24b7a3df791a106b0383cab9278df.bin,268,3,datacopy/UCSB/0d82c4774db24b7a3df791a106b0383cab9278df.bin,[3]
4049,a5403c104f8139e8259cfe482c9f4b0346326466.bin,268,3,datacopy/UCSB/a5403c104f8139e8259cfe482c9f4b0346326466.bin,[3]
4050,62f744a7aea8352cd0e2190a2897acaebca0e375.bin,268,3,datacopy/UCSB/62f744a7aea8352cd0e2190a2897acaebca0e375.bin,[3]
4051,84dc82e8302b4bca0ce7b3e0d36e7652e3160227.bin,269,3,datacopy/UCSB/84dc82e8302b4bca0ce7b3e0d36e7652e3160227.bin,"[3, 1]"
4052,b06e0e968e00d2e379a696076c7edbe58311283a.bin,269,3,datacopy/UCSB/b06e0e968e00d2e379a696076c7edbe58311283a.bin,"[3, 1]"
4053,b6116bff05837c0daf52aba9889970ea28860657.bin,269,3,datacopy/UCSB/b6116bff05837c0daf52aba9889970ea28860657.bin,"[3, 1]"
4054,cb239d2e789bd3f7d426cd30206035a4f22d686d.bin,269,3,datacopy/UCSB/cb239d2e789bd3f7d426cd30206035a4f22d686d.bin,"[3, 1]"
4055,363a1d980701864010404faea50c68392742b723.bin,269,3,datacopy/UCSB/363a1d980701864010404faea50c68392742b723.bin,"[3, 1]"
4056,cc600af72b77982eb576a5a30f77316145107103.bin,269,3,datacopy/UCSB/cc600af72b77982eb576a5a30f77316145107103.bin,"[3, 1]"
4057,c32183d1049ec79869596a869db4ff7930178717.bin,269,1144,datacopy/UCSB/c32183d1049ec79869596a869db4ff7930178717.bin,"[3, 1]"
4058,e59d10243a9794261f2b12fb319be2b603d7116a.bin,270,1548,datacopy/UCSB/e59d10243a9794261f2b12fb319be2b603d7116a.bin,[1]
4059,2df7af5ca597c93c0e639150f198b92939a3de87.bin,270,1548,datacopy/UCSB/2df7af5ca597c93c0e639150f198b92939a3de87.bin,[1]
4060,28371f6f0c3da1c64b25718e5f6f8d2016c1ac90.bin,270,1548,datacopy/UCSB/28371f6f0c3da1c64b25718e5f6f8d2016c1ac90.bin,[1]
4061,7719c87ad7f3f0ee7060a119dbb2f03ac892cd6d.bin,282,1521,datacopy/UCSB/7719c87ad7f3f0ee7060a119dbb2f03ac892cd6d.bin,[1]
4062,7edfd75129ce33cab4aaf6343b4bff632386ec39.bin,282,1521,datacopy/UCSB/7edfd75129ce33cab4aaf6343b4bff632386ec39.bin,[1]
4063,76815ad83a7f06831798298f9d0859bbaedb615e.bin,282,1521,datacopy/UCSB/76815ad83a7f06831798298f9d0859bbaedb615e.bin,[1]
4064,fca78662d2f1e0df85f3dcba561195bac1227b02.codex,291,769,datacopy/CodexGiga/fca78662d2f1e0df85f3dcba561195bac1227b02.codex,[1]
4065,8850568c6d7a12ec70b7fd0fc5944539a5a91d51.codex,291,769,datacopy/CodexGiga/8850568c6d7a12ec70b7fd0fc5944539a5a91d51.codex,[1]
4066,c809e5a9462bcb80a10a42692557737059c1b40d.codex,291,769,datacopy/CodexGiga/c809e5a9462bcb80a10a42692557737059c1b40d.codex,[1]
4067,ad6f2730971e341b36021526800bf0746ffd7ac6.bin,293,1477,datacopy/UCSB/ad6f2730971e341b36021526800bf0746ffd7ac6.bin,[21]
4068,8cc9232622d39cb915223665c3091f10a3f429b5.bin,293,1477,datacopy/UCSB/8cc9232622d39cb915223665c3091f10a3f429b5.bin,[21]
4069,35089a01edd75861005f2fefac2ada8de6524024.bin,293,1477,datacopy/UCSB/35089a01edd75861005f2fefac2ada8de6524024.bin,[21]
4070,d01f7d07dc7965768f8accf8d3002f24510d191e.bin,293,1477,datacopy/UCSB/d01f7d07dc7965768f8accf8d3002f24510d191e.bin,[21]
4071,c6505fdbb6ac2ece2527b8d2bc8dc760e2728f25.bin,293,1477,datacopy/UCSB/c6505fdbb6ac2ece2527b8d2bc8dc760e2728f25.bin,[21]
4072,0b68caae7cace122fcee8b03d3bed9c6965e1bc4.bin,293,1477,datacopy/UCSB/0b68caae7cace122fcee8b03d3bed9c6965e1bc4.bin,[21]
4073,15c58e36694e68640d9e20e99ee0000303230708.bin,293,1477,datacopy/UCSB/15c58e36694e68640d9e20e99ee0000303230708.bin,[21]
4074,2920c8d97e9c0e8803f392f892f906340c101d0a.bin,293,1477,datacopy/UCSB/2920c8d97e9c0e8803f392f892f906340c101d0a.bin,[21]
4075,77ddbcd9115b081a38a871d03a164bb6edf9a457.bin,293,1477,datacopy/UCSB/77ddbcd9115b081a38a871d03a164bb6edf9a457.bin,[21]
4076,5814e7bf7c9f40a7cc47331fca3401502c0cc551.bin,293,1477,datacopy/UCSB/5814e7bf7c9f40a7cc47331fca3401502c0cc551.bin,[21]
4077,3972c076349e153a204c0d554be176f9dfea8998.bin,293,1477,datacopy/UCSB/3972c076349e153a204c0d554be176f9dfea8998.bin,[21]
4078,6f6164a92e3dd4d9a241811b6007a553e16422c9.bin,293,1477,datacopy/UCSB/6f6164a92e3dd4d9a241811b6007a553e16422c9.bin,[21]
4079,7a4f4fcc3bd8e1acc30f98f4d79f8b1ac98364cd.bin,293,1477,datacopy/UCSB/7a4f4fcc3bd8e1acc30f98f4d79f8b1ac98364cd.bin,[21]
4080,3b30e5994aa888dbcbbafa4d39cb2ca1cdbd835a.bin,293,1477,datacopy/UCSB/3b30e5994aa888dbcbbafa4d39cb2ca1cdbd835a.bin,[21]
4081,302f961c6633272a1ae9950bf93bd7f1c1eadba9.bin,293,1477,datacopy/UCSB/302f961c6633272a1ae9950bf93bd7f1c1eadba9.bin,[21]
4082,4387bf92174dcedd655633b426846bf1a3b016a4.bin,293,1477,datacopy/UCSB/4387bf92174dcedd655633b426846bf1a3b016a4.bin,[21]
4083,36c6afe74febb5074aa08281b1ba1e85cbd1c0f8.bin,293,1477,datacopy/UCSB/36c6afe74febb5074aa08281b1ba1e85cbd1c0f8.bin,[21]
4084,a777c03b6a1ea42d9259854edf20576fa59499ab.bin,293,1477,datacopy/UCSB/a777c03b6a1ea42d9259854edf20576fa59499ab.bin,[21]
4085,63f9871d4f82a7584945c10240ca473b99ce01c0.bin,293,1477,datacopy/UCSB/63f9871d4f82a7584945c10240ca473b99ce01c0.bin,[21]
4086,b702e14bf8bd857024f8568c88f310aa9dbf09d0.bin,293,1477,datacopy/UCSB/b702e14bf8bd857024f8568c88f310aa9dbf09d0.bin,[21]
4087,a88db7f8fd9a8cc881d049b61ad97a7b5758b1c7.bin,293,1477,datacopy/UCSB/a88db7f8fd9a8cc881d049b61ad97a7b5758b1c7.bin,[21]
4088,c81f743e279dafde9497de23fc1e10d707a59baa.bin,293,1477,datacopy/UCSB/c81f743e279dafde9497de23fc1e10d707a59baa.bin,[21]
4089,76189e973005373c415caa93e084a9c422f5493a.bin,293,1477,datacopy/UCSB/76189e973005373c415caa93e084a9c422f5493a.bin,[21]
4090,cbbb36e7d85d1b7659b62770193acdfa5db73087.bin,293,1477,datacopy/UCSB/cbbb36e7d85d1b7659b62770193acdfa5db73087.bin,[21]
4091,04327e4fcb3bd7c530d380719386e50a1fea7518.bin,293,1477,datacopy/UCSB/04327e4fcb3bd7c530d380719386e50a1fea7518.bin,[21]
4092,dde647496802d608f1513058618da6bad2b34e7f.bin,293,1477,datacopy/UCSB/dde647496802d608f1513058618da6bad2b34e7f.bin,[21]
4093,677f72df6f1d25c5bd82a67bb66edf9c3457e302.bin,293,1477,datacopy/UCSB/677f72df6f1d25c5bd82a67bb66edf9c3457e302.bin,[21]
4094,8cc41cdfddf122280f27ee0f765b20a07b72d408.bin,293,1477,datacopy/UCSB/8cc41cdfddf122280f27ee0f765b20a07b72d408.bin,[21]
4095,babefef44ef23d64521be42a1b5e84a5c449bb82.bin,296,805,datacopy/UCSB/babefef44ef23d64521be42a1b5e84a5c449bb82.bin,[10]
4096,ae5262b9133de6121fa2ebe77164c094cbba9cb3.bin,296,805,datacopy/UCSB/ae5262b9133de6121fa2ebe77164c094cbba9cb3.bin,[10]
4097,7803f160af428bcfb4b9ea2aba07886f232cde4e.codex,296,805,datacopy/CodexGiga/7803f160af428bcfb4b9ea2aba07886f232cde4e.codex,[10]
4098,246217774b05d6050af029202e0fef01fa4dcbec0ed7ba8f98430c6e1256799c,296,805,datacopy/Stefano/246217774b05d6050af029202e0fef01fa4dcbec0ed7ba8f98430c6e1256799c,[10]
4099,24ff85a5831f7e70cd7e87a98d82c4b0e904a94c8426f28bed964b1df3e96ce6,296,805,datacopy/Stefano/24ff85a5831f7e70cd7e87a98d82c4b0e904a94c8426f28bed964b1df3e96ce6,[10]
4100,ec16aabc38d2a713463491193b48331d18ad0570a72d5c080d743c9e40d8fcd1,296,805,datacopy/Stefano/ec16aabc38d2a713463491193b48331d18ad0570a72d5c080d743c9e40d8fcd1,[10]
4101,9282b9e2a902dda8162c81d7aa246cf4ab763e36e4c6248eb72ba3a8a824c340,296,805,datacopy/Stefano/9282b9e2a902dda8162c81d7aa246cf4ab763e36e4c6248eb72ba3a8a824c340,[10]
4102,22d5c098235b8172ed16a2c2c82f4b1548f44d593e968924427c4f44e24c1175,296,805,datacopy/Stefano/22d5c098235b8172ed16a2c2c82f4b1548f44d593e968924427c4f44e24c1175,[10]
4103,e7ccfc42f55165c60d370026dcd41b2962bfefb6c42932970d2243f82024ea93,296,805,datacopy/Stefano/e7ccfc42f55165c60d370026dcd41b2962bfefb6c42932970d2243f82024ea93,[10]
4104,e97de2f19cf8a2f1b6bcdd02aecebb057ac06f26a86996a7c91c0393789ce9b3,296,805,datacopy/Stefano/e97de2f19cf8a2f1b6bcdd02aecebb057ac06f26a86996a7c91c0393789ce9b3,[10]
4105,03144da417dc8d8b40d78d82cd438d3ba8a18dc31b854dbdb9581afc2eadd956,296,805,datacopy/Stefano/03144da417dc8d8b40d78d82cd438d3ba8a18dc31b854dbdb9581afc2eadd956,[10]
4106,fdaad1a4d3bc2b8c14d059829e631c48c87636ac29e0fdeac8edf8c3994547e3,296,805,datacopy/Stefano/fdaad1a4d3bc2b8c14d059829e631c48c87636ac29e0fdeac8edf8c3994547e3,[10]
4107,7a826f9d91f1d26a2d46016b131a24f8701b7113c4b87838f822f01654f0cf3d,296,805,datacopy/Stefano/7a826f9d91f1d26a2d46016b131a24f8701b7113c4b87838f822f01654f0cf3d,[10]
4108,e935314276d728e0d0c020c3b50a9cbe3c8f6065497b1e278da64574ffa461b9,296,805,datacopy/Stefano/e935314276d728e0d0c020c3b50a9cbe3c8f6065497b1e278da64574ffa461b9,[10]
4109,826d84e2387b04bb7426a3920287fa2982bce383e138c31a1f38c62d6c58b28a,296,805,datacopy/Stefano/826d84e2387b04bb7426a3920287fa2982bce383e138c31a1f38c62d6c58b28a,[10]
4110,ee893528854e8b59c04fd4e0683b41f617c0379ad85fc3dd8dbdef0b99141737,296,805,datacopy/Stefano/ee893528854e8b59c04fd4e0683b41f617c0379ad85fc3dd8dbdef0b99141737,[10]
4111,697418ab17627e0989b4fcf80a7b1c745aa4fb62cc60eead384e90fe326270ed,296,805,datacopy/Stefano/697418ab17627e0989b4fcf80a7b1c745aa4fb62cc60eead384e90fe326270ed,[10]
4112,a1eb56216260a4656401513ab9ac1c26d18c4ff143647732bde2fadce513bf31,296,805,datacopy/Stefano/a1eb56216260a4656401513ab9ac1c26d18c4ff143647732bde2fadce513bf31,[10]
4113,9b22cf8ca8d5cbd55136c7d19901e0a83da7aa6dd0b3f394333c3bcf75967f7e,296,805,datacopy/Stefano/9b22cf8ca8d5cbd55136c7d19901e0a83da7aa6dd0b3f394333c3bcf75967f7e,[10]
4114,d13f004b966ec2e21fdc1ca8c039b666c1ad1d28.bin,300,724,datacopy/UCSB/d13f004b966ec2e21fdc1ca8c039b666c1ad1d28.bin,"[5, 3, 2]"
4115,bf79550e64575695b703a7332c540fb3b344208e.bin,300,3,datacopy/UCSB/bf79550e64575695b703a7332c540fb3b344208e.bin,"[5, 3, 2]"
4116,199bf768753642c98db6a9213144c3a2f9474937.bin,300,724,datacopy/UCSB/199bf768753642c98db6a9213144c3a2f9474937.bin,"[5, 3, 2]"
4117,file.502263.exe,300,724,datacopy/Honeypots/file.502263.exe,"[5, 3, 2]"
4118,file.193930.exe,300,3,datacopy/Honeypots/file.193930.exe,"[5, 3, 2]"
4119,mdc.exe,300,2,datacopy/BB/Files/2013-04-09/mdc.exe,"[5, 3, 2]"
4120,file.350363.exe,306,718,datacopy/Honeypots/file.350363.exe,"[6, 4, 1, 3]"
4121,file.523445.exe,306,718,datacopy/Honeypots/file.523445.exe,"[6, 4, 1, 3]"
4122,file.508671.exe,306,718,datacopy/Honeypots/file.508671.exe,"[6, 4, 1, 3]"
4123,file.1281678.exe,306,718,datacopy/Honeypots/file.1281678.exe,"[6, 4, 1, 3]"
4124,file.197410.exe,306,718,datacopy/Honeypots/file.197410.exe,"[6, 4, 1, 3]"
4125,file.1021324.exe,306,718,datacopy/Honeypots/file.1021324.exe,"[6, 4, 1, 3]"
4126,file.1020265.exe,306,721,datacopy/Honeypots/file.1020265.exe,"[6, 4, 1, 3]"
4127,74125b0f1cd0e1b13b27b744d0e3d5900d224d22437c667568f5289428835a4a,306,718,datacopy/Stefano/74125b0f1cd0e1b13b27b744d0e3d5900d224d22437c667568f5289428835a4a,"[6, 4, 1, 3]"
4128,40913520681e2a9184f717ea561e016d2c8ad3b3fcd16c7836b981f8889ebd04,306,1349,datacopy/Stefano/40913520681e2a9184f717ea561e016d2c8ad3b3fcd16c7836b981f8889ebd04,"[6, 4, 1, 3]"
4129,d949010134c1272107fe2c6d7f6dd7a9ea252e75b9f5fb159af190600bd14167,306,718,datacopy/Stefano/d949010134c1272107fe2c6d7f6dd7a9ea252e75b9f5fb159af190600bd14167,"[6, 4, 1, 3]"
4130,03815fd922c64c6a6adf607a32c4aec76516182c6c3b8cb9d4d1a6a9a8667d82,306,718,datacopy/Stefano/03815fd922c64c6a6adf607a32c4aec76516182c6c3b8cb9d4d1a6a9a8667d82,"[6, 4, 1, 3]"
4131,de31e2bf4eb64502c7e0ef5c95b2265642adc2650d9090a81a645f03549c696e,306,718,datacopy/Stefano/de31e2bf4eb64502c7e0ef5c95b2265642adc2650d9090a81a645f03549c696e,"[6, 4, 1, 3]"
4132,e7e45f0236a40002e5346c15bb44eb904593fd5cb270cce7effa8b055eaf2844,306,718,datacopy/Stefano/e7e45f0236a40002e5346c15bb44eb904593fd5cb270cce7effa8b055eaf2844,"[6, 4, 1, 3]"
4133,2f0790e1dcae8c56a860377360ff0a051466858450d635d0ee23b0e9782ac4b6,306,718,datacopy/Stefano/2f0790e1dcae8c56a860377360ff0a051466858450d635d0ee23b0e9782ac4b6,"[6, 4, 1, 3]"
4134,da52038d8a664529f2b3d553b3be09e1b9f448deb666a8ab8d8861466b74adcc,306,718,datacopy/Stefano/da52038d8a664529f2b3d553b3be09e1b9f448deb666a8ab8d8861466b74adcc,"[6, 4, 1, 3]"
4135,14bf1e62f5ecb751c923d3c16acd29d5222ecc7e8445c6826da0b688ec19baa0,306,718,datacopy/Stefano/14bf1e62f5ecb751c923d3c16acd29d5222ecc7e8445c6826da0b688ec19baa0,"[6, 4, 1, 3]"
4136,d7114084dd3bca61407794d6a970360f40eea0346b1fe58de3933b469c732a31,306,718,datacopy/Stefano/d7114084dd3bca61407794d6a970360f40eea0346b1fe58de3933b469c732a31,"[6, 4, 1, 3]"
4137,76c46553847ec9977da11ae0f49786ab74f17ca44afc5aeeae710fa634a33bf1,306,718,datacopy/Stefano/76c46553847ec9977da11ae0f49786ab74f17ca44afc5aeeae710fa634a33bf1,"[6, 4, 1, 3]"
4138,957983d0fff4dd2a06ac2c2ac9ad5e4988689be65c0b99515907517927be15b0,306,3,datacopy/Stefano/957983d0fff4dd2a06ac2c2ac9ad5e4988689be65c0b99515907517927be15b0,"[6, 4, 1, 3]"
4139,ca9ef4313d6e863300bd8f577893d26ad3f7e352ad0750e4c68a77abb4ffebca,306,718,datacopy/Stefano/ca9ef4313d6e863300bd8f577893d26ad3f7e352ad0750e4c68a77abb4ffebca,"[6, 4, 1, 3]"
4140,1f0221097bb60becd83be0803821ca1592beb66f3ebc3e6937c70646d61e8993,306,718,datacopy/Stefano/1f0221097bb60becd83be0803821ca1592beb66f3ebc3e6937c70646d61e8993,"[6, 4, 1, 3]"
4141,7801699ce16d4395c4b06bbdd8ed60eb5fd3dec9986ab93303a554960c86efe7,306,718,datacopy/Stefano/7801699ce16d4395c4b06bbdd8ed60eb5fd3dec9986ab93303a554960c86efe7,"[6, 4, 1, 3]"
4142,file.701551.exe,307,718,datacopy/Honeypots/file.701551.exe,"[6, 5]"
4143,file.1054843.exe,307,718,datacopy/Honeypots/file.1054843.exe,"[6, 5]"
4144,file.1237008.exe,307,718,datacopy/Honeypots/file.1237008.exe,"[6, 5]"
4145,file.425735.exe,307,719,datacopy/Honeypots/file.425735.exe,"[6, 5]"
4146,file.635232.exe,307,719,datacopy/Honeypots/file.635232.exe,"[6, 5]"
4147,file.635208.exe,307,718,datacopy/Honeypots/file.635208.exe,"[6, 5]"
4148,file.707109.exe,307,719,datacopy/Honeypots/file.707109.exe,"[6, 5]"
4149,file.345098.exe,307,719,datacopy/Honeypots/file.345098.exe,"[6, 5]"
4150,file.1244155.exe,307,719,datacopy/Honeypots/file.1244155.exe,"[6, 5]"
4151,file.760463.exe,307,719,datacopy/Honeypots/file.760463.exe,"[6, 5]"
4152,013bf0c4c80c1f5ad9b022ef51b7a57852a126d33bb6d3d4b891bd38eec0aa96,307,719,datacopy/Stefano/013bf0c4c80c1f5ad9b022ef51b7a57852a126d33bb6d3d4b891bd38eec0aa96,"[6, 5]"
4153,bd44e5e325eef1fb7e803d6eb38e0495d8374ce7.codex,309,790,datacopy/CodexGiga/bd44e5e325eef1fb7e803d6eb38e0495d8374ce7.codex,[5]
4154,58c5dd3ac4c5259450f4bce796bd5ce9eb490fe3.codex,309,790,datacopy/CodexGiga/58c5dd3ac4c5259450f4bce796bd5ce9eb490fe3.codex,[5]
4155,6011305456c02850ff277def8396956d52ab1da0.codex,309,790,datacopy/CodexGiga/6011305456c02850ff277def8396956d52ab1da0.codex,[5]
4156,19f59f9a13c1286c643191792400599fb3b77661.codex,309,790,datacopy/CodexGiga/19f59f9a13c1286c643191792400599fb3b77661.codex,[5]
4157,16fbe7b93b2fd98c727e29e0c5240ff2ae9818a0.codex,309,790,datacopy/CodexGiga/16fbe7b93b2fd98c727e29e0c5240ff2ae9818a0.codex,[5]
4158,50623c43aa5914faee482174d42fe19d3c6dd6ed.codex,309,790,datacopy/CodexGiga/50623c43aa5914faee482174d42fe19d3c6dd6ed.codex,[5]
4159,455f13681dfa9eaad817f9126a485e3b542c7ec3.codex,309,790,datacopy/CodexGiga/455f13681dfa9eaad817f9126a485e3b542c7ec3.codex,[5]
4160,a7ab9fe7df24f86f8e3f3036b8a4944d33ecd66d.codex,309,790,datacopy/CodexGiga/a7ab9fe7df24f86f8e3f3036b8a4944d33ecd66d.codex,[5]
4161,18cbb59b51172e6b262f81ca48bd8bc609b1d64c.codex,309,790,datacopy/CodexGiga/18cbb59b51172e6b262f81ca48bd8bc609b1d64c.codex,[5]
4162,383e1d37e610cbd47d6797070a7ab49dfe90e13a.codex,309,790,datacopy/CodexGiga/383e1d37e610cbd47d6797070a7ab49dfe90e13a.codex,[5]
4163,bd769605cdb268e405604deda80b96e522421692.codex,309,790,datacopy/CodexGiga/bd769605cdb268e405604deda80b96e522421692.codex,[5]
4164,ffa088ea405c74b43e0aec8ee8e0a1a78d965e80.codex,309,790,datacopy/CodexGiga/ffa088ea405c74b43e0aec8ee8e0a1a78d965e80.codex,[5]
4165,b6a61c5fb646b5ecd082730e36347398901ec0e0.codex,309,790,datacopy/CodexGiga/b6a61c5fb646b5ecd082730e36347398901ec0e0.codex,[5]
4166,4ee6ee4633f288a28c1a4ed35fe202b59b119e76.codex,309,790,datacopy/CodexGiga/4ee6ee4633f288a28c1a4ed35fe202b59b119e76.codex,[5]
4167,f8064a06d06268966ee7c74d82c5b1c55708096b.codex,309,790,datacopy/CodexGiga/f8064a06d06268966ee7c74d82c5b1c55708096b.codex,[5]
4168,2f063d4fe6984e024dd69101c3760402a34786c4.codex,309,790,datacopy/CodexGiga/2f063d4fe6984e024dd69101c3760402a34786c4.codex,[5]
4169,909f45d580a8c33aadffc4020ab66d0e675c3bdf.codex,309,790,datacopy/CodexGiga/909f45d580a8c33aadffc4020ab66d0e675c3bdf.codex,[5]
4170,2b0dbea93861ec26f1e94f7764501f3d51c574bf.codex,309,790,datacopy/CodexGiga/2b0dbea93861ec26f1e94f7764501f3d51c574bf.codex,[5]
4171,8d4322e01f30df1914d928298052b23092265869.codex,309,790,datacopy/CodexGiga/8d4322e01f30df1914d928298052b23092265869.codex,[5]
4172,464a3262c2fe824f18cf5d17841ba9114c5044b4.codex,309,790,datacopy/CodexGiga/464a3262c2fe824f18cf5d17841ba9114c5044b4.codex,[5]
4173,3ac7a25f582c73547207b1ad3e78657ab8fa92ee.codex,309,790,datacopy/CodexGiga/3ac7a25f582c73547207b1ad3e78657ab8fa92ee.codex,[5]
4174,2d070b06ae312ac430247a0533f15118daf5ca9d.codex,309,790,datacopy/CodexGiga/2d070b06ae312ac430247a0533f15118daf5ca9d.codex,[5]
4175,3580401a8e660ed29f716dc33051c61b8e6b5f37.codex,309,790,datacopy/CodexGiga/3580401a8e660ed29f716dc33051c61b8e6b5f37.codex,[5]
4176,12e8c6883f3731798b8eabfe1a041e6d02d02055.codex,309,790,datacopy/CodexGiga/12e8c6883f3731798b8eabfe1a041e6d02d02055.codex,[5]
4177,80f9e63f19ecaf511216bd6561faff611216087d.codex,309,790,datacopy/CodexGiga/80f9e63f19ecaf511216bd6561faff611216087d.codex,[5]
4178,53ef55cc16073901133e23403775c8cf58b0f049.codex,309,790,datacopy/CodexGiga/53ef55cc16073901133e23403775c8cf58b0f049.codex,[5]
4179,ab5a458e85707797370925c499ae6f67dfcc4e79.codex,309,790,datacopy/CodexGiga/ab5a458e85707797370925c499ae6f67dfcc4e79.codex,[5]
4180,286911bc4a0bac095bc067ccb4ced36936f4d0bb.codex,309,790,datacopy/CodexGiga/286911bc4a0bac095bc067ccb4ced36936f4d0bb.codex,[5]
4181,1116ed804419b887988ef0566333ffe64d1b0e3f.codex,309,790,datacopy/CodexGiga/1116ed804419b887988ef0566333ffe64d1b0e3f.codex,[5]
4182,e1d5fcff24a6756575d027d1e2d91b1fb565e432.codex,309,790,datacopy/CodexGiga/e1d5fcff24a6756575d027d1e2d91b1fb565e432.codex,[5]
4183,dc14e7fe84227952129172c376bf9420ca421055.codex,309,790,datacopy/CodexGiga/dc14e7fe84227952129172c376bf9420ca421055.codex,[5]
4184,e1449d0192def4b944b61fa03df2efba130ab2b2.codex,309,790,datacopy/CodexGiga/e1449d0192def4b944b61fa03df2efba130ab2b2.codex,[5]
4185,18cbc9f85891526699dd66daff78ea6ce8167c2a.codex,309,790,datacopy/CodexGiga/18cbc9f85891526699dd66daff78ea6ce8167c2a.codex,[5]
4186,f371a9f094e9caa8805acb1f08017d35c9ac1c07.codex,309,790,datacopy/CodexGiga/f371a9f094e9caa8805acb1f08017d35c9ac1c07.codex,[5]
4187,fbe068cd0a88817338f71b8730b43174a804787b.codex,309,790,datacopy/CodexGiga/fbe068cd0a88817338f71b8730b43174a804787b.codex,[5]
4188,8c1278f04dc85bfec89430415c14e49e9b2d1bc9.codex,309,790,datacopy/CodexGiga/8c1278f04dc85bfec89430415c14e49e9b2d1bc9.codex,[5]
4189,f4e01db0041c1617eddbcec4d9c77ebc426af1ec.codex,309,790,datacopy/CodexGiga/f4e01db0041c1617eddbcec4d9c77ebc426af1ec.codex,[5]
4190,11b1dc55ab1e3bdd610701e517e1430346eb2955.codex,309,790,datacopy/CodexGiga/11b1dc55ab1e3bdd610701e517e1430346eb2955.codex,[5]
4191,7413865f6134ddb162a1d2a6153b9470c999bbd9.codex,309,790,datacopy/CodexGiga/7413865f6134ddb162a1d2a6153b9470c999bbd9.codex,[5]
4192,e0c1c801f53c1743945cbf18ab61acd2f9e23f2d.codex,309,790,datacopy/CodexGiga/e0c1c801f53c1743945cbf18ab61acd2f9e23f2d.codex,[5]
4193,9eff14d21cbfba06fc816f1a59ae82ee6f2ffd0a.codex,309,790,datacopy/CodexGiga/9eff14d21cbfba06fc816f1a59ae82ee6f2ffd0a.codex,[5]
4194,a200a6a3751a852930c18b2d6a077cf34079705f.codex,309,790,datacopy/CodexGiga/a200a6a3751a852930c18b2d6a077cf34079705f.codex,[5]
4195,639baf8e5a76f30b5d331649d98550fcaa846f3b.codex,309,790,datacopy/CodexGiga/639baf8e5a76f30b5d331649d98550fcaa846f3b.codex,[5]
4196,649ca7adf86c4d4630b40074583902076eaead88.codex,310,3,datacopy/CodexGiga/649ca7adf86c4d4630b40074583902076eaead88.codex,[3]
4197,fce8180cde6493cb89e71b0ebf521d837984130f.codex,310,3,datacopy/CodexGiga/fce8180cde6493cb89e71b0ebf521d837984130f.codex,[3]
4198,068370d2e354c805ba4b14f8b1c777e7149d5fdf.codex,310,3,datacopy/CodexGiga/068370d2e354c805ba4b14f8b1c777e7149d5fdf.codex,[3]
4199,1432b3bff29483baf54993ef61d91ead2647297d.codex,310,3,datacopy/CodexGiga/1432b3bff29483baf54993ef61d91ead2647297d.codex,[3]
4200,622a2f5ff7bcf6d8e2f344aa47c71bf17c56d1c6.codex,310,3,datacopy/CodexGiga/622a2f5ff7bcf6d8e2f344aa47c71bf17c56d1c6.codex,[3]
4201,eceb0e02fda23b0b399e0941a166a647bc6292c6.codex,310,3,datacopy/CodexGiga/eceb0e02fda23b0b399e0941a166a647bc6292c6.codex,[3]
4202,a129ed328172d81a179a4b62a50c67e65de8609b.codex,310,3,datacopy/CodexGiga/a129ed328172d81a179a4b62a50c67e65de8609b.codex,[3]
4203,ccf9c5b0dee850622660a40f2680600c5d9b6083.codex,320,769,datacopy/CodexGiga/ccf9c5b0dee850622660a40f2680600c5d9b6083.codex,"[1, 114, 1]"
4204,384e24ce8ccbab729c72a71336d160ef09bc588a.codex,320,310,datacopy/CodexGiga/384e24ce8ccbab729c72a71336d160ef09bc588a.codex,"[1, 114, 1]"
4205,1b5338ce7c9ddea5aa6eb8fe60cfc2eb9cc440f4.codex,320,769,datacopy/CodexGiga/1b5338ce7c9ddea5aa6eb8fe60cfc2eb9cc440f4.codex,"[1, 114, 1]"
4206,5fc4d1e0ae4fc2737150dc4af3e972f74c30ae01.codex,320,310,datacopy/CodexGiga/5fc4d1e0ae4fc2737150dc4af3e972f74c30ae01.codex,"[1, 114, 1]"
4207,65b73fe5230ac1ae8da649443ff505c441f37165.codex,320,310,datacopy/CodexGiga/65b73fe5230ac1ae8da649443ff505c441f37165.codex,"[1, 114, 1]"
4208,4bb3c6587921d59b9c4a86dc594169652981bdcf.codex,320,786,datacopy/CodexGiga/4bb3c6587921d59b9c4a86dc594169652981bdcf.codex,"[1, 114, 1]"
4209,9a7b3b0213a938d473430dd54938e320520a1321.codex,320,769,datacopy/CodexGiga/9a7b3b0213a938d473430dd54938e320520a1321.codex,"[1, 114, 1]"
4210,c6b35e95f67395d657eba33c8a1c6f9a8c23e8d0.codex,320,769,datacopy/CodexGiga/c6b35e95f67395d657eba33c8a1c6f9a8c23e8d0.codex,"[1, 114, 1]"
4211,d30140abe06ef0c6baea7b880bdea5edc0d83a95.codex,320,310,datacopy/CodexGiga/d30140abe06ef0c6baea7b880bdea5edc0d83a95.codex,"[1, 114, 1]"
4212,9f5f0abf5f8e8c97bc72e32e22efcfdd43fe669c.codex,320,769,datacopy/CodexGiga/9f5f0abf5f8e8c97bc72e32e22efcfdd43fe669c.codex,"[1, 114, 1]"
4213,29b510446c694b429203fc69ee47f664111a5390.codex,320,769,datacopy/CodexGiga/29b510446c694b429203fc69ee47f664111a5390.codex,"[1, 114, 1]"
4214,c908cc99bfe3c1a039dacbe43866625ace75d342.codex,320,310,datacopy/CodexGiga/c908cc99bfe3c1a039dacbe43866625ace75d342.codex,"[1, 114, 1]"
4215,821507c9339f9f87761b5176012b29ebec2af46d.codex,320,769,datacopy/CodexGiga/821507c9339f9f87761b5176012b29ebec2af46d.codex,"[1, 114, 1]"
4216,ba9d48a42513b78ca8be695360de04f7fbdf9762.codex,320,769,datacopy/CodexGiga/ba9d48a42513b78ca8be695360de04f7fbdf9762.codex,"[1, 114, 1]"
4217,d97343eaf6d29592878a16cb29e3bf8d7790bf3d.codex,320,769,datacopy/CodexGiga/d97343eaf6d29592878a16cb29e3bf8d7790bf3d.codex,"[1, 114, 1]"
4218,96e365a999933ec0d2a0c4bcfd1faff59777c78d.codex,320,769,datacopy/CodexGiga/96e365a999933ec0d2a0c4bcfd1faff59777c78d.codex,"[1, 114, 1]"
4219,c577376cff2087887ac873260ab7ea07f5e96f10.codex,320,310,datacopy/CodexGiga/c577376cff2087887ac873260ab7ea07f5e96f10.codex,"[1, 114, 1]"
4220,e3d039955066a2afb010aed3648767e6f4408d0f.codex,320,769,datacopy/CodexGiga/e3d039955066a2afb010aed3648767e6f4408d0f.codex,"[1, 114, 1]"
4221,c7770c7851b2820f049e79d5a1cf69c448f87fe0.codex,320,310,datacopy/CodexGiga/c7770c7851b2820f049e79d5a1cf69c448f87fe0.codex,"[1, 114, 1]"
4222,fa48dbfa9319a8b98cd163e366e8efd08900d7fd.codex,320,769,datacopy/CodexGiga/fa48dbfa9319a8b98cd163e366e8efd08900d7fd.codex,"[1, 114, 1]"
4223,285f9ac80d6a723121774fab5fa0a7f7e12a0f76.codex,320,769,datacopy/CodexGiga/285f9ac80d6a723121774fab5fa0a7f7e12a0f76.codex,"[1, 114, 1]"
4224,29cd55f93b156e570030989b305bd5f87af8152f.codex,320,769,datacopy/CodexGiga/29cd55f93b156e570030989b305bd5f87af8152f.codex,"[1, 114, 1]"
4225,e3b0841a55ae601d766358567bd9ff4c30b29e5b.codex,320,769,datacopy/CodexGiga/e3b0841a55ae601d766358567bd9ff4c30b29e5b.codex,"[1, 114, 1]"
4226,07535c35d1f8790adbe3898e5375374cb737c03c.codex,320,310,datacopy/CodexGiga/07535c35d1f8790adbe3898e5375374cb737c03c.codex,"[1, 114, 1]"
4227,b6db9ecf67a9be355f7f26471f4c841bcfc57638.codex,323,810,datacopy/CodexGiga/b6db9ecf67a9be355f7f26471f4c841bcfc57638.codex,[21]
4228,6d122f811164818eb830769b77fadc307ede8e6f.codex,323,810,datacopy/CodexGiga/6d122f811164818eb830769b77fadc307ede8e6f.codex,[21]
4229,e0972403ec7cb9af27b059c9a9791508bfec7baa.codex,323,810,datacopy/CodexGiga/e0972403ec7cb9af27b059c9a9791508bfec7baa.codex,[21]
4230,de30620fe969bc8f680d1bd673134fbbd652ffc4.codex,323,810,datacopy/CodexGiga/de30620fe969bc8f680d1bd673134fbbd652ffc4.codex,[21]
4231,0af4ce34183a83c8143689a4205fc9b3d0a7212d.codex,323,810,datacopy/CodexGiga/0af4ce34183a83c8143689a4205fc9b3d0a7212d.codex,[21]
4232,d3916bc4ed3a7acb404929efdc3822c710f4925e.codex,323,810,datacopy/CodexGiga/d3916bc4ed3a7acb404929efdc3822c710f4925e.codex,[21]
4233,452da59259113c0b513c277400f690dbd3080812.codex,323,810,datacopy/CodexGiga/452da59259113c0b513c277400f690dbd3080812.codex,[21]
4234,41e7dc1d4d4e11d2263fcf71a0c27c1674bdecc8.codex,323,810,datacopy/CodexGiga/41e7dc1d4d4e11d2263fcf71a0c27c1674bdecc8.codex,[21]
4235,9e12ff814906094ee174764ed99f7f930c57416f.codex,323,810,datacopy/CodexGiga/9e12ff814906094ee174764ed99f7f930c57416f.codex,[21]
4236,de38e7ebc9977563cd8ecce0759edfc5e3813014.codex,323,810,datacopy/CodexGiga/de38e7ebc9977563cd8ecce0759edfc5e3813014.codex,[21]
4237,09d4eca67b1d071e57c5951d97fe9dd9c62f1580.codex,323,810,datacopy/CodexGiga/09d4eca67b1d071e57c5951d97fe9dd9c62f1580.codex,[21]
4238,fe5ee93ec970c414d979320b93cc743ee49d3dc3.codex,323,810,datacopy/CodexGiga/fe5ee93ec970c414d979320b93cc743ee49d3dc3.codex,[21]
4239,33f9057cee4f09fbceb2797c7b1bc9fb719150a3.codex,323,810,datacopy/CodexGiga/33f9057cee4f09fbceb2797c7b1bc9fb719150a3.codex,[21]
4240,9a32ada46980c5cdbc8627d97b8d21101b9179a4.codex,323,810,datacopy/CodexGiga/9a32ada46980c5cdbc8627d97b8d21101b9179a4.codex,[21]
4241,80202daff255db88a7aa1cb622f061bc67f28df0.codex,323,810,datacopy/CodexGiga/80202daff255db88a7aa1cb622f061bc67f28df0.codex,[21]
4242,2d4d2247b59a5d9408fa6222ce679104d82fd787.codex,323,810,datacopy/CodexGiga/2d4d2247b59a5d9408fa6222ce679104d82fd787.codex,[21]
4243,2847fed8edf2861997c0624dca36f5449038ca21.codex,323,810,datacopy/CodexGiga/2847fed8edf2861997c0624dca36f5449038ca21.codex,[21]
4244,d9574d591e64d88b9b3fc82720845f48d1f5f5bc.codex,323,810,datacopy/CodexGiga/d9574d591e64d88b9b3fc82720845f48d1f5f5bc.codex,[21]
4245,5d9cecdfdd216fcecc830b753a507ae497fc49da.codex,323,810,datacopy/CodexGiga/5d9cecdfdd216fcecc830b753a507ae497fc49da.codex,[21]
4246,c71e32910001c23067de88b70a79d2218cbd598a.codex,323,810,datacopy/CodexGiga/c71e32910001c23067de88b70a79d2218cbd598a.codex,[21]
4247,8c1ad6455ef8259293034be20f5ace43490901d5.codex,323,810,datacopy/CodexGiga/8c1ad6455ef8259293034be20f5ace43490901d5.codex,[21]
4248,97dbf4a6a0e033f05417b7635b394f3013e3d734.codex,323,810,datacopy/CodexGiga/97dbf4a6a0e033f05417b7635b394f3013e3d734.codex,[21]
4249,a5999abba9e36385ae6aadaff566698c9c526af0.codex,323,810,datacopy/CodexGiga/a5999abba9e36385ae6aadaff566698c9c526af0.codex,[21]
4250,0126e3d84b101c74fd36a6284688fe3d87899628.codex,323,810,datacopy/CodexGiga/0126e3d84b101c74fd36a6284688fe3d87899628.codex,[21]
4251,0e8fc752319937506cb1ffc2937260744ff12dc8.codex,323,810,datacopy/CodexGiga/0e8fc752319937506cb1ffc2937260744ff12dc8.codex,[21]
4252,8bc41fd04400799c397389d1abb7038de3d9af84.codex,323,810,datacopy/CodexGiga/8bc41fd04400799c397389d1abb7038de3d9af84.codex,[21]
4253,ab9c4cc9d121041716715ea5409a93d0ce4e98ca.codex,323,810,datacopy/CodexGiga/ab9c4cc9d121041716715ea5409a93d0ce4e98ca.codex,[21]
4254,93f9a16b89084e8edc14de0df29a13f03e72929b.codex,323,810,datacopy/CodexGiga/93f9a16b89084e8edc14de0df29a13f03e72929b.codex,[21]
4255,6a3b57ad9c2a73a35504f67ce36bd2634e634f91.codex,323,810,datacopy/CodexGiga/6a3b57ad9c2a73a35504f67ce36bd2634e634f91.codex,[21]
4256,0af6f3af846fc307bba7a806d86c430b5a164507.codex,323,810,datacopy/CodexGiga/0af6f3af846fc307bba7a806d86c430b5a164507.codex,[21]
4257,80b99f182c6c37b08a8023c3f8b2a731aacff5e2.codex,323,810,datacopy/CodexGiga/80b99f182c6c37b08a8023c3f8b2a731aacff5e2.codex,[21]
4258,c16ca269a374041c17eb0752c672ad341e226e57.codex,323,810,datacopy/CodexGiga/c16ca269a374041c17eb0752c672ad341e226e57.codex,[21]
4259,fd2be968541a59a35d2616ab60c23d4026c13db2.codex,323,810,datacopy/CodexGiga/fd2be968541a59a35d2616ab60c23d4026c13db2.codex,[21]
4260,ab8301840fec72cb1f1855d4a454fbd278c0a0d3.codex,323,810,datacopy/CodexGiga/ab8301840fec72cb1f1855d4a454fbd278c0a0d3.codex,[21]
4261,0957118717f8fb46a8ee9e4984fbdc43f6fa8dd4.codex,323,810,datacopy/CodexGiga/0957118717f8fb46a8ee9e4984fbdc43f6fa8dd4.codex,[21]
4262,f7674630ab84dcb66acea2473608e388ed67d74d.codex,323,810,datacopy/CodexGiga/f7674630ab84dcb66acea2473608e388ed67d74d.codex,[21]
4263,2dfb079451313e97af3a5b4e1cb92e27453670c0.codex,323,810,datacopy/CodexGiga/2dfb079451313e97af3a5b4e1cb92e27453670c0.codex,[21]
4264,fb9ab46760e1feaeb6c561dce3ce258a19143044.codex,323,810,datacopy/CodexGiga/fb9ab46760e1feaeb6c561dce3ce258a19143044.codex,[21]
4265,2df469b77a086c3a926035ce1ca50ddeec0a2f3c.codex,323,810,datacopy/CodexGiga/2df469b77a086c3a926035ce1ca50ddeec0a2f3c.codex,[21]
4266,470c1846d03da4c4aef2309c63f77d7ede9f0ace.codex,323,810,datacopy/CodexGiga/470c1846d03da4c4aef2309c63f77d7ede9f0ace.codex,[21]
4267,355c16cc0ffff0c5fa53d0eda4b8cd1b17cf2384.codex,323,810,datacopy/CodexGiga/355c16cc0ffff0c5fa53d0eda4b8cd1b17cf2384.codex,[21]
4268,5ded326f49d606347ddc7635dd0e828927fea429.codex,323,810,datacopy/CodexGiga/5ded326f49d606347ddc7635dd0e828927fea429.codex,[21]
4269,f3de7b5868a58ab47a3495a3ab0abfd54486c8d4.codex,323,810,datacopy/CodexGiga/f3de7b5868a58ab47a3495a3ab0abfd54486c8d4.codex,[21]
4270,41b5b37d18269092b1615940b8f4b90c79889967.codex,323,810,datacopy/CodexGiga/41b5b37d18269092b1615940b8f4b90c79889967.codex,[21]
4271,8cea1d08180f9625585687481227816d87c59d50.codex,323,810,datacopy/CodexGiga/8cea1d08180f9625585687481227816d87c59d50.codex,[21]
4272,79a0b7f86b55b27884c6495171f8748f55987d6d.codex,323,810,datacopy/CodexGiga/79a0b7f86b55b27884c6495171f8748f55987d6d.codex,[21]
4273,783e76821d48cbc6e88b5aacc0df9f57feb99777.codex,324,784,datacopy/CodexGiga/783e76821d48cbc6e88b5aacc0df9f57feb99777.codex,"[2, 16]"
4274,115e193739cf103b43af7b8be146218e0cce4fb6.codex,324,744,datacopy/CodexGiga/115e193739cf103b43af7b8be146218e0cce4fb6.codex,"[2, 16]"
4275,6183fe953c61d3eaf8954035c3fb6645f20b0d19.codex,324,744,datacopy/CodexGiga/6183fe953c61d3eaf8954035c3fb6645f20b0d19.codex,"[2, 16]"
4276,dd72847f99e88a46236456bb49999eba2110d3f5.codex,324,784,datacopy/CodexGiga/dd72847f99e88a46236456bb49999eba2110d3f5.codex,"[2, 16]"
4277,f36a398c1ea4e7cc66d15d32cda79f7b338eed1d.codex,324,744,datacopy/CodexGiga/f36a398c1ea4e7cc66d15d32cda79f7b338eed1d.codex,"[2, 16]"
4278,eee7997e62dc0628454e243442c76a77dabb142f.codex,324,784,datacopy/CodexGiga/eee7997e62dc0628454e243442c76a77dabb142f.codex,"[2, 16]"
4279,9ca8ab492a55ac3f7c0501cd047cad039a42c7de.codex,324,784,datacopy/CodexGiga/9ca8ab492a55ac3f7c0501cd047cad039a42c7de.codex,"[2, 16]"
4280,0f0ce8dc616031af01a3995d48ebe1175b4dff33.codex,326,827,datacopy/CodexGiga/0f0ce8dc616031af01a3995d48ebe1175b4dff33.codex,[1]
4281,f126a7c253b8b94aa1539e9fd816336f07197223.codex,326,827,datacopy/CodexGiga/f126a7c253b8b94aa1539e9fd816336f07197223.codex,[1]
4282,2df8a0bca61519536d6346f036f33f7cd65b6a04.codex,326,827,datacopy/CodexGiga/2df8a0bca61519536d6346f036f33f7cd65b6a04.codex,[1]
4283,438ac491ce63841ef34974f37eb3e0cb3682da16.codex,330,3,datacopy/CodexGiga/438ac491ce63841ef34974f37eb3e0cb3682da16.codex,[3]
4284,d7c0eb7192d185d13449f21e1350473ab7aa3683.codex,330,3,datacopy/CodexGiga/d7c0eb7192d185d13449f21e1350473ab7aa3683.codex,[3]
4285,cdb537978f9f1bbc33d2073428735db1b2848d2b.codex,330,3,datacopy/CodexGiga/cdb537978f9f1bbc33d2073428735db1b2848d2b.codex,[3]
4286,17ac30ae1e9a9f33263bbd0d7c1ae00543fa92dc.codex,330,3,datacopy/CodexGiga/17ac30ae1e9a9f33263bbd0d7c1ae00543fa92dc.codex,[3]
4287,acf26efe1dc33b4885759e521bd634fa9896b24b.codex,334,841,datacopy/CodexGiga/acf26efe1dc33b4885759e521bd634fa9896b24b.codex,[16]
4288,e97c0b1dead191b1b83cfff6040b78f4476347db.codex,334,841,datacopy/CodexGiga/e97c0b1dead191b1b83cfff6040b78f4476347db.codex,[16]
4289,08a484d5fdf591c0ed93eb733353b96ccef7e27e.codex,334,841,datacopy/CodexGiga/08a484d5fdf591c0ed93eb733353b96ccef7e27e.codex,[16]
4290,480c97600184abea7aecad5ec1e9cebdf2372bc7.codex,334,841,datacopy/CodexGiga/480c97600184abea7aecad5ec1e9cebdf2372bc7.codex,[16]
4291,4b5bdaff1543d4603b4a2d45bc2164561eb9a36c.codex,334,841,datacopy/CodexGiga/4b5bdaff1543d4603b4a2d45bc2164561eb9a36c.codex,[16]
4292,71f2e6775e9fd8240647db71b753b468110ad160.codex,334,841,datacopy/CodexGiga/71f2e6775e9fd8240647db71b753b468110ad160.codex,[16]
4293,f4c82c937f3bd3442388cb95ed6d6ddea6ab4598.codex,334,841,datacopy/CodexGiga/f4c82c937f3bd3442388cb95ed6d6ddea6ab4598.codex,[16]
4294,595ac0af4585b6550bbf3c0b5b982e2fe8052d76.codex,334,841,datacopy/CodexGiga/595ac0af4585b6550bbf3c0b5b982e2fe8052d76.codex,[16]
4295,75c1fc256729acb60f232dd46bd378847091a569.codex,334,841,datacopy/CodexGiga/75c1fc256729acb60f232dd46bd378847091a569.codex,[16]
4296,9f69c56b587d4717907738fbfe2cd751e8e0f902.codex,334,841,datacopy/CodexGiga/9f69c56b587d4717907738fbfe2cd751e8e0f902.codex,[16]
4297,ceb0d237f3ecd1b44654b24e4f2ff542420a550d.codex,334,841,datacopy/CodexGiga/ceb0d237f3ecd1b44654b24e4f2ff542420a550d.codex,[16]
4298,20a29d1f89c07bafbb4c61ce208531d68125c8ea.codex,334,841,datacopy/CodexGiga/20a29d1f89c07bafbb4c61ce208531d68125c8ea.codex,[16]
4299,0fbaf73e6232dcccbb81b168283c9f5c5fb82894.codex,334,841,datacopy/CodexGiga/0fbaf73e6232dcccbb81b168283c9f5c5fb82894.codex,[16]
4300,dfabcdb88d6a57a46eeec6166baa977a4ca071f3.codex,334,841,datacopy/CodexGiga/dfabcdb88d6a57a46eeec6166baa977a4ca071f3.codex,[16]
4301,ebef7e35ac956ceba1c0ee26c6382d7a0d89b61f.codex,334,841,datacopy/CodexGiga/ebef7e35ac956ceba1c0ee26c6382d7a0d89b61f.codex,[16]
4302,dc52add7be5553ab6c6d30f77dd46ac66a785dbf.codex,334,841,datacopy/CodexGiga/dc52add7be5553ab6c6d30f77dd46ac66a785dbf.codex,[16]
4303,c272381fe0bb1cf049efa526051783c80a596dbb.codex,334,841,datacopy/CodexGiga/c272381fe0bb1cf049efa526051783c80a596dbb.codex,[16]
4304,5d3b53661b7f7af7fe05e5daf741e5fa93066ded.codex,334,841,datacopy/CodexGiga/5d3b53661b7f7af7fe05e5daf741e5fa93066ded.codex,[16]
4305,b1eb809f05b05499defe9d087c98bc30ec1767f8.codex,334,841,datacopy/CodexGiga/b1eb809f05b05499defe9d087c98bc30ec1767f8.codex,[16]
4306,e36635b83ca60cdea382b11a6bcfc11b0cb6c98f.codex,334,841,datacopy/CodexGiga/e36635b83ca60cdea382b11a6bcfc11b0cb6c98f.codex,[16]
4307,827de8655d8f1da9d3b10a52f914c5297386922a.codex,334,841,datacopy/CodexGiga/827de8655d8f1da9d3b10a52f914c5297386922a.codex,[16]
4308,7c23120467aabbb391aa0cb340e2986770bf1c28.codex,338,838,datacopy/CodexGiga/7c23120467aabbb391aa0cb340e2986770bf1c28.codex,[1]
4309,a8722e87f6287c1c3484e6c0a984960d995b4a57.codex,338,838,datacopy/CodexGiga/a8722e87f6287c1c3484e6c0a984960d995b4a57.codex,[1]
4310,4be71a7b6dcc4e8a3c854f4b78840babf36c50f3.codex,338,838,datacopy/CodexGiga/4be71a7b6dcc4e8a3c854f4b78840babf36c50f3.codex,[1]
4311,91faf2a1ee1947c1efdf8cb51025265190e6ce13.codex,343,877,datacopy/CodexGiga/91faf2a1ee1947c1efdf8cb51025265190e6ce13.codex,[1]
4312,aad5d30a2b346c08149b21727080d69a949b5b91.codex,343,877,datacopy/CodexGiga/aad5d30a2b346c08149b21727080d69a949b5b91.codex,[1]
4313,22a82dfeefc6cd027342b0c7a65bbb97c159707c.codex,343,877,datacopy/CodexGiga/22a82dfeefc6cd027342b0c7a65bbb97c159707c.codex,[1]
4314,0fbb7a6406eb3df90a08db163163a8a666ab3c28.codex,343,877,datacopy/CodexGiga/0fbb7a6406eb3df90a08db163163a8a666ab3c28.codex,[1]
4315,136c2ef8c1e1720274f4a4452a9eca0c9f67e6d7.codex,343,877,datacopy/CodexGiga/136c2ef8c1e1720274f4a4452a9eca0c9f67e6d7.codex,[1]
4316,55062342c2596bed7f87ee0a256bce3652e84dc7.codex,345,3,datacopy/CodexGiga/55062342c2596bed7f87ee0a256bce3652e84dc7.codex,"[3, 1]"
4317,8fa3f75dfba0144309f3a2989f6f99cbe13af741.codex,345,957,datacopy/CodexGiga/8fa3f75dfba0144309f3a2989f6f99cbe13af741.codex,"[3, 1]"
4318,a73a43f7b578634bbd572684f16694bc6a5b0052.codex,345,3,datacopy/CodexGiga/a73a43f7b578634bbd572684f16694bc6a5b0052.codex,"[3, 1]"
4319,3026886b213d07b8f95aa531bf2413152fa2e799.codex,345,957,datacopy/CodexGiga/3026886b213d07b8f95aa531bf2413152fa2e799.codex,"[3, 1]"
4320,6318d132e17a9d5d8a5ac954edd46475532121c3.codex,345,3,datacopy/CodexGiga/6318d132e17a9d5d8a5ac954edd46475532121c3.codex,"[3, 1]"
4321,dc355f883091ee5e7becc284a39b137149a86185.codex,345,3,datacopy/CodexGiga/dc355f883091ee5e7becc284a39b137149a86185.codex,"[3, 1]"
4322,ae90ae09afaded8fdb601d25cfc2aa3f98449169.codex,345,3,datacopy/CodexGiga/ae90ae09afaded8fdb601d25cfc2aa3f98449169.codex,"[3, 1]"
4323,9a34c7d978ba542569694245089518b020e7f3e1.codex,348,3,datacopy/CodexGiga/9a34c7d978ba542569694245089518b020e7f3e1.codex,"[3, 203, 20, 5, 463]"
4324,513628eb549fdcf9af488bff451ab31a03368190.codex,348,203,datacopy/CodexGiga/513628eb549fdcf9af488bff451ab31a03368190.codex,"[3, 203, 20, 5, 463]"
4325,e911aef062a43d83a7346c89e5756b167d8af93c.codex,348,764,datacopy/CodexGiga/e911aef062a43d83a7346c89e5756b167d8af93c.codex,"[3, 203, 20, 5, 463]"
4326,97c0737c9b88e4cff7c3118a59698b9fc8004e88.codex,348,764,datacopy/CodexGiga/97c0737c9b88e4cff7c3118a59698b9fc8004e88.codex,"[3, 203, 20, 5, 463]"
4327,3ec61bcb0e35d34070cfeb349f6873172dc1c965.codex,348,764,datacopy/CodexGiga/3ec61bcb0e35d34070cfeb349f6873172dc1c965.codex,"[3, 203, 20, 5, 463]"
4328,d3d9ec3b0cd4c3a99234ce8820c5498cb788974d.codex,348,930,datacopy/CodexGiga/d3d9ec3b0cd4c3a99234ce8820c5498cb788974d.codex,"[3, 203, 20, 5, 463]"
4329,552a96fb2312fa148f538e18049d76c733e8d2af.codex,348,463,datacopy/CodexGiga/552a96fb2312fa148f538e18049d76c733e8d2af.codex,"[3, 203, 20, 5, 463]"
4330,e2d01cbf5a4bb08e12b48d3b11bb7d2a1284c6e6.codex,348,3,datacopy/CodexGiga/e2d01cbf5a4bb08e12b48d3b11bb7d2a1284c6e6.codex,"[3, 203, 20, 5, 463]"
4331,ad41b4993a53aa95ef86b417487fc6840d9d4bc4.codex,348,203,datacopy/CodexGiga/ad41b4993a53aa95ef86b417487fc6840d9d4bc4.codex,"[3, 203, 20, 5, 463]"
4332,3cdb968fd0c6fe8771e71c9451ac4f55a59abbf7.codex,348,764,datacopy/CodexGiga/3cdb968fd0c6fe8771e71c9451ac4f55a59abbf7.codex,"[3, 203, 20, 5, 463]"
4333,f01c2125e269bee1957a6c2e24ae9aaa94861f3a.codex,348,764,datacopy/CodexGiga/f01c2125e269bee1957a6c2e24ae9aaa94861f3a.codex,"[3, 203, 20, 5, 463]"
4334,ac0ce01ed13b6a533a196746caa812ed8d17fd66.codex,348,764,datacopy/CodexGiga/ac0ce01ed13b6a533a196746caa812ed8d17fd66.codex,"[3, 203, 20, 5, 463]"
4335,fa9d222e87965a48a35a036732bc7c8e92a83519.codex,348,764,datacopy/CodexGiga/fa9d222e87965a48a35a036732bc7c8e92a83519.codex,"[3, 203, 20, 5, 463]"
4336,5ff87f4f22a03797486928cc8da8d8678ce88f03.codex,348,764,datacopy/CodexGiga/5ff87f4f22a03797486928cc8da8d8678ce88f03.codex,"[3, 203, 20, 5, 463]"
4337,2f6f421ed71893ba772e0bf34e01f8742d47c472.codex,348,203,datacopy/CodexGiga/2f6f421ed71893ba772e0bf34e01f8742d47c472.codex,"[3, 203, 20, 5, 463]"
4338,bf3e7835bb43a037d5689ff358e626376d592ae6.codex,348,203,datacopy/CodexGiga/bf3e7835bb43a037d5689ff358e626376d592ae6.codex,"[3, 203, 20, 5, 463]"
4339,88f1c78e8eb5e472ee196e8f9e344b00d5f30cc9.codex,348,203,datacopy/CodexGiga/88f1c78e8eb5e472ee196e8f9e344b00d5f30cc9.codex,"[3, 203, 20, 5, 463]"
4340,158b942c7d52648449f96597558b76a1dd58b49e.codex,348,203,datacopy/CodexGiga/158b942c7d52648449f96597558b76a1dd58b49e.codex,"[3, 203, 20, 5, 463]"
4341,57d3b51d4cc0426883eafa71959b014fcb315887.codex,348,764,datacopy/CodexGiga/57d3b51d4cc0426883eafa71959b014fcb315887.codex,"[3, 203, 20, 5, 463]"
4342,64678c6be77ecb76d0e67598c8fc2b41b63b82c8.codex,348,764,datacopy/CodexGiga/64678c6be77ecb76d0e67598c8fc2b41b63b82c8.codex,"[3, 203, 20, 5, 463]"
4343,5bea0dba3701375d82e50ef93ad524606e573c7a.codex,348,930,datacopy/CodexGiga/5bea0dba3701375d82e50ef93ad524606e573c7a.codex,"[3, 203, 20, 5, 463]"
4344,1ba7805880b84bda9f8e91a24ad0936980f15ba6.codex,348,3,datacopy/CodexGiga/1ba7805880b84bda9f8e91a24ad0936980f15ba6.codex,"[3, 203, 20, 5, 463]"
4345,c5fd22c025914199e5f5148af81b09ff101d4bc5.codex,352,2,datacopy/CodexGiga/c5fd22c025914199e5f5148af81b09ff101d4bc5.codex,"[2, 3, 1, 18]"
4346,4b0f5fa2211608c04e621194744f822459bc46fe.codex,352,3,datacopy/CodexGiga/4b0f5fa2211608c04e621194744f822459bc46fe.codex,"[2, 3, 1, 18]"
4347,9fd548597c0c68f9f2c2acd02f7759e1df76b72b.codex,352,3,datacopy/CodexGiga/9fd548597c0c68f9f2c2acd02f7759e1df76b72b.codex,"[2, 3, 1, 18]"
4348,aa7cea14f41a7549e1bbdf97bc27cdd6ffa719ed.codex,352,2,datacopy/CodexGiga/aa7cea14f41a7549e1bbdf97bc27cdd6ffa719ed.codex,"[2, 3, 1, 18]"
4349,24cc3c7624faa17d04da8c72e78daf7544991799.codex,352,788,datacopy/CodexGiga/24cc3c7624faa17d04da8c72e78daf7544991799.codex,"[2, 3, 1, 18]"
4350,f6bf613587c84e0dd2f1310ef86bbd29c47459ec.codex,352,767,datacopy/CodexGiga/f6bf613587c84e0dd2f1310ef86bbd29c47459ec.codex,"[2, 3, 1, 18]"
4351,f63d9b542cc84080282c82455fd81716a4dd1b3e.codex,355,3,datacopy/CodexGiga/f63d9b542cc84080282c82455fd81716a4dd1b3e.codex,"[3, 1130]"
4352,daa48cc74a8a0795184112bf252525119d052daa.codex,355,3,datacopy/CodexGiga/daa48cc74a8a0795184112bf252525119d052daa.codex,"[3, 1130]"
4353,c33313a5079501d28d4c14f06a02de47ce32b5d7.codex,355,3,datacopy/CodexGiga/c33313a5079501d28d4c14f06a02de47ce32b5d7.codex,"[3, 1130]"
4354,2e2781454df89fe7bb6f5ea021afcc84ccb0bd0f.codex,355,3,datacopy/CodexGiga/2e2781454df89fe7bb6f5ea021afcc84ccb0bd0f.codex,"[3, 1130]"
4355,f947c128db126eaec9ad83e28283629172b32180.codex,355,3,datacopy/CodexGiga/f947c128db126eaec9ad83e28283629172b32180.codex,"[3, 1130]"
4356,07263f4cb2c12ec4cad6ecae0dfae4e45731c4da.codex,355,1130,datacopy/CodexGiga/07263f4cb2c12ec4cad6ecae0dfae4e45731c4da.codex,"[3, 1130]"
4357,8edb46260f57af77b2d56dc380e52c78e37cd3b0.codex,356,769,datacopy/CodexGiga/8edb46260f57af77b2d56dc380e52c78e37cd3b0.codex,[1]
4358,49fa0eff01e46bf78012be7cad11e9a1517b255b.codex,356,769,datacopy/CodexGiga/49fa0eff01e46bf78012be7cad11e9a1517b255b.codex,[1]
4359,9995988c428544f6d0176dda54d06d0a4374ac5a.codex,356,769,datacopy/CodexGiga/9995988c428544f6d0176dda54d06d0a4374ac5a.codex,[1]
4360,d222c5c2d536b3407760756073c226bbb497c065.codex,356,769,datacopy/CodexGiga/d222c5c2d536b3407760756073c226bbb497c065.codex,[1]
4361,3111404b815b71329b30048ef65c752c67c1495a.codex,358,801,datacopy/CodexGiga/3111404b815b71329b30048ef65c752c67c1495a.codex,"[2, 3]"
4362,c7fc5c49edfab9b77b70e03047d57583f27d2f5c.codex,358,3,datacopy/CodexGiga/c7fc5c49edfab9b77b70e03047d57583f27d2f5c.codex,"[2, 3]"
4363,9f9478a3e7d15890b764ee988b16035fdfdf1dea.codex,358,3,datacopy/CodexGiga/9f9478a3e7d15890b764ee988b16035fdfdf1dea.codex,"[2, 3]"
4364,d86d3a688d309f4210afe922099943bff664d354.codex,361,841,datacopy/CodexGiga/d86d3a688d309f4210afe922099943bff664d354.codex,"[16, 222]"
4365,89fdc23ccd0dca2c88037911b4c2574fd99bbba1.codex,361,841,datacopy/CodexGiga/89fdc23ccd0dca2c88037911b4c2574fd99bbba1.codex,"[16, 222]"
4366,fbf6c8f36a38f406951abe8b32123857b65eba44.codex,361,841,datacopy/CodexGiga/fbf6c8f36a38f406951abe8b32123857b65eba44.codex,"[16, 222]"
4367,4af3d41f1559dda87710a0c3cd5623b0f02d1f0f.codex,361,841,datacopy/CodexGiga/4af3d41f1559dda87710a0c3cd5623b0f02d1f0f.codex,"[16, 222]"
4368,607ea7662f2fee990ec4729d7c81b5391343dd55.codex,361,841,datacopy/CodexGiga/607ea7662f2fee990ec4729d7c81b5391343dd55.codex,"[16, 222]"
4369,d08508a7bedf068a7ecf47273e7c75da3913d445.codex,361,841,datacopy/CodexGiga/d08508a7bedf068a7ecf47273e7c75da3913d445.codex,"[16, 222]"
4370,040ec3cf3b3707209f8c53163efb1ffd226f4316.codex,361,841,datacopy/CodexGiga/040ec3cf3b3707209f8c53163efb1ffd226f4316.codex,"[16, 222]"
4371,b0a26f7c2580599e34d11c172badc3aa84cf4710.codex,361,841,datacopy/CodexGiga/b0a26f7c2580599e34d11c172badc3aa84cf4710.codex,"[16, 222]"
4372,b8269956b394dc9fedc665bf696f785ec1da916f.codex,361,841,datacopy/CodexGiga/b8269956b394dc9fedc665bf696f785ec1da916f.codex,"[16, 222]"
4373,b3ec52e16163299de9bd3bad92545a8c8902dc88.codex,361,54,datacopy/CodexGiga/b3ec52e16163299de9bd3bad92545a8c8902dc88.codex,"[16, 222]"
4374,e2c1d4e22db059a498d36ca98956c568f64c77c8.codex,361,841,datacopy/CodexGiga/e2c1d4e22db059a498d36ca98956c568f64c77c8.codex,"[16, 222]"
4375,312578a6511ded0f321d151812ce169e663547a1.codex,361,841,datacopy/CodexGiga/312578a6511ded0f321d151812ce169e663547a1.codex,"[16, 222]"
4376,b3951fa9375f4b1cd34b34ef52e795c6bdd62635.codex,361,841,datacopy/CodexGiga/b3951fa9375f4b1cd34b34ef52e795c6bdd62635.codex,"[16, 222]"
4377,aadbc451cfff086a8788a42e8670545982ba294d.codex,361,841,datacopy/CodexGiga/aadbc451cfff086a8788a42e8670545982ba294d.codex,"[16, 222]"
4378,02b4d79821abe1f6f1c53423addab07df5af2c8b.codex,361,841,datacopy/CodexGiga/02b4d79821abe1f6f1c53423addab07df5af2c8b.codex,"[16, 222]"
4379,bf1ec2cd55ff9dfc3df9572c975882b2a3e0e7a2.codex,361,841,datacopy/CodexGiga/bf1ec2cd55ff9dfc3df9572c975882b2a3e0e7a2.codex,"[16, 222]"
4380,55e2b59adee8713c623bc512e37bde4539ff1915.codex,361,841,datacopy/CodexGiga/55e2b59adee8713c623bc512e37bde4539ff1915.codex,"[16, 222]"
4381,8fc7b1b2553a2b7f64dd0db3a5a5385d5b09d087.codex,361,841,datacopy/CodexGiga/8fc7b1b2553a2b7f64dd0db3a5a5385d5b09d087.codex,"[16, 222]"
4382,f76fe10a44d49df0d33518d34ed017fd89eb109f.codex,361,841,datacopy/CodexGiga/f76fe10a44d49df0d33518d34ed017fd89eb109f.codex,"[16, 222]"
4383,8d70cd04ed89aaf5687eb8c08893b2713e0b2299.codex,361,841,datacopy/CodexGiga/8d70cd04ed89aaf5687eb8c08893b2713e0b2299.codex,"[16, 222]"
4384,0d9fd39212d390b7a9d32b840a9868c4641f55fa.codex,361,841,datacopy/CodexGiga/0d9fd39212d390b7a9d32b840a9868c4641f55fa.codex,"[16, 222]"
4385,15d80013786e8c15765b5856ad057d420422e414.codex,361,841,datacopy/CodexGiga/15d80013786e8c15765b5856ad057d420422e414.codex,"[16, 222]"
4386,09f5b1923461bf24fc201793dab59a4886a44af9.codex,361,841,datacopy/CodexGiga/09f5b1923461bf24fc201793dab59a4886a44af9.codex,"[16, 222]"
4387,cfba7d6ca87925ed6b4edc7ec1d98bd264e38545.codex,361,841,datacopy/CodexGiga/cfba7d6ca87925ed6b4edc7ec1d98bd264e38545.codex,"[16, 222]"
4388,a70c7ac93130d131b8e7a86965e9ddfe78770c57.codex,361,54,datacopy/CodexGiga/a70c7ac93130d131b8e7a86965e9ddfe78770c57.codex,"[16, 222]"
4389,1db3bb0a19963fcc8ac0536b784d5c42bde2332f.codex,361,841,datacopy/CodexGiga/1db3bb0a19963fcc8ac0536b784d5c42bde2332f.codex,"[16, 222]"
4390,07840c60abbdf7a11143cd581551a9142352a438.codex,361,54,datacopy/CodexGiga/07840c60abbdf7a11143cd581551a9142352a438.codex,"[16, 222]"
4391,096506179462f38845548c08a615ee728d6609c3.codex,361,841,datacopy/CodexGiga/096506179462f38845548c08a615ee728d6609c3.codex,"[16, 222]"
4392,53c75fa045c5a7fe0f56a21be57cbab6dd89c4e9.codex,361,841,datacopy/CodexGiga/53c75fa045c5a7fe0f56a21be57cbab6dd89c4e9.codex,"[16, 222]"
4393,4404aed05d009ebf6dae3e0aa4e08a3544409af0.codex,361,841,datacopy/CodexGiga/4404aed05d009ebf6dae3e0aa4e08a3544409af0.codex,"[16, 222]"
4394,a311777a002e82de4f07dac667dd9dd568e9bfbd.codex,361,841,datacopy/CodexGiga/a311777a002e82de4f07dac667dd9dd568e9bfbd.codex,"[16, 222]"
4395,d2ebdf0c9cb35b26cce308aaeab90bc5d0f4dfa8.codex,361,841,datacopy/CodexGiga/d2ebdf0c9cb35b26cce308aaeab90bc5d0f4dfa8.codex,"[16, 222]"
4396,2bb05cd23b6a63a639954cffdc53036286da9685.codex,361,841,datacopy/CodexGiga/2bb05cd23b6a63a639954cffdc53036286da9685.codex,"[16, 222]"
4397,cdba1fdc81b3e2a597eb39e28018fbe1189c6773.codex,361,841,datacopy/CodexGiga/cdba1fdc81b3e2a597eb39e28018fbe1189c6773.codex,"[16, 222]"
4398,dd56d78ac91e9fc43ddbcdbb6230c88870a1188f.codex,361,841,datacopy/CodexGiga/dd56d78ac91e9fc43ddbcdbb6230c88870a1188f.codex,"[16, 222]"
4399,feaddb5aa8354cf198ea2bbd907f4df4c00ac7ea.codex,361,841,datacopy/CodexGiga/feaddb5aa8354cf198ea2bbd907f4df4c00ac7ea.codex,"[16, 222]"
4400,96d4a90a49939a49b855bd0ab4422da8a4a551b9.codex,361,841,datacopy/CodexGiga/96d4a90a49939a49b855bd0ab4422da8a4a551b9.codex,"[16, 222]"
4401,0e3da2c3d60ab7739c02499e57f8823702d1fbcf.codex,361,841,datacopy/CodexGiga/0e3da2c3d60ab7739c02499e57f8823702d1fbcf.codex,"[16, 222]"
4402,c80344960a6776226dd090f38c7cfa59b3275a17.codex,361,841,datacopy/CodexGiga/c80344960a6776226dd090f38c7cfa59b3275a17.codex,"[16, 222]"
4403,13dfad6307dffcba9edace1bfb59b30c5b70f7ff.codex,361,841,datacopy/CodexGiga/13dfad6307dffcba9edace1bfb59b30c5b70f7ff.codex,"[16, 222]"
4404,ad24687dc37536ce0603f658f4a7f49ad991c9d8.codex,361,841,datacopy/CodexGiga/ad24687dc37536ce0603f658f4a7f49ad991c9d8.codex,"[16, 222]"
4405,fea6c82920ffafc372b7e070859ca9eb11a5f11e.codex,361,841,datacopy/CodexGiga/fea6c82920ffafc372b7e070859ca9eb11a5f11e.codex,"[16, 222]"
4406,b2db06e05b597971fe0bf4174c84c8e2e9a04cef.codex,361,841,datacopy/CodexGiga/b2db06e05b597971fe0bf4174c84c8e2e9a04cef.codex,"[16, 222]"
4407,a50e4ebf03d40d8f089aa3e905264d0a2906abca.codex,365,764,datacopy/CodexGiga/a50e4ebf03d40d8f089aa3e905264d0a2906abca.codex,[20]
4408,49895ed5706b929cac1aa9b7887b6aa39b2dd9e1.codex,365,764,datacopy/CodexGiga/49895ed5706b929cac1aa9b7887b6aa39b2dd9e1.codex,[20]
4409,21cde7e957147e926c326c25f701d5d3ddf77f93.codex,365,764,datacopy/CodexGiga/21cde7e957147e926c326c25f701d5d3ddf77f93.codex,[20]
4410,746e4fc304de0ce15330af8078f963327bc0fad0.codex,365,764,datacopy/CodexGiga/746e4fc304de0ce15330af8078f963327bc0fad0.codex,[20]
4411,92f9e75dd3a0ae1878a09de117797325bb8d1871.codex,365,764,datacopy/CodexGiga/92f9e75dd3a0ae1878a09de117797325bb8d1871.codex,[20]
4412,30d0943fe1ca39cd41c226f20e6c7fe8a054f097.codex,365,764,datacopy/CodexGiga/30d0943fe1ca39cd41c226f20e6c7fe8a054f097.codex,[20]
4413,315651ac6a85b15bf89b0ed0d42d87d6e0c99eff.codex,365,764,datacopy/CodexGiga/315651ac6a85b15bf89b0ed0d42d87d6e0c99eff.codex,[20]
4414,e8418b3f4c17fe06b5862254eaaa1af6cb49a0a3.codex,365,764,datacopy/CodexGiga/e8418b3f4c17fe06b5862254eaaa1af6cb49a0a3.codex,[20]
4415,2fc75d93b0c90e32fa93302f0cd7c3b2edfdc2dd.codex,365,764,datacopy/CodexGiga/2fc75d93b0c90e32fa93302f0cd7c3b2edfdc2dd.codex,[20]
4416,f9ba5ac1a514d63d5ffecbcd0af5e61b2e64a67b.codex,365,764,datacopy/CodexGiga/f9ba5ac1a514d63d5ffecbcd0af5e61b2e64a67b.codex,[20]
4417,f43ea69d922ae1efac720600617fec8417a776d6.codex,365,764,datacopy/CodexGiga/f43ea69d922ae1efac720600617fec8417a776d6.codex,[20]
4418,89764249eed015cb464827f91073c8e54b3404e9.codex,365,764,datacopy/CodexGiga/89764249eed015cb464827f91073c8e54b3404e9.codex,[20]
4419,319cc8c97cd4997b51f7dd26ce529649f9a62342.codex,365,764,datacopy/CodexGiga/319cc8c97cd4997b51f7dd26ce529649f9a62342.codex,[20]
4420,dff98d92e02c84d244e8bdea5705742bfacad775.codex,365,764,datacopy/CodexGiga/dff98d92e02c84d244e8bdea5705742bfacad775.codex,[20]
4421,603ab4a5b3c4f0a4bed6270f8f5acec2e4d01828.codex,365,764,datacopy/CodexGiga/603ab4a5b3c4f0a4bed6270f8f5acec2e4d01828.codex,[20]
4422,ad249e61f04f29fbcb46761330eef787aa881b00.codex,365,764,datacopy/CodexGiga/ad249e61f04f29fbcb46761330eef787aa881b00.codex,[20]
4423,c60965dedc7f321237353e1a5727d099235b6266.codex,365,764,datacopy/CodexGiga/c60965dedc7f321237353e1a5727d099235b6266.codex,[20]
4424,08631f3810aa0ceba297545f71535a4734902972.codex,365,764,datacopy/CodexGiga/08631f3810aa0ceba297545f71535a4734902972.codex,[20]
4425,5c8647fade4cf1301a7e0726a7816819b1099f1e.codex,365,764,datacopy/CodexGiga/5c8647fade4cf1301a7e0726a7816819b1099f1e.codex,[20]
4426,c8495709c98bdb06b0def938459e81c06dd7b412.codex,365,764,datacopy/CodexGiga/c8495709c98bdb06b0def938459e81c06dd7b412.codex,[20]
4427,a14df7354fc580daac5c364a3a333837a2fe4bbe.codex,365,764,datacopy/CodexGiga/a14df7354fc580daac5c364a3a333837a2fe4bbe.codex,[20]
4428,c456418b0a73cb719014d4632ac6623a4c8d81b4.codex,365,764,datacopy/CodexGiga/c456418b0a73cb719014d4632ac6623a4c8d81b4.codex,[20]
4429,d71fb89698a94ba74e41afac64efc47a5e96513f.codex,369,800,datacopy/CodexGiga/d71fb89698a94ba74e41afac64efc47a5e96513f.codex,"[1, 24]"
4430,1fc7e754ccd35051e46c19542ad2cf9e4e834b99.codex,369,800,datacopy/CodexGiga/1fc7e754ccd35051e46c19542ad2cf9e4e834b99.codex,"[1, 24]"
4431,0beb13df4a3c5ab343e3feca99377960aa528e1e.codex,369,20,datacopy/CodexGiga/0beb13df4a3c5ab343e3feca99377960aa528e1e.codex,"[1, 24]"
4432,772d8fa0a1ead40828453a6f8ceae3852405dd22.codex,387,925,datacopy/CodexGiga/772d8fa0a1ead40828453a6f8ceae3852405dd22.codex,"[1, 1]"
4433,7949692e6152c64f4739609094f409ca545ea4e7.codex,387,838,datacopy/CodexGiga/7949692e6152c64f4739609094f409ca545ea4e7.codex,"[1, 1]"
4434,da96fd12386fc91946d54be8da00407bed1e8f17.codex,387,838,datacopy/CodexGiga/da96fd12386fc91946d54be8da00407bed1e8f17.codex,"[1, 1]"
4435,e37e95c3965ddbc1c25eba3dda45f992c8cb3c83.codex,409,907,datacopy/CodexGiga/e37e95c3965ddbc1c25eba3dda45f992c8cb3c83.codex,"[1, 112]"
4436,4f86ae321b06fb3ef9fc4250d28c7a4f22866e0e.codex,409,907,datacopy/CodexGiga/4f86ae321b06fb3ef9fc4250d28c7a4f22866e0e.codex,"[1, 112]"
4437,d42aaf5306e684df7a12ce56105efa6a474b8f3e.codex,409,732,datacopy/CodexGiga/d42aaf5306e684df7a12ce56105efa6a474b8f3e.codex,"[1, 112]"
4438,31fd192f56a008dc375771f8a6fcf0fe7b885fa9.codex,414,925,datacopy/CodexGiga/31fd192f56a008dc375771f8a6fcf0fe7b885fa9.codex,"[1, 1]"
4439,d26eb2dc25b64c74adf1d1137c7915fea7787fd5.codex,414,925,datacopy/CodexGiga/d26eb2dc25b64c74adf1d1137c7915fea7787fd5.codex,"[1, 1]"
4440,5527fa20aadd94dc8afebcd815d55cb65d88e4c3.codex,414,838,datacopy/CodexGiga/5527fa20aadd94dc8afebcd815d55cb65d88e4c3.codex,"[1, 1]"
4441,2d05aaad88fd05e3fa37d340391258e272835784.codex,414,838,datacopy/CodexGiga/2d05aaad88fd05e3fa37d340391258e272835784.codex,"[1, 1]"
4442,96f9a233563d9d515af4c947a7b93444c98f12e7.codex,419,844,datacopy/CodexGiga/96f9a233563d9d515af4c947a7b93444c98f12e7.codex,[1]
4443,171361822c4f886c59b133e7e5478eff24c4bbd8.codex,419,844,datacopy/CodexGiga/171361822c4f886c59b133e7e5478eff24c4bbd8.codex,[1]
4444,54dc602ad1066515e8f6bc3476785a1896d258f9.codex,419,844,datacopy/CodexGiga/54dc602ad1066515e8f6bc3476785a1896d258f9.codex,[1]
4445,760f859ecf7839f6a53015666b10adaae5007ddc.codex,419,844,datacopy/CodexGiga/760f859ecf7839f6a53015666b10adaae5007ddc.codex,[1]
4446,PoliciaCivil.cpl,431,2,datacopy/BB/Files/2014-04-23/PoliciaCivil.cpl,"[2, 414]"
4447,INTIMACAO.PDF.cpl,431,2,datacopy/BB/Files/2014-05-06/INTIMACAO.PDF.cpl,"[2, 414]"
4448,NF-e-0001126.cpl,431,2,datacopy/BB/Files/2014-02-20/NF-e-0001126.cpl,"[2, 414]"
4449,ProcNfe.cpl,431,9,datacopy/BB/Files/2013-07-22/ProcNfe.cpl,"[2, 414]"
4450,Nota-Fiscal-00763.cpl,431,2,datacopy/BB/Files/2014-03-19/Nota-Fiscal-00763.cpl,"[2, 414]"
4451,Nota-Fiscal-009801.cpl,431,2,datacopy/BB/Files/2014-02-17/Nota-Fiscal-009801.cpl,"[2, 414]"
4452,Foto92700.cpl,431,2,datacopy/BB/Files/2014-04-03/Foto92700.cpl,"[2, 414]"
4453,DETALHAMENTO.cpl,431,2,datacopy/BB/Files/2014-03-24/DETALHAMENTO.cpl,"[2, 414]"
4454,ffice_install_atualizaÃ§ao.cpl,431,2,datacopy/BB/Files/2014-03-25/ffice_install_atualizaÃ§ao.cpl,"[2, 414]"
4455,Notafiscalbr3418_nfe.cpl,431,2,datacopy/BB/Files/2014-03-14/Notafiscalbr3418_nfe.cpl,"[2, 414]"
4456,Boleto-E005711.cpl,431,2,datacopy/BB/Files/2014-04-24/Boleto-E005711.cpl,"[2, 414]"
4457,ProcNfe.cpl,431,9,datacopy/BB/Files/2013-07-22/ProcNfe.cpl,"[2, 414]"
4458,Nota-Fiscal-00752.cpl,431,2,datacopy/BB/Files/2014-03-10/Nota-Fiscal-00752.cpl,"[2, 414]"
4459,download_297479.scr,433,2,datacopy/BB/Files/2012-04-10/download_297479.scr,"[2, 286]"
4460,Downloads_647021.scr,433,38,datacopy/BB/Files/2012-05-02/Downloads_647021.scr,"[2, 286]"
4461,nota_fiscais_pdf.com,433,2,datacopy/BB/Files/2012-04-05/nota_fiscais_pdf.com,"[2, 286]"
4462,visualizar_album.com,433,2,datacopy/BB/Files/2012-05-18/visualizar_album.com,"[2, 286]"
4463,abrir_arquivo_pdf.com,433,2,datacopy/BB/Files/2012-03-12/abrir_arquivo_pdf.com,"[2, 286]"
4464,Download_938996.scr,433,2,datacopy/BB/Files/2012-04-16/Download_938996.scr,"[2, 286]"
4465,download_899846.scr,433,38,datacopy/BB/Files/2012-04-16/download_899846.scr,"[2, 286]"
4466,3Â°notificaÃ§ao-cliente-833wss.cpl,437,2,datacopy/BB/Files/2014-01-07/3Â°notificaÃ§ao-cliente-833wss.cpl,"[2, 742]"
4467,Consulta_Debitos_Online.pdf.cpl,437,2,datacopy/BB/Files/2013-12-26/Consulta_Debitos_Online.pdf.cpl,"[2, 742]"
4468,Comprovante_debitos_0019200330039.pdf.cpl,437,2,datacopy/BB/Files/2014-01-09/Comprovante_debitos_0019200330039.pdf.cpl,"[2, 742]"
4469,Cheque001210111.jpg.cpl,437,1,datacopy/BB/Files/2013-12-24/Cheque001210111.jpg.cpl,"[2, 742]"
4470,Pedido-03452379973.cpl,441,2,datacopy/BB/Files/2013-07-31/Pedido-03452379973.cpl,"[2, 742]"
4471,ID.Anexo-Deposito.PDF.cpl,441,2,datacopy/BB/Files/2013-08-22/ID.Anexo-Deposito.PDF.cpl,"[2, 742]"
4472,Nota_Fiscal01234554.cpl,441,2,datacopy/BB/Files/2013-06-24/Nota_Fiscal01234554.cpl,"[2, 742]"
4473,W32Remover.cpl,441,2,datacopy/BB/Files/2013-08-08/W32Remover.cpl,"[2, 742]"
4474,comprovante564921.cpl,441,2,datacopy/BB/Files/2013-07-19/comprovante564921.cpl,"[2, 742]"
4475,Boleto_Cliente_000473845.PDF.cpl,441,1,datacopy/BB/Files/2013-07-26/Boleto_Cliente_000473845.PDF.cpl,"[2, 742]"
4476,Anexo.ID-2013.cpl,441,2,datacopy/BB/Files/2013-07-15/Anexo.ID-2013.cpl,"[2, 742]"
4477,ID.Anexo-Deposito.PDF.cpl,441,2,datacopy/BB/Files/2013-08-22/ID.Anexo-Deposito.PDF.cpl,"[2, 742]"
4478,SrÂ°Contribuinte6876.cpl,444,2,datacopy/BB/Files/2013-12-16/SrÂ°Contribuinte6876.cpl,[2]
4479,Extrato.pdf.cpl,444,2,datacopy/BB/Files/2013-12-13/Extrato.pdf.cpl,[2]
4480,2_Via_Boleto_de_Cobranca.pdf.cpl,444,2,datacopy/BB/Files/2013-12-11/2_Via_Boleto_de_Cobranca.pdf.cpl,[2]
4481,Notificacao.php.exe,444,2,datacopy/BB/Files/2013-12-12/Notificacao.php.exe,[2]
4482,NFS_eNo13275320016328.cpl,444,2,datacopy/BB/Files/2014-01-06/NFS_eNo13275320016328.cpl,[2]
4483,Nfe-download-18-12-2013.cpl,444,2,datacopy/BB/Files/2013-12-23/Nfe-download-18-12-2013.cpl,[2]
4484,2Â°VIABOLETO.cpl,444,2,datacopy/BB/Files/2013-12-24/2Â°VIABOLETO.cpl,[2]
4485,Curriculo_com_foto.cpl,447,2,datacopy/BB/Files/2012-04-02/Curriculo_com_foto.cpl,"[2, 1]"
4486,Nota_Fiscal_EletrÃ´nica-32841712.cpl,447,2,datacopy/BB/Files/2014-03-20/Nota_Fiscal_EletrÃ´nica-32841712.cpl,"[2, 1]"
4487,file_imagem_png.cpl,447,2,datacopy/BB/Files/2012-03-27/file_imagem_png.cpl,"[2, 1]"
4488,get.adobe.com_Adobe_Flash_Player12.cpl,447,2,datacopy/BB/Files/2014-02-13/get.adobe.com_Adobe_Flash_Player12.cpl,"[2, 1]"
4489,NF-e_00000001-29651248512014.cpl,447,2,datacopy/BB/Files/2014-02-03/NF-e_00000001-29651248512014.cpl,"[2, 1]"
4490,NFE1044721313022014.PDF.cpl,447,2,datacopy/BB/Files/2014-02-17/NFE1044721313022014.PDF.cpl,"[2, 1]"
4491,Cliente_Consultar_Extrato_Debitos_0201030001002000.cpl,447,193,datacopy/BB/Files/2014-03-14/Cliente_Consultar_Extrato_Debitos_0201030001002000.cpl,"[2, 1]"
4492,Saldo-Devedor-Banco-BV-Cliente_00020300002000-2014.cpl,447,193,datacopy/BB/Files/2014-03-31/Saldo-Devedor-Banco-BV-Cliente_00020300002000-2014.cpl,"[2, 1]"
4493,Extrato_Debitos_On-line_BV-Financeira-Boleto.cpl,447,2,datacopy/BB/Files/2014-02-18/Extrato_Debitos_On-line_BV-Financeira-Boleto.cpl,"[2, 1]"
4494,Fatura-Aberta-FEV2014.cpl,447,2,datacopy/BB/Files/2014-03-06/Fatura-Aberta-FEV2014.cpl,"[2, 1]"
4495,irmaos.cdc.exe,449,6,datacopy/BB/Files/2012-05-04/irmaos.cdc.exe,"[1, 503]"
4496,atrantica.wma.exe,449,6,datacopy/BB/Files/2012-02-13/atrantica.wma.exe,"[1, 503]"
4497,klapast.exe,449,10,datacopy/BB/Files/2013-01-21/klapast.exe,"[1, 503]"
4498,App-SEDEX-ID321000200000.scr,450,3,datacopy/BB/Files/2014-01-29/App-SEDEX-ID321000200000.scr,"[3, 503]"
4499,RASTREAMENTO_SEDEX10.scr,450,10,datacopy/BB/Files/2014-02-27/RASTREAMENTO_SEDEX10.scr,"[3, 503]"
4500,SEDEX-RASTREAMENTO03922839030039392.scr,450,3,datacopy/BB/Files/2014-04-07/SEDEX-RASTREAMENTO03922839030039392.scr,"[3, 503]"
4501,CasasBahia_Protocolo_8321000002.exe,450,3,datacopy/BB/Files/2013-12-05/CasasBahia_Protocolo_8321000002.exe,"[3, 503]"
4502,Protocolo20130512.exe,450,3,datacopy/BB/Files/2013-12-17/Protocolo20130512.exe,"[3, 503]"
4503,se13061303.EXE,457,60,datacopy/BB/Files/2013-06-13/se13061303.EXE,"[1, 155, 3, 74, 742, 2]"
4504,quebra.exe,457,155,datacopy/BB/Files/2012-09-13/quebra.exe,"[1, 155, 3, 74, 742, 2]"
4505,styyou.exe,457,60,datacopy/BB/Files/2014-07-04/styyou.exe,"[1, 155, 3, 74, 742, 2]"
4506,file.622649.exe,457,3,datacopy/Honeypots/file.622649.exe,"[1, 155, 3, 74, 742, 2]"
4507,file.622649.exe,457,3,datacopy/Honeypots/file.622649.exe,"[1, 155, 3, 74, 742, 2]"
4508,novsisteleks.exe,457,60,datacopy/BB/Files/2014-04-02/novsisteleks.exe,"[1, 155, 3, 74, 742, 2]"
4509,file.622649.exe,457,3,datacopy/Honeypots/file.622649.exe,"[1, 155, 3, 74, 742, 2]"
4510,xre.dll,457,60,datacopy/BB/Files/2018-02-08/xre.dll,"[1, 155, 3, 74, 742, 2]"
4511,utilman.exe,457,51,datacopy/BB/Files/2017-12-19/utilman.exe,"[1, 155, 3, 74, 742, 2]"
4512,caixa.cpl,457,1,datacopy/BB/Files/2014-06-06/caixa.cpl,"[1, 155, 3, 74, 742, 2]"
4513,utilman.exe,457,51,datacopy/BB/Files/2017-12-19/utilman.exe,"[1, 155, 3, 74, 742, 2]"
4514,wcntiqav.exe,457,2,datacopy/BB/Files/2017-09-06/wcntiqav.exe,"[1, 155, 3, 74, 742, 2]"
4515,qrp.exe,457,60,datacopy/BB/Files/2017-06-09/qrp.exe,"[1, 155, 3, 74, 742, 2]"
4516,utilman.exe,457,51,datacopy/BB/Files/2017-12-19/utilman.exe,"[1, 155, 3, 74, 742, 2]"
4517,utilman.exe,457,51,datacopy/BB/Files/2017-12-19/utilman.exe,"[1, 155, 3, 74, 742, 2]"
4518,wcntiqav.exe,457,2,datacopy/BB/Files/2017-09-06/wcntiqav.exe,"[1, 155, 3, 74, 742, 2]"
4519,utilman.exe,457,51,datacopy/BB/Files/2017-12-19/utilman.exe,"[1, 155, 3, 74, 742, 2]"
4520,wcntiqav.exe,457,2,datacopy/BB/Files/2017-09-06/wcntiqav.exe,"[1, 155, 3, 74, 742, 2]"
4521,utilman.exe,457,51,datacopy/BB/Files/2017-12-19/utilman.exe,"[1, 155, 3, 74, 742, 2]"
4522,3F374C.exe,457,3,datacopy/BB/Files/2012-03-29/3F374C.exe,"[1, 155, 3, 74, 742, 2]"
4523,file.622649.exe,457,3,datacopy/Honeypots/file.622649.exe,"[1, 155, 3, 74, 742, 2]"
4524,wcntiqav.exe,457,2,datacopy/BB/Files/2017-09-06/wcntiqav.exe,"[1, 155, 3, 74, 742, 2]"
4525,utilman.exe,457,51,datacopy/BB/Files/2017-12-19/utilman.exe,"[1, 155, 3, 74, 742, 2]"
4526,utilman.exe,457,51,datacopy/BB/Files/2017-12-19/utilman.exe,"[1, 155, 3, 74, 742, 2]"
4527,OrÃ§amento-13062013-PDF.cpl,460,2,datacopy/BB/Files/2013-06-13/OrÃ§amento-13062013-PDF.cpl,"[2, 742]"
4528,Cheque-222300825463.cpl,460,1,datacopy/BB/Files/2013-06-17/Cheque-222300825463.cpl,"[2, 742]"
4529,1724002013-Nfe.Pdf.cpl,460,1,datacopy/BB/Files/2013-06-25/1724002013-Nfe.Pdf.cpl,"[2, 742]"
4530,Cobranca000011.cpl,461,2,datacopy/BB/Files/2013-01-08/Cobranca000011.cpl,"[2, 742, 38]"
4531,videio.cpl,461,1,datacopy/BB/Files/2012-09-13/videio.cpl,"[2, 742, 38]"
4532,formulariosubmarinoviagens.cpl,461,16,datacopy/BB/Files/2012-08-07/formulariosubmarinoviagens.cpl,"[2, 742, 38]"
4533,1B54CA8B4X5.cpl,461,1,datacopy/BB/Files/2012-07-31/1B54CA8B4X5.cpl,"[2, 742, 38]"
4534,4616_66883_directDownload_true.exe,461,2,datacopy/BB/Files/2012-07-31/4616_66883_directDownload_true.exe,"[2, 742, 38]"
4535,O5DO2DMV4FQZ.cpl,461,16,datacopy/BB/Files/2012-07-04/O5DO2DMV4FQZ.cpl,"[2, 742, 38]"
4536,GU1AJS06EMT1.cpl,461,1,datacopy/BB/Files/2012-08-20/GU1AJS06EMT1.cpl,"[2, 742, 38]"
4537,Comprovante_4483.cpl,461,2,datacopy/BB/Files/2012-09-26/Comprovante_4483.cpl,"[2, 742, 38]"
4538,FU2DP2CMW7HR.cpl,461,2,datacopy/BB/Files/2012-08-23/FU2DP2CMW7HR.cpl,"[2, 742, 38]"
4539,L18IS4DNV5DM.cpl,461,1,datacopy/BB/Files/2012-07-23/L18IS4DNV5DM.cpl,"[2, 742, 38]"
4540,retrospectivafotos2013.cpl,463,2,datacopy/BB/Files/2014-01-10/retrospectivafotos2013.cpl,"[2, 742]"
4541,Cupom_Fiscal.pdf.cpl,463,1,datacopy/BB/Files/2014-01-20/Cupom_Fiscal.pdf.cpl,"[2, 742]"
4542,install_flashplayer11x32_mssd_aaa_aih.cpl,463,1,datacopy/BB/Files/2013-12-03/install_flashplayer11x32_mssd_aaa_aih.cpl,"[2, 742]"
4543,1pZzC1XYNNc_Expires_1389967307.exe,463,1,datacopy/BB/Files/2014-01-17/1pZzC1XYNNc_Expires_1389967307.exe,"[2, 742]"
4544,czao.exe,465,3,datacopy/BB/Files/2012-09-12/czao.exe,"[3, 295]"
4545,g6jz.exe,465,0,datacopy/BB/Files/2012-09-25/g6jz.exe,"[3, 295]"
4546,9xao.exe,465,3,datacopy/BB/Files/2012-09-28/9xao.exe,"[3, 295]"
4547,0s7j.exe,465,3,datacopy/BB/Files/2012-09-24/0s7j.exe,"[3, 295]"
4548,qiga.exe,465,3,datacopy/BB/Files/2012-07-18/qiga.exe,"[3, 295]"
4549,b1ft.exe,465,3,datacopy/BB/Files/2012-09-26/b1ft.exe,"[3, 295]"
4550,pogf.exe,465,3,datacopy/BB/Files/2012-07-10/pogf.exe,"[3, 295]"
4551,d3hv.exe,465,3,datacopy/BB/Files/2012-09-14/d3hv.exe,"[3, 295]"
4552,msjet40.exe,474,2,datacopy/BB/Files/2013-05-16/msjet40.exe,"[2, 3]"
4553,dfrgui.exe,474,3,datacopy/BB/Files/2013-05-02/dfrgui.exe,"[2, 3]"
4554,wiaservc.exe,474,3,datacopy/BB/Files/2013-05-20/wiaservc.exe,"[2, 3]"
4555,wmpdxm.exe,474,3,datacopy/BB/Files/2013-05-07/wmpdxm.exe,"[2, 3]"
4556,modex.exe,474,3,datacopy/BB/Files/2013-05-24/modex.exe,"[2, 3]"
4557,shellstyle.exe,474,3,datacopy/BB/Files/2013-05-06/shellstyle.exe,"[2, 3]"
4558,aaclient.exe,474,2,datacopy/BB/Files/2013-05-06/aaclient.exe,"[2, 3]"
4559,23793-11329-00036-038289-031378-100855-5-9590000150000-NF-e-PDF.cpl,475,2,datacopy/BB/Files/2013-05-16/23793-11329-00036-038289-031378-100855-5-9590000150000-NF-e-PDF.cpl,[2]
4560,Nota-Fiscal-Eletronica-16-05-2013.cpl,475,2,datacopy/BB/Files/2013-05-16/Nota-Fiscal-Eletronica-16-05-2013.cpl,[2]
4561,B0021573721.cpl,475,2,datacopy/BB/Files/2013-05-15/B0021573721.cpl,[2]
4562,OrÑamento14052013_PDF.cpl,475,2,datacopy/BB/Files/2013-05-15/OrÑamento14052013_PDF.cpl,[2]
4563,duplicada.cpl,477,2,datacopy/BB/Files/2013-12-10/duplicada.cpl,[2]
4564,duplicata_vencida.cpl,477,2,datacopy/BB/Files/2013-12-11/duplicata_vencida.cpl,[2]
4565,Nota_fiscal.cpl,477,2,datacopy/BB/Files/2013-12-09/Nota_fiscal.cpl,[2]
4566,mZS4H9M8eW.cpl,489,2,datacopy/BB/Files/2015-02-03/mZS4H9M8eW.cpl,[2]
4567,2A01bQHh1q.cpl,489,2,datacopy/BB/Files/2015-02-05/2A01bQHh1q.cpl,[2]
4568,pUa37iVO20.cpl,489,2,datacopy/BB/Files/2015-02-23/pUa37iVO20.cpl,[2]
4569,AsYn47FgWt.cpl,489,2,datacopy/BB/Files/2015-02-19/AsYn47FgWt.cpl,[2]
4570,Rg3fNthXgA.cpl,489,2,datacopy/BB/Files/2015-02-02/Rg3fNthXgA.cpl,[2]
4571,WZIumIp9Q4.cpl,489,2,datacopy/BB/Files/2015-02-11/WZIumIp9Q4.cpl,[2]
4572,0y7U3ar16C.cpl,489,2,datacopy/BB/Files/2015-01-30/0y7U3ar16C.cpl,[2]
4573,s2o50d6Y7k.cpl,489,2,datacopy/BB/Files/2015-02-13/s2o50d6Y7k.cpl,[2]
4574,E8WRYFYMpY.cpl,489,2,datacopy/BB/Files/2015-02-12/E8WRYFYMpY.cpl,[2]
4575,4IgoJ2VN9V.cpl,489,2,datacopy/BB/Files/2015-02-10/4IgoJ2VN9V.cpl,[2]
4576,0B4C3ZRjdzmgbRU9janZ4Z0sweEk.exe,490,2,datacopy/BB/Files/2012-05-29/0B4C3ZRjdzmgbRU9janZ4Z0sweEk.exe,[2]
4577,0B7OyTqgJb8U5bVgxYnhyejdwRFk.exe,490,2,datacopy/BB/Files/2013-03-12/0B7OyTqgJb8U5bVgxYnhyejdwRFk.exe,[2]
4578,00NmM3LWJkOWQtNDQ1Mjc2ZmI4ZWY0.exe,490,2,datacopy/BB/Files/2013-03-12/00NmM3LWJkOWQtNDQ1Mjc2ZmI4ZWY0.exe,[2]
4579,0B1ufZxgbaXMvQXlJMmJGalpjOGc.exe,490,2,datacopy/BB/Files/2012-04-16/0B1ufZxgbaXMvQXlJMmJGalpjOGc.exe,[2]
4580,Download_03452435554.exe,491,2,datacopy/BB/Files/2017-03-20/Download_03452435554.exe,"[2, 295]"
4581,Download_03452435539.exe,491,2,datacopy/BB/Files/2017-03-20/Download_03452435539.exe,"[2, 295]"
4582,Download_03452435526.exe,491,0,datacopy/BB/Files/2017-03-20/Download_03452435526.exe,"[2, 295]"
4583,Download_03452435562.exe,491,2,datacopy/BB/Files/2017-03-20/Download_03452435562.exe,"[2, 295]"
4584,REP00100000-19.2014.8382772622.cpl,495,2,datacopy/BB/Files/2014-08-11/REP00100000-19.2014.8382772622.cpl,[2]
4585,Notificacao_Infracao_94551244.cpl,495,2,datacopy/BB/Files/2014-07-08/Notificacao_Infracao_94551244.cpl,[2]
4586,NFE-35432842163726471524751737126372451352164521643521364713621384234234234.cpl,495,2,datacopy/BB/Files/2014-08-06/NFE-35432842163726471524751737126372451352164521643521364713621384234234234.cpl,[2]
4587,Notificacao_Infracao_13877645.cpl,495,2,datacopy/BB/Files/2014-07-15/Notificacao_Infracao_13877645.cpl,[2]
4588,IMG_20140709_8233_3988433.jpg.cpl,495,2,datacopy/BB/Files/2014-07-14/IMG_20140709_8233_3988433.jpg.cpl,[2]
4589,fasas7_asÃ§flsvÃ§lm7_0.cpl,503,2,datacopy/BB/Files/2014-01-16/fasas7_asÃ§flsvÃ§lm7_0.cpl,[2]
4590,Llr4Dmlbergergr345634GtH8HziHAxTjA1ehXLgiLgAJhQSG9yTgGtH8A1ghABefQS+8HkDoXkpgWNHJSC.cpl,503,2,datacopy/BB/Files/2013-12-06/Llr4Dmlbergergr345634GtH8HziHAxTjA1ehXLgiLgAJhQSG9yTgGtH8A1ghABefQS+8HkDoXkpgWNHJSC.cpl,[2]
4591,casaASLd______003ssdkjnsojvsdojvnsdv_kvjsojvrvojon.cpl,503,2,datacopy/BB/Files/2013-12-06/casaASLd______003ssdkjnsojvsdojvnsdv_kvjsojvrvojon.cpl,[2]
4592,bambam.cpl,503,2,datacopy/BB/Files/2014-02-21/bambam.cpl,[2]
4593,MoAJn2gtbDwaKm1s+tGuT4qOy1kKxrz4444444444444444444444444444444444444444444BKlT3+mH5OxTa+DuYnYwC.cpl,503,2,datacopy/BB/Files/2013-12-13/MoAJn2gtbDwaKm1s+tGuT4qOy1kKxrz4444444444444444444444444444444444444444444BKlT3+mH5OxTa+DuYnYwC.cpl,[2]
4594,ArquProgramDataProgramDataivo.cpl,503,2,datacopy/BB/Files/2014-02-03/ArquProgramDataProgramDataivo.cpl,[2]
4595,aosijdoiqpwdAOJPSDazoixnasdj1o2390apdskodpoasd19230JIASDJoijiqeudUP18230120.cpl,503,2,datacopy/BB/Files/2014-02-05/aosijdoiqpwdAOJPSDazoixnasdj1o2390apdskodpoasd19230JIASDJoijiqeudUP18230120.cpl,[2]
4596,jaSDHJIASDHjasHDOSJJASDaSOD912__2183712372189_ahsdgAUSGD.cpl,503,2,datacopy/BB/Files/2013-12-23/jaSDHJIASDHjasHDOSJJASDaSOD912__2183712372189_ahsdgAUSGD.cpl,[2]
4597,loadr_2Fbambam.cpl,503,2,datacopy/BB/Files/2014-01-17/loadr_2Fbambam.cpl,[2]
4598,VideoMensagem028101206.cpl,506,2,datacopy/BB/Files/2014-05-08/VideoMensagem028101206.cpl,[2]
4599,VideoMensagem028501206.cpl,506,2,datacopy/BB/Files/2014-05-08/VideoMensagem028501206.cpl,[2]
4600,VideoMensagem028901206.cpl,506,2,datacopy/BB/Files/2014-05-12/VideoMensagem028901206.cpl,[2]
4601,KB201374.exe,507,3,datacopy/BB/Files/2013-11-05/KB201374.exe,[3]
4602,DSS0K44OPAO4.exe,507,3,datacopy/BB/Files/2013-10-24/DSS0K44OPAO4.exe,[3]
4603,AQYFCUGQI2RB.exe,507,3,datacopy/BB/Files/2013-11-18/AQYFCUGQI2RB.exe,[3]
4604,Saopauloprincipalll.exe,507,3,datacopy/BB/Files/2013-11-14/Saopauloprincipalll.exe,[3]
4605,YMJ8JHXJHEPG.exe,507,3,datacopy/BB/Files/2013-10-17/YMJ8JHXJHEPG.exe,[3]
4606,nethost.exe,507,3,datacopy/BB/Files/2013-10-14/nethost.exe,[3]
4607,Documento_Anexo_Planilha.DOCX_.scr,511,2,datacopy/BB/Files/2012-08-09/Documento_Anexo_Planilha.DOCX_.scr,"[2, 3]"
4608,Planilha_Documento_Anexo.scr,511,2,datacopy/BB/Files/2012-03-07/Planilha_Documento_Anexo.scr,"[2, 3]"
4609,Visualizar_Planilha_Documento.docx_.scr,511,2,datacopy/BB/Files/2012-08-28/Visualizar_Planilha_Documento.docx_.scr,"[2, 3]"
4610,Documento_Planilha_DOCX.scr,511,2,datacopy/BB/Files/2012-03-08/Documento_Planilha_DOCX.scr,"[2, 3]"
4611,Visualizar_Documento_anexo.docx_.scr,511,3,datacopy/BB/Files/2012-08-10/Visualizar_Documento_anexo.docx_.scr,"[2, 3]"
4612,Boleto_Vencido_Premium_Cobrancas.cpl,516,2,datacopy/BB/Files/2015-02-25/Boleto_Vencido_Premium_Cobrancas.cpl,[2]
4613,Notificacao_Autuacao_Transito_388477344533.cpl,516,2,datacopy/BB/Files/2015-01-20/Notificacao_Autuacao_Transito_388477344533.cpl,[2]
4614,BoletoFevereiro.cpl,516,2,datacopy/BB/Files/2015-02-06/BoletoFevereiro.cpl,[2]
4615,CopiaCheques.cpl,516,2,datacopy/BB/Files/2015-02-02/CopiaCheques.cpl,[2]
4616,Visualizar_Processo_MPF_000874732666213.cpl,516,2,datacopy/BB/Files/2015-03-06/Visualizar_Processo_MPF_000874732666213.cpl,[2]
4617,Notificacao_Infracao_7466899931.cpl,516,2,datacopy/BB/Files/2015-01-26/Notificacao_Infracao_7466899931.cpl,[2]
4618,INTIMACAO_TRT_83847474.cpl,516,2,datacopy/BB/Files/2015-01-09/INTIMACAO_TRT_83847474.cpl,[2]
4619,Cadastro_Cheque_2834743.cpl,516,2,datacopy/BB/Files/2015-01-07/Cadastro_Cheque_2834743.cpl,[2]
4620,Notificacao_Autuacao_de_Infracao_de_Transito_38776266.cpl,516,2,datacopy/BB/Files/2015-03-03/Notificacao_Autuacao_de_Infracao_de_Transito_38776266.cpl,[2]
4621,VISUALIZAR-PROCESSO-MPF-00088373-53.cpl,516,2,datacopy/BB/Files/2015-02-24/VISUALIZAR-PROCESSO-MPF-00088373-53.cpl,[2]
4622,ras_Realizadas_no_Exterior.com,518,3,datacopy/BB/Files/2012-12-10/ras_Realizadas_no_Exterior.com,[3]
4623,DSC9101810.com,518,3,datacopy/BB/Files/2012-09-17/DSC9101810.com,[3]
4624,Fim_de_Ano.pdf.com,518,3,datacopy/BB/Files/2012-12-12/Fim_de_Ano.pdf.com,[3]
4625,Confraternizacao_de_Fim_de_Ano.pdf.com,518,3,datacopy/BB/Files/2012-12-12/Confraternizacao_de_Fim_de_Ano.pdf.com,[3]
4626,foto.jpg.com,518,3,datacopy/BB/Files/2012-10-10/foto.jpg.com,[3]
4627,NF-ID-94567692266.exe,519,133,datacopy/BB/Files/2012-12-10/NF-ID-94567692266.exe,[1]
4628,DSC271212.exe,519,133,datacopy/BB/Files/2012-12-10/DSC271212.exe,[1]
4629,WB-Boleto-Novembro.exe,519,133,datacopy/BB/Files/2012-12-12/WB-Boleto-Novembro.exe,[1]
4630,NF-ID-94567692267.exe,519,133,datacopy/BB/Files/2012-12-12/NF-ID-94567692267.exe,[1]
4631,NF-ID-94567692262.exe,519,133,datacopy/BB/Files/2012-12-05/NF-ID-94567692262.exe,[1]
4632,NF-ID-94567692258.exe,519,133,datacopy/BB/Files/2012-12-03/NF-ID-94567692258.exe,[1]
4633,Telegrama-ID-94567692243.exe,519,133,datacopy/BB/Files/2012-10-29/Telegrama-ID-94567692243.exe,[1]
4634,Fatura_0288-0613.cpl,521,2,datacopy/BB/Files/2013-06-13/Fatura_0288-0613.cpl,"[2, 742]"
4635,Processo0912.cpl,521,1,datacopy/BB/Files/2013-06-24/Processo0912.cpl,"[2, 742]"
4636,Protestoreceita.ID1820072013.cpl,521,2,datacopy/BB/Files/2013-07-22/Protestoreceita.ID1820072013.cpl,"[2, 742]"
4637,Pagina.www.facebook.com.messages.cpl,521,1,datacopy/BB/Files/2013-06-06/Pagina.www.facebook.com.messages.cpl,"[2, 742]"
4638,PedidoNF09300.cpl,521,2,datacopy/BB/Files/2013-06-11/PedidoNF09300.cpl,"[2, 742]"
4639,Boleto-Atualizado=0963.cpl,521,2,datacopy/BB/Files/2013-06-25/Boleto-Atualizado=0963.cpl,"[2, 742]"
4640,TSE_PROTDOC07102013.cpl,521,2,datacopy/BB/Files/2013-10-29/TSE_PROTDOC07102013.cpl,"[2, 742]"
4641,blc9P4y6cGwth4eDclcIe6SuGnD7sI.exe,521,2,datacopy/BB/Files/2013-06-12/blc9P4y6cGwth4eDclcIe6SuGnD7sI.exe,"[2, 742]"
4642,098236777236662523_NF-E_product.cpl,525,2,datacopy/BB/Files/2013-12-06/098236777236662523_NF-E_product.cpl,[2]
4643,PbKs6c0X.exe,525,2,datacopy/BB/Files/2013-11-06/PbKs6c0X.exe,[2]
4644,FOTO.cpl,525,2,datacopy/BB/Files/2013-12-03/FOTO.cpl,[2]
4645,whatsapp_video.maio2015.exe,531,2,datacopy/BB/Files/2015-05-22/whatsapp_video.maio2015.exe,[2]
4646,Via_61036056.pdf.exe,531,2,datacopy/BB/Files/2015-10-26/Via_61036056.pdf.exe,[2]
4647,2via.Boleto.exe,531,2,datacopy/BB/Files/2015-05-25/2via.Boleto.exe,[2]
4648,Via_102103605112.exe,531,2,datacopy/BB/Files/2015-10-27/Via_102103605112.exe,[2]
4649,Download_01629264835.exe,534,2,datacopy/BB/Files/2017-03-23/Download_01629264835.exe,"[2, 295]"
4650,Download_01629264836.exe,534,2,datacopy/BB/Files/2017-03-23/Download_01629264836.exe,"[2, 295]"
4651,Download_258302818.exe,534,2,datacopy/BB/Files/2017-03-23/Download_258302818.exe,"[2, 295]"
4652,Download_01629264891.exe,534,0,datacopy/BB/Files/2017-03-23/Download_01629264891.exe,"[2, 295]"
4653,Download_01629264830.exe,534,2,datacopy/BB/Files/2017-03-23/Download_01629264830.exe,"[2, 295]"
4654,Download_01629264887.exe,534,0,datacopy/BB/Files/2017-03-23/Download_01629264887.exe,"[2, 295]"
4655,Download_01629264814.exe,534,0,datacopy/BB/Files/2017-03-23/Download_01629264814.exe,"[2, 295]"
4656,Download_01629264825.exe,534,0,datacopy/BB/Files/2017-03-23/Download_01629264825.exe,"[2, 295]"
4657,Download_01629264879.exe,534,0,datacopy/BB/Files/2017-03-24/Download_01629264879.exe,"[2, 295]"
4658,Download_01629264837.exe,534,2,datacopy/BB/Files/2017-03-24/Download_01629264837.exe,"[2, 295]"
4659,Download_01629264856.exe,534,2,datacopy/BB/Files/2017-03-24/Download_01629264856.exe,"[2, 295]"
4660,Download_043743895496.exe,535,2,datacopy/BB/Files/2017-03-23/Download_043743895496.exe,"[2, 295]"
4661,Download_043743895422.exe,535,2,datacopy/BB/Files/2017-03-21/Download_043743895422.exe,"[2, 295]"
4662,Download_043743895452.exe,535,2,datacopy/BB/Files/2017-03-21/Download_043743895452.exe,"[2, 295]"
4663,Download_043743895463.exe,535,2,datacopy/BB/Files/2017-03-21/Download_043743895463.exe,"[2, 295]"
4664,Download_043743895480.exe,535,0,datacopy/BB/Files/2017-03-21/Download_043743895480.exe,"[2, 295]"
4665,Download_043743895482.exe,535,2,datacopy/BB/Files/2017-03-21/Download_043743895482.exe,"[2, 295]"
4666,Download_043743895468.exe,535,0,datacopy/BB/Files/2017-03-21/Download_043743895468.exe,"[2, 295]"
4667,Download_043743895488.exe,535,0,datacopy/BB/Files/2017-03-21/Download_043743895488.exe,"[2, 295]"
4668,Download_043743895455.exe,535,2,datacopy/BB/Files/2017-03-21/Download_043743895455.exe,"[2, 295]"
4669,Download_043743895485.exe,535,2,datacopy/BB/Files/2017-03-22/Download_043743895485.exe,"[2, 295]"
4670,Download_043743895492.exe,535,0,datacopy/BB/Files/2017-03-22/Download_043743895492.exe,"[2, 295]"
4671,Download_04374389541.exe,535,2,datacopy/BB/Files/2017-03-22/Download_04374389541.exe,"[2, 295]"
4672,Download_043743895439.exe,535,2,datacopy/BB/Files/2017-03-22/Download_043743895439.exe,"[2, 295]"
4673,Download_043743895459.exe,535,0,datacopy/BB/Files/2017-03-22/Download_043743895459.exe,"[2, 295]"
4674,Download_043743895411.exe,535,0,datacopy/BB/Files/2017-03-22/Download_043743895411.exe,"[2, 295]"
4675,Download_043743895416.exe,535,0,datacopy/BB/Files/2017-03-22/Download_043743895416.exe,"[2, 295]"
4676,Download_043743895413.exe,535,0,datacopy/BB/Files/2017-03-22/Download_043743895413.exe,"[2, 295]"
4677,Download_043743895495.exe,535,0,datacopy/BB/Files/2017-03-22/Download_043743895495.exe,"[2, 295]"
4678,Download_043743895489.exe,535,0,datacopy/BB/Files/2017-03-22/Download_043743895489.exe,"[2, 295]"
4679,Download_043743895457.exe,535,0,datacopy/BB/Files/2017-03-22/Download_043743895457.exe,"[2, 295]"
4680,Download_043743895483.exe,535,0,datacopy/BB/Files/2017-03-22/Download_043743895483.exe,"[2, 295]"
4681,Download_043743895434.exe,535,0,datacopy/BB/Files/2017-03-22/Download_043743895434.exe,"[2, 295]"
4682,Download_043743895456.exe,535,0,datacopy/BB/Files/2017-03-22/Download_043743895456.exe,"[2, 295]"
4683,Download_043743895460.exe,535,0,datacopy/BB/Files/2017-03-22/Download_043743895460.exe,"[2, 295]"
4684,Download_043743895467.exe,535,2,datacopy/BB/Files/2017-03-22/Download_043743895467.exe,"[2, 295]"
4685,Download_043743895442.exe,535,0,datacopy/BB/Files/2017-03-22/Download_043743895442.exe,"[2, 295]"
4686,Download_043743895454.exe,535,0,datacopy/BB/Files/2017-03-22/Download_043743895454.exe,"[2, 295]"
4687,Depo-00000000000000234877540300.exe,537,2,datacopy/BB/Files/2014-08-29/Depo-00000000000000234877540300.exe,[2]
4688,Depo-00101000000000023440.com,537,2,datacopy/BB/Files/2014-09-01/Depo-00101000000000023440.com,[2]
4689,Dados_Serasa.com,537,2,datacopy/BB/Files/2014-09-01/Dados_Serasa.com,[2]
4690,prf.cpl,539,2,datacopy/BB/Files/2014-07-08/prf.cpl,"[2, 414]"
4691,VIDEO_FACEBOOK.cpl,539,9,datacopy/BB/Files/2013-01-23/VIDEO_FACEBOOK.cpl,"[2, 414]"
4692,policiafederal.cpl,539,2,datacopy/BB/Files/2014-07-09/policiafederal.cpl,"[2, 414]"
4693,tribunaldojuri.cpl,539,2,datacopy/BB/Files/2014-07-17/tribunaldojuri.cpl,"[2, 414]"
4694,Boleto_Cobranca_94877563.cpl,540,2,datacopy/BB/Files/2014-07-21/Boleto_Cobranca_94877563.cpl,[2]
4695,NFS-e-1837823.cpl,540,2,datacopy/BB/Files/2014-06-20/NFS-e-1837823.cpl,[2]
4696,Comprovante_Santander.cpl,540,2,datacopy/BB/Files/2014-06-20/Comprovante_Santander.cpl,[2]
4697,Notificacao_Infracao_934884.cpl,540,2,datacopy/BB/Files/2014-06-26/Notificacao_Infracao_934884.cpl,[2]
4698,91526efb5e0a4d3539d3_lgfp_3000.exe,543,2,datacopy/BB/Files/2015-10-01/91526efb5e0a4d3539d3_lgfp_3000.exe,[2]
4699,0B8uwq_xvuiGreV8xRnBRM2E4NFU_e_download.exe,543,2,datacopy/BB/Files/2015-10-01/0B8uwq_xvuiGreV8xRnBRM2E4NFU_e_download.exe,[2]
4700,38263854e6672ee7dec2_lgfp_3000.exe,543,2,datacopy/BB/Files/2015-09-30/38263854e6672ee7dec2_lgfp_3000.exe,[2]
4701,arquivo_PDF_XML.cpl,547,2,datacopy/BB/Files/2013-09-26/arquivo_PDF_XML.cpl,[2]
4702,arquivo022013_PDF.cpl,547,2,datacopy/BB/Files/2013-09-23/arquivo022013_PDF.cpl,[2]
4703,setembro2013.cpl,547,2,datacopy/BB/Files/2013-09-18/setembro2013.cpl,[2]
4704,DSC000159JPG.cpl,547,2,datacopy/BB/Files/2013-09-27/DSC000159JPG.cpl,[2]
4705,Pedido_PDF_527388.cpl,547,2,datacopy/BB/Files/2013-09-25/Pedido_PDF_527388.cpl,[2]
4706,dama.cpl,553,2,datacopy/BB/Files/2012-08-07/dama.cpl,[2]
4707,labiroba.cpl,553,2,datacopy/BB/Files/2012-07-31/labiroba.cpl,[2]
4708,YKT4FS2CLV5E.cpl,553,2,datacopy/BB/Files/2012-07-04/YKT4FS2CLV5E.cpl,[2]
4709,BEL.cpl,553,2,datacopy/BB/Files/2012-07-18/BEL.cpl,[2]
4710,P8HR3GQY7HQ0.cpl,553,2,datacopy/BB/Files/2012-07-23/P8HR3GQY7HQ0.cpl,[2]
4711,0B_q1kIzk8hpcElrVTlHaDdldWM.exe,555,171,datacopy/BB/Files/2012-04-27/0B_q1kIzk8hpcElrVTlHaDdldWM.exe,"[1, 3, 503, 648]"
4712,SBV6G8QF17.exe,555,273,datacopy/BB/Files/2012-03-26/SBV6G8QF17.exe,"[1, 3, 503, 648]"
4713,aDAyek1vcjNSbFcwZXh4NnFGSGZOdw.exe,555,273,datacopy/BB/Files/2012-03-26/aDAyek1vcjNSbFcwZXh4NnFGSGZOdw.exe,"[1, 3, 503, 648]"
4714,0B_q1kIzk8hpbzl5aWxPTUlsWU0.exe,555,273,datacopy/BB/Files/2012-05-07/0B_q1kIzk8hpbzl5aWxPTUlsWU0.exe,"[1, 3, 503, 648]"
4715,0B_q1kIzk8hpRDliOFdlcEVXeFU.exe,555,273,datacopy/BB/Files/2012-04-17/0B_q1kIzk8hpRDliOFdlcEVXeFU.exe,"[1, 3, 503, 648]"
4716,QE7D1I29RT.exe,555,273,datacopy/BB/Files/2012-02-27/QE7D1I29RT.exe,"[1, 3, 503, 648]"
4717,00M2U0LWJlMjItNjExN2U3MzNiMzY4.exe,555,10,datacopy/BB/Files/2012-02-13/00M2U0LWJlMjItNjExN2U3MzNiMzY4.exe,"[1, 3, 503, 648]"
4718,msg2012_543532.exe,555,171,datacopy/BB/Files/2012-04-04/msg2012_543532.exe,"[1, 3, 503, 648]"
4719,TItZjRlZDg5ZDI1MGU0_e_download.exe,555,648,datacopy/BB/Files/2013-03-12/TItZjRlZDg5ZDI1MGU0_e_download.exe,"[1, 3, 503, 648]"
4720,Nota_Fiscal_EletrÃ´nica_.com,556,174,datacopy/BB/Files/2012-04-27/Nota_Fiscal_EletrÃ´nica_.com,"[1, 3, 259, 2]"
4721,0B7O5y6iZRNH4ZFFmYzgzMXJhdmc.exe,556,174,datacopy/BB/Files/2012-04-27/0B7O5y6iZRNH4ZFFmYzgzMXJhdmc.exe,"[1, 3, 259, 2]"
4722,ca_de_ServiÃ§os_nÂº._17240.com,556,3,datacopy/BB/Files/2012-05-15/ca_de_ServiÃ§os_nÂº._17240.com,"[1, 3, 259, 2]"
4723,Nota.Fiscal.PDF.com,556,259,datacopy/BB/Files/2012-04-26/Nota.Fiscal.PDF.com,"[1, 3, 259, 2]"
4724,0B3PTsNR4qJOyckZIT1hxMEdzbU0.exe,556,3,datacopy/BB/Files/2012-04-26/0B3PTsNR4qJOyckZIT1hxMEdzbU0.exe,"[1, 3, 259, 2]"
4725,Nfe.Eletronica.com_2F_4758.exe,556,2,datacopy/BB/Files/2012-05-10/Nfe.Eletronica.com_2F_4758.exe,"[1, 3, 259, 2]"
4726,ica_de_ServiÃ§os_nÂº345787.com,556,2,datacopy/BB/Files/2012-05-14/ica_de_ServiÃ§os_nÂº345787.com,"[1, 3, 259, 2]"
4727,rflcdm.cab.cpl,557,2,datacopy/BB/Files/2014-12-17/rflcdm.cab.cpl,[2]
4728,vtpckw.cab.cpl,557,2,datacopy/BB/Files/2014-12-19/vtpckw.cab.cpl,[2]
4729,pwkmjn.cab.cpl,557,2,datacopy/BB/Files/2014-12-19/pwkmjn.cab.cpl,[2]
4730,yuvhnm.cab.cpl,557,2,datacopy/BB/Files/2014-12-05/yuvhnm.cab.cpl,[2]
4731,clwtau.cab.cpl,557,2,datacopy/BB/Files/2014-12-18/clwtau.cab.cpl,[2]
4732,Comprovante.D5142158.Pdf.cpl,564,2,datacopy/BB/Files/2014-09-30/Comprovante.D5142158.Pdf.cpl,[2]
4733,fatura8835557537.cpl,564,2,datacopy/BB/Files/2014-10-23/fatura8835557537.cpl,[2]
4734,nfe-83672191-2014BR.fazenda.gov.br.cpl,564,2,datacopy/BB/Files/2014-08-21/nfe-83672191-2014BR.fazenda.gov.br.cpl,[2]
4735,fatura2504841507.cpl,564,2,datacopy/BB/Files/2014-10-31/fatura2504841507.cpl,[2]
4736,fatura4414281845.cpl,564,2,datacopy/BB/Files/2014-10-24/fatura4414281845.cpl,[2]
4737,Fatura-3127637662.PDF.cpl,564,2,datacopy/BB/Files/2014-09-09/Fatura-3127637662.PDF.cpl,[2]
4738,COMPID10102014-009384.cpl,564,2,datacopy/BB/Files/2014-10-10/COMPID10102014-009384.cpl,[2]
4739,Comprovante.PDF.1023546.cpl,564,2,datacopy/BB/Files/2014-09-10/Comprovante.PDF.1023546.cpl,[2]
4740,Fatura-8429805516.PDF.cpl,564,2,datacopy/BB/Files/2014-09-10/Fatura-8429805516.PDF.cpl,[2]
4741,Fatura-5901844070.PDF.cpl,564,2,datacopy/BB/Files/2014-09-11/Fatura-5901844070.PDF.cpl,[2]
4742,Fatura-6793965163.PDF.cpl,564,2,datacopy/BB/Files/2014-09-11/Fatura-6793965163.PDF.cpl,[2]
4743,Intimacao-JUS.exe,565,2,datacopy/BB/Files/2015-03-30/Intimacao-JUS.exe,[2]
4744,Zy04MlE_e_download_cli_Cliente.exe,565,2,datacopy/BB/Files/2015-03-31/Zy04MlE_e_download_cli_Cliente.exe,[2]
4745,documentos_processo.exe,565,2,datacopy/BB/Files/2015-03-31/documentos_processo.exe,[2]
4746,boleto2.cpl,571,2,datacopy/BB/Files/2013-09-23/boleto2.cpl,"[2, 503, 742]"
4747,2viacleosvaldo2014.cpl,571,2,datacopy/BB/Files/2013-10-02/2viacleosvaldo2014.cpl,"[2, 503, 742]"
4748,PDF-Multacleosvaldo2014.cpl,571,10,datacopy/BB/Files/2013-10-04/PDF-Multacleosvaldo2014.cpl,"[2, 503, 742]"
4749,155.654.856.325.Pdfcleosvaldo2014.cpl,571,1,datacopy/BB/Files/2013-10-08/155.654.856.325.Pdfcleosvaldo2014.cpl,"[2, 503, 742]"
4750,NotaFiscalcleosvaldo2014.cpl,571,1,datacopy/BB/Files/2013-10-10/NotaFiscalcleosvaldo2014.cpl,"[2, 503, 742]"
4751,NF-eletronica_mes-09-2013cleosvaldo2014.cpl,571,2,datacopy/BB/Files/2013-09-24/NF-eletronica_mes-09-2013cleosvaldo2014.cpl,"[2, 503, 742]"
4752,Visualizar_Documento.docx_.scr,574,2,datacopy/BB/Files/2013-04-08/Visualizar_Documento.docx_.scr,[2]
4753,Visualizar_Cotacao.docx_.scr,574,2,datacopy/BB/Files/2013-04-09/Visualizar_Cotacao.docx_.scr,[2]
4754,Documento_Visualizar_Cotacao.DOCX_.scr,574,2,datacopy/BB/Files/2013-04-10/Documento_Visualizar_Cotacao.DOCX_.scr,[2]
4755,Anexo-2via.Boleto.cpl,575,2,datacopy/BB/Files/2013-04-08/Anexo-2via.Boleto.cpl,[2]
4756,ComentarioDeVoz_.cpl,575,2,datacopy/BB/Files/2013-03-19/ComentarioDeVoz_.cpl,[2]
4757,videos001.cpl,575,2,datacopy/BB/Files/2013-03-26/videos001.cpl,[2]
4758,negatividade-nome-836bd.cpl,584,2,datacopy/BB/Files/2013-12-16/negatividade-nome-836bd.cpl,[2]
4759,negatividade-clien-33599211ssp.cpl,584,2,datacopy/BB/Files/2013-11-27/negatividade-clien-33599211ssp.cpl,[2]
4760,Video_Instagram.Avi.cpl,584,2,datacopy/BB/Files/2013-11-27/Video_Instagram.Avi.cpl,[2]
4761,z-negatividade-nome-836bd.cpl,584,2,datacopy/BB/Files/2013-12-13/z-negatividade-nome-836bd.cpl,[2]
4762,bola09831.cpl,584,2,datacopy/BB/Files/2013-11-18/bola09831.cpl,[2]
4763,Copia-cheque.cpl,584,2,datacopy/BB/Files/2013-11-28/Copia-cheque.cpl,[2]
4764,Extrato-Debito-Ativo_Cliente.pdf.cpl,584,2,datacopy/BB/Files/2013-11-20/Extrato-Debito-Ativo_Cliente.pdf.cpl,[2]
4765,Boleto_03_dez2013.pdf.cpl,584,2,datacopy/BB/Files/2013-12-04/Boleto_03_dez2013.pdf.cpl,[2]
4766,Relatorio01245.cpl,586,2,datacopy/BB/Files/2014-05-20/Relatorio01245.cpl,"[2, 742]"
4767,Boleto_22-05-2014.cpl,586,1,datacopy/BB/Files/2014-05-22/Boleto_22-05-2014.cpl,"[2, 742]"
4768,CURRICULO_VITAE_OUTLOOK_7383J2L2.cpl,586,1,datacopy/BB/Files/2014-05-19/CURRICULO_VITAE_OUTLOOK_7383J2L2.cpl,"[2, 742]"
4769,Abrir.cpl,586,1,datacopy/BB/Files/2014-05-16/Abrir.cpl,"[2, 742]"
4770,cotacao.pdf.cpl,587,121,datacopy/BB/Files/2014-05-08/cotacao.pdf.cpl,"[1, 3, 742]"
4771,2viafatura.cpl,587,3,datacopy/BB/Files/2014-05-20/2viafatura.cpl,"[1, 3, 742]"
4772,novo_boleto.pdf.cpl,587,121,datacopy/BB/Files/2014-05-06/novo_boleto.pdf.cpl,"[1, 3, 742]"
4773,formulario.cpl,587,121,datacopy/BB/Files/2014-05-06/formulario.cpl,"[1, 3, 742]"
4774,Fotos_Acidente.cpl,587,1,datacopy/BB/Files/2014-05-22/Fotos_Acidente.cpl,"[1, 3, 742]"
4775,MTh0STg_h_16653014193614665626.exe,590,2,datacopy/BB/Files/2013-08-29/MTh0STg_h_16653014193614665626.exe,[2]
4776,87URITSR.cpl,590,2,datacopy/BB/Files/2013-09-16/87URITSR.cpl,[2]
4777,Comprovante_de_deposito.cpl,590,2,datacopy/BB/Files/2013-09-12/Comprovante_de_deposito.cpl,[2]
4778,Recibo_11-09-2013.cpl,590,2,datacopy/BB/Files/2013-09-24/Recibo_11-09-2013.cpl,[2]
4779,BOLETO.CPL,591,2,datacopy/BB/Files/2013-07-04/BOLETO.CPL,[2]
4780,Recibo_Nota.Fiscal.cpl,591,2,datacopy/BB/Files/2013-09-10/Recibo_Nota.Fiscal.cpl,[2]
4781,mandado.comparecimento.ministerio.cpl,591,2,datacopy/BB/Files/2013-09-12/mandado.comparecimento.ministerio.cpl,[2]
4782,DANFE-64570133550990000025021000025027-18.08.2014.0505300038.exe,593,2,datacopy/BB/Files/2014-09-08/DANFE-64570133550990000025021000025027-18.08.2014.0505300038.exe,"[2, 286, 1]"
4783,1869_48739_directDownload_true.exe,593,38,datacopy/BB/Files/2014-09-03/1869_48739_directDownload_true.exe,"[2, 286, 1]"
4784,_721156622_directDownload_true.exe,593,38,datacopy/BB/Files/2014-09-03/_721156622_directDownload_true.exe,"[2, 286, 1]"
4785,NF88874.exe,593,38,datacopy/BB/Files/2014-08-15/NF88874.exe,"[2, 286, 1]"
4786,_692195179_directDownload_true.exe,593,2,datacopy/BB/Files/2014-08-15/_692195179_directDownload_true.exe,"[2, 286, 1]"
4787,0072_30689_directDownload_true.exe,593,2,datacopy/BB/Files/2014-09-24/0072_30689_directDownload_true.exe,"[2, 286, 1]"
4788,6b26c6a98e9c77c65e78aba2acb12d92b2655a7e703413f2e09e999a5b564d53,593,1196,datacopy/Stefano/6b26c6a98e9c77c65e78aba2acb12d92b2655a7e703413f2e09e999a5b564d53,"[2, 286, 1]"
4789,e1a3f1b07441e57c2ccd630d76bfeaf4b267827974f6386919b18d38c6045b78,593,1196,datacopy/Stefano/e1a3f1b07441e57c2ccd630d76bfeaf4b267827974f6386919b18d38c6045b78,"[2, 286, 1]"
4790,db6301e5319f66fa8bcb56f611b7c91208533fb2f1b49fc5f9d9688846604fb3,593,1196,datacopy/Stefano/db6301e5319f66fa8bcb56f611b7c91208533fb2f1b49fc5f9d9688846604fb3,"[2, 286, 1]"
4791,eed674e31b7a9ae8bbce5cf9ead7e3a4bc574de7571d6b58e82900f289df3e77,593,1196,datacopy/Stefano/eed674e31b7a9ae8bbce5cf9ead7e3a4bc574de7571d6b58e82900f289df3e77,"[2, 286, 1]"
4792,f103159c643e6a922b06001dc7ddbd7a79f1ec9fce7fcc212393ab300b376169,593,1196,datacopy/Stefano/f103159c643e6a922b06001dc7ddbd7a79f1ec9fce7fcc212393ab300b376169,"[2, 286, 1]"
4793,d7eeb005ccb352ebbed0b720d9133e2a0ceee6f8bd606347b52f47faf043ee74,593,1196,datacopy/Stefano/d7eeb005ccb352ebbed0b720d9133e2a0ceee6f8bd606347b52f47faf043ee74,"[2, 286, 1]"
4794,972516e71b510108023a77e439cd6c408b4845801cd0a1633e05b87b25c0e4fc,593,1196,datacopy/Stefano/972516e71b510108023a77e439cd6c408b4845801cd0a1633e05b87b25c0e4fc,"[2, 286, 1]"
4795,ec34b9060a75ef33daf611f30a181ec624c1303063a1f66cf2c9179421d1f6a5,593,1196,datacopy/Stefano/ec34b9060a75ef33daf611f30a181ec624c1303063a1f66cf2c9179421d1f6a5,"[2, 286, 1]"
4796,cf065f8fa17cfaa0e4539be7bd1ca6ac01354a7799a3cf793f57bf64046167e9,593,1196,datacopy/Stefano/cf065f8fa17cfaa0e4539be7bd1ca6ac01354a7799a3cf793f57bf64046167e9,"[2, 286, 1]"
4797,f7bb0425ba6c9d972267ef75811fd66be8414242df0c6c5b9db05afec70aef68,593,1196,datacopy/Stefano/f7bb0425ba6c9d972267ef75811fd66be8414242df0c6c5b9db05afec70aef68,"[2, 286, 1]"
4798,Video_Eduardo_campos.flv.cpl,594,2,datacopy/BB/Files/2014-09-08/Video_Eduardo_campos.flv.cpl,[2]
4799,072014CARTORIO1OFICIO-DUPLICAT.cpl,594,2,datacopy/BB/Files/2014-07-31/072014CARTORIO1OFICIO-DUPLICAT.cpl,[2]
4800,Boleto_29-05-2014.cpl,594,2,datacopy/BB/Files/2014-05-29/Boleto_29-05-2014.cpl,[2]
4801,SUB_NFPedido04_4589511.cpl,597,2,datacopy/BB/Files/2014-02-04/SUB_NFPedido04_4589511.cpl,[2]
4802,Processo-N-001000-19.2014.cpl,597,2,datacopy/BB/Files/2014-02-26/Processo-N-001000-19.2014.cpl,[2]
4803,Fotos_novas.cpl,597,2,datacopy/BB/Files/2014-02-10/Fotos_novas.cpl,[2]
4804,Seg-Via_Boleto.extraj.PDF.cpl,598,2,datacopy/BB/Files/2014-01-15/Seg-Via_Boleto.extraj.PDF.cpl,[2]
4805,NFE003893.PDF.cpl,598,2,datacopy/BB/Files/2013-10-24/NFE003893.PDF.cpl,[2]
4806,431305962069410003175500100-procNFe.cpl,598,2,datacopy/BB/Files/2013-11-18/431305962069410003175500100-procNFe.cpl,[2]
4807,Anexo_Deposito.PDF.cpl,598,2,datacopy/BB/Files/2014-02-27/Anexo_Deposito.PDF.cpl,[2]
4808,Boleto_Referente.cpl,598,2,datacopy/BB/Files/2013-09-18/Boleto_Referente.cpl,[2]
4809,NFS-e-No-27295.cpl,598,2,datacopy/BB/Files/2014-02-12/NFS-e-No-27295.cpl,[2]
4810,NTF_e-NÂº5940264.PDF.cpl,598,2,datacopy/BB/Files/2014-03-13/NTF_e-NÂº5940264.PDF.cpl,[2]
4811,Nota-Fiscal-No-54769809.cpl,604,2,datacopy/BB/Files/2013-07-04/Nota-Fiscal-No-54769809.cpl,"[2, 742]"
4812,D-P-F01.cpl,604,1,datacopy/BB/Files/2013-09-03/D-P-F01.cpl,"[2, 742]"
4813,doc-20-05-pdf-325224563.cpl,604,2,datacopy/BB/Files/2013-06-21/doc-20-05-pdf-325224563.cpl,"[2, 742]"
4814,Processo.cpl,604,2,datacopy/BB/Files/2013-07-03/Processo.cpl,"[2, 742]"
4815,Nota.Fiscal.26.08.2013.cpl,604,2,datacopy/BB/Files/2013-09-05/Nota.Fiscal.26.08.2013.cpl,"[2, 742]"
4816,Nota-Fiscal-No-28293031.cpl,604,2,datacopy/BB/Files/2013-07-01/Nota-Fiscal-No-28293031.cpl,"[2, 742]"
4817,Processo099.cpl,604,2,datacopy/BB/Files/2013-07-01/Processo099.cpl,"[2, 742]"
4818,DSC040.cpl,609,2,datacopy/BB/Files/2012-08-21/DSC040.cpl,[2]
4819,DSC020.cpl,609,2,datacopy/BB/Files/2012-08-28/DSC020.cpl,[2]
4820,DSC080.cpl,609,2,datacopy/BB/Files/2012-08-30/DSC080.cpl,[2]
4821,tim01_mpg.exe,612,2,datacopy/BB/Files/2012-05-11/tim01_mpg.exe,[2]
4822,Nota_fisca.xml.pdf.com,612,2,datacopy/BB/Files/2013-03-22/Nota_fisca.xml.pdf.com,[2]
4823,Plugin_Video_tim.exe,612,2,datacopy/BB/Files/2012-05-08/Plugin_Video_tim.exe,[2]
4824,Foto34.com,614,2,datacopy/BB/Files/2012-03-15/Foto34.com,[2]
4825,Video_84829437.wmv.cmd.exe,614,2,datacopy/BB/Files/2012-03-28/Video_84829437.wmv.cmd.exe,[2]
4826,Video_64829441.wmv.com,614,2,datacopy/BB/Files/2012-04-04/Video_64829441.wmv.com,[2]
4827,w9.jpg,615,2,datacopy/BB/Files/2015-08-28/w9.jpg,[2]
4828,1t4.jpg,615,2,datacopy/BB/Files/2015-08-28/1t4.jpg,[2]
4829,nne5o4b.jpg,615,2,datacopy/BB/Files/2015-08-26/nne5o4b.jpg,[2]
4830,NFe-Municipal0029838912-4338.RTF_.scr,620,2,datacopy/BB/Files/2015-01-05/NFe-Municipal0029838912-4338.RTF_.scr,"[2, 559]"
4831,NFe-Municipal_40398829333-4382.RTF_.scr,620,2,datacopy/BB/Files/2015-01-05/NFe-Municipal_40398829333-4382.RTF_.scr,"[2, 559]"
4832,Documento-5029993.4992-2015.RTF_.scr,620,559,datacopy/BB/Files/2015-01-07/Documento-5029993.4992-2015.RTF_.scr,"[2, 559]"
4833,rt52.exe,621,3,datacopy/BB/Files/2016-11-21/rt52.exe,"[3, 35, 1]"
4834,p4r2..exe,621,3,datacopy/BB/Files/2016-11-21/p4r2..exe,"[3, 35, 1]"
4835,p4r2..exe,621,3,datacopy/BB/Files/2016-11-21/p4r2..exe,"[3, 35, 1]"
4836,jurg2.dll,621,58,datacopy/BB/Files/2016-11-29/jurg2.dll,"[3, 35, 1]"
4837,jurg2.dll,621,58,datacopy/BB/Files/2016-11-29/jurg2.dll,"[3, 35, 1]"
4838,xd4g2.dll,621,422,datacopy/BB/Files/2016-11-29/xd4g2.dll,"[3, 35, 1]"
4839,arm.rar.exe,622,61,datacopy/BB/Files/2014-11-07/arm.rar.exe,"[1, 414]"
4840,h.rar.exe,622,9,datacopy/BB/Files/2014-10-20/h.rar.exe,"[1, 414]"
4841,Confirmacao-E-TICKET-Gol.cpl,624,2,datacopy/BB/Files/2014-01-20/Confirmacao-E-TICKET-Gol.cpl,[2]
4842,NFE_Anexo_PDF.cpl,624,2,datacopy/BB/Files/2014-01-20/NFE_Anexo_PDF.cpl,[2]
4843,NF-e-13803679-21012014.cpl,624,2,datacopy/BB/Files/2014-01-24/NF-e-13803679-21012014.cpl,[2]
4844,0B7GL_v41VtxbaEljYkhkeVF3c1E.exe,624,2,datacopy/BB/Files/2014-01-23/0B7GL_v41VtxbaEljYkhkeVF3c1E.exe,[2]
4845,NFE_Finalizada_PDF.cpl,624,2,datacopy/BB/Files/2014-01-21/NFE_Finalizada_PDF.cpl,[2]
4846,Curriculo_com_foto.cpl,627,2,datacopy/BB/Files/2012-04-02/Curriculo_com_foto.cpl,"[2, 742]"
4847,twitter_declaration.cpl,627,1,datacopy/BB/Files/2014-10-13/twitter_declaration.cpl,"[2, 742]"
4848,Compr08102014.pdf.cpl,627,1,datacopy/BB/Files/2014-10-07/Compr08102014.pdf.cpl,"[2, 742]"
4849,Curriculo_com_foto.cpl,627,2,datacopy/BB/Files/2012-04-02/Curriculo_com_foto.cpl,"[2, 742]"
4850,Curriculo_com_foto.cpl,627,2,datacopy/BB/Files/2012-04-02/Curriculo_com_foto.cpl,"[2, 742]"
4851,Documentos08102014.pdf.cpl,627,1,datacopy/BB/Files/2014-10-08/Documentos08102014.pdf.cpl,"[2, 742]"
4852,Documenos.PDF.cpl,627,1,datacopy/BB/Files/2014-10-14/Documenos.PDF.cpl,"[2, 742]"
4853,Anexo_Fiscal.pdf.cpl,627,1,datacopy/BB/Files/2014-10-10/Anexo_Fiscal.pdf.cpl,"[2, 742]"
4854,Fiscal_eletronico.pdf.cpl,627,1,datacopy/BB/Files/2014-10-10/Fiscal_eletronico.pdf.cpl,"[2, 742]"
4855,Intimacao_MPF.cpl,627,1,datacopy/BB/Files/2014-10-09/Intimacao_MPF.cpl,"[2, 742]"
4856,Documentos_09102014.pdf.cpl,627,1,datacopy/BB/Files/2014-10-09/Documentos_09102014.pdf.cpl,"[2, 742]"
4857,ProcessoRF.cpl,627,1,datacopy/BB/Files/2014-10-09/ProcessoRF.cpl,"[2, 742]"
4858,Boleto2014.cpl,627,1,datacopy/BB/Files/2014-10-17/Boleto2014.cpl,"[2, 742]"
4859,Doc.xml.Pdf.145.547.584cleosvaldo2014.cpl,628,2,datacopy/BB/Files/2013-09-23/Doc.xml.Pdf.145.547.584cleosvaldo2014.cpl,"[2, 503]"
4860,198.784.154.748359.cpl,628,10,datacopy/BB/Files/2013-09-27/198.784.154.748359.cpl,"[2, 503]"
4861,158.489.674.Doc.pdfcleosvaldo2014.cpl,628,10,datacopy/BB/Files/2013-09-25/158.489.674.Doc.pdfcleosvaldo2014.cpl,"[2, 503]"
4862,Nota.Fiscal.Eletronicaemetida-14-2013.cpl,630,2,datacopy/BB/Files/2013-03-15/Nota.Fiscal.Eletronicaemetida-14-2013.cpl,[2]
4863,OrÃ§amento-14032012.cpl,630,2,datacopy/BB/Files/2013-03-19/OrÃ§amento-14032012.cpl,[2]
4864,OrÃ§amento-Planilha2013-PDF.cpl,630,2,datacopy/BB/Files/2013-03-19/OrÃ§amento-Planilha2013-PDF.cpl,[2]
4865,Nota-Fiscal-emetida-11-03.cpl,630,2,datacopy/BB/Files/2013-03-12/Nota-Fiscal-emetida-11-03.cpl,[2]
4866,Recibo_008472.cpl,630,2,datacopy/BB/Files/2013-03-13/Recibo_008472.cpl,[2]
4867,Comprovante79085732851696084452792481730docx.exe,640,3,datacopy/BB/Files/2018-03-07/Comprovante79085732851696084452792481730docx.exe,[3]
4868,Aw7458RET75489AQ01.exe,640,3,datacopy/BB/Files/2018-03-12/Aw7458RET75489AQ01.exe,[3]
4869,aA1477QW74599622112ZA1.exe,640,3,datacopy/BB/Files/2018-03-08/aA1477QW74599622112ZA1.exe,[3]
4870,AEPVTEROIKTL01287PWQWI.exe,640,3,datacopy/BB/Files/2018-03-01/AEPVTEROIKTL01287PWQWI.exe,[3]
4871,Comprovante7908578324534159docx.exe,640,3,datacopy/BB/Files/2018-03-06/Comprovante7908578324534159docx.exe,[3]
4872,Reenvio_Curriculo-2015.exe,641,2,datacopy/BB/Files/2015-05-14/Reenvio_Curriculo-2015.exe,[2]
4873,CurriculumVitae-AnaClaudiaBorges-UNIFESP-20069430.exe,641,2,datacopy/BB/Files/2015-05-14/CurriculumVitae-AnaClaudiaBorges-UNIFESP-20069430.exe,[2]
4874,NTF-e_14-05-2015.exe,641,2,datacopy/BB/Files/2015-05-15/NTF-e_14-05-2015.exe,[2]
4875,OrÃ§amento-EletrÃ´nico-emetido-22-2013.cpl,643,2,datacopy/BB/Files/2013-03-22/OrÃ§amento-EletrÃ´nico-emetido-22-2013.cpl,[2]
4876,fotos-curriculo_jpg.cpl,643,2,datacopy/BB/Files/2013-03-25/fotos-curriculo_jpg.cpl,[2]
4877,2Via.de.boleto.cpl,643,2,datacopy/BB/Files/2013-03-25/2Via.de.boleto.cpl,[2]
4878,OrÃ§amento-EletrÃ´nico-emetido-29-2013.cpl,643,2,datacopy/BB/Files/2013-04-01/OrÃ§amento-EletrÃ´nico-emetido-29-2013.cpl,[2]
4879,Boleto__PDF.cpl,644,2,datacopy/BB/Files/2015-03-27/Boleto__PDF.cpl,[2]
4880,Debito_258642186.cpl,644,2,datacopy/BB/Files/2015-04-01/Debito_258642186.cpl,[2]
4881,NFS.156425145.pdf.cpl,644,2,datacopy/BB/Files/2015-03-23/NFS.156425145.pdf.cpl,[2]
4882,Processo_Intimacao_PDF.cpl,651,2,datacopy/BB/Files/2014-01-15/Processo_Intimacao_PDF.cpl,[2]
4883,Pedido_Faturado.cpl,651,2,datacopy/BB/Files/2014-02-21/Pedido_Faturado.cpl,[2]
4884,BBB14_Fotos_Picantes.cpl,651,2,datacopy/BB/Files/2014-01-23/BBB14_Fotos_Picantes.cpl,[2]
4885,PROCESSO_363.2342014.cpl,651,2,datacopy/BB/Files/2014-01-09/PROCESSO_363.2342014.cpl,[2]
4886,URGENTE.cpl,651,2,datacopy/BB/Files/2014-02-14/URGENTE.cpl,[2]
4887,Comprovante_de_Transferencia_93713.cpl,651,2,datacopy/BB/Files/2013-12-23/Comprovante_de_Transferencia_93713.cpl,[2]
4888,Comprovante_Transferencia_DOC.cpl,651,2,datacopy/BB/Files/2013-12-23/Comprovante_Transferencia_DOC.cpl,[2]
4889,Casas_Bahia_pedido_nÂº_120313.cpl,651,2,datacopy/BB/Files/2013-10-22/Casas_Bahia_pedido_nÂº_120313.cpl,[2]
4890,Planilha_Documento-Anexo.docx_.scr,653,2,datacopy/BB/Files/2013-07-16/Planilha_Documento-Anexo.docx_.scr,[2]
4891,Documento_Anexo-Planilha.docx_.scr,653,2,datacopy/BB/Files/2013-07-16/Documento_Anexo-Planilha.docx_.scr,[2]
4892,Visualizar_Planilha_Documento.docx_.scr,653,2,datacopy/BB/Files/2012-08-28/Visualizar_Planilha_Documento.docx_.scr,[2]
4893,8_14550054_directDownload_true.exe,657,47,datacopy/BB/Files/2014-04-04/8_14550054_directDownload_true.exe,"[1, 2, 3, 414, 441, 1]"
4894,NF-e.exe,657,2,datacopy/BB/Files/2014-07-21/NF-e.exe,"[1, 2, 3, 414, 441, 1]"
4895,Ingressos_FIFA-2014.exe,657,3,datacopy/BB/Files/2014-06-02/Ingressos_FIFA-2014.exe,"[1, 2, 3, 414, 441, 1]"
4896,cancelar.php.exe,657,9,datacopy/BB/Files/2014-04-28/cancelar.php.exe,"[1, 2, 3, 414, 441, 1]"
4897,Comprovante_3948201.exe,657,3,datacopy/BB/Files/2014-04-15/Comprovante_3948201.exe,"[1, 2, 3, 414, 441, 1]"
4898,2_35880001_directDownload_true.exe,657,2,datacopy/BB/Files/2014-03-12/2_35880001_directDownload_true.exe,"[1, 2, 3, 414, 441, 1]"
4899,jun014.exe,657,441,datacopy/BB/Files/2014-06-04/jun014.exe,"[1, 2, 3, 414, 441, 1]"
4900,Comprovante_NOTA_713.exe,657,2,datacopy/BB/Files/2014-05-14/Comprovante_NOTA_713.exe,"[1, 2, 3, 414, 441, 1]"
4901,install_flash_player_plugin.exe,657,9,datacopy/BB/Files/2015-05-21/install_flash_player_plugin.exe,"[1, 2, 3, 414, 441, 1]"
4902,2_25507875_directDownload_true.exe,657,75,datacopy/BB/Files/2014-02-12/2_25507875_directDownload_true.exe,"[1, 2, 3, 414, 441, 1]"
4903,8_06877217_directDownload_true.exe,657,3,datacopy/BB/Files/2014-02-12/8_06877217_directDownload_true.exe,"[1, 2, 3, 414, 441, 1]"
4904,Comprovante_transferencia.pdf.exe,657,47,datacopy/BB/Files/2014-03-26/Comprovante_transferencia.pdf.exe,"[1, 2, 3, 414, 441, 1]"
4905,FIJDJFVPQEIBTLGHTFNCHRPEXGJGLO.exe,657,47,datacopy/BB/Files/2014-03-26/FIJDJFVPQEIBTLGHTFNCHRPEXGJGLO.exe,"[1, 2, 3, 414, 441, 1]"
4906,2_36125541_directDownload_true.exe,657,2,datacopy/BB/Files/2014-03-13/2_36125541_directDownload_true.exe,"[1, 2, 3, 414, 441, 1]"
4907,8_06281824_directDownload_true.exe,657,2,datacopy/BB/Files/2014-02-14/8_06281824_directDownload_true.exe,"[1, 2, 3, 414, 441, 1]"
4908,8_06635423_directDownload_true.exe,657,2,datacopy/BB/Files/2014-02-11/8_06635423_directDownload_true.exe,"[1, 2, 3, 414, 441, 1]"
4909,debitos-receita.exe,657,9,datacopy/BB/Files/2014-02-11/debitos-receita.exe,"[1, 2, 3, 414, 441, 1]"
4910,Recibo.0079298486.exe,658,2,datacopy/BB/Files/2017-03-29/Recibo.0079298486.exe,"[2, 295]"
4911,Recibo.0079298497.exe,658,0,datacopy/BB/Files/2017-03-29/Recibo.0079298497.exe,"[2, 295]"
4912,Recibo.0079298451.exe,658,0,datacopy/BB/Files/2017-03-29/Recibo.0079298451.exe,"[2, 295]"
4913,Recibo.0079298457.exe,658,0,datacopy/BB/Files/2017-03-29/Recibo.0079298457.exe,"[2, 295]"
4914,Recibo.0079298449.exe,658,0,datacopy/BB/Files/2017-03-29/Recibo.0079298449.exe,"[2, 295]"
4915,Recibo.007929847.exe,658,2,datacopy/BB/Files/2017-03-30/Recibo.007929847.exe,"[2, 295]"
4916,Recibo.0079298444.exe,658,2,datacopy/BB/Files/2017-03-30/Recibo.0079298444.exe,"[2, 295]"
4917,Recibo.0079298455.exe,658,2,datacopy/BB/Files/2017-03-30/Recibo.0079298455.exe,"[2, 295]"
4918,Recibo.0079298487.exe,658,2,datacopy/BB/Files/2017-03-30/Recibo.0079298487.exe,"[2, 295]"
4919,Recibo.007929843.exe,658,2,datacopy/BB/Files/2017-03-30/Recibo.007929843.exe,"[2, 295]"
4920,Recibo.0079298435.exe,658,2,datacopy/BB/Files/2017-03-30/Recibo.0079298435.exe,"[2, 295]"
4921,Recibo.0079298468.exe,658,2,datacopy/BB/Files/2017-03-30/Recibo.0079298468.exe,"[2, 295]"
4922,Arquivo.00982327.exe,658,2,datacopy/BB/Files/2017-03-30/Arquivo.00982327.exe,"[2, 295]"
4923,Recibo.0079298422.exe,658,0,datacopy/BB/Files/2017-03-30/Recibo.0079298422.exe,"[2, 295]"
4924,Recibo.0079298461.exe,658,0,datacopy/BB/Files/2017-03-30/Recibo.0079298461.exe,"[2, 295]"
4925,Recibo.0079298416.exe,658,2,datacopy/BB/Files/2017-03-30/Recibo.0079298416.exe,"[2, 295]"
4926,Recibo.0079298432.exe,658,2,datacopy/BB/Files/2017-03-30/Recibo.0079298432.exe,"[2, 295]"
4927,Recibo.0079298482.exe,658,2,datacopy/BB/Files/2017-03-30/Recibo.0079298482.exe,"[2, 295]"
4928,Recibo.0079298420.exe,658,0,datacopy/BB/Files/2017-03-30/Recibo.0079298420.exe,"[2, 295]"
4929,Arquivo.0098236.exe,658,2,datacopy/BB/Files/2017-03-31/Arquivo.0098236.exe,"[2, 295]"
4930,Arquivo.00982359.exe,658,2,datacopy/BB/Files/2017-03-31/Arquivo.00982359.exe,"[2, 295]"
4931,Download_01629264848.exe,660,2,datacopy/BB/Files/2017-03-24/Download_01629264848.exe,[2]
4932,Download_01629264838.exe,660,2,datacopy/BB/Files/2017-03-24/Download_01629264838.exe,[2]
4933,Download_01629264864.exe,660,2,datacopy/BB/Files/2017-03-24/Download_01629264864.exe,[2]
4934,Download_01629264894.exe,660,2,datacopy/BB/Files/2017-03-24/Download_01629264894.exe,[2]
4935,Download_01629264811.exe,660,2,datacopy/BB/Files/2017-03-24/Download_01629264811.exe,[2]
4936,Download_01629264871.exe,660,2,datacopy/BB/Files/2017-03-24/Download_01629264871.exe,[2]
4937,Download_01629264860.exe,660,2,datacopy/BB/Files/2017-03-24/Download_01629264860.exe,[2]
4938,inti_29_10.cpl,661,2,datacopy/BB/Files/2013-10-30/inti_29_10.cpl,[2]
4939,outub_anex_.cpl,661,2,datacopy/BB/Files/2013-10-11/outub_anex_.cpl,[2]
4940,anex_outub.cpl,661,2,datacopy/BB/Files/2013-10-02/anex_outub.cpl,[2]
4941,anex_setem.cpl,661,2,datacopy/BB/Files/2013-10-14/anex_setem.cpl,[2]
4942,compravante.cpl,666,2,datacopy/BB/Files/2013-08-06/compravante.cpl,"[2, 742]"
4943,boleto004.cpl,666,2,datacopy/BB/Files/2013-07-18/boleto004.cpl,"[2, 742]"
4944,DDjFF_Lb.exe,666,1,datacopy/BB/Files/2013-06-03/DDjFF_Lb.exe,"[2, 742]"
4945,Fotos_curso_2013.php.exe,666,2,datacopy/BB/Files/2013-06-03/Fotos_curso_2013.php.exe,"[2, 742]"
4946,Titulo_Serasa200520134.cpl,666,2,datacopy/BB/Files/2013-07-23/Titulo_Serasa200520134.cpl,"[2, 742]"
4947,ChamadadeVoz.cpl,666,2,datacopy/BB/Files/2013-08-05/ChamadadeVoz.cpl,"[2, 742]"
4948,DividaAtivaSerasa.cpl,666,2,datacopy/BB/Files/2013-08-05/DividaAtivaSerasa.cpl,"[2, 742]"
4949,pagamento876.cpl,666,2,datacopy/BB/Files/2013-09-17/pagamento876.cpl,"[2, 742]"
4950,01Titulo_Serasa.cpl,666,2,datacopy/BB/Files/2013-08-02/01Titulo_Serasa.cpl,"[2, 742]"
4951,api-ms-win-core-datetime-l1-1-0.dll,669,2,datacopy/BB/Files/2013-06-26/api-ms-win-core-datetime-l1-1-0.dll,[2]
4952,msyuv.dll,669,2,datacopy/BB/Files/2013-06-07/msyuv.dll,[2]
4953,tcpmonui.dll,669,2,datacopy/BB/Files/2013-06-17/tcpmonui.dll,[2]
4954,cheque-id-19453.cpl,670,2,datacopy/BB/Files/2013-06-26/cheque-id-19453.cpl,[2]
4955,Boleto_Contrato_Debitos.cpl,670,2,datacopy/BB/Files/2013-07-19/Boleto_Contrato_Debitos.cpl,[2]
4956,Boleto-id-2234445-cliente-222944.cpl,670,2,datacopy/BB/Files/2013-07-11/Boleto-id-2234445-cliente-222944.cpl,[2]
4957,Boletos.pdf.cpl,670,2,datacopy/BB/Files/2013-07-15/Boletos.pdf.cpl,[2]
4958,Img001992300.bmp.cpl,670,2,datacopy/BB/Files/2013-07-01/Img001992300.bmp.cpl,[2]
4959,Cheque-330004080009000010.pdf.cpl,670,2,datacopy/BB/Files/2013-07-01/Cheque-330004080009000010.pdf.cpl,[2]
4960,Cheque-229730002000000.pdf.cpl,670,2,datacopy/BB/Files/2013-06-28/Cheque-229730002000000.pdf.cpl,[2]
4961,Boleto_Abraz_Janeiro_2013_PDF.cpl,678,2,datacopy/BB/Files/2013-01-30/Boleto_Abraz_Janeiro_2013_PDF.cpl,[2]
4962,Video_Prefeito_Corrupto.cpl,678,2,datacopy/BB/Files/2012-09-26/Video_Prefeito_Corrupto.cpl,[2]
4963,IMG-239487293.cpl,678,2,datacopy/BB/Files/2012-12-27/IMG-239487293.cpl,[2]
4964,DSC0102711.cpl,679,2,datacopy/BB/Files/2012-12-12/DSC0102711.cpl,"[2, 414]"
4965,DSC0100511.cpl,679,9,datacopy/BB/Files/2012-11-06/DSC0100511.cpl,"[2, 414]"
4966,DSC0200511.cpl,679,2,datacopy/BB/Files/2012-11-06/DSC0200511.cpl,"[2, 414]"
4967,DSC060.cpl,679,9,datacopy/BB/Files/2012-10-17/DSC060.cpl,"[2, 414]"
4968,DSC0703011.cpl,679,2,datacopy/BB/Files/2012-12-03/DSC0703011.cpl,"[2, 414]"
4969,DSC0702510.cpl,679,2,datacopy/BB/Files/2012-10-29/DSC0702510.cpl,"[2, 414]"
4970,2_20113274_directDownload_true.exe,681,2,datacopy/BB/Files/2014-02-27/2_20113274_directDownload_true.exe,[2]
4971,2_29157871_directDownload_true.exe,681,2,datacopy/BB/Files/2014-02-25/2_29157871_directDownload_true.exe,[2]
4972,Comprovante324154.exe,681,2,datacopy/BB/Files/2014-02-14/Comprovante324154.exe,[2]
4973,FOTODSC567.cpl,685,2,datacopy/BB/Files/2013-11-13/FOTODSC567.cpl,"[2, 742]"
4974,CobranÃ§a_versÃ¡til.cpl,685,1,datacopy/BB/Files/2013-11-13/CobranÃ§a_versÃ¡til.cpl,"[2, 742]"
4975,protocolo.cpl,685,2,datacopy/BB/Files/2014-01-08/protocolo.cpl,"[2, 742]"
4976,NFe-431305962069410003175500100procNFe.pdf.cpl,685,2,datacopy/BB/Files/2013-11-19/NFe-431305962069410003175500100procNFe.pdf.cpl,"[2, 742]"
4977,comprovante_de_deposito_pdf.cpl,685,2,datacopy/BB/Files/2013-11-14/comprovante_de_deposito_pdf.cpl,"[2, 742]"
4978,IMG_52932_214223.cpl,686,2,datacopy/BB/Files/2014-01-23/IMG_52932_214223.cpl,[2]
4979,WATHSAPP29012014jpeg.cpl,686,2,datacopy/BB/Files/2014-02-03/WATHSAPP29012014jpeg.cpl,[2]
4980,DSC.6552242100209.JPG.cpl,686,2,datacopy/BB/Files/2013-12-17/DSC.6552242100209.JPG.cpl,[2]
4981,DSCS.5842140626239404898.JPG.cpl,686,2,datacopy/BB/Files/2013-11-26/DSCS.5842140626239404898.JPG.cpl,[2]
4982,0a7P7H.exe,689,3,datacopy/BB/Files/2013-06-06/0a7P7H.exe,"[3, 59]"
4983,4P6w0R.exe,689,59,datacopy/BB/Files/2013-06-07/4P6w0R.exe,"[3, 59]"
4984,2O7o5O.exe,689,3,datacopy/BB/Files/2013-06-18/2O7o5O.exe,"[3, 59]"
4985,0Q6I5s.exe,689,3,datacopy/BB/Files/2013-06-18/0Q6I5s.exe,"[3, 59]"
4986,Visualizar.PDF.cpl,695,2,datacopy/BB/Files/2013-09-03/Visualizar.PDF.cpl,"[2, 742]"
4987,Pedido_50089605.cpl,695,1,datacopy/BB/Files/2013-09-09/Pedido_50089605.cpl,"[2, 742]"
4988,dowload_pdf.cpl,695,2,datacopy/BB/Files/2013-09-09/dowload_pdf.cpl,"[2, 742]"
4989,NF-doc.cpl,695,1,datacopy/BB/Files/2013-09-02/NF-doc.cpl,"[2, 742]"
4990,foto578_jpg.cpl,695,1,datacopy/BB/Files/2013-09-04/foto578_jpg.cpl,"[2, 742]"
4991,Nota.Fiscal-doc.cpl,695,1,datacopy/BB/Files/2013-09-06/Nota.Fiscal-doc.cpl,"[2, 742]"
4992,Comprovante_bancario_PDF.exe,696,2,datacopy/BB/Files/2015-06-16/Comprovante_bancario_PDF.exe,[2]
4993,notafiscal.pdf.scr,696,2,datacopy/BB/Files/2015-06-16/notafiscal.pdf.scr,[2]
4994,CURRICULUM.DOC.scr,696,2,datacopy/BB/Files/2015-06-16/CURRICULUM.DOC.scr,[2]
4995,akRFMkE_e_download_cli_Cliente.exe,696,2,datacopy/BB/Files/2015-06-15/akRFMkE_e_download_cli_Cliente.exe,[2]
4996,MPF.201510055.exe,696,2,datacopy/BB/Files/2015-06-17/MPF.201510055.exe,[2]
4997,Boleto_Acordo-bff00629.pdf______________________________.exe,696,2,datacopy/BB/Files/2015-06-17/Boleto_Acordo-bff00629.pdf______________________________.exe,[2]
4998,k8t0.html.exe,702,3,datacopy/BB/Files/2014-05-22/k8t0.html.exe,[3]
4999,k8t3.html.exe,702,3,datacopy/BB/Files/2014-05-27/k8t3.html.exe,[3]
5000,k8t4.html.exe,702,3,datacopy/BB/Files/2014-05-27/k8t4.html.exe,[3]
5001,k8t5.html.exe,702,3,datacopy/BB/Files/2014-05-28/k8t5.html.exe,[3]
5002,k8t8.html.exe,702,3,datacopy/BB/Files/2014-05-28/k8t8.html.exe,[3]
5003,k8t9.html.exe,702,3,datacopy/BB/Files/2014-05-28/k8t9.html.exe,[3]
5004,k8t7.html.exe,702,3,datacopy/BB/Files/2014-05-28/k8t7.html.exe,[3]
5005,k8t6.html.exe,702,3,datacopy/BB/Files/2014-05-28/k8t6.html.exe,[3]
5006,k8t1.html.exe,702,3,datacopy/BB/Files/2014-05-28/k8t1.html.exe,[3]
5007,Fatura2via.cpl,706,2,datacopy/BB/Files/2013-08-29/Fatura2via.cpl,[2]
5008,REF=PED1045213.cpl,706,2,datacopy/BB/Files/2013-09-19/REF=PED1045213.cpl,[2]
5009,Boleto-09-2013.cpl,706,2,datacopy/BB/Files/2013-08-28/Boleto-09-2013.cpl,[2]
5010,Fatura2viacasasbahia.cpl,706,2,datacopy/BB/Files/2013-08-30/Fatura2viacasasbahia.cpl,[2]
5011,Ocorrencia.1BF.2014.cpl,709,2,datacopy/BB/Files/2014-03-24/Ocorrencia.1BF.2014.cpl,"[2, 3]"
5012,IntimaÃ§Ã£oSAFRE2014.cpl,709,3,datacopy/BB/Files/2014-04-14/IntimaÃ§Ã£oSAFRE2014.cpl,"[2, 3]"
5013,ocorrenciaspoliciais_blogspot.com.br.zip.cpl,709,2,datacopy/BB/Files/2014-05-13/ocorrenciaspoliciais_blogspot.com.br.zip.cpl,"[2, 3]"
5014,19-5065125806.exe,711,2,datacopy/BB/Files/2014-10-08/19-5065125806.exe,[2]
5015,Segunda-Via-Boleto-PDF.exe,711,2,datacopy/BB/Files/2014-10-02/Segunda-Via-Boleto-PDF.exe,[2]
5016,Nota.Fiscal.PDF...............................................................................exe,711,2,datacopy/BB/Files/2014-09-24/Nota.Fiscal.PDF...............................................................................exe,[2]
5017,740406986.exe,715,73,datacopy/BB/Files/2014-03-20/740406986.exe,"[1, 3, 286]"
5018,740410584.exe,715,3,datacopy/BB/Files/2014-03-17/740410584.exe,"[1, 3, 286]"
5019,740411401.exe,715,73,datacopy/BB/Files/2014-03-17/740411401.exe,"[1, 3, 286]"
5020,740408816.exe,715,3,datacopy/BB/Files/2014-03-17/740408816.exe,"[1, 3, 286]"
5021,740416212.exe,715,3,datacopy/BB/Files/2014-03-17/740416212.exe,"[1, 3, 286]"
5022,740453055.exe,715,73,datacopy/BB/Files/2014-03-17/740453055.exe,"[1, 3, 286]"
5023,698597565.exe,715,38,datacopy/BB/Files/2014-02-24/698597565.exe,"[1, 3, 286]"
5024,686018072.exe,715,38,datacopy/BB/Files/2014-02-24/686018072.exe,"[1, 3, 286]"
5025,686067781.exe,715,38,datacopy/BB/Files/2014-02-24/686067781.exe,"[1, 3, 286]"
5026,687884553.exe,715,38,datacopy/BB/Files/2014-02-24/687884553.exe,"[1, 3, 286]"
5027,686096362.exe,715,38,datacopy/BB/Files/2014-02-24/686096362.exe,"[1, 3, 286]"
5028,686050992.exe,715,38,datacopy/BB/Files/2014-02-24/686050992.exe,"[1, 3, 286]"
5029,698679498.exe,715,38,datacopy/BB/Files/2014-02-24/698679498.exe,"[1, 3, 286]"
5030,687782753.exe,715,38,datacopy/BB/Files/2014-02-24/687782753.exe,"[1, 3, 286]"
5031,687897305.exe,715,38,datacopy/BB/Files/2014-02-24/687897305.exe,"[1, 3, 286]"
5032,686063700.exe,715,38,datacopy/BB/Files/2014-02-24/686063700.exe,"[1, 3, 286]"
5033,686081708.exe,715,38,datacopy/BB/Files/2014-02-24/686081708.exe,"[1, 3, 286]"
5034,hmsmot2.exe,720,120,datacopy/BB/Files/2014-04-29/hmsmot2.exe,"[1, 469, 658]"
5035,andlogins.exe,720,469,datacopy/BB/Files/2014-03-24/andlogins.exe,"[1, 469, 658]"
5036,alming2.rar.exe,720,658,datacopy/BB/Files/2014-05-16/alming2.rar.exe,"[1, 469, 658]"
5037,PDF_CompVizualiza.exe,726,2,datacopy/BB/Files/2015-11-05/PDF_CompVizualiza.exe,[2]
5038,Boleto_de_Desconto.exe,726,2,datacopy/BB/Files/2015-10-08/Boleto_de_Desconto.exe,[2]
5039,debveicular_nonato339837x.exe,726,2,datacopy/BB/Files/2015-10-08/debveicular_nonato339837x.exe,[2]
5040,Deposito_Conf.com,729,2,datacopy/BB/Files/2012-08-08/Deposito_Conf.com,[2]
5041,Detalhes_Inclusao.com,729,2,datacopy/BB/Files/2012-08-20/Detalhes_Inclusao.com,[2]
5042,0BzP651qMoUsQRlBLWGhPMzdsRk0.exe,729,2,datacopy/BB/Files/2012-08-14/0BzP651qMoUsQRlBLWGhPMzdsRk0.exe,[2]
5043,Comprovante_15_08.com,729,2,datacopy/BB/Files/2012-08-16/Comprovante_15_08.com,[2]
5044,Centriners.cpl,731,2,datacopy/BB/Files/2014-07-03/Centriners.cpl,[2]
5045,erik.cpl,731,2,datacopy/BB/Files/2014-07-07/erik.cpl,[2]
5046,newoption.cpl,731,2,datacopy/BB/Files/2014-07-01/newoption.cpl,[2]
5047,Dsc_293.jpg.exe,732,2,datacopy/BB/Files/2012-03-01/Dsc_293.jpg.exe,"[2, 3]"
5048,Dsc_293.jpg.exe,732,2,datacopy/BB/Files/2012-03-01/Dsc_293.jpg.exe,"[2, 3]"
5049,kg.exe,732,3,datacopy/BB/Files/2019-05-13/kg.exe,"[2, 3]"
5050,REF490148734214.cpl,734,2,datacopy/BB/Files/2015-06-01/REF490148734214.cpl,[2]
5051,NF654654646baixa.cpl,734,2,datacopy/BB/Files/2015-06-22/NF654654646baixa.cpl,[2]
5052,REF_43294702348473.cpl,734,2,datacopy/BB/Files/2015-06-02/REF_43294702348473.cpl,[2]
5053,02551500006632-ProcNfe.PDF.cpl,734,2,datacopy/BB/Files/2015-05-29/02551500006632-ProcNfe.PDF.cpl,[2]
5054,NF897352935435.cpl,734,2,datacopy/BB/Files/2015-06-03/NF897352935435.cpl,[2]
5055,Copia_Documento.exe,735,2,datacopy/BB/Files/2013-01-04/Copia_Documento.exe,[2]
5056,Proposta.com,735,2,datacopy/BB/Files/2012-12-03/Proposta.com,[2]
5057,Preco_tabela.exe,735,2,datacopy/BB/Files/2012-12-14/Preco_tabela.exe,[2]
5058,Download_01629264841.exe,736,2,datacopy/BB/Files/2017-03-28/Download_01629264841.exe,[2]
5059,Download_01629264898.exe,736,2,datacopy/BB/Files/2017-03-28/Download_01629264898.exe,[2]
5060,Download_01629264812.exe,736,2,datacopy/BB/Files/2017-03-28/Download_01629264812.exe,[2]
5061,Download_01629264849.exe,736,2,datacopy/BB/Files/2017-03-28/Download_01629264849.exe,[2]
5062,Download_01629264877.exe,736,2,datacopy/BB/Files/2017-03-28/Download_01629264877.exe,[2]
5063,Download_01629264893.exe,736,2,datacopy/BB/Files/2017-03-30/Download_01629264893.exe,[2]
5064,Download_01629264884.exe,736,2,datacopy/BB/Files/2017-03-30/Download_01629264884.exe,[2]
5065,Cobranca-Arquivo-Extrato-10019200039100000001920019200000019200192002099010000.cpl,737,2,datacopy/BB/Files/2015-01-15/Cobranca-Arquivo-Extrato-10019200039100000001920019200000019200192002099010000.cpl,[2]
5066,Intimacao-Notificacao-PDF.cpl,737,2,datacopy/BB/Files/2015-01-14/Intimacao-Notificacao-PDF.cpl,[2]
5067,Comprovante92310101.rar.cpl,737,2,datacopy/BB/Files/2015-01-14/Comprovante92310101.rar.cpl,[2]
5068,boleto-NFE-582.exe,743,2,datacopy/BB/Files/2015-10-28/boleto-NFE-582.exe,[2]
5069,Comprovante4703984702d34943hhd29.exe,743,2,datacopy/BB/Files/2015-10-28/Comprovante4703984702d34943hhd29.exe,[2]
5070,cda520aa966669448297_lgfp_3000.exe,743,2,datacopy/BB/Files/2015-10-23/cda520aa966669448297_lgfp_3000.exe,[2]
5071,nt4DLA07BxdUtzm1NxoTbK6oEeAWg_.exe,743,2,datacopy/BB/Files/2015-10-23/nt4DLA07BxdUtzm1NxoTbK6oEeAWg_.exe,[2]
5072,BoletoOutubro21-10-2015.exe,743,2,datacopy/BB/Files/2015-10-22/BoletoOutubro21-10-2015.exe,[2]
5073,Proposta.php.exe,757,2,datacopy/BB/Files/2012-02-24/Proposta.php.exe,[2]
5074,Santanderv4.6.exe,757,2,datacopy/BB/Files/2012-03-09/Santanderv4.6.exe,[2]
5075,comprovante_num84.pdf.exe,757,2,datacopy/BB/Files/2012-06-08/comprovante_num84.pdf.exe,[2]
5076,ringtdowntin.exe,760,164,datacopy/BB/Files/2013-05-02/ringtdowntin.exe,[1]
5077,chicthent3.exe,760,164,datacopy/BB/Files/2013-05-07/chicthent3.exe,[1]
5078,furkewwrst.exe,760,164,datacopy/BB/Files/2013-04-24/furkewwrst.exe,[1]
5079,Visualizar_Documento.docx_.scr,764,2,datacopy/BB/Files/2013-04-08/Visualizar_Documento.docx_.scr,[2]
5080,Visualizar_Documento.docx_.scr,764,2,datacopy/BB/Files/2013-04-08/Visualizar_Documento.docx_.scr,[2]
5081,Visualizar_Documento.docx_.scr,764,2,datacopy/BB/Files/2013-04-08/Visualizar_Documento.docx_.scr,[2]
5082,pliebi1n.exe,767,2,datacopy/BB/Files/2013-06-11/pliebi1n.exe,"[2, 295]"
5083,6685.exe,767,2,datacopy/BB/Files/2013-06-14/6685.exe,"[2, 295]"
5084,yx66581qg.exe,767,0,datacopy/BB/Files/2013-06-12/yx66581qg.exe,"[2, 295]"
5085,8256582.exe,771,3,datacopy/BB/Files/2012-12-10/8256582.exe,[3]
5086,7509161.exe,771,3,datacopy/BB/Files/2012-12-26/7509161.exe,[3]
5087,7357160.exe,771,3,datacopy/BB/Files/2012-12-13/7357160.exe,[3]
5088,5998826.exe,771,3,datacopy/BB/Files/2012-12-14/5998826.exe,[3]
5089,documento20180032718644.exe,781,2,datacopy/BB/Files/2018-02-01/documento20180032718644.exe,[2]
5090,IMG20180WA64FT7788E4RT5415S.exe,781,2,datacopy/BB/Files/2018-01-23/IMG20180WA64FT7788E4RT5415S.exe,[2]
5091,IMG20180WA00412657921001477854.exe,781,2,datacopy/BB/Files/2018-01-22/IMG20180WA00412657921001477854.exe,[2]
5092,dcd6e5c1cb35b42d6bcf7e3e68a16be66079f68f.codex,806,821,datacopy/CodexGiga/dcd6e5c1cb35b42d6bcf7e3e68a16be66079f68f.codex,"[13, 1, 1098, 1, 1, 3, 11, 274, 122]"
5093,8566d3abd8c18cc0b3f2e5ecd2779fd0761c2161.codex,806,821,datacopy/CodexGiga/8566d3abd8c18cc0b3f2e5ecd2779fd0761c2161.codex,"[13, 1, 1098, 1, 1, 3, 11, 274, 122]"
5094,a265995327fa4584275706ee97c89be80971bcc7.codex,806,993,datacopy/CodexGiga/a265995327fa4584275706ee97c89be80971bcc7.codex,"[13, 1, 1098, 1, 1, 3, 11, 274, 122]"
5095,4562855f42b2e41b32b05d2aec5ff411d3058454.codex,806,1098,datacopy/CodexGiga/4562855f42b2e41b32b05d2aec5ff411d3058454.codex,"[13, 1, 1098, 1, 1, 3, 11, 274, 122]"
5096,99884c31dc2f266f94a143f1a5cd4f570a45910c.codex,806,925,datacopy/CodexGiga/99884c31dc2f266f94a143f1a5cd4f570a45910c.codex,"[13, 1, 1098, 1, 1, 3, 11, 274, 122]"
5097,4f68afd2370dc304d9f178f55b3d7a45a28febba.codex,806,821,datacopy/CodexGiga/4f68afd2370dc304d9f178f55b3d7a45a28febba.codex,"[13, 1, 1098, 1, 1, 3, 11, 274, 122]"
5098,97e775b6a18958d730cb467cab517877f803005f.codex,806,925,datacopy/CodexGiga/97e775b6a18958d730cb467cab517877f803005f.codex,"[13, 1, 1098, 1, 1, 3, 11, 274, 122]"
5099,64d7508cda0c1fd48cc587d3da6048e5639a35c2.codex,806,821,datacopy/CodexGiga/64d7508cda0c1fd48cc587d3da6048e5639a35c2.codex,"[13, 1, 1098, 1, 1, 3, 11, 274, 122]"
5100,cce2deac99da11b3b1ddd8d9a5aa5b4744e0c8fa.codex,806,838,datacopy/CodexGiga/cce2deac99da11b3b1ddd8d9a5aa5b4744e0c8fa.codex,"[13, 1, 1098, 1, 1, 3, 11, 274, 122]"
5101,cleosvaldo04868402.exe,806,3,datacopy/BB/Files/2015-01-07/cleosvaldo04868402.exe,"[13, 1, 1098, 1, 1, 3, 11, 274, 122]"
5102,hRJchV.exe,806,62,datacopy/BB/Files/2015-01-07/hRJchV.exe,"[13, 1, 1098, 1, 1, 3, 11, 274, 122]"
5103,NotaFiscal.JD9S-IM27-2299-SSD4download.exe,806,3,datacopy/BB/Files/2015-09-23/NotaFiscal.JD9S-IM27-2299-SSD4download.exe,"[13, 1, 1098, 1, 1, 3, 11, 274, 122]"
5104,freebb.exe,806,274,datacopy/BB/Files/2012-06-20/freebb.exe,"[13, 1, 1098, 1, 1, 3, 11, 274, 122]"
5105,83568dc3efa626d9b32cb143e8a4852de5b0c4a3fa6d6c149045f9030ea01cbb,806,130,datacopy/Stefano/83568dc3efa626d9b32cb143e8a4852de5b0c4a3fa6d6c149045f9030ea01cbb,"[13, 1, 1098, 1, 1, 3, 11, 274, 122]"
5106,Download_digitalizado_02.2017.00193781.exe,812,2,datacopy/BB/Files/2017-03-10/Download_digitalizado_02.2017.00193781.exe,"[2, 295]"
5107,Download_digitalizado_02.2017.00193716.exe,812,2,datacopy/BB/Files/2017-03-10/Download_digitalizado_02.2017.00193716.exe,"[2, 295]"
5108,Download_digitalizado_02.2017.00193798.exe,812,2,datacopy/BB/Files/2017-03-10/Download_digitalizado_02.2017.00193798.exe,"[2, 295]"
5109,Download_digitalizado_02.2017.00193771.exe,812,0,datacopy/BB/Files/2017-03-08/Download_digitalizado_02.2017.00193771.exe,"[2, 295]"
5110,Download_digitalizado_02.2017.00193766.exe,812,2,datacopy/BB/Files/2017-03-08/Download_digitalizado_02.2017.00193766.exe,"[2, 295]"
5111,Download_digitalizado_02.2017.00193745.exe,812,2,datacopy/BB/Files/2017-03-08/Download_digitalizado_02.2017.00193745.exe,"[2, 295]"
5112,Download_digitalizado_02.2017.00193763.exe,812,2,datacopy/BB/Files/2017-03-08/Download_digitalizado_02.2017.00193763.exe,"[2, 295]"
5113,FOTODSC2E309E7.cpl,813,2,datacopy/BB/Files/2013-12-16/FOTODSC2E309E7.cpl,[2]
5114,N_F_PDF.cpl,813,2,datacopy/BB/Files/2014-01-16/N_F_PDF.cpl,[2]
5115,Anexo.ID-Deposito.PDF.cpl,813,2,datacopy/BB/Files/2013-12-13/Anexo.ID-Deposito.PDF.cpl,[2]
5116,Comprovante-Fiscal-Digital.cpl,813,2,datacopy/BB/Files/2013-12-17/Comprovante-Fiscal-Digital.cpl,[2]
5117,Pedido0098.com,832,2,datacopy/BB/Files/2015-03-31/Pedido0098.com,[2]
5118,ComunicadoDebito_ReceitaFederal_KgH2214.exe,832,2,datacopy/BB/Files/2015-03-31/ComunicadoDebito_ReceitaFederal_KgH2214.exe,[2]
5119,ck1aRUU_e_download_cli_Cliente.exe,832,2,datacopy/BB/Files/2015-03-31/ck1aRUU_e_download_cli_Cliente.exe,[2]
5120,Intimacaopdf.rar.exe,832,2,datacopy/BB/Files/2015-03-31/Intimacaopdf.rar.exe,[2]
5121,2VIA-BOLETO.cpl,841,2,datacopy/BB/Files/2015-07-08/2VIA-BOLETO.cpl,[2]
5122,Boleto-827424214.cpl,841,2,datacopy/BB/Files/2015-06-24/Boleto-827424214.cpl,[2]
5123,Boleto-2via402384343248.cpl,841,2,datacopy/BB/Files/2015-06-24/Boleto-2via402384343248.cpl,[2]
5124,Boleto_2938784023.cpl,841,2,datacopy/BB/Files/2015-06-19/Boleto_2938784023.cpl,[2]
5125,Not_DER.zip.cpl,841,2,datacopy/BB/Files/2015-06-22/Not_DER.zip.cpl,[2]
5126,Boleto-49274423.cpl,841,2,datacopy/BB/Files/2015-06-22/Boleto-49274423.cpl,[2]
5127,Not_DER.cpl,841,2,datacopy/BB/Files/2015-06-23/Not_DER.cpl,[2]
5128,Boleto-91723-123.cpl,841,2,datacopy/BB/Files/2015-06-23/Boleto-91723-123.cpl,[2]
5129,NF_Boleto0056998750234534.cpl,841,2,datacopy/BB/Files/2015-06-15/NF_Boleto0056998750234534.cpl,[2]
5130,Boleto-8297423.cpl,841,2,datacopy/BB/Files/2015-06-17/Boleto-8297423.cpl,[2]
5131,Arquivo.00982320.exe,842,2,datacopy/BB/Files/2017-03-31/Arquivo.00982320.exe,[2]
5132,Arquivo.00982386.exe,842,2,datacopy/BB/Files/2017-03-31/Arquivo.00982386.exe,[2]
5133,Arquivo.00982341.exe,842,2,datacopy/BB/Files/2017-03-31/Arquivo.00982341.exe,[2]
5134,DFS-001205002302600006480-03112015.exe,843,2,datacopy/BB/Files/2015-11-04/DFS-001205002302600006480-03112015.exe,[2]
5135,DFS-BOLET0-001205689870002648000334580000230545800000.exe,843,2,datacopy/BB/Files/2015-11-04/DFS-BOLET0-001205689870002648000334580000230545800000.exe,[2]
5136,arqui-210309190843.exe,843,2,datacopy/BB/Files/2015-11-03/arqui-210309190843.exe,[2]
5137,1039b776df686a4e7cbe2cabc28db800a3374632.bin,858,796,datacopy/UCSB/1039b776df686a4e7cbe2cabc28db800a3374632.bin,"[1, 1, 1]"
5138,Claro_v2.exe,858,494,datacopy/BB/Files/2013-02-27/Claro_v2.exe,"[1, 1, 1]"
5139,Claro_v3.exe,858,494,datacopy/BB/Files/2013-03-05/Claro_v3.exe,"[1, 1, 1]"
5140,17a4a19090d14c5d49cf7a5e716d736fb98fdc09044d0385aa5ada661f792364,858,642,datacopy/Stefano/17a4a19090d14c5d49cf7a5e716d736fb98fdc09044d0385aa5ada661f792364,"[1, 1, 1]"
5141,NotaFiscal.xml.cpl,869,2,datacopy/BB/Files/2014-08-22/NotaFiscal.xml.cpl,[2]
5142,NFe.694851547.cpl,869,2,datacopy/BB/Files/2014-09-12/NFe.694851547.cpl,[2]
5143,download-planilha.cpl,869,2,datacopy/BB/Files/2014-09-11/download-planilha.cpl,[2]
5144,Nota.fisc_Eletronica.=cod0020.cpl,878,2,datacopy/BB/Files/2014-02-17/Nota.fisc_Eletronica.=cod0020.cpl,[2]
5145,Whastsapp.exe.cpl,878,2,datacopy/BB/Files/2014-02-18/Whastsapp.exe.cpl,[2]
5146,ChequeSemFundo.cpl,878,2,datacopy/BB/Files/2014-02-14/ChequeSemFundo.cpl,[2]
5147,e0712ca65d3db61ac25ba95d65dec5ca15d172617399ab2cfc79166b858797a6,897,1172,datacopy/Stefano/e0712ca65d3db61ac25ba95d65dec5ca15d172617399ab2cfc79166b858797a6,[1]
5148,d10290343fd5a7862bf0d811f7c4eaf7f00c8943308945813fc95b76fcf16697,897,1172,datacopy/Stefano/d10290343fd5a7862bf0d811f7c4eaf7f00c8943308945813fc95b76fcf16697,[1]
5149,282155b12442a25a838bc11af6a767b4b71c8520a2e9c5d56c18591debb9546e,897,1172,datacopy/Stefano/282155b12442a25a838bc11af6a767b4b71c8520a2e9c5d56c18591debb9546e,[1]
5150,717be304ffbf0634c583c7edfa7f66aa4e7137cf0767a826c05be24ba3c39f21,897,1172,datacopy/Stefano/717be304ffbf0634c583c7edfa7f66aa4e7137cf0767a826c05be24ba3c39f21,[1]
5151,1650b2cb968bcc361cc97ceaa8982645b2745d19ca9caf29f46fdff725553fb2,897,1172,datacopy/Stefano/1650b2cb968bcc361cc97ceaa8982645b2745d19ca9caf29f46fdff725553fb2,[1]
5152,0485bde97c37f0983bbb51b21017bf2ad6f53a6c270e064d0e8374de438a0ea2,897,1172,datacopy/Stefano/0485bde97c37f0983bbb51b21017bf2ad6f53a6c270e064d0e8374de438a0ea2,[1]
5153,3621c7ed2347da2babe23a1b8e6a4f40aeff30ef293895b3e54ce768b6f51a5f,897,1172,datacopy/Stefano/3621c7ed2347da2babe23a1b8e6a4f40aeff30ef293895b3e54ce768b6f51a5f,[1]
5154,c7c214b39715871cfa01165abee0f43f4c5ade828f51b25b95371caa48a7a809,897,1172,datacopy/Stefano/c7c214b39715871cfa01165abee0f43f4c5ade828f51b25b95371caa48a7a809,[1]
5155,24f3f384051eacebb17a3e6a78f18e760b3c6748e7794cf75b1fac6d620d293b,901,1154,datacopy/Stefano/24f3f384051eacebb17a3e6a78f18e760b3c6748e7794cf75b1fac6d620d293b,[1]
5156,5117e6bade6dc69438cc1c333a1b7bf82aebb71e64a84bdedcc4dd4a52167900,901,1154,datacopy/Stefano/5117e6bade6dc69438cc1c333a1b7bf82aebb71e64a84bdedcc4dd4a52167900,[1]
5157,ced588bf9524b9be944d5c918b4dbeeaf4d5bf6fe8147018863aca4793dbd100,901,1154,datacopy/Stefano/ced588bf9524b9be944d5c918b4dbeeaf4d5bf6fe8147018863aca4793dbd100,[1]
5158,f5e438ee68e212efc08a8143748b06dcb65f4e13d176489d8906f0bf3ac047c7,901,1154,datacopy/Stefano/f5e438ee68e212efc08a8143748b06dcb65f4e13d176489d8906f0bf3ac047c7,[1]
5159,a84882bea6d2e52ae98dc8b15da4d438289dcc4b714b287c482e88f8a0482a7a,902,1183,datacopy/Stefano/a84882bea6d2e52ae98dc8b15da4d438289dcc4b714b287c482e88f8a0482a7a,[2]
5160,3a995878fa69bee70ea078f1507a0c2f58cde539f3b61630f84b71c62cb762db,902,1183,datacopy/Stefano/3a995878fa69bee70ea078f1507a0c2f58cde539f3b61630f84b71c62cb762db,[2]
5161,6967f591027ad6b0bbdae94b87e6e81d9066534f173d9a654b247efccb3eb521,902,1183,datacopy/Stefano/6967f591027ad6b0bbdae94b87e6e81d9066534f173d9a654b247efccb3eb521,[2]
5162,7be028b20cc6fb41fbb54d4978c7fc9799a1be43f4baec8bb4fc76c4789101a6,902,1183,datacopy/Stefano/7be028b20cc6fb41fbb54d4978c7fc9799a1be43f4baec8bb4fc76c4789101a6,[2]
5163,3767959f0d2005706fabcf7b582b6309641bbfd569ab49f026bdd36cda720be3,902,1183,datacopy/Stefano/3767959f0d2005706fabcf7b582b6309641bbfd569ab49f026bdd36cda720be3,[2]
5164,020c015fb6cfe3f1316625988f9b2ad94928042fcee034d7bef98eeb0fc5a07a,902,1183,datacopy/Stefano/020c015fb6cfe3f1316625988f9b2ad94928042fcee034d7bef98eeb0fc5a07a,[2]
5165,2e11bdf54cb4b5ed8349aa1f3171e4af045426fb49c75e7076067f75b73106f8,902,1183,datacopy/Stefano/2e11bdf54cb4b5ed8349aa1f3171e4af045426fb49c75e7076067f75b73106f8,[2]
5166,e5795aaf10ff19e772efd44c26980bca7baefb0eaea86cfb94317ebf0252d0ed,902,1183,datacopy/Stefano/e5795aaf10ff19e772efd44c26980bca7baefb0eaea86cfb94317ebf0252d0ed,[2]
5167,cc570be32ba3c08d261a11347aee92e81126562b0149ae106ac1dd7a55f3c24f,902,1183,datacopy/Stefano/cc570be32ba3c08d261a11347aee92e81126562b0149ae106ac1dd7a55f3c24f,[2]
5168,057f192eb0d7384a5af410bd7d0c7c18b30c5da6b13b364aded58f365dd5f34a,902,1183,datacopy/Stefano/057f192eb0d7384a5af410bd7d0c7c18b30c5da6b13b364aded58f365dd5f34a,[2]
5169,b8373c68ddeace0311d2556d176a1dea7df87723a70e8a873fb859436ddee82a,902,1183,datacopy/Stefano/b8373c68ddeace0311d2556d176a1dea7df87723a70e8a873fb859436ddee82a,[2]
5170,f80e3bd1b3e301ac003516726808554da393d7568061abfe751fe20750facb47,902,1183,datacopy/Stefano/f80e3bd1b3e301ac003516726808554da393d7568061abfe751fe20750facb47,[2]
5171,66ff81bdd36bfd3514c9bf75149bb27efa321b67e78e7d4a98df9de1a7458eea,902,1183,datacopy/Stefano/66ff81bdd36bfd3514c9bf75149bb27efa321b67e78e7d4a98df9de1a7458eea,[2]
5172,8bb331c8a172d767cce5a14c3606065f50a710723458457e050c09c950e0e16a,902,1183,datacopy/Stefano/8bb331c8a172d767cce5a14c3606065f50a710723458457e050c09c950e0e16a,[2]
5173,3a0d506ee8aaca50f7301c692645a8030030adf5f96fb0e922f96ed670cec78b,902,1183,datacopy/Stefano/3a0d506ee8aaca50f7301c692645a8030030adf5f96fb0e922f96ed670cec78b,[2]
5174,6b76d00c4208a7d14fa3ed8195fe56b655f4748b9830ab9aa9bbfc44bdb06919,902,1183,datacopy/Stefano/6b76d00c4208a7d14fa3ed8195fe56b655f4748b9830ab9aa9bbfc44bdb06919,[2]
5175,3c5b957ff47122652e1a66f93ccef6fb82220dc4219542fbd7090fc41e58f7b0,902,1183,datacopy/Stefano/3c5b957ff47122652e1a66f93ccef6fb82220dc4219542fbd7090fc41e58f7b0,[2]
5176,e0bee07c908f31a9579edd753a9db765050d9e26fef03643afffa3e851c261c1,902,1183,datacopy/Stefano/e0bee07c908f31a9579edd753a9db765050d9e26fef03643afffa3e851c261c1,[2]
5177,3fecb9df7ba673c19079e84ec8f3817359441b84ead0114b7d59d4c84fb4e533,902,1183,datacopy/Stefano/3fecb9df7ba673c19079e84ec8f3817359441b84ead0114b7d59d4c84fb4e533,[2]
5178,690b5b428a32a78b1198df8d2ab6502d6b279b91be06cf68da0cb2def4a27a69,902,1183,datacopy/Stefano/690b5b428a32a78b1198df8d2ab6502d6b279b91be06cf68da0cb2def4a27a69,[2]
5179,3592fb01f231b8102b211c4a3b24d542d2a55d042342e62956afcb3cbd74bef4,902,1183,datacopy/Stefano/3592fb01f231b8102b211c4a3b24d542d2a55d042342e62956afcb3cbd74bef4,[2]
5180,b894bafa53d328cdb5f1ae50cbd230ec5e4a73e7804d7fef1512e3144d3067cb,902,1183,datacopy/Stefano/b894bafa53d328cdb5f1ae50cbd230ec5e4a73e7804d7fef1512e3144d3067cb,[2]
5181,d86105b1924242caf9d03e79a94034eb03c4f901852e067a641d16e827df8278,902,1183,datacopy/Stefano/d86105b1924242caf9d03e79a94034eb03c4f901852e067a641d16e827df8278,[2]
5182,0db35948e0f223ae2d7c6017db48ddf54740b9693d811676b1f9b0df289f1223,902,1183,datacopy/Stefano/0db35948e0f223ae2d7c6017db48ddf54740b9693d811676b1f9b0df289f1223,[2]
5183,5a03559fedf2d115c988f3495533e2db5c4a375b7c050fda2a74506765137e95,902,1183,datacopy/Stefano/5a03559fedf2d115c988f3495533e2db5c4a375b7c050fda2a74506765137e95,[2]
5184,b8d808f213841fa586e5d4e76ca7a0dc86ceef1e26ff4937a3d5650530c837e1,902,1183,datacopy/Stefano/b8d808f213841fa586e5d4e76ca7a0dc86ceef1e26ff4937a3d5650530c837e1,[2]
5185,f56ebf6f4ce1a1220d4ad14ad51efb6c3e80f66da4beac6e89afc22ebf71b703,902,1183,datacopy/Stefano/f56ebf6f4ce1a1220d4ad14ad51efb6c3e80f66da4beac6e89afc22ebf71b703,[2]
5186,051ffe567e04ac0e657d7278e3967c4a620da3ea4077f0c1e570f7ab4e931b82,903,1188,datacopy/Stefano/051ffe567e04ac0e657d7278e3967c4a620da3ea4077f0c1e570f7ab4e931b82,"[4, 3, 61]"
5187,ac9a1f6ceccb678546d64326f2023ab5152f8ff9637f313bc716023e88d7524a,903,1188,datacopy/Stefano/ac9a1f6ceccb678546d64326f2023ab5152f8ff9637f313bc716023e88d7524a,"[4, 3, 61]"
5188,6cb2ee8a88677e5ca8a1003b5c0bb20d14dee7391dcb9fdc630fe3eb093e6dcf,903,3,datacopy/Stefano/6cb2ee8a88677e5ca8a1003b5c0bb20d14dee7391dcb9fdc630fe3eb093e6dcf,"[4, 3, 61]"
5189,3d6c39a3aeb3a7a253d7d253cab80204c3fd0619c1d8a9030cf88c6d1a13ddba,903,70,datacopy/Stefano/3d6c39a3aeb3a7a253d7d253cab80204c3fd0619c1d8a9030cf88c6d1a13ddba,"[4, 3, 61]"
5190,b5020e6bc62bbb8e8159684c8270ef35452e5af48fe9d1c31a204427422da3db,903,1188,datacopy/Stefano/b5020e6bc62bbb8e8159684c8270ef35452e5af48fe9d1c31a204427422da3db,"[4, 3, 61]"
5191,98049c1f6d2ba8b828c36b24b0f764dde657dcbbfdc7d5af03d6e2c9c5ca3b60,903,3,datacopy/Stefano/98049c1f6d2ba8b828c36b24b0f764dde657dcbbfdc7d5af03d6e2c9c5ca3b60,"[4, 3, 61]"
5192,f55bb0352e5dc9ebc101085865308ffdda54c6f0304954a738a772a26b60e32b,903,1188,datacopy/Stefano/f55bb0352e5dc9ebc101085865308ffdda54c6f0304954a738a772a26b60e32b,"[4, 3, 61]"
5193,fd20b7241ce2fc461cab00ff8b6e40b572bde2269e90ea11dc941c0c3e64714e,909,1192,datacopy/Stefano/fd20b7241ce2fc461cab00ff8b6e40b572bde2269e90ea11dc941c0c3e64714e,[1]
5194,0c119fd6582910ec28c049380ca4d9f612baf0100865aa2cb23802910b081c77,909,1192,datacopy/Stefano/0c119fd6582910ec28c049380ca4d9f612baf0100865aa2cb23802910b081c77,[1]
5195,a67faccf9807ef9ffd5ec153e54d8e8ec50768c33e3d6622525a803cb49da4a4,909,1192,datacopy/Stefano/a67faccf9807ef9ffd5ec153e54d8e8ec50768c33e3d6622525a803cb49da4a4,[1]
5196,cc38934221b7a504317369f7a7f568e94a77432374a89fecf688ff59d1a40c6f,909,1192,datacopy/Stefano/cc38934221b7a504317369f7a7f568e94a77432374a89fecf688ff59d1a40c6f,[1]
5197,f5f8de090fbc48850fcfcf6b94ec16f512fd599912b138a78fd6b9f0e423d5d7,909,1192,datacopy/Stefano/f5f8de090fbc48850fcfcf6b94ec16f512fd599912b138a78fd6b9f0e423d5d7,[1]
5198,f74539bf50676dabcac4ef5ad7fde6df7aab35e9186a89a1a196fae1e51f460e,909,1192,datacopy/Stefano/f74539bf50676dabcac4ef5ad7fde6df7aab35e9186a89a1a196fae1e51f460e,[1]
5199,e045978354e2c5b30c2729782f729f84e61686e7042dda9a682b5dabae15c93e,909,1192,datacopy/Stefano/e045978354e2c5b30c2729782f729f84e61686e7042dda9a682b5dabae15c93e,[1]
5200,3bc3a2b4207cfd0e49c9a37e5e552c639b3ab721b6a0d57aa8447db4ff7fcc8a,912,1215,datacopy/Stefano/3bc3a2b4207cfd0e49c9a37e5e552c639b3ab721b6a0d57aa8447db4ff7fcc8a,[1]
5201,46c060bd94d755713771854624d52f996b68291cf3d93e663bde5095c9068fc0,912,1215,datacopy/Stefano/46c060bd94d755713771854624d52f996b68291cf3d93e663bde5095c9068fc0,[1]
5202,2fd8f428068328200af4bf99f60f297eea3350b2c7f41b7448013965b860ff0b,912,1215,datacopy/Stefano/2fd8f428068328200af4bf99f60f297eea3350b2c7f41b7448013965b860ff0b,[1]
5203,50afb474ec47f47c8fec14823ee73ffc23e6cfd47c73bd20ec818b5a39dcaef3,912,1215,datacopy/Stefano/50afb474ec47f47c8fec14823ee73ffc23e6cfd47c73bd20ec818b5a39dcaef3,[1]
5204,6a396237094e4f185e6e89bc191d600356290943e36f8979852df818511df0f1,913,1171,datacopy/Stefano/6a396237094e4f185e6e89bc191d600356290943e36f8979852df818511df0f1,[1]
5205,8914cfcb9769c314b28f748c2e00e0851d709f13ea9b3eb435fb34dfef173105,913,1171,datacopy/Stefano/8914cfcb9769c314b28f748c2e00e0851d709f13ea9b3eb435fb34dfef173105,[1]
5206,1be10e286c28f6a72067e9ab95f29e022c8e1ac82be056827498b35acff53609,913,1171,datacopy/Stefano/1be10e286c28f6a72067e9ab95f29e022c8e1ac82be056827498b35acff53609,[1]
5207,2da91e1723497de5a24d814ac45cde90ad4ea12934adb62f8244b1d8350555b1,913,1171,datacopy/Stefano/2da91e1723497de5a24d814ac45cde90ad4ea12934adb62f8244b1d8350555b1,[1]
5208,2db7072f4c7b918343161e5df945e5c0b5061413e933fb429eafa5a7878989ec,913,1171,datacopy/Stefano/2db7072f4c7b918343161e5df945e5c0b5061413e933fb429eafa5a7878989ec,[1]
5209,f9aaa15312733963f184db8572afa4ef145124c5a73e21b7d973e5f82b36a320,913,1171,datacopy/Stefano/f9aaa15312733963f184db8572afa4ef145124c5a73e21b7d973e5f82b36a320,[1]
5210,5c0bf0e1546ce6dbf4642e7a163292ff1b8cb2fa832b9d3b163f1d1f3d5d2986,913,1171,datacopy/Stefano/5c0bf0e1546ce6dbf4642e7a163292ff1b8cb2fa832b9d3b163f1d1f3d5d2986,[1]
5211,292173f838997d501fe5de650b565705283e36ffe80c47aa966c435b6462fafa,913,1171,datacopy/Stefano/292173f838997d501fe5de650b565705283e36ffe80c47aa966c435b6462fafa,[1]
5212,c5c15a50822cc914f66699b26cbaa40aa3fcb743bff1188d2ce6ac9ab8d2cf35,913,1171,datacopy/Stefano/c5c15a50822cc914f66699b26cbaa40aa3fcb743bff1188d2ce6ac9ab8d2cf35,[1]
5213,44439c59848bfbb7898756a9875dd4301711130fcbf119bed6a3da7bf023227a,913,1171,datacopy/Stefano/44439c59848bfbb7898756a9875dd4301711130fcbf119bed6a3da7bf023227a,[1]
5214,0e175dfb29d3887c711233680a31d7714b92184627e8c02f82714e7119783b60,913,1171,datacopy/Stefano/0e175dfb29d3887c711233680a31d7714b92184627e8c02f82714e7119783b60,[1]
5215,ae3ae2ae43cfb7058ffa5c379b4cee08cf0da62b47e341758e6cc6faf28e8e94,913,1171,datacopy/Stefano/ae3ae2ae43cfb7058ffa5c379b4cee08cf0da62b47e341758e6cc6faf28e8e94,[1]
5216,570f19fa457370eac4607df78852f3251e8b68cc15a2184d7a798fc89c0554f7,913,1171,datacopy/Stefano/570f19fa457370eac4607df78852f3251e8b68cc15a2184d7a798fc89c0554f7,[1]
5217,9e85e4bb824f03c9148ced5413479691789fd7638ecf6fe94c403decc1eaeada,913,1171,datacopy/Stefano/9e85e4bb824f03c9148ced5413479691789fd7638ecf6fe94c403decc1eaeada,[1]
5218,cae424cba9a0b3b180cf176ee13077a01eed9093173ee90b048528687d01c65a,914,3,datacopy/Stefano/cae424cba9a0b3b180cf176ee13077a01eed9093173ee90b048528687d01c65a,[3]
5219,5db2923322204a34e94d2c5084abf776512c2f995622b32412565d5a1f3a0fe4,914,3,datacopy/Stefano/5db2923322204a34e94d2c5084abf776512c2f995622b32412565d5a1f3a0fe4,[3]
5220,bb51c3727ac8b1980f319613773565eab02a6952c45c504cda9c84f13a522dc2,914,3,datacopy/Stefano/bb51c3727ac8b1980f319613773565eab02a6952c45c504cda9c84f13a522dc2,[3]
5221,da2c7211e038a1e8aa4b1a103e2091384639a51e03fe082c6c271f497ded07cd,914,3,datacopy/Stefano/da2c7211e038a1e8aa4b1a103e2091384639a51e03fe082c6c271f497ded07cd,[3]
5222,326b8d944a51ffdd57565b9e2e370ee304734dae08ab866b4917b9f387234d92,919,3,datacopy/Stefano/326b8d944a51ffdd57565b9e2e370ee304734dae08ab866b4917b9f387234d92,[3]
5223,fc912625d240c5ed444997f8d8872b19efee0da924fd77a79bc64d9db716714e,919,3,datacopy/Stefano/fc912625d240c5ed444997f8d8872b19efee0da924fd77a79bc64d9db716714e,[3]
5224,a06607dbae42d9866cbbb7b6132fa7fcf731d5bd6afb06f870b9e76ff7d1bd33,919,3,datacopy/Stefano/a06607dbae42d9866cbbb7b6132fa7fcf731d5bd6afb06f870b9e76ff7d1bd33,[3]
5225,685b671b8a57f28b668beb9b98b02575c5bb4d390727c10ace82acc46aeb4def,919,3,datacopy/Stefano/685b671b8a57f28b668beb9b98b02575c5bb4d390727c10ace82acc46aeb4def,[3]
5226,7bc6c779873cff8ca2a676eb4918b484aebc34d80dfe22d7f55ec89c64dd9c97,919,3,datacopy/Stefano/7bc6c779873cff8ca2a676eb4918b484aebc34d80dfe22d7f55ec89c64dd9c97,[3]
5227,5201485a8aaeb182690639416d590d1822c0a87827cb53e5aa6d0ae1ad520b60,919,3,datacopy/Stefano/5201485a8aaeb182690639416d590d1822c0a87827cb53e5aa6d0ae1ad520b60,[3]
5228,864387904e8ec935c08919b9a79cd20d88f2a3fb6a1c1e58619e999973d9b283,919,3,datacopy/Stefano/864387904e8ec935c08919b9a79cd20d88f2a3fb6a1c1e58619e999973d9b283,[3]
5229,9c89b53bf9ac070e214e3278f75e516c95b2f529467b03a56f220d7e535a657c,920,1243,datacopy/Stefano/9c89b53bf9ac070e214e3278f75e516c95b2f529467b03a56f220d7e535a657c,[1]
5230,71e6d05ec2f3c373e517d5aa02de7d1c927a64d07a666ff2c57e5afdc11f7118,920,1243,datacopy/Stefano/71e6d05ec2f3c373e517d5aa02de7d1c927a64d07a666ff2c57e5afdc11f7118,[1]
5231,216e6ee68bb21d9184eef3b7adc6fd6a1e7ce17d3b46a46518c7290c3b706301,920,1243,datacopy/Stefano/216e6ee68bb21d9184eef3b7adc6fd6a1e7ce17d3b46a46518c7290c3b706301,[1]
5232,0fb146d04f8cfee7d70d5652cd1967c1737f34aa328d2ae0fbf401134cc76255,920,1243,datacopy/Stefano/0fb146d04f8cfee7d70d5652cd1967c1737f34aa328d2ae0fbf401134cc76255,[1]
5233,908f0883267011ac721cf15c13e837a1b150a9e9fca4581015f5b39df606ab68,920,1243,datacopy/Stefano/908f0883267011ac721cf15c13e837a1b150a9e9fca4581015f5b39df606ab68,[1]
5234,97a6fbb9dbc358a258cfa0d02f94c994729a529c90af1130bdc89abdb8df69cc,920,1243,datacopy/Stefano/97a6fbb9dbc358a258cfa0d02f94c994729a529c90af1130bdc89abdb8df69cc,[1]
5235,876311c8eb0a8d0ca9127cdf525a2e762a97fa7b6a160c9233e1e569b29c5dcc,920,1243,datacopy/Stefano/876311c8eb0a8d0ca9127cdf525a2e762a97fa7b6a160c9233e1e569b29c5dcc,[1]
5236,6a06ce0d4418f576725e46a258616bb3fc65cb295a2200848b3e832ced800cb4,920,1243,datacopy/Stefano/6a06ce0d4418f576725e46a258616bb3fc65cb295a2200848b3e832ced800cb4,[1]
5237,3b78c13c01d16c252d0b797fe09e639f678565fcc55592d202e0c3e61d60218a,921,1174,datacopy/Stefano/3b78c13c01d16c252d0b797fe09e639f678565fcc55592d202e0c3e61d60218a,[1]
5238,a93f25bc8fc557290fdd1b3596bc7534370edbabe1ee6f8aac6ffedfe1356198,921,1174,datacopy/Stefano/a93f25bc8fc557290fdd1b3596bc7534370edbabe1ee6f8aac6ffedfe1356198,[1]
5239,8227012c96b7177355decee1e48647739d12340020db203a50ea2001bca9b9b0,921,1174,datacopy/Stefano/8227012c96b7177355decee1e48647739d12340020db203a50ea2001bca9b9b0,[1]
5240,29d80e7410b8c8365a248545cd4c3d95a9b7233a083173902157b2239efeb8b7,924,799,datacopy/Stefano/29d80e7410b8c8365a248545cd4c3d95a9b7233a083173902157b2239efeb8b7,[1]
5241,4752e3001d858e67eebd409e78ca02fb1e3234de7e7f3ca3b24a2a8415ad64d3,924,799,datacopy/Stefano/4752e3001d858e67eebd409e78ca02fb1e3234de7e7f3ca3b24a2a8415ad64d3,[1]
5242,17ed69df07a17bf007c92135589824cf1c765278cbe4aaaccebd074c2aeae5e9,924,799,datacopy/Stefano/17ed69df07a17bf007c92135589824cf1c765278cbe4aaaccebd074c2aeae5e9,[1]
5243,ffc5f7f7323303c8c8201422c937fe89148661dd7802b0ed858d60c0f02fc8c2,927,1192,datacopy/Stefano/ffc5f7f7323303c8c8201422c937fe89148661dd7802b0ed858d60c0f02fc8c2,[1]
5244,dae52ebf70cff4e8f81de9b5182920761963218867829bf5ba021f6ad822a60e,927,1192,datacopy/Stefano/dae52ebf70cff4e8f81de9b5182920761963218867829bf5ba021f6ad822a60e,[1]
5245,8a9877423476c3c8c15eb9f8d243aa26e37d4eacb90a9c7414de0232d4c312cc,927,1192,datacopy/Stefano/8a9877423476c3c8c15eb9f8d243aa26e37d4eacb90a9c7414de0232d4c312cc,[1]
5246,6776cf2f6bf1414000e61233fa154736dd0e0edb4507a5909c0efbe6e4e9ae43,927,1192,datacopy/Stefano/6776cf2f6bf1414000e61233fa154736dd0e0edb4507a5909c0efbe6e4e9ae43,[1]
5247,b095b4736b7c3cf2c5e7bed0d4d953304895b309ecfb5a51cba9c56601a6d740,927,1192,datacopy/Stefano/b095b4736b7c3cf2c5e7bed0d4d953304895b309ecfb5a51cba9c56601a6d740,[1]
5248,0ebdd20e56262856e045c2d78673d68becdf05aeaa7df1411bce7af3d04a68a4,927,1192,datacopy/Stefano/0ebdd20e56262856e045c2d78673d68becdf05aeaa7df1411bce7af3d04a68a4,[1]
5249,642a20f55a82fa522f969c812b889aa97308e17472530db06766e5c0a6162440,927,1192,datacopy/Stefano/642a20f55a82fa522f969c812b889aa97308e17472530db06766e5c0a6162440,[1]
5250,15ef588f8196193c83dbdbcef4a0c0754eb22219ad3c5895c1f28e93b07578fa,929,1266,datacopy/Stefano/15ef588f8196193c83dbdbcef4a0c0754eb22219ad3c5895c1f28e93b07578fa,[1]
5251,bdef050a3d075fb8396be1e3cfb7472fca125181e9e952813d13fa03d2170319,929,1266,datacopy/Stefano/bdef050a3d075fb8396be1e3cfb7472fca125181e9e952813d13fa03d2170319,[1]
5252,fac50894180ff1dcdd102b504276191e5478f69127b8a01ab9f2f245ebb2daa3,929,1266,datacopy/Stefano/fac50894180ff1dcdd102b504276191e5478f69127b8a01ab9f2f245ebb2daa3,[1]
5253,6c91ee7ca0fa5c7238c5968ba4bd10119a7dc749421dc5ab394861e75ac0f956,931,1256,datacopy/Stefano/6c91ee7ca0fa5c7238c5968ba4bd10119a7dc749421dc5ab394861e75ac0f956,[1]
5254,46c3622b94003b3ffeeba66d910a4fa694632fc395a8d79f6438ace27b271fbd,931,1256,datacopy/Stefano/46c3622b94003b3ffeeba66d910a4fa694632fc395a8d79f6438ace27b271fbd,[1]
5255,b6147335951b6fa26a2251d46fe4a930db6696bc2cfbd300228b7c792a33d61a,931,1256,datacopy/Stefano/b6147335951b6fa26a2251d46fe4a930db6696bc2cfbd300228b7c792a33d61a,[1]
5256,18a64df1c58fc60fe63142f409cb8e6467123b1d59d2d427a57e53e31e30f227,931,1256,datacopy/Stefano/18a64df1c58fc60fe63142f409cb8e6467123b1d59d2d427a57e53e31e30f227,[1]
5257,eb1cff3ce03a3cc66f196ef5150168d1524ddd4489d894bb9033adff93760083,931,1256,datacopy/Stefano/eb1cff3ce03a3cc66f196ef5150168d1524ddd4489d894bb9033adff93760083,[1]
5258,1115003109bf8ba3000316a589b3e46048bdc1c75c8ffa20368cab539d7797ef,931,1256,datacopy/Stefano/1115003109bf8ba3000316a589b3e46048bdc1c75c8ffa20368cab539d7797ef,[1]
5259,36cdc0dfbfdf42711d041ae3b806ebf8bd0ea9a48f451fc1dda92ff68b875eb1,932,1270,datacopy/Stefano/36cdc0dfbfdf42711d041ae3b806ebf8bd0ea9a48f451fc1dda92ff68b875eb1,[1]
5260,5fff9bfba3c7f001c5bb6a3bd3ff3ed815addb9200d2e30ef5e7d6bae7a97ab4,932,1270,datacopy/Stefano/5fff9bfba3c7f001c5bb6a3bd3ff3ed815addb9200d2e30ef5e7d6bae7a97ab4,[1]
5261,a092890e0ccdb946ad7c9957b8eb70035b1c0fbe50f3c41646e5dece10fe286a,932,1270,datacopy/Stefano/a092890e0ccdb946ad7c9957b8eb70035b1c0fbe50f3c41646e5dece10fe286a,[1]
5262,28e38cc0099b95731b54f80ff955a23255d0a9e48713f958317c8f18ffff0ca8,934,1232,datacopy/Stefano/28e38cc0099b95731b54f80ff955a23255d0a9e48713f958317c8f18ffff0ca8,[1]
5263,e47b8a22868227b8c59cb4837c9082a5d86a715ddbae9dc572129d76ba8f34e1,934,1232,datacopy/Stefano/e47b8a22868227b8c59cb4837c9082a5d86a715ddbae9dc572129d76ba8f34e1,[1]
5264,0f2daee7cfa972b02d6d352d63bf5f4c10f1635a9f11e25bfd77ee665eba21bd,934,1232,datacopy/Stefano/0f2daee7cfa972b02d6d352d63bf5f4c10f1635a9f11e25bfd77ee665eba21bd,[1]
5265,14b13b41d0da4cd6f8426538263ff29e68b5941f9bf960f8cb12f8d57ebdc6ad,934,1232,datacopy/Stefano/14b13b41d0da4cd6f8426538263ff29e68b5941f9bf960f8cb12f8d57ebdc6ad,[1]
5266,11da6e70387981fb890b0505bdc3b632b4d40a1e1f15b8ab30a2d1503d18c662,939,1172,datacopy/Stefano/11da6e70387981fb890b0505bdc3b632b4d40a1e1f15b8ab30a2d1503d18c662,[1]
5267,451f441b11062b4dce673cbe4cdd823896e55b0b93b8c5e534b8eba7699b649c,939,1172,datacopy/Stefano/451f441b11062b4dce673cbe4cdd823896e55b0b93b8c5e534b8eba7699b649c,[1]
5268,ea99aed4d51f7af84933f6825bed48c558d84f8a94857c52d99391a8e98945a4,939,1172,datacopy/Stefano/ea99aed4d51f7af84933f6825bed48c558d84f8a94857c52d99391a8e98945a4,[1]
5269,c4e6668428fae0429f40e17f08cb4e0b22cb1bb23c35b36bcb4dfa54af4bb919,939,1172,datacopy/Stefano/c4e6668428fae0429f40e17f08cb4e0b22cb1bb23c35b36bcb4dfa54af4bb919,[1]
5270,d711bccd06bb8834b563148bb84b7e9d92d0025ad74f6c4d83e0c803a294aa52,939,1172,datacopy/Stefano/d711bccd06bb8834b563148bb84b7e9d92d0025ad74f6c4d83e0c803a294aa52,[1]
5271,9e32a96ffa4a0e156bf589391a092ee6f17b12b8927b1bb3bb30e6b207b84c8e,939,1172,datacopy/Stefano/9e32a96ffa4a0e156bf589391a092ee6f17b12b8927b1bb3bb30e6b207b84c8e,[1]
5272,b414058fba9fdc2032c8124ebb1dd5fa05b8be79d45022b381152de3130faffa,939,1172,datacopy/Stefano/b414058fba9fdc2032c8124ebb1dd5fa05b8be79d45022b381152de3130faffa,[1]
5273,689063f488cacdfe7c3dc77a267114e1c6bc9dd9084925752dedeec01ac4add4,939,1172,datacopy/Stefano/689063f488cacdfe7c3dc77a267114e1c6bc9dd9084925752dedeec01ac4add4,[1]
5274,d351ea238e6489b078b1b90bfeb649ea0106ced7f9e266eb1281c60c90623ad5,939,1172,datacopy/Stefano/d351ea238e6489b078b1b90bfeb649ea0106ced7f9e266eb1281c60c90623ad5,[1]
5275,56267e958cd1976fa4973b471795bd9f3be7fc2a3de90c72797e84b307c83d5e,939,1172,datacopy/Stefano/56267e958cd1976fa4973b471795bd9f3be7fc2a3de90c72797e84b307c83d5e,[1]
5276,0c9d6f1118494845ff91a262a33883387e3a5034ab1fe358fac20a391751ad3c,939,1172,datacopy/Stefano/0c9d6f1118494845ff91a262a33883387e3a5034ab1fe358fac20a391751ad3c,[1]
5277,8b1406108ac1f575ce618440423802e8eb9a3179daeb787d7caa3316129badc5,943,1252,datacopy/Stefano/8b1406108ac1f575ce618440423802e8eb9a3179daeb787d7caa3316129badc5,[1]
5278,c09cb6cb87ac8ffa61471e70089b544adfac482b0a4a0f5d6aa6a4d76e133175,943,1252,datacopy/Stefano/c09cb6cb87ac8ffa61471e70089b544adfac482b0a4a0f5d6aa6a4d76e133175,[1]
5279,05c8ab29674c0d92c90b4807cf186d29f1a5338a67049a3391a764c685bb555f,943,1252,datacopy/Stefano/05c8ab29674c0d92c90b4807cf186d29f1a5338a67049a3391a764c685bb555f,[1]
5280,482c77ada9ec75fb2609e768e4ededcf4bac5272be6112c624cf5468eb9e22f3,943,1252,datacopy/Stefano/482c77ada9ec75fb2609e768e4ededcf4bac5272be6112c624cf5468eb9e22f3,[1]
5281,555458e95334b4dd2e4cf4a5f886afd6329a92a4091f34a5780cb37acbffe4c7,943,1252,datacopy/Stefano/555458e95334b4dd2e4cf4a5f886afd6329a92a4091f34a5780cb37acbffe4c7,[1]
5282,c5b1aee257901d57f2e134549b3020abda40278b03f9f9334acd6eb918fd9ce9,943,1252,datacopy/Stefano/c5b1aee257901d57f2e134549b3020abda40278b03f9f9334acd6eb918fd9ce9,[1]
5283,97999fdf77f7d5a3083a5346b81ac202b162b2f03a236902bb318a755012c55a,951,1304,datacopy/Stefano/97999fdf77f7d5a3083a5346b81ac202b162b2f03a236902bb318a755012c55a,"[1, 1443]"
5284,30127746555d4189efbefa04592005678c29c394f7fa5e73036e1b5a23334a26,951,1304,datacopy/Stefano/30127746555d4189efbefa04592005678c29c394f7fa5e73036e1b5a23334a26,"[1, 1443]"
5285,ee14571393976abef68e40379dac6bc3823e31750e1e7a92929df86cb9b26e74,951,1304,datacopy/Stefano/ee14571393976abef68e40379dac6bc3823e31750e1e7a92929df86cb9b26e74,"[1, 1443]"
5286,62ec07e12407333fd2658c70a635fdc0c482223d09e997234df2635310283b66,951,1304,datacopy/Stefano/62ec07e12407333fd2658c70a635fdc0c482223d09e997234df2635310283b66,"[1, 1443]"
5287,7919b44e3ec12eb95c880f6c008452bf07e6f31382afd13018d9547f8c241384,951,1304,datacopy/Stefano/7919b44e3ec12eb95c880f6c008452bf07e6f31382afd13018d9547f8c241384,"[1, 1443]"
5288,3ea90d825a3b4a0d318a102192d029fde359e53d2adf4902f2008f390eb72ab9,951,1443,datacopy/Stefano/3ea90d825a3b4a0d318a102192d029fde359e53d2adf4902f2008f390eb72ab9,"[1, 1443]"
5289,f231bb3f120e4ab28eac46263641b89384cfecaa9e0edc5ea84a3a4386686604,951,1304,datacopy/Stefano/f231bb3f120e4ab28eac46263641b89384cfecaa9e0edc5ea84a3a4386686604,"[1, 1443]"
5290,f81d25317c196d1f252adddb57db5d851daade4ab410539e8f25882ac9fc3b16,951,1304,datacopy/Stefano/f81d25317c196d1f252adddb57db5d851daade4ab410539e8f25882ac9fc3b16,"[1, 1443]"
5291,686f543f6a82a28eae9ab59038195fd0f21aec60b33d460b5a684fa04db86ae6,951,1304,datacopy/Stefano/686f543f6a82a28eae9ab59038195fd0f21aec60b33d460b5a684fa04db86ae6,"[1, 1443]"
5292,8408a8fc52d6fe19f7f5e753d653e0b4f0f12d50f2283157740bb25b5f954050,956,1154,datacopy/Stefano/8408a8fc52d6fe19f7f5e753d653e0b4f0f12d50f2283157740bb25b5f954050,[1]
5293,10bfde297e87782824a12b487018e05066e8f1bb5411066a171d7df41345c0cd,956,1154,datacopy/Stefano/10bfde297e87782824a12b487018e05066e8f1bb5411066a171d7df41345c0cd,[1]
5294,84de9a5ca50236e912247ce1e9ac26f112ac09862689197310ae8b965800208d,956,1154,datacopy/Stefano/84de9a5ca50236e912247ce1e9ac26f112ac09862689197310ae8b965800208d,[1]
5295,7fe032639bc9522d6a2abf4d0107ccfbe92c8dc3c34b1be4671cebdc8f824633,957,1289,datacopy/Stefano/7fe032639bc9522d6a2abf4d0107ccfbe92c8dc3c34b1be4671cebdc8f824633,[1]
5296,9a829fbf18c97473b9f4a090c6ef4840ae8591463a0baa47a20830233fea03e4,957,1289,datacopy/Stefano/9a829fbf18c97473b9f4a090c6ef4840ae8591463a0baa47a20830233fea03e4,[1]
5297,d8a0d553c282c1c5f1b4d9d29573f10be990bc6d980f042adb46177bc47477d1,957,1289,datacopy/Stefano/d8a0d553c282c1c5f1b4d9d29573f10be990bc6d980f042adb46177bc47477d1,[1]
5298,5c3ab8072ed40c68a11cc6207e43ef1ba1b147c32e810896cc8976d4a3c48544,957,1289,datacopy/Stefano/5c3ab8072ed40c68a11cc6207e43ef1ba1b147c32e810896cc8976d4a3c48544,[1]
5299,1f026fa38e56129a66c35c0ed4a7c1bebff9a39a.bin,960,1318,datacopy/UCSB/1f026fa38e56129a66c35c0ed4a7c1bebff9a39a.bin,[2]
5300,dff0aff8769ea3f9ee07bfcac18e688e5cf47b4b84aa0e5fcd48fb7d9eb1cf6b,960,1318,datacopy/Stefano/dff0aff8769ea3f9ee07bfcac18e688e5cf47b4b84aa0e5fcd48fb7d9eb1cf6b,[2]
5301,0a8018e4acf3381dd535ded06d3bd6b4dace23e36d2372fd1110035f5d25c5c2,960,1318,datacopy/Stefano/0a8018e4acf3381dd535ded06d3bd6b4dace23e36d2372fd1110035f5d25c5c2,[2]
5302,9a4296c28d5e78ef1797ea7d1f154c9a9c9f0fc45def70105701a7d910e409ab,962,337,datacopy/Stefano/9a4296c28d5e78ef1797ea7d1f154c9a9c9f0fc45def70105701a7d910e409ab,"[1, 15]"
5303,d1319b515d5ac2136747250676b57ebcbd181abb2d6b74016df59074cedb66eb,962,337,datacopy/Stefano/d1319b515d5ac2136747250676b57ebcbd181abb2d6b74016df59074cedb66eb,"[1, 15]"
5304,3251273c770254dacf4a751a16acf5c370b101bf5b4c523320f852ab2ca08ebb,962,337,datacopy/Stefano/3251273c770254dacf4a751a16acf5c370b101bf5b4c523320f852ab2ca08ebb,"[1, 15]"
5305,084401d60d1318e7721b88f4f2aa6e17270a60f331005b30ae41b6b7389472fb,962,985,datacopy/Stefano/084401d60d1318e7721b88f4f2aa6e17270a60f331005b30ae41b6b7389472fb,"[1, 15]"
5306,cc94d6190184aa579d9bfe8c281ea399e62b832fd6fd6b1befe7336f22d8fd83,962,337,datacopy/Stefano/cc94d6190184aa579d9bfe8c281ea399e62b832fd6fd6b1befe7336f22d8fd83,"[1, 15]"
5307,a3d9a348f1888f434d9c6eadd0b0270a968c9ba20d4d453b3af8b0eef7bb6ee3,962,337,datacopy/Stefano/a3d9a348f1888f434d9c6eadd0b0270a968c9ba20d4d453b3af8b0eef7bb6ee3,"[1, 15]"
5308,18768ac04082eef909d131c2683126f74352148dcd1dd982dd5629723a72a249,962,337,datacopy/Stefano/18768ac04082eef909d131c2683126f74352148dcd1dd982dd5629723a72a249,"[1, 15]"
5309,4158359061a1833830622c2ed278bcc875409765e3f9c3b8887031cf9e905b59,964,1192,datacopy/Stefano/4158359061a1833830622c2ed278bcc875409765e3f9c3b8887031cf9e905b59,[1]
5310,e8b431022294a7a16f2982b6f615e6e8bfd6204823bb324a6b5dc1da2522d9d6,964,1192,datacopy/Stefano/e8b431022294a7a16f2982b6f615e6e8bfd6204823bb324a6b5dc1da2522d9d6,[1]
5311,664e19bbfd1dba21f8f46c06715cd1d414ddda0bb22a5261563fac9acf1d41b6,964,1192,datacopy/Stefano/664e19bbfd1dba21f8f46c06715cd1d414ddda0bb22a5261563fac9acf1d41b6,[1]
5312,a635a26d495068d3265d2e8f345da81eacea4d869ad10fa8d0a1581c30ee8bcb,964,1192,datacopy/Stefano/a635a26d495068d3265d2e8f345da81eacea4d869ad10fa8d0a1581c30ee8bcb,[1]
5313,62c8416f1fe8ab8059e24e2d21e2a98f7e92b2f18a3fcb6b42eb5a1a609144d5,964,1192,datacopy/Stefano/62c8416f1fe8ab8059e24e2d21e2a98f7e92b2f18a3fcb6b42eb5a1a609144d5,[1]
5314,e58829905e5a6f9500c694e6a7949e021053cc786c946911a9594bfb724381a6,964,1192,datacopy/Stefano/e58829905e5a6f9500c694e6a7949e021053cc786c946911a9594bfb724381a6,[1]
5315,c7a4762b50cf8de1bb2896a4dbbca40a5d47b2919e37622137d44619e94d28cf,964,1192,datacopy/Stefano/c7a4762b50cf8de1bb2896a4dbbca40a5d47b2919e37622137d44619e94d28cf,[1]
5316,b646545f6435d0172a00614b739628897d67ff024d4aec23510fd41bd75d8dc8,964,1192,datacopy/Stefano/b646545f6435d0172a00614b739628897d67ff024d4aec23510fd41bd75d8dc8,[1]
5317,1a3f900d0378ea97e1b76c6cb858d8efdb76ce951d2eed14701a15ccc141786f,964,1192,datacopy/Stefano/1a3f900d0378ea97e1b76c6cb858d8efdb76ce951d2eed14701a15ccc141786f,[1]
5318,14fbe7e62fde027fb06b989a9c990233786ec703f53a013db18e37a305cb1140,964,1192,datacopy/Stefano/14fbe7e62fde027fb06b989a9c990233786ec703f53a013db18e37a305cb1140,[1]
5319,fb3526bd40ab9d9aeb8939cc2b86dd84f20d5e3ae15444de83a37d9ada7c0ca4,964,1192,datacopy/Stefano/fb3526bd40ab9d9aeb8939cc2b86dd84f20d5e3ae15444de83a37d9ada7c0ca4,[1]
5320,cb2d33acc68a3cf2af5affa8d1a6752eab1fd5b3fa68078ba42954cec4e40c3d,964,1192,datacopy/Stefano/cb2d33acc68a3cf2af5affa8d1a6752eab1fd5b3fa68078ba42954cec4e40c3d,[1]
5321,e4655c34c1a08c478ce4b5186b64505aea9695dcfbc32ee29ed0e87b835fa545,964,1192,datacopy/Stefano/e4655c34c1a08c478ce4b5186b64505aea9695dcfbc32ee29ed0e87b835fa545,[1]
5322,66ebb42858fbdaa787f7c80cea09c3d1543a3ce22687554d0a4b8967217b786e,964,1192,datacopy/Stefano/66ebb42858fbdaa787f7c80cea09c3d1543a3ce22687554d0a4b8967217b786e,[1]
5323,b0cf3f097d77533d57f6d7ad9cdaa6c290b666752c78e5f2167f27808e6329ad,964,1192,datacopy/Stefano/b0cf3f097d77533d57f6d7ad9cdaa6c290b666752c78e5f2167f27808e6329ad,[1]
5324,98af972e6609d9a1cecefff45142d5240737f90c4a342c052daba5212c4e6c75,964,1192,datacopy/Stefano/98af972e6609d9a1cecefff45142d5240737f90c4a342c052daba5212c4e6c75,[1]
5325,5124298b8d25bfb2a16fb640b81a10ffdf8df70031ddc2118643cba450fca46f,965,381,datacopy/Stefano/5124298b8d25bfb2a16fb640b81a10ffdf8df70031ddc2118643cba450fca46f,[1]
5326,4a913072573530142f89592be90512b0deff64e11871d889a424b1f3682e525e,965,381,datacopy/Stefano/4a913072573530142f89592be90512b0deff64e11871d889a424b1f3682e525e,[1]
5327,ae9499459ac1a4a90632b4ca8ed7885f196fd136dc1a60c3645d496808c3d1ed,965,381,datacopy/Stefano/ae9499459ac1a4a90632b4ca8ed7885f196fd136dc1a60c3645d496808c3d1ed,[1]
5328,876fe15d484d9d50355aa11fe1851e3adc5a5430fcf38442785817f6a29f9350,965,381,datacopy/Stefano/876fe15d484d9d50355aa11fe1851e3adc5a5430fcf38442785817f6a29f9350,[1]
5329,88e97b088cf9350b564c28b0c5d6a8aa9672c5129fadf85b37075c4b21a678b1,965,381,datacopy/Stefano/88e97b088cf9350b564c28b0c5d6a8aa9672c5129fadf85b37075c4b21a678b1,[1]
5330,16cf4c139707fe25e53be2082a6a9e042eada951f6b2a29e7fd16dbb5f0f9a57,965,381,datacopy/Stefano/16cf4c139707fe25e53be2082a6a9e042eada951f6b2a29e7fd16dbb5f0f9a57,[1]
5331,a9e007e55ea1225183d4810058dea33f48a3fac82852a31c8a22a2662abbc783,965,381,datacopy/Stefano/a9e007e55ea1225183d4810058dea33f48a3fac82852a31c8a22a2662abbc783,[1]
5332,398203ae087216829af6a3e013395f030a2644be30b0554e6b5cc1c04627a6b6,965,381,datacopy/Stefano/398203ae087216829af6a3e013395f030a2644be30b0554e6b5cc1c04627a6b6,[1]
5333,5c0bb56f1bff948fd0a904a54fef4faa5c6a1bd7988a167414c5d5713e834dff,965,381,datacopy/Stefano/5c0bb56f1bff948fd0a904a54fef4faa5c6a1bd7988a167414c5d5713e834dff,[1]
5334,eb192167f3fd6bde1ba2496626f0af171ffafb9db02ad03428e4546fd189a751,965,381,datacopy/Stefano/eb192167f3fd6bde1ba2496626f0af171ffafb9db02ad03428e4546fd189a751,[1]
5335,e463aeb74afc8aa300cc522f049594a98d724319a397f784fa862bbea1ace037,965,381,datacopy/Stefano/e463aeb74afc8aa300cc522f049594a98d724319a397f784fa862bbea1ace037,[1]
5336,ba45dd07e0d864b729ec1853c3e8927efb875a90b617eaad35ac7fdf507a6353,967,642,datacopy/Stefano/ba45dd07e0d864b729ec1853c3e8927efb875a90b617eaad35ac7fdf507a6353,[1]
5337,3c0151be452532545f245cfafb0a86514e3d32d63349577f89f24dde03330bf8,967,642,datacopy/Stefano/3c0151be452532545f245cfafb0a86514e3d32d63349577f89f24dde03330bf8,[1]
5338,e0ebc20ffc6638200b98bfa0798f7903715cdb01b8a5e446d349b030960fe40a,967,642,datacopy/Stefano/e0ebc20ffc6638200b98bfa0798f7903715cdb01b8a5e446d349b030960fe40a,[1]
5339,362e0f86c6adc4644a2276558062d9e146c92433af725ee43af68c52b104cc53,972,1237,datacopy/Stefano/362e0f86c6adc4644a2276558062d9e146c92433af725ee43af68c52b104cc53,"[1, 9]"
5340,f8fc60643de71f980aa107fc360cad501fb907be04b2f145896ecefcdda78252,972,172,datacopy/Stefano/f8fc60643de71f980aa107fc360cad501fb907be04b2f145896ecefcdda78252,"[1, 9]"
5341,22285300553be48eaf0b6673126853003d9d006b0cc804ebdd419dd420049849,972,1237,datacopy/Stefano/22285300553be48eaf0b6673126853003d9d006b0cc804ebdd419dd420049849,"[1, 9]"
5342,7c36bbb4ef2d347cc77979812dc98588b7635a77dee404a801cb747f6777117d,974,1154,datacopy/Stefano/7c36bbb4ef2d347cc77979812dc98588b7635a77dee404a801cb747f6777117d,[1]
5343,25f533dd09fc3ccdb3a150cd9d3e9d1ebd56c4180999b092acf22ec75323c722,974,1154,datacopy/Stefano/25f533dd09fc3ccdb3a150cd9d3e9d1ebd56c4180999b092acf22ec75323c722,[1]
5344,ab8fc86bfc54ae70446755319a10e7ac671e703590809c4b225667ac71c1e8f2,974,1154,datacopy/Stefano/ab8fc86bfc54ae70446755319a10e7ac671e703590809c4b225667ac71c1e8f2,[1]
5345,c38feae0368d8e067dcf6a69086c874cf4fcc1891da6f23af743ddb02053248e,974,1154,datacopy/Stefano/c38feae0368d8e067dcf6a69086c874cf4fcc1891da6f23af743ddb02053248e,[1]
5346,290cac4d7f5342ba0e41bf165e600f90ab9c2b2499c38a9b12f3ab7da221ef1f,974,1154,datacopy/Stefano/290cac4d7f5342ba0e41bf165e600f90ab9c2b2499c38a9b12f3ab7da221ef1f,[1]
5347,db12c4cbc3aca3c982362e39d26ecbf7c7801ca0353ecf18484252c6e10412d6,974,1154,datacopy/Stefano/db12c4cbc3aca3c982362e39d26ecbf7c7801ca0353ecf18484252c6e10412d6,[1]
5348,d36ef66e013a09c91c03bba4ac99e18090a510e65c6f537c3acef5374110fe00,974,1154,datacopy/Stefano/d36ef66e013a09c91c03bba4ac99e18090a510e65c6f537c3acef5374110fe00,[1]
5349,9eca6d8dd15030937be4e36394afdcf1b0c971f4365e9a8e119304c1d710ff93,975,337,datacopy/Stefano/9eca6d8dd15030937be4e36394afdcf1b0c971f4365e9a8e119304c1d710ff93,"[1, 15, 1]"
5350,e97732b4ec1456ad2d774ed4e9d2c6af42961755d11f33a6910413d834609e41,975,985,datacopy/Stefano/e97732b4ec1456ad2d774ed4e9d2c6af42961755d11f33a6910413d834609e41,"[1, 15, 1]"
5351,9b277d26ad3195e4559ee5617a35aeae1bcf55faea6c3202455a2d51b0c1e506,975,423,datacopy/Stefano/9b277d26ad3195e4559ee5617a35aeae1bcf55faea6c3202455a2d51b0c1e506,"[1, 15, 1]"
5352,9fccb82265d47da11696bb27efc0fb68071824e111d33d4ef6fa512be58442c1,976,1238,datacopy/Stefano/9fccb82265d47da11696bb27efc0fb68071824e111d33d4ef6fa512be58442c1,[1]
5353,dcf83aeb2aada641f0ddd9c38f521ed9e7340fa1e39f950f4095a41c6f28016b,976,1238,datacopy/Stefano/dcf83aeb2aada641f0ddd9c38f521ed9e7340fa1e39f950f4095a41c6f28016b,[1]
5354,0888a6448ad0af8bbf0ed11b8caf2876222db8c7cf63ad34f5c72bb23b0eed0f,976,1238,datacopy/Stefano/0888a6448ad0af8bbf0ed11b8caf2876222db8c7cf63ad34f5c72bb23b0eed0f,[1]
5355,b5c09bb8d6d77f55a9aa12631f77cc493c3033c534aeebf4c631999e5197cbe2,976,1238,datacopy/Stefano/b5c09bb8d6d77f55a9aa12631f77cc493c3033c534aeebf4c631999e5197cbe2,[1]
5356,4da55bd4103ed6e547ca3d588afe3509065ab74e3e47a706c509a898d55e6bda,976,1238,datacopy/Stefano/4da55bd4103ed6e547ca3d588afe3509065ab74e3e47a706c509a898d55e6bda,[1]
5357,8c6a6169a204bdbf6565b27278afd300541af83d.bin,978,1149,datacopy/UCSB.JP/data_feed.geo_japan_6m_public_flag/8/c/6/8c6a6169a204bdbf6565b27278afd300541af83d.bin,[1]
5358,b1908e129368afcdd953a91a23989696ea5d27de.bin,978,1149,datacopy/UCSB.JP/data_feed.geo_japan_6m_public_flag/b/1/9/b1908e129368afcdd953a91a23989696ea5d27de.bin,[1]
5359,21f12c70bed376a87a8a9be9ad926096e026e44f.bin,978,1149,datacopy/UCSB.JP/data_feed.geo_japan_6m_public_flag/2/1/f/21f12c70bed376a87a8a9be9ad926096e026e44f.bin,[1]
5360,1e6952669d65aae22329b8d48c9000779d188be7.bin,978,1149,datacopy/UCSB.JP/data_feed.geo_japan_6m_public_flag/1/e/6/1e6952669d65aae22329b8d48c9000779d188be7.bin,[1]
5361,064422beeedec1f37a4540643d79dcf10a4ee00c.bin,978,1149,datacopy/UCSB.JP/data_feed.geo_japan_6m_public_flag/0/6/4/064422beeedec1f37a4540643d79dcf10a4ee00c.bin,[1]
5362,559f4c92cd0b9497787453514183432021508017.bin,978,1149,datacopy/UCSB/559f4c92cd0b9497787453514183432021508017.bin,[1]
5363,ca730c2fcce57be805d661a1a370bd918250c37a.bin,978,1149,datacopy/UCSB/ca730c2fcce57be805d661a1a370bd918250c37a.bin,[1]
5364,f66ba957cb90aa0a26faa661ecd5c7429bb593d8.bin,978,1149,datacopy/UCSB/f66ba957cb90aa0a26faa661ecd5c7429bb593d8.bin,[1]
5365,05dbe2374e7c9add79c192857441234deba0b6cb.bin,978,1149,datacopy/UCSB/05dbe2374e7c9add79c192857441234deba0b6cb.bin,[1]
5366,7b0b8da7b457608ed84da1789036d86a7bd54559.bin,978,1149,datacopy/UCSB/7b0b8da7b457608ed84da1789036d86a7bd54559.bin,[1]
5367,acc2a4f2f140198ddbc79cf6f6d0c7950c7c671c.bin,978,1149,datacopy/UCSB/acc2a4f2f140198ddbc79cf6f6d0c7950c7c671c.bin,[1]
5368,0dead276bd726b0acb8cdf63ca4a8de5ed2b52a2.bin,978,1149,datacopy/UCSB/0dead276bd726b0acb8cdf63ca4a8de5ed2b52a2.bin,[1]
5369,417e41f84e371b9f64a62f6a1e200fa54de4ea7d.bin,978,1149,datacopy/UCSB/417e41f84e371b9f64a62f6a1e200fa54de4ea7d.bin,[1]
5370,f412e27ca1083e8a81c17cbf5855787a38257fb8.bin,978,1149,datacopy/UCSB/f412e27ca1083e8a81c17cbf5855787a38257fb8.bin,[1]
5371,191ab1fcf98cb7685b891d5cae0de4d8986258a7.bin,978,1149,datacopy/UCSB/191ab1fcf98cb7685b891d5cae0de4d8986258a7.bin,[1]
5372,aaa0fbf6f3f2d5e4e9b5642b22b9169e15e8113d.bin,978,1149,datacopy/UCSB/aaa0fbf6f3f2d5e4e9b5642b22b9169e15e8113d.bin,[1]
5373,db23f083cabe51570b6c1f4f29ccdccaa53aca6e.bin,978,1149,datacopy/UCSB/db23f083cabe51570b6c1f4f29ccdccaa53aca6e.bin,[1]
5374,925ed977cb5050052c95c958245dd6eaf04e1aae.bin,978,1149,datacopy/UCSB/925ed977cb5050052c95c958245dd6eaf04e1aae.bin,[1]
5375,7ebd90bcdce8bccbc0c292cacc4b7e7b327afafcb3a7102974a143188671df11,978,1149,datacopy/Stefano/7ebd90bcdce8bccbc0c292cacc4b7e7b327afafcb3a7102974a143188671df11,[1]
5376,919a1d7c39624d5077980dc0682fe7cee0ac53326e37c2c40b7375fe59d2fe98,978,1149,datacopy/Stefano/919a1d7c39624d5077980dc0682fe7cee0ac53326e37c2c40b7375fe59d2fe98,[1]
5377,b314fc6ad09644f3a3dbf24f4af1fb3eac01abf2bbf57e87bc8c4eca1a8aa449,978,1149,datacopy/Stefano/b314fc6ad09644f3a3dbf24f4af1fb3eac01abf2bbf57e87bc8c4eca1a8aa449,[1]
5378,efe94ba42d88fec983220be949469e2a1c63c9f0b60357a6e23285a2ff816b6e,978,1149,datacopy/Stefano/efe94ba42d88fec983220be949469e2a1c63c9f0b60357a6e23285a2ff816b6e,[1]
5379,cadb6ab021e738bdaaa3d9b1e3c45c0d008edc5e64373fb9daa6254eed1d24e4,978,1149,datacopy/Stefano/cadb6ab021e738bdaaa3d9b1e3c45c0d008edc5e64373fb9daa6254eed1d24e4,[1]
5380,38471ba65ad547186c67c34bc93aa65176b6cc3919bc2436de8dba8a2fef2d89,978,1149,datacopy/Stefano/38471ba65ad547186c67c34bc93aa65176b6cc3919bc2436de8dba8a2fef2d89,[1]
5381,626e84b19498546e59e6ebbacfb2e8990af9347db40cd0d66ca407da8b3aafc2,978,1149,datacopy/Stefano/626e84b19498546e59e6ebbacfb2e8990af9347db40cd0d66ca407da8b3aafc2,[1]
5382,e61a9473331c1dbe00657fac9b2a88ba97d599a87e4088458ccd2bc636c222b9,978,1149,datacopy/Stefano/e61a9473331c1dbe00657fac9b2a88ba97d599a87e4088458ccd2bc636c222b9,[1]
5383,34b02756fdf66104dc20b525753952146e340254f8b8fd1f6536084445af7e60,978,1149,datacopy/Stefano/34b02756fdf66104dc20b525753952146e340254f8b8fd1f6536084445af7e60,[1]
5384,107492ee4bd6e517b7cb3f40f42f40fae8677864d2a629b72136874af70fad39,978,1149,datacopy/Stefano/107492ee4bd6e517b7cb3f40f42f40fae8677864d2a629b72136874af70fad39,[1]
5385,1e576e6f54c03ce854c212bf6636deeb7bee58a121e49015fab9c7936fca553b,978,1149,datacopy/Stefano/1e576e6f54c03ce854c212bf6636deeb7bee58a121e49015fab9c7936fca553b,[1]
5386,6e044cce132957038af0f191476727dc2eba2e18248fbebad4ad67890ca44afc,978,1149,datacopy/Stefano/6e044cce132957038af0f191476727dc2eba2e18248fbebad4ad67890ca44afc,[1]
5387,402dc6ef04d51d41dd7c923ef443686029b520ea4b2d42a9dda94c3e1cea979d,978,1149,datacopy/Stefano/402dc6ef04d51d41dd7c923ef443686029b520ea4b2d42a9dda94c3e1cea979d,[1]
5388,9e37d2f79aa40086b29d66804ea84c63de5726384b221d6ac2cbd4f70c7841e7,978,1149,datacopy/Stefano/9e37d2f79aa40086b29d66804ea84c63de5726384b221d6ac2cbd4f70c7841e7,[1]
5389,4a781a680ab95af57c5a47a8f6658a51c7935ea716d5dc749590114933c7cff2,978,1149,datacopy/Stefano/4a781a680ab95af57c5a47a8f6658a51c7935ea716d5dc749590114933c7cff2,[1]
5390,21591bae88b512651feb8c75917927b735e684e8b45f658f68b2ee04265e3b21,978,1149,datacopy/Stefano/21591bae88b512651feb8c75917927b735e684e8b45f658f68b2ee04265e3b21,[1]
5391,363a4c300030cd57345bbbd9418a7920b94287f0b52f51d6796bce0053693463,978,1149,datacopy/Stefano/363a4c300030cd57345bbbd9418a7920b94287f0b52f51d6796bce0053693463,[1]
5392,98fdc8aa2e8e734de0fc1e5531ae0393f08e44c5fadfca2ac58cc4efe33ec25a,978,1149,datacopy/Stefano/98fdc8aa2e8e734de0fc1e5531ae0393f08e44c5fadfca2ac58cc4efe33ec25a,[1]
5393,54d4149efd6214da2ecef93ff9264e6da42ff7ba9a27734c386465feb2ad3caa,978,1149,datacopy/Stefano/54d4149efd6214da2ecef93ff9264e6da42ff7ba9a27734c386465feb2ad3caa,[1]
5394,b4376661e8087f1691d14496f1697909be8b2753d0efb41e291ea860500a8d7f,978,1149,datacopy/Stefano/b4376661e8087f1691d14496f1697909be8b2753d0efb41e291ea860500a8d7f,[1]
5395,c948543008ee47eec3038ad99ae67534944d28520153bf290962231678a4bbfb,978,1149,datacopy/Stefano/c948543008ee47eec3038ad99ae67534944d28520153bf290962231678a4bbfb,[1]
5396,188bd5b5d95b9874d91968155e338ef0b6b01305001516a91e48db449ae4fa19,978,1149,datacopy/Stefano/188bd5b5d95b9874d91968155e338ef0b6b01305001516a91e48db449ae4fa19,[1]
5397,a143f2715d067665f77ca06b17b8e120b3bfb3c46c6b18c9dd410cd9ff1254cd,978,1149,datacopy/Stefano/a143f2715d067665f77ca06b17b8e120b3bfb3c46c6b18c9dd410cd9ff1254cd,[1]
5398,913384273d1f6a8322ff68dc8fbc5e6f0c24b4127c0bad347b7dd187ea7951d9,978,1149,datacopy/Stefano/913384273d1f6a8322ff68dc8fbc5e6f0c24b4127c0bad347b7dd187ea7951d9,[1]
5399,8ac38a407decc58c1730299c3b12940809f773aaac1e7f48067a18427769911a,978,1149,datacopy/Stefano/8ac38a407decc58c1730299c3b12940809f773aaac1e7f48067a18427769911a,[1]
5400,8a8cad731357e67427e5b0478a716e47fa598f3382ed0453177ba5c0d34c6a92,978,1149,datacopy/Stefano/8a8cad731357e67427e5b0478a716e47fa598f3382ed0453177ba5c0d34c6a92,[1]
5401,16c30abf32282c12d5e5f1b274840876e8912e5118903a868037ff0f6c9a60e9,978,1149,datacopy/Stefano/16c30abf32282c12d5e5f1b274840876e8912e5118903a868037ff0f6c9a60e9,[1]
5402,4ec8b9ef55690a544ece679912a9ab5a45c6d2f8949168140eb18fd3c34c91f4,978,1149,datacopy/Stefano/4ec8b9ef55690a544ece679912a9ab5a45c6d2f8949168140eb18fd3c34c91f4,[1]
5403,96df2b7fa2b10c745271cd437fe550425da1bd119ed19abd7e5d82071ba91b5c,978,1149,datacopy/Stefano/96df2b7fa2b10c745271cd437fe550425da1bd119ed19abd7e5d82071ba91b5c,[1]
5404,185fc4cfd8dfecfdd0bb1fc98607daa09970dc46a4992b211dcb4d28af57edde,978,1149,datacopy/Stefano/185fc4cfd8dfecfdd0bb1fc98607daa09970dc46a4992b211dcb4d28af57edde,[1]
5405,ac72851197fbef375fe7a4e2c4ef021e55cee922e9e9e485723ec87165730024,978,1149,datacopy/Stefano/ac72851197fbef375fe7a4e2c4ef021e55cee922e9e9e485723ec87165730024,[1]
5406,58c2d5fa903757e59d836f30abad761e73f8129891690900e19d62b7b64d9a16,978,1149,datacopy/Stefano/58c2d5fa903757e59d836f30abad761e73f8129891690900e19d62b7b64d9a16,[1]
5407,fd5d2c7609a41b3294538291229d0fdd697e8825b061c7d5198be981ede327fa,978,1149,datacopy/Stefano/fd5d2c7609a41b3294538291229d0fdd697e8825b061c7d5198be981ede327fa,[1]
5408,84877d8c2626e8588e5d04154b15d9c3d8fd95e78efd75ccd811ae5098e251ed,978,1149,datacopy/Stefano/84877d8c2626e8588e5d04154b15d9c3d8fd95e78efd75ccd811ae5098e251ed,[1]
5409,6a2c700aa604403e348ba8aee0c2f8fedd9eaaa15cd486715c6980e9d6153ab7,978,1149,datacopy/Stefano/6a2c700aa604403e348ba8aee0c2f8fedd9eaaa15cd486715c6980e9d6153ab7,[1]
5410,3098cbc402840ccb64d20e916d24f638baca46167991f6e2e548ad7ebb0c9725,978,1149,datacopy/Stefano/3098cbc402840ccb64d20e916d24f638baca46167991f6e2e548ad7ebb0c9725,[1]
5411,11bc3ec315a5b5467aea20dcbf626fdffd092c76033c63e108a89bf1fb4c8ac4,978,1149,datacopy/Stefano/11bc3ec315a5b5467aea20dcbf626fdffd092c76033c63e108a89bf1fb4c8ac4,[1]
5412,a4b37524a78359a50349d2a4f04038abe49c20aec0c29df1070040ca60ea390a,978,1149,datacopy/Stefano/a4b37524a78359a50349d2a4f04038abe49c20aec0c29df1070040ca60ea390a,[1]
5413,c3a34f4f1d66a2cf17ac6355b06597aebf800c593c4497304515b58079c17934,978,1149,datacopy/Stefano/c3a34f4f1d66a2cf17ac6355b06597aebf800c593c4497304515b58079c17934,[1]
5414,f16c65dc074a229320f2891fc4df228091078f89d6164e1618f07719aea8b722,978,1149,datacopy/Stefano/f16c65dc074a229320f2891fc4df228091078f89d6164e1618f07719aea8b722,[1]
5415,11dd6f26ae1f591330fd7f0452dabd576e1a84f26ec8e9330727daee028edc44,978,1149,datacopy/Stefano/11dd6f26ae1f591330fd7f0452dabd576e1a84f26ec8e9330727daee028edc44,[1]
5416,eb3e36e804fb070a6f272f99cbcc174cf2f193c54ef45706fc304947f09b2d83,978,1149,datacopy/Stefano/eb3e36e804fb070a6f272f99cbcc174cf2f193c54ef45706fc304947f09b2d83,[1]
5417,9e2c45aee4b16594b1a342375cb686a0b8059afb.bin,980,1159,datacopy/UCSB.JP/data_feed.geo_japan_6m_public_flag/9/e/2/9e2c45aee4b16594b1a342375cb686a0b8059afb.bin,[1]
5418,63961fe3335ae2c14ade77dd1b3e4fd730a7b845.bin,980,1159,datacopy/UCSB.JP/data_feed.geo_japan_6m_public_flag/6/3/9/63961fe3335ae2c14ade77dd1b3e4fd730a7b845.bin,[1]
5419,104e7ec8193f778b1d0447f17fd71a7d6483b6dea1cc6886fdf8e35161b2f9d4,980,1159,datacopy/Stefano/104e7ec8193f778b1d0447f17fd71a7d6483b6dea1cc6886fdf8e35161b2f9d4,[1]
5420,448a1c3552951602983910b424d2fe1e3c8e2f97dabb2eb395634405282f273b,980,1159,datacopy/Stefano/448a1c3552951602983910b424d2fe1e3c8e2f97dabb2eb395634405282f273b,[1]
5421,4612b2da481dc5ea8de84664514063e5f0d22a8c2b097d87c8ca94700f08dea9,980,1159,datacopy/Stefano/4612b2da481dc5ea8de84664514063e5f0d22a8c2b097d87c8ca94700f08dea9,[1]
5422,609cbdd3a13965cd27ba061434ec921ccd4edc1cbfeeab11d0881dca78604652,980,1159,datacopy/Stefano/609cbdd3a13965cd27ba061434ec921ccd4edc1cbfeeab11d0881dca78604652,[1]
5423,70d0a19cb576e0d3e867312e22516939c62f00361002641ff6e54036fc642c47,980,1159,datacopy/Stefano/70d0a19cb576e0d3e867312e22516939c62f00361002641ff6e54036fc642c47,[1]
5424,2253883b7938aace38dfb2a447eb63df4f97e259421b2fd3655dcc60768dd4a6,980,1159,datacopy/Stefano/2253883b7938aace38dfb2a447eb63df4f97e259421b2fd3655dcc60768dd4a6,[1]
5425,95262739997c7919e24b13e1d5965899aba8b589a66c289611726cd3c9f7902f,980,1159,datacopy/Stefano/95262739997c7919e24b13e1d5965899aba8b589a66c289611726cd3c9f7902f,[1]
5426,8e909f89944527a7dda2f45809dd07f94f071f9fcf365ae95a577c3c7a215cb6,980,1159,datacopy/Stefano/8e909f89944527a7dda2f45809dd07f94f071f9fcf365ae95a577c3c7a215cb6,[1]
5427,66a9c4780752954cbebd30e85fd6592374011ca281ff0791ca8cdeb75463e051,980,1159,datacopy/Stefano/66a9c4780752954cbebd30e85fd6592374011ca281ff0791ca8cdeb75463e051,[1]
5428,c0b78bc20b418630aa14538e8887d37c1f220714e1d7b34d22916851f635ed6a,981,715,datacopy/Stefano/c0b78bc20b418630aa14538e8887d37c1f220714e1d7b34d22916851f635ed6a,[1]
5429,9ba33b0cf254ac84903ae5db279321b0969353e36434dcbb1c028d3c2538422f,981,715,datacopy/Stefano/9ba33b0cf254ac84903ae5db279321b0969353e36434dcbb1c028d3c2538422f,[1]
5430,dd60e7bb7b7c60ea5a776543c1398a8335c0a4e5abcd4948a7a28164f57c1b8d,981,715,datacopy/Stefano/dd60e7bb7b7c60ea5a776543c1398a8335c0a4e5abcd4948a7a28164f57c1b8d,[1]
5431,fca8168111981ac5646904938638efa52373493f4d5f4cf5ebea5a272c3c8d17,981,715,datacopy/Stefano/fca8168111981ac5646904938638efa52373493f4d5f4cf5ebea5a272c3c8d17,[1]
5432,85af28962d34322cdc3c2ed5df0339162d9ff63268a422c693a74f73c5b2df5f,982,1154,datacopy/Stefano/85af28962d34322cdc3c2ed5df0339162d9ff63268a422c693a74f73c5b2df5f,[1]
5433,8382ace9c6d7293c8ed3ad78a5d474bd11c25f6a5dcb27d7534f7e1d6c757ad8,982,1154,datacopy/Stefano/8382ace9c6d7293c8ed3ad78a5d474bd11c25f6a5dcb27d7534f7e1d6c757ad8,[1]
5434,fa3726f9ac0d024042aae7bb9288495298a61287f51923678716c436f2dfda9d,982,1154,datacopy/Stefano/fa3726f9ac0d024042aae7bb9288495298a61287f51923678716c436f2dfda9d,[1]
5435,d8d5377296a0eb7599594726d0c93a4df085557a0ec51190904bf70291825582,982,1154,datacopy/Stefano/d8d5377296a0eb7599594726d0c93a4df085557a0ec51190904bf70291825582,[1]
5436,13759280bce1ad57480272b6020a9a3ae2cfcb8ad3e3e3b45926f14e56716694,21651,1459,datacopy/evasive-it/2019/13759280bce1ad57480272b6020a9a3ae2cfcb8ad3e3e3b45926f14e56716694,[3]
5437,13759280bce1ad57480272b6020a9a3ae2cfcb8ad3e3e3b45926f14e56716694,21651,1459,datacopy/evasive-it/2019/13759280bce1ad57480272b6020a9a3ae2cfcb8ad3e3e3b45926f14e56716694,[3]
5438,13759280bce1ad57480272b6020a9a3ae2cfcb8ad3e3e3b45926f14e56716694,21651,1459,datacopy/evasive-it/2019/13759280bce1ad57480272b6020a9a3ae2cfcb8ad3e3e3b45926f14e56716694,[3]
5439,13759280bce1ad57480272b6020a9a3ae2cfcb8ad3e3e3b45926f14e56716694,21651,1459,datacopy/evasive-it/2019/13759280bce1ad57480272b6020a9a3ae2cfcb8ad3e3e3b45926f14e56716694,[3]
5440,13759280bce1ad57480272b6020a9a3ae2cfcb8ad3e3e3b45926f14e56716694,21651,1459,datacopy/evasive-it/2019/13759280bce1ad57480272b6020a9a3ae2cfcb8ad3e3e3b45926f14e56716694,[3]
5441,79a07ef9978561a4403c0c7de656fa4276b9b51261ed68b063bee33e9617a7cc,21652,312,datacopy/evasive-it/2019/79a07ef9978561a4403c0c7de656fa4276b9b51261ed68b063bee33e9617a7cc,[1]
5442,79a07ef9978561a4403c0c7de656fa4276b9b51261ed68b063bee33e9617a7cc,21652,312,datacopy/evasive-it/2019/79a07ef9978561a4403c0c7de656fa4276b9b51261ed68b063bee33e9617a7cc,[1]
5443,79a07ef9978561a4403c0c7de656fa4276b9b51261ed68b063bee33e9617a7cc,21652,312,datacopy/evasive-it/2019/79a07ef9978561a4403c0c7de656fa4276b9b51261ed68b063bee33e9617a7cc,[1]
5444,79a07ef9978561a4403c0c7de656fa4276b9b51261ed68b063bee33e9617a7cc,21652,312,datacopy/evasive-it/2019/79a07ef9978561a4403c0c7de656fa4276b9b51261ed68b063bee33e9617a7cc,[1]
5445,79a07ef9978561a4403c0c7de656fa4276b9b51261ed68b063bee33e9617a7cc,21652,312,datacopy/evasive-it/2019/79a07ef9978561a4403c0c7de656fa4276b9b51261ed68b063bee33e9617a7cc,[1]
5446,62fd18964b5cdc8b9aa60bbe38d455eb72f2d3f805dd06d8daf0059e63967974,21654,1273,datacopy/evasive-it/2018/62fd18964b5cdc8b9aa60bbe38d455eb72f2d3f805dd06d8daf0059e63967974,[1]
5447,62fd18964b5cdc8b9aa60bbe38d455eb72f2d3f805dd06d8daf0059e63967974,21654,1273,datacopy/evasive-it/2018/62fd18964b5cdc8b9aa60bbe38d455eb72f2d3f805dd06d8daf0059e63967974,[1]
5448,62fd18964b5cdc8b9aa60bbe38d455eb72f2d3f805dd06d8daf0059e63967974,21654,1273,datacopy/evasive-it/2018/62fd18964b5cdc8b9aa60bbe38d455eb72f2d3f805dd06d8daf0059e63967974,[1]
5449,62fd18964b5cdc8b9aa60bbe38d455eb72f2d3f805dd06d8daf0059e63967974,21654,1273,datacopy/evasive-it/2018/62fd18964b5cdc8b9aa60bbe38d455eb72f2d3f805dd06d8daf0059e63967974,[1]
5450,62fd18964b5cdc8b9aa60bbe38d455eb72f2d3f805dd06d8daf0059e63967974,21654,1273,datacopy/evasive-it/2018/62fd18964b5cdc8b9aa60bbe38d455eb72f2d3f805dd06d8daf0059e63967974,[1]
5451,62fd18964b5cdc8b9aa60bbe38d455eb72f2d3f805dd06d8daf0059e63967974,21654,1273,datacopy/evasive-it/2018/62fd18964b5cdc8b9aa60bbe38d455eb72f2d3f805dd06d8daf0059e63967974,[1]
5452,Trojan-Spy.Win32.Stealer.debb-b58e634e48d4b316fae9c0b9b826aabaaf01276051e2a145985e22886b50461d,21657,1468,datacopy/evasive-it/2023/Trojan-Spy.Win32.Stealer.debb-b58e634e48d4b316fae9c0b9b826aabaaf01276051e2a145985e22886b50461d,[1]
5453,Trojan-Spy.Win32.Stealer.debb-b58e634e48d4b316fae9c0b9b826aabaaf01276051e2a145985e22886b50461d,21657,1468,datacopy/evasive-it/2023/Trojan-Spy.Win32.Stealer.debb-b58e634e48d4b316fae9c0b9b826aabaaf01276051e2a145985e22886b50461d,[1]
5454,Trojan-Spy.Win32.Stealer.debb-b58e634e48d4b316fae9c0b9b826aabaaf01276051e2a145985e22886b50461d,21657,1468,datacopy/evasive-it/2023/Trojan-Spy.Win32.Stealer.debb-b58e634e48d4b316fae9c0b9b826aabaaf01276051e2a145985e22886b50461d,[1]
5455,Trojan-Spy.Win32.Stealer.debb-b58e634e48d4b316fae9c0b9b826aabaaf01276051e2a145985e22886b50461d,21657,1468,datacopy/evasive-it/2023/Trojan-Spy.Win32.Stealer.debb-b58e634e48d4b316fae9c0b9b826aabaaf01276051e2a145985e22886b50461d,[1]
5456,Trojan-Spy.Win32.Stealer.debb-b58e634e48d4b316fae9c0b9b826aabaaf01276051e2a145985e22886b50461d,21657,1468,datacopy/evasive-it/2023/Trojan-Spy.Win32.Stealer.debb-b58e634e48d4b316fae9c0b9b826aabaaf01276051e2a145985e22886b50461d,[1]
5457,Trojan-Spy.Win32.Stealer.debb-b58e634e48d4b316fae9c0b9b826aabaaf01276051e2a145985e22886b50461d,21657,1468,datacopy/evasive-it/2023/Trojan-Spy.Win32.Stealer.debb-b58e634e48d4b316fae9c0b9b826aabaaf01276051e2a145985e22886b50461d,[1]
5458,0446c62360dc6624848a1482d3afbcc2d1febe0eab988cc40c523a39900ff7c9,21660,1459,datacopy/evasive-it/2019/0446c62360dc6624848a1482d3afbcc2d1febe0eab988cc40c523a39900ff7c9,[3]
5459,0446c62360dc6624848a1482d3afbcc2d1febe0eab988cc40c523a39900ff7c9,21660,1459,datacopy/evasive-it/2019/0446c62360dc6624848a1482d3afbcc2d1febe0eab988cc40c523a39900ff7c9,[3]
5460,0446c62360dc6624848a1482d3afbcc2d1febe0eab988cc40c523a39900ff7c9,21660,1459,datacopy/evasive-it/2019/0446c62360dc6624848a1482d3afbcc2d1febe0eab988cc40c523a39900ff7c9,[3]
5461,0446c62360dc6624848a1482d3afbcc2d1febe0eab988cc40c523a39900ff7c9,21660,1459,datacopy/evasive-it/2019/0446c62360dc6624848a1482d3afbcc2d1febe0eab988cc40c523a39900ff7c9,[3]
5462,0446c62360dc6624848a1482d3afbcc2d1febe0eab988cc40c523a39900ff7c9,21660,1459,datacopy/evasive-it/2019/0446c62360dc6624848a1482d3afbcc2d1febe0eab988cc40c523a39900ff7c9,[3]
5463,8e6a001557ae4d090725c76a2b03487c5c6dabd4.bin,21662,1986,datacopy/UCSB.JP/data_feed.geo_japan_6m_public_flag/8/e/6/8e6a001557ae4d090725c76a2b03487c5c6dabd4.bin,[3]
5464,8e6a001557ae4d090725c76a2b03487c5c6dabd4.bin,21662,1986,datacopy/UCSB.JP/data_feed.geo_japan_6m_public_flag/8/e/6/8e6a001557ae4d090725c76a2b03487c5c6dabd4.bin,[3]
5465,8e6a001557ae4d090725c76a2b03487c5c6dabd4.bin,21662,1986,datacopy/UCSB.JP/data_feed.geo_japan_6m_public_flag/8/e/6/8e6a001557ae4d090725c76a2b03487c5c6dabd4.bin,[3]
5466,8e6a001557ae4d090725c76a2b03487c5c6dabd4.bin,21662,1986,datacopy/UCSB.JP/data_feed.geo_japan_6m_public_flag/8/e/6/8e6a001557ae4d090725c76a2b03487c5c6dabd4.bin,[3]
5467,8e6a001557ae4d090725c76a2b03487c5c6dabd4.bin,21662,1986,datacopy/UCSB.JP/data_feed.geo_japan_6m_public_flag/8/e/6/8e6a001557ae4d090725c76a2b03487c5c6dabd4.bin,[3]
5468,8e6a001557ae4d090725c76a2b03487c5c6dabd4.bin,21662,1986,datacopy/UCSB.JP/data_feed.geo_japan_6m_public_flag/8/e/6/8e6a001557ae4d090725c76a2b03487c5c6dabd4.bin,[3]
5469,8e6a001557ae4d090725c76a2b03487c5c6dabd4.bin,21662,1986,datacopy/UCSB.JP/data_feed.geo_japan_6m_public_flag/8/e/6/8e6a001557ae4d090725c76a2b03487c5c6dabd4.bin,[3]
5470,b9c705cedc02d6ef6ea1764f6dfb0724ce66c878f5c033d5187b9b877fc926e1,21663,312,datacopy/evasive-it/2021/b9c705cedc02d6ef6ea1764f6dfb0724ce66c878f5c033d5187b9b877fc926e1,[1]
5471,b9c705cedc02d6ef6ea1764f6dfb0724ce66c878f5c033d5187b9b877fc926e1,21663,312,datacopy/evasive-it/2021/b9c705cedc02d6ef6ea1764f6dfb0724ce66c878f5c033d5187b9b877fc926e1,[1]
5472,b9c705cedc02d6ef6ea1764f6dfb0724ce66c878f5c033d5187b9b877fc926e1,21663,312,datacopy/evasive-it/2021/b9c705cedc02d6ef6ea1764f6dfb0724ce66c878f5c033d5187b9b877fc926e1,[1]
5473,b9c705cedc02d6ef6ea1764f6dfb0724ce66c878f5c033d5187b9b877fc926e1,21663,312,datacopy/evasive-it/2021/b9c705cedc02d6ef6ea1764f6dfb0724ce66c878f5c033d5187b9b877fc926e1,[1]
5474,b9c705cedc02d6ef6ea1764f6dfb0724ce66c878f5c033d5187b9b877fc926e1,21663,312,datacopy/evasive-it/2021/b9c705cedc02d6ef6ea1764f6dfb0724ce66c878f5c033d5187b9b877fc926e1,[1]
5475,acde855f82379a91cb7f769f1046a5b3fc64691353db5f97e4a4df9f9ef63843,21667,1273,datacopy/evasive-it/2019/acde855f82379a91cb7f769f1046a5b3fc64691353db5f97e4a4df9f9ef63843,[1]
5476,acde855f82379a91cb7f769f1046a5b3fc64691353db5f97e4a4df9f9ef63843,21667,1273,datacopy/evasive-it/2019/acde855f82379a91cb7f769f1046a5b3fc64691353db5f97e4a4df9f9ef63843,[1]
5477,acde855f82379a91cb7f769f1046a5b3fc64691353db5f97e4a4df9f9ef63843,21667,1273,datacopy/evasive-it/2019/acde855f82379a91cb7f769f1046a5b3fc64691353db5f97e4a4df9f9ef63843,[1]
5478,acde855f82379a91cb7f769f1046a5b3fc64691353db5f97e4a4df9f9ef63843,21667,1273,datacopy/evasive-it/2019/acde855f82379a91cb7f769f1046a5b3fc64691353db5f97e4a4df9f9ef63843,[1]
5479,acde855f82379a91cb7f769f1046a5b3fc64691353db5f97e4a4df9f9ef63843,21667,1273,datacopy/evasive-it/2019/acde855f82379a91cb7f769f1046a5b3fc64691353db5f97e4a4df9f9ef63843,[1]
5480,4680b729788986872608aa10ba00f75bcee18ba81cbf6c79845652014bc8383a,21668,312,datacopy/evasive-it/2019/4680b729788986872608aa10ba00f75bcee18ba81cbf6c79845652014bc8383a,[1]
5481,4680b729788986872608aa10ba00f75bcee18ba81cbf6c79845652014bc8383a,21668,312,datacopy/evasive-it/2019/4680b729788986872608aa10ba00f75bcee18ba81cbf6c79845652014bc8383a,[1]
5482,4680b729788986872608aa10ba00f75bcee18ba81cbf6c79845652014bc8383a,21668,312,datacopy/evasive-it/2019/4680b729788986872608aa10ba00f75bcee18ba81cbf6c79845652014bc8383a,[1]
5483,4680b729788986872608aa10ba00f75bcee18ba81cbf6c79845652014bc8383a,21668,312,datacopy/evasive-it/2019/4680b729788986872608aa10ba00f75bcee18ba81cbf6c79845652014bc8383a,[1]
5484,4680b729788986872608aa10ba00f75bcee18ba81cbf6c79845652014bc8383a,21668,312,datacopy/evasive-it/2019/4680b729788986872608aa10ba00f75bcee18ba81cbf6c79845652014bc8383a,[1]
5485,VHO-Trojan.Win32.Llac.gen-741280ecfc868faa37e9deafa2d6359cc08390e36a5eb37853669045befc068b,21671,312,datacopy/evasive-it/2022/VHO-Trojan.Win32.Llac.gen-741280ecfc868faa37e9deafa2d6359cc08390e36a5eb37853669045befc068b,[1]
5486,VHO-Trojan.Win32.Llac.gen-741280ecfc868faa37e9deafa2d6359cc08390e36a5eb37853669045befc068b,21671,312,datacopy/evasive-it/2022/VHO-Trojan.Win32.Llac.gen-741280ecfc868faa37e9deafa2d6359cc08390e36a5eb37853669045befc068b,[1]
5487,VHO-Trojan.Win32.Llac.gen-741280ecfc868faa37e9deafa2d6359cc08390e36a5eb37853669045befc068b,21671,312,datacopy/evasive-it/2022/VHO-Trojan.Win32.Llac.gen-741280ecfc868faa37e9deafa2d6359cc08390e36a5eb37853669045befc068b,[1]
5488,VHO-Trojan.Win32.Llac.gen-741280ecfc868faa37e9deafa2d6359cc08390e36a5eb37853669045befc068b,21671,312,datacopy/evasive-it/2022/VHO-Trojan.Win32.Llac.gen-741280ecfc868faa37e9deafa2d6359cc08390e36a5eb37853669045befc068b,[1]
5489,VHO-Trojan.Win32.Llac.gen-741280ecfc868faa37e9deafa2d6359cc08390e36a5eb37853669045befc068b,21671,312,datacopy/evasive-it/2022/VHO-Trojan.Win32.Llac.gen-741280ecfc868faa37e9deafa2d6359cc08390e36a5eb37853669045befc068b,[1]
5490,2b337550dbcc817d4d71433cb2179657d99f90045d1ce0b6bcdac7e38f82faee,21673,1459,datacopy/evasive-it/2019/2b337550dbcc817d4d71433cb2179657d99f90045d1ce0b6bcdac7e38f82faee,[3]
5491,2b337550dbcc817d4d71433cb2179657d99f90045d1ce0b6bcdac7e38f82faee,21673,1459,datacopy/evasive-it/2019/2b337550dbcc817d4d71433cb2179657d99f90045d1ce0b6bcdac7e38f82faee,[3]
5492,2b337550dbcc817d4d71433cb2179657d99f90045d1ce0b6bcdac7e38f82faee,21673,1459,datacopy/evasive-it/2019/2b337550dbcc817d4d71433cb2179657d99f90045d1ce0b6bcdac7e38f82faee,[3]
5493,2b337550dbcc817d4d71433cb2179657d99f90045d1ce0b6bcdac7e38f82faee,21673,1459,datacopy/evasive-it/2019/2b337550dbcc817d4d71433cb2179657d99f90045d1ce0b6bcdac7e38f82faee,[3]
5494,2b337550dbcc817d4d71433cb2179657d99f90045d1ce0b6bcdac7e38f82faee,21673,1459,datacopy/evasive-it/2019/2b337550dbcc817d4d71433cb2179657d99f90045d1ce0b6bcdac7e38f82faee,[3]
5495,2b337550dbcc817d4d71433cb2179657d99f90045d1ce0b6bcdac7e38f82faee,21673,1459,datacopy/evasive-it/2019/2b337550dbcc817d4d71433cb2179657d99f90045d1ce0b6bcdac7e38f82faee,[3]
5496,Boleto_CB050200344198902_Documento.exe,44751,2,datacopy/BB/Files/2016-11-16/Boleto_CB050200344198902_Documento.exe,[2]
5497,Boleto_CB050200344198902_Documento.exe,44751,2,datacopy/BB/Files/2016-11-16/Boleto_CB050200344198902_Documento.exe,[2]
5498,Boleto_CB050200344198902_Documento.exe,44751,2,datacopy/BB/Files/2016-11-16/Boleto_CB050200344198902_Documento.exe,[2]
5499,4854953601_file_SegundaVia.exe,46421,2,datacopy/BB/Files/2014-08-06/4854953601_file_SegundaVia.exe,[2]
5500,4854953601_file_SegundaVia.exe,46421,2,datacopy/BB/Files/2014-08-06/4854953601_file_SegundaVia.exe,[2]
5501,4854953601_file_SegundaVia.exe,46421,2,datacopy/BB/Files/2014-08-06/4854953601_file_SegundaVia.exe,[2]
5502,2Via.Boletos.exe,47513,2,datacopy/BB/Files/2012-04-23/2Via.Boletos.exe,[2]
5503,2Via.Boletos.exe,47513,2,datacopy/BB/Files/2012-04-23/2Via.Boletos.exe,[2]
5504,2Via.Boletos.exe,47513,2,datacopy/BB/Files/2012-04-23/2Via.Boletos.exe,[2]
5505,2Via.Boletos.exe,47513,2,datacopy/BB/Files/2012-04-23/2Via.Boletos.exe,[2]
5506,2Via.Boletos.exe,47513,2,datacopy/BB/Files/2012-04-23/2Via.Boletos.exe,[2]
5507,boleto2via.exe,49077,2,datacopy/BB/Files/2012-05-23/boleto2via.exe,[2]
5508,boleto2via.exe,49077,2,datacopy/BB/Files/2012-05-23/boleto2via.exe,[2]
5509,boleto2via.exe,49077,2,datacopy/BB/Files/2012-05-23/boleto2via.exe,[2]
5510,boleto2via.exe,49077,2,datacopy/BB/Files/2012-05-23/boleto2via.exe,[2]
5511,DemostrativoExtrato.exe,49183,2,datacopy/BB/Files/2017-04-25/DemostrativoExtrato.exe,[2]
5512,DemostrativoExtrato.exe,49183,2,datacopy/BB/Files/2017-04-25/DemostrativoExtrato.exe,[2]
5513,DemostrativoExtrato.exe,49183,2,datacopy/BB/Files/2017-04-25/DemostrativoExtrato.exe,[2]
5514,DemostrativoExtrato.exe,49183,2,datacopy/BB/Files/2017-04-25/DemostrativoExtrato.exe,[2]
5515,DemostrativoExtrato.exe,49183,2,datacopy/BB/Files/2017-04-25/DemostrativoExtrato.exe,[2]
5516,Danielle_bonventura-Curriculum.exe,49388,2,datacopy/BB/Files/2015-01-20/Danielle_bonventura-Curriculum.exe,[2]
5517,Danielle_bonventura-Curriculum.exe,49388,2,datacopy/BB/Files/2015-01-20/Danielle_bonventura-Curriculum.exe,[2]
5518,Danielle_bonventura-Curriculum.exe,49388,2,datacopy/BB/Files/2015-01-20/Danielle_bonventura-Curriculum.exe,[2]
5519,Danielle_bonventura-Curriculum.exe,49388,2,datacopy/BB/Files/2015-01-20/Danielle_bonventura-Curriculum.exe,[2]
5520,Danielle_bonventura-Curriculum.exe,49388,2,datacopy/BB/Files/2015-01-20/Danielle_bonventura-Curriculum.exe,[2]
5521,Danielle_bonventura-Curriculum.exe,49388,2,datacopy/BB/Files/2015-01-20/Danielle_bonventura-Curriculum.exe,[2]
5522,Danielle_bonventura-Curriculum.exe,49388,2,datacopy/BB/Files/2015-01-20/Danielle_bonventura-Curriculum.exe,[2]
5523,Danielle_bonventura-Curriculum.exe,49388,2,datacopy/BB/Files/2015-01-20/Danielle_bonventura-Curriculum.exe,[2]
5524,Danielle_bonventura-Curriculum.exe,49388,2,datacopy/BB/Files/2015-01-20/Danielle_bonventura-Curriculum.exe,[2]
5525,Danielle_bonventura-Curriculum.exe,49388,2,datacopy/BB/Files/2015-01-20/Danielle_bonventura-Curriculum.exe,[2]
5526,gccheck_small.exe,49486,3,datacopy/BB/Files/2019-08-21/gccheck_small.exe,[3]
5527,gccheck_small.exe,49486,3,datacopy/BB/Files/2019-08-21/gccheck_small.exe,[3]
5528,gccheck_small.exe,49486,3,datacopy/BB/Files/2019-08-21/gccheck_small.exe,[3]
5529,gccheck_small.exe,49486,3,datacopy/BB/Files/2019-08-21/gccheck_small.exe,[3]
5530,gccheck_small.exe,49486,3,datacopy/BB/Files/2019-08-21/gccheck_small.exe,[3]
5531,Segunda_via-NotaFiscal.exe,49517,2,datacopy/BB/Files/2017-06-23/Segunda_via-NotaFiscal.exe,[2]
5532,Segunda_via-NotaFiscal.exe,49517,2,datacopy/BB/Files/2017-06-23/Segunda_via-NotaFiscal.exe,[2]
5533,Segunda_via-NotaFiscal.exe,49517,2,datacopy/BB/Files/2017-06-23/Segunda_via-NotaFiscal.exe,[2]
5534,VENDAS-cleosvaldo.cpl,50391,3,datacopy/BB/Files/2014-05-20/VENDAS-cleosvaldo.cpl,[3]
5535,VENDAS-cleosvaldo.cpl,50391,3,datacopy/BB/Files/2014-05-20/VENDAS-cleosvaldo.cpl,[3]
5536,VENDAS-cleosvaldo.cpl,50391,3,datacopy/BB/Files/2014-05-20/VENDAS-cleosvaldo.cpl,[3]
5537,VENDAS-cleosvaldo.cpl,50391,3,datacopy/BB/Files/2014-05-20/VENDAS-cleosvaldo.cpl,[3]
5538,Gbplugin.exe,50920,3,datacopy/BB/Files/2012-03-29/Gbplugin.exe,[3]
5539,Gbplugin.exe,50920,3,datacopy/BB/Files/2012-03-29/Gbplugin.exe,[3]
5540,Gbplugin.exe,50920,3,datacopy/BB/Files/2012-03-29/Gbplugin.exe,[3]
5541,Gbplugin.exe,50920,3,datacopy/BB/Files/2012-03-29/Gbplugin.exe,[3]
5542,Gbplugin.exe,50920,3,datacopy/BB/Files/2012-03-29/Gbplugin.exe,[3]
5543,View_Comunidado_Serasa.cpl,51168,2,datacopy/BB/Files/2013-08-20/View_Comunidado_Serasa.cpl,[2]
5544,View_Comunidado_Serasa.cpl,51168,2,datacopy/BB/Files/2013-08-20/View_Comunidado_Serasa.cpl,[2]
5545,View_Comunidado_Serasa.cpl,51168,2,datacopy/BB/Files/2013-08-20/View_Comunidado_Serasa.cpl,[2]
5546,Comprovante.com.exe,51315,129,datacopy/BB/Files/2014-05-09/Comprovante.com.exe,[1]
5547,Comprovante.com.exe,51315,129,datacopy/BB/Files/2014-05-09/Comprovante.com.exe,[1]
5548,tabela-de-orcamento.exe,51328,2,datacopy/BB/Files/2012-05-29/tabela-de-orcamento.exe,[2]
5549,tabela-de-orcamento.exe,51328,2,datacopy/BB/Files/2012-05-29/tabela-de-orcamento.exe,[2]
5550,tabela-de-orcamento.exe,51328,2,datacopy/BB/Files/2012-05-29/tabela-de-orcamento.exe,[2]
5551,tabela-de-orcamento.exe,51328,2,datacopy/BB/Files/2012-05-29/tabela-de-orcamento.exe,[2]
5552,tabela-de-orcamento.exe,51328,2,datacopy/BB/Files/2012-05-29/tabela-de-orcamento.exe,[2]
5553,msgrss.exe,51588,36,datacopy/BB/Files/2012-03-15/msgrss.exe,[1]
5554,msgrss.exe,51588,36,datacopy/BB/Files/2012-03-15/msgrss.exe,[1]
5555,msgrss.exe,51588,36,datacopy/BB/Files/2012-03-15/msgrss.exe,[1]
5556,chrome.exe_null.exe,52564,3,datacopy/BB/Files/2015-10-02/chrome.exe_null.exe,[3]
5557,chrome.exe_null.exe,52564,3,datacopy/BB/Files/2015-10-02/chrome.exe_null.exe,[3]
5558,chrome.exe_null.exe,52564,3,datacopy/BB/Files/2015-10-02/chrome.exe_null.exe,[3]
5559,chrome.exe_null.exe,52564,3,datacopy/BB/Files/2015-10-02/chrome.exe_null.exe,[3]
5560,chrome.exe_null.exe,52564,3,datacopy/BB/Files/2015-10-02/chrome.exe_null.exe,[3]
5561,Conversas_Historico.cpl,53696,104,datacopy/BB/Files/2012-07-18/Conversas_Historico.cpl,[1]
5562,Conversas_Historico.cpl,53696,104,datacopy/BB/Files/2012-07-18/Conversas_Historico.cpl,[1]
5563,Conversas_Historico.cpl,53696,104,datacopy/BB/Files/2012-07-18/Conversas_Historico.cpl,[1]
5564,Conversas_Historico.cpl,53696,104,datacopy/BB/Files/2012-07-18/Conversas_Historico.cpl,[1]
5565,Conversas_Historico.cpl,53696,104,datacopy/BB/Files/2012-07-18/Conversas_Historico.cpl,[1]
5566,Conversas_Historico.cpl,53696,104,datacopy/BB/Files/2012-07-18/Conversas_Historico.cpl,[1]
5567,atualizacaowindows.exe,53749,2,datacopy/BB/Files/2015-08-12/atualizacaowindows.exe,[2]
5568,atualizacaowindows.exe,53749,2,datacopy/BB/Files/2015-08-12/atualizacaowindows.exe,[2]
5569,atualizacaowindows.exe,53749,2,datacopy/BB/Files/2015-08-12/atualizacaowindows.exe,[2]
5570,atualizacaowindows.exe,53749,2,datacopy/BB/Files/2015-08-12/atualizacaowindows.exe,[2]
5571,atualizacaowindows.exe,53749,2,datacopy/BB/Files/2015-08-12/atualizacaowindows.exe,[2]
5572,atualizacaowindows.exe,53749,2,datacopy/BB/Files/2015-08-12/atualizacaowindows.exe,[2]
5573,NFe_pedido_10039427.XML.exe,53994,75,datacopy/BB/Files/2014-08-12/NFe_pedido_10039427.XML.exe,[1]
5574,NFe_pedido_10039427.XML.exe,53994,75,datacopy/BB/Files/2014-08-12/NFe_pedido_10039427.XML.exe,[1]
5575,Comunicado_Debito_ReceitaFederal.cpl,54099,2,datacopy/BB/Files/2014-12-04/Comunicado_Debito_ReceitaFederal.cpl,[2]
5576,Comunicado_Debito_ReceitaFederal.cpl,54099,2,datacopy/BB/Files/2014-12-04/Comunicado_Debito_ReceitaFederal.cpl,[2]
5577,Comunicado_Debito_ReceitaFederal.cpl,54099,2,datacopy/BB/Files/2014-12-04/Comunicado_Debito_ReceitaFederal.cpl,[2]
5578,Comunicado_Debito_ReceitaFederal.cpl,54099,2,datacopy/BB/Files/2014-12-04/Comunicado_Debito_ReceitaFederal.cpl,[2]
5579,Comunicado_Debito_ReceitaFederal.cpl,54099,2,datacopy/BB/Files/2014-12-04/Comunicado_Debito_ReceitaFederal.cpl,[2]
5580,Comunicado_Debito_ReceitaFederal.cpl,54099,2,datacopy/BB/Files/2014-12-04/Comunicado_Debito_ReceitaFederal.cpl,[2]
5581,Comunicado_Debito_ReceitaFederal.cpl,54099,2,datacopy/BB/Files/2014-12-04/Comunicado_Debito_ReceitaFederal.cpl,[2]
5582,Extrato_de_Boleto.PDF.exe,54121,143,datacopy/BB/Files/2013-02-25/Extrato_de_Boleto.PDF.exe,[1]
5583,Extrato_de_Boleto.PDF.exe,54121,143,datacopy/BB/Files/2013-02-25/Extrato_de_Boleto.PDF.exe,[1]
5584,Bra_Comprovante.pdf.exe,54520,2,datacopy/BB/Files/2015-02-03/Bra_Comprovante.pdf.exe,[2]
5585,Bra_Comprovante.pdf.exe,54520,2,datacopy/BB/Files/2015-02-03/Bra_Comprovante.pdf.exe,[2]
5586,Bra_Comprovante.pdf.exe,54520,2,datacopy/BB/Files/2015-02-03/Bra_Comprovante.pdf.exe,[2]
5587,Bra_Comprovante.pdf.exe,54520,2,datacopy/BB/Files/2015-02-03/Bra_Comprovante.pdf.exe,[2]
5588,Bra_Comprovante.pdf.exe,54520,2,datacopy/BB/Files/2015-02-03/Bra_Comprovante.pdf.exe,[2]
5589,Bra_Comprovante.pdf.exe,54520,2,datacopy/BB/Files/2015-02-03/Bra_Comprovante.pdf.exe,[2]
5590,Bra_Comprovante.pdf.exe,54520,2,datacopy/BB/Files/2015-02-03/Bra_Comprovante.pdf.exe,[2]
5591,Bra_Comprovante.pdf.exe,54520,2,datacopy/BB/Files/2015-02-03/Bra_Comprovante.pdf.exe,[2]
5592,Bra_Comprovante.pdf.exe,54520,2,datacopy/BB/Files/2015-02-03/Bra_Comprovante.pdf.exe,[2]
5593,Bra_Comprovante.pdf.exe,54520,2,datacopy/BB/Files/2015-02-03/Bra_Comprovante.pdf.exe,[2]
5594,Bra_Comprovante.pdf.exe,54520,2,datacopy/BB/Files/2015-02-03/Bra_Comprovante.pdf.exe,[2]
5595,Bra_Comprovante.pdf.exe,54520,2,datacopy/BB/Files/2015-02-03/Bra_Comprovante.pdf.exe,[2]
5596,Bra_Comprovante.pdf.exe,54520,2,datacopy/BB/Files/2015-02-03/Bra_Comprovante.pdf.exe,[2]
5597,notepad_protected1.tmp.exe,55589,3,datacopy/BB/Files/2012-05-21/notepad_protected1.tmp.exe,[3]
5598,notepad_protected1.tmp.exe,55589,3,datacopy/BB/Files/2012-05-21/notepad_protected1.tmp.exe,[3]
5599,notepad_protected1.tmp.exe,55589,3,datacopy/BB/Files/2012-05-21/notepad_protected1.tmp.exe,[3]
5600,notepad_protected1.tmp.exe,55589,3,datacopy/BB/Files/2012-05-21/notepad_protected1.tmp.exe,[3]
5601,notepad_protected1.tmp.exe,55589,3,datacopy/BB/Files/2012-05-21/notepad_protected1.tmp.exe,[3]
5602,if_down.exe,55709,3,datacopy/BB/Files/2012-12-10/if_down.exe,[3]
5603,if_down.exe,55709,3,datacopy/BB/Files/2012-12-10/if_down.exe,[3]
5604,if_down.exe,55709,3,datacopy/BB/Files/2012-12-10/if_down.exe,[3]
5605,if_down.exe,55709,3,datacopy/BB/Files/2012-12-10/if_down.exe,[3]
5606,isystem.exe,55730,3,datacopy/BB/Files/2014-04-04/isystem.exe,[3]
5607,isystem.exe,55730,3,datacopy/BB/Files/2014-04-04/isystem.exe,[3]
5608,isystem.exe,55730,3,datacopy/BB/Files/2014-04-04/isystem.exe,[3]
5609,isystem.exe,55730,3,datacopy/BB/Files/2014-04-04/isystem.exe,[3]
5610,isystem.exe,55730,3,datacopy/BB/Files/2014-04-04/isystem.exe,[3]
5611,isystem.exe,55730,3,datacopy/BB/Files/2014-04-04/isystem.exe,[3]
5612,Proposta_Negociacao.cmd.exe,55731,57,datacopy/BB/Files/2013-12-10/Proposta_Negociacao.cmd.exe,[1]
5613,Proposta_Negociacao.cmd.exe,55731,57,datacopy/BB/Files/2013-12-10/Proposta_Negociacao.cmd.exe,[1]
5614,Proposta_Negociacao.cmd.exe,55731,57,datacopy/BB/Files/2013-12-10/Proposta_Negociacao.cmd.exe,[1]
5615,0B7O5y6iZRNH4ZFFmYzgzMXJhdmc.exe,56128,174,datacopy/BB/Files/2012-04-27/0B7O5y6iZRNH4ZFFmYzgzMXJhdmc.exe,[1]
5616,0B7O5y6iZRNH4ZFFmYzgzMXJhdmc.exe,56128,174,datacopy/BB/Files/2012-04-27/0B7O5y6iZRNH4ZFFmYzgzMXJhdmc.exe,[1]
5617,0B7O5y6iZRNH4ZFFmYzgzMXJhdmc.exe,56128,174,datacopy/BB/Files/2012-04-27/0B7O5y6iZRNH4ZFFmYzgzMXJhdmc.exe,[1]
5618,0B7O5y6iZRNH4ZFFmYzgzMXJhdmc.exe,56128,174,datacopy/BB/Files/2012-04-27/0B7O5y6iZRNH4ZFFmYzgzMXJhdmc.exe,[1]
5619,0B7O5y6iZRNH4ZFFmYzgzMXJhdmc.exe,56128,174,datacopy/BB/Files/2012-04-27/0B7O5y6iZRNH4ZFFmYzgzMXJhdmc.exe,[1]
5620,0B7O5y6iZRNH4ZFFmYzgzMXJhdmc.exe,56128,174,datacopy/BB/Files/2012-04-27/0B7O5y6iZRNH4ZFFmYzgzMXJhdmc.exe,[1]
5621,0B7O5y6iZRNH4ZFFmYzgzMXJhdmc.exe,56128,174,datacopy/BB/Files/2012-04-27/0B7O5y6iZRNH4ZFFmYzgzMXJhdmc.exe,[1]
5622,0B7O5y6iZRNH4ZFFmYzgzMXJhdmc.exe,56128,174,datacopy/BB/Files/2012-04-27/0B7O5y6iZRNH4ZFFmYzgzMXJhdmc.exe,[1]
5623,0B7O5y6iZRNH4ZFFmYzgzMXJhdmc.exe,56128,174,datacopy/BB/Files/2012-04-27/0B7O5y6iZRNH4ZFFmYzgzMXJhdmc.exe,[1]
5624,atmlib.dll,56175,3,datacopy/BB/Files/2013-08-20/atmlib.dll,[3]
5625,atmlib.dll,56175,3,datacopy/BB/Files/2013-08-20/atmlib.dll,[3]
5626,atmlib.dll,56175,3,datacopy/BB/Files/2013-08-20/atmlib.dll,[3]
5627,atmlib.dll,56175,3,datacopy/BB/Files/2013-08-20/atmlib.dll,[3]
5628,atmlib.dll,56175,3,datacopy/BB/Files/2013-08-20/atmlib.dll,[3]
5629,atmlib.dll,56175,3,datacopy/BB/Files/2013-08-20/atmlib.dll,[3]
5630,atmlib.dll,56175,3,datacopy/BB/Files/2013-08-20/atmlib.dll,[3]
5631,atmlib.dll,56175,3,datacopy/BB/Files/2013-08-20/atmlib.dll,[3]
5632,atmlib.dll,56175,3,datacopy/BB/Files/2013-08-20/atmlib.dll,[3]
5633,atmlib.dll,56175,3,datacopy/BB/Files/2013-08-20/atmlib.dll,[3]
5634,atmlib.dll,56175,3,datacopy/BB/Files/2013-08-20/atmlib.dll,[3]
5635,atmlib.dll,56175,3,datacopy/BB/Files/2013-08-20/atmlib.dll,[3]
5636,atmlib.dll,56175,3,datacopy/BB/Files/2013-08-20/atmlib.dll,[3]
5637,atmlib.dll,56175,3,datacopy/BB/Files/2013-08-20/atmlib.dll,[3]
5638,atmlib.dll,56175,3,datacopy/BB/Files/2013-08-20/atmlib.dll,[3]
5639,atmlib.dll,56175,3,datacopy/BB/Files/2013-08-20/atmlib.dll,[3]
5640,install_flash.exe,56246,2,datacopy/BB/Files/2014-08-29/install_flash.exe,[2]
5641,install_flash.exe,56246,2,datacopy/BB/Files/2014-08-29/install_flash.exe,[2]
5642,install_flash.exe,56246,2,datacopy/BB/Files/2014-08-29/install_flash.exe,[2]
5643,install_flash.exe,56246,2,datacopy/BB/Files/2014-08-29/install_flash.exe,[2]
5644,install_flash.exe,56246,2,datacopy/BB/Files/2014-08-29/install_flash.exe,[2]
5645,install_flash.exe,56246,2,datacopy/BB/Files/2014-08-29/install_flash.exe,[2]
5646,install_flash.exe,56246,2,datacopy/BB/Files/2014-08-29/install_flash.exe,[2]
5647,Exibir-MeuVivoFatura_DocumentoAdobe.exe,56520,2,datacopy/BB/Files/2016-11-07/Exibir-MeuVivoFatura_DocumentoAdobe.exe,[2]
5648,Exibir-MeuVivoFatura_DocumentoAdobe.exe,56520,2,datacopy/BB/Files/2016-11-07/Exibir-MeuVivoFatura_DocumentoAdobe.exe,[2]
5649,Exibir-MeuVivoFatura_DocumentoAdobe.exe,56520,2,datacopy/BB/Files/2016-11-07/Exibir-MeuVivoFatura_DocumentoAdobe.exe,[2]
5650,Exibir-MeuVivoFatura_DocumentoAdobe.exe,56520,2,datacopy/BB/Files/2016-11-07/Exibir-MeuVivoFatura_DocumentoAdobe.exe,[2]
5651,Exibir-MeuVivoFatura_DocumentoAdobe.exe,56520,2,datacopy/BB/Files/2016-11-07/Exibir-MeuVivoFatura_DocumentoAdobe.exe,[2]
5652,Exibir-MeuVivoFatura_DocumentoAdobe.exe,56520,2,datacopy/BB/Files/2016-11-07/Exibir-MeuVivoFatura_DocumentoAdobe.exe,[2]
5653,Exibir-MeuVivoFatura_DocumentoAdobe.exe,56520,2,datacopy/BB/Files/2016-11-07/Exibir-MeuVivoFatura_DocumentoAdobe.exe,[2]
5654,2.via.boleto.imprimir.visualizar.com,56595,2,datacopy/BB/Files/2013-02-18/2.via.boleto.imprimir.visualizar.com,[2]
5655,2.via.boleto.imprimir.visualizar.com,56595,2,datacopy/BB/Files/2013-02-18/2.via.boleto.imprimir.visualizar.com,[2]
5656,2.via.boleto.imprimir.visualizar.com,56595,2,datacopy/BB/Files/2013-02-18/2.via.boleto.imprimir.visualizar.com,[2]
5657,2.via.boleto.imprimir.visualizar.com,56595,2,datacopy/BB/Files/2013-02-18/2.via.boleto.imprimir.visualizar.com,[2]
5658,Historicowhatsapp.exe,56828,2,datacopy/BB/Files/2015-10-14/Historicowhatsapp.exe,[2]
5659,Historicowhatsapp.exe,56828,2,datacopy/BB/Files/2015-10-14/Historicowhatsapp.exe,[2]
5660,Historicowhatsapp.exe,56828,2,datacopy/BB/Files/2015-10-14/Historicowhatsapp.exe,[2]
5661,Historicowhatsapp.exe,56828,2,datacopy/BB/Files/2015-10-14/Historicowhatsapp.exe,[2]
5662,Historicowhatsapp.exe,56828,2,datacopy/BB/Files/2015-10-14/Historicowhatsapp.exe,[2]
5663,ModuloBB_install.exe,56938,62,datacopy/BB/Files/2014-01-10/ModuloBB_install.exe,[11]
5664,ModuloBB_install.exe,56938,62,datacopy/BB/Files/2014-01-10/ModuloBB_install.exe,[11]
5665,ModuloBB_install.exe,56938,62,datacopy/BB/Files/2014-01-10/ModuloBB_install.exe,[11]
5666,ModuloBB_install.exe,56938,62,datacopy/BB/Files/2014-01-10/ModuloBB_install.exe,[11]
5667,ModuloBB_install.exe,56938,62,datacopy/BB/Files/2014-01-10/ModuloBB_install.exe,[11]
5668,ModuloBB_install.exe,56938,62,datacopy/BB/Files/2014-01-10/ModuloBB_install.exe,[11]
5669,ModuloBB_install.exe,56938,62,datacopy/BB/Files/2014-01-10/ModuloBB_install.exe,[11]
5670,ModuloBB_install.exe,56938,62,datacopy/BB/Files/2014-01-10/ModuloBB_install.exe,[11]
5671,ModuloBB_install.exe,56938,62,datacopy/BB/Files/2014-01-10/ModuloBB_install.exe,[11]
5672,ModuloBB_install.exe,56938,62,datacopy/BB/Files/2014-01-10/ModuloBB_install.exe,[11]
5673,ModuloBB_install.exe,56938,62,datacopy/BB/Files/2014-01-10/ModuloBB_install.exe,[11]
5674,ModuloBB_install.exe,56938,62,datacopy/BB/Files/2014-01-10/ModuloBB_install.exe,[11]
5675,ModuloBB_install.exe,56938,62,datacopy/BB/Files/2014-01-10/ModuloBB_install.exe,[11]
5676,midiawin.exe,56975,3,datacopy/BB/Files/2014-04-04/midiawin.exe,[3]
5677,midiawin.exe,56975,3,datacopy/BB/Files/2014-04-04/midiawin.exe,[3]
5678,midiawin.exe,56975,3,datacopy/BB/Files/2014-04-04/midiawin.exe,[3]
5679,midiawin.exe,56975,3,datacopy/BB/Files/2014-04-04/midiawin.exe,[3]
5680,midiawin.exe,56975,3,datacopy/BB/Files/2014-04-04/midiawin.exe,[3]
5681,midiawin.exe,56975,3,datacopy/BB/Files/2014-04-04/midiawin.exe,[3]
5682,midiawin.exe,56975,3,datacopy/BB/Files/2014-04-04/midiawin.exe,[3]
5683,midiawin.exe,56975,3,datacopy/BB/Files/2014-04-04/midiawin.exe,[3]
5684,midiawin.exe,56975,3,datacopy/BB/Files/2014-04-04/midiawin.exe,[3]
5685,midiawin.exe,56975,3,datacopy/BB/Files/2014-04-04/midiawin.exe,[3]
5686,midiawin.exe,56975,3,datacopy/BB/Files/2014-04-04/midiawin.exe,[3]
5687,midiawin.exe,56975,3,datacopy/BB/Files/2014-04-04/midiawin.exe,[3]
5688,midiawin.exe,56975,3,datacopy/BB/Files/2014-04-04/midiawin.exe,[3]
5689,midiawin.exe,56975,3,datacopy/BB/Files/2014-04-04/midiawin.exe,[3]
5690,midiawin.exe,56975,3,datacopy/BB/Files/2014-04-04/midiawin.exe,[3]
5691,midiawin.exe,56975,3,datacopy/BB/Files/2014-04-04/midiawin.exe,[3]
5692,midiawin.exe,56975,3,datacopy/BB/Files/2014-04-04/midiawin.exe,[3]
5693,midiawin.exe,56975,3,datacopy/BB/Files/2014-04-04/midiawin.exe,[3]
5694,midiawin.exe,56975,3,datacopy/BB/Files/2014-04-04/midiawin.exe,[3]
5695,midiawin.exe,56975,3,datacopy/BB/Files/2014-04-04/midiawin.exe,[3]
5696,midiawin.exe,56975,3,datacopy/BB/Files/2014-04-04/midiawin.exe,[3]
5697,midiawin.exe,56975,3,datacopy/BB/Files/2014-04-04/midiawin.exe,[3]
5698,midiawin.exe,56975,3,datacopy/BB/Files/2014-04-04/midiawin.exe,[3]
5699,midiawin.exe,56975,3,datacopy/BB/Files/2014-04-04/midiawin.exe,[3]
5700,midiawin.exe,56975,3,datacopy/BB/Files/2014-04-04/midiawin.exe,[3]
5701,midiawin.exe,56975,3,datacopy/BB/Files/2014-04-04/midiawin.exe,[3]
5702,midiawin.exe,56975,3,datacopy/BB/Files/2014-04-04/midiawin.exe,[3]
