,File_Name,Cluster_Label_A,Cluster_Label_B,File_Path,best_k_value
0,HEUR-Worm.Win32.Pluto.gen-8b86e05a29d3f5baf4e579364eb42f96746366bd1fab0435272f6b619be880d1,1,1459,datacopy/evasive-it/2022/HEUR-Worm.Win32.Pluto.gen-8b86e05a29d3f5baf4e579364eb42f96746366bd1fab0435272f6b619be880d1,[3]
1,0446c62360dc6624848a1482d3afbcc2d1febe0eab988cc40c523a39900ff7c9,1,1459,datacopy/evasive-it/2019/0446c62360dc6624848a1482d3afbcc2d1febe0eab988cc40c523a39900ff7c9,[3]
2,0aac654bbbc74f1b65d7aa9b15760209cabf08b4370b81eab536b4682a9d3f72,1,1459,datacopy/evasive-it/2019/0aac654bbbc74f1b65d7aa9b15760209cabf08b4370b81eab536b4682a9d3f72,[3]
3,401f1311820e9643f55a2a0de84bd122c7180575b8fde9a32a1977da8922816e,1,1459,datacopy/evasive-it/2018/401f1311820e9643f55a2a0de84bd122c7180575b8fde9a32a1977da8922816e,[3]
4,Trojan.Win32.Bublik.elhu-0cbefd9fa36902937cb5e57f8b7fb1a476498c6dd4fc0fcdee2bfbba5b0e9bce,2,312,datacopy/evasive-it/2022/Trojan.Win32.Bublik.elhu-0cbefd9fa36902937cb5e57f8b7fb1a476498c6dd4fc0fcdee2bfbba5b0e9bce,"[1, 24]"
5,3352d58cf5fc633b53d1533f1eac4e43e5d30b6092b9e3bb6fd86538ef406a54,2,312,datacopy/evasive-it/2019/3352d58cf5fc633b53d1533f1eac4e43e5d30b6092b9e3bb6fd86538ef406a54,"[1, 24]"
6,bb37698253ee83d6e0d88995e573a81a488b12901d33b24e2a59a54296dcac55,2,312,datacopy/evasive-it/2019/bb37698253ee83d6e0d88995e573a81a488b12901d33b24e2a59a54296dcac55,"[1, 24]"
7,863e99be3f02de4e0020b8db34e34f15cdb4bc34.bin,2,161,datacopy/UCSB.JP/data_feed.geo_japan_6m_public_flag/8/6/3/863e99be3f02de4e0020b8db34e34f15cdb4bc34.bin,"[1, 24]"
8,42f37e99d881d259151825dde0c53ee9a92fc100be83170c55ad203a5292fa32,4,1476,datacopy/evasive-it/2018/42f37e99d881d259151825dde0c53ee9a92fc100be83170c55ad203a5292fa32,"[2, 9]"
9,0fb2d68700e9810079b05af555542765aaf0ea5e.bin,4,1476,datacopy/UCSB/0fb2d68700e9810079b05af555542765aaf0ea5e.bin,"[2, 9]"
10,f5d95d1b2ae080cdf0a3b28d881d3f53aa79c100.bin,4,1476,datacopy/UCSB/f5d95d1b2ae080cdf0a3b28d881d3f53aa79c100.bin,"[2, 9]"
11,44a4968f9148143cff3e5aaafbb663d3038ae580.bin,4,1476,datacopy/UCSB/44a4968f9148143cff3e5aaafbb663d3038ae580.bin,"[2, 9]"
12,9e3520a7a2174b43450d277e1cf1d37c1f69674a.bin,4,1476,datacopy/UCSB/9e3520a7a2174b43450d277e1cf1d37c1f69674a.bin,"[2, 9]"
13,ba792d3f1dd0e3bdf461d07edd3eaba09d0aeae9.bin,4,1476,datacopy/UCSB/ba792d3f1dd0e3bdf461d07edd3eaba09d0aeae9.bin,"[2, 9]"
14,b8325a2d6bdf50f570f4ea18748f25362555e661.bin,4,1476,datacopy/UCSB/b8325a2d6bdf50f570f4ea18748f25362555e661.bin,"[2, 9]"
15,cbc0b484a1faea65c4c6d1509c357a7fdb31213c.bin,4,406,datacopy/UCSB/cbc0b484a1faea65c4c6d1509c357a7fdb31213c.bin,"[2, 9]"
16,ceb858ba463afd6c66aa24ea07ef68603780de51.bin,4,406,datacopy/UCSB/ceb858ba463afd6c66aa24ea07ef68603780de51.bin,"[2, 9]"
17,57e2e8ba52a531d607a89baf737ba265ef76664a.bin,4,406,datacopy/UCSB/57e2e8ba52a531d607a89baf737ba265ef76664a.bin,"[2, 9]"
18,2379689c173ed5091ddaf1036be164ec4b0a2cf4.bin,4,1476,datacopy/UCSB/2379689c173ed5091ddaf1036be164ec4b0a2cf4.bin,"[2, 9]"
19,e396d761c2dc123d612241f16a8fa7554b11d7a0.bin,4,1476,datacopy/UCSB/e396d761c2dc123d612241f16a8fa7554b11d7a0.bin,"[2, 9]"
20,4b2d73969be87b5e875f4c1e1bafb52e0aadc789.bin,4,1476,datacopy/UCSB/4b2d73969be87b5e875f4c1e1bafb52e0aadc789.bin,"[2, 9]"
21,39fe3afbf52cabc68ae4c07903287409d9e03cb2.bin,4,1476,datacopy/UCSB/39fe3afbf52cabc68ae4c07903287409d9e03cb2.bin,"[2, 9]"
22,4faf48e2c0d9836cc1dd7d08451ac0799d69e0d4.bin,4,406,datacopy/UCSB/4faf48e2c0d9836cc1dd7d08451ac0799d69e0d4.bin,"[2, 9]"
23,3d2ae575fb7c6599fa45687209feb8c92c67ef08.bin,4,1476,datacopy/UCSB/3d2ae575fb7c6599fa45687209feb8c92c67ef08.bin,"[2, 9]"
24,d4f7a97f8fc34e812ef613bb316bbd6d2c7c1fa6.bin,4,1476,datacopy/UCSB/d4f7a97f8fc34e812ef613bb316bbd6d2c7c1fa6.bin,"[2, 9]"
25,cfb3a2d9fcb5dac66739e0621bae4037c555fb4b.bin,4,406,datacopy/UCSB/cfb3a2d9fcb5dac66739e0621bae4037c555fb4b.bin,"[2, 9]"
26,6857b01b5587b789bd51b1a6eda2ade3adb5da07.bin,4,1476,datacopy/UCSB/6857b01b5587b789bd51b1a6eda2ade3adb5da07.bin,"[2, 9]"
27,20e57740042a71beb2fab6ace125af011d937205.bin,4,1476,datacopy/UCSB/20e57740042a71beb2fab6ace125af011d937205.bin,"[2, 9]"
28,cfea46b95dba2ede4fec4e56ee882e3d075959eb.bin,4,1476,datacopy/UCSB/cfea46b95dba2ede4fec4e56ee882e3d075959eb.bin,"[2, 9]"
29,6a114809e810c6f90eb3767f7dfbe2cb63637638.bin,4,1476,datacopy/UCSB/6a114809e810c6f90eb3767f7dfbe2cb63637638.bin,"[2, 9]"
30,2a4013be31ad5feabc523158b3e89bedf7fec8f8.bin,4,1476,datacopy/UCSB/2a4013be31ad5feabc523158b3e89bedf7fec8f8.bin,"[2, 9]"
31,ae2764abdbf9f9b81c20c5a9f691846b05a61fb1.bin,4,1476,datacopy/UCSB/ae2764abdbf9f9b81c20c5a9f691846b05a61fb1.bin,"[2, 9]"
32,613d6e92aaee6763b51d3a6ace7d0673415eea24.bin,4,1476,datacopy/UCSB/613d6e92aaee6763b51d3a6ace7d0673415eea24.bin,"[2, 9]"
33,b503b28fca9a7c64d5bce010b161b96538b56a16.bin,4,1476,datacopy/UCSB/b503b28fca9a7c64d5bce010b161b96538b56a16.bin,"[2, 9]"
34,868ab1bf7134a55245f2fc9f777ea11dcc94ae69.bin,4,406,datacopy/UCSB/868ab1bf7134a55245f2fc9f777ea11dcc94ae69.bin,"[2, 9]"
35,88a590c465f49362d0c2f585ba8a780c4e87f491.bin,4,406,datacopy/UCSB/88a590c465f49362d0c2f585ba8a780c4e87f491.bin,"[2, 9]"
36,e3e58b08d128c145b579e9ac92ba7502351f1b32.bin,4,1476,datacopy/UCSB/e3e58b08d128c145b579e9ac92ba7502351f1b32.bin,"[2, 9]"
37,dce2ee0af402f66895c0ab44c0ecbd6829b78b8e.bin,4,406,datacopy/UCSB/dce2ee0af402f66895c0ab44c0ecbd6829b78b8e.bin,"[2, 9]"
38,da5d7bf348f562ba29187a1ca8680852afda25dd.bin,4,1476,datacopy/UCSB/da5d7bf348f562ba29187a1ca8680852afda25dd.bin,"[2, 9]"
39,dafa49e25aed95446fca70cd4c218471ac20edf8.bin,4,1476,datacopy/UCSB/dafa49e25aed95446fca70cd4c218471ac20edf8.bin,"[2, 9]"
40,3a2f08a1e0b634c4e0aab4b4f006aaaaa07e057a.bin,4,406,datacopy/UCSB/3a2f08a1e0b634c4e0aab4b4f006aaaaa07e057a.bin,"[2, 9]"
41,42db0da29c71945fd3ca213e9ad2ed70c11c69ba.bin,4,406,datacopy/UCSB/42db0da29c71945fd3ca213e9ad2ed70c11c69ba.bin,"[2, 9]"
42,88eac7ab00a6b7bfac49998af93ea5cd1b2c1b7d.bin,6,1983,datacopy/UCSB.JP/data_feed.geo_japan_6m_public_flag/8/8/e/88eac7ab00a6b7bfac49998af93ea5cd1b2c1b7d.bin,"[1, 238]"
43,8fb67cd2c95d7424521cf4395314b46c7c17f89f.bin,6,706,datacopy/UCSB.JP/data_feed.geo_japan_6m_public_flag/8/f/b/8fb67cd2c95d7424521cf4395314b46c7c17f89f.bin,"[1, 238]"
44,b931a32f03fc4808885a45c9e713aa0267f94121.bin,6,706,datacopy/UCSB.JP/data_feed.geo_japan_6m_public_flag/b/9/3/b931a32f03fc4808885a45c9e713aa0267f94121.bin,"[1, 238]"
45,29315452c2041a5b22e125a0111b6e881620ff71.bin,6,706,datacopy/UCSB.JP/data_feed.geo_japan_6m_public_flag/2/9/3/29315452c2041a5b22e125a0111b6e881620ff71.bin,"[1, 238]"
46,0261bca7b9e415e0ef8ecdb7eb47f012c3822807.bin,6,1983,datacopy/UCSB.JP/data_feed.geo_japan_6m_public_flag/0/2/6/0261bca7b9e415e0ef8ecdb7eb47f012c3822807.bin,"[1, 238]"
47,885715aa5186f9a28bd95ac5b94580b44f21b530.bin,8,1513,datacopy/UCSB.JP/data_feed.geo_japan_6m_public_flag/8/8/5/885715aa5186f9a28bd95ac5b94580b44f21b530.bin,"[1, 3, 95]"
48,8aa10c692b2fdd29d545cb3a0e58162dd0fcefaa.bin,8,1513,datacopy/UCSB.JP/data_feed.geo_japan_6m_public_flag/8/a/a/8aa10c692b2fdd29d545cb3a0e58162dd0fcefaa.bin,"[1, 3, 95]"
49,ab9b8afdf42f06674621b4e2f20c532f42b014c9.bin,8,1532,datacopy/UCSB.JP/data_feed.geo_japan_6m_public_flag/a/b/9/ab9b8afdf42f06674621b4e2f20c532f42b014c9.bin,"[1, 3, 95]"
50,e8f2079e3ca0cd77d5659f3dc4ab040abcf8f6ce.bin,8,1513,datacopy/UCSB.JP/data_feed.geo_japan_6m_public_flag/e/8/f/e8f2079e3ca0cd77d5659f3dc4ab040abcf8f6ce.bin,"[1, 3, 95]"
51,2830c2ab3e61acf7771a25889aa839c7eb85fbe7.bin,8,1532,datacopy/UCSB.JP/data_feed.geo_japan_6m_public_flag/2/8/3/2830c2ab3e61acf7771a25889aa839c7eb85fbe7.bin,"[1, 3, 95]"
52,18c2405c71cb3326b0020729cee958d24c201e6d.bin,8,694,datacopy/UCSB.JP/data_feed.geo_japan_6m_public_flag/1/8/c/18c2405c71cb3326b0020729cee958d24c201e6d.bin,"[1, 3, 95]"
53,5b9ad5f7e2b96c1cc26014b37f499d3bdba34422.bin,8,1513,datacopy/UCSB.JP/data_feed.geo_japan_6m_public_flag/5/b/9/5b9ad5f7e2b96c1cc26014b37f499d3bdba34422.bin,"[1, 3, 95]"
54,4cb02f6f0144bcc7c534e729d7df760cc3eefb21.bin,8,1532,datacopy/UCSB.JP/data_feed.geo_japan_6m_public_flag/4/c/b/4cb02f6f0144bcc7c534e729d7df760cc3eefb21.bin,"[1, 3, 95]"
55,8e6a001557ae4d090725c76a2b03487c5c6dabd4.bin,10,1986,datacopy/UCSB.JP/data_feed.geo_japan_6m_public_flag/8/e/6/8e6a001557ae4d090725c76a2b03487c5c6dabd4.bin,"[3, 205]"
56,3952982e2de596d83c3dc7ed971ac59f0e2416f4.bin,10,1986,datacopy/UCSB.JP/data_feed.geo_japan_6m_public_flag/3/9/5/3952982e2de596d83c3dc7ed971ac59f0e2416f4.bin,"[3, 205]"
57,505aa6d4a78915bc14c2721dffe6923fa5e0a2e6.bin,10,1986,datacopy/UCSB.JP/data_feed.geo_japan_6m_public_flag/5/0/5/505aa6d4a78915bc14c2721dffe6923fa5e0a2e6.bin,"[3, 205]"
58,fd30fc1830fe5f7c15cfaadcc11a4abf2d145929.bin,10,112,datacopy/UCSB.JP/data_feed.geo_japan_6m_public_flag/f/d/3/fd30fc1830fe5f7c15cfaadcc11a4abf2d145929.bin,"[3, 205]"
59,8be83e60260b6dbf6974b17c24c61b9df58aa95c.bin,11,130,datacopy/UCSB.JP/data_feed.geo_japan_6m_public_flag/8/b/e/8be83e60260b6dbf6974b17c24c61b9df58aa95c.bin,"[122, 10, 1, 20, 222, 7, 1]"
60,874c0343d07ad7787c6ec77ab83e3b9cf38a118f.bin,11,1155,datacopy/UCSB.JP/data_feed.geo_japan_6m_public_flag/8/7/4/874c0343d07ad7787c6ec77ab83e3b9cf38a118f.bin,"[122, 10, 1, 20, 222, 7, 1]"
61,a20b2e4c4ec0cbb86a072f4844c7cf5e58284059.bin,11,1155,datacopy/UCSB.JP/data_feed.geo_japan_6m_public_flag/a/2/0/a20b2e4c4ec0cbb86a072f4844c7cf5e58284059.bin,"[122, 10, 1, 20, 222, 7, 1]"
62,ec324569011012f47bded65899abbcfc8a08759c.bin,11,1155,datacopy/UCSB.JP/data_feed.geo_japan_6m_public_flag/e/c/3/ec324569011012f47bded65899abbcfc8a08759c.bin,"[122, 10, 1, 20, 222, 7, 1]"
63,bd4c3e060252aa6a9f1c8dcf2fdc83da790d099e.bin,11,1155,datacopy/UCSB.JP/data_feed.geo_japan_6m_public_flag/b/d/4/bd4c3e060252aa6a9f1c8dcf2fdc83da790d099e.bin,"[122, 10, 1, 20, 222, 7, 1]"
64,2b9c6a73db92573bb97d002beca89235e4967d61.bin,11,1155,datacopy/UCSB.JP/data_feed.geo_japan_6m_public_flag/2/b/9/2b9c6a73db92573bb97d002beca89235e4967d61.bin,"[122, 10, 1, 20, 222, 7, 1]"
65,1b33e63f3ab6ee95238b2331e853eaa2dba5e541.bin,11,1155,datacopy/UCSB.JP/data_feed.geo_japan_6m_public_flag/1/b/3/1b33e63f3ab6ee95238b2331e853eaa2dba5e541.bin,"[122, 10, 1, 20, 222, 7, 1]"
66,5bc02327333b3173a9d24e9f1e5442247b416b8a.bin,11,1155,datacopy/UCSB.JP/data_feed.geo_japan_6m_public_flag/5/b/c/5bc02327333b3173a9d24e9f1e5442247b416b8a.bin,"[122, 10, 1, 20, 222, 7, 1]"
67,5225367c011a6a1037275164f8f01f9428d0c9f0.bin,11,1155,datacopy/UCSB.JP/data_feed.geo_japan_6m_public_flag/5/2/2/5225367c011a6a1037275164f8f01f9428d0c9f0.bin,"[122, 10, 1, 20, 222, 7, 1]"
68,573313f8b4f71fe201059e024bc996871c27a87e.bin,11,1155,datacopy/UCSB.JP/data_feed.geo_japan_6m_public_flag/5/7/3/573313f8b4f71fe201059e024bc996871c27a87e.bin,"[122, 10, 1, 20, 222, 7, 1]"
69,fde200f71101e2c69134ffb03f8bf9ca50cb1802.bin,11,1155,datacopy/UCSB.JP/data_feed.geo_japan_6m_public_flag/f/d/e/fde200f71101e2c69134ffb03f8bf9ca50cb1802.bin,"[122, 10, 1, 20, 222, 7, 1]"
70,c4df86fbe98f614694dfedad05418b011099f922.bin,11,130,datacopy/UCSB.JP/data_feed.geo_japan_6m_public_flag/c/4/d/c4df86fbe98f614694dfedad05418b011099f922.bin,"[122, 10, 1, 20, 222, 7, 1]"
71,49e34c6e9a19a5a078a6a0f0722c21af7f11be09.bin,11,1155,datacopy/UCSB.JP/data_feed.geo_japan_6m_public_flag/4/9/e/49e34c6e9a19a5a078a6a0f0722c21af7f11be09.bin,"[122, 10, 1, 20, 222, 7, 1]"
72,0303ca1a380527dd68668ae0b6c7dcaf7ea92ccc.bin,11,1155,datacopy/UCSB.JP/data_feed.geo_japan_6m_public_flag/0/3/0/0303ca1a380527dd68668ae0b6c7dcaf7ea92ccc.bin,"[122, 10, 1, 20, 222, 7, 1]"
73,0f1fbd7fb6abb614eeeb96d0e599d7dbf6fd0eba.bin,11,1155,datacopy/UCSB.JP/data_feed.geo_japan_6m_public_flag/0/f/1/0f1fbd7fb6abb614eeeb96d0e599d7dbf6fd0eba.bin,"[122, 10, 1, 20, 222, 7, 1]"
74,042fbdf8725844cc0a47271bc0d9e5a4ebd5db32.bin,11,1155,datacopy/UCSB.JP/data_feed.geo_japan_6m_public_flag/0/4/2/042fbdf8725844cc0a47271bc0d9e5a4ebd5db32.bin,"[122, 10, 1, 20, 222, 7, 1]"
75,6825ca603155ca1d00a269ac18bfb4fec8eadfe8.bin,11,130,datacopy/UCSB.JP/data_feed.geo_japan_6m_public_flag/6/8/2/6825ca603155ca1d00a269ac18bfb4fec8eadfe8.bin,"[122, 10, 1, 20, 222, 7, 1]"
76,7224e063ce530537b755364af70d47567d48e7a4.bin,11,1155,datacopy/UCSB.JP/data_feed.geo_japan_6m_public_flag/7/2/2/7224e063ce530537b755364af70d47567d48e7a4.bin,"[122, 10, 1, 20, 222, 7, 1]"
77,7ce46dd94203c0b426e3e5ba201c1cb0ba0d8a52.bin,11,1155,datacopy/UCSB.JP/data_feed.geo_japan_6m_public_flag/7/c/e/7ce46dd94203c0b426e3e5ba201c1cb0ba0d8a52.bin,"[122, 10, 1, 20, 222, 7, 1]"
78,7442b1988deec5bf85cffbe2da14c43967d05baf.bin,11,1155,datacopy/UCSB.JP/data_feed.geo_japan_6m_public_flag/7/4/4/7442b1988deec5bf85cffbe2da14c43967d05baf.bin,"[122, 10, 1, 20, 222, 7, 1]"
79,dd090ef415ebb6cd513eb5d2c8ae26465ce51093.bin,11,799,datacopy/UCSB/dd090ef415ebb6cd513eb5d2c8ae26465ce51093.bin,"[122, 10, 1, 20, 222, 7, 1]"
80,e782b1e43d6611b13a51abbf1cd3527998da1f17.bin,11,1208,datacopy/UCSB/e782b1e43d6611b13a51abbf1cd3527998da1f17.bin,"[122, 10, 1, 20, 222, 7, 1]"
81,9ff03f2708354ad14cd2969f14470cc4aafc30ad.bin,11,799,datacopy/UCSB/9ff03f2708354ad14cd2969f14470cc4aafc30ad.bin,"[122, 10, 1, 20, 222, 7, 1]"
82,a38dbf40b217db1668eb6d2651d02655b403f67a.bin,11,1208,datacopy/UCSB/a38dbf40b217db1668eb6d2651d02655b403f67a.bin,"[122, 10, 1, 20, 222, 7, 1]"
83,2eda33e44946c3b534a3164a463429558c0820859f2e24b50ec963d8fd515ea5,11,1155,datacopy/Stefano/2eda33e44946c3b534a3164a463429558c0820859f2e24b50ec963d8fd515ea5,"[122, 10, 1, 20, 222, 7, 1]"
84,1e1baacb4f07e1d17aa9d12f2ecbbc50f8f8ef397e76cf313dd2f1ffef7a917a,11,1155,datacopy/Stefano/1e1baacb4f07e1d17aa9d12f2ecbbc50f8f8ef397e76cf313dd2f1ffef7a917a,"[122, 10, 1, 20, 222, 7, 1]"
85,3fb86fa326560dc44ca6c6390a4c47bbc9a3b5bf5ee99b870f691c34adc1904f,11,1155,datacopy/Stefano/3fb86fa326560dc44ca6c6390a4c47bbc9a3b5bf5ee99b870f691c34adc1904f,"[122, 10, 1, 20, 222, 7, 1]"
86,4345c53f29a650f53d242cd39a6feed2b15faf46018ec6684af042e43e9d1b97,11,1155,datacopy/Stefano/4345c53f29a650f53d242cd39a6feed2b15faf46018ec6684af042e43e9d1b97,"[122, 10, 1, 20, 222, 7, 1]"
87,5275e1dd1b95152c308c290fce8a21c14d140acafe832011c24309d4146fe357,11,1155,datacopy/Stefano/5275e1dd1b95152c308c290fce8a21c14d140acafe832011c24309d4146fe357,"[122, 10, 1, 20, 222, 7, 1]"
88,db1b008e5776e496f263359352def24977f5226c1fc7ba002f1320b9267a66af,11,54,datacopy/Stefano/db1b008e5776e496f263359352def24977f5226c1fc7ba002f1320b9267a66af,"[122, 10, 1, 20, 222, 7, 1]"
89,a780b73f4544b48281035ec666ea0a626e65bc8c7ce4540bb1e8d27b10432944,11,1155,datacopy/Stefano/a780b73f4544b48281035ec666ea0a626e65bc8c7ce4540bb1e8d27b10432944,"[122, 10, 1, 20, 222, 7, 1]"
90,ffa1eb9d1a412e3b932ec7f007bb27ed2b841626cc85539658993b042d5385a8,11,1155,datacopy/Stefano/ffa1eb9d1a412e3b932ec7f007bb27ed2b841626cc85539658993b042d5385a8,"[122, 10, 1, 20, 222, 7, 1]"
91,8f84e4d0163d40443a91b393c47431177583281f3f816470693fe44c3f4158b2,11,1155,datacopy/Stefano/8f84e4d0163d40443a91b393c47431177583281f3f816470693fe44c3f4158b2,"[122, 10, 1, 20, 222, 7, 1]"
92,3efe7007e36c5ac1210b7445ab49f0a5a74336915e817dc27ae1eb58164ae77c,11,1155,datacopy/Stefano/3efe7007e36c5ac1210b7445ab49f0a5a74336915e817dc27ae1eb58164ae77c,"[122, 10, 1, 20, 222, 7, 1]"
93,a3c895c6ef324ed724003957fa2cc75d6bd785cb17e7460facda9e8d6ccafbc1,11,1155,datacopy/Stefano/a3c895c6ef324ed724003957fa2cc75d6bd785cb17e7460facda9e8d6ccafbc1,"[122, 10, 1, 20, 222, 7, 1]"
94,c65a5d23e240c991ec9afe227f0eeef2b020197d410e7dc3f548c3afe2396981,11,1155,datacopy/Stefano/c65a5d23e240c991ec9afe227f0eeef2b020197d410e7dc3f548c3afe2396981,"[122, 10, 1, 20, 222, 7, 1]"
95,417dc90d6a459f0a9b8fc7482843d6107fe3db9aedef3813cb341bd61fc4cf6c,11,130,datacopy/Stefano/417dc90d6a459f0a9b8fc7482843d6107fe3db9aedef3813cb341bd61fc4cf6c,"[122, 10, 1, 20, 222, 7, 1]"
96,0946dfefb1b82d779caac41aead1976b9f7ec63acd9330a6c8cb60431f849cd8,11,1155,datacopy/Stefano/0946dfefb1b82d779caac41aead1976b9f7ec63acd9330a6c8cb60431f849cd8,"[122, 10, 1, 20, 222, 7, 1]"
97,65075c0ede17c82830eac689b44b59911c5dbea4515f1533c1fca6f2f9dbca5c,11,1155,datacopy/Stefano/65075c0ede17c82830eac689b44b59911c5dbea4515f1533c1fca6f2f9dbca5c,"[122, 10, 1, 20, 222, 7, 1]"
98,0b946bd2f751684bdef02207ce2996a707f05ea5733f4fa7672e3d113ac1c165,11,1155,datacopy/Stefano/0b946bd2f751684bdef02207ce2996a707f05ea5733f4fa7672e3d113ac1c165,"[122, 10, 1, 20, 222, 7, 1]"
99,da47ad3273b67adbaa72916e92681a193f365d776bcf26e361f7aabc145d0204,11,1155,datacopy/Stefano/da47ad3273b67adbaa72916e92681a193f365d776bcf26e361f7aabc145d0204,"[122, 10, 1, 20, 222, 7, 1]"
100,0880753ae8b82ae591bfded631cc72cbd8745260634b69b15ef17d24c3f1f660,11,1155,datacopy/Stefano/0880753ae8b82ae591bfded631cc72cbd8745260634b69b15ef17d24c3f1f660,"[122, 10, 1, 20, 222, 7, 1]"
101,8474c65b61e12908c35ba13bf02c2353662470f970b04f411e01d4dbf05c4607,11,1155,datacopy/Stefano/8474c65b61e12908c35ba13bf02c2353662470f970b04f411e01d4dbf05c4607,"[122, 10, 1, 20, 222, 7, 1]"
102,33207eb457c3626fe8c6673580f3392ebe6b4334fb167e00c137f2afcf18ab06,11,1155,datacopy/Stefano/33207eb457c3626fe8c6673580f3392ebe6b4334fb167e00c137f2afcf18ab06,"[122, 10, 1, 20, 222, 7, 1]"
103,f9b8d514d2190d54a861a501fb911a604f38408e083437dae9b056238e897336,11,1155,datacopy/Stefano/f9b8d514d2190d54a861a501fb911a604f38408e083437dae9b056238e897336,"[122, 10, 1, 20, 222, 7, 1]"
104,8a411abfbc42a2506ae20bdf5aa67c96140a0b79bc5389dd3ade7c2968bda2f3,11,1155,datacopy/Stefano/8a411abfbc42a2506ae20bdf5aa67c96140a0b79bc5389dd3ade7c2968bda2f3,"[122, 10, 1, 20, 222, 7, 1]"
105,79e9ad5e4cecc28f549388f9f1ca7ef636c666447cb8afe8e3c96a3673bea6c0,11,1155,datacopy/Stefano/79e9ad5e4cecc28f549388f9f1ca7ef636c666447cb8afe8e3c96a3673bea6c0,"[122, 10, 1, 20, 222, 7, 1]"
106,bd510d8a1005fcd249e0130456dfc3f42204da190c799fef23f202229c667604,11,1155,datacopy/Stefano/bd510d8a1005fcd249e0130456dfc3f42204da190c799fef23f202229c667604,"[122, 10, 1, 20, 222, 7, 1]"
107,837010acd9647a0a6f3c0798ed1fc0695f3a4547096f1188abfcb93c4e8cbfeb,11,1155,datacopy/Stefano/837010acd9647a0a6f3c0798ed1fc0695f3a4547096f1188abfcb93c4e8cbfeb,"[122, 10, 1, 20, 222, 7, 1]"
108,1aa78fdf5cfc1efaf8ac854da846dd452f4ae507ae9c325e57fea7d6c78ac67c,11,1155,datacopy/Stefano/1aa78fdf5cfc1efaf8ac854da846dd452f4ae507ae9c325e57fea7d6c78ac67c,"[122, 10, 1, 20, 222, 7, 1]"
109,17cab601edc3a7efe4d32240dce022268e36210c342c81bfc3b13487e9d126c4,11,991,datacopy/Stefano/17cab601edc3a7efe4d32240dce022268e36210c342c81bfc3b13487e9d126c4,"[122, 10, 1, 20, 222, 7, 1]"
110,7b97e4b763a6dc70581a07591d5d1ce76550251b97127d2d4a6d3d09dd81c336,11,1155,datacopy/Stefano/7b97e4b763a6dc70581a07591d5d1ce76550251b97127d2d4a6d3d09dd81c336,"[122, 10, 1, 20, 222, 7, 1]"
111,20d0d272d41ce5dd16e7fd7a17935b3378cc3baac83d4881184b36cfddc15cae,11,1155,datacopy/Stefano/20d0d272d41ce5dd16e7fd7a17935b3378cc3baac83d4881184b36cfddc15cae,"[122, 10, 1, 20, 222, 7, 1]"
112,3c8bac7c4598b2ddfbf5baf872085e362a8db6ccfec8ec641636d456c5986477,11,1155,datacopy/Stefano/3c8bac7c4598b2ddfbf5baf872085e362a8db6ccfec8ec641636d456c5986477,"[122, 10, 1, 20, 222, 7, 1]"
113,a51cb23b849f4cbe0a5c7ccc8f724fb791fe7394ec4cfa1412fd4353cae06809,11,1155,datacopy/Stefano/a51cb23b849f4cbe0a5c7ccc8f724fb791fe7394ec4cfa1412fd4353cae06809,"[122, 10, 1, 20, 222, 7, 1]"
114,2cbca2cd2889ff9347f95949ccdcedffc6759a20a35827398a04c74d1e9f653f,11,1155,datacopy/Stefano/2cbca2cd2889ff9347f95949ccdcedffc6759a20a35827398a04c74d1e9f653f,"[122, 10, 1, 20, 222, 7, 1]"
115,c9dbff8053ebc60b260ab8fc1a85a1d5b02d3343a45edab2b053f349bdba2f64,11,1155,datacopy/Stefano/c9dbff8053ebc60b260ab8fc1a85a1d5b02d3343a45edab2b053f349bdba2f64,"[122, 10, 1, 20, 222, 7, 1]"
116,d910c3dc6af7282cd2256fe3a8c8387b664a9f82b732eed0967a92b18f8a4814,11,1155,datacopy/Stefano/d910c3dc6af7282cd2256fe3a8c8387b664a9f82b732eed0967a92b18f8a4814,"[122, 10, 1, 20, 222, 7, 1]"
117,cb160927af42cc87db866ecd152a4881ff1954f1e4fae91231b396579fe77624,11,1155,datacopy/Stefano/cb160927af42cc87db866ecd152a4881ff1954f1e4fae91231b396579fe77624,"[122, 10, 1, 20, 222, 7, 1]"
118,066d8288029552c630f2f01150978c474ee5f403359c24c125f55366fa5dbbd3,11,1155,datacopy/Stefano/066d8288029552c630f2f01150978c474ee5f403359c24c125f55366fa5dbbd3,"[122, 10, 1, 20, 222, 7, 1]"
119,edd1fd9d5785032bf7b8fbf57a99b0dd7d2bf66479c792d2461b9df438479cc9,11,1155,datacopy/Stefano/edd1fd9d5785032bf7b8fbf57a99b0dd7d2bf66479c792d2461b9df438479cc9,"[122, 10, 1, 20, 222, 7, 1]"
120,eb591d96d497d72f90fbef6bf1d8ace473cc4e24ae1db9d8929123f98ce5f436,11,1155,datacopy/Stefano/eb591d96d497d72f90fbef6bf1d8ace473cc4e24ae1db9d8929123f98ce5f436,"[122, 10, 1, 20, 222, 7, 1]"
121,a080fef24548f76e6f0daead032aa50c1ae5b866ea7878c175f32826553f7362,11,1155,datacopy/Stefano/a080fef24548f76e6f0daead032aa50c1ae5b866ea7878c175f32826553f7362,"[122, 10, 1, 20, 222, 7, 1]"
122,2f3a37a63b5595acb7abbda54e4767f3e0f36b5c162047fa38bae067618344e4,11,1155,datacopy/Stefano/2f3a37a63b5595acb7abbda54e4767f3e0f36b5c162047fa38bae067618344e4,"[122, 10, 1, 20, 222, 7, 1]"
123,9700cd7a33c53372c030a9c788057ba60f2949f657ae73b718465c7c3c6d7e22,11,1155,datacopy/Stefano/9700cd7a33c53372c030a9c788057ba60f2949f657ae73b718465c7c3c6d7e22,"[122, 10, 1, 20, 222, 7, 1]"
124,52b095c53ef69fb67fc6b3c2f995b794af2223569a0db5f1ab3818b0af2403ab,11,1155,datacopy/Stefano/52b095c53ef69fb67fc6b3c2f995b794af2223569a0db5f1ab3818b0af2403ab,"[122, 10, 1, 20, 222, 7, 1]"
125,872f13db1153910c241b8df0089f9acf191b664b8a736f8408c3c9e4d5682b9e,11,1155,datacopy/Stefano/872f13db1153910c241b8df0089f9acf191b664b8a736f8408c3c9e4d5682b9e,"[122, 10, 1, 20, 222, 7, 1]"
126,bcf07ff7a73042e97011f1f53a534b62088f60a1b0d9b92c4d63f82e0a45d44d,11,1155,datacopy/Stefano/bcf07ff7a73042e97011f1f53a534b62088f60a1b0d9b92c4d63f82e0a45d44d,"[122, 10, 1, 20, 222, 7, 1]"
127,559d4ceeab6dc8a570ce8f3b1d904fbd8291b26a797cccf32e4598228d8ca977,11,1155,datacopy/Stefano/559d4ceeab6dc8a570ce8f3b1d904fbd8291b26a797cccf32e4598228d8ca977,"[122, 10, 1, 20, 222, 7, 1]"
128,631f42bf5146630e4681f0bc415e2dc9f14d5fd0cb54c728a4f32c0ec96dbdd4,11,1155,datacopy/Stefano/631f42bf5146630e4681f0bc415e2dc9f14d5fd0cb54c728a4f32c0ec96dbdd4,"[122, 10, 1, 20, 222, 7, 1]"
129,2873139f32eb3e5b61e86e2a71dfc26199a3c198a2ec0f6097b221c4b179db49,11,1155,datacopy/Stefano/2873139f32eb3e5b61e86e2a71dfc26199a3c198a2ec0f6097b221c4b179db49,"[122, 10, 1, 20, 222, 7, 1]"
130,c360e4131310aa5c0144895a31c6d6878af271c9d4876c8d5c57660528af6222,11,1155,datacopy/Stefano/c360e4131310aa5c0144895a31c6d6878af271c9d4876c8d5c57660528af6222,"[122, 10, 1, 20, 222, 7, 1]"
131,74375a911e2166a00bea14db9fd9140257e0c91e549f93057cdf4e9c90815806,11,1155,datacopy/Stefano/74375a911e2166a00bea14db9fd9140257e0c91e549f93057cdf4e9c90815806,"[122, 10, 1, 20, 222, 7, 1]"
132,4d788dd92db20bed465e8af5b1708f1686c906414a4589a06e0d1878b2fa5406,11,991,datacopy/Stefano/4d788dd92db20bed465e8af5b1708f1686c906414a4589a06e0d1878b2fa5406,"[122, 10, 1, 20, 222, 7, 1]"
133,93b25307eb33fc8ace0254cd6de003e2bc5bd675d0cd8cc1cc94254502a0c424,11,1155,datacopy/Stefano/93b25307eb33fc8ace0254cd6de003e2bc5bd675d0cd8cc1cc94254502a0c424,"[122, 10, 1, 20, 222, 7, 1]"
134,7fa1d6f898c7b8b9acf5cc555974bbd8eeb104ba09897a35acd12394d5fd4d07,11,991,datacopy/Stefano/7fa1d6f898c7b8b9acf5cc555974bbd8eeb104ba09897a35acd12394d5fd4d07,"[122, 10, 1, 20, 222, 7, 1]"
135,72db81665b0a3e55286fe26a81b2ea475f61fca1fa1db445ecb8b2318cdf7036,11,1155,datacopy/Stefano/72db81665b0a3e55286fe26a81b2ea475f61fca1fa1db445ecb8b2318cdf7036,"[122, 10, 1, 20, 222, 7, 1]"
136,42c7b3b9beac5a58f3d36ff0774d1f3abcdcc51b2de0d6c53865758be6674bfc,11,1155,datacopy/Stefano/42c7b3b9beac5a58f3d36ff0774d1f3abcdcc51b2de0d6c53865758be6674bfc,"[122, 10, 1, 20, 222, 7, 1]"
137,1292f977eb64e1ee88213ec35b8e7d91e799fc351cf3eca36c198781fb4fd599,11,1155,datacopy/Stefano/1292f977eb64e1ee88213ec35b8e7d91e799fc351cf3eca36c198781fb4fd599,"[122, 10, 1, 20, 222, 7, 1]"
138,4a2b2b65bfbd10a0bd1b772e3d087ba1bb0e8528825a2c29baf6578b94eecb25,11,1155,datacopy/Stefano/4a2b2b65bfbd10a0bd1b772e3d087ba1bb0e8528825a2c29baf6578b94eecb25,"[122, 10, 1, 20, 222, 7, 1]"
139,fe87f6fac0a78bba13617f01c5165fdb4e7c23341ac49bad9b2e07a827c1534d,11,991,datacopy/Stefano/fe87f6fac0a78bba13617f01c5165fdb4e7c23341ac49bad9b2e07a827c1534d,"[122, 10, 1, 20, 222, 7, 1]"
140,50517916f1bfa3a05770d27cbebd45da881752f39326554e2b00b530a4a20a85,11,1155,datacopy/Stefano/50517916f1bfa3a05770d27cbebd45da881752f39326554e2b00b530a4a20a85,"[122, 10, 1, 20, 222, 7, 1]"
141,bfc1bf94d18898b37d842bbaba5debe45823eb5858b233181098b63d15e148fd,11,1155,datacopy/Stefano/bfc1bf94d18898b37d842bbaba5debe45823eb5858b233181098b63d15e148fd,"[122, 10, 1, 20, 222, 7, 1]"
142,e6512a980f338b06eeb02fac2727898f0ddf6833a22776ff0ffe80a40777d1df,11,130,datacopy/Stefano/e6512a980f338b06eeb02fac2727898f0ddf6833a22776ff0ffe80a40777d1df,"[122, 10, 1, 20, 222, 7, 1]"
143,a2f7641b0665ed41e4ccaadf09e3373b788412f2f89826fca6e516d34fcab974,11,1155,datacopy/Stefano/a2f7641b0665ed41e4ccaadf09e3373b788412f2f89826fca6e516d34fcab974,"[122, 10, 1, 20, 222, 7, 1]"
144,9d2ed237ce93a5cdaca0c0232f0dd8c1f826bb3af5c4aa65d54f029d8c085720,11,1155,datacopy/Stefano/9d2ed237ce93a5cdaca0c0232f0dd8c1f826bb3af5c4aa65d54f029d8c085720,"[122, 10, 1, 20, 222, 7, 1]"
145,79f9c66a471936595aa3b7bfccc8eefb10909a0efd926a535ef8f0e19e723be2,11,1155,datacopy/Stefano/79f9c66a471936595aa3b7bfccc8eefb10909a0efd926a535ef8f0e19e723be2,"[122, 10, 1, 20, 222, 7, 1]"
146,ee7865182e9da6e6f5e6f551285b77dc222b4a9353d755e034b9104eac1451ad,11,1155,datacopy/Stefano/ee7865182e9da6e6f5e6f551285b77dc222b4a9353d755e034b9104eac1451ad,"[122, 10, 1, 20, 222, 7, 1]"
147,5b61d33c4adc676df86e60c76e47a42b3d847aa8f81f196d9db1ef19f670e047,11,1155,datacopy/Stefano/5b61d33c4adc676df86e60c76e47a42b3d847aa8f81f196d9db1ef19f670e047,"[122, 10, 1, 20, 222, 7, 1]"
148,5fd03a8261ff7d72f5dc1499af61970ff09c058ae580f28258feb7e7a3d8b9e4,11,1155,datacopy/Stefano/5fd03a8261ff7d72f5dc1499af61970ff09c058ae580f28258feb7e7a3d8b9e4,"[122, 10, 1, 20, 222, 7, 1]"
149,ad9a1a9ad76725275675cf24be6102bed7b9b0e63819f4a7e7347b2892722175,11,1155,datacopy/Stefano/ad9a1a9ad76725275675cf24be6102bed7b9b0e63819f4a7e7347b2892722175,"[122, 10, 1, 20, 222, 7, 1]"
150,deedecd35f43baed8043bbcc05ea1bebf516275be5f94728429da25a8f3d40f2,11,1155,datacopy/Stefano/deedecd35f43baed8043bbcc05ea1bebf516275be5f94728429da25a8f3d40f2,"[122, 10, 1, 20, 222, 7, 1]"
151,2a5501de3e1b41dbd2a74c2a14ecc4e6d98d8605d592dc6c8a82e462323264c3,11,1155,datacopy/Stefano/2a5501de3e1b41dbd2a74c2a14ecc4e6d98d8605d592dc6c8a82e462323264c3,"[122, 10, 1, 20, 222, 7, 1]"
152,f92b5e877e8bf671cad8568cf3ee3088325ab2a3004065c19c040a970ae8cd35,11,991,datacopy/Stefano/f92b5e877e8bf671cad8568cf3ee3088325ab2a3004065c19c040a970ae8cd35,"[122, 10, 1, 20, 222, 7, 1]"
153,261ae9de1ec293be5ece19b70e788a197b501418f80e76d4183593a5f55112e8,11,1155,datacopy/Stefano/261ae9de1ec293be5ece19b70e788a197b501418f80e76d4183593a5f55112e8,"[122, 10, 1, 20, 222, 7, 1]"
154,6b3a39ba506654cd36b5204b5380107ff50a42b0a26b5da48b1757c620b9db3a,11,54,datacopy/Stefano/6b3a39ba506654cd36b5204b5380107ff50a42b0a26b5da48b1757c620b9db3a,"[122, 10, 1, 20, 222, 7, 1]"
155,fc77376c4a44a3bee8b1b38a674b810edaf7af6ab5fe848ffa4d9eb8d205241d,11,1155,datacopy/Stefano/fc77376c4a44a3bee8b1b38a674b810edaf7af6ab5fe848ffa4d9eb8d205241d,"[122, 10, 1, 20, 222, 7, 1]"
156,f4f189baec8e6105a125ccdea2cf96909b14dcd380402560530f0c2a515e6ccc,11,1155,datacopy/Stefano/f4f189baec8e6105a125ccdea2cf96909b14dcd380402560530f0c2a515e6ccc,"[122, 10, 1, 20, 222, 7, 1]"
157,eeeeb9a52cdf877e2273cc932fee73d60b0b23d5a27e2d39d04134d90064e401,11,1155,datacopy/Stefano/eeeeb9a52cdf877e2273cc932fee73d60b0b23d5a27e2d39d04134d90064e401,"[122, 10, 1, 20, 222, 7, 1]"
158,56cc7631e5aef43fb72bed0c05c798dc14be78729eb8e69442e4bad52ca80999,11,991,datacopy/Stefano/56cc7631e5aef43fb72bed0c05c798dc14be78729eb8e69442e4bad52ca80999,"[122, 10, 1, 20, 222, 7, 1]"
159,73a7b2d9f5ffc2968ba5fdf339369ed9a70d45ecfc8d03c6bde2cfb8b5e2bf71,11,1155,datacopy/Stefano/73a7b2d9f5ffc2968ba5fdf339369ed9a70d45ecfc8d03c6bde2cfb8b5e2bf71,"[122, 10, 1, 20, 222, 7, 1]"
160,d28a16faa9e00d4dc710074cbde0e0e5f1fce388292025d800211d7ef91939b3,11,1155,datacopy/Stefano/d28a16faa9e00d4dc710074cbde0e0e5f1fce388292025d800211d7ef91939b3,"[122, 10, 1, 20, 222, 7, 1]"
161,001b49432c19c3952e2363b4aa6ecac89c99d7ad139127bb9104f20f4499e361,11,1155,datacopy/Stefano/001b49432c19c3952e2363b4aa6ecac89c99d7ad139127bb9104f20f4499e361,"[122, 10, 1, 20, 222, 7, 1]"
162,e03648a0328f815ed16e7aeac2ac69cab54a1c650bab0f0f5a6b1597dcde8882,11,1155,datacopy/Stefano/e03648a0328f815ed16e7aeac2ac69cab54a1c650bab0f0f5a6b1597dcde8882,"[122, 10, 1, 20, 222, 7, 1]"
163,2dc7b97c79fb1233a899a26da7cbe9d59d6a658eb983f4002404c33cd362144a,11,1155,datacopy/Stefano/2dc7b97c79fb1233a899a26da7cbe9d59d6a658eb983f4002404c33cd362144a,"[122, 10, 1, 20, 222, 7, 1]"
164,bc9b8382ea2cf23177acc6894f81b92e3c70472db86640cc9fe160ac4c213dde,11,1155,datacopy/Stefano/bc9b8382ea2cf23177acc6894f81b92e3c70472db86640cc9fe160ac4c213dde,"[122, 10, 1, 20, 222, 7, 1]"
165,fa67ced0ad70f6cb12058feb161222327f48c8c37750a98bed537b33bdb1ac4a,11,1155,datacopy/Stefano/fa67ced0ad70f6cb12058feb161222327f48c8c37750a98bed537b33bdb1ac4a,"[122, 10, 1, 20, 222, 7, 1]"
166,22b23467151818794441280ce9a4087dd5bbd8ebef53a226f304508e7eb25b2d,11,1155,datacopy/Stefano/22b23467151818794441280ce9a4087dd5bbd8ebef53a226f304508e7eb25b2d,"[122, 10, 1, 20, 222, 7, 1]"
167,0805aa95a72777ffc2c00fe2d50abaf474571946a1f979fd75c77417a02c7962,11,1155,datacopy/Stefano/0805aa95a72777ffc2c00fe2d50abaf474571946a1f979fd75c77417a02c7962,"[122, 10, 1, 20, 222, 7, 1]"
168,7b46833b326378aaf764b488ec3098d99b845916e3dad9d59bfb3b7a5bb7fc16,11,1155,datacopy/Stefano/7b46833b326378aaf764b488ec3098d99b845916e3dad9d59bfb3b7a5bb7fc16,"[122, 10, 1, 20, 222, 7, 1]"
169,151a88a715b4e433198d0f84921b71606709603b98898460511a0ebb9b7a4a40,11,1155,datacopy/Stefano/151a88a715b4e433198d0f84921b71606709603b98898460511a0ebb9b7a4a40,"[122, 10, 1, 20, 222, 7, 1]"
170,2abd3edf681820a121d9665f8a9ce4e88dc5ac3fac49c4a85fab6041cd88f96e,11,1155,datacopy/Stefano/2abd3edf681820a121d9665f8a9ce4e88dc5ac3fac49c4a85fab6041cd88f96e,"[122, 10, 1, 20, 222, 7, 1]"
171,b5cc9bb03298b3d6313395442f8467ab29222469241d35cdf3e80a4bccca22d9,11,1155,datacopy/Stefano/b5cc9bb03298b3d6313395442f8467ab29222469241d35cdf3e80a4bccca22d9,"[122, 10, 1, 20, 222, 7, 1]"
172,bd0a5f7066f9d822327588bfa444ca563e7ff75133d17fa4d9385b5f35e4cc7c,11,130,datacopy/Stefano/bd0a5f7066f9d822327588bfa444ca563e7ff75133d17fa4d9385b5f35e4cc7c,"[122, 10, 1, 20, 222, 7, 1]"
173,dc0961050e926db7813de6831536fddd5ae924ee1745356b3a87a8d221da1201,11,1155,datacopy/Stefano/dc0961050e926db7813de6831536fddd5ae924ee1745356b3a87a8d221da1201,"[122, 10, 1, 20, 222, 7, 1]"
174,d7856cbffe28cef90a50237d5cc1643de1cd882beeda047957ef7cd291f6c4c7,11,1155,datacopy/Stefano/d7856cbffe28cef90a50237d5cc1643de1cd882beeda047957ef7cd291f6c4c7,"[122, 10, 1, 20, 222, 7, 1]"
175,d06d0ba4125a9f9f05b8f2a6e8ea3f0f2cdd7fd96c8322cf47b3f32023fd9352,11,1155,datacopy/Stefano/d06d0ba4125a9f9f05b8f2a6e8ea3f0f2cdd7fd96c8322cf47b3f32023fd9352,"[122, 10, 1, 20, 222, 7, 1]"
176,d1f4a15888c990378061371b30b8715672cee535e4bd477adf1ab100d6d614f8,11,1155,datacopy/Stefano/d1f4a15888c990378061371b30b8715672cee535e4bd477adf1ab100d6d614f8,"[122, 10, 1, 20, 222, 7, 1]"
177,d9cae53e6e6771b25a8f7138a0a6b7ae61f04d72451eb0301943fde21213f310,11,1155,datacopy/Stefano/d9cae53e6e6771b25a8f7138a0a6b7ae61f04d72451eb0301943fde21213f310,"[122, 10, 1, 20, 222, 7, 1]"
178,34f58f4a7181448f78c0d4194f5fadd2917b3da5e302907ecbe2d8a40de27710,11,1155,datacopy/Stefano/34f58f4a7181448f78c0d4194f5fadd2917b3da5e302907ecbe2d8a40de27710,"[122, 10, 1, 20, 222, 7, 1]"
179,94af5a8c51b12fd16e7e67bee86af6cb5ee58b7940c894fe5dd1b87117928071,11,1155,datacopy/Stefano/94af5a8c51b12fd16e7e67bee86af6cb5ee58b7940c894fe5dd1b87117928071,"[122, 10, 1, 20, 222, 7, 1]"
180,a7d55344484dfeffae058c31c22166ba8df58f6902f288a00a804585e50e1280,11,130,datacopy/Stefano/a7d55344484dfeffae058c31c22166ba8df58f6902f288a00a804585e50e1280,"[122, 10, 1, 20, 222, 7, 1]"
181,11fc84b88cda49487e28b7852c24ff401facc165a464ee3f1f686deb7fad2678,11,1155,datacopy/Stefano/11fc84b88cda49487e28b7852c24ff401facc165a464ee3f1f686deb7fad2678,"[122, 10, 1, 20, 222, 7, 1]"
182,aeb491505ef09bc3ba62d86936d8b7ba942e6d88f6bec7299f6aa8af6d9a9af3,11,130,datacopy/Stefano/aeb491505ef09bc3ba62d86936d8b7ba942e6d88f6bec7299f6aa8af6d9a9af3,"[122, 10, 1, 20, 222, 7, 1]"
183,2924c6025933a3257158d19ee680be3c2627ed24f89e337357038ea00618b49b,11,1155,datacopy/Stefano/2924c6025933a3257158d19ee680be3c2627ed24f89e337357038ea00618b49b,"[122, 10, 1, 20, 222, 7, 1]"
184,b2eea39686c5d8f4c1048f799705804f0afb7123c89c2d243fe4f2fd3e9358d5,11,130,datacopy/Stefano/b2eea39686c5d8f4c1048f799705804f0afb7123c89c2d243fe4f2fd3e9358d5,"[122, 10, 1, 20, 222, 7, 1]"
185,0ad43abe71f1ffbaa0ee02d04568a5bc42dd0ed133c714f62fec3ac9b8e0a02b,11,1155,datacopy/Stefano/0ad43abe71f1ffbaa0ee02d04568a5bc42dd0ed133c714f62fec3ac9b8e0a02b,"[122, 10, 1, 20, 222, 7, 1]"
186,468de1807dd0412a67d321db3fa1f3068ef17127d08bd5f43f8dfdc1ba034843,11,1155,datacopy/Stefano/468de1807dd0412a67d321db3fa1f3068ef17127d08bd5f43f8dfdc1ba034843,"[122, 10, 1, 20, 222, 7, 1]"
187,c5e42205d48c636b99dadd8a3cf4d38722f81ea2826bde514c2191eb5fe383ab,11,1155,datacopy/Stefano/c5e42205d48c636b99dadd8a3cf4d38722f81ea2826bde514c2191eb5fe383ab,"[122, 10, 1, 20, 222, 7, 1]"
188,78c7650c0ca8d75df6e9cea2081680436028caf98846f312c7194727148f0ec6,11,1155,datacopy/Stefano/78c7650c0ca8d75df6e9cea2081680436028caf98846f312c7194727148f0ec6,"[122, 10, 1, 20, 222, 7, 1]"
189,06c27f17b68220037e3570e76681edd73ca30dd9e25c04cbd5965014264a3e4e,11,1155,datacopy/Stefano/06c27f17b68220037e3570e76681edd73ca30dd9e25c04cbd5965014264a3e4e,"[122, 10, 1, 20, 222, 7, 1]"
190,c0f2ba4f8b21861a34c2f473afb6227311c1726ca71bbc00fbac1880b38c22c0,11,1155,datacopy/Stefano/c0f2ba4f8b21861a34c2f473afb6227311c1726ca71bbc00fbac1880b38c22c0,"[122, 10, 1, 20, 222, 7, 1]"
191,ef3558949167b1ec698a4168fb321888475ff861de0f540e77402e1698b30543,11,1155,datacopy/Stefano/ef3558949167b1ec698a4168fb321888475ff861de0f540e77402e1698b30543,"[122, 10, 1, 20, 222, 7, 1]"
192,fdb05e7fe153e30261228def29e5b837ce0dc0db99e00c75e100bc73dda2013c,11,1155,datacopy/Stefano/fdb05e7fe153e30261228def29e5b837ce0dc0db99e00c75e100bc73dda2013c,"[122, 10, 1, 20, 222, 7, 1]"
193,6d31e130c2e1ec6dccaeef2f31c460a9aef45b375ef985becb6788e5d978ffa9,11,130,datacopy/Stefano/6d31e130c2e1ec6dccaeef2f31c460a9aef45b375ef985becb6788e5d978ffa9,"[122, 10, 1, 20, 222, 7, 1]"
194,b95d9900cbcaedf6a5adbbc886791963c9f5299ba75459239140fd2462cc1db4,11,1155,datacopy/Stefano/b95d9900cbcaedf6a5adbbc886791963c9f5299ba75459239140fd2462cc1db4,"[122, 10, 1, 20, 222, 7, 1]"
195,4273291f3898f86faca946824ddb498678ac9f2f941fb005420f18bd333a019a,11,130,datacopy/Stefano/4273291f3898f86faca946824ddb498678ac9f2f941fb005420f18bd333a019a,"[122, 10, 1, 20, 222, 7, 1]"
196,90650290c73eceb30f0ba5afb4b45037b925bca8430fe089694c41372a0fc1c7,11,1155,datacopy/Stefano/90650290c73eceb30f0ba5afb4b45037b925bca8430fe089694c41372a0fc1c7,"[122, 10, 1, 20, 222, 7, 1]"
197,b1d58e90fb4a3353ea3e05d9573b4e0fc2b035e512b03266ffb5b2276d30265a,11,991,datacopy/Stefano/b1d58e90fb4a3353ea3e05d9573b4e0fc2b035e512b03266ffb5b2276d30265a,"[122, 10, 1, 20, 222, 7, 1]"
198,fee49f5d5567e2f0b7a9cf7243b9a50ae4ee3fce04a93cd5671ad57a84ce15fc,11,1155,datacopy/Stefano/fee49f5d5567e2f0b7a9cf7243b9a50ae4ee3fce04a93cd5671ad57a84ce15fc,"[122, 10, 1, 20, 222, 7, 1]"
199,9d81af7dd0f49fb11a4fbb49581d662e40c55443195a40bfb837eda446eb706f,11,1155,datacopy/Stefano/9d81af7dd0f49fb11a4fbb49581d662e40c55443195a40bfb837eda446eb706f,"[122, 10, 1, 20, 222, 7, 1]"
200,8ba6a90347b713e51eeab774c98af9f8b29720105cca91eea696f11dae96efe3,11,991,datacopy/Stefano/8ba6a90347b713e51eeab774c98af9f8b29720105cca91eea696f11dae96efe3,"[122, 10, 1, 20, 222, 7, 1]"
201,0042f4c1ef970ab39cd02ba3c340ea01d3a6f7a7c3ea2773ba410073a71ec07d,11,1155,datacopy/Stefano/0042f4c1ef970ab39cd02ba3c340ea01d3a6f7a7c3ea2773ba410073a71ec07d,"[122, 10, 1, 20, 222, 7, 1]"
202,37ef4cfe9948a66353f0e24a9d775f14b739f1de2633c07321a207b07c9d9bc8,11,130,datacopy/Stefano/37ef4cfe9948a66353f0e24a9d775f14b739f1de2633c07321a207b07c9d9bc8,"[122, 10, 1, 20, 222, 7, 1]"
203,3f47d4e78af99471464df8850c31061aaabaf85955f16e65987a1fae59671e8c,11,991,datacopy/Stefano/3f47d4e78af99471464df8850c31061aaabaf85955f16e65987a1fae59671e8c,"[122, 10, 1, 20, 222, 7, 1]"
204,e00e41baa4bd96b282a44d69479180949ce8734eab53b122c522e2c965e72804,11,1155,datacopy/Stefano/e00e41baa4bd96b282a44d69479180949ce8734eab53b122c522e2c965e72804,"[122, 10, 1, 20, 222, 7, 1]"
205,2030f6abd524c38e5d17f46078094840e376e3bcef3f3d3e292b8ad58b8db670,11,1155,datacopy/Stefano/2030f6abd524c38e5d17f46078094840e376e3bcef3f3d3e292b8ad58b8db670,"[122, 10, 1, 20, 222, 7, 1]"
206,67c6c305e2d19f752385e5d9fe0d7b92c44d67d3f51d3d3b7d6a63f92b593bff,11,1155,datacopy/Stefano/67c6c305e2d19f752385e5d9fe0d7b92c44d67d3f51d3d3b7d6a63f92b593bff,"[122, 10, 1, 20, 222, 7, 1]"
207,fd28aea087fc5aef1648f7b041068af6593ccdf71840cb63928e1902c69a4ef1,11,1155,datacopy/Stefano/fd28aea087fc5aef1648f7b041068af6593ccdf71840cb63928e1902c69a4ef1,"[122, 10, 1, 20, 222, 7, 1]"
208,b85e6fa5390be0ac1486c811cd86b9f75e9d6b6bd9d52f9601d6d0400b1ead66,11,1155,datacopy/Stefano/b85e6fa5390be0ac1486c811cd86b9f75e9d6b6bd9d52f9601d6d0400b1ead66,"[122, 10, 1, 20, 222, 7, 1]"
209,e27d5cff1a79dd33d7e2fdb5488e631bbb8ccc17a6786dc09613cd48552e9008,11,1415,datacopy/Stefano/e27d5cff1a79dd33d7e2fdb5488e631bbb8ccc17a6786dc09613cd48552e9008,"[122, 10, 1, 20, 222, 7, 1]"
210,3b0d1835cccdb204f10901e230e0b1d9b037997b83e7ed7114176ce529d4e59a,11,1155,datacopy/Stefano/3b0d1835cccdb204f10901e230e0b1d9b037997b83e7ed7114176ce529d4e59a,"[122, 10, 1, 20, 222, 7, 1]"
211,8cf3b1faa5453ceeee92e46445ab5d258e8d1fdc280d808e86a04f1e8be82201,11,1155,datacopy/Stefano/8cf3b1faa5453ceeee92e46445ab5d258e8d1fdc280d808e86a04f1e8be82201,"[122, 10, 1, 20, 222, 7, 1]"
212,7ee7c736f338c6f3525dcde942dfd3d93432a59ec9f6e01c1bb8bbfbc4b03499,11,1155,datacopy/Stefano/7ee7c736f338c6f3525dcde942dfd3d93432a59ec9f6e01c1bb8bbfbc4b03499,"[122, 10, 1, 20, 222, 7, 1]"
213,0a4414680fc2653bfc62e0bbce5320851676dacc1ea4614343b15c64944b3063,11,1155,datacopy/Stefano/0a4414680fc2653bfc62e0bbce5320851676dacc1ea4614343b15c64944b3063,"[122, 10, 1, 20, 222, 7, 1]"
214,dcdd18b5693cb3dd24426535c4c8d60ce5cba8992f0d36b670ac82543956a51d,11,1155,datacopy/Stefano/dcdd18b5693cb3dd24426535c4c8d60ce5cba8992f0d36b670ac82543956a51d,"[122, 10, 1, 20, 222, 7, 1]"
215,97ff3c99948d8c4f4d436f49c29b3683ecac5d039e05bc688ad89fca32632fa6,11,1155,datacopy/Stefano/97ff3c99948d8c4f4d436f49c29b3683ecac5d039e05bc688ad89fca32632fa6,"[122, 10, 1, 20, 222, 7, 1]"
216,613c067d2c7655743302970f8bfdbd0739745d3aec78bf86cbcbf94744cf0913,11,1155,datacopy/Stefano/613c067d2c7655743302970f8bfdbd0739745d3aec78bf86cbcbf94744cf0913,"[122, 10, 1, 20, 222, 7, 1]"
217,b280395e9205b8255e57e9f960851d88eb81fe6e0ed7d5affa020bd57108ed05,11,1155,datacopy/Stefano/b280395e9205b8255e57e9f960851d88eb81fe6e0ed7d5affa020bd57108ed05,"[122, 10, 1, 20, 222, 7, 1]"
218,6e1ee7c91e8985837d768af2700c7c83d7bfdfa390aeebf42cf87b9fac9ef716,11,799,datacopy/Stefano/6e1ee7c91e8985837d768af2700c7c83d7bfdfa390aeebf42cf87b9fac9ef716,"[122, 10, 1, 20, 222, 7, 1]"
219,796653d8f11766151cc3727d14c9789b133319e9f778e0b3a13bd31848e01d0a,11,1155,datacopy/Stefano/796653d8f11766151cc3727d14c9789b133319e9f778e0b3a13bd31848e01d0a,"[122, 10, 1, 20, 222, 7, 1]"
220,72d14d28c9737124775142d04571c20cf014db6b7980d5480852670e0ec9702e,11,1155,datacopy/Stefano/72d14d28c9737124775142d04571c20cf014db6b7980d5480852670e0ec9702e,"[122, 10, 1, 20, 222, 7, 1]"
221,b48c28a718751b955afa8a80fcd286cdda0ab1f667d951e5a3970e0816a3eaa5,11,1155,datacopy/Stefano/b48c28a718751b955afa8a80fcd286cdda0ab1f667d951e5a3970e0816a3eaa5,"[122, 10, 1, 20, 222, 7, 1]"
222,30c55d96ab50f2720d1903351f9336a022aa5eaeadee47d8fb1bba3ca1277e54,11,1155,datacopy/Stefano/30c55d96ab50f2720d1903351f9336a022aa5eaeadee47d8fb1bba3ca1277e54,"[122, 10, 1, 20, 222, 7, 1]"
223,d73ff059e958e5d3f2cecb1348fec411b1fbd2cbfa8f494c67be6998f30246f8,11,1155,datacopy/Stefano/d73ff059e958e5d3f2cecb1348fec411b1fbd2cbfa8f494c67be6998f30246f8,"[122, 10, 1, 20, 222, 7, 1]"
224,62758a0c4526248836157a8c21bc62be860c1da420d053bb50074f7f0d6be0f6,11,1155,datacopy/Stefano/62758a0c4526248836157a8c21bc62be860c1da420d053bb50074f7f0d6be0f6,"[122, 10, 1, 20, 222, 7, 1]"
225,774c04a15f7873f0935373686969e5e5809c33a6a90905b9e970ca1959ec55c8,11,1155,datacopy/Stefano/774c04a15f7873f0935373686969e5e5809c33a6a90905b9e970ca1959ec55c8,"[122, 10, 1, 20, 222, 7, 1]"
226,0dc136fc2615eb7e608f8ea35663a117334f730b1bb54be56a81fd02791949be,11,1155,datacopy/Stefano/0dc136fc2615eb7e608f8ea35663a117334f730b1bb54be56a81fd02791949be,"[122, 10, 1, 20, 222, 7, 1]"
227,c4aca10736b2b7b961239e5b2c339090c135ddec6e0f59f9be15d05e20258cb9,11,1155,datacopy/Stefano/c4aca10736b2b7b961239e5b2c339090c135ddec6e0f59f9be15d05e20258cb9,"[122, 10, 1, 20, 222, 7, 1]"
228,f16330fdd04279d3548784bec643fcadd2b7e4fb83d05444d459f0824e5e37b4,11,1155,datacopy/Stefano/f16330fdd04279d3548784bec643fcadd2b7e4fb83d05444d459f0824e5e37b4,"[122, 10, 1, 20, 222, 7, 1]"
229,d2025b180c57735857ff78a6079135d2ce740881b898dbda28e12d5f8a83dbab,11,1155,datacopy/Stefano/d2025b180c57735857ff78a6079135d2ce740881b898dbda28e12d5f8a83dbab,"[122, 10, 1, 20, 222, 7, 1]"
230,c16ce96f81778ef4d4a388c9a44510cf810306cee23b1f04e5fc3c8c573a4ac1,11,1155,datacopy/Stefano/c16ce96f81778ef4d4a388c9a44510cf810306cee23b1f04e5fc3c8c573a4ac1,"[122, 10, 1, 20, 222, 7, 1]"
231,94dab62cf554c835c62fddd282de231c95fe260b604b02a367868001812f6370,11,1155,datacopy/Stefano/94dab62cf554c835c62fddd282de231c95fe260b604b02a367868001812f6370,"[122, 10, 1, 20, 222, 7, 1]"
232,2eee7c2dbfeba5f4c2a6cc27c35dde2003c37d71263f4a3bb640c6266f3a9a20,11,1155,datacopy/Stefano/2eee7c2dbfeba5f4c2a6cc27c35dde2003c37d71263f4a3bb640c6266f3a9a20,"[122, 10, 1, 20, 222, 7, 1]"
233,9df4489a5dcb20403d864c8878b7a42cd4c585fb6c2109f2e68b0554a3b4afdd,11,1155,datacopy/Stefano/9df4489a5dcb20403d864c8878b7a42cd4c585fb6c2109f2e68b0554a3b4afdd,"[122, 10, 1, 20, 222, 7, 1]"
234,bdbadd79a24f5b925591b317c28bba18782152a83f222df56d2bc9584af235be,11,1155,datacopy/Stefano/bdbadd79a24f5b925591b317c28bba18782152a83f222df56d2bc9584af235be,"[122, 10, 1, 20, 222, 7, 1]"
235,1baa58688f07d1bffafa2bf1261cd0cab41907881cae6a30268155c849d080b1,11,1155,datacopy/Stefano/1baa58688f07d1bffafa2bf1261cd0cab41907881cae6a30268155c849d080b1,"[122, 10, 1, 20, 222, 7, 1]"
236,b279cd9355c3b1f806352772475d0f5f12dc502e22ded6d6054b98c56e213987,11,1155,datacopy/Stefano/b279cd9355c3b1f806352772475d0f5f12dc502e22ded6d6054b98c56e213987,"[122, 10, 1, 20, 222, 7, 1]"
237,1f5cb54cfd4f03110388923c049af86096affe8cc4613336c382342e3cac0ed7,11,1155,datacopy/Stefano/1f5cb54cfd4f03110388923c049af86096affe8cc4613336c382342e3cac0ed7,"[122, 10, 1, 20, 222, 7, 1]"
238,b1d217ef4329ead33887cc87dfe4f0c1e58d88678e6f34cdad1a53554848c87d,11,1155,datacopy/Stefano/b1d217ef4329ead33887cc87dfe4f0c1e58d88678e6f34cdad1a53554848c87d,"[122, 10, 1, 20, 222, 7, 1]"
239,3e80f8935dac905f0d3710f242fe64dcf1fdf98874407b7e0b96b78c6eaf4c2b,11,1155,datacopy/Stefano/3e80f8935dac905f0d3710f242fe64dcf1fdf98874407b7e0b96b78c6eaf4c2b,"[122, 10, 1, 20, 222, 7, 1]"
240,8b7e5f903ca7805f35124d1a2bdeb2766361ad58.bin,12,1944,datacopy/UCSB.JP/data_feed.geo_japan_6m_public_flag/8/b/7/8b7e5f903ca7805f35124d1a2bdeb2766361ad58.bin,"[2, 1, 1, 7]"
241,8991b1981aa4f200b8b2af567148539cc3444ee2.bin,12,1524,datacopy/UCSB.JP/data_feed.geo_japan_6m_public_flag/8/9/9/8991b1981aa4f200b8b2af567148539cc3444ee2.bin,"[2, 1, 1, 7]"
242,829991a925839d4fbf780fc5a0ddcbfba07f7ee8.bin,12,1524,datacopy/UCSB.JP/data_feed.geo_japan_6m_public_flag/8/2/9/829991a925839d4fbf780fc5a0ddcbfba07f7ee8.bin,"[2, 1, 1, 7]"
243,8d819c5740592857b6c46571e3a3e0ad2e8670f4.bin,12,341,datacopy/UCSB.JP/data_feed.geo_japan_6m_public_flag/8/d/8/8d819c5740592857b6c46571e3a3e0ad2e8670f4.bin,"[2, 1, 1, 7]"
244,8dee9b0e5fe5a4be049da62132e4d23086154b02.bin,12,1944,datacopy/UCSB.JP/data_feed.geo_japan_6m_public_flag/8/d/e/8dee9b0e5fe5a4be049da62132e4d23086154b02.bin,"[2, 1, 1, 7]"
245,8d256f65d31e7336ec2a27197d3cdbe6b287756a.bin,12,1944,datacopy/UCSB.JP/data_feed.geo_japan_6m_public_flag/8/d/2/8d256f65d31e7336ec2a27197d3cdbe6b287756a.bin,"[2, 1, 1, 7]"
246,8533956bfb9a6488c0c3cddd976aaaeda0201c9d.bin,12,1944,datacopy/UCSB.JP/data_feed.geo_japan_6m_public_flag/8/5/3/8533956bfb9a6488c0c3cddd976aaaeda0201c9d.bin,"[2, 1, 1, 7]"
247,85d0114ba619b46e43262a841dc578a9fb7e66c2.bin,12,1524,datacopy/UCSB.JP/data_feed.geo_japan_6m_public_flag/8/5/d/85d0114ba619b46e43262a841dc578a9fb7e66c2.bin,"[2, 1, 1, 7]"
248,800b42996330c1382e4bc22b1972bc7799ad4aa7.bin,12,1944,datacopy/UCSB.JP/data_feed.geo_japan_6m_public_flag/8/0/0/800b42996330c1382e4bc22b1972bc7799ad4aa7.bin,"[2, 1, 1, 7]"
249,861e5fb432517a175be34f4af80061b687a47f80.bin,12,1944,datacopy/UCSB.JP/data_feed.geo_japan_6m_public_flag/8/6/1/861e5fb432517a175be34f4af80061b687a47f80.bin,"[2, 1, 1, 7]"
250,87ac98a7d16dfe6776368a3c61d2e51801369f68.bin,12,1944,datacopy/UCSB.JP/data_feed.geo_japan_6m_public_flag/8/7/a/87ac98a7d16dfe6776368a3c61d2e51801369f68.bin,"[2, 1, 1, 7]"
251,87ade3ff1318193b6e15617329a47bd35c6f89be.bin,12,1524,datacopy/UCSB.JP/data_feed.geo_japan_6m_public_flag/8/7/a/87ade3ff1318193b6e15617329a47bd35c6f89be.bin,"[2, 1, 1, 7]"
252,877822feb68409f62e1718262db4e0a6083e2625.bin,12,1524,datacopy/UCSB.JP/data_feed.geo_japan_6m_public_flag/8/7/7/877822feb68409f62e1718262db4e0a6083e2625.bin,"[2, 1, 1, 7]"
253,ab39766f19f37531af488088276de2c039e18e46.bin,12,341,datacopy/UCSB.JP/data_feed.geo_japan_6m_public_flag/a/b/3/ab39766f19f37531af488088276de2c039e18e46.bin,"[2, 1, 1, 7]"
254,ab29de4aab6c38f041ab0ecfad507b5168de1bbd.bin,12,284,datacopy/UCSB.JP/data_feed.geo_japan_6m_public_flag/a/b/2/ab29de4aab6c38f041ab0ecfad507b5168de1bbd.bin,"[2, 1, 1, 7]"
255,ab5e0dd5e76045b6eedb745ac4f4368fc7153436.bin,12,1944,datacopy/UCSB.JP/data_feed.geo_japan_6m_public_flag/a/b/5/ab5e0dd5e76045b6eedb745ac4f4368fc7153436.bin,"[2, 1, 1, 7]"
256,ab6b5feeedc50ee8f93674fe508a984b0490cda2.bin,12,1944,datacopy/UCSB.JP/data_feed.geo_japan_6m_public_flag/a/b/6/ab6b5feeedc50ee8f93674fe508a984b0490cda2.bin,"[2, 1, 1, 7]"
257,a11a960cf70335331d14299a3a62c3c3f97ecd2e.bin,12,1944,datacopy/UCSB.JP/data_feed.geo_japan_6m_public_flag/a/1/1/a11a960cf70335331d14299a3a62c3c3f97ecd2e.bin,"[2, 1, 1, 7]"
258,af46274c882a06a95f7584ca8c0ee23c989e24a3.bin,12,1944,datacopy/UCSB.JP/data_feed.geo_japan_6m_public_flag/a/f/4/af46274c882a06a95f7584ca8c0ee23c989e24a3.bin,"[2, 1, 1, 7]"
259,af07ad9d8a9dee4b2cf409b0acb4483bac1599e2.bin,12,1524,datacopy/UCSB.JP/data_feed.geo_japan_6m_public_flag/a/f/0/af07ad9d8a9dee4b2cf409b0acb4483bac1599e2.bin,"[2, 1, 1, 7]"
260,a0478bd4e126d13c1f122417b04a67e79f1bcdef.bin,12,1944,datacopy/UCSB.JP/data_feed.geo_japan_6m_public_flag/a/0/4/a0478bd4e126d13c1f122417b04a67e79f1bcdef.bin,"[2, 1, 1, 7]"
261,a62b7de2e57e3e69c067878fe58a331b5390916b.bin,12,1944,datacopy/UCSB.JP/data_feed.geo_japan_6m_public_flag/a/6/2/a62b7de2e57e3e69c067878fe58a331b5390916b.bin,"[2, 1, 1, 7]"
262,a66e76b45fb21ec01a39e9ac196121c49ddc85bb.bin,12,1524,datacopy/UCSB.JP/data_feed.geo_japan_6m_public_flag/a/6/6/a66e76b45fb21ec01a39e9ac196121c49ddc85bb.bin,"[2, 1, 1, 7]"
263,a7ab1801505b89e5664b74dd13ce1d4f06ebef94.bin,12,1524,datacopy/UCSB.JP/data_feed.geo_japan_6m_public_flag/a/7/a/a7ab1801505b89e5664b74dd13ce1d4f06ebef94.bin,"[2, 1, 1, 7]"
264,a702eb0929ee3a326c18947337a9fc142b0956b2.bin,12,1944,datacopy/UCSB.JP/data_feed.geo_japan_6m_public_flag/a/7/0/a702eb0929ee3a326c18947337a9fc142b0956b2.bin,"[2, 1, 1, 7]"
265,eea70ec2633ea56e393f85465a435e1d4eee906f.bin,12,1944,datacopy/UCSB.JP/data_feed.geo_japan_6m_public_flag/e/e/a/eea70ec2633ea56e393f85465a435e1d4eee906f.bin,"[2, 1, 1, 7]"
266,eeb53848b1583dd181d75317e0cf2fa27426422a.bin,12,1944,datacopy/UCSB.JP/data_feed.geo_japan_6m_public_flag/e/e/b/eeb53848b1583dd181d75317e0cf2fa27426422a.bin,"[2, 1, 1, 7]"
267,ee31edfa52c523f9aa43160b2780fcb182909a30.bin,12,1524,datacopy/UCSB.JP/data_feed.geo_japan_6m_public_flag/e/e/3/ee31edfa52c523f9aa43160b2780fcb182909a30.bin,"[2, 1, 1, 7]"
268,eed50d73cc273ee77b5860ff7168569e487182d4.bin,12,1944,datacopy/UCSB.JP/data_feed.geo_japan_6m_public_flag/e/e/d/eed50d73cc273ee77b5860ff7168569e487182d4.bin,"[2, 1, 1, 7]"
269,eb3ac1828049630d2ce012972c58f4f3a1c97087.bin,12,1944,datacopy/UCSB.JP/data_feed.geo_japan_6m_public_flag/e/b/3/eb3ac1828049630d2ce012972c58f4f3a1c97087.bin,"[2, 1, 1, 7]"
270,e361aa900198176d1708ef60c4ca3f03588f1371.bin,12,1944,datacopy/UCSB.JP/data_feed.geo_japan_6m_public_flag/e/3/6/e361aa900198176d1708ef60c4ca3f03588f1371.bin,"[2, 1, 1, 7]"
271,e98fef9e6c327459d883f76e08cb4bfb79243db4.bin,12,341,datacopy/UCSB.JP/data_feed.geo_japan_6m_public_flag/e/9/8/e98fef9e6c327459d883f76e08cb4bfb79243db4.bin,"[2, 1, 1, 7]"
272,e21d13b03853efb635d23f8af52cd039180368bd.bin,12,1524,datacopy/UCSB.JP/data_feed.geo_japan_6m_public_flag/e/2/1/e21d13b03853efb635d23f8af52cd039180368bd.bin,"[2, 1, 1, 7]"
273,e0031193e112c9ffa27f29144a5fb139cced1780.bin,12,1524,datacopy/UCSB.JP/data_feed.geo_japan_6m_public_flag/e/0/0/e0031193e112c9ffa27f29144a5fb139cced1780.bin,"[2, 1, 1, 7]"
274,e6a40ed01e2e625f54d05bf27ba58f81da4c23ac.bin,12,1524,datacopy/UCSB.JP/data_feed.geo_japan_6m_public_flag/e/6/a/e6a40ed01e2e625f54d05bf27ba58f81da4c23ac.bin,"[2, 1, 1, 7]"
275,e7c879bf1ace6373684deec14a4daf296519ca18.bin,12,1944,datacopy/UCSB.JP/data_feed.geo_japan_6m_public_flag/e/7/c/e7c879bf1ace6373684deec14a4daf296519ca18.bin,"[2, 1, 1, 7]"
276,b339628c646b44c2030372a6c8704da2fb6eb8e8.bin,12,1524,datacopy/UCSB.JP/data_feed.geo_japan_6m_public_flag/b/3/3/b339628c646b44c2030372a6c8704da2fb6eb8e8.bin,"[2, 1, 1, 7]"
277,b9bd6fbca38133dfd6d0567c1aad5c3d97a4dbbc.bin,12,341,datacopy/UCSB.JP/data_feed.geo_japan_6m_public_flag/b/9/b/b9bd6fbca38133dfd6d0567c1aad5c3d97a4dbbc.bin,"[2, 1, 1, 7]"
278,b9dd780db1f6494675928ab3c8c3afaedff3fe04.bin,12,1944,datacopy/UCSB.JP/data_feed.geo_japan_6m_public_flag/b/9/d/b9dd780db1f6494675928ab3c8c3afaedff3fe04.bin,"[2, 1, 1, 7]"
279,bdf430ebef39506120b5e554f89b4b47b6d98ae5.bin,12,1944,datacopy/UCSB.JP/data_feed.geo_japan_6m_public_flag/b/d/f/bdf430ebef39506120b5e554f89b4b47b6d98ae5.bin,"[2, 1, 1, 7]"
280,bd7401c91c8a489ad2ea946883f6ea7398005965.bin,12,1524,datacopy/UCSB.JP/data_feed.geo_japan_6m_public_flag/b/d/7/bd7401c91c8a489ad2ea946883f6ea7398005965.bin,"[2, 1, 1, 7]"
281,b5bf2466a54d078a7b5211663135be2ee31e6340.bin,12,341,datacopy/UCSB.JP/data_feed.geo_japan_6m_public_flag/b/5/b/b5bf2466a54d078a7b5211663135be2ee31e6340.bin,"[2, 1, 1, 7]"
282,b5446ead283df797b32ebc5b8177aa77dd5d604e.bin,12,1944,datacopy/UCSB.JP/data_feed.geo_japan_6m_public_flag/b/5/4/b5446ead283df797b32ebc5b8177aa77dd5d604e.bin,"[2, 1, 1, 7]"
283,bc2775b23a5839e3ee9608ed80a124f88ce55f8f.bin,12,1944,datacopy/UCSB.JP/data_feed.geo_japan_6m_public_flag/b/c/2/bc2775b23a5839e3ee9608ed80a124f88ce55f8f.bin,"[2, 1, 1, 7]"
284,b44210431beb4761b08b33c432afcc5638caa3f1.bin,12,1524,datacopy/UCSB.JP/data_feed.geo_japan_6m_public_flag/b/4/4/b44210431beb4761b08b33c432afcc5638caa3f1.bin,"[2, 1, 1, 7]"
285,b0f868bc48153e143fb6312412f17df4d4774e73.bin,12,1944,datacopy/UCSB.JP/data_feed.geo_japan_6m_public_flag/b/0/f/b0f868bc48153e143fb6312412f17df4d4774e73.bin,"[2, 1, 1, 7]"
286,38ba7af5ca25399cd875b900e5d92685e8c9186f.bin,12,1944,datacopy/UCSB.JP/data_feed.geo_japan_6m_public_flag/3/8/b/38ba7af5ca25399cd875b900e5d92685e8c9186f.bin,"[2, 1, 1, 7]"
287,3af8f07031e0a69e20a47fc82a0320f5ca1c578a.bin,12,341,datacopy/UCSB.JP/data_feed.geo_japan_6m_public_flag/3/a/f/3af8f07031e0a69e20a47fc82a0320f5ca1c578a.bin,"[2, 1, 1, 7]"
288,3a7ca17a5055c21b768f692af66c48db00ac4704.bin,12,341,datacopy/UCSB.JP/data_feed.geo_japan_6m_public_flag/3/a/7/3a7ca17a5055c21b768f692af66c48db00ac4704.bin,"[2, 1, 1, 7]"
289,3930aa7cafe5a13f8f367687df5384cce8809158.bin,12,284,datacopy/UCSB.JP/data_feed.geo_japan_6m_public_flag/3/9/3/3930aa7cafe5a13f8f367687df5384cce8809158.bin,"[2, 1, 1, 7]"
290,326f1d4ce153a422fc4ec67b3091a8d253aae5b4.bin,12,1524,datacopy/UCSB.JP/data_feed.geo_japan_6m_public_flag/3/2/6/326f1d4ce153a422fc4ec67b3091a8d253aae5b4.bin,"[2, 1, 1, 7]"
291,3fbac67b6d45202e3751bad0e0e242c7113818a1.bin,12,1944,datacopy/UCSB.JP/data_feed.geo_japan_6m_public_flag/3/f/b/3fbac67b6d45202e3751bad0e0e242c7113818a1.bin,"[2, 1, 1, 7]"
292,3f31e96ad931f6a49c7183a28808fbb24cb48679.bin,12,1524,datacopy/UCSB.JP/data_feed.geo_japan_6m_public_flag/3/f/3/3f31e96ad931f6a49c7183a28808fbb24cb48679.bin,"[2, 1, 1, 7]"
293,3c0c036e0b9f864b900195badae74a35fb7e768b.bin,12,1944,datacopy/UCSB.JP/data_feed.geo_japan_6m_public_flag/3/c/0/3c0c036e0b9f864b900195badae74a35fb7e768b.bin,"[2, 1, 1, 7]"
294,34b471ddaf157bdb9574d7ab11d7f8579a41cff2.bin,12,1944,datacopy/UCSB.JP/data_feed.geo_japan_6m_public_flag/3/4/b/34b471ddaf157bdb9574d7ab11d7f8579a41cff2.bin,"[2, 1, 1, 7]"
295,30e654e680da46b103eeb1df1ec8483dddacd74d.bin,12,1524,datacopy/UCSB.JP/data_feed.geo_japan_6m_public_flag/3/0/e/30e654e680da46b103eeb1df1ec8483dddacd74d.bin,"[2, 1, 1, 7]"
296,302ebdfe75598293ed1c3ca66c5a147750257f92.bin,12,1944,datacopy/UCSB.JP/data_feed.geo_japan_6m_public_flag/3/0/2/302ebdfe75598293ed1c3ca66c5a147750257f92.bin,"[2, 1, 1, 7]"
297,981b0b0dc074c3cb893d4e4eed07e63aedd44ec3.bin,12,1944,datacopy/UCSB.JP/data_feed.geo_japan_6m_public_flag/9/8/1/981b0b0dc074c3cb893d4e4eed07e63aedd44ec3.bin,"[2, 1, 1, 7]"
298,98610526e0f75a12237642ca05270a7a9234437f.bin,12,1944,datacopy/UCSB.JP/data_feed.geo_japan_6m_public_flag/9/8/6/98610526e0f75a12237642ca05270a7a9234437f.bin,"[2, 1, 1, 7]"
299,9aab0df11e592565d748a5f039976e902e7c5656.bin,12,1944,datacopy/UCSB.JP/data_feed.geo_japan_6m_public_flag/9/a/a/9aab0df11e592565d748a5f039976e902e7c5656.bin,"[2, 1, 1, 7]"
300,9a34aecd5fabc72ed2eb235b425c6157777db633.bin,12,1944,datacopy/UCSB.JP/data_feed.geo_japan_6m_public_flag/9/a/3/9a34aecd5fabc72ed2eb235b425c6157777db633.bin,"[2, 1, 1, 7]"
301,9a4bb63b2f845d5de97de47ce7307f4083b4d532.bin,12,1944,datacopy/UCSB.JP/data_feed.geo_japan_6m_public_flag/9/a/4/9a4bb63b2f845d5de97de47ce7307f4083b4d532.bin,"[2, 1, 1, 7]"
302,9be807c822e504aa7a22db31bfd867afa3503e35.bin,12,1944,datacopy/UCSB.JP/data_feed.geo_japan_6m_public_flag/9/b/e/9be807c822e504aa7a22db31bfd867afa3503e35.bin,"[2, 1, 1, 7]"
303,93b4c799e4aaee531dad80bab1ce90b23efb77e5.bin,12,1944,datacopy/UCSB.JP/data_feed.geo_japan_6m_public_flag/9/3/b/93b4c799e4aaee531dad80bab1ce90b23efb77e5.bin,"[2, 1, 1, 7]"
304,99cb4450c60d6b03a2711f04893a66fa47fa8e86.bin,12,1944,datacopy/UCSB.JP/data_feed.geo_japan_6m_public_flag/9/9/c/99cb4450c60d6b03a2711f04893a66fa47fa8e86.bin,"[2, 1, 1, 7]"
305,92ab02074dfb90556cee26fb5122158c9c65e48e.bin,12,1944,datacopy/UCSB.JP/data_feed.geo_japan_6m_public_flag/9/2/a/92ab02074dfb90556cee26fb5122158c9c65e48e.bin,"[2, 1, 1, 7]"
306,95a88a9328f5a0ce6ccb02174ae0ff5b5a98ad26.bin,12,1524,datacopy/UCSB.JP/data_feed.geo_japan_6m_public_flag/9/5/a/95a88a9328f5a0ce6ccb02174ae0ff5b5a98ad26.bin,"[2, 1, 1, 7]"
307,956b68d78d26d1e5c241a46b214c6b9a57e57eb8.bin,12,1944,datacopy/UCSB.JP/data_feed.geo_japan_6m_public_flag/9/5/6/956b68d78d26d1e5c241a46b214c6b9a57e57eb8.bin,"[2, 1, 1, 7]"
308,9cabf77fd455147ca9b286b6e7940a0facc8f928.bin,12,284,datacopy/UCSB.JP/data_feed.geo_japan_6m_public_flag/9/c/a/9cabf77fd455147ca9b286b6e7940a0facc8f928.bin,"[2, 1, 1, 7]"
309,9cee9e7c67da072469565bbacb5eea0fe985ab77.bin,12,1524,datacopy/UCSB.JP/data_feed.geo_japan_6m_public_flag/9/c/e/9cee9e7c67da072469565bbacb5eea0fe985ab77.bin,"[2, 1, 1, 7]"
310,94cfd3dbb7c0b9ea81d2f2790562e66c683f04d2.bin,12,1524,datacopy/UCSB.JP/data_feed.geo_japan_6m_public_flag/9/4/c/94cfd3dbb7c0b9ea81d2f2790562e66c683f04d2.bin,"[2, 1, 1, 7]"
311,9077fdba1279cfb750afeb092caa583a9a9f5fba.bin,12,1944,datacopy/UCSB.JP/data_feed.geo_japan_6m_public_flag/9/0/7/9077fdba1279cfb750afeb092caa583a9a9f5fba.bin,"[2, 1, 1, 7]"
312,97839bfddaae188b7f279582e7939283bda62a8b.bin,12,1944,datacopy/UCSB.JP/data_feed.geo_japan_6m_public_flag/9/7/8/97839bfddaae188b7f279582e7939283bda62a8b.bin,"[2, 1, 1, 7]"
313,974d7cfee38e33e6778914c8021bf67c43e47e5c.bin,12,1944,datacopy/UCSB.JP/data_feed.geo_japan_6m_public_flag/9/7/4/974d7cfee38e33e6778914c8021bf67c43e47e5c.bin,"[2, 1, 1, 7]"
314,97024bca02cb90ae8128e9b70f8a20b04c9919c0.bin,12,1944,datacopy/UCSB.JP/data_feed.geo_japan_6m_public_flag/9/7/0/97024bca02cb90ae8128e9b70f8a20b04c9919c0.bin,"[2, 1, 1, 7]"
315,234c2f703b78146db3f627de342eb8f6a0416fb8.bin,12,341,datacopy/UCSB.JP/data_feed.geo_japan_6m_public_flag/2/3/4/234c2f703b78146db3f627de342eb8f6a0416fb8.bin,"[2, 1, 1, 7]"
316,29eace9f243dd506519422689f4c049026423c71.bin,12,1944,datacopy/UCSB.JP/data_feed.geo_japan_6m_public_flag/2/9/e/29eace9f243dd506519422689f4c049026423c71.bin,"[2, 1, 1, 7]"
317,22eaaea37bbebe604e1d909b7730b1ac1560fb3f.bin,12,1524,datacopy/UCSB.JP/data_feed.geo_japan_6m_public_flag/2/2/e/22eaaea37bbebe604e1d909b7730b1ac1560fb3f.bin,"[2, 1, 1, 7]"
318,22029cb59c9cd4fb14537771047dad155cc66ab8.bin,12,1944,datacopy/UCSB.JP/data_feed.geo_japan_6m_public_flag/2/2/0/22029cb59c9cd4fb14537771047dad155cc66ab8.bin,"[2, 1, 1, 7]"
319,21b3b7b4765b50b86e1b623353a21d5123d360f9.bin,12,1944,datacopy/UCSB.JP/data_feed.geo_japan_6m_public_flag/2/1/b/21b3b7b4765b50b86e1b623353a21d5123d360f9.bin,"[2, 1, 1, 7]"
320,217d5c822d7652296941164d71911488f0b6120c.bin,12,1524,datacopy/UCSB.JP/data_feed.geo_japan_6m_public_flag/2/1/7/217d5c822d7652296941164d71911488f0b6120c.bin,"[2, 1, 1, 7]"
321,2cfe8929db5f9ec6d2d6776b1d8bb02e177eafda.bin,12,1524,datacopy/UCSB.JP/data_feed.geo_japan_6m_public_flag/2/c/f/2cfe8929db5f9ec6d2d6776b1d8bb02e177eafda.bin,"[2, 1, 1, 7]"
322,24f54481826a8de1b76e835d1368864dae834c7b.bin,12,1944,datacopy/UCSB.JP/data_feed.geo_japan_6m_public_flag/2/4/f/24f54481826a8de1b76e835d1368864dae834c7b.bin,"[2, 1, 1, 7]"
323,24c72d608458444dbe9a7e15a4a4934007de5349.bin,12,1944,datacopy/UCSB.JP/data_feed.geo_japan_6m_public_flag/2/4/c/24c72d608458444dbe9a7e15a4a4934007de5349.bin,"[2, 1, 1, 7]"
324,24635cf29fe699ad095b0772d4c4cdb72ab58534.bin,12,1944,datacopy/UCSB.JP/data_feed.geo_japan_6m_public_flag/2/4/6/24635cf29fe699ad095b0772d4c4cdb72ab58534.bin,"[2, 1, 1, 7]"
325,203f774ea2c1e61dfb373c95d65e2ce50c1e572e.bin,12,1944,datacopy/UCSB.JP/data_feed.geo_japan_6m_public_flag/2/0/3/203f774ea2c1e61dfb373c95d65e2ce50c1e572e.bin,"[2, 1, 1, 7]"
326,268ee1073d4300a9af81bad2582efe784dd0653c.bin,12,1524,datacopy/UCSB.JP/data_feed.geo_japan_6m_public_flag/2/6/8/268ee1073d4300a9af81bad2582efe784dd0653c.bin,"[2, 1, 1, 7]"
327,26e04832e947a0e7838b099b83eb572dbbe58f72.bin,12,1524,datacopy/UCSB.JP/data_feed.geo_japan_6m_public_flag/2/6/e/26e04832e947a0e7838b099b83eb572dbbe58f72.bin,"[2, 1, 1, 7]"
328,27778064bd48c68816e3fe7138f80b423a3effeb.bin,12,1524,datacopy/UCSB.JP/data_feed.geo_japan_6m_public_flag/2/7/7/27778064bd48c68816e3fe7138f80b423a3effeb.bin,"[2, 1, 1, 7]"
329,da870ed78a668c73217e319fc2ace9a91b91b728.bin,12,1944,datacopy/UCSB.JP/data_feed.geo_japan_6m_public_flag/d/a/8/da870ed78a668c73217e319fc2ace9a91b91b728.bin,"[2, 1, 1, 7]"
330,db72d59f8662c676c5e0c7dd48fd9df37e2a5578.bin,12,1944,datacopy/UCSB.JP/data_feed.geo_japan_6m_public_flag/d/b/7/db72d59f8662c676c5e0c7dd48fd9df37e2a5578.bin,"[2, 1, 1, 7]"
331,d1e39f9ac63d4bd1523c3e7ca899481cea262698.bin,12,1944,datacopy/UCSB.JP/data_feed.geo_japan_6m_public_flag/d/1/e/d1e39f9ac63d4bd1523c3e7ca899481cea262698.bin,"[2, 1, 1, 7]"
332,d15735ff0e3eaa05f6abe16ae4ac5c62d52ed2bd.bin,12,1524,datacopy/UCSB.JP/data_feed.geo_japan_6m_public_flag/d/1/5/d15735ff0e3eaa05f6abe16ae4ac5c62d52ed2bd.bin,"[2, 1, 1, 7]"
333,dfe465ce7b89a44962982b7e24410e03dd4f8890.bin,12,1524,datacopy/UCSB.JP/data_feed.geo_japan_6m_public_flag/d/f/e/dfe465ce7b89a44962982b7e24410e03dd4f8890.bin,"[2, 1, 1, 7]"
334,df5e73e04e5a26f7013bfd0f531ea7c8b199c92b.bin,12,1944,datacopy/UCSB.JP/data_feed.geo_japan_6m_public_flag/d/f/5/df5e73e04e5a26f7013bfd0f531ea7c8b199c92b.bin,"[2, 1, 1, 7]"
335,df560f0f99c4cad34183786f5145351fdeb48d21.bin,12,1944,datacopy/UCSB.JP/data_feed.geo_japan_6m_public_flag/d/f/5/df560f0f99c4cad34183786f5145351fdeb48d21.bin,"[2, 1, 1, 7]"
336,d46ab2a2c1259cd0c8a98bc5b309735c3c4de0a9.bin,12,1524,datacopy/UCSB.JP/data_feed.geo_japan_6m_public_flag/d/4/6/d46ab2a2c1259cd0c8a98bc5b309735c3c4de0a9.bin,"[2, 1, 1, 7]"
337,d08e2ecfd3d576bc18de38585d9420e2f13bad5b.bin,12,284,datacopy/UCSB.JP/data_feed.geo_japan_6m_public_flag/d/0/8/d08e2ecfd3d576bc18de38585d9420e2f13bad5b.bin,"[2, 1, 1, 7]"
338,d6a4820eb2237b3069b4fe6d30bcdbdaf42b1be1.bin,12,1944,datacopy/UCSB.JP/data_feed.geo_japan_6m_public_flag/d/6/a/d6a4820eb2237b3069b4fe6d30bcdbdaf42b1be1.bin,"[2, 1, 1, 7]"
339,182b914cf1ee9babb2df5603f0433fd85ddf5925.bin,12,1524,datacopy/UCSB.JP/data_feed.geo_japan_6m_public_flag/1/8/2/182b914cf1ee9babb2df5603f0433fd85ddf5925.bin,"[2, 1, 1, 7]"
340,1e9571c0829e0a0cdcaf99b9c320c8f37b816847.bin,12,1944,datacopy/UCSB.JP/data_feed.geo_japan_6m_public_flag/1/e/9/1e9571c0829e0a0cdcaf99b9c320c8f37b816847.bin,"[2, 1, 1, 7]"
341,1e2cb375716a61621a69bba11fb8c88ff6ce0cb3.bin,12,1944,datacopy/UCSB.JP/data_feed.geo_japan_6m_public_flag/1/e/2/1e2cb375716a61621a69bba11fb8c88ff6ce0cb3.bin,"[2, 1, 1, 7]"
342,1e582944fe5b5ac209d45e911f91677cc00f595d.bin,12,1944,datacopy/UCSB.JP/data_feed.geo_japan_6m_public_flag/1/e/5/1e582944fe5b5ac209d45e911f91677cc00f595d.bin,"[2, 1, 1, 7]"
343,1b52ebff16ee889f6e47ffefb3a278b06ef148a2.bin,12,1944,datacopy/UCSB.JP/data_feed.geo_japan_6m_public_flag/1/b/5/1b52ebff16ee889f6e47ffefb3a278b06ef148a2.bin,"[2, 1, 1, 7]"
344,13a703bdc0b0cf8f5762800c01f2cb9d27ad3f04.bin,12,1524,datacopy/UCSB.JP/data_feed.geo_japan_6m_public_flag/1/3/a/13a703bdc0b0cf8f5762800c01f2cb9d27ad3f04.bin,"[2, 1, 1, 7]"
345,135ea674c9641dbbdc48c9a54cebfbc3781412e7.bin,12,1524,datacopy/UCSB.JP/data_feed.geo_japan_6m_public_flag/1/3/5/135ea674c9641dbbdc48c9a54cebfbc3781412e7.bin,"[2, 1, 1, 7]"
346,136d57493ebb091cca92bf3f52e678c45d23cefb.bin,12,1524,datacopy/UCSB.JP/data_feed.geo_japan_6m_public_flag/1/3/6/136d57493ebb091cca92bf3f52e678c45d23cefb.bin,"[2, 1, 1, 7]"
347,19654e88d70ab843b4aa76d06fe292f254720b30.bin,12,1944,datacopy/UCSB.JP/data_feed.geo_japan_6m_public_flag/1/9/6/19654e88d70ab843b4aa76d06fe292f254720b30.bin,"[2, 1, 1, 7]"
348,12749595ff41a9a7887fbe261a99b83268064456.bin,12,1944,datacopy/UCSB.JP/data_feed.geo_japan_6m_public_flag/1/2/7/12749595ff41a9a7887fbe261a99b83268064456.bin,"[2, 1, 1, 7]"
349,15dc2b99b596320f704c8421d722d38812aa46bc.bin,12,1524,datacopy/UCSB.JP/data_feed.geo_japan_6m_public_flag/1/5/d/15dc2b99b596320f704c8421d722d38812aa46bc.bin,"[2, 1, 1, 7]"
350,1fdc3daca08c7a1d9f35b7405651cda0af2867eb.bin,12,1524,datacopy/UCSB.JP/data_feed.geo_japan_6m_public_flag/1/f/d/1fdc3daca08c7a1d9f35b7405651cda0af2867eb.bin,"[2, 1, 1, 7]"
351,10bad35e35e9ae7717be85b6abdca4c464ef7a18.bin,12,341,datacopy/UCSB.JP/data_feed.geo_japan_6m_public_flag/1/0/b/10bad35e35e9ae7717be85b6abdca4c464ef7a18.bin,"[2, 1, 1, 7]"
352,167a34ecc1494e7b6dd172286fe9f75b1ed32fc2.bin,12,1944,datacopy/UCSB.JP/data_feed.geo_japan_6m_public_flag/1/6/7/167a34ecc1494e7b6dd172286fe9f75b1ed32fc2.bin,"[2, 1, 1, 7]"
353,58f71691febca0e42a8e2ca9fdcb4f7410073fa6.bin,12,1944,datacopy/UCSB.JP/data_feed.geo_japan_6m_public_flag/5/8/f/58f71691febca0e42a8e2ca9fdcb4f7410073fa6.bin,"[2, 1, 1, 7]"
354,5be2ffa54b2f798667aa68754081cfb4a24f1b72.bin,12,1944,datacopy/UCSB.JP/data_feed.geo_japan_6m_public_flag/5/b/e/5be2ffa54b2f798667aa68754081cfb4a24f1b72.bin,"[2, 1, 1, 7]"
355,5b34cdf52817f3fb79ae7a7d18d0c5d9239df045.bin,12,1944,datacopy/UCSB.JP/data_feed.geo_japan_6m_public_flag/5/b/3/5b34cdf52817f3fb79ae7a7d18d0c5d9239df045.bin,"[2, 1, 1, 7]"
356,5b91f59b44e448adf4bba7e5ff894b8942bc6704.bin,12,1524,datacopy/UCSB.JP/data_feed.geo_japan_6m_public_flag/5/b/9/5b91f59b44e448adf4bba7e5ff894b8942bc6704.bin,"[2, 1, 1, 7]"
357,53f3dab7b84621c3edeee46b2fd4be5db1f88c2a.bin,12,1524,datacopy/UCSB.JP/data_feed.geo_japan_6m_public_flag/5/3/f/53f3dab7b84621c3edeee46b2fd4be5db1f88c2a.bin,"[2, 1, 1, 7]"
358,53c547ab73ff6d7d62a455dc793aa42ad10ead25.bin,12,284,datacopy/UCSB.JP/data_feed.geo_japan_6m_public_flag/5/3/c/53c547ab73ff6d7d62a455dc793aa42ad10ead25.bin,"[2, 1, 1, 7]"
359,5d20db2eee9b0aab148cc7b0dcde3a6c2d395f86.bin,12,1944,datacopy/UCSB.JP/data_feed.geo_japan_6m_public_flag/5/d/2/5d20db2eee9b0aab148cc7b0dcde3a6c2d395f86.bin,"[2, 1, 1, 7]"
360,5d5f66e11784b1f336da9e325f05ea70f06c68e7.bin,12,341,datacopy/UCSB.JP/data_feed.geo_japan_6m_public_flag/5/d/5/5d5f66e11784b1f336da9e325f05ea70f06c68e7.bin,"[2, 1, 1, 7]"
361,5187ca9c395457ae4bfb5f28f21b1833c6b5d9db.bin,12,1524,datacopy/UCSB.JP/data_feed.geo_japan_6m_public_flag/5/1/8/5187ca9c395457ae4bfb5f28f21b1833c6b5d9db.bin,"[2, 1, 1, 7]"
362,5106a29cc242a9cfe227d0e326f392b14e342721.bin,12,1524,datacopy/UCSB.JP/data_feed.geo_japan_6m_public_flag/5/1/0/5106a29cc242a9cfe227d0e326f392b14e342721.bin,"[2, 1, 1, 7]"
363,567bcbeaad2244ff53f6be9d9f1ad60de3c4e261.bin,12,341,datacopy/UCSB.JP/data_feed.geo_japan_6m_public_flag/5/6/7/567bcbeaad2244ff53f6be9d9f1ad60de3c4e261.bin,"[2, 1, 1, 7]"
364,567e09b24e7676dc3ac7a94a02955fe39f51e0cd.bin,12,1944,datacopy/UCSB.JP/data_feed.geo_japan_6m_public_flag/5/6/7/567e09b24e7676dc3ac7a94a02955fe39f51e0cd.bin,"[2, 1, 1, 7]"
365,f878cfff718448d54a21f0e9b5345316564d3183.bin,12,284,datacopy/UCSB.JP/data_feed.geo_japan_6m_public_flag/f/8/7/f878cfff718448d54a21f0e9b5345316564d3183.bin,"[2, 1, 1, 7]"
366,fea5261b51da83716afb4644526c6448a1f1d63e.bin,12,1944,datacopy/UCSB.JP/data_feed.geo_japan_6m_public_flag/f/e/a/fea5261b51da83716afb4644526c6448a1f1d63e.bin,"[2, 1, 1, 7]"
367,fe5ee05bfb7497c6e7c840a3d94d9ae5bd738953.bin,12,284,datacopy/UCSB.JP/data_feed.geo_japan_6m_public_flag/f/e/5/fe5ee05bfb7497c6e7c840a3d94d9ae5bd738953.bin,"[2, 1, 1, 7]"
368,fe09f01d698110c3a6d48958b5bcc6f9c18e014b.bin,12,1524,datacopy/UCSB.JP/data_feed.geo_japan_6m_public_flag/f/e/0/fe09f01d698110c3a6d48958b5bcc6f9c18e014b.bin,"[2, 1, 1, 7]"
369,fe6cf63c5287019e77ba28345962289f213184d7.bin,12,1944,datacopy/UCSB.JP/data_feed.geo_japan_6m_public_flag/f/e/6/fe6cf63c5287019e77ba28345962289f213184d7.bin,"[2, 1, 1, 7]"
370,fbe603432747a07558a329a18652d0bf2bfdca1d.bin,12,284,datacopy/UCSB.JP/data_feed.geo_japan_6m_public_flag/f/b/e/fbe603432747a07558a329a18652d0bf2bfdca1d.bin,"[2, 1, 1, 7]"
371,fb7b952d30ee020eeea7ae9e606e56d338e72270.bin,12,341,datacopy/UCSB.JP/data_feed.geo_japan_6m_public_flag/f/b/7/fb7b952d30ee020eeea7ae9e606e56d338e72270.bin,"[2, 1, 1, 7]"
372,f3c95b9a1f079cac1ec2ae6a8805d14d57653c91.bin,12,1524,datacopy/UCSB.JP/data_feed.geo_japan_6m_public_flag/f/3/c/f3c95b9a1f079cac1ec2ae6a8805d14d57653c91.bin,"[2, 1, 1, 7]"
373,f99025aa1dbad78db74e69cc18cb76cc83bf7473.bin,12,1944,datacopy/UCSB.JP/data_feed.geo_japan_6m_public_flag/f/9/9/f99025aa1dbad78db74e69cc18cb76cc83bf7473.bin,"[2, 1, 1, 7]"
374,fd215f8c796ffac308adab675e74c8196d8f2dba.bin,12,1944,datacopy/UCSB.JP/data_feed.geo_japan_6m_public_flag/f/d/2/fd215f8c796ffac308adab675e74c8196d8f2dba.bin,"[2, 1, 1, 7]"
375,fff20d2d0c74deca06858a4fdb953d36c40ad927.bin,12,1524,datacopy/UCSB.JP/data_feed.geo_japan_6m_public_flag/f/f/f/fff20d2d0c74deca06858a4fdb953d36c40ad927.bin,"[2, 1, 1, 7]"
376,fc8084d394e3133e914ad9a026873bd81b22d058.bin,12,1524,datacopy/UCSB.JP/data_feed.geo_japan_6m_public_flag/f/c/8/fc8084d394e3133e914ad9a026873bd81b22d058.bin,"[2, 1, 1, 7]"
377,f43bb6b1f11fbb99784188d84040b103ba2cffb7.bin,12,341,datacopy/UCSB.JP/data_feed.geo_japan_6m_public_flag/f/4/3/f43bb6b1f11fbb99784188d84040b103ba2cffb7.bin,"[2, 1, 1, 7]"
378,f408a3b06e187e55913c2f30a6dc06f7f35a71f3.bin,12,1524,datacopy/UCSB.JP/data_feed.geo_japan_6m_public_flag/f/4/0/f408a3b06e187e55913c2f30a6dc06f7f35a71f3.bin,"[2, 1, 1, 7]"
379,f03623d10b3093c4499cc68f874ea581f11581f8.bin,12,284,datacopy/UCSB.JP/data_feed.geo_japan_6m_public_flag/f/0/3/f03623d10b3093c4499cc68f874ea581f11581f8.bin,"[2, 1, 1, 7]"
380,ca770801ce081dc99689dd153309fcc693d9af71.bin,12,1944,datacopy/UCSB.JP/data_feed.geo_japan_6m_public_flag/c/a/7/ca770801ce081dc99689dd153309fcc693d9af71.bin,"[2, 1, 1, 7]"
381,cbd91f8ea688e58a06777b6da9fab756cfa97fb0.bin,12,1944,datacopy/UCSB.JP/data_feed.geo_japan_6m_public_flag/c/b/d/cbd91f8ea688e58a06777b6da9fab756cfa97fb0.bin,"[2, 1, 1, 7]"
382,c3b98d8a0b6650cf3f66c150053536ca0263dd32.bin,12,1944,datacopy/UCSB.JP/data_feed.geo_japan_6m_public_flag/c/3/b/c3b98d8a0b6650cf3f66c150053536ca0263dd32.bin,"[2, 1, 1, 7]"
383,cd1035c4d55062d7435e444db874c6de234beeee.bin,12,1944,datacopy/UCSB.JP/data_feed.geo_japan_6m_public_flag/c/d/1/cd1035c4d55062d7435e444db874c6de234beeee.bin,"[2, 1, 1, 7]"
384,cd73fbcb2e82415f95ab235d9207daa8d809c6f3.bin,12,1524,datacopy/UCSB.JP/data_feed.geo_japan_6m_public_flag/c/d/7/cd73fbcb2e82415f95ab235d9207daa8d809c6f3.bin,"[2, 1, 1, 7]"
385,c585917aa9d1082661cd5c5cc831a6f4f7552d41.bin,12,1944,datacopy/UCSB.JP/data_feed.geo_japan_6m_public_flag/c/5/8/c585917aa9d1082661cd5c5cc831a6f4f7552d41.bin,"[2, 1, 1, 7]"
386,c5c136cf025c319076f4a15b1758041535bc153a.bin,12,1944,datacopy/UCSB.JP/data_feed.geo_japan_6m_public_flag/c/5/c/c5c136cf025c319076f4a15b1758041535bc153a.bin,"[2, 1, 1, 7]"
387,c0ef81fda8214ec915200defdebf173d8a9f403c.bin,12,1944,datacopy/UCSB.JP/data_feed.geo_japan_6m_public_flag/c/0/e/c0ef81fda8214ec915200defdebf173d8a9f403c.bin,"[2, 1, 1, 7]"
388,4af34b677038770bc1270581668f6bf7033e39b0.bin,12,1944,datacopy/UCSB.JP/data_feed.geo_japan_6m_public_flag/4/a/f/4af34b677038770bc1270581668f6bf7033e39b0.bin,"[2, 1, 1, 7]"
389,4e3b0cdf5b0e8127828506d84455c33ae9dbbd32.bin,12,1944,datacopy/UCSB.JP/data_feed.geo_japan_6m_public_flag/4/e/3/4e3b0cdf5b0e8127828506d84455c33ae9dbbd32.bin,"[2, 1, 1, 7]"
390,496044b994f81e80dd97a3e03771bdeb60ce6216.bin,12,1944,datacopy/UCSB.JP/data_feed.geo_japan_6m_public_flag/4/9/6/496044b994f81e80dd97a3e03771bdeb60ce6216.bin,"[2, 1, 1, 7]"
391,42e8c8e911fb2b5d8da26065fbfe3ccce73576b5.bin,12,1944,datacopy/UCSB.JP/data_feed.geo_japan_6m_public_flag/4/2/e/42e8c8e911fb2b5d8da26065fbfe3ccce73576b5.bin,"[2, 1, 1, 7]"
392,4dbe226225dc978546c0603af1819c741abf1752.bin,12,1944,datacopy/UCSB.JP/data_feed.geo_japan_6m_public_flag/4/d/b/4dbe226225dc978546c0603af1819c741abf1752.bin,"[2, 1, 1, 7]"
393,4d4af8c84f120d8f3c54858008925b667579c1b6.bin,12,1944,datacopy/UCSB.JP/data_feed.geo_japan_6m_public_flag/4/d/4/4d4af8c84f120d8f3c54858008925b667579c1b6.bin,"[2, 1, 1, 7]"
394,4c4204a1c9bcbe1635949df3c6808b28cc15a1c0.bin,12,1524,datacopy/UCSB.JP/data_feed.geo_japan_6m_public_flag/4/c/4/4c4204a1c9bcbe1635949df3c6808b28cc15a1c0.bin,"[2, 1, 1, 7]"
395,46d14b0bc3fd759a5e0459f3852d414084407fed.bin,12,1944,datacopy/UCSB.JP/data_feed.geo_japan_6m_public_flag/4/6/d/46d14b0bc3fd759a5e0459f3852d414084407fed.bin,"[2, 1, 1, 7]"
396,0ebe261fb64d5fadf56cd1a08aeb32d7dc5b757c.bin,12,1944,datacopy/UCSB.JP/data_feed.geo_japan_6m_public_flag/0/e/b/0ebe261fb64d5fadf56cd1a08aeb32d7dc5b757c.bin,"[2, 1, 1, 7]"
397,030d90f756e41d1ed69c83687d3b7ebb95a64685.bin,12,1944,datacopy/UCSB.JP/data_feed.geo_japan_6m_public_flag/0/3/0/030d90f756e41d1ed69c83687d3b7ebb95a64685.bin,"[2, 1, 1, 7]"
398,02a13fe2b991cbc403a0b084cf00aebab6edf746.bin,12,1524,datacopy/UCSB.JP/data_feed.geo_japan_6m_public_flag/0/2/a/02a13fe2b991cbc403a0b084cf00aebab6edf746.bin,"[2, 1, 1, 7]"
399,025717002cfa0f10ed95ea5c0468776875ac4d36.bin,12,1524,datacopy/UCSB.JP/data_feed.geo_japan_6m_public_flag/0/2/5/025717002cfa0f10ed95ea5c0468776875ac4d36.bin,"[2, 1, 1, 7]"
400,0d53591b87c0d1eb82b0ec5d6f259e1ee5ad6087.bin,12,1944,datacopy/UCSB.JP/data_feed.geo_japan_6m_public_flag/0/d/5/0d53591b87c0d1eb82b0ec5d6f259e1ee5ad6087.bin,"[2, 1, 1, 7]"
401,0d07f0e4779a6965cbf1f63534acaf6adfddf26a.bin,12,1944,datacopy/UCSB.JP/data_feed.geo_japan_6m_public_flag/0/d/0/0d07f0e4779a6965cbf1f63534acaf6adfddf26a.bin,"[2, 1, 1, 7]"
402,0f1c63cf27b9e5c8a78542a4ee1263ddef84ef64.bin,12,1524,datacopy/UCSB.JP/data_feed.geo_japan_6m_public_flag/0/f/1/0f1c63cf27b9e5c8a78542a4ee1263ddef84ef64.bin,"[2, 1, 1, 7]"
403,0cb931e4c932c77f1b5cbe006796397a9699155c.bin,12,1944,datacopy/UCSB.JP/data_feed.geo_japan_6m_public_flag/0/c/b/0cb931e4c932c77f1b5cbe006796397a9699155c.bin,"[2, 1, 1, 7]"
404,00a05668f4a75d9437eb24ed275fabcc50213bf5.bin,12,1524,datacopy/UCSB.JP/data_feed.geo_japan_6m_public_flag/0/0/a/00a05668f4a75d9437eb24ed275fabcc50213bf5.bin,"[2, 1, 1, 7]"
405,009cad21a772dd400ecede6717b65d322eca0aa7.bin,12,1944,datacopy/UCSB.JP/data_feed.geo_japan_6m_public_flag/0/0/9/009cad21a772dd400ecede6717b65d322eca0aa7.bin,"[2, 1, 1, 7]"
406,6a3ae861bde249d48db592459cf9173cf80f2b74.bin,12,1944,datacopy/UCSB.JP/data_feed.geo_japan_6m_public_flag/6/a/3/6a3ae861bde249d48db592459cf9173cf80f2b74.bin,"[2, 1, 1, 7]"
407,6e1256529e76a41f44ada484aa2bc5fcfd0266e1.bin,12,1524,datacopy/UCSB.JP/data_feed.geo_japan_6m_public_flag/6/e/1/6e1256529e76a41f44ada484aa2bc5fcfd0266e1.bin,"[2, 1, 1, 7]"
408,6368e289f4a075548fa5a7ab3991c346fa76ba96.bin,12,1944,datacopy/UCSB.JP/data_feed.geo_japan_6m_public_flag/6/3/6/6368e289f4a075548fa5a7ab3991c346fa76ba96.bin,"[2, 1, 1, 7]"
409,69bcec0f8d9afd7d998379a56fb0d4f398c30a35.bin,12,1944,datacopy/UCSB.JP/data_feed.geo_japan_6m_public_flag/6/9/b/69bcec0f8d9afd7d998379a56fb0d4f398c30a35.bin,"[2, 1, 1, 7]"
410,695b8d8caf3e4884f84be9b574719186d364d8ef.bin,12,1944,datacopy/UCSB.JP/data_feed.geo_japan_6m_public_flag/6/9/5/695b8d8caf3e4884f84be9b574719186d364d8ef.bin,"[2, 1, 1, 7]"
411,65d525277625fbd92bdadac9137b8d490523d436.bin,12,1524,datacopy/UCSB.JP/data_feed.geo_japan_6m_public_flag/6/5/d/65d525277625fbd92bdadac9137b8d490523d436.bin,"[2, 1, 1, 7]"
412,6fc05c1cc68218b6a4986c939162429ef84bf60b.bin,12,1524,datacopy/UCSB.JP/data_feed.geo_japan_6m_public_flag/6/f/c/6fc05c1cc68218b6a4986c939162429ef84bf60b.bin,"[2, 1, 1, 7]"
413,6caaedc6718300d90ef67359ff3e9bad732bc2a4.bin,12,1524,datacopy/UCSB.JP/data_feed.geo_japan_6m_public_flag/6/c/a/6caaedc6718300d90ef67359ff3e9bad732bc2a4.bin,"[2, 1, 1, 7]"
414,6cdcf9c506fd253c52a5173f5b1f3c3a2c932dbc.bin,12,1524,datacopy/UCSB.JP/data_feed.geo_japan_6m_public_flag/6/c/d/6cdcf9c506fd253c52a5173f5b1f3c3a2c932dbc.bin,"[2, 1, 1, 7]"
415,6cc219fe59d2886a7568ebfc3f3d96d4bf9b9e1f.bin,12,1524,datacopy/UCSB.JP/data_feed.geo_japan_6m_public_flag/6/c/c/6cc219fe59d2886a7568ebfc3f3d96d4bf9b9e1f.bin,"[2, 1, 1, 7]"
416,64ccb52ed4be7e0f2eb3ef1ed4f77e78affe9e7c.bin,12,1944,datacopy/UCSB.JP/data_feed.geo_japan_6m_public_flag/6/4/c/64ccb52ed4be7e0f2eb3ef1ed4f77e78affe9e7c.bin,"[2, 1, 1, 7]"
417,60bf46a041272bcc0597661aa6528592c47e77e0.bin,12,1524,datacopy/UCSB.JP/data_feed.geo_japan_6m_public_flag/6/0/b/60bf46a041272bcc0597661aa6528592c47e77e0.bin,"[2, 1, 1, 7]"
418,66a395cf53dc1e650b247a096206f4f1cc900d07.bin,12,1944,datacopy/UCSB.JP/data_feed.geo_japan_6m_public_flag/6/6/a/66a395cf53dc1e650b247a096206f4f1cc900d07.bin,"[2, 1, 1, 7]"
419,67b493be8b1982b2e3fc3faf02d53ff0e04a2070.bin,12,1944,datacopy/UCSB.JP/data_feed.geo_japan_6m_public_flag/6/7/b/67b493be8b1982b2e3fc3faf02d53ff0e04a2070.bin,"[2, 1, 1, 7]"
420,78b6a2fe66e544a4074a266ec6ba7822a469ac3a.bin,12,1524,datacopy/UCSB.JP/data_feed.geo_japan_6m_public_flag/7/8/b/78b6a2fe66e544a4074a266ec6ba7822a469ac3a.bin,"[2, 1, 1, 7]"
421,7e10631db2f95049f746d369024afa0bed8f4904.bin,12,1524,datacopy/UCSB.JP/data_feed.geo_japan_6m_public_flag/7/e/1/7e10631db2f95049f746d369024afa0bed8f4904.bin,"[2, 1, 1, 7]"
422,79829256936ea3abda84227a9319ffdb7b4e061e.bin,12,1524,datacopy/UCSB.JP/data_feed.geo_japan_6m_public_flag/7/9/8/79829256936ea3abda84227a9319ffdb7b4e061e.bin,"[2, 1, 1, 7]"
423,72bbf858baf0a2075ebe8ac414302598a24c2f2c.bin,12,1524,datacopy/UCSB.JP/data_feed.geo_japan_6m_public_flag/7/2/b/72bbf858baf0a2075ebe8ac414302598a24c2f2c.bin,"[2, 1, 1, 7]"
424,7fc48b7eb1218523368dcc955c9cb7e1bd329444.bin,12,1944,datacopy/UCSB.JP/data_feed.geo_japan_6m_public_flag/7/f/c/7fc48b7eb1218523368dcc955c9cb7e1bd329444.bin,"[2, 1, 1, 7]"
425,7f7b015e7d22e1c210a0651774cd723e030a384a.bin,12,1524,datacopy/UCSB.JP/data_feed.geo_japan_6m_public_flag/7/f/7/7f7b015e7d22e1c210a0651774cd723e030a384a.bin,"[2, 1, 1, 7]"
426,7cf2b5abfcc09bd5d17b5624819af9c768ebb263.bin,12,1944,datacopy/UCSB.JP/data_feed.geo_japan_6m_public_flag/7/c/f/7cf2b5abfcc09bd5d17b5624819af9c768ebb263.bin,"[2, 1, 1, 7]"
427,82b397ecfb78454deb483ba9f5a1a0572d0102d4.bin,16,1161,datacopy/UCSB.JP/data_feed.geo_japan_6m_public_flag/8/2/b/82b397ecfb78454deb483ba9f5a1a0572d0102d4.bin,"[12, 1816]"
428,a069ecca28f44210061967818b16b15df1684ae3.bin,16,1161,datacopy/UCSB.JP/data_feed.geo_japan_6m_public_flag/a/0/6/a069ecca28f44210061967818b16b15df1684ae3.bin,"[12, 1816]"
429,3f1625f19e55ee0091001a4fccbe65a58b25a02b.bin,16,1161,datacopy/UCSB.JP/data_feed.geo_japan_6m_public_flag/3/f/1/3f1625f19e55ee0091001a4fccbe65a58b25a02b.bin,"[12, 1816]"
430,9438564ed820e4c1ae4ce879d08605f70b2bca88.bin,16,1161,datacopy/UCSB.JP/data_feed.geo_japan_6m_public_flag/9/4/3/9438564ed820e4c1ae4ce879d08605f70b2bca88.bin,"[12, 1816]"
431,2e42b0cc51cdc822479a8be16ca761e8eac47e0b.bin,16,1161,datacopy/UCSB.JP/data_feed.geo_japan_6m_public_flag/2/e/4/2e42b0cc51cdc822479a8be16ca761e8eac47e0b.bin,"[12, 1816]"
432,12feb7bc82d51056735de4092f539dd4d083e06f.bin,16,1161,datacopy/UCSB.JP/data_feed.geo_japan_6m_public_flag/1/2/f/12feb7bc82d51056735de4092f539dd4d083e06f.bin,"[12, 1816]"
433,1d9655b523ed63314a4918d7dff75d4d1e0ec696.bin,16,1161,datacopy/UCSB.JP/data_feed.geo_japan_6m_public_flag/1/d/9/1d9655b523ed63314a4918d7dff75d4d1e0ec696.bin,"[12, 1816]"
434,f589f31fe1c54f9da1e296ac32c1fea3cbf0a2d4.bin,16,1161,datacopy/UCSB.JP/data_feed.geo_japan_6m_public_flag/f/5/8/f589f31fe1c54f9da1e296ac32c1fea3cbf0a2d4.bin,"[12, 1816]"
435,c38bb87d76ce34e7213f4b5ef761d4acf936e058.bin,16,1161,datacopy/UCSB.JP/data_feed.geo_japan_6m_public_flag/c/3/8/c38bb87d76ce34e7213f4b5ef761d4acf936e058.bin,"[12, 1816]"
436,0853a310e0d6eadabb210fb2f5201c3cb66bd674.bin,16,1161,datacopy/UCSB.JP/data_feed.geo_japan_6m_public_flag/0/8/5/0853a310e0d6eadabb210fb2f5201c3cb66bd674.bin,"[12, 1816]"
437,0a59a96d5ba0de6c6c2fa73a17a00be0fc7e2a00.bin,16,1161,datacopy/UCSB.JP/data_feed.geo_japan_6m_public_flag/0/a/5/0a59a96d5ba0de6c6c2fa73a17a00be0fc7e2a00.bin,"[12, 1816]"
438,0b8b63c38139a1c446c75a53914fc73ee92b9f46.bin,16,1161,datacopy/UCSB.JP/data_feed.geo_japan_6m_public_flag/0/b/8/0b8b63c38139a1c446c75a53914fc73ee92b9f46.bin,"[12, 1816]"
439,6a6c9d9967a0380a06f88597d70d60c181d7ad64.bin,16,1161,datacopy/UCSB.JP/data_feed.geo_japan_6m_public_flag/6/a/6/6a6c9d9967a0380a06f88597d70d60c181d7ad64.bin,"[12, 1816]"
440,70357d03767fd3d9ca25111757d0e6332e8ffd8e.bin,16,1161,datacopy/UCSB.JP/data_feed.geo_japan_6m_public_flag/7/0/3/70357d03767fd3d9ca25111757d0e6332e8ffd8e.bin,"[12, 1816]"
441,2c6a7c4c2a93f82b8ae5dc700fd7eccad9e5d3f6.bin,16,1161,datacopy/UCSB/2c6a7c4c2a93f82b8ae5dc700fd7eccad9e5d3f6.bin,"[12, 1816]"
442,7f501eafd82d2e315edf62ecae58dbd9d8110c7d.bin,16,1161,datacopy/UCSB/7f501eafd82d2e315edf62ecae58dbd9d8110c7d.bin,"[12, 1816]"
443,1a3c8c683b05a55a418138ba3f22f7fa4b8345c2.bin,16,1161,datacopy/UCSB/1a3c8c683b05a55a418138ba3f22f7fa4b8345c2.bin,"[12, 1816]"
444,1a8668ad15520112ec6d2b2ded03a2c9e78d13fb.bin,16,1161,datacopy/UCSB/1a8668ad15520112ec6d2b2ded03a2c9e78d13fb.bin,"[12, 1816]"
445,33b42666b383744753b48f63f853e9b876ff10d6.bin,16,1161,datacopy/UCSB/33b42666b383744753b48f63f853e9b876ff10d6.bin,"[12, 1816]"
446,1ae1eec8faec50aeebaaa37539e8fcc74923ff3f.bin,16,1161,datacopy/UCSB/1ae1eec8faec50aeebaaa37539e8fcc74923ff3f.bin,"[12, 1816]"
447,6693e7e86c6619f147c38a399504aa9cfbd45195.bin,16,1161,datacopy/UCSB/6693e7e86c6619f147c38a399504aa9cfbd45195.bin,"[12, 1816]"
448,a97a9bf2d2316bbc80eeaa3717d3eaf8c02a190f.bin,16,1161,datacopy/UCSB/a97a9bf2d2316bbc80eeaa3717d3eaf8c02a190f.bin,"[12, 1816]"
449,cd3864db7715080a6013c36d3c220250146c5783.bin,16,1161,datacopy/UCSB/cd3864db7715080a6013c36d3c220250146c5783.bin,"[12, 1816]"
450,0281e8eca5a85a905f567e20198db903486e7fd5.bin,16,1161,datacopy/UCSB/0281e8eca5a85a905f567e20198db903486e7fd5.bin,"[12, 1816]"
451,33ddcd54f66b7fa5b55add306f326a458d6c90bf.bin,16,1161,datacopy/UCSB/33ddcd54f66b7fa5b55add306f326a458d6c90bf.bin,"[12, 1816]"
452,0b66edfc5624ebf0e85f98a59cd3d2ef00ec4574.bin,16,1161,datacopy/UCSB/0b66edfc5624ebf0e85f98a59cd3d2ef00ec4574.bin,"[12, 1816]"
453,8159d78403cb0cca38e34410466cfa4b972ad6d1.bin,16,1161,datacopy/UCSB/8159d78403cb0cca38e34410466cfa4b972ad6d1.bin,"[12, 1816]"
454,9a263e082e47291f92f7ee335e94dd1f878e3c88.bin,16,1161,datacopy/UCSB/9a263e082e47291f92f7ee335e94dd1f878e3c88.bin,"[12, 1816]"
455,e2cbd66b1611d94a71700c56f65a6107bbac22bb.bin,16,1161,datacopy/UCSB/e2cbd66b1611d94a71700c56f65a6107bbac22bb.bin,"[12, 1816]"
456,23e42bf08b9bc233e403b9fc3a116ebc045e2964.bin,16,1161,datacopy/UCSB/23e42bf08b9bc233e403b9fc3a116ebc045e2964.bin,"[12, 1816]"
457,7f0d6eb696104f0fa99ecd0e356b8bbabad48c2a.bin,16,1161,datacopy/UCSB/7f0d6eb696104f0fa99ecd0e356b8bbabad48c2a.bin,"[12, 1816]"
458,aff4e4b4667c0ea2b39373be4f7d9500e3374ddd.bin,16,1161,datacopy/UCSB/aff4e4b4667c0ea2b39373be4f7d9500e3374ddd.bin,"[12, 1816]"
459,4f2d26ead32f3155f03e665ee553e7af245e4c53.bin,16,1161,datacopy/UCSB/4f2d26ead32f3155f03e665ee553e7af245e4c53.bin,"[12, 1816]"
460,409ed5517470a0262f0c3b33a498344f84243a70.bin,16,1161,datacopy/UCSB/409ed5517470a0262f0c3b33a498344f84243a70.bin,"[12, 1816]"
461,3b70b6275b65c3be65d80e1bfa55bb20ede748eb.bin,16,1161,datacopy/UCSB/3b70b6275b65c3be65d80e1bfa55bb20ede748eb.bin,"[12, 1816]"
462,b1cb0778192762183de6b38f2f0e26e31f6e38e6.bin,16,1161,datacopy/UCSB/b1cb0778192762183de6b38f2f0e26e31f6e38e6.bin,"[12, 1816]"
463,d2eba81f5e4c92f1dd80b016e675f45e20373b40.bin,16,1161,datacopy/UCSB/d2eba81f5e4c92f1dd80b016e675f45e20373b40.bin,"[12, 1816]"
464,7d2d0fc7592afd342bef74af08fc31d61a958b45.bin,16,1816,datacopy/UCSB/7d2d0fc7592afd342bef74af08fc31d61a958b45.bin,"[12, 1816]"
465,4fa44b6bbd7645da631dd858b2fa9a172376345f.bin,16,1161,datacopy/UCSB/4fa44b6bbd7645da631dd858b2fa9a172376345f.bin,"[12, 1816]"
466,52d6befa568897865002084c77d8234a1135f655.bin,16,1161,datacopy/UCSB/52d6befa568897865002084c77d8234a1135f655.bin,"[12, 1816]"
467,86128504f199d25961921edda057a872c5aa9a56.bin,16,1161,datacopy/UCSB/86128504f199d25961921edda057a872c5aa9a56.bin,"[12, 1816]"
468,164234f98ff24571c5dc383a94e278d3474010da.bin,16,1161,datacopy/UCSB/164234f98ff24571c5dc383a94e278d3474010da.bin,"[12, 1816]"
469,1216b6cb9da6bcb9ce06adc0134c18bd35f917e6.bin,16,1161,datacopy/UCSB/1216b6cb9da6bcb9ce06adc0134c18bd35f917e6.bin,"[12, 1816]"
470,7b8b835a5c4a219f7c8e70122cc500548b8a1f45.bin,16,1161,datacopy/UCSB/7b8b835a5c4a219f7c8e70122cc500548b8a1f45.bin,"[12, 1816]"
471,c00a997ac8a0c47694072e22dbcebe3a96f7d601.bin,16,1161,datacopy/UCSB/c00a997ac8a0c47694072e22dbcebe3a96f7d601.bin,"[12, 1816]"
472,261b34f495cd476f7fe1498060cc4f558353b41a.bin,16,1161,datacopy/UCSB/261b34f495cd476f7fe1498060cc4f558353b41a.bin,"[12, 1816]"
473,e36b57980ccfad20bd99c5f7c11b6b62b649004a.bin,16,1161,datacopy/UCSB/e36b57980ccfad20bd99c5f7c11b6b62b649004a.bin,"[12, 1816]"
474,9cabb6a909a9792934c753a3b56592858d03a49e.bin,16,1161,datacopy/UCSB/9cabb6a909a9792934c753a3b56592858d03a49e.bin,"[12, 1816]"
475,5e39dc311132c8ed71dd65fcbc8e929f837ae747.bin,16,1161,datacopy/UCSB/5e39dc311132c8ed71dd65fcbc8e929f837ae747.bin,"[12, 1816]"
476,00b4c2ae2606b9547595f17468ed772097348d32.bin,16,1161,datacopy/UCSB/00b4c2ae2606b9547595f17468ed772097348d32.bin,"[12, 1816]"
477,5fb7c9bfe5ebef281cb4806576acbca1631fc451.bin,16,1161,datacopy/UCSB/5fb7c9bfe5ebef281cb4806576acbca1631fc451.bin,"[12, 1816]"
478,d0205ba16b0252f0c3829c7c4c8585cfeb971c02.bin,16,1161,datacopy/UCSB/d0205ba16b0252f0c3829c7c4c8585cfeb971c02.bin,"[12, 1816]"
479,c6925a60eecbb1148235ace459a1d24b3e2a0dc1.bin,16,1161,datacopy/UCSB/c6925a60eecbb1148235ace459a1d24b3e2a0dc1.bin,"[12, 1816]"
480,d7fbbecbf23ae619d1aebaa6adf2bcd997dc69c8.bin,16,1161,datacopy/UCSB/d7fbbecbf23ae619d1aebaa6adf2bcd997dc69c8.bin,"[12, 1816]"
481,70a1f52ba5f8fb0c7921cb85532c8edbe2555c28.bin,16,1161,datacopy/UCSB/70a1f52ba5f8fb0c7921cb85532c8edbe2555c28.bin,"[12, 1816]"
482,dd6f1a8db5dace149f528dbaa0eb38b831468b2f.bin,16,1161,datacopy/UCSB/dd6f1a8db5dace149f528dbaa0eb38b831468b2f.bin,"[12, 1816]"
483,10ed3975ded0fd490e7523bdd41a12b1b6ae8807b6136441cf6f8b9557b44c97,16,1161,datacopy/Stefano/10ed3975ded0fd490e7523bdd41a12b1b6ae8807b6136441cf6f8b9557b44c97,"[12, 1816]"
484,e7082b786ec20c26ba891dc86c7a8a94520526c7528023ae928fb80f1b5d7db8,16,1161,datacopy/Stefano/e7082b786ec20c26ba891dc86c7a8a94520526c7528023ae928fb80f1b5d7db8,"[12, 1816]"
485,b474de435d6e4af2d9177005b0e24693e9f933203c2518aee4aa36b202be562a,16,1161,datacopy/Stefano/b474de435d6e4af2d9177005b0e24693e9f933203c2518aee4aa36b202be562a,"[12, 1816]"
486,be7079bff1327cc9dac0327489e5ed28ba1e7010c6fa5b01c44ab71cc2e89b2a,16,1161,datacopy/Stefano/be7079bff1327cc9dac0327489e5ed28ba1e7010c6fa5b01c44ab71cc2e89b2a,"[12, 1816]"
487,87c9a912efdb2fd9cf52caa7c4d773d4992285f6337b0e7cfd2fe0e46badba2b,16,1161,datacopy/Stefano/87c9a912efdb2fd9cf52caa7c4d773d4992285f6337b0e7cfd2fe0e46badba2b,"[12, 1816]"
488,2500c9a85abc904def40af1df32c632b5bf485816ff7af97e131bde79e328906,16,1161,datacopy/Stefano/2500c9a85abc904def40af1df32c632b5bf485816ff7af97e131bde79e328906,"[12, 1816]"
489,9a41ff90153e41a87705dded44ecbba1fccd2ebb90547d865587accf4c45ff3d,16,1161,datacopy/Stefano/9a41ff90153e41a87705dded44ecbba1fccd2ebb90547d865587accf4c45ff3d,"[12, 1816]"
490,44514cdf909a97536ef0b0669a57df2909248d13197e95eb4e798321db06faeb,16,1161,datacopy/Stefano/44514cdf909a97536ef0b0669a57df2909248d13197e95eb4e798321db06faeb,"[12, 1816]"
491,ddcb338c04d441346c4d83014d49faffdc04d1342ebfb12fe75b6e43143e8ab3,16,1161,datacopy/Stefano/ddcb338c04d441346c4d83014d49faffdc04d1342ebfb12fe75b6e43143e8ab3,"[12, 1816]"
492,abb7c1c4e1778c6648e0898ac3cd1574fd8cd9a1c64328836b5b27fb76fcea64,16,1161,datacopy/Stefano/abb7c1c4e1778c6648e0898ac3cd1574fd8cd9a1c64328836b5b27fb76fcea64,"[12, 1816]"
493,501b6926c46380fb6cc5fb11b523782a25227ac0f1ddffb0c8e4a41a951b722c,16,1161,datacopy/Stefano/501b6926c46380fb6cc5fb11b523782a25227ac0f1ddffb0c8e4a41a951b722c,"[12, 1816]"
494,6ffb868e20189c8dc918bfb9ac13cd79d1f83f8d019e9a7e342a4c14506c99c4,16,1161,datacopy/Stefano/6ffb868e20189c8dc918bfb9ac13cd79d1f83f8d019e9a7e342a4c14506c99c4,"[12, 1816]"
495,73965f46671433dd21047029d748c65dccacc0121696ca6dd48342e225ce74cb,16,1161,datacopy/Stefano/73965f46671433dd21047029d748c65dccacc0121696ca6dd48342e225ce74cb,"[12, 1816]"
496,0f8424059006267bb4d80f925c27487e31be273e8709403845966012b340e073,16,1161,datacopy/Stefano/0f8424059006267bb4d80f925c27487e31be273e8709403845966012b340e073,"[12, 1816]"
497,b876474cbc63a93807573a5d7f5b198abe91646420e1f2fdf6f4effd380e39f6,16,1161,datacopy/Stefano/b876474cbc63a93807573a5d7f5b198abe91646420e1f2fdf6f4effd380e39f6,"[12, 1816]"
498,1c2ff4ef8f1dd908691dd988559cc84783b8a9ffb45e71d440d5967f48554cc4,16,1161,datacopy/Stefano/1c2ff4ef8f1dd908691dd988559cc84783b8a9ffb45e71d440d5967f48554cc4,"[12, 1816]"
499,adbc05195278bb7e8fe96e5010f947d444ad955ddec93a1b7898ab7615dd9133,16,1161,datacopy/Stefano/adbc05195278bb7e8fe96e5010f947d444ad955ddec93a1b7898ab7615dd9133,"[12, 1816]"
500,b474b0338185dc388ff90992c4ec409e4982bf3ca3c1984a954fe77892035da0,16,1161,datacopy/Stefano/b474b0338185dc388ff90992c4ec409e4982bf3ca3c1984a954fe77892035da0,"[12, 1816]"
501,376d061be8b0b7e40a742bc0d7de8d7d632295e2ded3c0e5c127ccba0bfe25db,16,1161,datacopy/Stefano/376d061be8b0b7e40a742bc0d7de8d7d632295e2ded3c0e5c127ccba0bfe25db,"[12, 1816]"
502,75953544e72dbf503ed6f0ef5c288b900648b085731102d5252939569d92af42,16,1161,datacopy/Stefano/75953544e72dbf503ed6f0ef5c288b900648b085731102d5252939569d92af42,"[12, 1816]"
503,06c5375d63711c1f7142899f78f265576391b1aed006a1b82235cb72f9ef3ee6,16,1161,datacopy/Stefano/06c5375d63711c1f7142899f78f265576391b1aed006a1b82235cb72f9ef3ee6,"[12, 1816]"
504,eee0507946b964391ae5b1d02af21d94ae71bed58f15886350bba67c64f1a251,16,1161,datacopy/Stefano/eee0507946b964391ae5b1d02af21d94ae71bed58f15886350bba67c64f1a251,"[12, 1816]"
505,ac980bb4f84d4c381c23065ab1c1e397ae97dfbe756efda1fe563b2e6183b617,16,1161,datacopy/Stefano/ac980bb4f84d4c381c23065ab1c1e397ae97dfbe756efda1fe563b2e6183b617,"[12, 1816]"
506,22d3d4e05fad92aee245e2b354e1b7e9e6a3e9ba5b8d943e6e346a51dc520ff6,16,1161,datacopy/Stefano/22d3d4e05fad92aee245e2b354e1b7e9e6a3e9ba5b8d943e6e346a51dc520ff6,"[12, 1816]"
507,1b51606f53713742c3358c1dae0efb3ae67943d1085a398fbee9a21ae3d5598d,16,1161,datacopy/Stefano/1b51606f53713742c3358c1dae0efb3ae67943d1085a398fbee9a21ae3d5598d,"[12, 1816]"
508,4198d2b4142ec82cce33538fbcf02c7cf207df25a6d092c792564f4c8b15692f,16,1161,datacopy/Stefano/4198d2b4142ec82cce33538fbcf02c7cf207df25a6d092c792564f4c8b15692f,"[12, 1816]"
509,8d939cf075d629bd83ecd678cf6931204d10c520.bin,18,467,datacopy/UCSB.JP/data_feed.geo_japan_6m_public_flag/8/d/9/8d939cf075d629bd83ecd678cf6931204d10c520.bin,"[133, 3, 1, 1, 39, 96, 1, 38, 3, 368, 1, 114, 1, 70, 122, 1840, 44, 7, 1358, 222, 1, 1, 1, 57]"
510,81964745ded336b8e60b8ad302aab6b363a5b08a.bin,18,3,datacopy/UCSB.JP/data_feed.geo_japan_6m_public_flag/8/1/9/81964745ded336b8e60b8ad302aab6b363a5b08a.bin,"[133, 3, 1, 1, 39, 96, 1, 38, 3, 368, 1, 114, 1, 70, 122, 1840, 44, 7, 1358, 222, 1, 1, 1, 57]"
511,803f4357890647cb6cdef90bffd666b743e6ee5c.bin,18,189,datacopy/UCSB.JP/data_feed.geo_japan_6m_public_flag/8/0/3/803f4357890647cb6cdef90bffd666b743e6ee5c.bin,"[133, 3, 1, 1, 39, 96, 1, 38, 3, 368, 1, 114, 1, 70, 122, 1840, 44, 7, 1358, 222, 1, 1, 1, 57]"
512,aafc3b240ccff5f171918cd5354f172638374650.bin,18,951,datacopy/UCSB.JP/data_feed.geo_japan_6m_public_flag/a/a/f/aafc3b240ccff5f171918cd5354f172638374650.bin,"[133, 3, 1, 1, 39, 96, 1, 38, 3, 368, 1, 114, 1, 70, 122, 1840, 44, 7, 1358, 222, 1, 1, 1, 57]"
513,afa15c100cf0d7239378244c6aa6dd513b1d73d9.bin,18,321,datacopy/UCSB.JP/data_feed.geo_japan_6m_public_flag/a/f/a/afa15c100cf0d7239378244c6aa6dd513b1d73d9.bin,"[133, 3, 1, 1, 39, 96, 1, 38, 3, 368, 1, 114, 1, 70, 122, 1840, 44, 7, 1358, 222, 1, 1, 1, 57]"
514,e91a66046ea6d54795c3ea4494ff0924cd194d1c.bin,18,467,datacopy/UCSB.JP/data_feed.geo_japan_6m_public_flag/e/9/1/e91a66046ea6d54795c3ea4494ff0924cd194d1c.bin,"[133, 3, 1, 1, 39, 96, 1, 38, 3, 368, 1, 114, 1, 70, 122, 1840, 44, 7, 1358, 222, 1, 1, 1, 57]"
515,b606856a91d3de89702eb51695225e776a1e5d6f.bin,18,467,datacopy/UCSB.JP/data_feed.geo_japan_6m_public_flag/b/6/0/b606856a91d3de89702eb51695225e776a1e5d6f.bin,"[133, 3, 1, 1, 39, 96, 1, 38, 3, 368, 1, 114, 1, 70, 122, 1840, 44, 7, 1358, 222, 1, 1, 1, 57]"
516,392fb19d7fa3bfb6e73996106e48f7c6ceca198e.bin,18,96,datacopy/UCSB.JP/data_feed.geo_japan_6m_public_flag/3/9/2/392fb19d7fa3bfb6e73996106e48f7c6ceca198e.bin,"[133, 3, 1, 1, 39, 96, 1, 38, 3, 368, 1, 114, 1, 70, 122, 1840, 44, 7, 1358, 222, 1, 1, 1, 57]"
517,3c4a6a67b6a19ed9b26a53b2768e34cd8403236e.bin,18,129,datacopy/UCSB.JP/data_feed.geo_japan_6m_public_flag/3/c/4/3c4a6a67b6a19ed9b26a53b2768e34cd8403236e.bin,"[133, 3, 1, 1, 39, 96, 1, 38, 3, 368, 1, 114, 1, 70, 122, 1840, 44, 7, 1358, 222, 1, 1, 1, 57]"
518,95abb39e7b27351c401c62a07359acec850f702f.bin,18,3,datacopy/UCSB.JP/data_feed.geo_japan_6m_public_flag/9/5/a/95abb39e7b27351c401c62a07359acec850f702f.bin,"[133, 3, 1, 1, 39, 96, 1, 38, 3, 368, 1, 114, 1, 70, 122, 1840, 44, 7, 1358, 222, 1, 1, 1, 57]"
519,95fcdcc91f562dc8b2e8083011781d25e3886a5f.bin,18,3,datacopy/UCSB.JP/data_feed.geo_japan_6m_public_flag/9/5/f/95fcdcc91f562dc8b2e8083011781d25e3886a5f.bin,"[133, 3, 1, 1, 39, 96, 1, 38, 3, 368, 1, 114, 1, 70, 122, 1840, 44, 7, 1358, 222, 1, 1, 1, 57]"
520,dd559bc3194b30ca043fd1079f539eaf55d62907.bin,18,467,datacopy/UCSB.JP/data_feed.geo_japan_6m_public_flag/d/d/5/dd559bc3194b30ca043fd1079f539eaf55d62907.bin,"[133, 3, 1, 1, 39, 96, 1, 38, 3, 368, 1, 114, 1, 70, 122, 1840, 44, 7, 1358, 222, 1, 1, 1, 57]"
521,d5be357273a82eecb6b4f9199291ba9f8786ad5b.bin,18,467,datacopy/UCSB.JP/data_feed.geo_japan_6m_public_flag/d/5/b/d5be357273a82eecb6b4f9199291ba9f8786ad5b.bin,"[133, 3, 1, 1, 39, 96, 1, 38, 3, 368, 1, 114, 1, 70, 122, 1840, 44, 7, 1358, 222, 1, 1, 1, 57]"
522,dc7b46b830f12da736865c69ace89d5b05a1dc79.bin,18,467,datacopy/UCSB.JP/data_feed.geo_japan_6m_public_flag/d/c/7/dc7b46b830f12da736865c69ace89d5b05a1dc79.bin,"[133, 3, 1, 1, 39, 96, 1, 38, 3, 368, 1, 114, 1, 70, 122, 1840, 44, 7, 1358, 222, 1, 1, 1, 57]"
523,d734e2d512cd0081afc96da3226c1922d83c04ac.bin,18,16,datacopy/UCSB.JP/data_feed.geo_japan_6m_public_flag/d/7/3/d734e2d512cd0081afc96da3226c1922d83c04ac.bin,"[133, 3, 1, 1, 39, 96, 1, 38, 3, 368, 1, 114, 1, 70, 122, 1840, 44, 7, 1358, 222, 1, 1, 1, 57]"
524,1de75051e2cf8d24ad797ba28387f7d7d3251d94.bin,18,467,datacopy/UCSB.JP/data_feed.geo_japan_6m_public_flag/1/d/e/1de75051e2cf8d24ad797ba28387f7d7d3251d94.bin,"[133, 3, 1, 1, 39, 96, 1, 38, 3, 368, 1, 114, 1, 70, 122, 1840, 44, 7, 1358, 222, 1, 1, 1, 57]"
525,5df447547a12a8147c7f611e58b23ed967b5dc39.bin,18,467,datacopy/UCSB.JP/data_feed.geo_japan_6m_public_flag/5/d/f/5df447547a12a8147c7f611e58b23ed967b5dc39.bin,"[133, 3, 1, 1, 39, 96, 1, 38, 3, 368, 1, 114, 1, 70, 122, 1840, 44, 7, 1358, 222, 1, 1, 1, 57]"
526,c69c7bab493feda5167b205605ca34874e93ccb1.bin,18,579,datacopy/UCSB.JP/data_feed.geo_japan_6m_public_flag/c/6/9/c69c7bab493feda5167b205605ca34874e93ccb1.bin,"[133, 3, 1, 1, 39, 96, 1, 38, 3, 368, 1, 114, 1, 70, 122, 1840, 44, 7, 1358, 222, 1, 1, 1, 57]"
527,08d58c90af54209f7706d750ce5581697f7b39d8.bin,18,321,datacopy/UCSB.JP/data_feed.geo_japan_6m_public_flag/0/8/d/08d58c90af54209f7706d750ce5581697f7b39d8.bin,"[133, 3, 1, 1, 39, 96, 1, 38, 3, 368, 1, 114, 1, 70, 122, 1840, 44, 7, 1358, 222, 1, 1, 1, 57]"
528,08c0a296a54ab41c370c7059cd63040965e2589c.bin,18,129,datacopy/UCSB.JP/data_feed.geo_japan_6m_public_flag/0/8/c/08c0a296a54ab41c370c7059cd63040965e2589c.bin,"[133, 3, 1, 1, 39, 96, 1, 38, 3, 368, 1, 114, 1, 70, 122, 1840, 44, 7, 1358, 222, 1, 1, 1, 57]"
529,091c91ef255223348130148814d3889f73c1ad9e.bin,18,467,datacopy/UCSB.JP/data_feed.geo_japan_6m_public_flag/0/9/1/091c91ef255223348130148814d3889f73c1ad9e.bin,"[133, 3, 1, 1, 39, 96, 1, 38, 3, 368, 1, 114, 1, 70, 122, 1840, 44, 7, 1358, 222, 1, 1, 1, 57]"
530,6258f3fbccf981cdef5b3d979b355147bbea73b2.bin,18,467,datacopy/UCSB.JP/data_feed.geo_japan_6m_public_flag/6/2/5/6258f3fbccf981cdef5b3d979b355147bbea73b2.bin,"[133, 3, 1, 1, 39, 96, 1, 38, 3, 368, 1, 114, 1, 70, 122, 1840, 44, 7, 1358, 222, 1, 1, 1, 57]"
531,7b73cd2923499ddfdee86f7bbda4d0b124836709.bin,18,109,datacopy/UCSB.JP/data_feed.geo_japan_6m_public_flag/7/b/7/7b73cd2923499ddfdee86f7bbda4d0b124836709.bin,"[133, 3, 1, 1, 39, 96, 1, 38, 3, 368, 1, 114, 1, 70, 122, 1840, 44, 7, 1358, 222, 1, 1, 1, 57]"
532,8b544832523a7c79f180e559a7dee417dedd89ee.bin,18,129,datacopy/UCSB/8b544832523a7c79f180e559a7dee417dedd89ee.bin,"[133, 3, 1, 1, 39, 96, 1, 38, 3, 368, 1, 114, 1, 70, 122, 1840, 44, 7, 1358, 222, 1, 1, 1, 57]"
533,2f7c00aac32c3c66381e656048fd7f7f5812c433.bin,18,467,datacopy/UCSB/2f7c00aac32c3c66381e656048fd7f7f5812c433.bin,"[133, 3, 1, 1, 39, 96, 1, 38, 3, 368, 1, 114, 1, 70, 122, 1840, 44, 7, 1358, 222, 1, 1, 1, 57]"
534,d120836379ba8a11b559f5b1fb2320b9fc866689.bin,18,467,datacopy/UCSB/d120836379ba8a11b559f5b1fb2320b9fc866689.bin,"[133, 3, 1, 1, 39, 96, 1, 38, 3, 368, 1, 114, 1, 70, 122, 1840, 44, 7, 1358, 222, 1, 1, 1, 57]"
535,bcf465631ac5191c08ea60e176684fff5a017a52.bin,18,467,datacopy/UCSB/bcf465631ac5191c08ea60e176684fff5a017a52.bin,"[133, 3, 1, 1, 39, 96, 1, 38, 3, 368, 1, 114, 1, 70, 122, 1840, 44, 7, 1358, 222, 1, 1, 1, 57]"
536,9d548907959bbc5ebcc153162015236b0e91fb70.bin,18,467,datacopy/UCSB/9d548907959bbc5ebcc153162015236b0e91fb70.bin,"[133, 3, 1, 1, 39, 96, 1, 38, 3, 368, 1, 114, 1, 70, 122, 1840, 44, 7, 1358, 222, 1, 1, 1, 57]"
537,648c969f680532a75286087d9a3570208f52c5e0.bin,18,467,datacopy/UCSB/648c969f680532a75286087d9a3570208f52c5e0.bin,"[133, 3, 1, 1, 39, 96, 1, 38, 3, 368, 1, 114, 1, 70, 122, 1840, 44, 7, 1358, 222, 1, 1, 1, 57]"
538,9d2d4e670320e4324cb805985ea187d3e2885f45.bin,18,254,datacopy/UCSB/9d2d4e670320e4324cb805985ea187d3e2885f45.bin,"[133, 3, 1, 1, 39, 96, 1, 38, 3, 368, 1, 114, 1, 70, 122, 1840, 44, 7, 1358, 222, 1, 1, 1, 57]"
539,dabb8d42c0d14233bc6158a7c75d4c9060189268.bin,18,467,datacopy/UCSB/dabb8d42c0d14233bc6158a7c75d4c9060189268.bin,"[133, 3, 1, 1, 39, 96, 1, 38, 3, 368, 1, 114, 1, 70, 122, 1840, 44, 7, 1358, 222, 1, 1, 1, 57]"
540,a8e9a429254f6c32c6b8a2d33c0f23f7794f45e4.bin,18,467,datacopy/UCSB/a8e9a429254f6c32c6b8a2d33c0f23f7794f45e4.bin,"[133, 3, 1, 1, 39, 96, 1, 38, 3, 368, 1, 114, 1, 70, 122, 1840, 44, 7, 1358, 222, 1, 1, 1, 57]"
541,a5de94896794a5362ac0be3f4f2d619302b27a70.bin,18,467,datacopy/UCSB/a5de94896794a5362ac0be3f4f2d619302b27a70.bin,"[133, 3, 1, 1, 39, 96, 1, 38, 3, 368, 1, 114, 1, 70, 122, 1840, 44, 7, 1358, 222, 1, 1, 1, 57]"
542,4b7164e68443db0a90b2434745551b53251ed29e.bin,18,467,datacopy/UCSB/4b7164e68443db0a90b2434745551b53251ed29e.bin,"[133, 3, 1, 1, 39, 96, 1, 38, 3, 368, 1, 114, 1, 70, 122, 1840, 44, 7, 1358, 222, 1, 1, 1, 57]"
543,97967da88e196b3f02b923d6a0bdc8eda0b39958.bin,18,467,datacopy/UCSB/97967da88e196b3f02b923d6a0bdc8eda0b39958.bin,"[133, 3, 1, 1, 39, 96, 1, 38, 3, 368, 1, 114, 1, 70, 122, 1840, 44, 7, 1358, 222, 1, 1, 1, 57]"
544,d56a008f00abd38266ef81daad2609299742a1a3.bin,18,467,datacopy/UCSB/d56a008f00abd38266ef81daad2609299742a1a3.bin,"[133, 3, 1, 1, 39, 96, 1, 38, 3, 368, 1, 114, 1, 70, 122, 1840, 44, 7, 1358, 222, 1, 1, 1, 57]"
545,921501d549df455250b5e232b5b7e6eeb544520b.bin,18,467,datacopy/UCSB/921501d549df455250b5e232b5b7e6eeb544520b.bin,"[133, 3, 1, 1, 39, 96, 1, 38, 3, 368, 1, 114, 1, 70, 122, 1840, 44, 7, 1358, 222, 1, 1, 1, 57]"
546,0143a16fbc8c6d9c10796495933b05937ea1e6d4.bin,18,254,datacopy/UCSB/0143a16fbc8c6d9c10796495933b05937ea1e6d4.bin,"[133, 3, 1, 1, 39, 96, 1, 38, 3, 368, 1, 114, 1, 70, 122, 1840, 44, 7, 1358, 222, 1, 1, 1, 57]"
547,f6a2c14f3a0c507662fdd62943cb8a6e3df16744.bin,18,467,datacopy/UCSB/f6a2c14f3a0c507662fdd62943cb8a6e3df16744.bin,"[133, 3, 1, 1, 39, 96, 1, 38, 3, 368, 1, 114, 1, 70, 122, 1840, 44, 7, 1358, 222, 1, 1, 1, 57]"
548,4bb1167ec0daf72035d07c07ae0e2fdff64ecae3.bin,18,467,datacopy/UCSB/4bb1167ec0daf72035d07c07ae0e2fdff64ecae3.bin,"[133, 3, 1, 1, 39, 96, 1, 38, 3, 368, 1, 114, 1, 70, 122, 1840, 44, 7, 1358, 222, 1, 1, 1, 57]"
549,4c56abdb5a397f2aaae5824a2881529ebe565cd6.bin,18,467,datacopy/UCSB/4c56abdb5a397f2aaae5824a2881529ebe565cd6.bin,"[133, 3, 1, 1, 39, 96, 1, 38, 3, 368, 1, 114, 1, 70, 122, 1840, 44, 7, 1358, 222, 1, 1, 1, 57]"
550,6a692df2a6a7ec40981b3e496c1648e7d31f9937.bin,18,467,datacopy/UCSB/6a692df2a6a7ec40981b3e496c1648e7d31f9937.bin,"[133, 3, 1, 1, 39, 96, 1, 38, 3, 368, 1, 114, 1, 70, 122, 1840, 44, 7, 1358, 222, 1, 1, 1, 57]"
551,2cc63ee73c4661055705b014926253c43ca48c6e.bin,18,254,datacopy/UCSB/2cc63ee73c4661055705b014926253c43ca48c6e.bin,"[133, 3, 1, 1, 39, 96, 1, 38, 3, 368, 1, 114, 1, 70, 122, 1840, 44, 7, 1358, 222, 1, 1, 1, 57]"
552,e1b01cbace9de42d56afe628c96486437c2bcecc.bin,18,129,datacopy/UCSB/e1b01cbace9de42d56afe628c96486437c2bcecc.bin,"[133, 3, 1, 1, 39, 96, 1, 38, 3, 368, 1, 114, 1, 70, 122, 1840, 44, 7, 1358, 222, 1, 1, 1, 57]"
553,262c0d0264f06030b92640172e1ea60fed23cb9c.bin,18,467,datacopy/UCSB/262c0d0264f06030b92640172e1ea60fed23cb9c.bin,"[133, 3, 1, 1, 39, 96, 1, 38, 3, 368, 1, 114, 1, 70, 122, 1840, 44, 7, 1358, 222, 1, 1, 1, 57]"
554,48357b3270f0f7b6d9e20dc4c80a6dcef364df9e.bin,18,129,datacopy/UCSB/48357b3270f0f7b6d9e20dc4c80a6dcef364df9e.bin,"[133, 3, 1, 1, 39, 96, 1, 38, 3, 368, 1, 114, 1, 70, 122, 1840, 44, 7, 1358, 222, 1, 1, 1, 57]"
555,1eb4a8be3a39082da49027759629bbdf38b5e373.bin,18,467,datacopy/UCSB/1eb4a8be3a39082da49027759629bbdf38b5e373.bin,"[133, 3, 1, 1, 39, 96, 1, 38, 3, 368, 1, 114, 1, 70, 122, 1840, 44, 7, 1358, 222, 1, 1, 1, 57]"
556,01e6c6b68e845bc17cbca784cf27e6174ecee296.bin,18,254,datacopy/UCSB/01e6c6b68e845bc17cbca784cf27e6174ecee296.bin,"[133, 3, 1, 1, 39, 96, 1, 38, 3, 368, 1, 114, 1, 70, 122, 1840, 44, 7, 1358, 222, 1, 1, 1, 57]"
557,e4d55a5e2772709fca80e97187e5f85ffcb31301.bin,18,467,datacopy/UCSB/e4d55a5e2772709fca80e97187e5f85ffcb31301.bin,"[133, 3, 1, 1, 39, 96, 1, 38, 3, 368, 1, 114, 1, 70, 122, 1840, 44, 7, 1358, 222, 1, 1, 1, 57]"
558,c92781ae6accb3d341dac9d9f845d94f77fcb5ce.bin,18,129,datacopy/UCSB/c92781ae6accb3d341dac9d9f845d94f77fcb5ce.bin,"[133, 3, 1, 1, 39, 96, 1, 38, 3, 368, 1, 114, 1, 70, 122, 1840, 44, 7, 1358, 222, 1, 1, 1, 57]"
559,73c05cbce6926b80a27b9a37fda70b985060c594.bin,18,129,datacopy/UCSB/73c05cbce6926b80a27b9a37fda70b985060c594.bin,"[133, 3, 1, 1, 39, 96, 1, 38, 3, 368, 1, 114, 1, 70, 122, 1840, 44, 7, 1358, 222, 1, 1, 1, 57]"
560,2aeced0f2a30c34d17c311bb99983668f453f703.bin,18,129,datacopy/UCSB/2aeced0f2a30c34d17c311bb99983668f453f703.bin,"[133, 3, 1, 1, 39, 96, 1, 38, 3, 368, 1, 114, 1, 70, 122, 1840, 44, 7, 1358, 222, 1, 1, 1, 57]"
561,38d946f4358db86686e6550e4c409af94907f96c.bin,18,467,datacopy/UCSB/38d946f4358db86686e6550e4c409af94907f96c.bin,"[133, 3, 1, 1, 39, 96, 1, 38, 3, 368, 1, 114, 1, 70, 122, 1840, 44, 7, 1358, 222, 1, 1, 1, 57]"
562,c231b320c470612b11c128090c8e49ff0bf031a2.bin,18,467,datacopy/UCSB/c231b320c470612b11c128090c8e49ff0bf031a2.bin,"[133, 3, 1, 1, 39, 96, 1, 38, 3, 368, 1, 114, 1, 70, 122, 1840, 44, 7, 1358, 222, 1, 1, 1, 57]"
563,7dc9f08203d64080b5be8c2048c17509a207f72b.bin,18,467,datacopy/UCSB/7dc9f08203d64080b5be8c2048c17509a207f72b.bin,"[133, 3, 1, 1, 39, 96, 1, 38, 3, 368, 1, 114, 1, 70, 122, 1840, 44, 7, 1358, 222, 1, 1, 1, 57]"
564,fe22f601b75ee19d7ebb3032133f974bba791a2d.bin,18,467,datacopy/UCSB/fe22f601b75ee19d7ebb3032133f974bba791a2d.bin,"[133, 3, 1, 1, 39, 96, 1, 38, 3, 368, 1, 114, 1, 70, 122, 1840, 44, 7, 1358, 222, 1, 1, 1, 57]"
565,51ba82536477ebafd51f3d1b19d5acd8893cd65a.bin,18,310,datacopy/UCSB/51ba82536477ebafd51f3d1b19d5acd8893cd65a.bin,"[133, 3, 1, 1, 39, 96, 1, 38, 3, 368, 1, 114, 1, 70, 122, 1840, 44, 7, 1358, 222, 1, 1, 1, 57]"
566,93605f8996d29d66008e6c163c92cc2dce5a537a.bin,18,467,datacopy/UCSB/93605f8996d29d66008e6c163c92cc2dce5a537a.bin,"[133, 3, 1, 1, 39, 96, 1, 38, 3, 368, 1, 114, 1, 70, 122, 1840, 44, 7, 1358, 222, 1, 1, 1, 57]"
567,1b1ccc7383f11fd0b05fdf2ff0e7a15b7e71c910.bin,18,3,datacopy/UCSB/1b1ccc7383f11fd0b05fdf2ff0e7a15b7e71c910.bin,"[133, 3, 1, 1, 39, 96, 1, 38, 3, 368, 1, 114, 1, 70, 122, 1840, 44, 7, 1358, 222, 1, 1, 1, 57]"
568,14ef841214817161acca37ad0fcb077fe18d7a27.bin,18,254,datacopy/UCSB/14ef841214817161acca37ad0fcb077fe18d7a27.bin,"[133, 3, 1, 1, 39, 96, 1, 38, 3, 368, 1, 114, 1, 70, 122, 1840, 44, 7, 1358, 222, 1, 1, 1, 57]"
569,ac7153c89fb7e664268c3dd0b0c25e51660bdb0b.bin,18,467,datacopy/UCSB/ac7153c89fb7e664268c3dd0b0c25e51660bdb0b.bin,"[133, 3, 1, 1, 39, 96, 1, 38, 3, 368, 1, 114, 1, 70, 122, 1840, 44, 7, 1358, 222, 1, 1, 1, 57]"
570,cad49f594e5452a89484dfa271f6fd567b1112f3.bin,18,467,datacopy/UCSB/cad49f594e5452a89484dfa271f6fd567b1112f3.bin,"[133, 3, 1, 1, 39, 96, 1, 38, 3, 368, 1, 114, 1, 70, 122, 1840, 44, 7, 1358, 222, 1, 1, 1, 57]"
571,b1e18550de0d7e868c34f453aea7886168c063a3.bin,18,467,datacopy/UCSB/b1e18550de0d7e868c34f453aea7886168c063a3.bin,"[133, 3, 1, 1, 39, 96, 1, 38, 3, 368, 1, 114, 1, 70, 122, 1840, 44, 7, 1358, 222, 1, 1, 1, 57]"
572,9a3083cc1fc176e7e6af1b324673983bec2d06be.bin,18,467,datacopy/UCSB/9a3083cc1fc176e7e6af1b324673983bec2d06be.bin,"[133, 3, 1, 1, 39, 96, 1, 38, 3, 368, 1, 114, 1, 70, 122, 1840, 44, 7, 1358, 222, 1, 1, 1, 57]"
573,3908ee5b186b271babee65e56c7513057fff4fc5.bin,18,129,datacopy/UCSB/3908ee5b186b271babee65e56c7513057fff4fc5.bin,"[133, 3, 1, 1, 39, 96, 1, 38, 3, 368, 1, 114, 1, 70, 122, 1840, 44, 7, 1358, 222, 1, 1, 1, 57]"
574,454756a26f78f59fb01f4fe798ccbea7ab5d5757.bin,18,467,datacopy/UCSB/454756a26f78f59fb01f4fe798ccbea7ab5d5757.bin,"[133, 3, 1, 1, 39, 96, 1, 38, 3, 368, 1, 114, 1, 70, 122, 1840, 44, 7, 1358, 222, 1, 1, 1, 57]"
575,7de5213666bf707bd8e196342f6e222debd36d68.bin,18,254,datacopy/UCSB/7de5213666bf707bd8e196342f6e222debd36d68.bin,"[133, 3, 1, 1, 39, 96, 1, 38, 3, 368, 1, 114, 1, 70, 122, 1840, 44, 7, 1358, 222, 1, 1, 1, 57]"
576,2bd1676903fd3408baab3a109c1909a3c238c04e.bin,18,129,datacopy/UCSB/2bd1676903fd3408baab3a109c1909a3c238c04e.bin,"[133, 3, 1, 1, 39, 96, 1, 38, 3, 368, 1, 114, 1, 70, 122, 1840, 44, 7, 1358, 222, 1, 1, 1, 57]"
577,1db3d32a7ad46f769a4bd3c44463b06222036a6f.bin,18,467,datacopy/UCSB/1db3d32a7ad46f769a4bd3c44463b06222036a6f.bin,"[133, 3, 1, 1, 39, 96, 1, 38, 3, 368, 1, 114, 1, 70, 122, 1840, 44, 7, 1358, 222, 1, 1, 1, 57]"
578,bea33a8eebe15de5e5e3ccbe414621aea3d5029d.bin,18,129,datacopy/UCSB/bea33a8eebe15de5e5e3ccbe414621aea3d5029d.bin,"[133, 3, 1, 1, 39, 96, 1, 38, 3, 368, 1, 114, 1, 70, 122, 1840, 44, 7, 1358, 222, 1, 1, 1, 57]"
579,7cacb37052c2ff501090417d35f8bfdb3c25756e.bin,18,467,datacopy/UCSB/7cacb37052c2ff501090417d35f8bfdb3c25756e.bin,"[133, 3, 1, 1, 39, 96, 1, 38, 3, 368, 1, 114, 1, 70, 122, 1840, 44, 7, 1358, 222, 1, 1, 1, 57]"
580,8aa307fc0497c059ebb66103718be1f29b9da7ea.bin,18,467,datacopy/UCSB/8aa307fc0497c059ebb66103718be1f29b9da7ea.bin,"[133, 3, 1, 1, 39, 96, 1, 38, 3, 368, 1, 114, 1, 70, 122, 1840, 44, 7, 1358, 222, 1, 1, 1, 57]"
581,99679f3786cf8deb6e1e9e95adaa4f89d230559b.bin,18,467,datacopy/UCSB/99679f3786cf8deb6e1e9e95adaa4f89d230559b.bin,"[133, 3, 1, 1, 39, 96, 1, 38, 3, 368, 1, 114, 1, 70, 122, 1840, 44, 7, 1358, 222, 1, 1, 1, 57]"
582,e884c8a91aef2430723554e657592d4ef412cc04.bin,18,467,datacopy/UCSB/e884c8a91aef2430723554e657592d4ef412cc04.bin,"[133, 3, 1, 1, 39, 96, 1, 38, 3, 368, 1, 114, 1, 70, 122, 1840, 44, 7, 1358, 222, 1, 1, 1, 57]"
583,733fac6bfaf3281e923332c947248f5550ab1735.bin,18,129,datacopy/UCSB/733fac6bfaf3281e923332c947248f5550ab1735.bin,"[133, 3, 1, 1, 39, 96, 1, 38, 3, 368, 1, 114, 1, 70, 122, 1840, 44, 7, 1358, 222, 1, 1, 1, 57]"
584,4a3360cae4046489aff2e85b1a85dfd0693c548f.bin,18,467,datacopy/UCSB/4a3360cae4046489aff2e85b1a85dfd0693c548f.bin,"[133, 3, 1, 1, 39, 96, 1, 38, 3, 368, 1, 114, 1, 70, 122, 1840, 44, 7, 1358, 222, 1, 1, 1, 57]"
585,bb85070252ab5ffe6ff07ada324e1003d97ec243.bin,18,129,datacopy/UCSB/bb85070252ab5ffe6ff07ada324e1003d97ec243.bin,"[133, 3, 1, 1, 39, 96, 1, 38, 3, 368, 1, 114, 1, 70, 122, 1840, 44, 7, 1358, 222, 1, 1, 1, 57]"
586,d0cad8cdcfe527ba22280e7facd228cd0f5a1de5.bin,18,467,datacopy/UCSB/d0cad8cdcfe527ba22280e7facd228cd0f5a1de5.bin,"[133, 3, 1, 1, 39, 96, 1, 38, 3, 368, 1, 114, 1, 70, 122, 1840, 44, 7, 1358, 222, 1, 1, 1, 57]"
587,6fa8e407db60b603f07c76ab75ee0e6b61a45554.bin,18,467,datacopy/UCSB/6fa8e407db60b603f07c76ab75ee0e6b61a45554.bin,"[133, 3, 1, 1, 39, 96, 1, 38, 3, 368, 1, 114, 1, 70, 122, 1840, 44, 7, 1358, 222, 1, 1, 1, 57]"
588,c8397ddd05c816cea1ada11674f87f6340e411ab.bin,18,1489,datacopy/UCSB/c8397ddd05c816cea1ada11674f87f6340e411ab.bin,"[133, 3, 1, 1, 39, 96, 1, 38, 3, 368, 1, 114, 1, 70, 122, 1840, 44, 7, 1358, 222, 1, 1, 1, 57]"
589,55aeda6d6d747fc82fa2384828190542d3845088.bin,18,129,datacopy/UCSB/55aeda6d6d747fc82fa2384828190542d3845088.bin,"[133, 3, 1, 1, 39, 96, 1, 38, 3, 368, 1, 114, 1, 70, 122, 1840, 44, 7, 1358, 222, 1, 1, 1, 57]"
590,e4acde17cdc5b05be8bc4c224d3aabeba3db8f34.bin,18,467,datacopy/UCSB/e4acde17cdc5b05be8bc4c224d3aabeba3db8f34.bin,"[133, 3, 1, 1, 39, 96, 1, 38, 3, 368, 1, 114, 1, 70, 122, 1840, 44, 7, 1358, 222, 1, 1, 1, 57]"
591,887639f8e204985c10d46520e445a2073fe7d71a.bin,18,467,datacopy/UCSB/887639f8e204985c10d46520e445a2073fe7d71a.bin,"[133, 3, 1, 1, 39, 96, 1, 38, 3, 368, 1, 114, 1, 70, 122, 1840, 44, 7, 1358, 222, 1, 1, 1, 57]"
592,fe2142896681d61a218d8506e794a3e56b385f02.bin,18,467,datacopy/UCSB/fe2142896681d61a218d8506e794a3e56b385f02.bin,"[133, 3, 1, 1, 39, 96, 1, 38, 3, 368, 1, 114, 1, 70, 122, 1840, 44, 7, 1358, 222, 1, 1, 1, 57]"
593,24f1e80f9203845b9591532a82d3c411de6f70a8.bin,18,129,datacopy/UCSB/24f1e80f9203845b9591532a82d3c411de6f70a8.bin,"[133, 3, 1, 1, 39, 96, 1, 38, 3, 368, 1, 114, 1, 70, 122, 1840, 44, 7, 1358, 222, 1, 1, 1, 57]"
594,5065cfb7510f4ff783dcd79e166a33324c3ae11d.bin,18,467,datacopy/UCSB/5065cfb7510f4ff783dcd79e166a33324c3ae11d.bin,"[133, 3, 1, 1, 39, 96, 1, 38, 3, 368, 1, 114, 1, 70, 122, 1840, 44, 7, 1358, 222, 1, 1, 1, 57]"
595,dcbb9ef88df6f7a173b55b5cea7cd3ac52972eb5.bin,18,129,datacopy/UCSB/dcbb9ef88df6f7a173b55b5cea7cd3ac52972eb5.bin,"[133, 3, 1, 1, 39, 96, 1, 38, 3, 368, 1, 114, 1, 70, 122, 1840, 44, 7, 1358, 222, 1, 1, 1, 57]"
596,20d51b1997d37a25ba727bce1b1c22a4521e829a.bin,18,1001,datacopy/UCSB/20d51b1997d37a25ba727bce1b1c22a4521e829a.bin,"[133, 3, 1, 1, 39, 96, 1, 38, 3, 368, 1, 114, 1, 70, 122, 1840, 44, 7, 1358, 222, 1, 1, 1, 57]"
597,1651b9d5441f66b8b9256c58d095c50920b1a33d.bin,18,254,datacopy/UCSB/1651b9d5441f66b8b9256c58d095c50920b1a33d.bin,"[133, 3, 1, 1, 39, 96, 1, 38, 3, 368, 1, 114, 1, 70, 122, 1840, 44, 7, 1358, 222, 1, 1, 1, 57]"
598,ef74b97b6f704bd0440b9907dca0a6eebf19036b.bin,18,467,datacopy/UCSB/ef74b97b6f704bd0440b9907dca0a6eebf19036b.bin,"[133, 3, 1, 1, 39, 96, 1, 38, 3, 368, 1, 114, 1, 70, 122, 1840, 44, 7, 1358, 222, 1, 1, 1, 57]"
599,cee23c37ed9b64ba3a8c4b89a72412b57c7ca340.bin,18,467,datacopy/UCSB/cee23c37ed9b64ba3a8c4b89a72412b57c7ca340.bin,"[133, 3, 1, 1, 39, 96, 1, 38, 3, 368, 1, 114, 1, 70, 122, 1840, 44, 7, 1358, 222, 1, 1, 1, 57]"
600,6252c8f0af6836130eae13f0356465ea83af61ed.bin,18,129,datacopy/UCSB/6252c8f0af6836130eae13f0356465ea83af61ed.bin,"[133, 3, 1, 1, 39, 96, 1, 38, 3, 368, 1, 114, 1, 70, 122, 1840, 44, 7, 1358, 222, 1, 1, 1, 57]"
601,6f1fd216962bab369367127c725d1ccce04957db.bin,18,130,datacopy/UCSB/6f1fd216962bab369367127c725d1ccce04957db.bin,"[133, 3, 1, 1, 39, 96, 1, 38, 3, 368, 1, 114, 1, 70, 122, 1840, 44, 7, 1358, 222, 1, 1, 1, 57]"
602,853d6705b4f9ef2e1af0cfc36d4fefc22a80a6d2.bin,18,254,datacopy/UCSB/853d6705b4f9ef2e1af0cfc36d4fefc22a80a6d2.bin,"[133, 3, 1, 1, 39, 96, 1, 38, 3, 368, 1, 114, 1, 70, 122, 1840, 44, 7, 1358, 222, 1, 1, 1, 57]"
603,04f351ae304d13148bb4a4353515e0010f24d95f.bin,18,129,datacopy/UCSB/04f351ae304d13148bb4a4353515e0010f24d95f.bin,"[133, 3, 1, 1, 39, 96, 1, 38, 3, 368, 1, 114, 1, 70, 122, 1840, 44, 7, 1358, 222, 1, 1, 1, 57]"
604,e29f1f12683b019d999870c0809378455ed94a30.bin,18,467,datacopy/UCSB/e29f1f12683b019d999870c0809378455ed94a30.bin,"[133, 3, 1, 1, 39, 96, 1, 38, 3, 368, 1, 114, 1, 70, 122, 1840, 44, 7, 1358, 222, 1, 1, 1, 57]"
605,162298b080ddd7bd1ea887ba7a9baf65863a2958.bin,18,1840,datacopy/UCSB/162298b080ddd7bd1ea887ba7a9baf65863a2958.bin,"[133, 3, 1, 1, 39, 96, 1, 38, 3, 368, 1, 114, 1, 70, 122, 1840, 44, 7, 1358, 222, 1, 1, 1, 57]"
606,19671d35bc3f9a8418a63c209d4f3d5c67a28a2c.bin,18,467,datacopy/UCSB/19671d35bc3f9a8418a63c209d4f3d5c67a28a2c.bin,"[133, 3, 1, 1, 39, 96, 1, 38, 3, 368, 1, 114, 1, 70, 122, 1840, 44, 7, 1358, 222, 1, 1, 1, 57]"
607,9e8c99ae7167643f9b1fccfeedcc2460de39f8b6.bin,18,467,datacopy/UCSB/9e8c99ae7167643f9b1fccfeedcc2460de39f8b6.bin,"[133, 3, 1, 1, 39, 96, 1, 38, 3, 368, 1, 114, 1, 70, 122, 1840, 44, 7, 1358, 222, 1, 1, 1, 57]"
608,09a14758eb9223cf40628ce6740763d48a098c7c.bin,18,467,datacopy/UCSB/09a14758eb9223cf40628ce6740763d48a098c7c.bin,"[133, 3, 1, 1, 39, 96, 1, 38, 3, 368, 1, 114, 1, 70, 122, 1840, 44, 7, 1358, 222, 1, 1, 1, 57]"
609,d2f9b871d58cee55cd8ddbc23fa051eefdb11275.bin,18,467,datacopy/UCSB/d2f9b871d58cee55cd8ddbc23fa051eefdb11275.bin,"[133, 3, 1, 1, 39, 96, 1, 38, 3, 368, 1, 114, 1, 70, 122, 1840, 44, 7, 1358, 222, 1, 1, 1, 57]"
610,a9597bd1645db2290071e57b309fcca5cd5bc230.bin,18,129,datacopy/UCSB/a9597bd1645db2290071e57b309fcca5cd5bc230.bin,"[133, 3, 1, 1, 39, 96, 1, 38, 3, 368, 1, 114, 1, 70, 122, 1840, 44, 7, 1358, 222, 1, 1, 1, 57]"
611,bc62dd38bc7616458969db94bae172f28c851ddc.bin,18,467,datacopy/UCSB/bc62dd38bc7616458969db94bae172f28c851ddc.bin,"[133, 3, 1, 1, 39, 96, 1, 38, 3, 368, 1, 114, 1, 70, 122, 1840, 44, 7, 1358, 222, 1, 1, 1, 57]"
612,1f6b83e5fcd7e1634283aeaef90750c0a34e5cd5.bin,18,467,datacopy/UCSB/1f6b83e5fcd7e1634283aeaef90750c0a34e5cd5.bin,"[133, 3, 1, 1, 39, 96, 1, 38, 3, 368, 1, 114, 1, 70, 122, 1840, 44, 7, 1358, 222, 1, 1, 1, 57]"
613,0ff7fee09d7e415b5a541ad291cf661aad6f0296.bin,18,467,datacopy/UCSB/0ff7fee09d7e415b5a541ad291cf661aad6f0296.bin,"[133, 3, 1, 1, 39, 96, 1, 38, 3, 368, 1, 114, 1, 70, 122, 1840, 44, 7, 1358, 222, 1, 1, 1, 57]"
614,c0edad67afe45b7b039626114c636fea82616b71.bin,18,467,datacopy/UCSB/c0edad67afe45b7b039626114c636fea82616b71.bin,"[133, 3, 1, 1, 39, 96, 1, 38, 3, 368, 1, 114, 1, 70, 122, 1840, 44, 7, 1358, 222, 1, 1, 1, 57]"
615,4336fc6cced07b024901b6e1fa1733aeb5e4fd67.bin,18,467,datacopy/UCSB/4336fc6cced07b024901b6e1fa1733aeb5e4fd67.bin,"[133, 3, 1, 1, 39, 96, 1, 38, 3, 368, 1, 114, 1, 70, 122, 1840, 44, 7, 1358, 222, 1, 1, 1, 57]"
616,1e0b89c1b2585c76e758e9141b846ed4477b0662.bin,18,467,datacopy/UCSB/1e0b89c1b2585c76e758e9141b846ed4477b0662.bin,"[133, 3, 1, 1, 39, 96, 1, 38, 3, 368, 1, 114, 1, 70, 122, 1840, 44, 7, 1358, 222, 1, 1, 1, 57]"
617,1ca51e530c7f549ab68516566cf3ae88c2bbe2b7.bin,18,129,datacopy/UCSB/1ca51e530c7f549ab68516566cf3ae88c2bbe2b7.bin,"[133, 3, 1, 1, 39, 96, 1, 38, 3, 368, 1, 114, 1, 70, 122, 1840, 44, 7, 1358, 222, 1, 1, 1, 57]"
618,99541413023570c00dca5a505baf8ae811175670.bin,18,467,datacopy/UCSB/99541413023570c00dca5a505baf8ae811175670.bin,"[133, 3, 1, 1, 39, 96, 1, 38, 3, 368, 1, 114, 1, 70, 122, 1840, 44, 7, 1358, 222, 1, 1, 1, 57]"
619,eaebeff28c5eb0f5e0dcc6300a62dcf8b3a8ab1d.bin,18,467,datacopy/UCSB/eaebeff28c5eb0f5e0dcc6300a62dcf8b3a8ab1d.bin,"[133, 3, 1, 1, 39, 96, 1, 38, 3, 368, 1, 114, 1, 70, 122, 1840, 44, 7, 1358, 222, 1, 1, 1, 57]"
620,04bfb07375c5283c9c9aa55fc0ed40d64ab0d483.bin,18,467,datacopy/UCSB/04bfb07375c5283c9c9aa55fc0ed40d64ab0d483.bin,"[133, 3, 1, 1, 39, 96, 1, 38, 3, 368, 1, 114, 1, 70, 122, 1840, 44, 7, 1358, 222, 1, 1, 1, 57]"
621,41a1aae5251e15c42051192522a9c37b04d8ab7f.bin,18,467,datacopy/UCSB/41a1aae5251e15c42051192522a9c37b04d8ab7f.bin,"[133, 3, 1, 1, 39, 96, 1, 38, 3, 368, 1, 114, 1, 70, 122, 1840, 44, 7, 1358, 222, 1, 1, 1, 57]"
622,200463abfcd533252ff7d5f38533568aa67dc620.bin,18,129,datacopy/UCSB/200463abfcd533252ff7d5f38533568aa67dc620.bin,"[133, 3, 1, 1, 39, 96, 1, 38, 3, 368, 1, 114, 1, 70, 122, 1840, 44, 7, 1358, 222, 1, 1, 1, 57]"
623,f59400e8a55c4ea1fa7dfbca3f2d35697cc822da.bin,18,467,datacopy/UCSB/f59400e8a55c4ea1fa7dfbca3f2d35697cc822da.bin,"[133, 3, 1, 1, 39, 96, 1, 38, 3, 368, 1, 114, 1, 70, 122, 1840, 44, 7, 1358, 222, 1, 1, 1, 57]"
624,934e54f5ff316f94eb2477fa9622694ba7bc4e19.bin,18,467,datacopy/UCSB/934e54f5ff316f94eb2477fa9622694ba7bc4e19.bin,"[133, 3, 1, 1, 39, 96, 1, 38, 3, 368, 1, 114, 1, 70, 122, 1840, 44, 7, 1358, 222, 1, 1, 1, 57]"
625,52ccff7225fbe9edce8ef1b6b03ae5af0c730871.bin,18,467,datacopy/UCSB/52ccff7225fbe9edce8ef1b6b03ae5af0c730871.bin,"[133, 3, 1, 1, 39, 96, 1, 38, 3, 368, 1, 114, 1, 70, 122, 1840, 44, 7, 1358, 222, 1, 1, 1, 57]"
626,0a1ba02334beb6140a61d57a302b73e76a0475c6.bin,18,129,datacopy/UCSB/0a1ba02334beb6140a61d57a302b73e76a0475c6.bin,"[133, 3, 1, 1, 39, 96, 1, 38, 3, 368, 1, 114, 1, 70, 122, 1840, 44, 7, 1358, 222, 1, 1, 1, 57]"
627,69abab8032dc47f72ea2e36edbf6d83f4bb2eb25.bin,18,467,datacopy/UCSB/69abab8032dc47f72ea2e36edbf6d83f4bb2eb25.bin,"[133, 3, 1, 1, 39, 96, 1, 38, 3, 368, 1, 114, 1, 70, 122, 1840, 44, 7, 1358, 222, 1, 1, 1, 57]"
628,7675c8823bb5d5e48c9e186b549fab0df06e5ae5.bin,18,254,datacopy/UCSB/7675c8823bb5d5e48c9e186b549fab0df06e5ae5.bin,"[133, 3, 1, 1, 39, 96, 1, 38, 3, 368, 1, 114, 1, 70, 122, 1840, 44, 7, 1358, 222, 1, 1, 1, 57]"
629,d53452fa7ad9e9e72d3791ed4b188ca10cddbc05.bin,18,467,datacopy/UCSB/d53452fa7ad9e9e72d3791ed4b188ca10cddbc05.bin,"[133, 3, 1, 1, 39, 96, 1, 38, 3, 368, 1, 114, 1, 70, 122, 1840, 44, 7, 1358, 222, 1, 1, 1, 57]"
630,15f8143356ab2929a056e0d13dd636881be75580.bin,18,254,datacopy/UCSB/15f8143356ab2929a056e0d13dd636881be75580.bin,"[133, 3, 1, 1, 39, 96, 1, 38, 3, 368, 1, 114, 1, 70, 122, 1840, 44, 7, 1358, 222, 1, 1, 1, 57]"
631,459f2364575da6ff6bea2a9183ab1b2e057b3a29.bin,18,3,datacopy/UCSB/459f2364575da6ff6bea2a9183ab1b2e057b3a29.bin,"[133, 3, 1, 1, 39, 96, 1, 38, 3, 368, 1, 114, 1, 70, 122, 1840, 44, 7, 1358, 222, 1, 1, 1, 57]"
632,5a0f74a9dd00451e96c94dfb5c936bb7f2a7d98a.bin,18,129,datacopy/UCSB/5a0f74a9dd00451e96c94dfb5c936bb7f2a7d98a.bin,"[133, 3, 1, 1, 39, 96, 1, 38, 3, 368, 1, 114, 1, 70, 122, 1840, 44, 7, 1358, 222, 1, 1, 1, 57]"
633,b99d815949501b039d88af3113fb71ae0c95d3bf.bin,18,467,datacopy/UCSB/b99d815949501b039d88af3113fb71ae0c95d3bf.bin,"[133, 3, 1, 1, 39, 96, 1, 38, 3, 368, 1, 114, 1, 70, 122, 1840, 44, 7, 1358, 222, 1, 1, 1, 57]"
634,265bdee70ea2aa947558e58d273ac7c4fc7e7ecc.bin,18,467,datacopy/UCSB/265bdee70ea2aa947558e58d273ac7c4fc7e7ecc.bin,"[133, 3, 1, 1, 39, 96, 1, 38, 3, 368, 1, 114, 1, 70, 122, 1840, 44, 7, 1358, 222, 1, 1, 1, 57]"
635,efee111720b04f7d8f161390822b03a4762ad152.bin,18,467,datacopy/UCSB/efee111720b04f7d8f161390822b03a4762ad152.bin,"[133, 3, 1, 1, 39, 96, 1, 38, 3, 368, 1, 114, 1, 70, 122, 1840, 44, 7, 1358, 222, 1, 1, 1, 57]"
636,bfdde84f5540d4da9351fbbac3bed908beadc79d.bin,18,467,datacopy/UCSB/bfdde84f5540d4da9351fbbac3bed908beadc79d.bin,"[133, 3, 1, 1, 39, 96, 1, 38, 3, 368, 1, 114, 1, 70, 122, 1840, 44, 7, 1358, 222, 1, 1, 1, 57]"
637,fac2ca5cb09fc3caa5242a5fe5449633a45010d2.bin,18,467,datacopy/UCSB/fac2ca5cb09fc3caa5242a5fe5449633a45010d2.bin,"[133, 3, 1, 1, 39, 96, 1, 38, 3, 368, 1, 114, 1, 70, 122, 1840, 44, 7, 1358, 222, 1, 1, 1, 57]"
638,da5d33c29a532ec5435147f4fd3a30a8830ff053.bin,18,467,datacopy/UCSB/da5d33c29a532ec5435147f4fd3a30a8830ff053.bin,"[133, 3, 1, 1, 39, 96, 1, 38, 3, 368, 1, 114, 1, 70, 122, 1840, 44, 7, 1358, 222, 1, 1, 1, 57]"
639,4625f24b0be0cf7d59891779166ce370c3acb35c.bin,18,129,datacopy/UCSB/4625f24b0be0cf7d59891779166ce370c3acb35c.bin,"[133, 3, 1, 1, 39, 96, 1, 38, 3, 368, 1, 114, 1, 70, 122, 1840, 44, 7, 1358, 222, 1, 1, 1, 57]"
640,65b415767fe13301c0e3f25bbb864fcbc4f07c32.bin,18,129,datacopy/UCSB/65b415767fe13301c0e3f25bbb864fcbc4f07c32.bin,"[133, 3, 1, 1, 39, 96, 1, 38, 3, 368, 1, 114, 1, 70, 122, 1840, 44, 7, 1358, 222, 1, 1, 1, 57]"
641,faea162a009047734d4756978a93fba8c53d927c.bin,18,129,datacopy/UCSB/faea162a009047734d4756978a93fba8c53d927c.bin,"[133, 3, 1, 1, 39, 96, 1, 38, 3, 368, 1, 114, 1, 70, 122, 1840, 44, 7, 1358, 222, 1, 1, 1, 57]"
642,a57cbf6b969ec377132ddc847c3795c5556755e1.bin,18,129,datacopy/UCSB/a57cbf6b969ec377132ddc847c3795c5556755e1.bin,"[133, 3, 1, 1, 39, 96, 1, 38, 3, 368, 1, 114, 1, 70, 122, 1840, 44, 7, 1358, 222, 1, 1, 1, 57]"
643,f94abb87bb210f54816e6f662e847d885bffa8ac.bin,18,129,datacopy/UCSB/f94abb87bb210f54816e6f662e847d885bffa8ac.bin,"[133, 3, 1, 1, 39, 96, 1, 38, 3, 368, 1, 114, 1, 70, 122, 1840, 44, 7, 1358, 222, 1, 1, 1, 57]"
644,2302d006e3fb378622f2f1e8e948843613f98e69.bin,18,467,datacopy/UCSB/2302d006e3fb378622f2f1e8e948843613f98e69.bin,"[133, 3, 1, 1, 39, 96, 1, 38, 3, 368, 1, 114, 1, 70, 122, 1840, 44, 7, 1358, 222, 1, 1, 1, 57]"
645,044a938fd6ef13f70f139943ed60e3ec5e83352d.bin,18,467,datacopy/UCSB/044a938fd6ef13f70f139943ed60e3ec5e83352d.bin,"[133, 3, 1, 1, 39, 96, 1, 38, 3, 368, 1, 114, 1, 70, 122, 1840, 44, 7, 1358, 222, 1, 1, 1, 57]"
646,249c67b8a2abc98bd8f53c470e3085c5c5a3ef62.bin,18,467,datacopy/UCSB/249c67b8a2abc98bd8f53c470e3085c5c5a3ef62.bin,"[133, 3, 1, 1, 39, 96, 1, 38, 3, 368, 1, 114, 1, 70, 122, 1840, 44, 7, 1358, 222, 1, 1, 1, 57]"
647,5793e5acf44724f22a10946d1778bcbecfba93e8.bin,18,467,datacopy/UCSB/5793e5acf44724f22a10946d1778bcbecfba93e8.bin,"[133, 3, 1, 1, 39, 96, 1, 38, 3, 368, 1, 114, 1, 70, 122, 1840, 44, 7, 1358, 222, 1, 1, 1, 57]"
648,e696f9eb98867b8e0f3de09b6d5b57be51c69347.bin,18,467,datacopy/UCSB/e696f9eb98867b8e0f3de09b6d5b57be51c69347.bin,"[133, 3, 1, 1, 39, 96, 1, 38, 3, 368, 1, 114, 1, 70, 122, 1840, 44, 7, 1358, 222, 1, 1, 1, 57]"
649,1c1d7c2666067d496438013a36c899539db9d112.bin,18,467,datacopy/UCSB/1c1d7c2666067d496438013a36c899539db9d112.bin,"[133, 3, 1, 1, 39, 96, 1, 38, 3, 368, 1, 114, 1, 70, 122, 1840, 44, 7, 1358, 222, 1, 1, 1, 57]"
650,fe31630e4252cda188d4ee3d06d5a4aa4f330ca8.bin,18,129,datacopy/UCSB/fe31630e4252cda188d4ee3d06d5a4aa4f330ca8.bin,"[133, 3, 1, 1, 39, 96, 1, 38, 3, 368, 1, 114, 1, 70, 122, 1840, 44, 7, 1358, 222, 1, 1, 1, 57]"
651,c60fcd81fb9a96267300defad6e6160d2854b0cf.bin,18,129,datacopy/UCSB/c60fcd81fb9a96267300defad6e6160d2854b0cf.bin,"[133, 3, 1, 1, 39, 96, 1, 38, 3, 368, 1, 114, 1, 70, 122, 1840, 44, 7, 1358, 222, 1, 1, 1, 57]"
652,d86522bbc0e0a5122348878135ee86e1fbef7782.bin,18,129,datacopy/UCSB/d86522bbc0e0a5122348878135ee86e1fbef7782.bin,"[133, 3, 1, 1, 39, 96, 1, 38, 3, 368, 1, 114, 1, 70, 122, 1840, 44, 7, 1358, 222, 1, 1, 1, 57]"
653,dff555fc363b99d202e78d652f6609262c53e583.bin,18,467,datacopy/UCSB/dff555fc363b99d202e78d652f6609262c53e583.bin,"[133, 3, 1, 1, 39, 96, 1, 38, 3, 368, 1, 114, 1, 70, 122, 1840, 44, 7, 1358, 222, 1, 1, 1, 57]"
654,ec687b48e51b7a365d680aba8e6ab1966a00305b.bin,18,467,datacopy/UCSB/ec687b48e51b7a365d680aba8e6ab1966a00305b.bin,"[133, 3, 1, 1, 39, 96, 1, 38, 3, 368, 1, 114, 1, 70, 122, 1840, 44, 7, 1358, 222, 1, 1, 1, 57]"
655,3124841cd846c8e14ad784e8affa03de592edb0e.bin,18,467,datacopy/UCSB/3124841cd846c8e14ad784e8affa03de592edb0e.bin,"[133, 3, 1, 1, 39, 96, 1, 38, 3, 368, 1, 114, 1, 70, 122, 1840, 44, 7, 1358, 222, 1, 1, 1, 57]"
656,a1d9e838c86ff3b8aab954f27b89827db4512412.bin,18,129,datacopy/UCSB/a1d9e838c86ff3b8aab954f27b89827db4512412.bin,"[133, 3, 1, 1, 39, 96, 1, 38, 3, 368, 1, 114, 1, 70, 122, 1840, 44, 7, 1358, 222, 1, 1, 1, 57]"
657,e697edfe72dd05bb9715c43e11677857bccf3838.bin,18,467,datacopy/UCSB/e697edfe72dd05bb9715c43e11677857bccf3838.bin,"[133, 3, 1, 1, 39, 96, 1, 38, 3, 368, 1, 114, 1, 70, 122, 1840, 44, 7, 1358, 222, 1, 1, 1, 57]"
658,da396499b6f95dce1d69769446a831335bc9d7a9.bin,18,467,datacopy/UCSB/da396499b6f95dce1d69769446a831335bc9d7a9.bin,"[133, 3, 1, 1, 39, 96, 1, 38, 3, 368, 1, 114, 1, 70, 122, 1840, 44, 7, 1358, 222, 1, 1, 1, 57]"
659,5ba54baf61ed71043bc94d8b59e12bb18dabe1ae.bin,18,467,datacopy/UCSB/5ba54baf61ed71043bc94d8b59e12bb18dabe1ae.bin,"[133, 3, 1, 1, 39, 96, 1, 38, 3, 368, 1, 114, 1, 70, 122, 1840, 44, 7, 1358, 222, 1, 1, 1, 57]"
660,729b63d5bac74fbb25193f162508695967eefe68.bin,18,254,datacopy/UCSB/729b63d5bac74fbb25193f162508695967eefe68.bin,"[133, 3, 1, 1, 39, 96, 1, 38, 3, 368, 1, 114, 1, 70, 122, 1840, 44, 7, 1358, 222, 1, 1, 1, 57]"
661,926c46005ad8df3159ea2acd4c4cc455477c1248.bin,18,254,datacopy/UCSB/926c46005ad8df3159ea2acd4c4cc455477c1248.bin,"[133, 3, 1, 1, 39, 96, 1, 38, 3, 368, 1, 114, 1, 70, 122, 1840, 44, 7, 1358, 222, 1, 1, 1, 57]"
662,file.449525.exe,18,467,datacopy/Honeypots/file.449525.exe,"[133, 3, 1, 1, 39, 96, 1, 38, 3, 368, 1, 114, 1, 70, 122, 1840, 44, 7, 1358, 222, 1, 1, 1, 57]"
663,f68e392a30af253d0f43d6ba6b70454f45728310.codex,18,1018,datacopy/CodexGiga/f68e392a30af253d0f43d6ba6b70454f45728310.codex,"[133, 3, 1, 1, 39, 96, 1, 38, 3, 368, 1, 114, 1, 70, 122, 1840, 44, 7, 1358, 222, 1, 1, 1, 57]"
664,runouce.exe,18,129,datacopy/BB/Files/2014-05-09/runouce.exe,"[133, 3, 1, 1, 39, 96, 1, 38, 3, 368, 1, 114, 1, 70, 122, 1840, 44, 7, 1358, 222, 1, 1, 1, 57]"
665,nfeletronica.EXE,18,467,datacopy/BB/Files/2014-11-19/nfeletronica.EXE,"[133, 3, 1, 1, 39, 96, 1, 38, 3, 368, 1, 114, 1, 70, 122, 1840, 44, 7, 1358, 222, 1, 1, 1, 57]"
666,atualizado.ref.46954678546.exe,18,467,datacopy/BB/Files/2015-12-04/atualizado.ref.46954678546.exe,"[133, 3, 1, 1, 39, 96, 1, 38, 3, 368, 1, 114, 1, 70, 122, 1840, 44, 7, 1358, 222, 1, 1, 1, 57]"
667,Boleto_e_NotaFe.exe,18,467,datacopy/BB/Files/2015-11-13/Boleto_e_NotaFe.exe,"[133, 3, 1, 1, 39, 96, 1, 38, 3, 368, 1, 114, 1, 70, 122, 1840, 44, 7, 1358, 222, 1, 1, 1, 57]"
668,298559ec5ba07701f348f4cf6005162a2a041bc994af5f1f29514499351323b8,18,1150,datacopy/Stefano/298559ec5ba07701f348f4cf6005162a2a041bc994af5f1f29514499351323b8,"[133, 3, 1, 1, 39, 96, 1, 38, 3, 368, 1, 114, 1, 70, 122, 1840, 44, 7, 1358, 222, 1, 1, 1, 57]"
669,15e72c3bb32040192cb3655bc5b154ef3bea0511fe372ec30ecc0d569b37c18b,18,467,datacopy/Stefano/15e72c3bb32040192cb3655bc5b154ef3bea0511fe372ec30ecc0d569b37c18b,"[133, 3, 1, 1, 39, 96, 1, 38, 3, 368, 1, 114, 1, 70, 122, 1840, 44, 7, 1358, 222, 1, 1, 1, 57]"
670,dac12d4132fb85fef3e2ee4324672d55641b92719fcd08c858a5942816c9e8d8,18,3,datacopy/Stefano/dac12d4132fb85fef3e2ee4324672d55641b92719fcd08c858a5942816c9e8d8,"[133, 3, 1, 1, 39, 96, 1, 38, 3, 368, 1, 114, 1, 70, 122, 1840, 44, 7, 1358, 222, 1, 1, 1, 57]"
671,f1c3ad469195405c688042f0036b99c72e297caf68d5072135ef1b11f02173c3,18,467,datacopy/Stefano/f1c3ad469195405c688042f0036b99c72e297caf68d5072135ef1b11f02173c3,"[133, 3, 1, 1, 39, 96, 1, 38, 3, 368, 1, 114, 1, 70, 122, 1840, 44, 7, 1358, 222, 1, 1, 1, 57]"
672,d94ed898dd7ff938b58adfb00ddd648a9d04a976a5f4387aa98f73f1c43b12f1,18,467,datacopy/Stefano/d94ed898dd7ff938b58adfb00ddd648a9d04a976a5f4387aa98f73f1c43b12f1,"[133, 3, 1, 1, 39, 96, 1, 38, 3, 368, 1, 114, 1, 70, 122, 1840, 44, 7, 1358, 222, 1, 1, 1, 57]"
673,41ae9a8a2f9ea2c627b84d40c574e2039c4853a88757282bf8daf74b5e9654b0,18,3,datacopy/Stefano/41ae9a8a2f9ea2c627b84d40c574e2039c4853a88757282bf8daf74b5e9654b0,"[133, 3, 1, 1, 39, 96, 1, 38, 3, 368, 1, 114, 1, 70, 122, 1840, 44, 7, 1358, 222, 1, 1, 1, 57]"
674,d809c7394168a8a1427a9c2eb0b6f08a808a98b0faba76a91b1ab656e1dd498d,18,129,datacopy/Stefano/d809c7394168a8a1427a9c2eb0b6f08a808a98b0faba76a91b1ab656e1dd498d,"[133, 3, 1, 1, 39, 96, 1, 38, 3, 368, 1, 114, 1, 70, 122, 1840, 44, 7, 1358, 222, 1, 1, 1, 57]"
675,82b0fbc97bc0e8f239e611b92a692308b1c486a8656d0bce86c67aeb9712fd0e,18,467,datacopy/Stefano/82b0fbc97bc0e8f239e611b92a692308b1c486a8656d0bce86c67aeb9712fd0e,"[133, 3, 1, 1, 39, 96, 1, 38, 3, 368, 1, 114, 1, 70, 122, 1840, 44, 7, 1358, 222, 1, 1, 1, 57]"
676,92b0ae0240b17bebf830b29b4244556e91c83672d7caaa95fe401b8e0c3b3ffc,18,467,datacopy/Stefano/92b0ae0240b17bebf830b29b4244556e91c83672d7caaa95fe401b8e0c3b3ffc,"[133, 3, 1, 1, 39, 96, 1, 38, 3, 368, 1, 114, 1, 70, 122, 1840, 44, 7, 1358, 222, 1, 1, 1, 57]"
677,d4490870790962f28f7aa7020581106660ab7ca3a5bb04ee18172ecab0016502,18,467,datacopy/Stefano/d4490870790962f28f7aa7020581106660ab7ca3a5bb04ee18172ecab0016502,"[133, 3, 1, 1, 39, 96, 1, 38, 3, 368, 1, 114, 1, 70, 122, 1840, 44, 7, 1358, 222, 1, 1, 1, 57]"
678,dc8407aa1eabc66e2c9ef86ed8c9484e52b25a090b7d24493de9b42fd1946db7,18,129,datacopy/Stefano/dc8407aa1eabc66e2c9ef86ed8c9484e52b25a090b7d24493de9b42fd1946db7,"[133, 3, 1, 1, 39, 96, 1, 38, 3, 368, 1, 114, 1, 70, 122, 1840, 44, 7, 1358, 222, 1, 1, 1, 57]"
679,fb468a86cbc04279e1a866863887a9107be77a9c5788cd3115c3e4fe70bf8071,18,467,datacopy/Stefano/fb468a86cbc04279e1a866863887a9107be77a9c5788cd3115c3e4fe70bf8071,"[133, 3, 1, 1, 39, 96, 1, 38, 3, 368, 1, 114, 1, 70, 122, 1840, 44, 7, 1358, 222, 1, 1, 1, 57]"
680,f469a4ee00c2d17272dec98ae3cfa075cf74221d0d777ca58d03d1e26afeb817,18,467,datacopy/Stefano/f469a4ee00c2d17272dec98ae3cfa075cf74221d0d777ca58d03d1e26afeb817,"[133, 3, 1, 1, 39, 96, 1, 38, 3, 368, 1, 114, 1, 70, 122, 1840, 44, 7, 1358, 222, 1, 1, 1, 57]"
681,618cfd4821110f58b3245b01f74eb5c361488abc6129373bc55b308f2baf0a38,18,129,datacopy/Stefano/618cfd4821110f58b3245b01f74eb5c361488abc6129373bc55b308f2baf0a38,"[133, 3, 1, 1, 39, 96, 1, 38, 3, 368, 1, 114, 1, 70, 122, 1840, 44, 7, 1358, 222, 1, 1, 1, 57]"
682,6bbb5af9a20c9006d7ecdc21c1847f36d89cc243f65e84f53ba50533078b4b4e,18,467,datacopy/Stefano/6bbb5af9a20c9006d7ecdc21c1847f36d89cc243f65e84f53ba50533078b4b4e,"[133, 3, 1, 1, 39, 96, 1, 38, 3, 368, 1, 114, 1, 70, 122, 1840, 44, 7, 1358, 222, 1, 1, 1, 57]"
683,19ec40c69ea99ed6fd57eff315952a86241e33da2fd80ee63ea174e9bed7f5d5,18,129,datacopy/Stefano/19ec40c69ea99ed6fd57eff315952a86241e33da2fd80ee63ea174e9bed7f5d5,"[133, 3, 1, 1, 39, 96, 1, 38, 3, 368, 1, 114, 1, 70, 122, 1840, 44, 7, 1358, 222, 1, 1, 1, 57]"
684,2cc3b3405e5cd23841b96e618f322f729f8eb81729dd129f6f6e5ca374c93780,18,467,datacopy/Stefano/2cc3b3405e5cd23841b96e618f322f729f8eb81729dd129f6f6e5ca374c93780,"[133, 3, 1, 1, 39, 96, 1, 38, 3, 368, 1, 114, 1, 70, 122, 1840, 44, 7, 1358, 222, 1, 1, 1, 57]"
685,81f81a01bc9f86f84ff40f083a9a458f377d69a2e2858cb28639a8c7b2bc6341,18,467,datacopy/Stefano/81f81a01bc9f86f84ff40f083a9a458f377d69a2e2858cb28639a8c7b2bc6341,"[133, 3, 1, 1, 39, 96, 1, 38, 3, 368, 1, 114, 1, 70, 122, 1840, 44, 7, 1358, 222, 1, 1, 1, 57]"
686,3f07befbe269dc6833343b395c45e1137903beecb08f093ff0a8e7b7de48a9ce,18,467,datacopy/Stefano/3f07befbe269dc6833343b395c45e1137903beecb08f093ff0a8e7b7de48a9ce,"[133, 3, 1, 1, 39, 96, 1, 38, 3, 368, 1, 114, 1, 70, 122, 1840, 44, 7, 1358, 222, 1, 1, 1, 57]"
687,a2ec3ad156643272ad4ea5d35a86c07f5a092287e2e6729512305d35f531396d,18,129,datacopy/Stefano/a2ec3ad156643272ad4ea5d35a86c07f5a092287e2e6729512305d35f531396d,"[133, 3, 1, 1, 39, 96, 1, 38, 3, 368, 1, 114, 1, 70, 122, 1840, 44, 7, 1358, 222, 1, 1, 1, 57]"
688,93177d2191f60ef201e5ae39033fff673fea33612916bd49cdada7647968802c,18,467,datacopy/Stefano/93177d2191f60ef201e5ae39033fff673fea33612916bd49cdada7647968802c,"[133, 3, 1, 1, 39, 96, 1, 38, 3, 368, 1, 114, 1, 70, 122, 1840, 44, 7, 1358, 222, 1, 1, 1, 57]"
689,91afef0fcb789489e17a791990d3d2a62ed678928a7c92bdb1d592fbe1e561c0,18,129,datacopy/Stefano/91afef0fcb789489e17a791990d3d2a62ed678928a7c92bdb1d592fbe1e561c0,"[133, 3, 1, 1, 39, 96, 1, 38, 3, 368, 1, 114, 1, 70, 122, 1840, 44, 7, 1358, 222, 1, 1, 1, 57]"
690,656cbb4f94cb78d9592f44ba05cd3003ec5f378112c1e5c2c9151f1ad303e38d,18,129,datacopy/Stefano/656cbb4f94cb78d9592f44ba05cd3003ec5f378112c1e5c2c9151f1ad303e38d,"[133, 3, 1, 1, 39, 96, 1, 38, 3, 368, 1, 114, 1, 70, 122, 1840, 44, 7, 1358, 222, 1, 1, 1, 57]"
691,ebd85211599ecb4d5da83106787dc993222580add077ad5604c0343b64e38439,18,129,datacopy/Stefano/ebd85211599ecb4d5da83106787dc993222580add077ad5604c0343b64e38439,"[133, 3, 1, 1, 39, 96, 1, 38, 3, 368, 1, 114, 1, 70, 122, 1840, 44, 7, 1358, 222, 1, 1, 1, 57]"
692,cb759b049ca36a0408c5f05d9dcd2d3ab432671a8337427c8023524eed1a1f08,18,467,datacopy/Stefano/cb759b049ca36a0408c5f05d9dcd2d3ab432671a8337427c8023524eed1a1f08,"[133, 3, 1, 1, 39, 96, 1, 38, 3, 368, 1, 114, 1, 70, 122, 1840, 44, 7, 1358, 222, 1, 1, 1, 57]"
693,70e1986853d918110860d47c7deceff7fe9b4c3825f3570b1a5b2db3f11b7f7b,18,129,datacopy/Stefano/70e1986853d918110860d47c7deceff7fe9b4c3825f3570b1a5b2db3f11b7f7b,"[133, 3, 1, 1, 39, 96, 1, 38, 3, 368, 1, 114, 1, 70, 122, 1840, 44, 7, 1358, 222, 1, 1, 1, 57]"
694,43307b9abd908eb8c7aca13d494a56d789d9c3a9cd3ce6f77473462bdfbdaa55,18,467,datacopy/Stefano/43307b9abd908eb8c7aca13d494a56d789d9c3a9cd3ce6f77473462bdfbdaa55,"[133, 3, 1, 1, 39, 96, 1, 38, 3, 368, 1, 114, 1, 70, 122, 1840, 44, 7, 1358, 222, 1, 1, 1, 57]"
695,ba4c7b25c1be41eae037f63ef02508aaff3e2ebef413d4e1b8ced577423d3e70,18,129,datacopy/Stefano/ba4c7b25c1be41eae037f63ef02508aaff3e2ebef413d4e1b8ced577423d3e70,"[133, 3, 1, 1, 39, 96, 1, 38, 3, 368, 1, 114, 1, 70, 122, 1840, 44, 7, 1358, 222, 1, 1, 1, 57]"
696,e4e1be740dbe66ba19fcb099e16a5c223f5246dc1492d6bb957db266fed76dd6,18,467,datacopy/Stefano/e4e1be740dbe66ba19fcb099e16a5c223f5246dc1492d6bb957db266fed76dd6,"[133, 3, 1, 1, 39, 96, 1, 38, 3, 368, 1, 114, 1, 70, 122, 1840, 44, 7, 1358, 222, 1, 1, 1, 57]"
697,397fff4081a21ef99f847049a7248ac7e464e96cc62d48399f77fedde80c0110,18,129,datacopy/Stefano/397fff4081a21ef99f847049a7248ac7e464e96cc62d48399f77fedde80c0110,"[133, 3, 1, 1, 39, 96, 1, 38, 3, 368, 1, 114, 1, 70, 122, 1840, 44, 7, 1358, 222, 1, 1, 1, 57]"
698,ccc11064df4862f418d304ba8006cf77f7e2e84da3442a7c26ade61ec9d156cc,18,467,datacopy/Stefano/ccc11064df4862f418d304ba8006cf77f7e2e84da3442a7c26ade61ec9d156cc,"[133, 3, 1, 1, 39, 96, 1, 38, 3, 368, 1, 114, 1, 70, 122, 1840, 44, 7, 1358, 222, 1, 1, 1, 57]"
699,26546052ae7f48b23277acde858a661328774b757e381e958152d7dcdb6bca01,18,129,datacopy/Stefano/26546052ae7f48b23277acde858a661328774b757e381e958152d7dcdb6bca01,"[133, 3, 1, 1, 39, 96, 1, 38, 3, 368, 1, 114, 1, 70, 122, 1840, 44, 7, 1358, 222, 1, 1, 1, 57]"
700,7cca45c65e2b8db591957792702acee067f6c87e2be0e1da35441ff3e6756651,18,467,datacopy/Stefano/7cca45c65e2b8db591957792702acee067f6c87e2be0e1da35441ff3e6756651,"[133, 3, 1, 1, 39, 96, 1, 38, 3, 368, 1, 114, 1, 70, 122, 1840, 44, 7, 1358, 222, 1, 1, 1, 57]"
701,e8772ca46189ffaff5c823ce1b747a9f3f7c6e17b722ab01c11ef439fa3c2398,18,467,datacopy/Stefano/e8772ca46189ffaff5c823ce1b747a9f3f7c6e17b722ab01c11ef439fa3c2398,"[133, 3, 1, 1, 39, 96, 1, 38, 3, 368, 1, 114, 1, 70, 122, 1840, 44, 7, 1358, 222, 1, 1, 1, 57]"
702,9b8c77007e790abd7e36616f88f2bfd9d241dc9bd1a7cca7e86ceabe28dddcf2,18,467,datacopy/Stefano/9b8c77007e790abd7e36616f88f2bfd9d241dc9bd1a7cca7e86ceabe28dddcf2,"[133, 3, 1, 1, 39, 96, 1, 38, 3, 368, 1, 114, 1, 70, 122, 1840, 44, 7, 1358, 222, 1, 1, 1, 57]"
703,95de46ad427acbcea369a809cd23e687bc714fe788b5267511dcf97cf35f0073,18,467,datacopy/Stefano/95de46ad427acbcea369a809cd23e687bc714fe788b5267511dcf97cf35f0073,"[133, 3, 1, 1, 39, 96, 1, 38, 3, 368, 1, 114, 1, 70, 122, 1840, 44, 7, 1358, 222, 1, 1, 1, 57]"
704,303d7125e423bc22ab619e48c59958ef03a37d41316a0e3503a47a911736a630,18,1358,datacopy/Stefano/303d7125e423bc22ab619e48c59958ef03a37d41316a0e3503a47a911736a630,"[133, 3, 1, 1, 39, 96, 1, 38, 3, 368, 1, 114, 1, 70, 122, 1840, 44, 7, 1358, 222, 1, 1, 1, 57]"
705,ed4cdde0f476540337fa74b9b9e745251f031536fe2ac404947c99f018a812ce,18,467,datacopy/Stefano/ed4cdde0f476540337fa74b9b9e745251f031536fe2ac404947c99f018a812ce,"[133, 3, 1, 1, 39, 96, 1, 38, 3, 368, 1, 114, 1, 70, 122, 1840, 44, 7, 1358, 222, 1, 1, 1, 57]"
706,123825af2b72d77cafbe56b30514a2dff45382f8e50c3ac8d5ef0a04889f848c,18,129,datacopy/Stefano/123825af2b72d77cafbe56b30514a2dff45382f8e50c3ac8d5ef0a04889f848c,"[133, 3, 1, 1, 39, 96, 1, 38, 3, 368, 1, 114, 1, 70, 122, 1840, 44, 7, 1358, 222, 1, 1, 1, 57]"
707,bb3d5c6590a77b2abf2fab66026c9a60954ec089c466ad3e4989e60662d4091d,18,467,datacopy/Stefano/bb3d5c6590a77b2abf2fab66026c9a60954ec089c466ad3e4989e60662d4091d,"[133, 3, 1, 1, 39, 96, 1, 38, 3, 368, 1, 114, 1, 70, 122, 1840, 44, 7, 1358, 222, 1, 1, 1, 57]"
708,b55454e828b55831bf881705517ecc9acd1254b57b4bbb9f4f4db5a295c3107f,18,467,datacopy/Stefano/b55454e828b55831bf881705517ecc9acd1254b57b4bbb9f4f4db5a295c3107f,"[133, 3, 1, 1, 39, 96, 1, 38, 3, 368, 1, 114, 1, 70, 122, 1840, 44, 7, 1358, 222, 1, 1, 1, 57]"
709,4989b2c7538306b2ae1d9dc594a7ab9466ae616a7297aa8ec09ebf8d137b289a,18,129,datacopy/Stefano/4989b2c7538306b2ae1d9dc594a7ab9466ae616a7297aa8ec09ebf8d137b289a,"[133, 3, 1, 1, 39, 96, 1, 38, 3, 368, 1, 114, 1, 70, 122, 1840, 44, 7, 1358, 222, 1, 1, 1, 57]"
710,a322dda5680f1cd3353f0ff15ada1d3e8a2756a5544dcb8c3f64f09754e752e0,18,3,datacopy/Stefano/a322dda5680f1cd3353f0ff15ada1d3e8a2756a5544dcb8c3f64f09754e752e0,"[133, 3, 1, 1, 39, 96, 1, 38, 3, 368, 1, 114, 1, 70, 122, 1840, 44, 7, 1358, 222, 1, 1, 1, 57]"
711,b2f642bd93b8b35e47d99e8a95cf064bd2e8316d99c65157614036dd16f7e505,18,467,datacopy/Stefano/b2f642bd93b8b35e47d99e8a95cf064bd2e8316d99c65157614036dd16f7e505,"[133, 3, 1, 1, 39, 96, 1, 38, 3, 368, 1, 114, 1, 70, 122, 1840, 44, 7, 1358, 222, 1, 1, 1, 57]"
712,064cd3d7499272cfa3256997fb794667cb4db69ffb2c77aed29958c0d94d448e,18,54,datacopy/Stefano/064cd3d7499272cfa3256997fb794667cb4db69ffb2c77aed29958c0d94d448e,"[133, 3, 1, 1, 39, 96, 1, 38, 3, 368, 1, 114, 1, 70, 122, 1840, 44, 7, 1358, 222, 1, 1, 1, 57]"
713,c2b8f0a639ecefb11c88550ae87f23c451535ebe354fbfa3e463e2d186aeea65,18,467,datacopy/Stefano/c2b8f0a639ecefb11c88550ae87f23c451535ebe354fbfa3e463e2d186aeea65,"[133, 3, 1, 1, 39, 96, 1, 38, 3, 368, 1, 114, 1, 70, 122, 1840, 44, 7, 1358, 222, 1, 1, 1, 57]"
714,a4b24cbc9fc3080de1a02125674f9fb96b13d4e77f31c55ddbe5f76e71b91efd,18,129,datacopy/Stefano/a4b24cbc9fc3080de1a02125674f9fb96b13d4e77f31c55ddbe5f76e71b91efd,"[133, 3, 1, 1, 39, 96, 1, 38, 3, 368, 1, 114, 1, 70, 122, 1840, 44, 7, 1358, 222, 1, 1, 1, 57]"
715,ec5ccc04999d577b2913316e155704d5a7b6c9f8442940d2d3ea7433d071151e,18,467,datacopy/Stefano/ec5ccc04999d577b2913316e155704d5a7b6c9f8442940d2d3ea7433d071151e,"[133, 3, 1, 1, 39, 96, 1, 38, 3, 368, 1, 114, 1, 70, 122, 1840, 44, 7, 1358, 222, 1, 1, 1, 57]"
716,b1fd73a589d5340b2efae5192a4e7ec2bae2332afb9022bb3c6111c029261e8e,18,467,datacopy/Stefano/b1fd73a589d5340b2efae5192a4e7ec2bae2332afb9022bb3c6111c029261e8e,"[133, 3, 1, 1, 39, 96, 1, 38, 3, 368, 1, 114, 1, 70, 122, 1840, 44, 7, 1358, 222, 1, 1, 1, 57]"
717,ff2f76f7b1e8f1970be37e64abcdec771f731a361587553cca7a0636aca34885,18,467,datacopy/Stefano/ff2f76f7b1e8f1970be37e64abcdec771f731a361587553cca7a0636aca34885,"[133, 3, 1, 1, 39, 96, 1, 38, 3, 368, 1, 114, 1, 70, 122, 1840, 44, 7, 1358, 222, 1, 1, 1, 57]"
718,e550502ba19e5f8885cb60d27a9eaf1f69fd18798bd66f1145f89addb51e3ce8,18,54,datacopy/Stefano/e550502ba19e5f8885cb60d27a9eaf1f69fd18798bd66f1145f89addb51e3ce8,"[133, 3, 1, 1, 39, 96, 1, 38, 3, 368, 1, 114, 1, 70, 122, 1840, 44, 7, 1358, 222, 1, 1, 1, 57]"
719,a4d566b38bdd21119176ccea769d0188ca10c8269e31cb8db8ff78a726680848,18,467,datacopy/Stefano/a4d566b38bdd21119176ccea769d0188ca10c8269e31cb8db8ff78a726680848,"[133, 3, 1, 1, 39, 96, 1, 38, 3, 368, 1, 114, 1, 70, 122, 1840, 44, 7, 1358, 222, 1, 1, 1, 57]"
720,7cee90e984901eece78d944ba4dcf2d0a07644e1a144295bd485398dbdaa0f00,18,467,datacopy/Stefano/7cee90e984901eece78d944ba4dcf2d0a07644e1a144295bd485398dbdaa0f00,"[133, 3, 1, 1, 39, 96, 1, 38, 3, 368, 1, 114, 1, 70, 122, 1840, 44, 7, 1358, 222, 1, 1, 1, 57]"
721,92faea13242a8738ba9f1e7669ed074d2399fabf0f27e52d001cf7af1158a0d9,18,3,datacopy/Stefano/92faea13242a8738ba9f1e7669ed074d2399fabf0f27e52d001cf7af1158a0d9,"[133, 3, 1, 1, 39, 96, 1, 38, 3, 368, 1, 114, 1, 70, 122, 1840, 44, 7, 1358, 222, 1, 1, 1, 57]"
722,a0c440dae0d35490a6d13b1af1c1cc41b50895d4980e5b57a7875beee2f3185c,18,467,datacopy/Stefano/a0c440dae0d35490a6d13b1af1c1cc41b50895d4980e5b57a7875beee2f3185c,"[133, 3, 1, 1, 39, 96, 1, 38, 3, 368, 1, 114, 1, 70, 122, 1840, 44, 7, 1358, 222, 1, 1, 1, 57]"
723,756aa68429196b9ff02975e851681a02bdc953588fc39b80fc86ea86a63b5229,18,467,datacopy/Stefano/756aa68429196b9ff02975e851681a02bdc953588fc39b80fc86ea86a63b5229,"[133, 3, 1, 1, 39, 96, 1, 38, 3, 368, 1, 114, 1, 70, 122, 1840, 44, 7, 1358, 222, 1, 1, 1, 57]"
724,cd707eb1f006b18f168abc46827a5f936b4395b39f144beb706f64c3c41b88fe,18,467,datacopy/Stefano/cd707eb1f006b18f168abc46827a5f936b4395b39f144beb706f64c3c41b88fe,"[133, 3, 1, 1, 39, 96, 1, 38, 3, 368, 1, 114, 1, 70, 122, 1840, 44, 7, 1358, 222, 1, 1, 1, 57]"
725,4bfb000c04008db007a49f0b4437b7b677a4a905045284e142462a50ab30d218,18,1391,datacopy/Stefano/4bfb000c04008db007a49f0b4437b7b677a4a905045284e142462a50ab30d218,"[133, 3, 1, 1, 39, 96, 1, 38, 3, 368, 1, 114, 1, 70, 122, 1840, 44, 7, 1358, 222, 1, 1, 1, 57]"
726,d1e8570d0f63b42238b1823600718f73549d470ecf94fd9265728c99c4a348b6,18,129,datacopy/Stefano/d1e8570d0f63b42238b1823600718f73549d470ecf94fd9265728c99c4a348b6,"[133, 3, 1, 1, 39, 96, 1, 38, 3, 368, 1, 114, 1, 70, 122, 1840, 44, 7, 1358, 222, 1, 1, 1, 57]"
727,87a42ff64b84abfea0be864fd12391a0957ec03fdaabea9a3daae2057d819406,18,467,datacopy/Stefano/87a42ff64b84abfea0be864fd12391a0957ec03fdaabea9a3daae2057d819406,"[133, 3, 1, 1, 39, 96, 1, 38, 3, 368, 1, 114, 1, 70, 122, 1840, 44, 7, 1358, 222, 1, 1, 1, 57]"
728,0c040ecffb18820e9d284dd7b798f49b8dbff2720ea9e4542200af09741963ae,18,3,datacopy/Stefano/0c040ecffb18820e9d284dd7b798f49b8dbff2720ea9e4542200af09741963ae,"[133, 3, 1, 1, 39, 96, 1, 38, 3, 368, 1, 114, 1, 70, 122, 1840, 44, 7, 1358, 222, 1, 1, 1, 57]"
729,cdcda547c0c1620e48e9e6e71a4f36d1453a4b61c54acd5cf8f35877cebc0018,18,467,datacopy/Stefano/cdcda547c0c1620e48e9e6e71a4f36d1453a4b61c54acd5cf8f35877cebc0018,"[133, 3, 1, 1, 39, 96, 1, 38, 3, 368, 1, 114, 1, 70, 122, 1840, 44, 7, 1358, 222, 1, 1, 1, 57]"
730,9bfc7b6423cbe52395e2dbb70b6a634188eddccdf57e607ebbe0ac528f511148,18,467,datacopy/Stefano/9bfc7b6423cbe52395e2dbb70b6a634188eddccdf57e607ebbe0ac528f511148,"[133, 3, 1, 1, 39, 96, 1, 38, 3, 368, 1, 114, 1, 70, 122, 1840, 44, 7, 1358, 222, 1, 1, 1, 57]"
731,5c47fb8b93590b3422538c91966f92857bf746504e09137bff1a9145828f7fd3,18,1257,datacopy/Stefano/5c47fb8b93590b3422538c91966f92857bf746504e09137bff1a9145828f7fd3,"[133, 3, 1, 1, 39, 96, 1, 38, 3, 368, 1, 114, 1, 70, 122, 1840, 44, 7, 1358, 222, 1, 1, 1, 57]"
732,811b7ccbea4c36c5c8296ebc82e35cbf3a2d04cec9d330adfdeb10d8515a3b65,18,467,datacopy/Stefano/811b7ccbea4c36c5c8296ebc82e35cbf3a2d04cec9d330adfdeb10d8515a3b65,"[133, 3, 1, 1, 39, 96, 1, 38, 3, 368, 1, 114, 1, 70, 122, 1840, 44, 7, 1358, 222, 1, 1, 1, 57]"
733,7b347120cbb6d8651bd9ebc120ba496da5a862ecdda5b031cafee0550e89ea0d,18,129,datacopy/Stefano/7b347120cbb6d8651bd9ebc120ba496da5a862ecdda5b031cafee0550e89ea0d,"[133, 3, 1, 1, 39, 96, 1, 38, 3, 368, 1, 114, 1, 70, 122, 1840, 44, 7, 1358, 222, 1, 1, 1, 57]"
734,9f05b5ca049aee1d87bac8d7884f88512dd25de7e0200124214931ba87dffb23,18,467,datacopy/Stefano/9f05b5ca049aee1d87bac8d7884f88512dd25de7e0200124214931ba87dffb23,"[133, 3, 1, 1, 39, 96, 1, 38, 3, 368, 1, 114, 1, 70, 122, 1840, 44, 7, 1358, 222, 1, 1, 1, 57]"
735,f0e170a42e494a01c2f99e8e23a32dd7193c8088cd32ef4125590207b6838fca,18,467,datacopy/Stefano/f0e170a42e494a01c2f99e8e23a32dd7193c8088cd32ef4125590207b6838fca,"[133, 3, 1, 1, 39, 96, 1, 38, 3, 368, 1, 114, 1, 70, 122, 1840, 44, 7, 1358, 222, 1, 1, 1, 57]"
736,b22e3007e91401a20619fa3f8a8525a9ffd8872daa51fc1ee001d2da1726b648,18,129,datacopy/Stefano/b22e3007e91401a20619fa3f8a8525a9ffd8872daa51fc1ee001d2da1726b648,"[133, 3, 1, 1, 39, 96, 1, 38, 3, 368, 1, 114, 1, 70, 122, 1840, 44, 7, 1358, 222, 1, 1, 1, 57]"
737,e76d440cd213ba100686353ae85473a370e55de12e2e713da00e094c9b1eae91,18,467,datacopy/Stefano/e76d440cd213ba100686353ae85473a370e55de12e2e713da00e094c9b1eae91,"[133, 3, 1, 1, 39, 96, 1, 38, 3, 368, 1, 114, 1, 70, 122, 1840, 44, 7, 1358, 222, 1, 1, 1, 57]"
738,46fb7f9d49bf9b13db6fe3192bff102406c2075f2b0f89729208c895e832b736,18,129,datacopy/Stefano/46fb7f9d49bf9b13db6fe3192bff102406c2075f2b0f89729208c895e832b736,"[133, 3, 1, 1, 39, 96, 1, 38, 3, 368, 1, 114, 1, 70, 122, 1840, 44, 7, 1358, 222, 1, 1, 1, 57]"
739,d73dfa46e2031b22729308f5759dd626db58152c634b04e2aa74721cb15b0526,18,129,datacopy/Stefano/d73dfa46e2031b22729308f5759dd626db58152c634b04e2aa74721cb15b0526,"[133, 3, 1, 1, 39, 96, 1, 38, 3, 368, 1, 114, 1, 70, 122, 1840, 44, 7, 1358, 222, 1, 1, 1, 57]"
740,d6b8afdf4e87a3b15c58854964353e989d530ca7b835e687d496ef375e7f4887,18,467,datacopy/Stefano/d6b8afdf4e87a3b15c58854964353e989d530ca7b835e687d496ef375e7f4887,"[133, 3, 1, 1, 39, 96, 1, 38, 3, 368, 1, 114, 1, 70, 122, 1840, 44, 7, 1358, 222, 1, 1, 1, 57]"
741,e04c471afa6295f543092ef91a365b60cbfc6c443ae0ca11afb4629758e22693,18,1439,datacopy/Stefano/e04c471afa6295f543092ef91a365b60cbfc6c443ae0ca11afb4629758e22693,"[133, 3, 1, 1, 39, 96, 1, 38, 3, 368, 1, 114, 1, 70, 122, 1840, 44, 7, 1358, 222, 1, 1, 1, 57]"
742,d1c39c4f7507854177d47c51eddab47bb49f353ca5f87dfe3c35b7760b1ec839,18,3,datacopy/Stefano/d1c39c4f7507854177d47c51eddab47bb49f353ca5f87dfe3c35b7760b1ec839,"[133, 3, 1, 1, 39, 96, 1, 38, 3, 368, 1, 114, 1, 70, 122, 1840, 44, 7, 1358, 222, 1, 1, 1, 57]"
743,f50a9a4a88d7577aaaa74a288c08cfe9e8ed1f76f5f8a83bd174502c9974ae3d,18,467,datacopy/Stefano/f50a9a4a88d7577aaaa74a288c08cfe9e8ed1f76f5f8a83bd174502c9974ae3d,"[133, 3, 1, 1, 39, 96, 1, 38, 3, 368, 1, 114, 1, 70, 122, 1840, 44, 7, 1358, 222, 1, 1, 1, 57]"
744,bb461b897fcb5f67e8cb6fa18443e36ef735ccb0911e4dc8e95a7f862ea0c733,18,219,datacopy/Stefano/bb461b897fcb5f67e8cb6fa18443e36ef735ccb0911e4dc8e95a7f862ea0c733,"[133, 3, 1, 1, 39, 96, 1, 38, 3, 368, 1, 114, 1, 70, 122, 1840, 44, 7, 1358, 222, 1, 1, 1, 57]"
745,a8f99d58af3016cd6db7c206da3f66db299010d386c669b2a335e8bc5588dcce,18,467,datacopy/Stefano/a8f99d58af3016cd6db7c206da3f66db299010d386c669b2a335e8bc5588dcce,"[133, 3, 1, 1, 39, 96, 1, 38, 3, 368, 1, 114, 1, 70, 122, 1840, 44, 7, 1358, 222, 1, 1, 1, 57]"
746,7398657de67dd507c4370d2ec425d65efe00ede4da67eadf222e80b5d6af5f17,18,467,datacopy/Stefano/7398657de67dd507c4370d2ec425d65efe00ede4da67eadf222e80b5d6af5f17,"[133, 3, 1, 1, 39, 96, 1, 38, 3, 368, 1, 114, 1, 70, 122, 1840, 44, 7, 1358, 222, 1, 1, 1, 57]"
747,b9d385ae52d90b73ce17b041f2ce4aa675ea678ba753c1c04f952406ab2c84db,18,3,datacopy/Stefano/b9d385ae52d90b73ce17b041f2ce4aa675ea678ba753c1c04f952406ab2c84db,"[133, 3, 1, 1, 39, 96, 1, 38, 3, 368, 1, 114, 1, 70, 122, 1840, 44, 7, 1358, 222, 1, 1, 1, 57]"
748,810c19e6e2285c08daf6aa892915e37bf640cdac.bin,21,477,datacopy/UCSB.JP/data_feed.geo_japan_6m_public_flag/8/1/0/810c19e6e2285c08daf6aa892915e37bf640cdac.bin,"[114, 33, 1466, 3, 7, 1458, 1457, 1, 17, 1454, 12, 1471, 1, 295, 437, 8, 1469, 28, 9, 170, 47]"
749,a4452594eade4942776f8b76b0a9aa764cbc14b4.bin,21,477,datacopy/UCSB.JP/data_feed.geo_japan_6m_public_flag/a/4/4/a4452594eade4942776f8b76b0a9aa764cbc14b4.bin,"[114, 33, 1466, 3, 7, 1458, 1457, 1, 17, 1454, 12, 1471, 1, 295, 437, 8, 1469, 28, 9, 170, 47]"
750,a46a1f57e76f8aff9fb9b69525ceee20244d18f4.bin,21,477,datacopy/UCSB.JP/data_feed.geo_japan_6m_public_flag/a/4/6/a46a1f57e76f8aff9fb9b69525ceee20244d18f4.bin,"[114, 33, 1466, 3, 7, 1458, 1457, 1, 17, 1454, 12, 1471, 1, 295, 437, 8, 1469, 28, 9, 170, 47]"
751,b47211a7975283bb44a7949b179ed9d5b5123b13.bin,21,477,datacopy/UCSB.JP/data_feed.geo_japan_6m_public_flag/b/4/7/b47211a7975283bb44a7949b179ed9d5b5123b13.bin,"[114, 33, 1466, 3, 7, 1458, 1457, 1, 17, 1454, 12, 1471, 1, 295, 437, 8, 1469, 28, 9, 170, 47]"
752,3687faaaed2263d510405e200e2b8fc17f06b675.bin,21,477,datacopy/UCSB.JP/data_feed.geo_japan_6m_public_flag/3/6/8/3687faaaed2263d510405e200e2b8fc17f06b675.bin,"[114, 33, 1466, 3, 7, 1458, 1457, 1, 17, 1454, 12, 1471, 1, 295, 437, 8, 1469, 28, 9, 170, 47]"
753,95caa0eac8859436152dd3b57c343e40de811b12.bin,21,477,datacopy/UCSB.JP/data_feed.geo_japan_6m_public_flag/9/5/c/95caa0eac8859436152dd3b57c343e40de811b12.bin,"[114, 33, 1466, 3, 7, 1458, 1457, 1, 17, 1454, 12, 1471, 1, 295, 437, 8, 1469, 28, 9, 170, 47]"
754,1505a1c51722ba8261db3107bcc9451170b5488d.bin,21,477,datacopy/UCSB.JP/data_feed.geo_japan_6m_public_flag/1/5/0/1505a1c51722ba8261db3107bcc9451170b5488d.bin,"[114, 33, 1466, 3, 7, 1458, 1457, 1, 17, 1454, 12, 1471, 1, 295, 437, 8, 1469, 28, 9, 170, 47]"
755,c22bf80b6fa227e493d4147fbe977ff51470c78e.bin,21,477,datacopy/UCSB.JP/data_feed.geo_japan_6m_public_flag/c/2/2/c22bf80b6fa227e493d4147fbe977ff51470c78e.bin,"[114, 33, 1466, 3, 7, 1458, 1457, 1, 17, 1454, 12, 1471, 1, 295, 437, 8, 1469, 28, 9, 170, 47]"
756,08f181dd216f4db691aacfe48b9b05a5a179c2c4.bin,21,477,datacopy/UCSB.JP/data_feed.geo_japan_6m_public_flag/0/8/f/08f181dd216f4db691aacfe48b9b05a5a179c2c4.bin,"[114, 33, 1466, 3, 7, 1458, 1457, 1, 17, 1454, 12, 1471, 1, 295, 437, 8, 1469, 28, 9, 170, 47]"
757,62067b7db7a766f00b6f66240bea9543cdcbedb1.bin,21,477,datacopy/UCSB.JP/data_feed.geo_japan_6m_public_flag/6/2/0/62067b7db7a766f00b6f66240bea9543cdcbedb1.bin,"[114, 33, 1466, 3, 7, 1458, 1457, 1, 17, 1454, 12, 1471, 1, 295, 437, 8, 1469, 28, 9, 170, 47]"
758,656b33750ebdfc3849608dfcad60af7afbfd6b34.bin,21,477,datacopy/UCSB.JP/data_feed.geo_japan_6m_public_flag/6/5/6/656b33750ebdfc3849608dfcad60af7afbfd6b34.bin,"[114, 33, 1466, 3, 7, 1458, 1457, 1, 17, 1454, 12, 1471, 1, 295, 437, 8, 1469, 28, 9, 170, 47]"
759,deda38a346ca255cd62bbba787eac602afa77157.bin,21,477,datacopy/UCSB/deda38a346ca255cd62bbba787eac602afa77157.bin,"[114, 33, 1466, 3, 7, 1458, 1457, 1, 17, 1454, 12, 1471, 1, 295, 437, 8, 1469, 28, 9, 170, 47]"
760,633a1a7efeb4d36c8abb9edad2b6296070f12e38.bin,21,477,datacopy/UCSB/633a1a7efeb4d36c8abb9edad2b6296070f12e38.bin,"[114, 33, 1466, 3, 7, 1458, 1457, 1, 17, 1454, 12, 1471, 1, 295, 437, 8, 1469, 28, 9, 170, 47]"
761,fbbc8911de143a8a17fe4999e4565c1d6e516ab9.bin,21,477,datacopy/UCSB/fbbc8911de143a8a17fe4999e4565c1d6e516ab9.bin,"[114, 33, 1466, 3, 7, 1458, 1457, 1, 17, 1454, 12, 1471, 1, 295, 437, 8, 1469, 28, 9, 170, 47]"
762,72efa8f5364723cd81285c0251129060cb7dc4a9.bin,21,477,datacopy/UCSB/72efa8f5364723cd81285c0251129060cb7dc4a9.bin,"[114, 33, 1466, 3, 7, 1458, 1457, 1, 17, 1454, 12, 1471, 1, 295, 437, 8, 1469, 28, 9, 170, 47]"
763,b0ab5f51ac12c16c033f3bf926ef57a02e5c9bda.bin,21,477,datacopy/UCSB/b0ab5f51ac12c16c033f3bf926ef57a02e5c9bda.bin,"[114, 33, 1466, 3, 7, 1458, 1457, 1, 17, 1454, 12, 1471, 1, 295, 437, 8, 1469, 28, 9, 170, 47]"
764,7265ada82da7609d612ce3ac511a7f500553338e.bin,21,477,datacopy/UCSB/7265ada82da7609d612ce3ac511a7f500553338e.bin,"[114, 33, 1466, 3, 7, 1458, 1457, 1, 17, 1454, 12, 1471, 1, 295, 437, 8, 1469, 28, 9, 170, 47]"
765,5c2efae2dce927aece2a150f69f1d4f369fd77e9.bin,21,477,datacopy/UCSB/5c2efae2dce927aece2a150f69f1d4f369fd77e9.bin,"[114, 33, 1466, 3, 7, 1458, 1457, 1, 17, 1454, 12, 1471, 1, 295, 437, 8, 1469, 28, 9, 170, 47]"
766,b8d12392e9dc0819a7795b4e9b30406259cccea4.bin,21,477,datacopy/UCSB/b8d12392e9dc0819a7795b4e9b30406259cccea4.bin,"[114, 33, 1466, 3, 7, 1458, 1457, 1, 17, 1454, 12, 1471, 1, 295, 437, 8, 1469, 28, 9, 170, 47]"
767,8836171483fcb12d6fb08661afa951eaf97d189807db2f3ff1013cf4f1e93039,21,1197,datacopy/evasive-it/2019/8836171483fcb12d6fb08661afa951eaf97d189807db2f3ff1013cf4f1e93039,"[114, 33, 1466, 3, 7, 1458, 1457, 1, 17, 1454, 12, 1471, 1, 295, 437, 8, 1469, 28, 9, 170, 47]"
768,Trojan-PSW.Win32.Rhadamanthus.z-140f170d8b83611cb8897164be174495dc51961dc34fbccc9a714917cc341b8f,21,1466,datacopy/evasive-it/2023/Trojan-PSW.Win32.Rhadamanthus.z-140f170d8b83611cb8897164be174495dc51961dc34fbccc9a714917cc341b8f,"[114, 33, 1466, 3, 7, 1458, 1457, 1, 17, 1454, 12, 1471, 1, 295, 437, 8, 1469, 28, 9, 170, 47]"
769,0446c62360dc6624848a1482d3afbcc2d1febe0eab988cc40c523a39900ff7c9,21,1459,datacopy/evasive-it/2019/0446c62360dc6624848a1482d3afbcc2d1febe0eab988cc40c523a39900ff7c9,"[114, 33, 1466, 3, 7, 1458, 1457, 1, 17, 1454, 12, 1471, 1, 295, 437, 8, 1469, 28, 9, 170, 47]"
770,3977e3b6dd94db9e29808fed212dc4f1c3355bbee03195dd6fd6be2b92353d17,21,670,datacopy/evasive-it/2018/3977e3b6dd94db9e29808fed212dc4f1c3355bbee03195dd6fd6be2b92353d17,"[114, 33, 1466, 3, 7, 1458, 1457, 1, 17, 1454, 12, 1471, 1, 295, 437, 8, 1469, 28, 9, 170, 47]"
771,HEUR-Trojan.Win32.Wofith.gen-7c8f444757a013aa7fd3578a16842d19e7e9d7828aa47c3ce2032ee58cd4b8c4,21,1458,datacopy/evasive-it/2022/HEUR-Trojan.Win32.Wofith.gen-7c8f444757a013aa7fd3578a16842d19e7e9d7828aa47c3ce2032ee58cd4b8c4,"[114, 33, 1466, 3, 7, 1458, 1457, 1, 17, 1454, 12, 1471, 1, 295, 437, 8, 1469, 28, 9, 170, 47]"
772,Trojan.Win32.DelShad.icm-08565f345878369fdbbcf4a064d9f4762f4549f67d1e2aa3907a112a5e5322b6,21,1457,datacopy/evasive-it/2022/Trojan.Win32.DelShad.icm-08565f345878369fdbbcf4a064d9f4762f4549f67d1e2aa3907a112a5e5322b6,"[114, 33, 1466, 3, 7, 1458, 1457, 1, 17, 1454, 12, 1471, 1, 295, 437, 8, 1469, 28, 9, 170, 47]"
773,b9c705cedc02d6ef6ea1764f6dfb0724ce66c878f5c033d5187b9b877fc926e1,21,312,datacopy/evasive-it/2021/b9c705cedc02d6ef6ea1764f6dfb0724ce66c878f5c033d5187b9b877fc926e1,"[114, 33, 1466, 3, 7, 1458, 1457, 1, 17, 1454, 12, 1471, 1, 295, 437, 8, 1469, 28, 9, 170, 47]"
774,4149f025cfce38098d9b8a048c169651a38d312ed6e026b59f034252bdbca5e6,21,1046,datacopy/evasive-it/2021/4149f025cfce38098d9b8a048c169651a38d312ed6e026b59f034252bdbca5e6,"[114, 33, 1466, 3, 7, 1458, 1457, 1, 17, 1454, 12, 1471, 1, 295, 437, 8, 1469, 28, 9, 170, 47]"
775,HEUR-Trojan.Win32.Wofith.gen-7c8f444757a013aa7fd3578a16842d19e7e9d7828aa47c3ce2032ee58cd4b8c4,21,1458,datacopy/evasive-it/2022/HEUR-Trojan.Win32.Wofith.gen-7c8f444757a013aa7fd3578a16842d19e7e9d7828aa47c3ce2032ee58cd4b8c4,"[114, 33, 1466, 3, 7, 1458, 1457, 1, 17, 1454, 12, 1471, 1, 295, 437, 8, 1469, 28, 9, 170, 47]"
776,21fc6ae8f7c0619af4c03ce300bb271f3d3ec43cd196bb04250839dd9700ecad,21,1454,datacopy/evasive-it/2021/21fc6ae8f7c0619af4c03ce300bb271f3d3ec43cd196bb04250839dd9700ecad,"[114, 33, 1466, 3, 7, 1458, 1457, 1, 17, 1454, 12, 1471, 1, 295, 437, 8, 1469, 28, 9, 170, 47]"
777,82b397ecfb78454deb483ba9f5a1a0572d0102d4.bin,21,1161,datacopy/UCSB.JP/data_feed.geo_japan_6m_public_flag/8/2/b/82b397ecfb78454deb483ba9f5a1a0572d0102d4.bin,"[114, 33, 1466, 3, 7, 1458, 1457, 1, 17, 1454, 12, 1471, 1, 295, 437, 8, 1469, 28, 9, 170, 47]"
778,1303679e1b62b14f24307a92a4b4b5ae18267675ceb6ff800493f65648dc0a51,21,1046,datacopy/evasive-it/2019/1303679e1b62b14f24307a92a4b4b5ae18267675ceb6ff800493f65648dc0a51,"[114, 33, 1466, 3, 7, 1458, 1457, 1, 17, 1454, 12, 1471, 1, 295, 437, 8, 1469, 28, 9, 170, 47]"
779,ddfcd8635271a01c98d29fce4c227a87d093647d47f95ee9a7566805780074ef,21,1046,datacopy/evasive-it/2021/ddfcd8635271a01c98d29fce4c227a87d093647d47f95ee9a7566805780074ef,"[114, 33, 1466, 3, 7, 1458, 1457, 1, 17, 1454, 12, 1471, 1, 295, 437, 8, 1469, 28, 9, 170, 47]"
780,Trojan.Win32.XRed.aff-cdc95392f7aaf04457256258571c08966e093503028339eeeb586a3d1d2903e0,21,1471,datacopy/evasive-it/2023/Trojan.Win32.XRed.aff-cdc95392f7aaf04457256258571c08966e093503028339eeeb586a3d1d2903e0,"[114, 33, 1466, 3, 7, 1458, 1457, 1, 17, 1454, 12, 1471, 1, 295, 437, 8, 1469, 28, 9, 170, 47]"
781,HEUR-Worm.Win32.Pluto.gen-8b86e05a29d3f5baf4e579364eb42f96746366bd1fab0435272f6b619be880d1,21,1459,datacopy/evasive-it/2022/HEUR-Worm.Win32.Pluto.gen-8b86e05a29d3f5baf4e579364eb42f96746366bd1fab0435272f6b619be880d1,"[114, 33, 1466, 3, 7, 1458, 1457, 1, 17, 1454, 12, 1471, 1, 295, 437, 8, 1469, 28, 9, 170, 47]"
782,Trojan.Win32.Bublik.elhu-0cbefd9fa36902937cb5e57f8b7fb1a476498c6dd4fc0fcdee2bfbba5b0e9bce,21,312,datacopy/evasive-it/2022/Trojan.Win32.Bublik.elhu-0cbefd9fa36902937cb5e57f8b7fb1a476498c6dd4fc0fcdee2bfbba5b0e9bce,"[114, 33, 1466, 3, 7, 1458, 1457, 1, 17, 1454, 12, 1471, 1, 295, 437, 8, 1469, 28, 9, 170, 47]"
783,4680b729788986872608aa10ba00f75bcee18ba81cbf6c79845652014bc8383a,21,312,datacopy/evasive-it/2019/4680b729788986872608aa10ba00f75bcee18ba81cbf6c79845652014bc8383a,"[114, 33, 1466, 3, 7, 1458, 1457, 1, 17, 1454, 12, 1471, 1, 295, 437, 8, 1469, 28, 9, 170, 47]"
784,4149f025cfce38098d9b8a048c169651a38d312ed6e026b59f034252bdbca5e6,21,1046,datacopy/evasive-it/2021/4149f025cfce38098d9b8a048c169651a38d312ed6e026b59f034252bdbca5e6,"[114, 33, 1466, 3, 7, 1458, 1457, 1, 17, 1454, 12, 1471, 1, 295, 437, 8, 1469, 28, 9, 170, 47]"
785,6b0365cf585ab70937ea56e3516c41513c318e478b9ea61d4fbfc689047a6c66,21,1290,datacopy/evasive-it/2018/6b0365cf585ab70937ea56e3516c41513c318e478b9ea61d4fbfc689047a6c66,"[114, 33, 1466, 3, 7, 1458, 1457, 1, 17, 1454, 12, 1471, 1, 295, 437, 8, 1469, 28, 9, 170, 47]"
786,HEUR-Trojan-Banker.Win32.BestaFera.gen-45eae3fcfc0e6f6808356f2f15a52bb550d003c45000c25d0bb83c9c62f61e2d,21,0,datacopy/evasive-it/2022/HEUR-Trojan-Banker.Win32.BestaFera.gen-45eae3fcfc0e6f6808356f2f15a52bb550d003c45000c25d0bb83c9c62f61e2d,"[114, 33, 1466, 3, 7, 1458, 1457, 1, 17, 1454, 12, 1471, 1, 295, 437, 8, 1469, 28, 9, 170, 47]"
787,893a3de7b041d848f26859d030c1eb5ac300963e.bin,21,98,datacopy/UCSB.JP/data_feed.geo_japan_6m_public_flag/8/9/3/893a3de7b041d848f26859d030c1eb5ac300963e.bin,"[114, 33, 1466, 3, 7, 1458, 1457, 1, 17, 1454, 12, 1471, 1, 295, 437, 8, 1469, 28, 9, 170, 47]"
788,429f04f08bd9cb77e7c85d1a0476dbfb0f5a257ed1ca4cefca3f25b47b48efed,21,1162,datacopy/evasive-it/2020/429f04f08bd9cb77e7c85d1a0476dbfb0f5a257ed1ca4cefca3f25b47b48efed,"[114, 33, 1466, 3, 7, 1458, 1457, 1, 17, 1454, 12, 1471, 1, 295, 437, 8, 1469, 28, 9, 170, 47]"
789,HEUR-Trojan.Win32.Darkgate.gen-301158ffb44a9824deeec16bdc7dabdc328b9f3ecde0df048741218285d8bcc8,21,1469,datacopy/evasive-it/2023/HEUR-Trojan.Win32.Darkgate.gen-301158ffb44a9824deeec16bdc7dabdc328b9f3ecde0df048741218285d8bcc8,"[114, 33, 1466, 3, 7, 1458, 1457, 1, 17, 1454, 12, 1471, 1, 295, 437, 8, 1469, 28, 9, 170, 47]"
790,1303679e1b62b14f24307a92a4b4b5ae18267675ceb6ff800493f65648dc0a51,21,1046,datacopy/evasive-it/2019/1303679e1b62b14f24307a92a4b4b5ae18267675ceb6ff800493f65648dc0a51,"[114, 33, 1466, 3, 7, 1458, 1457, 1, 17, 1454, 12, 1471, 1, 295, 437, 8, 1469, 28, 9, 170, 47]"
791,68f22901ca321609823c5211354ef8946432d77be3315077b808b5e0fd015562,21,83,datacopy/evasive-it/2021/68f22901ca321609823c5211354ef8946432d77be3315077b808b5e0fd015562,"[114, 33, 1466, 3, 7, 1458, 1457, 1, 17, 1454, 12, 1471, 1, 295, 437, 8, 1469, 28, 9, 170, 47]"
792,VHO-Trojan.Win32.Llac.gen-741280ecfc868faa37e9deafa2d6359cc08390e36a5eb37853669045befc068b,21,312,datacopy/evasive-it/2022/VHO-Trojan.Win32.Llac.gen-741280ecfc868faa37e9deafa2d6359cc08390e36a5eb37853669045befc068b,"[114, 33, 1466, 3, 7, 1458, 1457, 1, 17, 1454, 12, 1471, 1, 295, 437, 8, 1469, 28, 9, 170, 47]"
793,ce46e8fd19e006eb7dd8c14c64050025d8771fc092097f8b3824ece04c7064ef,21,1046,datacopy/evasive-it/2021/ce46e8fd19e006eb7dd8c14c64050025d8771fc092097f8b3824ece04c7064ef,"[114, 33, 1466, 3, 7, 1458, 1457, 1, 17, 1454, 12, 1471, 1, 295, 437, 8, 1469, 28, 9, 170, 47]"
794,2b81bcbc4e1b8e1c6f7ab1eca090887c0710a73e4fd4179627f2580418d40a4c,21,1455,datacopy/evasive-it/2021/2b81bcbc4e1b8e1c6f7ab1eca090887c0710a73e4fd4179627f2580418d40a4c,"[114, 33, 1466, 3, 7, 1458, 1457, 1, 17, 1454, 12, 1471, 1, 295, 437, 8, 1469, 28, 9, 170, 47]"
795,8836171483fcb12d6fb08661afa951eaf97d189807db2f3ff1013cf4f1e93039,21,1197,datacopy/evasive-it/2019/8836171483fcb12d6fb08661afa951eaf97d189807db2f3ff1013cf4f1e93039,"[114, 33, 1466, 3, 7, 1458, 1457, 1, 17, 1454, 12, 1471, 1, 295, 437, 8, 1469, 28, 9, 170, 47]"
796,Trojan-PSW.Win32.Rhadamanthus.z-140f170d8b83611cb8897164be174495dc51961dc34fbccc9a714917cc341b8f,21,1466,datacopy/evasive-it/2023/Trojan-PSW.Win32.Rhadamanthus.z-140f170d8b83611cb8897164be174495dc51961dc34fbccc9a714917cc341b8f,"[114, 33, 1466, 3, 7, 1458, 1457, 1, 17, 1454, 12, 1471, 1, 295, 437, 8, 1469, 28, 9, 170, 47]"
797,0446c62360dc6624848a1482d3afbcc2d1febe0eab988cc40c523a39900ff7c9,21,1459,datacopy/evasive-it/2019/0446c62360dc6624848a1482d3afbcc2d1febe0eab988cc40c523a39900ff7c9,"[114, 33, 1466, 3, 7, 1458, 1457, 1, 17, 1454, 12, 1471, 1, 295, 437, 8, 1469, 28, 9, 170, 47]"
798,3977e3b6dd94db9e29808fed212dc4f1c3355bbee03195dd6fd6be2b92353d17,21,670,datacopy/evasive-it/2018/3977e3b6dd94db9e29808fed212dc4f1c3355bbee03195dd6fd6be2b92353d17,"[114, 33, 1466, 3, 7, 1458, 1457, 1, 17, 1454, 12, 1471, 1, 295, 437, 8, 1469, 28, 9, 170, 47]"
799,HEUR-Trojan.Win32.Wofith.gen-7c8f444757a013aa7fd3578a16842d19e7e9d7828aa47c3ce2032ee58cd4b8c4,21,1458,datacopy/evasive-it/2022/HEUR-Trojan.Win32.Wofith.gen-7c8f444757a013aa7fd3578a16842d19e7e9d7828aa47c3ce2032ee58cd4b8c4,"[114, 33, 1466, 3, 7, 1458, 1457, 1, 17, 1454, 12, 1471, 1, 295, 437, 8, 1469, 28, 9, 170, 47]"
800,Trojan.Win32.DelShad.icm-08565f345878369fdbbcf4a064d9f4762f4549f67d1e2aa3907a112a5e5322b6,21,1457,datacopy/evasive-it/2022/Trojan.Win32.DelShad.icm-08565f345878369fdbbcf4a064d9f4762f4549f67d1e2aa3907a112a5e5322b6,"[114, 33, 1466, 3, 7, 1458, 1457, 1, 17, 1454, 12, 1471, 1, 295, 437, 8, 1469, 28, 9, 170, 47]"
801,b9c705cedc02d6ef6ea1764f6dfb0724ce66c878f5c033d5187b9b877fc926e1,21,312,datacopy/evasive-it/2021/b9c705cedc02d6ef6ea1764f6dfb0724ce66c878f5c033d5187b9b877fc926e1,"[114, 33, 1466, 3, 7, 1458, 1457, 1, 17, 1454, 12, 1471, 1, 295, 437, 8, 1469, 28, 9, 170, 47]"
802,8b87a6d1bcd040f5d5add7ab7a044a0a6a35ca70.bin,21,604,datacopy/UCSB.JP/data_feed.geo_japan_6m_public_flag/8/b/8/8b87a6d1bcd040f5d5add7ab7a044a0a6a35ca70.bin,"[114, 33, 1466, 3, 7, 1458, 1457, 1, 17, 1454, 12, 1471, 1, 295, 437, 8, 1469, 28, 9, 170, 47]"
803,4149f025cfce38098d9b8a048c169651a38d312ed6e026b59f034252bdbca5e6,21,1046,datacopy/evasive-it/2021/4149f025cfce38098d9b8a048c169651a38d312ed6e026b59f034252bdbca5e6,"[114, 33, 1466, 3, 7, 1458, 1457, 1, 17, 1454, 12, 1471, 1, 295, 437, 8, 1469, 28, 9, 170, 47]"
804,HEUR-Trojan.Win32.Wofith.gen-7c8f444757a013aa7fd3578a16842d19e7e9d7828aa47c3ce2032ee58cd4b8c4,21,1458,datacopy/evasive-it/2022/HEUR-Trojan.Win32.Wofith.gen-7c8f444757a013aa7fd3578a16842d19e7e9d7828aa47c3ce2032ee58cd4b8c4,"[114, 33, 1466, 3, 7, 1458, 1457, 1, 17, 1454, 12, 1471, 1, 295, 437, 8, 1469, 28, 9, 170, 47]"
805,21fc6ae8f7c0619af4c03ce300bb271f3d3ec43cd196bb04250839dd9700ecad,21,1454,datacopy/evasive-it/2021/21fc6ae8f7c0619af4c03ce300bb271f3d3ec43cd196bb04250839dd9700ecad,"[114, 33, 1466, 3, 7, 1458, 1457, 1, 17, 1454, 12, 1471, 1, 295, 437, 8, 1469, 28, 9, 170, 47]"
806,82b397ecfb78454deb483ba9f5a1a0572d0102d4.bin,21,1161,datacopy/UCSB.JP/data_feed.geo_japan_6m_public_flag/8/2/b/82b397ecfb78454deb483ba9f5a1a0572d0102d4.bin,"[114, 33, 1466, 3, 7, 1458, 1457, 1, 17, 1454, 12, 1471, 1, 295, 437, 8, 1469, 28, 9, 170, 47]"
807,0f6094d11540d02405591452d2278a34dc84cdecf0e5ac3bb95abc3dc9449438,21,803,datacopy/evasive-it/2019/0f6094d11540d02405591452d2278a34dc84cdecf0e5ac3bb95abc3dc9449438,"[114, 33, 1466, 3, 7, 1458, 1457, 1, 17, 1454, 12, 1471, 1, 295, 437, 8, 1469, 28, 9, 170, 47]"
808,1303679e1b62b14f24307a92a4b4b5ae18267675ceb6ff800493f65648dc0a51,21,1046,datacopy/evasive-it/2019/1303679e1b62b14f24307a92a4b4b5ae18267675ceb6ff800493f65648dc0a51,"[114, 33, 1466, 3, 7, 1458, 1457, 1, 17, 1454, 12, 1471, 1, 295, 437, 8, 1469, 28, 9, 170, 47]"
809,ddfcd8635271a01c98d29fce4c227a87d093647d47f95ee9a7566805780074ef,21,1046,datacopy/evasive-it/2021/ddfcd8635271a01c98d29fce4c227a87d093647d47f95ee9a7566805780074ef,"[114, 33, 1466, 3, 7, 1458, 1457, 1, 17, 1454, 12, 1471, 1, 295, 437, 8, 1469, 28, 9, 170, 47]"
810,Trojan.Win32.XRed.aff-cdc95392f7aaf04457256258571c08966e093503028339eeeb586a3d1d2903e0,21,1471,datacopy/evasive-it/2023/Trojan.Win32.XRed.aff-cdc95392f7aaf04457256258571c08966e093503028339eeeb586a3d1d2903e0,"[114, 33, 1466, 3, 7, 1458, 1457, 1, 17, 1454, 12, 1471, 1, 295, 437, 8, 1469, 28, 9, 170, 47]"
811,HEUR-Worm.Win32.Pluto.gen-8b86e05a29d3f5baf4e579364eb42f96746366bd1fab0435272f6b619be880d1,21,1459,datacopy/evasive-it/2022/HEUR-Worm.Win32.Pluto.gen-8b86e05a29d3f5baf4e579364eb42f96746366bd1fab0435272f6b619be880d1,"[114, 33, 1466, 3, 7, 1458, 1457, 1, 17, 1454, 12, 1471, 1, 295, 437, 8, 1469, 28, 9, 170, 47]"
812,Trojan.Win32.Bublik.elhu-0cbefd9fa36902937cb5e57f8b7fb1a476498c6dd4fc0fcdee2bfbba5b0e9bce,21,312,datacopy/evasive-it/2022/Trojan.Win32.Bublik.elhu-0cbefd9fa36902937cb5e57f8b7fb1a476498c6dd4fc0fcdee2bfbba5b0e9bce,"[114, 33, 1466, 3, 7, 1458, 1457, 1, 17, 1454, 12, 1471, 1, 295, 437, 8, 1469, 28, 9, 170, 47]"
813,4680b729788986872608aa10ba00f75bcee18ba81cbf6c79845652014bc8383a,21,312,datacopy/evasive-it/2019/4680b729788986872608aa10ba00f75bcee18ba81cbf6c79845652014bc8383a,"[114, 33, 1466, 3, 7, 1458, 1457, 1, 17, 1454, 12, 1471, 1, 295, 437, 8, 1469, 28, 9, 170, 47]"
814,4149f025cfce38098d9b8a048c169651a38d312ed6e026b59f034252bdbca5e6,21,1046,datacopy/evasive-it/2021/4149f025cfce38098d9b8a048c169651a38d312ed6e026b59f034252bdbca5e6,"[114, 33, 1466, 3, 7, 1458, 1457, 1, 17, 1454, 12, 1471, 1, 295, 437, 8, 1469, 28, 9, 170, 47]"
815,6b0365cf585ab70937ea56e3516c41513c318e478b9ea61d4fbfc689047a6c66,21,1290,datacopy/evasive-it/2018/6b0365cf585ab70937ea56e3516c41513c318e478b9ea61d4fbfc689047a6c66,"[114, 33, 1466, 3, 7, 1458, 1457, 1, 17, 1454, 12, 1471, 1, 295, 437, 8, 1469, 28, 9, 170, 47]"
816,HEUR-Trojan-Banker.Win32.BestaFera.gen-45eae3fcfc0e6f6808356f2f15a52bb550d003c45000c25d0bb83c9c62f61e2d,21,0,datacopy/evasive-it/2022/HEUR-Trojan-Banker.Win32.BestaFera.gen-45eae3fcfc0e6f6808356f2f15a52bb550d003c45000c25d0bb83c9c62f61e2d,"[114, 33, 1466, 3, 7, 1458, 1457, 1, 17, 1454, 12, 1471, 1, 295, 437, 8, 1469, 28, 9, 170, 47]"
817,893a3de7b041d848f26859d030c1eb5ac300963e.bin,21,98,datacopy/UCSB.JP/data_feed.geo_japan_6m_public_flag/8/9/3/893a3de7b041d848f26859d030c1eb5ac300963e.bin,"[114, 33, 1466, 3, 7, 1458, 1457, 1, 17, 1454, 12, 1471, 1, 295, 437, 8, 1469, 28, 9, 170, 47]"
818,429f04f08bd9cb77e7c85d1a0476dbfb0f5a257ed1ca4cefca3f25b47b48efed,21,1162,datacopy/evasive-it/2020/429f04f08bd9cb77e7c85d1a0476dbfb0f5a257ed1ca4cefca3f25b47b48efed,"[114, 33, 1466, 3, 7, 1458, 1457, 1, 17, 1454, 12, 1471, 1, 295, 437, 8, 1469, 28, 9, 170, 47]"
819,HEUR-Trojan.Win32.Darkgate.gen-301158ffb44a9824deeec16bdc7dabdc328b9f3ecde0df048741218285d8bcc8,21,1469,datacopy/evasive-it/2023/HEUR-Trojan.Win32.Darkgate.gen-301158ffb44a9824deeec16bdc7dabdc328b9f3ecde0df048741218285d8bcc8,"[114, 33, 1466, 3, 7, 1458, 1457, 1, 17, 1454, 12, 1471, 1, 295, 437, 8, 1469, 28, 9, 170, 47]"
820,1303679e1b62b14f24307a92a4b4b5ae18267675ceb6ff800493f65648dc0a51,21,1046,datacopy/evasive-it/2019/1303679e1b62b14f24307a92a4b4b5ae18267675ceb6ff800493f65648dc0a51,"[114, 33, 1466, 3, 7, 1458, 1457, 1, 17, 1454, 12, 1471, 1, 295, 437, 8, 1469, 28, 9, 170, 47]"
821,68f22901ca321609823c5211354ef8946432d77be3315077b808b5e0fd015562,21,83,datacopy/evasive-it/2021/68f22901ca321609823c5211354ef8946432d77be3315077b808b5e0fd015562,"[114, 33, 1466, 3, 7, 1458, 1457, 1, 17, 1454, 12, 1471, 1, 295, 437, 8, 1469, 28, 9, 170, 47]"
822,VHO-Trojan.Win32.Llac.gen-741280ecfc868faa37e9deafa2d6359cc08390e36a5eb37853669045befc068b,21,312,datacopy/evasive-it/2022/VHO-Trojan.Win32.Llac.gen-741280ecfc868faa37e9deafa2d6359cc08390e36a5eb37853669045befc068b,"[114, 33, 1466, 3, 7, 1458, 1457, 1, 17, 1454, 12, 1471, 1, 295, 437, 8, 1469, 28, 9, 170, 47]"
823,ce46e8fd19e006eb7dd8c14c64050025d8771fc092097f8b3824ece04c7064ef,21,1046,datacopy/evasive-it/2021/ce46e8fd19e006eb7dd8c14c64050025d8771fc092097f8b3824ece04c7064ef,"[114, 33, 1466, 3, 7, 1458, 1457, 1, 17, 1454, 12, 1471, 1, 295, 437, 8, 1469, 28, 9, 170, 47]"
824,2b81bcbc4e1b8e1c6f7ab1eca090887c0710a73e4fd4179627f2580418d40a4c,21,1455,datacopy/evasive-it/2021/2b81bcbc4e1b8e1c6f7ab1eca090887c0710a73e4fd4179627f2580418d40a4c,"[114, 33, 1466, 3, 7, 1458, 1457, 1, 17, 1454, 12, 1471, 1, 295, 437, 8, 1469, 28, 9, 170, 47]"
825,82b397ecfb78454deb483ba9f5a1a0572d0102d4.bin,21,1161,datacopy/UCSB.JP/data_feed.geo_japan_6m_public_flag/8/2/b/82b397ecfb78454deb483ba9f5a1a0572d0102d4.bin,"[114, 33, 1466, 3, 7, 1458, 1457, 1, 17, 1454, 12, 1471, 1, 295, 437, 8, 1469, 28, 9, 170, 47]"
826,ddfcd8635271a01c98d29fce4c227a87d093647d47f95ee9a7566805780074ef,21,1046,datacopy/evasive-it/2021/ddfcd8635271a01c98d29fce4c227a87d093647d47f95ee9a7566805780074ef,"[114, 33, 1466, 3, 7, 1458, 1457, 1, 17, 1454, 12, 1471, 1, 295, 437, 8, 1469, 28, 9, 170, 47]"
827,HEUR-Worm.Win32.Pluto.gen-8b86e05a29d3f5baf4e579364eb42f96746366bd1fab0435272f6b619be880d1,21,1459,datacopy/evasive-it/2022/HEUR-Worm.Win32.Pluto.gen-8b86e05a29d3f5baf4e579364eb42f96746366bd1fab0435272f6b619be880d1,"[114, 33, 1466, 3, 7, 1458, 1457, 1, 17, 1454, 12, 1471, 1, 295, 437, 8, 1469, 28, 9, 170, 47]"
828,4680b729788986872608aa10ba00f75bcee18ba81cbf6c79845652014bc8383a,21,312,datacopy/evasive-it/2019/4680b729788986872608aa10ba00f75bcee18ba81cbf6c79845652014bc8383a,"[114, 33, 1466, 3, 7, 1458, 1457, 1, 17, 1454, 12, 1471, 1, 295, 437, 8, 1469, 28, 9, 170, 47]"
829,HEUR-Trojan-Banker.Win32.BestaFera.gen-45eae3fcfc0e6f6808356f2f15a52bb550d003c45000c25d0bb83c9c62f61e2d,21,0,datacopy/evasive-it/2022/HEUR-Trojan-Banker.Win32.BestaFera.gen-45eae3fcfc0e6f6808356f2f15a52bb550d003c45000c25d0bb83c9c62f61e2d,"[114, 33, 1466, 3, 7, 1458, 1457, 1, 17, 1454, 12, 1471, 1, 295, 437, 8, 1469, 28, 9, 170, 47]"
830,893a3de7b041d848f26859d030c1eb5ac300963e.bin,21,98,datacopy/UCSB.JP/data_feed.geo_japan_6m_public_flag/8/9/3/893a3de7b041d848f26859d030c1eb5ac300963e.bin,"[114, 33, 1466, 3, 7, 1458, 1457, 1, 17, 1454, 12, 1471, 1, 295, 437, 8, 1469, 28, 9, 170, 47]"
831,HEUR-Trojan.Win32.Darkgate.gen-301158ffb44a9824deeec16bdc7dabdc328b9f3ecde0df048741218285d8bcc8,21,1469,datacopy/evasive-it/2023/HEUR-Trojan.Win32.Darkgate.gen-301158ffb44a9824deeec16bdc7dabdc328b9f3ecde0df048741218285d8bcc8,"[114, 33, 1466, 3, 7, 1458, 1457, 1, 17, 1454, 12, 1471, 1, 295, 437, 8, 1469, 28, 9, 170, 47]"
832,68f22901ca321609823c5211354ef8946432d77be3315077b808b5e0fd015562,21,83,datacopy/evasive-it/2021/68f22901ca321609823c5211354ef8946432d77be3315077b808b5e0fd015562,"[114, 33, 1466, 3, 7, 1458, 1457, 1, 17, 1454, 12, 1471, 1, 295, 437, 8, 1469, 28, 9, 170, 47]"
833,8836171483fcb12d6fb08661afa951eaf97d189807db2f3ff1013cf4f1e93039,21,1197,datacopy/evasive-it/2019/8836171483fcb12d6fb08661afa951eaf97d189807db2f3ff1013cf4f1e93039,"[114, 33, 1466, 3, 7, 1458, 1457, 1, 17, 1454, 12, 1471, 1, 295, 437, 8, 1469, 28, 9, 170, 47]"
834,13759280bce1ad57480272b6020a9a3ae2cfcb8ad3e3e3b45926f14e56716694,21,1459,datacopy/evasive-it/2019/13759280bce1ad57480272b6020a9a3ae2cfcb8ad3e3e3b45926f14e56716694,"[114, 33, 1466, 3, 7, 1458, 1457, 1, 17, 1454, 12, 1471, 1, 295, 437, 8, 1469, 28, 9, 170, 47]"
835,Trojan-PSW.Win32.Rhadamanthus.z-140f170d8b83611cb8897164be174495dc51961dc34fbccc9a714917cc341b8f,21,1466,datacopy/evasive-it/2023/Trojan-PSW.Win32.Rhadamanthus.z-140f170d8b83611cb8897164be174495dc51961dc34fbccc9a714917cc341b8f,"[114, 33, 1466, 3, 7, 1458, 1457, 1, 17, 1454, 12, 1471, 1, 295, 437, 8, 1469, 28, 9, 170, 47]"
836,0446c62360dc6624848a1482d3afbcc2d1febe0eab988cc40c523a39900ff7c9,21,1459,datacopy/evasive-it/2019/0446c62360dc6624848a1482d3afbcc2d1febe0eab988cc40c523a39900ff7c9,"[114, 33, 1466, 3, 7, 1458, 1457, 1, 17, 1454, 12, 1471, 1, 295, 437, 8, 1469, 28, 9, 170, 47]"
837,3977e3b6dd94db9e29808fed212dc4f1c3355bbee03195dd6fd6be2b92353d17,21,670,datacopy/evasive-it/2018/3977e3b6dd94db9e29808fed212dc4f1c3355bbee03195dd6fd6be2b92353d17,"[114, 33, 1466, 3, 7, 1458, 1457, 1, 17, 1454, 12, 1471, 1, 295, 437, 8, 1469, 28, 9, 170, 47]"
838,HEUR-Trojan.Win32.Wofith.gen-7c8f444757a013aa7fd3578a16842d19e7e9d7828aa47c3ce2032ee58cd4b8c4,21,1458,datacopy/evasive-it/2022/HEUR-Trojan.Win32.Wofith.gen-7c8f444757a013aa7fd3578a16842d19e7e9d7828aa47c3ce2032ee58cd4b8c4,"[114, 33, 1466, 3, 7, 1458, 1457, 1, 17, 1454, 12, 1471, 1, 295, 437, 8, 1469, 28, 9, 170, 47]"
839,Trojan.Win32.DelShad.icm-08565f345878369fdbbcf4a064d9f4762f4549f67d1e2aa3907a112a5e5322b6,21,1457,datacopy/evasive-it/2022/Trojan.Win32.DelShad.icm-08565f345878369fdbbcf4a064d9f4762f4549f67d1e2aa3907a112a5e5322b6,"[114, 33, 1466, 3, 7, 1458, 1457, 1, 17, 1454, 12, 1471, 1, 295, 437, 8, 1469, 28, 9, 170, 47]"
840,b9c705cedc02d6ef6ea1764f6dfb0724ce66c878f5c033d5187b9b877fc926e1,21,312,datacopy/evasive-it/2021/b9c705cedc02d6ef6ea1764f6dfb0724ce66c878f5c033d5187b9b877fc926e1,"[114, 33, 1466, 3, 7, 1458, 1457, 1, 17, 1454, 12, 1471, 1, 295, 437, 8, 1469, 28, 9, 170, 47]"
841,8b87a6d1bcd040f5d5add7ab7a044a0a6a35ca70.bin,21,604,datacopy/UCSB.JP/data_feed.geo_japan_6m_public_flag/8/b/8/8b87a6d1bcd040f5d5add7ab7a044a0a6a35ca70.bin,"[114, 33, 1466, 3, 7, 1458, 1457, 1, 17, 1454, 12, 1471, 1, 295, 437, 8, 1469, 28, 9, 170, 47]"
842,4149f025cfce38098d9b8a048c169651a38d312ed6e026b59f034252bdbca5e6,21,1046,datacopy/evasive-it/2021/4149f025cfce38098d9b8a048c169651a38d312ed6e026b59f034252bdbca5e6,"[114, 33, 1466, 3, 7, 1458, 1457, 1, 17, 1454, 12, 1471, 1, 295, 437, 8, 1469, 28, 9, 170, 47]"
843,HEUR-Trojan.Win32.Wofith.gen-7c8f444757a013aa7fd3578a16842d19e7e9d7828aa47c3ce2032ee58cd4b8c4,21,1458,datacopy/evasive-it/2022/HEUR-Trojan.Win32.Wofith.gen-7c8f444757a013aa7fd3578a16842d19e7e9d7828aa47c3ce2032ee58cd4b8c4,"[114, 33, 1466, 3, 7, 1458, 1457, 1, 17, 1454, 12, 1471, 1, 295, 437, 8, 1469, 28, 9, 170, 47]"
844,21fc6ae8f7c0619af4c03ce300bb271f3d3ec43cd196bb04250839dd9700ecad,21,1454,datacopy/evasive-it/2021/21fc6ae8f7c0619af4c03ce300bb271f3d3ec43cd196bb04250839dd9700ecad,"[114, 33, 1466, 3, 7, 1458, 1457, 1, 17, 1454, 12, 1471, 1, 295, 437, 8, 1469, 28, 9, 170, 47]"
845,82b397ecfb78454deb483ba9f5a1a0572d0102d4.bin,21,1161,datacopy/UCSB.JP/data_feed.geo_japan_6m_public_flag/8/2/b/82b397ecfb78454deb483ba9f5a1a0572d0102d4.bin,"[114, 33, 1466, 3, 7, 1458, 1457, 1, 17, 1454, 12, 1471, 1, 295, 437, 8, 1469, 28, 9, 170, 47]"
846,0f6094d11540d02405591452d2278a34dc84cdecf0e5ac3bb95abc3dc9449438,21,803,datacopy/evasive-it/2019/0f6094d11540d02405591452d2278a34dc84cdecf0e5ac3bb95abc3dc9449438,"[114, 33, 1466, 3, 7, 1458, 1457, 1, 17, 1454, 12, 1471, 1, 295, 437, 8, 1469, 28, 9, 170, 47]"
847,1303679e1b62b14f24307a92a4b4b5ae18267675ceb6ff800493f65648dc0a51,21,1046,datacopy/evasive-it/2019/1303679e1b62b14f24307a92a4b4b5ae18267675ceb6ff800493f65648dc0a51,"[114, 33, 1466, 3, 7, 1458, 1457, 1, 17, 1454, 12, 1471, 1, 295, 437, 8, 1469, 28, 9, 170, 47]"
848,ddfcd8635271a01c98d29fce4c227a87d093647d47f95ee9a7566805780074ef,21,1046,datacopy/evasive-it/2021/ddfcd8635271a01c98d29fce4c227a87d093647d47f95ee9a7566805780074ef,"[114, 33, 1466, 3, 7, 1458, 1457, 1, 17, 1454, 12, 1471, 1, 295, 437, 8, 1469, 28, 9, 170, 47]"
849,Trojan.Win32.XRed.aff-cdc95392f7aaf04457256258571c08966e093503028339eeeb586a3d1d2903e0,21,1471,datacopy/evasive-it/2023/Trojan.Win32.XRed.aff-cdc95392f7aaf04457256258571c08966e093503028339eeeb586a3d1d2903e0,"[114, 33, 1466, 3, 7, 1458, 1457, 1, 17, 1454, 12, 1471, 1, 295, 437, 8, 1469, 28, 9, 170, 47]"
850,HEUR-Worm.Win32.Pluto.gen-8b86e05a29d3f5baf4e579364eb42f96746366bd1fab0435272f6b619be880d1,21,1459,datacopy/evasive-it/2022/HEUR-Worm.Win32.Pluto.gen-8b86e05a29d3f5baf4e579364eb42f96746366bd1fab0435272f6b619be880d1,"[114, 33, 1466, 3, 7, 1458, 1457, 1, 17, 1454, 12, 1471, 1, 295, 437, 8, 1469, 28, 9, 170, 47]"
851,Trojan.Win32.Bublik.elhu-0cbefd9fa36902937cb5e57f8b7fb1a476498c6dd4fc0fcdee2bfbba5b0e9bce,21,312,datacopy/evasive-it/2022/Trojan.Win32.Bublik.elhu-0cbefd9fa36902937cb5e57f8b7fb1a476498c6dd4fc0fcdee2bfbba5b0e9bce,"[114, 33, 1466, 3, 7, 1458, 1457, 1, 17, 1454, 12, 1471, 1, 295, 437, 8, 1469, 28, 9, 170, 47]"
852,4680b729788986872608aa10ba00f75bcee18ba81cbf6c79845652014bc8383a,21,312,datacopy/evasive-it/2019/4680b729788986872608aa10ba00f75bcee18ba81cbf6c79845652014bc8383a,"[114, 33, 1466, 3, 7, 1458, 1457, 1, 17, 1454, 12, 1471, 1, 295, 437, 8, 1469, 28, 9, 170, 47]"
853,4149f025cfce38098d9b8a048c169651a38d312ed6e026b59f034252bdbca5e6,21,1046,datacopy/evasive-it/2021/4149f025cfce38098d9b8a048c169651a38d312ed6e026b59f034252bdbca5e6,"[114, 33, 1466, 3, 7, 1458, 1457, 1, 17, 1454, 12, 1471, 1, 295, 437, 8, 1469, 28, 9, 170, 47]"
854,HEUR-Trojan-Banker.Win32.BestaFera.gen-45eae3fcfc0e6f6808356f2f15a52bb550d003c45000c25d0bb83c9c62f61e2d,21,0,datacopy/evasive-it/2022/HEUR-Trojan-Banker.Win32.BestaFera.gen-45eae3fcfc0e6f6808356f2f15a52bb550d003c45000c25d0bb83c9c62f61e2d,"[114, 33, 1466, 3, 7, 1458, 1457, 1, 17, 1454, 12, 1471, 1, 295, 437, 8, 1469, 28, 9, 170, 47]"
855,893a3de7b041d848f26859d030c1eb5ac300963e.bin,21,98,datacopy/UCSB.JP/data_feed.geo_japan_6m_public_flag/8/9/3/893a3de7b041d848f26859d030c1eb5ac300963e.bin,"[114, 33, 1466, 3, 7, 1458, 1457, 1, 17, 1454, 12, 1471, 1, 295, 437, 8, 1469, 28, 9, 170, 47]"
856,429f04f08bd9cb77e7c85d1a0476dbfb0f5a257ed1ca4cefca3f25b47b48efed,21,1162,datacopy/evasive-it/2020/429f04f08bd9cb77e7c85d1a0476dbfb0f5a257ed1ca4cefca3f25b47b48efed,"[114, 33, 1466, 3, 7, 1458, 1457, 1, 17, 1454, 12, 1471, 1, 295, 437, 8, 1469, 28, 9, 170, 47]"
857,HEUR-Trojan.Win32.Darkgate.gen-301158ffb44a9824deeec16bdc7dabdc328b9f3ecde0df048741218285d8bcc8,21,1469,datacopy/evasive-it/2023/HEUR-Trojan.Win32.Darkgate.gen-301158ffb44a9824deeec16bdc7dabdc328b9f3ecde0df048741218285d8bcc8,"[114, 33, 1466, 3, 7, 1458, 1457, 1, 17, 1454, 12, 1471, 1, 295, 437, 8, 1469, 28, 9, 170, 47]"
858,1303679e1b62b14f24307a92a4b4b5ae18267675ceb6ff800493f65648dc0a51,21,1046,datacopy/evasive-it/2019/1303679e1b62b14f24307a92a4b4b5ae18267675ceb6ff800493f65648dc0a51,"[114, 33, 1466, 3, 7, 1458, 1457, 1, 17, 1454, 12, 1471, 1, 295, 437, 8, 1469, 28, 9, 170, 47]"
859,68f22901ca321609823c5211354ef8946432d77be3315077b808b5e0fd015562,21,83,datacopy/evasive-it/2021/68f22901ca321609823c5211354ef8946432d77be3315077b808b5e0fd015562,"[114, 33, 1466, 3, 7, 1458, 1457, 1, 17, 1454, 12, 1471, 1, 295, 437, 8, 1469, 28, 9, 170, 47]"
860,VHO-Trojan.Win32.Llac.gen-741280ecfc868faa37e9deafa2d6359cc08390e36a5eb37853669045befc068b,21,312,datacopy/evasive-it/2022/VHO-Trojan.Win32.Llac.gen-741280ecfc868faa37e9deafa2d6359cc08390e36a5eb37853669045befc068b,"[114, 33, 1466, 3, 7, 1458, 1457, 1, 17, 1454, 12, 1471, 1, 295, 437, 8, 1469, 28, 9, 170, 47]"
861,ce46e8fd19e006eb7dd8c14c64050025d8771fc092097f8b3824ece04c7064ef,21,1046,datacopy/evasive-it/2021/ce46e8fd19e006eb7dd8c14c64050025d8771fc092097f8b3824ece04c7064ef,"[114, 33, 1466, 3, 7, 1458, 1457, 1, 17, 1454, 12, 1471, 1, 295, 437, 8, 1469, 28, 9, 170, 47]"
862,2b81bcbc4e1b8e1c6f7ab1eca090887c0710a73e4fd4179627f2580418d40a4c,21,1455,datacopy/evasive-it/2021/2b81bcbc4e1b8e1c6f7ab1eca090887c0710a73e4fd4179627f2580418d40a4c,"[114, 33, 1466, 3, 7, 1458, 1457, 1, 17, 1454, 12, 1471, 1, 295, 437, 8, 1469, 28, 9, 170, 47]"
863,8836171483fcb12d6fb08661afa951eaf97d189807db2f3ff1013cf4f1e93039,21,1197,datacopy/evasive-it/2019/8836171483fcb12d6fb08661afa951eaf97d189807db2f3ff1013cf4f1e93039,"[114, 33, 1466, 3, 7, 1458, 1457, 1, 17, 1454, 12, 1471, 1, 295, 437, 8, 1469, 28, 9, 170, 47]"
864,13759280bce1ad57480272b6020a9a3ae2cfcb8ad3e3e3b45926f14e56716694,21,1459,datacopy/evasive-it/2019/13759280bce1ad57480272b6020a9a3ae2cfcb8ad3e3e3b45926f14e56716694,"[114, 33, 1466, 3, 7, 1458, 1457, 1, 17, 1454, 12, 1471, 1, 295, 437, 8, 1469, 28, 9, 170, 47]"
865,Trojan-PSW.Win32.Rhadamanthus.z-140f170d8b83611cb8897164be174495dc51961dc34fbccc9a714917cc341b8f,21,1466,datacopy/evasive-it/2023/Trojan-PSW.Win32.Rhadamanthus.z-140f170d8b83611cb8897164be174495dc51961dc34fbccc9a714917cc341b8f,"[114, 33, 1466, 3, 7, 1458, 1457, 1, 17, 1454, 12, 1471, 1, 295, 437, 8, 1469, 28, 9, 170, 47]"
866,0446c62360dc6624848a1482d3afbcc2d1febe0eab988cc40c523a39900ff7c9,21,1459,datacopy/evasive-it/2019/0446c62360dc6624848a1482d3afbcc2d1febe0eab988cc40c523a39900ff7c9,"[114, 33, 1466, 3, 7, 1458, 1457, 1, 17, 1454, 12, 1471, 1, 295, 437, 8, 1469, 28, 9, 170, 47]"
867,3977e3b6dd94db9e29808fed212dc4f1c3355bbee03195dd6fd6be2b92353d17,21,670,datacopy/evasive-it/2018/3977e3b6dd94db9e29808fed212dc4f1c3355bbee03195dd6fd6be2b92353d17,"[114, 33, 1466, 3, 7, 1458, 1457, 1, 17, 1454, 12, 1471, 1, 295, 437, 8, 1469, 28, 9, 170, 47]"
868,HEUR-Trojan.Win32.Wofith.gen-7c8f444757a013aa7fd3578a16842d19e7e9d7828aa47c3ce2032ee58cd4b8c4,21,1458,datacopy/evasive-it/2022/HEUR-Trojan.Win32.Wofith.gen-7c8f444757a013aa7fd3578a16842d19e7e9d7828aa47c3ce2032ee58cd4b8c4,"[114, 33, 1466, 3, 7, 1458, 1457, 1, 17, 1454, 12, 1471, 1, 295, 437, 8, 1469, 28, 9, 170, 47]"
869,Trojan.Win32.DelShad.icm-08565f345878369fdbbcf4a064d9f4762f4549f67d1e2aa3907a112a5e5322b6,21,1457,datacopy/evasive-it/2022/Trojan.Win32.DelShad.icm-08565f345878369fdbbcf4a064d9f4762f4549f67d1e2aa3907a112a5e5322b6,"[114, 33, 1466, 3, 7, 1458, 1457, 1, 17, 1454, 12, 1471, 1, 295, 437, 8, 1469, 28, 9, 170, 47]"
870,b9c705cedc02d6ef6ea1764f6dfb0724ce66c878f5c033d5187b9b877fc926e1,21,312,datacopy/evasive-it/2021/b9c705cedc02d6ef6ea1764f6dfb0724ce66c878f5c033d5187b9b877fc926e1,"[114, 33, 1466, 3, 7, 1458, 1457, 1, 17, 1454, 12, 1471, 1, 295, 437, 8, 1469, 28, 9, 170, 47]"
871,8b87a6d1bcd040f5d5add7ab7a044a0a6a35ca70.bin,21,604,datacopy/UCSB.JP/data_feed.geo_japan_6m_public_flag/8/b/8/8b87a6d1bcd040f5d5add7ab7a044a0a6a35ca70.bin,"[114, 33, 1466, 3, 7, 1458, 1457, 1, 17, 1454, 12, 1471, 1, 295, 437, 8, 1469, 28, 9, 170, 47]"
872,4149f025cfce38098d9b8a048c169651a38d312ed6e026b59f034252bdbca5e6,21,1046,datacopy/evasive-it/2021/4149f025cfce38098d9b8a048c169651a38d312ed6e026b59f034252bdbca5e6,"[114, 33, 1466, 3, 7, 1458, 1457, 1, 17, 1454, 12, 1471, 1, 295, 437, 8, 1469, 28, 9, 170, 47]"
873,HEUR-Trojan.Win32.Wofith.gen-7c8f444757a013aa7fd3578a16842d19e7e9d7828aa47c3ce2032ee58cd4b8c4,21,1458,datacopy/evasive-it/2022/HEUR-Trojan.Win32.Wofith.gen-7c8f444757a013aa7fd3578a16842d19e7e9d7828aa47c3ce2032ee58cd4b8c4,"[114, 33, 1466, 3, 7, 1458, 1457, 1, 17, 1454, 12, 1471, 1, 295, 437, 8, 1469, 28, 9, 170, 47]"
874,21fc6ae8f7c0619af4c03ce300bb271f3d3ec43cd196bb04250839dd9700ecad,21,1454,datacopy/evasive-it/2021/21fc6ae8f7c0619af4c03ce300bb271f3d3ec43cd196bb04250839dd9700ecad,"[114, 33, 1466, 3, 7, 1458, 1457, 1, 17, 1454, 12, 1471, 1, 295, 437, 8, 1469, 28, 9, 170, 47]"
875,82b397ecfb78454deb483ba9f5a1a0572d0102d4.bin,21,1161,datacopy/UCSB.JP/data_feed.geo_japan_6m_public_flag/8/2/b/82b397ecfb78454deb483ba9f5a1a0572d0102d4.bin,"[114, 33, 1466, 3, 7, 1458, 1457, 1, 17, 1454, 12, 1471, 1, 295, 437, 8, 1469, 28, 9, 170, 47]"
876,0f6094d11540d02405591452d2278a34dc84cdecf0e5ac3bb95abc3dc9449438,21,803,datacopy/evasive-it/2019/0f6094d11540d02405591452d2278a34dc84cdecf0e5ac3bb95abc3dc9449438,"[114, 33, 1466, 3, 7, 1458, 1457, 1, 17, 1454, 12, 1471, 1, 295, 437, 8, 1469, 28, 9, 170, 47]"
877,1303679e1b62b14f24307a92a4b4b5ae18267675ceb6ff800493f65648dc0a51,21,1046,datacopy/evasive-it/2019/1303679e1b62b14f24307a92a4b4b5ae18267675ceb6ff800493f65648dc0a51,"[114, 33, 1466, 3, 7, 1458, 1457, 1, 17, 1454, 12, 1471, 1, 295, 437, 8, 1469, 28, 9, 170, 47]"
878,ddfcd8635271a01c98d29fce4c227a87d093647d47f95ee9a7566805780074ef,21,1046,datacopy/evasive-it/2021/ddfcd8635271a01c98d29fce4c227a87d093647d47f95ee9a7566805780074ef,"[114, 33, 1466, 3, 7, 1458, 1457, 1, 17, 1454, 12, 1471, 1, 295, 437, 8, 1469, 28, 9, 170, 47]"
879,Trojan.Win32.XRed.aff-cdc95392f7aaf04457256258571c08966e093503028339eeeb586a3d1d2903e0,21,1471,datacopy/evasive-it/2023/Trojan.Win32.XRed.aff-cdc95392f7aaf04457256258571c08966e093503028339eeeb586a3d1d2903e0,"[114, 33, 1466, 3, 7, 1458, 1457, 1, 17, 1454, 12, 1471, 1, 295, 437, 8, 1469, 28, 9, 170, 47]"
880,HEUR-Worm.Win32.Pluto.gen-8b86e05a29d3f5baf4e579364eb42f96746366bd1fab0435272f6b619be880d1,21,1459,datacopy/evasive-it/2022/HEUR-Worm.Win32.Pluto.gen-8b86e05a29d3f5baf4e579364eb42f96746366bd1fab0435272f6b619be880d1,"[114, 33, 1466, 3, 7, 1458, 1457, 1, 17, 1454, 12, 1471, 1, 295, 437, 8, 1469, 28, 9, 170, 47]"
881,Trojan.Win32.Bublik.elhu-0cbefd9fa36902937cb5e57f8b7fb1a476498c6dd4fc0fcdee2bfbba5b0e9bce,21,312,datacopy/evasive-it/2022/Trojan.Win32.Bublik.elhu-0cbefd9fa36902937cb5e57f8b7fb1a476498c6dd4fc0fcdee2bfbba5b0e9bce,"[114, 33, 1466, 3, 7, 1458, 1457, 1, 17, 1454, 12, 1471, 1, 295, 437, 8, 1469, 28, 9, 170, 47]"
882,4149f025cfce38098d9b8a048c169651a38d312ed6e026b59f034252bdbca5e6,21,1046,datacopy/evasive-it/2021/4149f025cfce38098d9b8a048c169651a38d312ed6e026b59f034252bdbca5e6,"[114, 33, 1466, 3, 7, 1458, 1457, 1, 17, 1454, 12, 1471, 1, 295, 437, 8, 1469, 28, 9, 170, 47]"
883,6b0365cf585ab70937ea56e3516c41513c318e478b9ea61d4fbfc689047a6c66,21,1290,datacopy/evasive-it/2018/6b0365cf585ab70937ea56e3516c41513c318e478b9ea61d4fbfc689047a6c66,"[114, 33, 1466, 3, 7, 1458, 1457, 1, 17, 1454, 12, 1471, 1, 295, 437, 8, 1469, 28, 9, 170, 47]"
884,HEUR-Trojan-Banker.Win32.BestaFera.gen-45eae3fcfc0e6f6808356f2f15a52bb550d003c45000c25d0bb83c9c62f61e2d,21,0,datacopy/evasive-it/2022/HEUR-Trojan-Banker.Win32.BestaFera.gen-45eae3fcfc0e6f6808356f2f15a52bb550d003c45000c25d0bb83c9c62f61e2d,"[114, 33, 1466, 3, 7, 1458, 1457, 1, 17, 1454, 12, 1471, 1, 295, 437, 8, 1469, 28, 9, 170, 47]"
885,893a3de7b041d848f26859d030c1eb5ac300963e.bin,21,98,datacopy/UCSB.JP/data_feed.geo_japan_6m_public_flag/8/9/3/893a3de7b041d848f26859d030c1eb5ac300963e.bin,"[114, 33, 1466, 3, 7, 1458, 1457, 1, 17, 1454, 12, 1471, 1, 295, 437, 8, 1469, 28, 9, 170, 47]"
886,429f04f08bd9cb77e7c85d1a0476dbfb0f5a257ed1ca4cefca3f25b47b48efed,21,1162,datacopy/evasive-it/2020/429f04f08bd9cb77e7c85d1a0476dbfb0f5a257ed1ca4cefca3f25b47b48efed,"[114, 33, 1466, 3, 7, 1458, 1457, 1, 17, 1454, 12, 1471, 1, 295, 437, 8, 1469, 28, 9, 170, 47]"
887,HEUR-Trojan.Win32.Darkgate.gen-301158ffb44a9824deeec16bdc7dabdc328b9f3ecde0df048741218285d8bcc8,21,1469,datacopy/evasive-it/2023/HEUR-Trojan.Win32.Darkgate.gen-301158ffb44a9824deeec16bdc7dabdc328b9f3ecde0df048741218285d8bcc8,"[114, 33, 1466, 3, 7, 1458, 1457, 1, 17, 1454, 12, 1471, 1, 295, 437, 8, 1469, 28, 9, 170, 47]"
888,1303679e1b62b14f24307a92a4b4b5ae18267675ceb6ff800493f65648dc0a51,21,1046,datacopy/evasive-it/2019/1303679e1b62b14f24307a92a4b4b5ae18267675ceb6ff800493f65648dc0a51,"[114, 33, 1466, 3, 7, 1458, 1457, 1, 17, 1454, 12, 1471, 1, 295, 437, 8, 1469, 28, 9, 170, 47]"
889,68f22901ca321609823c5211354ef8946432d77be3315077b808b5e0fd015562,21,83,datacopy/evasive-it/2021/68f22901ca321609823c5211354ef8946432d77be3315077b808b5e0fd015562,"[114, 33, 1466, 3, 7, 1458, 1457, 1, 17, 1454, 12, 1471, 1, 295, 437, 8, 1469, 28, 9, 170, 47]"
890,VHO-Trojan.Win32.Llac.gen-741280ecfc868faa37e9deafa2d6359cc08390e36a5eb37853669045befc068b,21,312,datacopy/evasive-it/2022/VHO-Trojan.Win32.Llac.gen-741280ecfc868faa37e9deafa2d6359cc08390e36a5eb37853669045befc068b,"[114, 33, 1466, 3, 7, 1458, 1457, 1, 17, 1454, 12, 1471, 1, 295, 437, 8, 1469, 28, 9, 170, 47]"
891,ce46e8fd19e006eb7dd8c14c64050025d8771fc092097f8b3824ece04c7064ef,21,1046,datacopy/evasive-it/2021/ce46e8fd19e006eb7dd8c14c64050025d8771fc092097f8b3824ece04c7064ef,"[114, 33, 1466, 3, 7, 1458, 1457, 1, 17, 1454, 12, 1471, 1, 295, 437, 8, 1469, 28, 9, 170, 47]"
892,2b81bcbc4e1b8e1c6f7ab1eca090887c0710a73e4fd4179627f2580418d40a4c,21,1455,datacopy/evasive-it/2021/2b81bcbc4e1b8e1c6f7ab1eca090887c0710a73e4fd4179627f2580418d40a4c,"[114, 33, 1466, 3, 7, 1458, 1457, 1, 17, 1454, 12, 1471, 1, 295, 437, 8, 1469, 28, 9, 170, 47]"
893,8836171483fcb12d6fb08661afa951eaf97d189807db2f3ff1013cf4f1e93039,21,1197,datacopy/evasive-it/2019/8836171483fcb12d6fb08661afa951eaf97d189807db2f3ff1013cf4f1e93039,"[114, 33, 1466, 3, 7, 1458, 1457, 1, 17, 1454, 12, 1471, 1, 295, 437, 8, 1469, 28, 9, 170, 47]"
894,13759280bce1ad57480272b6020a9a3ae2cfcb8ad3e3e3b45926f14e56716694,21,1459,datacopy/evasive-it/2019/13759280bce1ad57480272b6020a9a3ae2cfcb8ad3e3e3b45926f14e56716694,"[114, 33, 1466, 3, 7, 1458, 1457, 1, 17, 1454, 12, 1471, 1, 295, 437, 8, 1469, 28, 9, 170, 47]"
895,Trojan-PSW.Win32.Rhadamanthus.z-140f170d8b83611cb8897164be174495dc51961dc34fbccc9a714917cc341b8f,21,1466,datacopy/evasive-it/2023/Trojan-PSW.Win32.Rhadamanthus.z-140f170d8b83611cb8897164be174495dc51961dc34fbccc9a714917cc341b8f,"[114, 33, 1466, 3, 7, 1458, 1457, 1, 17, 1454, 12, 1471, 1, 295, 437, 8, 1469, 28, 9, 170, 47]"
896,0446c62360dc6624848a1482d3afbcc2d1febe0eab988cc40c523a39900ff7c9,21,1459,datacopy/evasive-it/2019/0446c62360dc6624848a1482d3afbcc2d1febe0eab988cc40c523a39900ff7c9,"[114, 33, 1466, 3, 7, 1458, 1457, 1, 17, 1454, 12, 1471, 1, 295, 437, 8, 1469, 28, 9, 170, 47]"
897,3977e3b6dd94db9e29808fed212dc4f1c3355bbee03195dd6fd6be2b92353d17,21,670,datacopy/evasive-it/2018/3977e3b6dd94db9e29808fed212dc4f1c3355bbee03195dd6fd6be2b92353d17,"[114, 33, 1466, 3, 7, 1458, 1457, 1, 17, 1454, 12, 1471, 1, 295, 437, 8, 1469, 28, 9, 170, 47]"
898,HEUR-Trojan.Win32.Wofith.gen-7c8f444757a013aa7fd3578a16842d19e7e9d7828aa47c3ce2032ee58cd4b8c4,21,1458,datacopy/evasive-it/2022/HEUR-Trojan.Win32.Wofith.gen-7c8f444757a013aa7fd3578a16842d19e7e9d7828aa47c3ce2032ee58cd4b8c4,"[114, 33, 1466, 3, 7, 1458, 1457, 1, 17, 1454, 12, 1471, 1, 295, 437, 8, 1469, 28, 9, 170, 47]"
899,Trojan.Win32.DelShad.icm-08565f345878369fdbbcf4a064d9f4762f4549f67d1e2aa3907a112a5e5322b6,21,1457,datacopy/evasive-it/2022/Trojan.Win32.DelShad.icm-08565f345878369fdbbcf4a064d9f4762f4549f67d1e2aa3907a112a5e5322b6,"[114, 33, 1466, 3, 7, 1458, 1457, 1, 17, 1454, 12, 1471, 1, 295, 437, 8, 1469, 28, 9, 170, 47]"
900,b9c705cedc02d6ef6ea1764f6dfb0724ce66c878f5c033d5187b9b877fc926e1,21,312,datacopy/evasive-it/2021/b9c705cedc02d6ef6ea1764f6dfb0724ce66c878f5c033d5187b9b877fc926e1,"[114, 33, 1466, 3, 7, 1458, 1457, 1, 17, 1454, 12, 1471, 1, 295, 437, 8, 1469, 28, 9, 170, 47]"
901,8b87a6d1bcd040f5d5add7ab7a044a0a6a35ca70.bin,21,604,datacopy/UCSB.JP/data_feed.geo_japan_6m_public_flag/8/b/8/8b87a6d1bcd040f5d5add7ab7a044a0a6a35ca70.bin,"[114, 33, 1466, 3, 7, 1458, 1457, 1, 17, 1454, 12, 1471, 1, 295, 437, 8, 1469, 28, 9, 170, 47]"
902,4149f025cfce38098d9b8a048c169651a38d312ed6e026b59f034252bdbca5e6,21,1046,datacopy/evasive-it/2021/4149f025cfce38098d9b8a048c169651a38d312ed6e026b59f034252bdbca5e6,"[114, 33, 1466, 3, 7, 1458, 1457, 1, 17, 1454, 12, 1471, 1, 295, 437, 8, 1469, 28, 9, 170, 47]"
903,HEUR-Trojan.Win32.Wofith.gen-7c8f444757a013aa7fd3578a16842d19e7e9d7828aa47c3ce2032ee58cd4b8c4,21,1458,datacopy/evasive-it/2022/HEUR-Trojan.Win32.Wofith.gen-7c8f444757a013aa7fd3578a16842d19e7e9d7828aa47c3ce2032ee58cd4b8c4,"[114, 33, 1466, 3, 7, 1458, 1457, 1, 17, 1454, 12, 1471, 1, 295, 437, 8, 1469, 28, 9, 170, 47]"
904,21fc6ae8f7c0619af4c03ce300bb271f3d3ec43cd196bb04250839dd9700ecad,21,1454,datacopy/evasive-it/2021/21fc6ae8f7c0619af4c03ce300bb271f3d3ec43cd196bb04250839dd9700ecad,"[114, 33, 1466, 3, 7, 1458, 1457, 1, 17, 1454, 12, 1471, 1, 295, 437, 8, 1469, 28, 9, 170, 47]"
905,82b397ecfb78454deb483ba9f5a1a0572d0102d4.bin,21,1161,datacopy/UCSB.JP/data_feed.geo_japan_6m_public_flag/8/2/b/82b397ecfb78454deb483ba9f5a1a0572d0102d4.bin,"[114, 33, 1466, 3, 7, 1458, 1457, 1, 17, 1454, 12, 1471, 1, 295, 437, 8, 1469, 28, 9, 170, 47]"
906,0f6094d11540d02405591452d2278a34dc84cdecf0e5ac3bb95abc3dc9449438,21,803,datacopy/evasive-it/2019/0f6094d11540d02405591452d2278a34dc84cdecf0e5ac3bb95abc3dc9449438,"[114, 33, 1466, 3, 7, 1458, 1457, 1, 17, 1454, 12, 1471, 1, 295, 437, 8, 1469, 28, 9, 170, 47]"
907,1303679e1b62b14f24307a92a4b4b5ae18267675ceb6ff800493f65648dc0a51,21,1046,datacopy/evasive-it/2019/1303679e1b62b14f24307a92a4b4b5ae18267675ceb6ff800493f65648dc0a51,"[114, 33, 1466, 3, 7, 1458, 1457, 1, 17, 1454, 12, 1471, 1, 295, 437, 8, 1469, 28, 9, 170, 47]"
908,ddfcd8635271a01c98d29fce4c227a87d093647d47f95ee9a7566805780074ef,21,1046,datacopy/evasive-it/2021/ddfcd8635271a01c98d29fce4c227a87d093647d47f95ee9a7566805780074ef,"[114, 33, 1466, 3, 7, 1458, 1457, 1, 17, 1454, 12, 1471, 1, 295, 437, 8, 1469, 28, 9, 170, 47]"
909,Trojan.Win32.XRed.aff-cdc95392f7aaf04457256258571c08966e093503028339eeeb586a3d1d2903e0,21,1471,datacopy/evasive-it/2023/Trojan.Win32.XRed.aff-cdc95392f7aaf04457256258571c08966e093503028339eeeb586a3d1d2903e0,"[114, 33, 1466, 3, 7, 1458, 1457, 1, 17, 1454, 12, 1471, 1, 295, 437, 8, 1469, 28, 9, 170, 47]"
910,HEUR-Worm.Win32.Pluto.gen-8b86e05a29d3f5baf4e579364eb42f96746366bd1fab0435272f6b619be880d1,21,1459,datacopy/evasive-it/2022/HEUR-Worm.Win32.Pluto.gen-8b86e05a29d3f5baf4e579364eb42f96746366bd1fab0435272f6b619be880d1,"[114, 33, 1466, 3, 7, 1458, 1457, 1, 17, 1454, 12, 1471, 1, 295, 437, 8, 1469, 28, 9, 170, 47]"
911,Trojan.Win32.Bublik.elhu-0cbefd9fa36902937cb5e57f8b7fb1a476498c6dd4fc0fcdee2bfbba5b0e9bce,21,312,datacopy/evasive-it/2022/Trojan.Win32.Bublik.elhu-0cbefd9fa36902937cb5e57f8b7fb1a476498c6dd4fc0fcdee2bfbba5b0e9bce,"[114, 33, 1466, 3, 7, 1458, 1457, 1, 17, 1454, 12, 1471, 1, 295, 437, 8, 1469, 28, 9, 170, 47]"
912,4680b729788986872608aa10ba00f75bcee18ba81cbf6c79845652014bc8383a,21,312,datacopy/evasive-it/2019/4680b729788986872608aa10ba00f75bcee18ba81cbf6c79845652014bc8383a,"[114, 33, 1466, 3, 7, 1458, 1457, 1, 17, 1454, 12, 1471, 1, 295, 437, 8, 1469, 28, 9, 170, 47]"
913,4149f025cfce38098d9b8a048c169651a38d312ed6e026b59f034252bdbca5e6,21,1046,datacopy/evasive-it/2021/4149f025cfce38098d9b8a048c169651a38d312ed6e026b59f034252bdbca5e6,"[114, 33, 1466, 3, 7, 1458, 1457, 1, 17, 1454, 12, 1471, 1, 295, 437, 8, 1469, 28, 9, 170, 47]"
914,6b0365cf585ab70937ea56e3516c41513c318e478b9ea61d4fbfc689047a6c66,21,1290,datacopy/evasive-it/2018/6b0365cf585ab70937ea56e3516c41513c318e478b9ea61d4fbfc689047a6c66,"[114, 33, 1466, 3, 7, 1458, 1457, 1, 17, 1454, 12, 1471, 1, 295, 437, 8, 1469, 28, 9, 170, 47]"
915,HEUR-Trojan-Banker.Win32.BestaFera.gen-45eae3fcfc0e6f6808356f2f15a52bb550d003c45000c25d0bb83c9c62f61e2d,21,0,datacopy/evasive-it/2022/HEUR-Trojan-Banker.Win32.BestaFera.gen-45eae3fcfc0e6f6808356f2f15a52bb550d003c45000c25d0bb83c9c62f61e2d,"[114, 33, 1466, 3, 7, 1458, 1457, 1, 17, 1454, 12, 1471, 1, 295, 437, 8, 1469, 28, 9, 170, 47]"
916,893a3de7b041d848f26859d030c1eb5ac300963e.bin,21,98,datacopy/UCSB.JP/data_feed.geo_japan_6m_public_flag/8/9/3/893a3de7b041d848f26859d030c1eb5ac300963e.bin,"[114, 33, 1466, 3, 7, 1458, 1457, 1, 17, 1454, 12, 1471, 1, 295, 437, 8, 1469, 28, 9, 170, 47]"
917,429f04f08bd9cb77e7c85d1a0476dbfb0f5a257ed1ca4cefca3f25b47b48efed,21,1162,datacopy/evasive-it/2020/429f04f08bd9cb77e7c85d1a0476dbfb0f5a257ed1ca4cefca3f25b47b48efed,"[114, 33, 1466, 3, 7, 1458, 1457, 1, 17, 1454, 12, 1471, 1, 295, 437, 8, 1469, 28, 9, 170, 47]"
918,HEUR-Trojan.Win32.Darkgate.gen-301158ffb44a9824deeec16bdc7dabdc328b9f3ecde0df048741218285d8bcc8,21,1469,datacopy/evasive-it/2023/HEUR-Trojan.Win32.Darkgate.gen-301158ffb44a9824deeec16bdc7dabdc328b9f3ecde0df048741218285d8bcc8,"[114, 33, 1466, 3, 7, 1458, 1457, 1, 17, 1454, 12, 1471, 1, 295, 437, 8, 1469, 28, 9, 170, 47]"
919,1303679e1b62b14f24307a92a4b4b5ae18267675ceb6ff800493f65648dc0a51,21,1046,datacopy/evasive-it/2019/1303679e1b62b14f24307a92a4b4b5ae18267675ceb6ff800493f65648dc0a51,"[114, 33, 1466, 3, 7, 1458, 1457, 1, 17, 1454, 12, 1471, 1, 295, 437, 8, 1469, 28, 9, 170, 47]"
920,68f22901ca321609823c5211354ef8946432d77be3315077b808b5e0fd015562,21,83,datacopy/evasive-it/2021/68f22901ca321609823c5211354ef8946432d77be3315077b808b5e0fd015562,"[114, 33, 1466, 3, 7, 1458, 1457, 1, 17, 1454, 12, 1471, 1, 295, 437, 8, 1469, 28, 9, 170, 47]"
921,VHO-Trojan.Win32.Llac.gen-741280ecfc868faa37e9deafa2d6359cc08390e36a5eb37853669045befc068b,21,312,datacopy/evasive-it/2022/VHO-Trojan.Win32.Llac.gen-741280ecfc868faa37e9deafa2d6359cc08390e36a5eb37853669045befc068b,"[114, 33, 1466, 3, 7, 1458, 1457, 1, 17, 1454, 12, 1471, 1, 295, 437, 8, 1469, 28, 9, 170, 47]"
922,ce46e8fd19e006eb7dd8c14c64050025d8771fc092097f8b3824ece04c7064ef,21,1046,datacopy/evasive-it/2021/ce46e8fd19e006eb7dd8c14c64050025d8771fc092097f8b3824ece04c7064ef,"[114, 33, 1466, 3, 7, 1458, 1457, 1, 17, 1454, 12, 1471, 1, 295, 437, 8, 1469, 28, 9, 170, 47]"
923,2b81bcbc4e1b8e1c6f7ab1eca090887c0710a73e4fd4179627f2580418d40a4c,21,1455,datacopy/evasive-it/2021/2b81bcbc4e1b8e1c6f7ab1eca090887c0710a73e4fd4179627f2580418d40a4c,"[114, 33, 1466, 3, 7, 1458, 1457, 1, 17, 1454, 12, 1471, 1, 295, 437, 8, 1469, 28, 9, 170, 47]"
924,5b611e6eee202dee976d5dfeb7bdae0a8e86a3824394783b8c16796490d8857a,21,477,datacopy/Stefano/5b611e6eee202dee976d5dfeb7bdae0a8e86a3824394783b8c16796490d8857a,"[114, 33, 1466, 3, 7, 1458, 1457, 1, 17, 1454, 12, 1471, 1, 295, 437, 8, 1469, 28, 9, 170, 47]"
925,40eb9318e42fb2c3153967428abfcaf7231140a37652cf51657512d751830211,21,477,datacopy/Stefano/40eb9318e42fb2c3153967428abfcaf7231140a37652cf51657512d751830211,"[114, 33, 1466, 3, 7, 1458, 1457, 1, 17, 1454, 12, 1471, 1, 295, 437, 8, 1469, 28, 9, 170, 47]"
926,e6f458a59738caaa52d09c78275c75b9ca781b60e6c9416b1476174482c4ae85,21,477,datacopy/Stefano/e6f458a59738caaa52d09c78275c75b9ca781b60e6c9416b1476174482c4ae85,"[114, 33, 1466, 3, 7, 1458, 1457, 1, 17, 1454, 12, 1471, 1, 295, 437, 8, 1469, 28, 9, 170, 47]"
927,d5fb6536541f8581a8f177ebc6bbfdaa18ebc5967c8f0a3c2acfba2b73543481,21,477,datacopy/Stefano/d5fb6536541f8581a8f177ebc6bbfdaa18ebc5967c8f0a3c2acfba2b73543481,"[114, 33, 1466, 3, 7, 1458, 1457, 1, 17, 1454, 12, 1471, 1, 295, 437, 8, 1469, 28, 9, 170, 47]"
928,e8b16df1bdb3427efce54029bc9d0363d7f286120b1523e5c1c28a629b1ce92e,21,477,datacopy/Stefano/e8b16df1bdb3427efce54029bc9d0363d7f286120b1523e5c1c28a629b1ce92e,"[114, 33, 1466, 3, 7, 1458, 1457, 1, 17, 1454, 12, 1471, 1, 295, 437, 8, 1469, 28, 9, 170, 47]"
929,8c6a6169a204bdbf6565b27278afd300541af83d.bin,23,1149,datacopy/UCSB.JP/data_feed.geo_japan_6m_public_flag/8/c/6/8c6a6169a204bdbf6565b27278afd300541af83d.bin,[1]
930,b1908e129368afcdd953a91a23989696ea5d27de.bin,23,1149,datacopy/UCSB.JP/data_feed.geo_japan_6m_public_flag/b/1/9/b1908e129368afcdd953a91a23989696ea5d27de.bin,[1]
931,21f12c70bed376a87a8a9be9ad926096e026e44f.bin,23,1149,datacopy/UCSB.JP/data_feed.geo_japan_6m_public_flag/2/1/f/21f12c70bed376a87a8a9be9ad926096e026e44f.bin,[1]
932,1e6952669d65aae22329b8d48c9000779d188be7.bin,23,1149,datacopy/UCSB.JP/data_feed.geo_japan_6m_public_flag/1/e/6/1e6952669d65aae22329b8d48c9000779d188be7.bin,[1]
933,064422beeedec1f37a4540643d79dcf10a4ee00c.bin,23,1149,datacopy/UCSB.JP/data_feed.geo_japan_6m_public_flag/0/6/4/064422beeedec1f37a4540643d79dcf10a4ee00c.bin,[1]
934,6bbe74d18f0bd203aa2cc899e76a1392afdd858c.bin,23,1149,datacopy/UCSB.JP/data_feed.geo_japan_6m_public_flag/6/b/b/6bbe74d18f0bd203aa2cc899e76a1392afdd858c.bin,[1]
935,559f4c92cd0b9497787453514183432021508017.bin,23,1149,datacopy/UCSB/559f4c92cd0b9497787453514183432021508017.bin,[1]
936,5f5df2b2710b052c306269c046df3aee6c4444dd.bin,23,1149,datacopy/UCSB/5f5df2b2710b052c306269c046df3aee6c4444dd.bin,[1]
937,ca730c2fcce57be805d661a1a370bd918250c37a.bin,23,1149,datacopy/UCSB/ca730c2fcce57be805d661a1a370bd918250c37a.bin,[1]
938,f66ba957cb90aa0a26faa661ecd5c7429bb593d8.bin,23,1149,datacopy/UCSB/f66ba957cb90aa0a26faa661ecd5c7429bb593d8.bin,[1]
939,05dbe2374e7c9add79c192857441234deba0b6cb.bin,23,1149,datacopy/UCSB/05dbe2374e7c9add79c192857441234deba0b6cb.bin,[1]
940,7b0b8da7b457608ed84da1789036d86a7bd54559.bin,23,1149,datacopy/UCSB/7b0b8da7b457608ed84da1789036d86a7bd54559.bin,[1]
941,acc2a4f2f140198ddbc79cf6f6d0c7950c7c671c.bin,23,1149,datacopy/UCSB/acc2a4f2f140198ddbc79cf6f6d0c7950c7c671c.bin,[1]
942,0dead276bd726b0acb8cdf63ca4a8de5ed2b52a2.bin,23,1149,datacopy/UCSB/0dead276bd726b0acb8cdf63ca4a8de5ed2b52a2.bin,[1]
943,417e41f84e371b9f64a62f6a1e200fa54de4ea7d.bin,23,1149,datacopy/UCSB/417e41f84e371b9f64a62f6a1e200fa54de4ea7d.bin,[1]
944,f412e27ca1083e8a81c17cbf5855787a38257fb8.bin,23,1149,datacopy/UCSB/f412e27ca1083e8a81c17cbf5855787a38257fb8.bin,[1]
945,191ab1fcf98cb7685b891d5cae0de4d8986258a7.bin,23,1149,datacopy/UCSB/191ab1fcf98cb7685b891d5cae0de4d8986258a7.bin,[1]
946,aaa0fbf6f3f2d5e4e9b5642b22b9169e15e8113d.bin,23,1149,datacopy/UCSB/aaa0fbf6f3f2d5e4e9b5642b22b9169e15e8113d.bin,[1]
947,db23f083cabe51570b6c1f4f29ccdccaa53aca6e.bin,23,1149,datacopy/UCSB/db23f083cabe51570b6c1f4f29ccdccaa53aca6e.bin,[1]
948,925ed977cb5050052c95c958245dd6eaf04e1aae.bin,23,1149,datacopy/UCSB/925ed977cb5050052c95c958245dd6eaf04e1aae.bin,[1]
949,7ebd90bcdce8bccbc0c292cacc4b7e7b327afafcb3a7102974a143188671df11,23,1149,datacopy/Stefano/7ebd90bcdce8bccbc0c292cacc4b7e7b327afafcb3a7102974a143188671df11,[1]
950,919a1d7c39624d5077980dc0682fe7cee0ac53326e37c2c40b7375fe59d2fe98,23,1149,datacopy/Stefano/919a1d7c39624d5077980dc0682fe7cee0ac53326e37c2c40b7375fe59d2fe98,[1]
951,b314fc6ad09644f3a3dbf24f4af1fb3eac01abf2bbf57e87bc8c4eca1a8aa449,23,1149,datacopy/Stefano/b314fc6ad09644f3a3dbf24f4af1fb3eac01abf2bbf57e87bc8c4eca1a8aa449,[1]
952,efe94ba42d88fec983220be949469e2a1c63c9f0b60357a6e23285a2ff816b6e,23,1149,datacopy/Stefano/efe94ba42d88fec983220be949469e2a1c63c9f0b60357a6e23285a2ff816b6e,[1]
953,cadb6ab021e738bdaaa3d9b1e3c45c0d008edc5e64373fb9daa6254eed1d24e4,23,1149,datacopy/Stefano/cadb6ab021e738bdaaa3d9b1e3c45c0d008edc5e64373fb9daa6254eed1d24e4,[1]
954,38471ba65ad547186c67c34bc93aa65176b6cc3919bc2436de8dba8a2fef2d89,23,1149,datacopy/Stefano/38471ba65ad547186c67c34bc93aa65176b6cc3919bc2436de8dba8a2fef2d89,[1]
955,626e84b19498546e59e6ebbacfb2e8990af9347db40cd0d66ca407da8b3aafc2,23,1149,datacopy/Stefano/626e84b19498546e59e6ebbacfb2e8990af9347db40cd0d66ca407da8b3aafc2,[1]
956,e61a9473331c1dbe00657fac9b2a88ba97d599a87e4088458ccd2bc636c222b9,23,1149,datacopy/Stefano/e61a9473331c1dbe00657fac9b2a88ba97d599a87e4088458ccd2bc636c222b9,[1]
957,bf3cc293e6888c5e0c8ccde5231dbf5cf78628c1319a77b29fe07e3442359a18,23,1149,datacopy/Stefano/bf3cc293e6888c5e0c8ccde5231dbf5cf78628c1319a77b29fe07e3442359a18,[1]
958,34b02756fdf66104dc20b525753952146e340254f8b8fd1f6536084445af7e60,23,1149,datacopy/Stefano/34b02756fdf66104dc20b525753952146e340254f8b8fd1f6536084445af7e60,[1]
959,107492ee4bd6e517b7cb3f40f42f40fae8677864d2a629b72136874af70fad39,23,1149,datacopy/Stefano/107492ee4bd6e517b7cb3f40f42f40fae8677864d2a629b72136874af70fad39,[1]
960,0d698eef0ce04e3e819916d42142e0e06b3883f2c1c154d08c0f3c82c3fa109d,23,1149,datacopy/Stefano/0d698eef0ce04e3e819916d42142e0e06b3883f2c1c154d08c0f3c82c3fa109d,[1]
961,88ab2d920db1ff6c4d3d5ab4cfe4414bcd71014fc41c58e9926a18e06bca47aa,23,1149,datacopy/Stefano/88ab2d920db1ff6c4d3d5ab4cfe4414bcd71014fc41c58e9926a18e06bca47aa,[1]
962,1e576e6f54c03ce854c212bf6636deeb7bee58a121e49015fab9c7936fca553b,23,1149,datacopy/Stefano/1e576e6f54c03ce854c212bf6636deeb7bee58a121e49015fab9c7936fca553b,[1]
963,a8dbad95b0474dbd6d65cf644edf3dce81ce6803a163dae8c54b098f40b40173,23,1149,datacopy/Stefano/a8dbad95b0474dbd6d65cf644edf3dce81ce6803a163dae8c54b098f40b40173,[1]
964,4446767833ddd46a769c545ec61fa1d9f453375003206252311f8ca84c246d0b,23,1149,datacopy/Stefano/4446767833ddd46a769c545ec61fa1d9f453375003206252311f8ca84c246d0b,[1]
965,296211df9212e8ab927a0efe00e6bf0b0b502d7f0a34e9778b581a723c17cbe8,23,1149,datacopy/Stefano/296211df9212e8ab927a0efe00e6bf0b0b502d7f0a34e9778b581a723c17cbe8,[1]
966,b58e876407eb66875e55f9c3a17de32c710343e229e32c9c14aa93f776e5ad68,23,1149,datacopy/Stefano/b58e876407eb66875e55f9c3a17de32c710343e229e32c9c14aa93f776e5ad68,[1]
967,cb4de774ec8f4cc9b919e8c760330fca96716ca279d3c1aedba6582178451aa6,23,1149,datacopy/Stefano/cb4de774ec8f4cc9b919e8c760330fca96716ca279d3c1aedba6582178451aa6,[1]
968,9f289ea11862f6ee212e5eb5f050e5abd771d7ce580fe62a493307478b8dfe9e,23,1149,datacopy/Stefano/9f289ea11862f6ee212e5eb5f050e5abd771d7ce580fe62a493307478b8dfe9e,[1]
969,4ceacb0f7217b285ee7d35056138f36d0ef6745110cbd0e48fe57b6cc5b15ac0,23,1149,datacopy/Stefano/4ceacb0f7217b285ee7d35056138f36d0ef6745110cbd0e48fe57b6cc5b15ac0,[1]
970,ee1510b043c57484299f9c2f6d6d532936a91abad2611dfc130b155bac39e0c3,23,1149,datacopy/Stefano/ee1510b043c57484299f9c2f6d6d532936a91abad2611dfc130b155bac39e0c3,[1]
971,bcb4fa5b41e3dceff9fa595c479a15cbd9a14aa2850868c9ca28130f71a0aa60,23,1149,datacopy/Stefano/bcb4fa5b41e3dceff9fa595c479a15cbd9a14aa2850868c9ca28130f71a0aa60,[1]
972,5ca8c083016e087a2b19a54f6267c0e49c388b4910f80fda65281f9b3a4c1f79,23,1149,datacopy/Stefano/5ca8c083016e087a2b19a54f6267c0e49c388b4910f80fda65281f9b3a4c1f79,[1]
973,6e044cce132957038af0f191476727dc2eba2e18248fbebad4ad67890ca44afc,23,1149,datacopy/Stefano/6e044cce132957038af0f191476727dc2eba2e18248fbebad4ad67890ca44afc,[1]
974,402dc6ef04d51d41dd7c923ef443686029b520ea4b2d42a9dda94c3e1cea979d,23,1149,datacopy/Stefano/402dc6ef04d51d41dd7c923ef443686029b520ea4b2d42a9dda94c3e1cea979d,[1]
975,9e37d2f79aa40086b29d66804ea84c63de5726384b221d6ac2cbd4f70c7841e7,23,1149,datacopy/Stefano/9e37d2f79aa40086b29d66804ea84c63de5726384b221d6ac2cbd4f70c7841e7,[1]
976,2176b7bd714f29b1fb67018eb1bdf2d63aca845d59bf56358b90fee333c4de71,23,1149,datacopy/Stefano/2176b7bd714f29b1fb67018eb1bdf2d63aca845d59bf56358b90fee333c4de71,[1]
977,9e5acdd63b9698b9e2e96bda6df7a7625d6bb0f04efe8374ca3d08c06c9dfb70,23,1149,datacopy/Stefano/9e5acdd63b9698b9e2e96bda6df7a7625d6bb0f04efe8374ca3d08c06c9dfb70,[1]
978,4d278437bd95b80024a014ff974803a52594c768209e7ba8d18deee34e344f2f,23,1149,datacopy/Stefano/4d278437bd95b80024a014ff974803a52594c768209e7ba8d18deee34e344f2f,[1]
979,4a781a680ab95af57c5a47a8f6658a51c7935ea716d5dc749590114933c7cff2,23,1149,datacopy/Stefano/4a781a680ab95af57c5a47a8f6658a51c7935ea716d5dc749590114933c7cff2,[1]
980,21591bae88b512651feb8c75917927b735e684e8b45f658f68b2ee04265e3b21,23,1149,datacopy/Stefano/21591bae88b512651feb8c75917927b735e684e8b45f658f68b2ee04265e3b21,[1]
981,1bcc24b540cd9b01b803b8ed22b9a25cc265304eeb4dd70831f6ae633c93aa9d,23,1149,datacopy/Stefano/1bcc24b540cd9b01b803b8ed22b9a25cc265304eeb4dd70831f6ae633c93aa9d,[1]
982,6188a2150f50868b945862842f179be75b932ea930b9dbb3ca080ba214196195,23,1149,datacopy/Stefano/6188a2150f50868b945862842f179be75b932ea930b9dbb3ca080ba214196195,[1]
983,363a4c300030cd57345bbbd9418a7920b94287f0b52f51d6796bce0053693463,23,1149,datacopy/Stefano/363a4c300030cd57345bbbd9418a7920b94287f0b52f51d6796bce0053693463,[1]
984,6ae932058b7a3ff88eeab523bec5a87258e18837bb869403bb57b7cee8261375,23,1149,datacopy/Stefano/6ae932058b7a3ff88eeab523bec5a87258e18837bb869403bb57b7cee8261375,[1]
985,98fdc8aa2e8e734de0fc1e5531ae0393f08e44c5fadfca2ac58cc4efe33ec25a,23,1149,datacopy/Stefano/98fdc8aa2e8e734de0fc1e5531ae0393f08e44c5fadfca2ac58cc4efe33ec25a,[1]
986,236527dc2d5f681411dec2fecbc3621678f655437046f28d7535514deff21ad0,23,1149,datacopy/Stefano/236527dc2d5f681411dec2fecbc3621678f655437046f28d7535514deff21ad0,[1]
987,7acefa981b15e5927aefa64980ef1fa70cd359395fb9c8b2edb3407e593ab383,23,1149,datacopy/Stefano/7acefa981b15e5927aefa64980ef1fa70cd359395fb9c8b2edb3407e593ab383,[1]
988,7375022820581eebe4e3c821edd6acf720e4a5cca61e12075b8e3dd5d9a4fcb9,23,1149,datacopy/Stefano/7375022820581eebe4e3c821edd6acf720e4a5cca61e12075b8e3dd5d9a4fcb9,[1]
989,fc44a85818e393486d9624f17e2430bda58fad0075e7235d4a4d25a62c98351f,23,1149,datacopy/Stefano/fc44a85818e393486d9624f17e2430bda58fad0075e7235d4a4d25a62c98351f,[1]
990,ec7937de79ccdd3fd1b5a986769d08b946ac318b1ef45e511f0a7ebb805263a6,23,1149,datacopy/Stefano/ec7937de79ccdd3fd1b5a986769d08b946ac318b1ef45e511f0a7ebb805263a6,[1]
991,f96ae4476e598339c97cecf0cdb822cc2ee57651a6182751db4933f0b8ffd076,23,1149,datacopy/Stefano/f96ae4476e598339c97cecf0cdb822cc2ee57651a6182751db4933f0b8ffd076,[1]
992,54d4149efd6214da2ecef93ff9264e6da42ff7ba9a27734c386465feb2ad3caa,23,1149,datacopy/Stefano/54d4149efd6214da2ecef93ff9264e6da42ff7ba9a27734c386465feb2ad3caa,[1]
993,b4376661e8087f1691d14496f1697909be8b2753d0efb41e291ea860500a8d7f,23,1149,datacopy/Stefano/b4376661e8087f1691d14496f1697909be8b2753d0efb41e291ea860500a8d7f,[1]
994,c948543008ee47eec3038ad99ae67534944d28520153bf290962231678a4bbfb,23,1149,datacopy/Stefano/c948543008ee47eec3038ad99ae67534944d28520153bf290962231678a4bbfb,[1]
995,188bd5b5d95b9874d91968155e338ef0b6b01305001516a91e48db449ae4fa19,23,1149,datacopy/Stefano/188bd5b5d95b9874d91968155e338ef0b6b01305001516a91e48db449ae4fa19,[1]
996,a143f2715d067665f77ca06b17b8e120b3bfb3c46c6b18c9dd410cd9ff1254cd,23,1149,datacopy/Stefano/a143f2715d067665f77ca06b17b8e120b3bfb3c46c6b18c9dd410cd9ff1254cd,[1]
997,57f5b98c3ed56f8b41877bdf6c37aa0d911676c8459e7fb48171f7f7d3b53ea0,23,1149,datacopy/Stefano/57f5b98c3ed56f8b41877bdf6c37aa0d911676c8459e7fb48171f7f7d3b53ea0,[1]
998,913384273d1f6a8322ff68dc8fbc5e6f0c24b4127c0bad347b7dd187ea7951d9,23,1149,datacopy/Stefano/913384273d1f6a8322ff68dc8fbc5e6f0c24b4127c0bad347b7dd187ea7951d9,[1]
999,8ac38a407decc58c1730299c3b12940809f773aaac1e7f48067a18427769911a,23,1149,datacopy/Stefano/8ac38a407decc58c1730299c3b12940809f773aaac1e7f48067a18427769911a,[1]
1000,8a8cad731357e67427e5b0478a716e47fa598f3382ed0453177ba5c0d34c6a92,23,1149,datacopy/Stefano/8a8cad731357e67427e5b0478a716e47fa598f3382ed0453177ba5c0d34c6a92,[1]
1001,16c30abf32282c12d5e5f1b274840876e8912e5118903a868037ff0f6c9a60e9,23,1149,datacopy/Stefano/16c30abf32282c12d5e5f1b274840876e8912e5118903a868037ff0f6c9a60e9,[1]
1002,4ec8b9ef55690a544ece679912a9ab5a45c6d2f8949168140eb18fd3c34c91f4,23,1149,datacopy/Stefano/4ec8b9ef55690a544ece679912a9ab5a45c6d2f8949168140eb18fd3c34c91f4,[1]
1003,96df2b7fa2b10c745271cd437fe550425da1bd119ed19abd7e5d82071ba91b5c,23,1149,datacopy/Stefano/96df2b7fa2b10c745271cd437fe550425da1bd119ed19abd7e5d82071ba91b5c,[1]
1004,bb83498cd9a3a799965ed354e535f0a6cceae1305028ba34a88a8c8d178bfab5,23,1149,datacopy/Stefano/bb83498cd9a3a799965ed354e535f0a6cceae1305028ba34a88a8c8d178bfab5,[1]
1005,185fc4cfd8dfecfdd0bb1fc98607daa09970dc46a4992b211dcb4d28af57edde,23,1149,datacopy/Stefano/185fc4cfd8dfecfdd0bb1fc98607daa09970dc46a4992b211dcb4d28af57edde,[1]
1006,ac72851197fbef375fe7a4e2c4ef021e55cee922e9e9e485723ec87165730024,23,1149,datacopy/Stefano/ac72851197fbef375fe7a4e2c4ef021e55cee922e9e9e485723ec87165730024,[1]
1007,58c2d5fa903757e59d836f30abad761e73f8129891690900e19d62b7b64d9a16,23,1149,datacopy/Stefano/58c2d5fa903757e59d836f30abad761e73f8129891690900e19d62b7b64d9a16,[1]
1008,fd5d2c7609a41b3294538291229d0fdd697e8825b061c7d5198be981ede327fa,23,1149,datacopy/Stefano/fd5d2c7609a41b3294538291229d0fdd697e8825b061c7d5198be981ede327fa,[1]
1009,84877d8c2626e8588e5d04154b15d9c3d8fd95e78efd75ccd811ae5098e251ed,23,1149,datacopy/Stefano/84877d8c2626e8588e5d04154b15d9c3d8fd95e78efd75ccd811ae5098e251ed,[1]
1010,6a2c700aa604403e348ba8aee0c2f8fedd9eaaa15cd486715c6980e9d6153ab7,23,1149,datacopy/Stefano/6a2c700aa604403e348ba8aee0c2f8fedd9eaaa15cd486715c6980e9d6153ab7,[1]
1011,3098cbc402840ccb64d20e916d24f638baca46167991f6e2e548ad7ebb0c9725,23,1149,datacopy/Stefano/3098cbc402840ccb64d20e916d24f638baca46167991f6e2e548ad7ebb0c9725,[1]
1012,11bc3ec315a5b5467aea20dcbf626fdffd092c76033c63e108a89bf1fb4c8ac4,23,1149,datacopy/Stefano/11bc3ec315a5b5467aea20dcbf626fdffd092c76033c63e108a89bf1fb4c8ac4,[1]
1013,a4b37524a78359a50349d2a4f04038abe49c20aec0c29df1070040ca60ea390a,23,1149,datacopy/Stefano/a4b37524a78359a50349d2a4f04038abe49c20aec0c29df1070040ca60ea390a,[1]
1014,c3a34f4f1d66a2cf17ac6355b06597aebf800c593c4497304515b58079c17934,23,1149,datacopy/Stefano/c3a34f4f1d66a2cf17ac6355b06597aebf800c593c4497304515b58079c17934,[1]
1015,f16c65dc074a229320f2891fc4df228091078f89d6164e1618f07719aea8b722,23,1149,datacopy/Stefano/f16c65dc074a229320f2891fc4df228091078f89d6164e1618f07719aea8b722,[1]
1016,11dd6f26ae1f591330fd7f0452dabd576e1a84f26ec8e9330727daee028edc44,23,1149,datacopy/Stefano/11dd6f26ae1f591330fd7f0452dabd576e1a84f26ec8e9330727daee028edc44,[1]
1017,eb3e36e804fb070a6f272f99cbcc174cf2f193c54ef45706fc304947f09b2d83,23,1149,datacopy/Stefano/eb3e36e804fb070a6f272f99cbcc174cf2f193c54ef45706fc304947f09b2d83,[1]
1018,86fc30b52a00dbcb68f633a2f12f64fc5d4e152b.bin,27,1179,datacopy/UCSB.JP/data_feed.geo_japan_6m_public_flag/8/6/f/86fc30b52a00dbcb68f633a2f12f64fc5d4e152b.bin,[1]
1019,edc31f78e4c75e74501c1390c6945f8845bff753.bin,27,1179,datacopy/UCSB/edc31f78e4c75e74501c1390c6945f8845bff753.bin,[1]
1020,f1e966d84ec5d622664ada767be153173cf27db5.bin,27,1179,datacopy/UCSB/f1e966d84ec5d622664ada767be153173cf27db5.bin,[1]
1021,ced4e34a0d63d19551a42d558d6ea90e0a4e02e8.bin,27,1179,datacopy/UCSB/ced4e34a0d63d19551a42d558d6ea90e0a4e02e8.bin,[1]
1022,e783965af4dad99e4ced8d5475a6ae337b0f674c.bin,27,1179,datacopy/UCSB/e783965af4dad99e4ced8d5475a6ae337b0f674c.bin,[1]
1023,f580d6cca71a73b078c8669d3163287ee0496237.bin,27,1179,datacopy/UCSB/f580d6cca71a73b078c8669d3163287ee0496237.bin,[1]
1024,ccd371485b2ca40735ca5e3245566acca4784052.bin,27,1179,datacopy/UCSB/ccd371485b2ca40735ca5e3245566acca4784052.bin,[1]
1025,42531d22177ed06475e2f92375ddbd3c5e092081.bin,27,1179,datacopy/UCSB/42531d22177ed06475e2f92375ddbd3c5e092081.bin,[1]
1026,8660399289694caca823c454a98405dd136371ef.bin,28,194,datacopy/UCSB.JP/data_feed.geo_japan_6m_public_flag/8/6/6/8660399289694caca823c454a98405dd136371ef.bin,[15]
1027,a34d7fd1d1de115fedfeede6baa9d9867dc3e78b.bin,28,194,datacopy/UCSB.JP/data_feed.geo_japan_6m_public_flag/a/3/4/a34d7fd1d1de115fedfeede6baa9d9867dc3e78b.bin,[15]
1028,a96937ec69c9add48c2416ed97052c263df400bb.bin,28,194,datacopy/UCSB.JP/data_feed.geo_japan_6m_public_flag/a/9/6/a96937ec69c9add48c2416ed97052c263df400bb.bin,[15]
1029,a1818054b40ec9e28bebe518ecc92f4eceaffef4.bin,28,194,datacopy/UCSB.JP/data_feed.geo_japan_6m_public_flag/a/1/8/a1818054b40ec9e28bebe518ecc92f4eceaffef4.bin,[15]
1030,e84ded6e4e11ea0987e6442812e550d6e4a8c716.bin,28,194,datacopy/UCSB.JP/data_feed.geo_japan_6m_public_flag/e/8/4/e84ded6e4e11ea0987e6442812e550d6e4a8c716.bin,[15]
1031,b9ce098e5172542fc9c76d62848b2e9291af46be.bin,28,194,datacopy/UCSB.JP/data_feed.geo_japan_6m_public_flag/b/9/c/b9ce098e5172542fc9c76d62848b2e9291af46be.bin,[15]
1032,b079ad82c2341e9178ced0b6a62a484a12075b56.bin,28,194,datacopy/UCSB.JP/data_feed.geo_japan_6m_public_flag/b/0/7/b079ad82c2341e9178ced0b6a62a484a12075b56.bin,[15]
1033,28558f1ca825049a5d16f86b4b8815930af56d0f.bin,28,194,datacopy/UCSB.JP/data_feed.geo_japan_6m_public_flag/2/8/5/28558f1ca825049a5d16f86b4b8815930af56d0f.bin,[15]
1034,220f4451f7ec2de03b482ddcf28c6ecda3e5366f.bin,28,194,datacopy/UCSB.JP/data_feed.geo_japan_6m_public_flag/2/2/0/220f4451f7ec2de03b482ddcf28c6ecda3e5366f.bin,[15]
1035,d83ea2498937079b58a9e337f57c1cc51f29d671.bin,28,194,datacopy/UCSB.JP/data_feed.geo_japan_6m_public_flag/d/8/3/d83ea2498937079b58a9e337f57c1cc51f29d671.bin,[15]
1036,d618abf74712f8730fbad1d0988d1c30e1ec036b.bin,28,194,datacopy/UCSB.JP/data_feed.geo_japan_6m_public_flag/d/6/1/d618abf74712f8730fbad1d0988d1c30e1ec036b.bin,[15]
1037,18c5eabf078539334efe3e4aa7679d4e7322cad8.bin,28,194,datacopy/UCSB.JP/data_feed.geo_japan_6m_public_flag/1/8/c/18c5eabf078539334efe3e4aa7679d4e7322cad8.bin,[15]
1038,587a9b7e2b9b6ac7337572bc14358a4d0da5bd29.bin,28,194,datacopy/UCSB.JP/data_feed.geo_japan_6m_public_flag/5/8/7/587a9b7e2b9b6ac7337572bc14358a4d0da5bd29.bin,[15]
1039,5edd2159b5d5bea99604c11e79ce645472adbd42.bin,28,194,datacopy/UCSB.JP/data_feed.geo_japan_6m_public_flag/5/e/d/5edd2159b5d5bea99604c11e79ce645472adbd42.bin,[15]
1040,51e4307093f8ca8854359c0ac882ddca427a813c.bin,28,194,datacopy/UCSB.JP/data_feed.geo_japan_6m_public_flag/5/1/e/51e4307093f8ca8854359c0ac882ddca427a813c.bin,[15]
1041,5f2d71f1b947fa8c8dc5b58cfafba55b6cc51e22.bin,28,194,datacopy/UCSB.JP/data_feed.geo_japan_6m_public_flag/5/f/2/5f2d71f1b947fa8c8dc5b58cfafba55b6cc51e22.bin,[15]
1042,faac12c7091e4b53b5d33286e26f5818c9819c53.bin,28,194,datacopy/UCSB.JP/data_feed.geo_japan_6m_public_flag/f/a/a/faac12c7091e4b53b5d33286e26f5818c9819c53.bin,[15]
1043,f7c1a3b4e856eb523ae35eebcb7e9847ccda19e5.bin,28,194,datacopy/UCSB.JP/data_feed.geo_japan_6m_public_flag/f/7/c/f7c1a3b4e856eb523ae35eebcb7e9847ccda19e5.bin,[15]
1044,c9bb3651c9d54f11547394cc00d4c6cbfbc380d4.bin,28,194,datacopy/UCSB.JP/data_feed.geo_japan_6m_public_flag/c/9/b/c9bb3651c9d54f11547394cc00d4c6cbfbc380d4.bin,[15]
1045,cf60fa60d2f461dddfdfcebf16368e6b539cd9ba.bin,28,194,datacopy/UCSB.JP/data_feed.geo_japan_6m_public_flag/c/f/6/cf60fa60d2f461dddfdfcebf16368e6b539cd9ba.bin,[15]
1046,47f3accd7e244c2bff46b04fedd4c8606fb7828c.bin,28,194,datacopy/UCSB.JP/data_feed.geo_japan_6m_public_flag/4/7/f/47f3accd7e244c2bff46b04fedd4c8606fb7828c.bin,[15]
1047,093b3916ee1bea0442278d0aa87be5703207e627.bin,28,194,datacopy/UCSB.JP/data_feed.geo_japan_6m_public_flag/0/9/3/093b3916ee1bea0442278d0aa87be5703207e627.bin,[15]
1048,64e7fa5e6e3eddc9c237a4e2f82ba4ba50df151d.bin,28,194,datacopy/UCSB/64e7fa5e6e3eddc9c237a4e2f82ba4ba50df151d.bin,[15]
1049,1561f84dfe35a907f2fd9dfff2b056a3dc0ffd8e.bin,28,194,datacopy/UCSB/1561f84dfe35a907f2fd9dfff2b056a3dc0ffd8e.bin,[15]
1050,e1d89fc97de6d110bb3af32da420d320958b9965.bin,28,194,datacopy/UCSB/e1d89fc97de6d110bb3af32da420d320958b9965.bin,[15]
1051,e884794c11b113550d36c025e25ad1375329ec72.bin,28,194,datacopy/UCSB/e884794c11b113550d36c025e25ad1375329ec72.bin,[15]
1052,f8abaf20156c2f31dfa014f0a2ffac22318a819a.bin,28,194,datacopy/UCSB/f8abaf20156c2f31dfa014f0a2ffac22318a819a.bin,[15]
1053,ae69d710e055479ec3d686a9e7cf566bba080dc5.bin,28,194,datacopy/UCSB/ae69d710e055479ec3d686a9e7cf566bba080dc5.bin,[15]
1054,5789025b841ac7daf84c54a68b61555c01edfea5.bin,28,194,datacopy/UCSB/5789025b841ac7daf84c54a68b61555c01edfea5.bin,[15]
1055,354f136fab00f9ed9f9b3c9578939d8f51caa9a6.bin,28,194,datacopy/UCSB/354f136fab00f9ed9f9b3c9578939d8f51caa9a6.bin,[15]
1056,2f7a4e464a6026e27faed7f94991d3794726d456.bin,28,194,datacopy/UCSB/2f7a4e464a6026e27faed7f94991d3794726d456.bin,[15]
1057,7d5832348faf5b9fc1d186aa9477e280129f2ad5.bin,28,194,datacopy/UCSB/7d5832348faf5b9fc1d186aa9477e280129f2ad5.bin,[15]
1058,8e5a232cef281e4f98c30b5679a4ddbde042894d.bin,28,194,datacopy/UCSB/8e5a232cef281e4f98c30b5679a4ddbde042894d.bin,[15]
1059,06aaed91fdb33e9b33d1f377ead64e467bc5dca4.bin,28,194,datacopy/UCSB/06aaed91fdb33e9b33d1f377ead64e467bc5dca4.bin,[15]
1060,4995a2e8fb8dfd165a365e79eaaf0311cb96d674.bin,28,194,datacopy/UCSB/4995a2e8fb8dfd165a365e79eaaf0311cb96d674.bin,[15]
1061,0c3fdd9e9b395fc24d687b1b5442a21fc5ae0242.bin,28,194,datacopy/UCSB/0c3fdd9e9b395fc24d687b1b5442a21fc5ae0242.bin,[15]
1062,53317cfe77bf39904819e7c1dae5b0d0bc5b20fd.bin,28,194,datacopy/UCSB/53317cfe77bf39904819e7c1dae5b0d0bc5b20fd.bin,[15]
1063,4dc7cb669c1989dc2cab409d40f52c3e9f5c8489.bin,28,194,datacopy/UCSB/4dc7cb669c1989dc2cab409d40f52c3e9f5c8489.bin,[15]
1064,e751e9f99ed9375e2c5edcd990354838bc928aa5.bin,28,194,datacopy/UCSB/e751e9f99ed9375e2c5edcd990354838bc928aa5.bin,[15]
1065,a5b6fae7eabbbc52d3514b0af036dd5fe9134eed.bin,28,194,datacopy/UCSB/a5b6fae7eabbbc52d3514b0af036dd5fe9134eed.bin,[15]
1066,ba2df188cc3b3e5cd4f47fc33e2c70861c6b9df0.bin,28,194,datacopy/UCSB/ba2df188cc3b3e5cd4f47fc33e2c70861c6b9df0.bin,[15]
1067,37b91eadc85259d644fe1869c76ac04676f996de.bin,28,194,datacopy/UCSB/37b91eadc85259d644fe1869c76ac04676f996de.bin,[15]
1068,f6cf5d48966c2e36f276ee23b88d2d6e0b77f0d9.bin,28,194,datacopy/UCSB/f6cf5d48966c2e36f276ee23b88d2d6e0b77f0d9.bin,[15]
1069,9d190c6113ab466a9966ce550d40682e065479e7.bin,28,194,datacopy/UCSB/9d190c6113ab466a9966ce550d40682e065479e7.bin,[15]
1070,0b2ad75ecdedd088058b0b140e66901f2a55db67.bin,28,194,datacopy/UCSB/0b2ad75ecdedd088058b0b140e66901f2a55db67.bin,[15]
1071,3571a6c8c5f9eb76a246f1bcb7a274fb4f1cec7a.bin,28,194,datacopy/UCSB/3571a6c8c5f9eb76a246f1bcb7a274fb4f1cec7a.bin,[15]
1072,03598b83ac42db9c846f244a06995660ba34f8c6.bin,28,194,datacopy/UCSB/03598b83ac42db9c846f244a06995660ba34f8c6.bin,[15]
1073,fdd870ee89e5b91cc50e790dd98ec192339c8db0.bin,28,194,datacopy/UCSB/fdd870ee89e5b91cc50e790dd98ec192339c8db0.bin,[15]
1074,7add1a756666e38c421bf6b91ad0e3327a8af465.bin,28,194,datacopy/UCSB/7add1a756666e38c421bf6b91ad0e3327a8af465.bin,[15]
1075,263a409ae6f0adf553b5d651cd231c4aa7d63fc6.bin,28,194,datacopy/UCSB/263a409ae6f0adf553b5d651cd231c4aa7d63fc6.bin,[15]
1076,0112210644576458aef06be3f879bc50d422ca8d.bin,28,194,datacopy/UCSB/0112210644576458aef06be3f879bc50d422ca8d.bin,[15]
1077,b5ab194f289511f93fad779eaa7de6b4b6c4445f.bin,28,194,datacopy/UCSB/b5ab194f289511f93fad779eaa7de6b4b6c4445f.bin,[15]
1078,15c463d271cb1c66c4904847b8ed9cf31b1ed389.bin,28,194,datacopy/UCSB/15c463d271cb1c66c4904847b8ed9cf31b1ed389.bin,[15]
1079,c7297533e6aa1a9f0506eb27aa0b8c4e6b1ce736.bin,28,194,datacopy/UCSB/c7297533e6aa1a9f0506eb27aa0b8c4e6b1ce736.bin,[15]
1080,97039519e4c29f497c44bfb62bb76f3ebd67b34e.bin,28,194,datacopy/UCSB/97039519e4c29f497c44bfb62bb76f3ebd67b34e.bin,[15]
1081,a460fd52b1eee90acf8c331b047f57924741125e.bin,28,194,datacopy/UCSB/a460fd52b1eee90acf8c331b047f57924741125e.bin,[15]
1082,2e584062e4f731a155b6de89cdaa226937360d4c.bin,28,194,datacopy/UCSB/2e584062e4f731a155b6de89cdaa226937360d4c.bin,[15]
1083,fa7f8f8218f64afe8fb8079e61d489e04bfbeabf.bin,28,194,datacopy/UCSB/fa7f8f8218f64afe8fb8079e61d489e04bfbeabf.bin,[15]
1084,425142fa1fe022bc7cd2a2f686869bfafff73036.bin,28,194,datacopy/UCSB/425142fa1fe022bc7cd2a2f686869bfafff73036.bin,[15]
1085,17f73c499338e4ea7a41dbb4010ab3e7e721ec74.bin,28,194,datacopy/UCSB/17f73c499338e4ea7a41dbb4010ab3e7e721ec74.bin,[15]
1086,0054ccb61af77772eb1f11fb2558f50b5fa7b9de.bin,28,194,datacopy/UCSB/0054ccb61af77772eb1f11fb2558f50b5fa7b9de.bin,[15]
1087,3497d9c6fef990b9ef231f9b3fd9520ab4c72747.bin,28,194,datacopy/UCSB/3497d9c6fef990b9ef231f9b3fd9520ab4c72747.bin,[15]
1088,7b21330eb098b7aaad6d230c64299b53be04dd97.bin,28,194,datacopy/UCSB/7b21330eb098b7aaad6d230c64299b53be04dd97.bin,[15]
1089,aba943ac8527504c4c231eb7c4eb179ecbdee761.bin,28,194,datacopy/UCSB/aba943ac8527504c4c231eb7c4eb179ecbdee761.bin,[15]
1090,73167b9e009d41fe524a4c3e7a04021dc61514b1.bin,28,194,datacopy/UCSB/73167b9e009d41fe524a4c3e7a04021dc61514b1.bin,[15]
1091,54e4c6ff885e118918d59166d1afb2d5478a0e1d.bin,28,194,datacopy/UCSB/54e4c6ff885e118918d59166d1afb2d5478a0e1d.bin,[15]
1092,0fd1656d9d17a4004194473a7638a279f5c7bdbf.bin,28,194,datacopy/UCSB/0fd1656d9d17a4004194473a7638a279f5c7bdbf.bin,[15]
1093,f94d3f9219df5be4a7ea8241d4938553c0a40dba.bin,28,194,datacopy/UCSB/f94d3f9219df5be4a7ea8241d4938553c0a40dba.bin,[15]
1094,750161a74198779ffa11762faacadad1634206e0.bin,28,194,datacopy/UCSB/750161a74198779ffa11762faacadad1634206e0.bin,[15]
1095,f64e5f34be4cb8672203ce1c4382ad3563a17021.bin,28,194,datacopy/UCSB/f64e5f34be4cb8672203ce1c4382ad3563a17021.bin,[15]
1096,9e49750624f488e9ec5c38e7afd00edcda4f6146.bin,28,194,datacopy/UCSB/9e49750624f488e9ec5c38e7afd00edcda4f6146.bin,[15]
1097,dd2e760938b0efde08b7f1d91c29366d62a88784.bin,28,194,datacopy/UCSB/dd2e760938b0efde08b7f1d91c29366d62a88784.bin,[15]
1098,b32dced617786f1da56b8f66b0ad1f73b58146c8.bin,28,194,datacopy/UCSB/b32dced617786f1da56b8f66b0ad1f73b58146c8.bin,[15]
1099,5bb8000280f229c250715c781ce826823dfd2ebd.bin,28,194,datacopy/UCSB/5bb8000280f229c250715c781ce826823dfd2ebd.bin,[15]
1100,7844343cb62fc7ced2fb832761557bcaabd24994.bin,28,194,datacopy/UCSB/7844343cb62fc7ced2fb832761557bcaabd24994.bin,[15]
1101,f9fb1623e84b55df84e987f28914756371a5ae37.bin,28,194,datacopy/UCSB/f9fb1623e84b55df84e987f28914756371a5ae37.bin,[15]
1102,fcecffd07c4d0405a7bea3460edc59f3967be0d6.bin,28,194,datacopy/UCSB/fcecffd07c4d0405a7bea3460edc59f3967be0d6.bin,[15]
1103,d568a9b7477014db3993815742303409e58b63ba.bin,28,194,datacopy/UCSB/d568a9b7477014db3993815742303409e58b63ba.bin,[15]
1104,0c9ebf253a699693619747cecd6ba3c3a3d06d42.bin,28,194,datacopy/UCSB/0c9ebf253a699693619747cecd6ba3c3a3d06d42.bin,[15]
1105,39044a8822dae3d1f74c19f6a7d7c4ff864ab190.bin,28,194,datacopy/UCSB/39044a8822dae3d1f74c19f6a7d7c4ff864ab190.bin,[15]
1106,0cb15e82edd7f27fd398ed07eba0ffef321b780e.bin,28,194,datacopy/UCSB/0cb15e82edd7f27fd398ed07eba0ffef321b780e.bin,[15]
1107,3d07128c5586d9ed7b20a3f747d051080a056112.bin,28,194,datacopy/UCSB/3d07128c5586d9ed7b20a3f747d051080a056112.bin,[15]
1108,de37a2135b3f0341240b6fad9f739d08ef3e3614.bin,28,194,datacopy/UCSB/de37a2135b3f0341240b6fad9f739d08ef3e3614.bin,[15]
1109,2012885eb5b3beb78ff0d532936d1c71b1fac51b.bin,28,194,datacopy/UCSB/2012885eb5b3beb78ff0d532936d1c71b1fac51b.bin,[15]
1110,7d8b3ed19ef0e296abb85024f15d60864aed6693.bin,28,194,datacopy/UCSB/7d8b3ed19ef0e296abb85024f15d60864aed6693.bin,[15]
1111,8ec9642b5bfaeddc926f3cc4659d997b45c28d14.bin,28,194,datacopy/UCSB/8ec9642b5bfaeddc926f3cc4659d997b45c28d14.bin,[15]
1112,5740516e27c2f5097e2a8490c586ff72d353edcd.bin,28,194,datacopy/UCSB/5740516e27c2f5097e2a8490c586ff72d353edcd.bin,[15]
1113,c5e6c97e27331b6d38717e156ba89df1387d94f7.bin,28,194,datacopy/UCSB/c5e6c97e27331b6d38717e156ba89df1387d94f7.bin,[15]
1114,1ba5c40bcd29fe219061583d9874cea609a52e3c.bin,28,194,datacopy/UCSB/1ba5c40bcd29fe219061583d9874cea609a52e3c.bin,[15]
1115,56f61e48ab435639625a9f82289ee29134d8b26e.bin,28,194,datacopy/UCSB/56f61e48ab435639625a9f82289ee29134d8b26e.bin,[15]
1116,bde35ff8a7284e65a2dbbb753d93c1c9d93f0f6d.bin,28,194,datacopy/UCSB/bde35ff8a7284e65a2dbbb753d93c1c9d93f0f6d.bin,[15]
1117,4606aae14280904ef3b74e15c38f639fe940c67f.bin,28,194,datacopy/UCSB/4606aae14280904ef3b74e15c38f639fe940c67f.bin,[15]
1118,7c2235d17a272d8a741099979ce5e22ea9ad9124.bin,28,194,datacopy/UCSB/7c2235d17a272d8a741099979ce5e22ea9ad9124.bin,[15]
1119,7bb2ddb37f2259e254edf37af5d2446fb286ae44.bin,28,194,datacopy/UCSB/7bb2ddb37f2259e254edf37af5d2446fb286ae44.bin,[15]
1120,01f9caceb30a0caad4caca5525d786ac174ebd4a.bin,28,194,datacopy/UCSB/01f9caceb30a0caad4caca5525d786ac174ebd4a.bin,[15]
1121,5e04af7d7224986a812b141c94e55162f267f0a6.bin,28,194,datacopy/UCSB/5e04af7d7224986a812b141c94e55162f267f0a6.bin,[15]
1122,5b3ff21ea51bbb48e1c8ddb4593c8f8aa26c6f5f.bin,28,194,datacopy/UCSB/5b3ff21ea51bbb48e1c8ddb4593c8f8aa26c6f5f.bin,[15]
1123,9c06f29ed63d6ac24689ee5b6a846aaa2bd7489c.bin,28,194,datacopy/UCSB/9c06f29ed63d6ac24689ee5b6a846aaa2bd7489c.bin,[15]
1124,2ebf9148e2e3837d069b8e4cf117a167bf482e03.bin,28,194,datacopy/UCSB/2ebf9148e2e3837d069b8e4cf117a167bf482e03.bin,[15]
1125,b689dde481bcde85aca6a96fa29ce09e30d9afad.bin,28,194,datacopy/UCSB/b689dde481bcde85aca6a96fa29ce09e30d9afad.bin,[15]
1126,d9a9ed54ab890ea4484f7cf4280628140e747d5f.bin,28,194,datacopy/UCSB/d9a9ed54ab890ea4484f7cf4280628140e747d5f.bin,[15]
1127,966f5aad1cfc01f11089733caebd5dbc6fb276a4.bin,28,194,datacopy/UCSB/966f5aad1cfc01f11089733caebd5dbc6fb276a4.bin,[15]
1128,87fdefdbc289fcf98f263423809be8d263abe37c.bin,28,194,datacopy/UCSB/87fdefdbc289fcf98f263423809be8d263abe37c.bin,[15]
1129,14b6e4439ef3f25fa6fb0e4ac816fdb17b1fda8d.bin,28,194,datacopy/UCSB/14b6e4439ef3f25fa6fb0e4ac816fdb17b1fda8d.bin,[15]
1130,77e8cb9e00f2c3fbe610b6470fe1935ee59e1ba9.bin,28,194,datacopy/UCSB/77e8cb9e00f2c3fbe610b6470fe1935ee59e1ba9.bin,[15]
1131,f5668747dac3d2bf250bf68fb1284f54a6ae8afe.bin,28,194,datacopy/UCSB/f5668747dac3d2bf250bf68fb1284f54a6ae8afe.bin,[15]
1132,5a1d601558cbced078401c459eab7be5d3404dcf.bin,28,194,datacopy/UCSB/5a1d601558cbced078401c459eab7be5d3404dcf.bin,[15]
1133,5edd5b700b71bf1ad1e84b05fd147ad4f1073678.bin,28,194,datacopy/UCSB/5edd5b700b71bf1ad1e84b05fd147ad4f1073678.bin,[15]
1134,92efe677341951477f40c2b1345f1579ecd609ab.bin,28,194,datacopy/UCSB/92efe677341951477f40c2b1345f1579ecd609ab.bin,[15]
1135,4c7f6f2237cd93cc59a819d70ca40e64ca2c082b.bin,28,194,datacopy/UCSB/4c7f6f2237cd93cc59a819d70ca40e64ca2c082b.bin,[15]
1136,b9bd5afd6855e12368248c4d0809bd6210e647ca.bin,28,194,datacopy/UCSB/b9bd5afd6855e12368248c4d0809bd6210e647ca.bin,[15]
1137,0abfd5540112a93a1ade92d446048e66bf9cd844.bin,28,194,datacopy/UCSB/0abfd5540112a93a1ade92d446048e66bf9cd844.bin,[15]
1138,a82155dc4c0041d29ae36b3f31d3489a33ffbefc.bin,28,194,datacopy/UCSB/a82155dc4c0041d29ae36b3f31d3489a33ffbefc.bin,[15]
1139,2223dd1ac29835fcf26a7e5f799460412254e1e5.bin,28,194,datacopy/UCSB/2223dd1ac29835fcf26a7e5f799460412254e1e5.bin,[15]
1140,2633bbc63f9d9420fe543c42131bb3b0e49d6a98.bin,28,194,datacopy/UCSB/2633bbc63f9d9420fe543c42131bb3b0e49d6a98.bin,[15]
1141,a2595fb45feb70b4aca3ed4e6204fa1983127741.bin,28,194,datacopy/UCSB/a2595fb45feb70b4aca3ed4e6204fa1983127741.bin,[15]
1142,76e82e21f3a6b6c96097121800496d904cdde861.bin,28,194,datacopy/UCSB/76e82e21f3a6b6c96097121800496d904cdde861.bin,[15]
1143,5d8fb77a3f93bad2d13d237d1407f5757371ece3.bin,28,194,datacopy/UCSB/5d8fb77a3f93bad2d13d237d1407f5757371ece3.bin,[15]
1144,4a3b0e488fa4c0bf9d33a10ef8a9b5bf779daab5.bin,28,194,datacopy/UCSB/4a3b0e488fa4c0bf9d33a10ef8a9b5bf779daab5.bin,[15]
1145,8d571517c5081e78058a7f5b77346995319e802e.bin,28,194,datacopy/UCSB/8d571517c5081e78058a7f5b77346995319e802e.bin,[15]
1146,970738b9221414e237b354df4ff96c295718684f.bin,28,194,datacopy/UCSB/970738b9221414e237b354df4ff96c295718684f.bin,[15]
1147,aa544cc26c82159e4d788ce01fb43cd85f84c12b.bin,31,3,datacopy/UCSB.JP/data_feed.geo_japan_6m_public_flag/a/a/5/aa544cc26c82159e4d788ce01fb43cd85f84c12b.bin,"[3, 368, 82, 1]"
1148,3fddc431df9cacdf2dc629fb7fd1f6b4e072f501.bin,31,109,datacopy/UCSB.JP/data_feed.geo_japan_6m_public_flag/3/f/d/3fddc431df9cacdf2dc629fb7fd1f6b4e072f501.bin,"[3, 368, 82, 1]"
1149,c603339c706410b4afe86c809b462791e5e9af05.bin,31,109,datacopy/UCSB/c603339c706410b4afe86c809b462791e5e9af05.bin,"[3, 368, 82, 1]"
1150,b2fa05682135e6f7ef5ed19c6bc008ad5bd5072b.bin,31,1209,datacopy/UCSB/b2fa05682135e6f7ef5ed19c6bc008ad5bd5072b.bin,"[3, 368, 82, 1]"
1151,35de373cf8b94594671fe52db35cd7222eecb1d7.bin,31,1485,datacopy/UCSB/35de373cf8b94594671fe52db35cd7222eecb1d7.bin,"[3, 368, 82, 1]"
1152,aafba6592104ce86120308873e85526d8bac3e23.bin,32,1209,datacopy/UCSB.JP/data_feed.geo_japan_6m_public_flag/a/a/f/aafba6592104ce86120308873e85526d8bac3e23.bin,"[82, 3, 1, 20, 9, 114, 1508, 437, 543, 30, 203, 271, 24, 5, 137, 30, 1, 90, 742, 64, 135, 4, 2, 95]"
1153,a417e5524fbadf925d1e698cc4ed8ac3684cb67d.bin,32,3,datacopy/UCSB.JP/data_feed.geo_japan_6m_public_flag/a/4/1/a417e5524fbadf925d1e698cc4ed8ac3684cb67d.bin,"[82, 3, 1, 20, 9, 114, 1508, 437, 543, 30, 203, 271, 24, 5, 137, 30, 1, 90, 742, 64, 135, 4, 2, 95]"
1154,e49dabd2e41a5b22c5da3e49793a883682f276b4.bin,32,1062,datacopy/UCSB.JP/data_feed.geo_japan_6m_public_flag/e/4/9/e49dabd2e41a5b22c5da3e49793a883682f276b4.bin,"[82, 3, 1, 20, 9, 114, 1508, 437, 543, 30, 203, 271, 24, 5, 137, 30, 1, 90, 742, 64, 135, 4, 2, 95]"
1155,36ad9aeae1436873ea5c1e739ac14e6fcd42fb65.bin,32,535,datacopy/UCSB.JP/data_feed.geo_japan_6m_public_flag/3/6/a/36ad9aeae1436873ea5c1e739ac14e6fcd42fb65.bin,"[82, 3, 1, 20, 9, 114, 1508, 437, 543, 30, 203, 271, 24, 5, 137, 30, 1, 90, 742, 64, 135, 4, 2, 95]"
1156,982eec39ec997cfca85e79f5738fc61fbf55c0bb.bin,32,124,datacopy/UCSB.JP/data_feed.geo_japan_6m_public_flag/9/8/2/982eec39ec997cfca85e79f5738fc61fbf55c0bb.bin,"[82, 3, 1, 20, 9, 114, 1508, 437, 543, 30, 203, 271, 24, 5, 137, 30, 1, 90, 742, 64, 135, 4, 2, 95]"
1157,2e7e1eebdd7cebaec127d75e4a1d8fdf60a143c2.bin,32,3,datacopy/UCSB.JP/data_feed.geo_japan_6m_public_flag/2/e/7/2e7e1eebdd7cebaec127d75e4a1d8fdf60a143c2.bin,"[82, 3, 1, 20, 9, 114, 1508, 437, 543, 30, 203, 271, 24, 5, 137, 30, 1, 90, 742, 64, 135, 4, 2, 95]"
1158,21727f1c1c536634adb4cffa98deb4e371ebf8dc.bin,32,1209,datacopy/UCSB.JP/data_feed.geo_japan_6m_public_flag/2/1/7/21727f1c1c536634adb4cffa98deb4e371ebf8dc.bin,"[82, 3, 1, 20, 9, 114, 1508, 437, 543, 30, 203, 271, 24, 5, 137, 30, 1, 90, 742, 64, 135, 4, 2, 95]"
1159,d84a592b89a4638be315a5f094aa033f8fce1767.bin,32,477,datacopy/UCSB.JP/data_feed.geo_japan_6m_public_flag/d/8/4/d84a592b89a4638be315a5f094aa033f8fce1767.bin,"[82, 3, 1, 20, 9, 114, 1508, 437, 543, 30, 203, 271, 24, 5, 137, 30, 1, 90, 742, 64, 135, 4, 2, 95]"
1160,1ef0fe0d107b86a7b6a88ce7f9b12aa1e623a754.bin,32,3,datacopy/UCSB.JP/data_feed.geo_japan_6m_public_flag/1/e/f/1ef0fe0d107b86a7b6a88ce7f9b12aa1e623a754.bin,"[82, 3, 1, 20, 9, 114, 1508, 437, 543, 30, 203, 271, 24, 5, 137, 30, 1, 90, 742, 64, 135, 4, 2, 95]"
1161,58e78a9e9600a43b1f97730504fa3827d144bfbb.bin,32,124,datacopy/UCSB.JP/data_feed.geo_japan_6m_public_flag/5/8/e/58e78a9e9600a43b1f97730504fa3827d144bfbb.bin,"[82, 3, 1, 20, 9, 114, 1508, 437, 543, 30, 203, 271, 24, 5, 137, 30, 1, 90, 742, 64, 135, 4, 2, 95]"
1162,5e76274ee316a99f7fb404f6c2e44d2e3756b7f6.bin,32,124,datacopy/UCSB.JP/data_feed.geo_japan_6m_public_flag/5/e/7/5e76274ee316a99f7fb404f6c2e44d2e3756b7f6.bin,"[82, 3, 1, 20, 9, 114, 1508, 437, 543, 30, 203, 271, 24, 5, 137, 30, 1, 90, 742, 64, 135, 4, 2, 95]"
1163,598079ae0d985e295e640b1781007d85f3a612d3.bin,32,1508,datacopy/UCSB.JP/data_feed.geo_japan_6m_public_flag/5/9/8/598079ae0d985e295e640b1781007d85f3a612d3.bin,"[82, 3, 1, 20, 9, 114, 1508, 437, 543, 30, 203, 271, 24, 5, 137, 30, 1, 90, 742, 64, 135, 4, 2, 95]"
1164,5513f93271259e9f3252b3dd43997fb1ef123cb1.bin,32,98,datacopy/UCSB.JP/data_feed.geo_japan_6m_public_flag/5/5/1/5513f93271259e9f3252b3dd43997fb1ef123cb1.bin,"[82, 3, 1, 20, 9, 114, 1508, 437, 543, 30, 203, 271, 24, 5, 137, 30, 1, 90, 742, 64, 135, 4, 2, 95]"
1165,5054d5e388b54c9a851d2b4ca5f4732d5cc7b31a.bin,32,55,datacopy/UCSB.JP/data_feed.geo_japan_6m_public_flag/5/0/5/5054d5e388b54c9a851d2b4ca5f4732d5cc7b31a.bin,"[82, 3, 1, 20, 9, 114, 1508, 437, 543, 30, 203, 271, 24, 5, 137, 30, 1, 90, 742, 64, 135, 4, 2, 95]"
1166,575af2d5d917bf9f1a460caa15199a032022b9bc.bin,32,55,datacopy/UCSB.JP/data_feed.geo_japan_6m_public_flag/5/7/5/575af2d5d917bf9f1a460caa15199a032022b9bc.bin,"[82, 3, 1, 20, 9, 114, 1508, 437, 543, 30, 203, 271, 24, 5, 137, 30, 1, 90, 742, 64, 135, 4, 2, 95]"
1167,fe05d40bc6cb3ae1497ea2e783fa63b24f0e34c1.bin,32,3,datacopy/UCSB.JP/data_feed.geo_japan_6m_public_flag/f/e/0/fe05d40bc6cb3ae1497ea2e783fa63b24f0e34c1.bin,"[82, 3, 1, 20, 9, 114, 1508, 437, 543, 30, 203, 271, 24, 5, 137, 30, 1, 90, 742, 64, 135, 4, 2, 95]"
1168,fb19181131bf35ac51d563d5b9a31dba2a6b9e94.bin,32,55,datacopy/UCSB.JP/data_feed.geo_japan_6m_public_flag/f/b/1/fb19181131bf35ac51d563d5b9a31dba2a6b9e94.bin,"[82, 3, 1, 20, 9, 114, 1508, 437, 543, 30, 203, 271, 24, 5, 137, 30, 1, 90, 742, 64, 135, 4, 2, 95]"
1169,c877974a5a9b2e16aa5741b037bce28e798f5d97.bin,32,30,datacopy/UCSB.JP/data_feed.geo_japan_6m_public_flag/c/8/7/c877974a5a9b2e16aa5741b037bce28e798f5d97.bin,"[82, 3, 1, 20, 9, 114, 1508, 437, 543, 30, 203, 271, 24, 5, 137, 30, 1, 90, 742, 64, 135, 4, 2, 95]"
1170,c77aaa4b8a0c892dcf9e35171659d6bf52a0778d.bin,32,1209,datacopy/UCSB.JP/data_feed.geo_japan_6m_public_flag/c/7/7/c77aaa4b8a0c892dcf9e35171659d6bf52a0778d.bin,"[82, 3, 1, 20, 9, 114, 1508, 437, 543, 30, 203, 271, 24, 5, 137, 30, 1, 90, 742, 64, 135, 4, 2, 95]"
1171,4abaceb364fac523211c7d89eec1c050bbe541fb.bin,32,3,datacopy/UCSB.JP/data_feed.geo_japan_6m_public_flag/4/a/b/4abaceb364fac523211c7d89eec1c050bbe541fb.bin,"[82, 3, 1, 20, 9, 114, 1508, 437, 543, 30, 203, 271, 24, 5, 137, 30, 1, 90, 742, 64, 135, 4, 2, 95]"
1172,4686b03aff9e69026bd73ba2ca4b0f92c6fbeb53.bin,32,203,datacopy/UCSB.JP/data_feed.geo_japan_6m_public_flag/4/6/8/4686b03aff9e69026bd73ba2ca4b0f92c6fbeb53.bin,"[82, 3, 1, 20, 9, 114, 1508, 437, 543, 30, 203, 271, 24, 5, 137, 30, 1, 90, 742, 64, 135, 4, 2, 95]"
1173,0e534d44bf7e86d47b7e912a9c49d73c4ae40be8.bin,32,271,datacopy/UCSB.JP/data_feed.geo_japan_6m_public_flag/0/e/5/0e534d44bf7e86d47b7e912a9c49d73c4ae40be8.bin,"[82, 3, 1, 20, 9, 114, 1508, 437, 543, 30, 203, 271, 24, 5, 137, 30, 1, 90, 742, 64, 135, 4, 2, 95]"
1174,01ebd0e1b7f854f03c5e1ad36c486f7afb9e8fe6.bin,32,161,datacopy/UCSB.JP/data_feed.geo_japan_6m_public_flag/0/1/e/01ebd0e1b7f854f03c5e1ad36c486f7afb9e8fe6.bin,"[82, 3, 1, 20, 9, 114, 1508, 437, 543, 30, 203, 271, 24, 5, 137, 30, 1, 90, 742, 64, 135, 4, 2, 95]"
1175,05cabe1c0f7e1ca8dc8872317d2a24417084d158.bin,32,1820,datacopy/UCSB.JP/data_feed.geo_japan_6m_public_flag/0/5/c/05cabe1c0f7e1ca8dc8872317d2a24417084d158.bin,"[82, 3, 1, 20, 9, 114, 1508, 437, 543, 30, 203, 271, 24, 5, 137, 30, 1, 90, 742, 64, 135, 4, 2, 95]"
1176,67a33569e74a8a9a49c0aa242c77aa431c833303.bin,32,1209,datacopy/UCSB.JP/data_feed.geo_japan_6m_public_flag/6/7/a/67a33569e74a8a9a49c0aa242c77aa431c833303.bin,"[82, 3, 1, 20, 9, 114, 1508, 437, 543, 30, 203, 271, 24, 5, 137, 30, 1, 90, 742, 64, 135, 4, 2, 95]"
1177,71fd5cbad0938c2ec03bb30d4bcb18e6b3c75163.bin,32,3,datacopy/UCSB.JP/data_feed.geo_japan_6m_public_flag/7/1/f/71fd5cbad0938c2ec03bb30d4bcb18e6b3c75163.bin,"[82, 3, 1, 20, 9, 114, 1508, 437, 543, 30, 203, 271, 24, 5, 137, 30, 1, 90, 742, 64, 135, 4, 2, 95]"
1178,744a7cd0b3baa5cc19b3facdf8b418df7c71281a.bin,32,203,datacopy/UCSB.JP/data_feed.geo_japan_6m_public_flag/7/4/4/744a7cd0b3baa5cc19b3facdf8b418df7c71281a.bin,"[82, 3, 1, 20, 9, 114, 1508, 437, 543, 30, 203, 271, 24, 5, 137, 30, 1, 90, 742, 64, 135, 4, 2, 95]"
1179,5d2b88fe54d8eeaca07846db14019d9391596494.bin,32,3,datacopy/UCSB/5d2b88fe54d8eeaca07846db14019d9391596494.bin,"[82, 3, 1, 20, 9, 114, 1508, 437, 543, 30, 203, 271, 24, 5, 137, 30, 1, 90, 742, 64, 135, 4, 2, 95]"
1180,287d39209c960bd84cc783e55278160201303131.bin,32,203,datacopy/UCSB/287d39209c960bd84cc783e55278160201303131.bin,"[82, 3, 1, 20, 9, 114, 1508, 437, 543, 30, 203, 271, 24, 5, 137, 30, 1, 90, 742, 64, 135, 4, 2, 95]"
1181,c87ece37ada027f5cdece74bf0298813945cca5d.bin,32,203,datacopy/UCSB/c87ece37ada027f5cdece74bf0298813945cca5d.bin,"[82, 3, 1, 20, 9, 114, 1508, 437, 543, 30, 203, 271, 24, 5, 137, 30, 1, 90, 742, 64, 135, 4, 2, 95]"
1182,dc0ee98d69744c9aa94b080c1424157f33c5d48e.bin,32,4,datacopy/UCSB/dc0ee98d69744c9aa94b080c1424157f33c5d48e.bin,"[82, 3, 1, 20, 9, 114, 1508, 437, 543, 30, 203, 271, 24, 5, 137, 30, 1, 90, 742, 64, 135, 4, 2, 95]"
1183,603eee7ac932f1518f8bb25b5f57b82d0c005b81.bin,32,477,datacopy/UCSB/603eee7ac932f1518f8bb25b5f57b82d0c005b81.bin,"[82, 3, 1, 20, 9, 114, 1508, 437, 543, 30, 203, 271, 24, 5, 137, 30, 1, 90, 742, 64, 135, 4, 2, 95]"
1184,30f5f74ecb7d53a6ee72395dd1578174217d48d2.bin,32,64,datacopy/UCSB/30f5f74ecb7d53a6ee72395dd1578174217d48d2.bin,"[82, 3, 1, 20, 9, 114, 1508, 437, 543, 30, 203, 271, 24, 5, 137, 30, 1, 90, 742, 64, 135, 4, 2, 95]"
1185,648b615a9222343f94d072248e484d3c54fbca33.bin,32,203,datacopy/UCSB/648b615a9222343f94d072248e484d3c54fbca33.bin,"[82, 3, 1, 20, 9, 114, 1508, 437, 543, 30, 203, 271, 24, 5, 137, 30, 1, 90, 742, 64, 135, 4, 2, 95]"
1186,39841e645518085734604c006c79d95eca83ba0a.bin,32,124,datacopy/UCSB/39841e645518085734604c006c79d95eca83ba0a.bin,"[82, 3, 1, 20, 9, 114, 1508, 437, 543, 30, 203, 271, 24, 5, 137, 30, 1, 90, 742, 64, 135, 4, 2, 95]"
1187,4ec26a59b4b70f60bc82d1ebe7183e09264cdc80.bin,32,203,datacopy/UCSB/4ec26a59b4b70f60bc82d1ebe7183e09264cdc80.bin,"[82, 3, 1, 20, 9, 114, 1508, 437, 543, 30, 203, 271, 24, 5, 137, 30, 1, 90, 742, 64, 135, 4, 2, 95]"
1188,498073295a31817e0ca63ca650be656b633735ff.bin,32,1837,datacopy/UCSB/498073295a31817e0ca63ca650be656b633735ff.bin,"[82, 3, 1, 20, 9, 114, 1508, 437, 543, 30, 203, 271, 24, 5, 137, 30, 1, 90, 742, 64, 135, 4, 2, 95]"
1189,92a8453ae03465faa60489e8f656571fcfb0afbd.bin,32,124,datacopy/UCSB/92a8453ae03465faa60489e8f656571fcfb0afbd.bin,"[82, 3, 1, 20, 9, 114, 1508, 437, 543, 30, 203, 271, 24, 5, 137, 30, 1, 90, 742, 64, 135, 4, 2, 95]"
1190,89ccf74a4277eabd8b4f58c09cf649508090a376.bin,32,3,datacopy/UCSB/89ccf74a4277eabd8b4f58c09cf649508090a376.bin,"[82, 3, 1, 20, 9, 114, 1508, 437, 543, 30, 203, 271, 24, 5, 137, 30, 1, 90, 742, 64, 135, 4, 2, 95]"
1191,759fbb3e1926a126bc40200a5f364af297c79012.bin,32,124,datacopy/UCSB/759fbb3e1926a126bc40200a5f364af297c79012.bin,"[82, 3, 1, 20, 9, 114, 1508, 437, 543, 30, 203, 271, 24, 5, 137, 30, 1, 90, 742, 64, 135, 4, 2, 95]"
1192,d9192e38412faf1f9281dda9dd7161f67f3cedc0.bin,32,124,datacopy/UCSB/d9192e38412faf1f9281dda9dd7161f67f3cedc0.bin,"[82, 3, 1, 20, 9, 114, 1508, 437, 543, 30, 203, 271, 24, 5, 137, 30, 1, 90, 742, 64, 135, 4, 2, 95]"
1193,14d09d67dc983492abffdc48a4ad5a08c7e9bfab.bin,32,477,datacopy/UCSB/14d09d67dc983492abffdc48a4ad5a08c7e9bfab.bin,"[82, 3, 1, 20, 9, 114, 1508, 437, 543, 30, 203, 271, 24, 5, 137, 30, 1, 90, 742, 64, 135, 4, 2, 95]"
1194,outlookmail.exe,32,3,datacopy/BB/Files/2014-08-01/outlookmail.exe,"[82, 3, 1, 20, 9, 114, 1508, 437, 543, 30, 203, 271, 24, 5, 137, 30, 1, 90, 742, 64, 135, 4, 2, 95]"
1195,xzqyetcascx.exe,32,113,datacopy/BB/Files/2014-12-17/xzqyetcascx.exe,"[82, 3, 1, 20, 9, 114, 1508, 437, 543, 30, 203, 271, 24, 5, 137, 30, 1, 90, 742, 64, 135, 4, 2, 95]"
1196,websnapservices.exe,32,3,datacopy/BB/Files/2015-03-30/websnapservices.exe,"[82, 3, 1, 20, 9, 114, 1508, 437, 543, 30, 203, 271, 24, 5, 137, 30, 1, 90, 742, 64, 135, 4, 2, 95]"
1197,atlservice.exe,32,1,datacopy/BB/Files/2014-06-13/atlservice.exe,"[82, 3, 1, 20, 9, 114, 1508, 437, 543, 30, 203, 271, 24, 5, 137, 30, 1, 90, 742, 64, 135, 4, 2, 95]"
1198,informacoes.05.04.2015LJGNLJ54545548878SDFG4867SGS878DFSDG88448ESF.exe,32,52,datacopy/BB/Files/2015-04-08/informacoes.05.04.2015LJGNLJ54545548878SDFG4867SGS878DFSDG88448ESF.exe,"[82, 3, 1, 20, 9, 114, 1508, 437, 543, 30, 203, 271, 24, 5, 137, 30, 1, 90, 742, 64, 135, 4, 2, 95]"
1199,xztqhwfxadfcv.exe,32,113,datacopy/BB/Files/2014-11-11/xztqhwfxadfcv.exe,"[82, 3, 1, 20, 9, 114, 1508, 437, 543, 30, 203, 271, 24, 5, 137, 30, 1, 90, 742, 64, 135, 4, 2, 95]"
1200,atlservice.exe,32,1,datacopy/BB/Files/2014-06-13/atlservice.exe,"[82, 3, 1, 20, 9, 114, 1508, 437, 543, 30, 203, 271, 24, 5, 137, 30, 1, 90, 742, 64, 135, 4, 2, 95]"
1201,15_06_homer.txt.exe,32,3,datacopy/BB/Files/2014-06-20/15_06_homer.txt.exe,"[82, 3, 1, 20, 9, 114, 1508, 437, 543, 30, 203, 271, 24, 5, 137, 30, 1, 90, 742, 64, 135, 4, 2, 95]"
1202,atlservice.exe,32,1,datacopy/BB/Files/2014-06-13/atlservice.exe,"[82, 3, 1, 20, 9, 114, 1508, 437, 543, 30, 203, 271, 24, 5, 137, 30, 1, 90, 742, 64, 135, 4, 2, 95]"
1203,atlservice.exe,32,1,datacopy/BB/Files/2014-06-13/atlservice.exe,"[82, 3, 1, 20, 9, 114, 1508, 437, 543, 30, 203, 271, 24, 5, 137, 30, 1, 90, 742, 64, 135, 4, 2, 95]"
1204,xuzytedcas.exe,32,113,datacopy/BB/Files/2014-10-27/xuzytedcas.exe,"[82, 3, 1, 20, 9, 114, 1508, 437, 543, 30, 203, 271, 24, 5, 137, 30, 1, 90, 742, 64, 135, 4, 2, 95]"
1205,zxzxcyqhgcads.exe,32,113,datacopy/BB/Files/2014-10-27/zxzxcyqhgcads.exe,"[82, 3, 1, 20, 9, 114, 1508, 437, 543, 30, 203, 271, 24, 5, 137, 30, 1, 90, 742, 64, 135, 4, 2, 95]"
1206,haika.exe,32,113,datacopy/BB/Files/2014-10-27/haika.exe,"[82, 3, 1, 20, 9, 114, 1508, 437, 543, 30, 203, 271, 24, 5, 137, 30, 1, 90, 742, 64, 135, 4, 2, 95]"
1207,Comprovante_html.exe,32,3,datacopy/BB/Files/2014-10-13/Comprovante_html.exe,"[82, 3, 1, 20, 9, 114, 1508, 437, 543, 30, 203, 271, 24, 5, 137, 30, 1, 90, 742, 64, 135, 4, 2, 95]"
1208,updateie.exe,32,3,datacopy/BB/Files/2014-10-13/updateie.exe,"[82, 3, 1, 20, 9, 114, 1508, 437, 543, 30, 203, 271, 24, 5, 137, 30, 1, 90, 742, 64, 135, 4, 2, 95]"
1209,Visualizar_DebitoReceitaFederalAgosto.com,32,3,datacopy/BB/Files/2014-08-06/Visualizar_DebitoReceitaFederalAgosto.com,"[82, 3, 1, 20, 9, 114, 1508, 437, 543, 30, 203, 271, 24, 5, 137, 30, 1, 90, 742, 64, 135, 4, 2, 95]"
1210,RSkfsNR7.exe,32,198,datacopy/BB/Files/2017-09-29/RSkfsNR7.exe,"[82, 3, 1, 20, 9, 114, 1508, 437, 543, 30, 203, 271, 24, 5, 137, 30, 1, 90, 742, 64, 135, 4, 2, 95]"
1211,bab.exe,32,203,datacopy/BB/Files/2016-09-20/bab.exe,"[82, 3, 1, 20, 9, 114, 1508, 437, 543, 30, 203, 271, 24, 5, 137, 30, 1, 90, 742, 64, 135, 4, 2, 95]"
1212,expiorer.exe,32,217,datacopy/BB/Files/2014-08-08/expiorer.exe,"[82, 3, 1, 20, 9, 114, 1508, 437, 543, 30, 203, 271, 24, 5, 137, 30, 1, 90, 742, 64, 135, 4, 2, 95]"
1213,intimacao.scr,32,2,datacopy/BB/Files/2014-05-15/intimacao.scr,"[82, 3, 1, 20, 9, 114, 1508, 437, 543, 30, 203, 271, 24, 5, 137, 30, 1, 90, 742, 64, 135, 4, 2, 95]"
1214,FrestyServe.exe,32,3,datacopy/BB/Files/2015-05-14/FrestyServe.exe,"[82, 3, 1, 20, 9, 114, 1508, 437, 543, 30, 203, 271, 24, 5, 137, 30, 1, 90, 742, 64, 135, 4, 2, 95]"
1215,FullScreen.exe,32,3,datacopy/BB/Files/2015-05-18/FullScreen.exe,"[82, 3, 1, 20, 9, 114, 1508, 437, 543, 30, 203, 271, 24, 5, 137, 30, 1, 90, 742, 64, 135, 4, 2, 95]"
1216,NETFXRepair.exe,32,3,datacopy/BB/Files/2015-05-18/NETFXRepair.exe,"[82, 3, 1, 20, 9, 114, 1508, 437, 543, 30, 203, 271, 24, 5, 137, 30, 1, 90, 742, 64, 135, 4, 2, 95]"
1217,IAStorlcon.exe,32,3,datacopy/BB/Files/2015-05-18/IAStorlcon.exe,"[82, 3, 1, 20, 9, 114, 1508, 437, 543, 30, 203, 271, 24, 5, 137, 30, 1, 90, 742, 64, 135, 4, 2, 95]"
1218,pega.rar.exe,32,3,datacopy/BB/Files/2015-04-30/pega.rar.exe,"[82, 3, 1, 20, 9, 114, 1508, 437, 543, 30, 203, 271, 24, 5, 137, 30, 1, 90, 742, 64, 135, 4, 2, 95]"
1219,1_24289387_directDownload_true.exe,32,3,datacopy/BB/Files/2014-02-27/1_24289387_directDownload_true.exe,"[82, 3, 1, 20, 9, 114, 1508, 437, 543, 30, 203, 271, 24, 5, 137, 30, 1, 90, 742, 64, 135, 4, 2, 95]"
1220,NFeletronica.exe,32,3,datacopy/BB/Files/2014-02-27/NFeletronica.exe,"[82, 3, 1, 20, 9, 114, 1508, 437, 543, 30, 203, 271, 24, 5, 137, 30, 1, 90, 742, 64, 135, 4, 2, 95]"
1221,JTZNTD.exe,32,124,datacopy/BB/Files/2019-02-22/JTZNTD.exe,"[82, 3, 1, 20, 9, 114, 1508, 437, 543, 30, 203, 271, 24, 5, 137, 30, 1, 90, 742, 64, 135, 4, 2, 95]"
1222,wds.exe,32,3,datacopy/BB/Files/2015-05-26/wds.exe,"[82, 3, 1, 20, 9, 114, 1508, 437, 543, 30, 203, 271, 24, 5, 137, 30, 1, 90, 742, 64, 135, 4, 2, 95]"
1223,adobe_acrobat_pro_pdf.exe,32,113,datacopy/BB/Files/2014-11-04/adobe_acrobat_pro_pdf.exe,"[82, 3, 1, 20, 9, 114, 1508, 437, 543, 30, 203, 271, 24, 5, 137, 30, 1, 90, 742, 64, 135, 4, 2, 95]"
1224,atlservice.exe,32,1,datacopy/BB/Files/2014-06-13/atlservice.exe,"[82, 3, 1, 20, 9, 114, 1508, 437, 543, 30, 203, 271, 24, 5, 137, 30, 1, 90, 742, 64, 135, 4, 2, 95]"
1225,backup.exe,32,64,datacopy/BB/Files/2014-05-22/backup.exe,"[82, 3, 1, 20, 9, 114, 1508, 437, 543, 30, 203, 271, 24, 5, 137, 30, 1, 90, 742, 64, 135, 4, 2, 95]"
1226,transacao_772372998naf-0837429pdf.exe,32,3,datacopy/BB/Files/2014-10-08/transacao_772372998naf-0837429pdf.exe,"[82, 3, 1, 20, 9, 114, 1508, 437, 543, 30, 203, 271, 24, 5, 137, 30, 1, 90, 742, 64, 135, 4, 2, 95]"
1227,Comp.Trasacao_html.exe,32,3,datacopy/BB/Files/2014-10-14/Comp.Trasacao_html.exe,"[82, 3, 1, 20, 9, 114, 1508, 437, 543, 30, 203, 271, 24, 5, 137, 30, 1, 90, 742, 64, 135, 4, 2, 95]"
1228,atlservice.exe,32,1,datacopy/BB/Files/2014-06-13/atlservice.exe,"[82, 3, 1, 20, 9, 114, 1508, 437, 543, 30, 203, 271, 24, 5, 137, 30, 1, 90, 742, 64, 135, 4, 2, 95]"
1229,555660.exe,32,3,datacopy/BB/Files/2014-10-03/555660.exe,"[82, 3, 1, 20, 9, 114, 1508, 437, 543, 30, 203, 271, 24, 5, 137, 30, 1, 90, 742, 64, 135, 4, 2, 95]"
1230,GBBradesco.exe,32,3,datacopy/BB/Files/2014-10-03/GBBradesco.exe,"[82, 3, 1, 20, 9, 114, 1508, 437, 543, 30, 203, 271, 24, 5, 137, 30, 1, 90, 742, 64, 135, 4, 2, 95]"
1231,atlservice.exe,32,1,datacopy/BB/Files/2014-06-13/atlservice.exe,"[82, 3, 1, 20, 9, 114, 1508, 437, 543, 30, 203, 271, 24, 5, 137, 30, 1, 90, 742, 64, 135, 4, 2, 95]"
1232,MGSMPC.exe,32,124,datacopy/BB/Files/2019-03-01/MGSMPC.exe,"[82, 3, 1, 20, 9, 114, 1508, 437, 543, 30, 203, 271, 24, 5, 137, 30, 1, 90, 742, 64, 135, 4, 2, 95]"
1233,julho2014.exe,32,2,datacopy/BB/Files/2014-07-03/julho2014.exe,"[82, 3, 1, 20, 9, 114, 1508, 437, 543, 30, 203, 271, 24, 5, 137, 30, 1, 90, 742, 64, 135, 4, 2, 95]"
1234,JavaSERuntime.exe,32,3,datacopy/BB/Files/2015-04-16/JavaSERuntime.exe,"[82, 3, 1, 20, 9, 114, 1508, 437, 543, 30, 203, 271, 24, 5, 137, 30, 1, 90, 742, 64, 135, 4, 2, 95]"
1235,JwvStart7047.exe,32,3,datacopy/BB/Files/2015-05-25/JwvStart7047.exe,"[82, 3, 1, 20, 9, 114, 1508, 437, 543, 30, 203, 271, 24, 5, 137, 30, 1, 90, 742, 64, 135, 4, 2, 95]"
1236,atlservice.exe,32,1,datacopy/BB/Files/2014-06-13/atlservice.exe,"[82, 3, 1, 20, 9, 114, 1508, 437, 543, 30, 203, 271, 24, 5, 137, 30, 1, 90, 742, 64, 135, 4, 2, 95]"
1237,NotaFiscal.pdf.exe,32,2,datacopy/BB/Files/2014-05-26/NotaFiscal.pdf.exe,"[82, 3, 1, 20, 9, 114, 1508, 437, 543, 30, 203, 271, 24, 5, 137, 30, 1, 90, 742, 64, 135, 4, 2, 95]"
1238,zgxyatecfahd.exe,32,113,datacopy/BB/Files/2014-10-24/zgxyatecfahd.exe,"[82, 3, 1, 20, 9, 114, 1508, 437, 543, 30, 203, 271, 24, 5, 137, 30, 1, 90, 742, 64, 135, 4, 2, 95]"
1239,xytwdac.exe,32,113,datacopy/BB/Files/2014-10-24/xytwdac.exe,"[82, 3, 1, 20, 9, 114, 1508, 437, 543, 30, 203, 271, 24, 5, 137, 30, 1, 90, 742, 64, 135, 4, 2, 95]"
1240,Alternate.exe,32,3,datacopy/BB/Files/2015-05-20/Alternate.exe,"[82, 3, 1, 20, 9, 114, 1508, 437, 543, 30, 203, 271, 24, 5, 137, 30, 1, 90, 742, 64, 135, 4, 2, 95]"
1241,usuario1.exe,32,3,datacopy/BB/Files/2014-08-05/usuario1.exe,"[82, 3, 1, 20, 9, 114, 1508, 437, 543, 30, 203, 271, 24, 5, 137, 30, 1, 90, 742, 64, 135, 4, 2, 95]"
1242,usuario2.exe,32,3,datacopy/BB/Files/2014-08-05/usuario2.exe,"[82, 3, 1, 20, 9, 114, 1508, 437, 543, 30, 203, 271, 24, 5, 137, 30, 1, 90, 742, 64, 135, 4, 2, 95]"
1243,atlservice.exe,32,1,datacopy/BB/Files/2014-06-13/atlservice.exe,"[82, 3, 1, 20, 9, 114, 1508, 437, 543, 30, 203, 271, 24, 5, 137, 30, 1, 90, 742, 64, 135, 4, 2, 95]"
1244,Texto.rar.exe,32,3,datacopy/BB/Files/2015-05-06/Texto.rar.exe,"[82, 3, 1, 20, 9, 114, 1508, 437, 543, 30, 203, 271, 24, 5, 137, 30, 1, 90, 742, 64, 135, 4, 2, 95]"
1245,gwdevice.exe,32,3,datacopy/BB/Files/2015-05-06/gwdevice.exe,"[82, 3, 1, 20, 9, 114, 1508, 437, 543, 30, 203, 271, 24, 5, 137, 30, 1, 90, 742, 64, 135, 4, 2, 95]"
1246,pegas.rar.exe,32,3,datacopy/BB/Files/2015-05-13/pegas.rar.exe,"[82, 3, 1, 20, 9, 114, 1508, 437, 543, 30, 203, 271, 24, 5, 137, 30, 1, 90, 742, 64, 135, 4, 2, 95]"
1247,k11.rar.exe,32,3,datacopy/BB/Files/2015-05-13/k11.rar.exe,"[82, 3, 1, 20, 9, 114, 1508, 437, 543, 30, 203, 271, 24, 5, 137, 30, 1, 90, 742, 64, 135, 4, 2, 95]"
1248,atlservice.exe,32,1,datacopy/BB/Files/2014-06-13/atlservice.exe,"[82, 3, 1, 20, 9, 114, 1508, 437, 543, 30, 203, 271, 24, 5, 137, 30, 1, 90, 742, 64, 135, 4, 2, 95]"
1249,xczqyedsdcxas.exe,32,113,datacopy/BB/Files/2014-11-21/xczqyedsdcxas.exe,"[82, 3, 1, 20, 9, 114, 1508, 437, 543, 30, 203, 271, 24, 5, 137, 30, 1, 90, 742, 64, 135, 4, 2, 95]"
1250,csvcho.exe,32,3,datacopy/BB/Files/2014-06-26/csvcho.exe,"[82, 3, 1, 20, 9, 114, 1508, 437, 543, 30, 203, 271, 24, 5, 137, 30, 1, 90, 742, 64, 135, 4, 2, 95]"
1251,Cheque-N011214402102014.exe,32,3,datacopy/BB/Files/2014-10-02/Cheque-N011214402102014.exe,"[82, 3, 1, 20, 9, 114, 1508, 437, 543, 30, 203, 271, 24, 5, 137, 30, 1, 90, 742, 64, 135, 4, 2, 95]"
1252,atlservice.exe,32,1,datacopy/BB/Files/2014-06-13/atlservice.exe,"[82, 3, 1, 20, 9, 114, 1508, 437, 543, 30, 203, 271, 24, 5, 137, 30, 1, 90, 742, 64, 135, 4, 2, 95]"
1253,SunJavaScript.exe,32,3,datacopy/BB/Files/2015-05-21/SunJavaScript.exe,"[82, 3, 1, 20, 9, 114, 1508, 437, 543, 30, 203, 271, 24, 5, 137, 30, 1, 90, 742, 64, 135, 4, 2, 95]"
1254,winhlp.exe,32,3,datacopy/BB/Files/2015-05-21/winhlp.exe,"[82, 3, 1, 20, 9, 114, 1508, 437, 543, 30, 203, 271, 24, 5, 137, 30, 1, 90, 742, 64, 135, 4, 2, 95]"
1255,scrax.exe,32,3,datacopy/BB/Files/2014-05-27/scrax.exe,"[82, 3, 1, 20, 9, 114, 1508, 437, 543, 30, 203, 271, 24, 5, 137, 30, 1, 90, 742, 64, 135, 4, 2, 95]"
1256,TemNil.exe,32,3,datacopy/BB/Files/2015-05-19/TemNil.exe,"[82, 3, 1, 20, 9, 114, 1508, 437, 543, 30, 203, 271, 24, 5, 137, 30, 1, 90, 742, 64, 135, 4, 2, 95]"
1257,supply.exe,32,3,datacopy/BB/Files/2014-07-09/supply.exe,"[82, 3, 1, 20, 9, 114, 1508, 437, 543, 30, 203, 271, 24, 5, 137, 30, 1, 90, 742, 64, 135, 4, 2, 95]"
1258,StoreHost.exe,32,3,datacopy/BB/Files/2015-05-15/StoreHost.exe,"[82, 3, 1, 20, 9, 114, 1508, 437, 543, 30, 203, 271, 24, 5, 137, 30, 1, 90, 742, 64, 135, 4, 2, 95]"
1259,RSkfsNR7.exe,32,198,datacopy/BB/Files/2017-09-29/RSkfsNR7.exe,"[82, 3, 1, 20, 9, 114, 1508, 437, 543, 30, 203, 271, 24, 5, 137, 30, 1, 90, 742, 64, 135, 4, 2, 95]"
1260,wlsetup.exe,32,3,datacopy/BB/Files/2015-04-10/wlsetup.exe,"[82, 3, 1, 20, 9, 114, 1508, 437, 543, 30, 203, 271, 24, 5, 137, 30, 1, 90, 742, 64, 135, 4, 2, 95]"
1261,homer1103.exe,32,64,datacopy/BB/Files/2014-03-13/homer1103.exe,"[82, 3, 1, 20, 9, 114, 1508, 437, 543, 30, 203, 271, 24, 5, 137, 30, 1, 90, 742, 64, 135, 4, 2, 95]"
1262,DSG308910.exe,32,3,datacopy/BB/Files/2014-05-19/DSG308910.exe,"[82, 3, 1, 20, 9, 114, 1508, 437, 543, 30, 203, 271, 24, 5, 137, 30, 1, 90, 742, 64, 135, 4, 2, 95]"
1263,AtivosBB_N2014578754.exe,32,64,datacopy/BB/Files/2014-04-08/AtivosBB_N2014578754.exe,"[82, 3, 1, 20, 9, 114, 1508, 437, 543, 30, 203, 271, 24, 5, 137, 30, 1, 90, 742, 64, 135, 4, 2, 95]"
1264,REGULAR_CPF_PROTODOC0102014.exe,32,3,datacopy/BB/Files/2014-10-28/REGULAR_CPF_PROTODOC0102014.exe,"[82, 3, 1, 20, 9, 114, 1508, 437, 543, 30, 203, 271, 24, 5, 137, 30, 1, 90, 742, 64, 135, 4, 2, 95]"
1265,xzvtegdafc.exe,32,113,datacopy/BB/Files/2014-11-05/xzvtegdafc.exe,"[82, 3, 1, 20, 9, 114, 1508, 437, 543, 30, 203, 271, 24, 5, 137, 30, 1, 90, 742, 64, 135, 4, 2, 95]"
1266,EMAIL-301510101215150101.exe,32,3,datacopy/BB/Files/2014-05-13/EMAIL-301510101215150101.exe,"[82, 3, 1, 20, 9, 114, 1508, 437, 543, 30, 203, 271, 24, 5, 137, 30, 1, 90, 742, 64, 135, 4, 2, 95]"
1267,Controlsys.exe,32,3,datacopy/BB/Files/2015-04-29/Controlsys.exe,"[82, 3, 1, 20, 9, 114, 1508, 437, 543, 30, 203, 271, 24, 5, 137, 30, 1, 90, 742, 64, 135, 4, 2, 95]"
1268,Comprovante_trf1024884.pdf.exe,32,2,datacopy/BB/Files/2014-05-28/Comprovante_trf1024884.pdf.exe,"[82, 3, 1, 20, 9, 114, 1508, 437, 543, 30, 203, 271, 24, 5, 137, 30, 1, 90, 742, 64, 135, 4, 2, 95]"
1269,atlservice.exe,32,1,datacopy/BB/Files/2014-06-13/atlservice.exe,"[82, 3, 1, 20, 9, 114, 1508, 437, 543, 30, 203, 271, 24, 5, 137, 30, 1, 90, 742, 64, 135, 4, 2, 95]"
1270,_640578471_directDownload_true.exe,32,694,datacopy/BB/Files/2014-05-29/_640578471_directDownload_true.exe,"[82, 3, 1, 20, 9, 114, 1508, 437, 543, 30, 203, 271, 24, 5, 137, 30, 1, 90, 742, 64, 135, 4, 2, 95]"
1271,pache.exe,32,3,datacopy/BB/Files/2014-08-13/pache.exe,"[82, 3, 1, 20, 9, 114, 1508, 437, 543, 30, 203, 271, 24, 5, 137, 30, 1, 90, 742, 64, 135, 4, 2, 95]"
1272,Planilha-OrÃ§amento.cmd,32,64,datacopy/BB/Files/2015-04-27/Planilha-OrÃ§amento.cmd,"[82, 3, 1, 20, 9, 114, 1508, 437, 543, 30, 203, 271, 24, 5, 137, 30, 1, 90, 742, 64, 135, 4, 2, 95]"
1273,applive.exe,32,3,datacopy/BB/Files/2015-04-27/applive.exe,"[82, 3, 1, 20, 9, 114, 1508, 437, 543, 30, 203, 271, 24, 5, 137, 30, 1, 90, 742, 64, 135, 4, 2, 95]"
1274,62d68652d6f4ae5a441504da8aa58ffc34be8357f7b50a2ea513078371b9447c,32,3,datacopy/Stefano/62d68652d6f4ae5a441504da8aa58ffc34be8357f7b50a2ea513078371b9447c,"[82, 3, 1, 20, 9, 114, 1508, 437, 543, 30, 203, 271, 24, 5, 137, 30, 1, 90, 742, 64, 135, 4, 2, 95]"
1275,fed3a4a93bbcd615ea8b71f8b5c1183e33450ba35d154de74b3da47b7ee83838,32,113,datacopy/Stefano/fed3a4a93bbcd615ea8b71f8b5c1183e33450ba35d154de74b3da47b7ee83838,"[82, 3, 1, 20, 9, 114, 1508, 437, 543, 30, 203, 271, 24, 5, 137, 30, 1, 90, 742, 64, 135, 4, 2, 95]"
1276,a91ea0adb7b99653625d4984ef8488809e36f894.bin,33,1162,datacopy/UCSB.JP/data_feed.geo_japan_6m_public_flag/a/9/1/a91ea0adb7b99653625d4984ef8488809e36f894.bin,"[8, 8, 114, 9, 1]"
1277,e207793dbce60ffb88c55ff442d5563269c0e572.bin,33,1162,datacopy/UCSB.JP/data_feed.geo_japan_6m_public_flag/e/2/0/e207793dbce60ffb88c55ff442d5563269c0e572.bin,"[8, 8, 114, 9, 1]"
1278,3cf56dbbcc336495f5f5799ccfea7b5e02e1b55f.bin,33,1158,datacopy/UCSB.JP/data_feed.geo_japan_6m_public_flag/3/c/f/3cf56dbbcc336495f5f5799ccfea7b5e02e1b55f.bin,"[8, 8, 114, 9, 1]"
1279,3017a885426aca30e06ea05dbde935439b46f5e4.bin,33,1162,datacopy/UCSB.JP/data_feed.geo_japan_6m_public_flag/3/0/1/3017a885426aca30e06ea05dbde935439b46f5e4.bin,"[8, 8, 114, 9, 1]"
1280,52439b0f75fe062a07bc2d9ebaa9049a5b3da9b5.bin,33,1158,datacopy/UCSB.JP/data_feed.geo_japan_6m_public_flag/5/2/4/52439b0f75fe062a07bc2d9ebaa9049a5b3da9b5.bin,"[8, 8, 114, 9, 1]"
1281,f930af96aba9138f9e60ded1562016303796ad64.bin,33,1162,datacopy/UCSB.JP/data_feed.geo_japan_6m_public_flag/f/9/3/f930af96aba9138f9e60ded1562016303796ad64.bin,"[8, 8, 114, 9, 1]"
1282,f037e788ef25e69c50eb9025792eba68b2ab0ea9.bin,33,1162,datacopy/UCSB.JP/data_feed.geo_japan_6m_public_flag/f/0/3/f037e788ef25e69c50eb9025792eba68b2ab0ea9.bin,"[8, 8, 114, 9, 1]"
1283,f7d814db0a518973c0c077af7c7257be94f19380.bin,33,1162,datacopy/UCSB.JP/data_feed.geo_japan_6m_public_flag/f/7/d/f7d814db0a518973c0c077af7c7257be94f19380.bin,"[8, 8, 114, 9, 1]"
1284,4cdb43ae018310f78db24747afd96db30c9820c2.bin,33,1158,datacopy/UCSB.JP/data_feed.geo_japan_6m_public_flag/4/c/d/4cdb43ae018310f78db24747afd96db30c9820c2.bin,"[8, 8, 114, 9, 1]"
1285,6938995d05c5411a9e889ad00a809c252f3c0037.bin,33,1162,datacopy/UCSB.JP/data_feed.geo_japan_6m_public_flag/6/9/3/6938995d05c5411a9e889ad00a809c252f3c0037.bin,"[8, 8, 114, 9, 1]"
1286,05aa8e285bae93d685c4ae33209331c5b4c677a4.bin,33,1162,datacopy/UCSB/05aa8e285bae93d685c4ae33209331c5b4c677a4.bin,"[8, 8, 114, 9, 1]"
1287,68776826f085182b73c5063c51555866d4f9a38f.bin,33,1162,datacopy/UCSB/68776826f085182b73c5063c51555866d4f9a38f.bin,"[8, 8, 114, 9, 1]"
1288,ee91c7512d38dd810df6357d255ff4d11d449005.bin,33,1162,datacopy/UCSB/ee91c7512d38dd810df6357d255ff4d11d449005.bin,"[8, 8, 114, 9, 1]"
1289,b817cf922ba97627cf9bc8a54b635f4b6d69e3ff.bin,33,1162,datacopy/UCSB/b817cf922ba97627cf9bc8a54b635f4b6d69e3ff.bin,"[8, 8, 114, 9, 1]"
1290,b6983cf5b0c6ffd1cdef5573776f29ae8705b931.bin,33,1162,datacopy/UCSB/b6983cf5b0c6ffd1cdef5573776f29ae8705b931.bin,"[8, 8, 114, 9, 1]"
1291,d55fc645eee4dfc31799bb2d2dcdcbb0ab47ead7.bin,33,1162,datacopy/UCSB/d55fc645eee4dfc31799bb2d2dcdcbb0ab47ead7.bin,"[8, 8, 114, 9, 1]"
1292,646d6972bfa400ffd6c360e0113e969a9ffb2d0b.bin,33,1162,datacopy/UCSB/646d6972bfa400ffd6c360e0113e969a9ffb2d0b.bin,"[8, 8, 114, 9, 1]"
1293,85db973038c79d6d7129c20b81a98deb1670b117.bin,33,1162,datacopy/UCSB/85db973038c79d6d7129c20b81a98deb1670b117.bin,"[8, 8, 114, 9, 1]"
1294,04bf76e32454be000023ac14670f801f135b8cd1.bin,33,1162,datacopy/UCSB/04bf76e32454be000023ac14670f801f135b8cd1.bin,"[8, 8, 114, 9, 1]"
1295,ca113c4ed8797671ab32cfe0726c1cb61e4c7aa0.bin,33,1162,datacopy/UCSB/ca113c4ed8797671ab32cfe0726c1cb61e4c7aa0.bin,"[8, 8, 114, 9, 1]"
1296,bd617cc4e88ee3e0433a7736e130945ac4cf4244.bin,33,1162,datacopy/UCSB/bd617cc4e88ee3e0433a7736e130945ac4cf4244.bin,"[8, 8, 114, 9, 1]"
1297,c2589a03940965fd5da3a49d0dcf329e754b0b5d.bin,33,1162,datacopy/UCSB/c2589a03940965fd5da3a49d0dcf329e754b0b5d.bin,"[8, 8, 114, 9, 1]"
1298,259e585d0f0e1c61f1d3de7cf8be4f66ffd807e9.bin,33,1162,datacopy/UCSB/259e585d0f0e1c61f1d3de7cf8be4f66ffd807e9.bin,"[8, 8, 114, 9, 1]"
1299,efb3f46aaddcdc099d08d12d4f9ea519649f2c3a.bin,33,1162,datacopy/UCSB/efb3f46aaddcdc099d08d12d4f9ea519649f2c3a.bin,"[8, 8, 114, 9, 1]"
1300,ff81941c92eaf5428b387962f79efa3f97f9e75c.bin,33,1162,datacopy/UCSB/ff81941c92eaf5428b387962f79efa3f97f9e75c.bin,"[8, 8, 114, 9, 1]"
1301,dc8b1bd683fc46c6e44dc939a9938db03953b088.bin,33,1162,datacopy/UCSB/dc8b1bd683fc46c6e44dc939a9938db03953b088.bin,"[8, 8, 114, 9, 1]"
1302,809b6089d238895d861dc406b4c6c184eb8e152e.bin,33,1162,datacopy/UCSB/809b6089d238895d861dc406b4c6c184eb8e152e.bin,"[8, 8, 114, 9, 1]"
1303,c92ca03eef1082c4603cb4032a232be405336cc1.bin,33,1162,datacopy/UCSB/c92ca03eef1082c4603cb4032a232be405336cc1.bin,"[8, 8, 114, 9, 1]"
1304,4a306056c6c303cbf1c66607511751263e9ce42e.bin,33,1162,datacopy/UCSB/4a306056c6c303cbf1c66607511751263e9ce42e.bin,"[8, 8, 114, 9, 1]"
1305,c17b9cc9a76eccfdf7d7ab247ab41b93e7c7d292.codex,33,310,datacopy/CodexGiga/c17b9cc9a76eccfdf7d7ab247ab41b93e7c7d292.codex,"[8, 8, 114, 9, 1]"
1306,21103a624fb4fe8139241b7785c2ecb0985f43f3.codex,33,958,datacopy/CodexGiga/21103a624fb4fe8139241b7785c2ecb0985f43f3.codex,"[8, 8, 114, 9, 1]"
1307,Extrato_de_Boleto.PDF.exe,33,143,datacopy/BB/Files/2013-02-25/Extrato_de_Boleto.PDF.exe,"[8, 8, 114, 9, 1]"
1308,Extrato_de_Boleto.PDF.exe,33,143,datacopy/BB/Files/2013-02-25/Extrato_de_Boleto.PDF.exe,"[8, 8, 114, 9, 1]"
1309,b761cb5d637fa7a1197a50771806a5968234ff4f0ea0d458f3eb35405be04ad7,33,1158,datacopy/Stefano/b761cb5d637fa7a1197a50771806a5968234ff4f0ea0d458f3eb35405be04ad7,"[8, 8, 114, 9, 1]"
1310,cd99612ec16a2a6f8edc93930f7af779688aa69ff38db98bc43e930b61ccf935,33,1162,datacopy/Stefano/cd99612ec16a2a6f8edc93930f7af779688aa69ff38db98bc43e930b61ccf935,"[8, 8, 114, 9, 1]"
1311,cb44623f96d2e1ef2ba4b3ac2fe6672143714d197e805b52b6c8aff5b01a9138,33,1162,datacopy/Stefano/cb44623f96d2e1ef2ba4b3ac2fe6672143714d197e805b52b6c8aff5b01a9138,"[8, 8, 114, 9, 1]"
1312,18f29dd886fd12be4985ad77c9f0f08d21cb58aa8779789352eaecfecdd8e2fa,33,1158,datacopy/Stefano/18f29dd886fd12be4985ad77c9f0f08d21cb58aa8779789352eaecfecdd8e2fa,"[8, 8, 114, 9, 1]"
1313,d75da38650fdf9db33ca33e7311783da6e19c870832e458c0706260f6547c91c,33,1162,datacopy/Stefano/d75da38650fdf9db33ca33e7311783da6e19c870832e458c0706260f6547c91c,"[8, 8, 114, 9, 1]"
1314,e814eaab91dd237081d634a6307f4aca7089daaeb5ecacbdbf4cc474230afebe,33,1162,datacopy/Stefano/e814eaab91dd237081d634a6307f4aca7089daaeb5ecacbdbf4cc474230afebe,"[8, 8, 114, 9, 1]"
1315,7273be3d25607076a5482661950524b4cc34062f068fe5a09e6d053b53551a1b,33,1162,datacopy/Stefano/7273be3d25607076a5482661950524b4cc34062f068fe5a09e6d053b53551a1b,"[8, 8, 114, 9, 1]"
1316,adb3676028bb869ab258f3fffa61035e3543d9484333f1f721cbbdb0add4ccee,33,1162,datacopy/Stefano/adb3676028bb869ab258f3fffa61035e3543d9484333f1f721cbbdb0add4ccee,"[8, 8, 114, 9, 1]"
1317,9dc5a14da984b26a7d00190c564e0f3c887f38d73e8ad81872993117b0ba307a,33,1162,datacopy/Stefano/9dc5a14da984b26a7d00190c564e0f3c887f38d73e8ad81872993117b0ba307a,"[8, 8, 114, 9, 1]"
1318,1a1dfcdf0258fb763a30a8fe475962c7e93589306f6652efa2a051159a107c38,33,1158,datacopy/Stefano/1a1dfcdf0258fb763a30a8fe475962c7e93589306f6652efa2a051159a107c38,"[8, 8, 114, 9, 1]"
1319,9077d5206d9c5c3872067636b062cdf81af819cab2eff5fe9471b149ffa88541,33,1162,datacopy/Stefano/9077d5206d9c5c3872067636b062cdf81af819cab2eff5fe9471b149ffa88541,"[8, 8, 114, 9, 1]"
1320,398a4b2f3c80ffc7162c5b3af5ad021d3cd1541d0418b4110ef50c4781f1cb24,33,1158,datacopy/Stefano/398a4b2f3c80ffc7162c5b3af5ad021d3cd1541d0418b4110ef50c4781f1cb24,"[8, 8, 114, 9, 1]"
1321,0e1d5a987466af628bba2764f2bbb215e302224d2010d53591664a0f874d0c16,33,1158,datacopy/Stefano/0e1d5a987466af628bba2764f2bbb215e302224d2010d53591664a0f874d0c16,"[8, 8, 114, 9, 1]"
1322,f96429eee522c8d53e653df4b7846fee9c89962a968924435b4bc2566c31ec03,33,1158,datacopy/Stefano/f96429eee522c8d53e653df4b7846fee9c89962a968924435b4bc2566c31ec03,"[8, 8, 114, 9, 1]"
1323,a5a47263dbdb18427ce626c790f5d154c49016cdbee26b87edec10d98820fe5d,33,1158,datacopy/Stefano/a5a47263dbdb18427ce626c790f5d154c49016cdbee26b87edec10d98820fe5d,"[8, 8, 114, 9, 1]"
1324,71aff0fdd143e7c398d0e2e3107b585b87f315414e13e23fc68c4745b048c68a,33,1162,datacopy/Stefano/71aff0fdd143e7c398d0e2e3107b585b87f315414e13e23fc68c4745b048c68a,"[8, 8, 114, 9, 1]"
1325,12d1a4cad451c6ed14de2e448c41a8ed6607c5bf00cbc6a0c0f9198691659be4,33,1158,datacopy/Stefano/12d1a4cad451c6ed14de2e448c41a8ed6607c5bf00cbc6a0c0f9198691659be4,"[8, 8, 114, 9, 1]"
1326,5be72182e4e91a605df7b1fae8bd504998b534854ce17135ca82f91b14581339,33,1158,datacopy/Stefano/5be72182e4e91a605df7b1fae8bd504998b534854ce17135ca82f91b14581339,"[8, 8, 114, 9, 1]"
1327,088181c9183bf6e5473f725768db1bd27161bfdb7b0c9ca0eb57e58742a0241a,33,1162,datacopy/Stefano/088181c9183bf6e5473f725768db1bd27161bfdb7b0c9ca0eb57e58742a0241a,"[8, 8, 114, 9, 1]"
1328,21fd5733ec270e8a08e2a3b24bf0eb49055ae0a2d8d20f21ec900cfdc527418a,33,1162,datacopy/Stefano/21fd5733ec270e8a08e2a3b24bf0eb49055ae0a2d8d20f21ec900cfdc527418a,"[8, 8, 114, 9, 1]"
1329,0465e58f73aceb2e1aae98a47578074044fd227e28892bef815984b30c5ff429,33,1158,datacopy/Stefano/0465e58f73aceb2e1aae98a47578074044fd227e28892bef815984b30c5ff429,"[8, 8, 114, 9, 1]"
1330,1f9151d09debd12b298b946794d4a4738612af8807efa2410a08d4beb5a06521,33,1158,datacopy/Stefano/1f9151d09debd12b298b946794d4a4738612af8807efa2410a08d4beb5a06521,"[8, 8, 114, 9, 1]"
1331,8e46f03a1a7e33160fee62565af4db8c677e67cd9a41a8c73d34f5115268139c,33,1158,datacopy/Stefano/8e46f03a1a7e33160fee62565af4db8c677e67cd9a41a8c73d34f5115268139c,"[8, 8, 114, 9, 1]"
1332,3c6451b07070104fd87d14adbcf5a17c20ce113bec065270de3cc8f3aff834e8,33,1162,datacopy/Stefano/3c6451b07070104fd87d14adbcf5a17c20ce113bec065270de3cc8f3aff834e8,"[8, 8, 114, 9, 1]"
1333,468f0f09f05b2371e05a6db732de1c9ed78e94c11301b02c4c88bc480e7daac9,33,1158,datacopy/Stefano/468f0f09f05b2371e05a6db732de1c9ed78e94c11301b02c4c88bc480e7daac9,"[8, 8, 114, 9, 1]"
1334,faa438c5090260f0a42707991df6a0355c0e2a4a958285af7b44ad9df824114d,33,1162,datacopy/Stefano/faa438c5090260f0a42707991df6a0355c0e2a4a958285af7b44ad9df824114d,"[8, 8, 114, 9, 1]"
1335,d4361722d85c5f4f1dbb5a338197f43c06e543fc744c1671cfb970ca3104509f,33,1162,datacopy/Stefano/d4361722d85c5f4f1dbb5a338197f43c06e543fc744c1671cfb970ca3104509f,"[8, 8, 114, 9, 1]"
1336,4a4f69dafb270ee65c1e9e4efd13e9cd00603bfd5025bd18945f9a75445aa9fc,33,1162,datacopy/Stefano/4a4f69dafb270ee65c1e9e4efd13e9cd00603bfd5025bd18945f9a75445aa9fc,"[8, 8, 114, 9, 1]"
1337,7df5b868a7a936001f1012d781bf0fd730be5ea0444fd63957f1ac607860a764,33,1162,datacopy/Stefano/7df5b868a7a936001f1012d781bf0fd730be5ea0444fd63957f1ac607860a764,"[8, 8, 114, 9, 1]"
1338,184ae8377fb9af2ca963af9ec6d242acbff70c823d660214fea0ec080620ca7d,33,1158,datacopy/Stefano/184ae8377fb9af2ca963af9ec6d242acbff70c823d660214fea0ec080620ca7d,"[8, 8, 114, 9, 1]"
1339,e5c78e1f9fa64dd450320a040e30e8836b505847f7ff0dfcf0dbcc6f99883cef,33,1158,datacopy/Stefano/e5c78e1f9fa64dd450320a040e30e8836b505847f7ff0dfcf0dbcc6f99883cef,"[8, 8, 114, 9, 1]"
1340,9608be6d047137e841e763664ba14f08d9b0c97df5ce833f2dbb54dcf4ad0949,33,1158,datacopy/Stefano/9608be6d047137e841e763664ba14f08d9b0c97df5ce833f2dbb54dcf4ad0949,"[8, 8, 114, 9, 1]"
1341,f5e75c1dd7235fe51453badf68580441dce18d754e602afb892c720cc3bb5556,33,1162,datacopy/Stefano/f5e75c1dd7235fe51453badf68580441dce18d754e602afb892c720cc3bb5556,"[8, 8, 114, 9, 1]"
1342,469a50932fe72dfec9174b04aa415c18d05ce83451a3554d518282bea47ad6d7,33,1158,datacopy/Stefano/469a50932fe72dfec9174b04aa415c18d05ce83451a3554d518282bea47ad6d7,"[8, 8, 114, 9, 1]"
1343,d21e4e9295b261d851983ebdd0e16d2a07ac883e26a36bfbe9dc1e5b872e1479,33,1162,datacopy/Stefano/d21e4e9295b261d851983ebdd0e16d2a07ac883e26a36bfbe9dc1e5b872e1479,"[8, 8, 114, 9, 1]"
1344,b147fa3e69445a18cf2a231f8ebd140e0c21249ebbf6a66412a3ea1ee3c99d7e,33,1158,datacopy/Stefano/b147fa3e69445a18cf2a231f8ebd140e0c21249ebbf6a66412a3ea1ee3c99d7e,"[8, 8, 114, 9, 1]"
1345,66abe0fc09814145b96e8a37f3ca007d0d8e40f62cbc074d69b7d582fafe8558,33,1162,datacopy/Stefano/66abe0fc09814145b96e8a37f3ca007d0d8e40f62cbc074d69b7d582fafe8558,"[8, 8, 114, 9, 1]"
1346,8b04e21d472ab1a41946723cab6c917445122b022a60fb27153db6bb31006fae,33,1158,datacopy/Stefano/8b04e21d472ab1a41946723cab6c917445122b022a60fb27153db6bb31006fae,"[8, 8, 114, 9, 1]"
1347,271f194cb4cb29578e842cd0b1a6b64446e49a0070559550380563b28b3e5420,33,1158,datacopy/Stefano/271f194cb4cb29578e842cd0b1a6b64446e49a0070559550380563b28b3e5420,"[8, 8, 114, 9, 1]"
1348,bdfe6ecb0f583eb2f8445b70e8cb7314402d85fd7d19adab501e153a2c9fa89e,33,1162,datacopy/Stefano/bdfe6ecb0f583eb2f8445b70e8cb7314402d85fd7d19adab501e153a2c9fa89e,"[8, 8, 114, 9, 1]"
1349,b69dded7f1cb4bddd31dac0b09382a763ab51e4301cd420f8a1cbf0fb2ed7350,33,1162,datacopy/Stefano/b69dded7f1cb4bddd31dac0b09382a763ab51e4301cd420f8a1cbf0fb2ed7350,"[8, 8, 114, 9, 1]"
1350,5b0027dc63b5346e32cc2112c74a620819ee217977ac6b0f64e8fd18fcf744d9,33,1162,datacopy/Stefano/5b0027dc63b5346e32cc2112c74a620819ee217977ac6b0f64e8fd18fcf744d9,"[8, 8, 114, 9, 1]"
1351,48c4a3e6140b55bd9bb1645f283306e197a3a0d144acb7204c69062b93408232,33,1158,datacopy/Stefano/48c4a3e6140b55bd9bb1645f283306e197a3a0d144acb7204c69062b93408232,"[8, 8, 114, 9, 1]"
1352,519b20f3b17138b5a68d29571d70c2c09c22db6bd7ed3334e55c4455eabb7def,33,1162,datacopy/Stefano/519b20f3b17138b5a68d29571d70c2c09c22db6bd7ed3334e55c4455eabb7def,"[8, 8, 114, 9, 1]"
1353,e8a0ead200299071fa0bc486fee424b734892e3d0f02a71622ee64e71f2aac04,33,1162,datacopy/Stefano/e8a0ead200299071fa0bc486fee424b734892e3d0f02a71622ee64e71f2aac04,"[8, 8, 114, 9, 1]"
1354,6fea4833c76bfbae36e0f4b66e25d27398529913a14dbdd9c09ed6145b85967e,33,1158,datacopy/Stefano/6fea4833c76bfbae36e0f4b66e25d27398529913a14dbdd9c09ed6145b85967e,"[8, 8, 114, 9, 1]"
1355,253f042722ce0931e6ad7ef06c9ea5dbeba8ec8d12b77802218a58a73e889b85,33,1158,datacopy/Stefano/253f042722ce0931e6ad7ef06c9ea5dbeba8ec8d12b77802218a58a73e889b85,"[8, 8, 114, 9, 1]"
1356,785c755c55a14635276269c9108b666deafaf4d688b99be6385fff95bbddd130,33,1162,datacopy/Stefano/785c755c55a14635276269c9108b666deafaf4d688b99be6385fff95bbddd130,"[8, 8, 114, 9, 1]"
1357,660be397c4f6af679898bab60b4c35c214e21fd9927d03c46f3c493c510451c7,33,1162,datacopy/Stefano/660be397c4f6af679898bab60b4c35c214e21fd9927d03c46f3c493c510451c7,"[8, 8, 114, 9, 1]"
1358,18bd7396c34598249461c0d50d0d1d7be1e5d175f3f33cb08be103c2f4bbc0ae,33,1162,datacopy/Stefano/18bd7396c34598249461c0d50d0d1d7be1e5d175f3f33cb08be103c2f4bbc0ae,"[8, 8, 114, 9, 1]"
1359,96d868e2c52429d2e29f742e3d59110cf58e5222f6eeec009963685e1ba39b24,33,1162,datacopy/Stefano/96d868e2c52429d2e29f742e3d59110cf58e5222f6eeec009963685e1ba39b24,"[8, 8, 114, 9, 1]"
1360,250bb13d673d3fadab82115a340d39a8d8023a9413be9243393e4dd9d7edb56f,33,1162,datacopy/Stefano/250bb13d673d3fadab82115a340d39a8d8023a9413be9243393e4dd9d7edb56f,"[8, 8, 114, 9, 1]"
1361,f62924400fca4e76738e96950c4e1919280e6fd86345f97428b07e7f500901bb,33,1162,datacopy/Stefano/f62924400fca4e76738e96950c4e1919280e6fd86345f97428b07e7f500901bb,"[8, 8, 114, 9, 1]"
1362,9d26209449f1bc0f490c64028e59dc321ef634933d532b650effb700f5fb880e,33,1158,datacopy/Stefano/9d26209449f1bc0f490c64028e59dc321ef634933d532b650effb700f5fb880e,"[8, 8, 114, 9, 1]"
1363,fb0d061d0ba9896992c4f6a06eef2bf67aa6c1a7b6e55d76f2368a9e82f226fd,33,1162,datacopy/Stefano/fb0d061d0ba9896992c4f6a06eef2bf67aa6c1a7b6e55d76f2368a9e82f226fd,"[8, 8, 114, 9, 1]"
1364,5b39b335605d3b874a4e0bbdc4fe63449cde40d9fd399fae38622e155f3bcd80,33,1162,datacopy/Stefano/5b39b335605d3b874a4e0bbdc4fe63449cde40d9fd399fae38622e155f3bcd80,"[8, 8, 114, 9, 1]"
1365,9c7e88edaa637d618e32f951ee78f79a3085c09b2f4f4229480e1637ea3e7ca9,33,1158,datacopy/Stefano/9c7e88edaa637d618e32f951ee78f79a3085c09b2f4f4229480e1637ea3e7ca9,"[8, 8, 114, 9, 1]"
1366,11c5fd78ec2b959b9033e46896bf147f8dd80b1efdcfb24ecda676039ab87b8c,33,1158,datacopy/Stefano/11c5fd78ec2b959b9033e46896bf147f8dd80b1efdcfb24ecda676039ab87b8c,"[8, 8, 114, 9, 1]"
1367,96cd1a84f048966772f72e8af23de69aa4ce535a01298c91bc545578c7620927,33,1162,datacopy/Stefano/96cd1a84f048966772f72e8af23de69aa4ce535a01298c91bc545578c7620927,"[8, 8, 114, 9, 1]"
1368,a4b23deb7ff7e0d81212196885b71744e40dc19581fc7a0ff5ef21e840cd2fcc,33,1158,datacopy/Stefano/a4b23deb7ff7e0d81212196885b71744e40dc19581fc7a0ff5ef21e840cd2fcc,"[8, 8, 114, 9, 1]"
1369,e0282662c2edaaf55f2d5857c2607d6be5aee3c0a3d0d756fcda59841818bd15,33,1158,datacopy/Stefano/e0282662c2edaaf55f2d5857c2607d6be5aee3c0a3d0d756fcda59841818bd15,"[8, 8, 114, 9, 1]"
1370,cdb37436d3d59a413f1e7fdaa760cc18db501f4de9311a89aa3dc42be5be4640,33,1158,datacopy/Stefano/cdb37436d3d59a413f1e7fdaa760cc18db501f4de9311a89aa3dc42be5be4640,"[8, 8, 114, 9, 1]"
1371,1c7c9396a4817dbb8aeb55351f55115acb34350d32e5efdeae7574f6b1744618,33,1162,datacopy/Stefano/1c7c9396a4817dbb8aeb55351f55115acb34350d32e5efdeae7574f6b1744618,"[8, 8, 114, 9, 1]"
1372,bd2c5b7a010ce7313e3504ac94e1cf074afeb83e33ebec1af887f519fb397d09,33,1162,datacopy/Stefano/bd2c5b7a010ce7313e3504ac94e1cf074afeb83e33ebec1af887f519fb397d09,"[8, 8, 114, 9, 1]"
1373,6ba3057c35bde713ba111b2c21506c5fe1aa30f98c44a76889d586e12b9d0e08,33,1158,datacopy/Stefano/6ba3057c35bde713ba111b2c21506c5fe1aa30f98c44a76889d586e12b9d0e08,"[8, 8, 114, 9, 1]"
1374,788bc976957c0b71bfb6d94c4e43858735f6a91461867ffb04f9da174e0d3dac,33,1162,datacopy/Stefano/788bc976957c0b71bfb6d94c4e43858735f6a91461867ffb04f9da174e0d3dac,"[8, 8, 114, 9, 1]"
1375,03d36a7b4a94d7c2d194a8c5bf5f65e5e34f641922a190d4723742973250646e,33,1162,datacopy/Stefano/03d36a7b4a94d7c2d194a8c5bf5f65e5e34f641922a190d4723742973250646e,"[8, 8, 114, 9, 1]"
1376,49d87346a1383cf00eb07db982e5a0b569933306f60cfc59d2f7eefe69e8d854,33,1162,datacopy/Stefano/49d87346a1383cf00eb07db982e5a0b569933306f60cfc59d2f7eefe69e8d854,"[8, 8, 114, 9, 1]"
1377,30bc8cccac990e072afb52fa7657e81e46ddd639087d99e4f44c5a9004e6dd3f,33,1162,datacopy/Stefano/30bc8cccac990e072afb52fa7657e81e46ddd639087d99e4f44c5a9004e6dd3f,"[8, 8, 114, 9, 1]"
1378,90614b0f117bd01de13909bd2c9d1902133186c66f8681d0956c80854c02786c,33,1162,datacopy/Stefano/90614b0f117bd01de13909bd2c9d1902133186c66f8681d0956c80854c02786c,"[8, 8, 114, 9, 1]"
1379,80c14407f2e0a726eee69e475b1f11902881d86d90848f138e1cf8c9d42d8779,33,1162,datacopy/Stefano/80c14407f2e0a726eee69e475b1f11902881d86d90848f138e1cf8c9d42d8779,"[8, 8, 114, 9, 1]"
1380,2314306202682dfc6c583f815d79d04af38d000b5d8b5a72c027fa594f49590c,33,1162,datacopy/Stefano/2314306202682dfc6c583f815d79d04af38d000b5d8b5a72c027fa594f49590c,"[8, 8, 114, 9, 1]"
1381,9c32a2e95920f7865c6034fb35fcb197a25fae71132aefa832d2478b048021b3,33,1158,datacopy/Stefano/9c32a2e95920f7865c6034fb35fcb197a25fae71132aefa832d2478b048021b3,"[8, 8, 114, 9, 1]"
1382,ff5cd59616467949722da4b1fb1cf4fdb29a6b4b8ca32afc2f3ca1f0b88769a9,33,1162,datacopy/Stefano/ff5cd59616467949722da4b1fb1cf4fdb29a6b4b8ca32afc2f3ca1f0b88769a9,"[8, 8, 114, 9, 1]"
1383,eefad83ffcb9b25aa0f00a452e52a5ebdfc780507e98e995b30ec1776be1704e,33,1162,datacopy/Stefano/eefad83ffcb9b25aa0f00a452e52a5ebdfc780507e98e995b30ec1776be1704e,"[8, 8, 114, 9, 1]"
1384,7ac1904c10721210ba0d9262646dd391030c879cf45cc85e950aa7bd5d3ffa47,33,1158,datacopy/Stefano/7ac1904c10721210ba0d9262646dd391030c879cf45cc85e950aa7bd5d3ffa47,"[8, 8, 114, 9, 1]"
1385,1552816f37896159c1b7384361099c2012ed5239a4abe33624ef227208777ba6,33,1162,datacopy/Stefano/1552816f37896159c1b7384361099c2012ed5239a4abe33624ef227208777ba6,"[8, 8, 114, 9, 1]"
1386,fa3e398dd4609c11b2dd1f7de2d28fe2e7da5366ba467f7342efa41b4f1c8a85,33,1162,datacopy/Stefano/fa3e398dd4609c11b2dd1f7de2d28fe2e7da5366ba467f7342efa41b4f1c8a85,"[8, 8, 114, 9, 1]"
1387,421b72453d22dcaf73a19032f306cf0b9b6a4bd3b44c2eaec60c05e6bc6a16c5,33,1158,datacopy/Stefano/421b72453d22dcaf73a19032f306cf0b9b6a4bd3b44c2eaec60c05e6bc6a16c5,"[8, 8, 114, 9, 1]"
1388,da9cb695acd0750981861c7b6b5715aa1b0d0bfb3f2cf64266aa4402b5e8387c,33,1158,datacopy/Stefano/da9cb695acd0750981861c7b6b5715aa1b0d0bfb3f2cf64266aa4402b5e8387c,"[8, 8, 114, 9, 1]"
1389,757f465ee4e555f566579b15e6fa284988cfabdcb5d85d08680ca0a349a1627f,33,1162,datacopy/Stefano/757f465ee4e555f566579b15e6fa284988cfabdcb5d85d08680ca0a349a1627f,"[8, 8, 114, 9, 1]"
1390,b7b8d9871cf860410624b4459f9fdd8512b99fb144dad984f915534a805cc1b6,33,1162,datacopy/Stefano/b7b8d9871cf860410624b4459f9fdd8512b99fb144dad984f915534a805cc1b6,"[8, 8, 114, 9, 1]"
1391,7e9fad2e0a13739b8bbd65d14f21546fdb759423ad784233a69e1e7252f0b43a,33,1158,datacopy/Stefano/7e9fad2e0a13739b8bbd65d14f21546fdb759423ad784233a69e1e7252f0b43a,"[8, 8, 114, 9, 1]"
1392,b00835f2649610b8ab257a28265d6e2aa3240bf50dc43e7c7d56dd2d7d59b416,33,1162,datacopy/Stefano/b00835f2649610b8ab257a28265d6e2aa3240bf50dc43e7c7d56dd2d7d59b416,"[8, 8, 114, 9, 1]"
1393,928d2ceb42eae425ca7a35e7a97541cf6bb28c85033aec5717e1151d468116e3,33,1158,datacopy/Stefano/928d2ceb42eae425ca7a35e7a97541cf6bb28c85033aec5717e1151d468116e3,"[8, 8, 114, 9, 1]"
1394,1ec539401efcb32f9ead956e4b90c2e9bd377da8656a9da08d13f0e6762b207b,33,1158,datacopy/Stefano/1ec539401efcb32f9ead956e4b90c2e9bd377da8656a9da08d13f0e6762b207b,"[8, 8, 114, 9, 1]"
1395,3ef29f3197a310fab7f802b8888975e5305757644d32ecb69f4dc9a364c128b0,33,1162,datacopy/Stefano/3ef29f3197a310fab7f802b8888975e5305757644d32ecb69f4dc9a364c128b0,"[8, 8, 114, 9, 1]"
1396,1198df3c1f87e12d814f4d5a1aa7d8187eb9fc3013f670a2c712a86188582b23,33,1158,datacopy/Stefano/1198df3c1f87e12d814f4d5a1aa7d8187eb9fc3013f670a2c712a86188582b23,"[8, 8, 114, 9, 1]"
1397,c1809245e6c05c0098935cf2e9a385989717607e53039bc80cc0530961293383,33,1158,datacopy/Stefano/c1809245e6c05c0098935cf2e9a385989717607e53039bc80cc0530961293383,"[8, 8, 114, 9, 1]"
1398,c78ea97aac3c1dee13f244a91a958e0fe12f1e7cb5e86580ba105a3c6d89a5c1,33,1158,datacopy/Stefano/c78ea97aac3c1dee13f244a91a958e0fe12f1e7cb5e86580ba105a3c6d89a5c1,"[8, 8, 114, 9, 1]"
1399,8514d4a4c7685e4b9a1144af0cb669fe9fd1a65e9d241fd21725bb73f6c59228,33,1158,datacopy/Stefano/8514d4a4c7685e4b9a1144af0cb669fe9fd1a65e9d241fd21725bb73f6c59228,"[8, 8, 114, 9, 1]"
1400,e5e6bc73fce66b00bc9c94439d18ecdf0684b1acbd4ec5e2e71618ef00134e0c,33,1158,datacopy/Stefano/e5e6bc73fce66b00bc9c94439d18ecdf0684b1acbd4ec5e2e71618ef00134e0c,"[8, 8, 114, 9, 1]"
1401,57e36e6393c2ed426e347c38495e062930d4d5395d253db4cf6d6b05ce715331,33,1158,datacopy/Stefano/57e36e6393c2ed426e347c38495e062930d4d5395d253db4cf6d6b05ce715331,"[8, 8, 114, 9, 1]"
1402,181cc389a84145fd3c4bd760a919b1fb46f13c5927f86247cbaf8179c536baf3,33,1162,datacopy/Stefano/181cc389a84145fd3c4bd760a919b1fb46f13c5927f86247cbaf8179c536baf3,"[8, 8, 114, 9, 1]"
1403,62e36d53b654956f4a4c2f36785775d4b1cc1cc94fee3e4d63d7e03558b9f547,33,1162,datacopy/Stefano/62e36d53b654956f4a4c2f36785775d4b1cc1cc94fee3e4d63d7e03558b9f547,"[8, 8, 114, 9, 1]"
1404,7cb61f7066c017bd06f1f8f19e9c01814f1ee971050cc73c74f05f768e26f2e4,33,1162,datacopy/Stefano/7cb61f7066c017bd06f1f8f19e9c01814f1ee971050cc73c74f05f768e26f2e4,"[8, 8, 114, 9, 1]"
1405,833bdb1108fd2db678c68932415eedec29a69ca9657e58092e0a0527663276bb,33,1162,datacopy/Stefano/833bdb1108fd2db678c68932415eedec29a69ca9657e58092e0a0527663276bb,"[8, 8, 114, 9, 1]"
1406,35edd11008c611c60d570b90e34ff8f1c2da488930468a229fec80a2139b0ae4,33,1162,datacopy/Stefano/35edd11008c611c60d570b90e34ff8f1c2da488930468a229fec80a2139b0ae4,"[8, 8, 114, 9, 1]"
1407,018b29b51ffa85397491bb5ed770f2c5214aca61dc6359744596cf8cd2dadc1e,33,1162,datacopy/Stefano/018b29b51ffa85397491bb5ed770f2c5214aca61dc6359744596cf8cd2dadc1e,"[8, 8, 114, 9, 1]"
1408,a278989cd4ac213d7393cdd161c5d5012eb201f4a91da13a33b9779f4eadd4ba,33,1162,datacopy/Stefano/a278989cd4ac213d7393cdd161c5d5012eb201f4a91da13a33b9779f4eadd4ba,"[8, 8, 114, 9, 1]"
1409,4ded201b4fc3a5e6f35d30562a942b06eb3ecf65711c72dd147e21021b4b9f9c,33,1158,datacopy/Stefano/4ded201b4fc3a5e6f35d30562a942b06eb3ecf65711c72dd147e21021b4b9f9c,"[8, 8, 114, 9, 1]"
1410,39f4e009523f29dd510f86cbef25fc6386848eea6d509e4602cccf9e6684b02c,33,1162,datacopy/Stefano/39f4e009523f29dd510f86cbef25fc6386848eea6d509e4602cccf9e6684b02c,"[8, 8, 114, 9, 1]"
1411,a04beb83fb36e4a515dacb85f3b7a24f16e0cb96eae168aa63f0b96d63bb4750,33,1158,datacopy/Stefano/a04beb83fb36e4a515dacb85f3b7a24f16e0cb96eae168aa63f0b96d63bb4750,"[8, 8, 114, 9, 1]"
1412,35137c683d9bb537111cc158f5804885ad0e9961897cbd75b3baa56a5edb9bf6,33,1162,datacopy/Stefano/35137c683d9bb537111cc158f5804885ad0e9961897cbd75b3baa56a5edb9bf6,"[8, 8, 114, 9, 1]"
1413,8e1dc492a408d7c31d3d799a5096101bba6078be0252161e46e579436766eb83,33,1162,datacopy/Stefano/8e1dc492a408d7c31d3d799a5096101bba6078be0252161e46e579436766eb83,"[8, 8, 114, 9, 1]"
1414,80cc633a15393b1e099e7b79eb48a8deffa22f5a6cbc323960207add3df35b98,33,1162,datacopy/Stefano/80cc633a15393b1e099e7b79eb48a8deffa22f5a6cbc323960207add3df35b98,"[8, 8, 114, 9, 1]"
1415,eb714086053de137fcbb9b478d283fb004e68d226c1880c516ccc79be388a15f,33,1158,datacopy/Stefano/eb714086053de137fcbb9b478d283fb004e68d226c1880c516ccc79be388a15f,"[8, 8, 114, 9, 1]"
1416,3b89231f936eaaa27dcb58f454e5f8715af9ac41c1a5155052439063db041628,33,1158,datacopy/Stefano/3b89231f936eaaa27dcb58f454e5f8715af9ac41c1a5155052439063db041628,"[8, 8, 114, 9, 1]"
1417,418ceb7c41ad08f24ec242dce4793b3358e9e475f40bb8de1012b40ca78b984d,33,1158,datacopy/Stefano/418ceb7c41ad08f24ec242dce4793b3358e9e475f40bb8de1012b40ca78b984d,"[8, 8, 114, 9, 1]"
1418,e99d2ac937d1b6a7b9f7d261d6951b170bd42e26b65f49a234cdd1cd30da3614,33,1158,datacopy/Stefano/e99d2ac937d1b6a7b9f7d261d6951b170bd42e26b65f49a234cdd1cd30da3614,"[8, 8, 114, 9, 1]"
1419,5cfee3b2ed5ddba9107694c4832f9730fee81522b372fbc0c5b493ebb38768c0,33,1162,datacopy/Stefano/5cfee3b2ed5ddba9107694c4832f9730fee81522b372fbc0c5b493ebb38768c0,"[8, 8, 114, 9, 1]"
1420,57edfd27c24608a76ee4755715cb10ff7b72435deaf9b32acbf59b7516c124de,33,1162,datacopy/Stefano/57edfd27c24608a76ee4755715cb10ff7b72435deaf9b32acbf59b7516c124de,"[8, 8, 114, 9, 1]"
1421,24f0ebebfbf7548f5321a864c843c380dfb1fe8c146b506028b6b0ab947a85d8,33,1158,datacopy/Stefano/24f0ebebfbf7548f5321a864c843c380dfb1fe8c146b506028b6b0ab947a85d8,"[8, 8, 114, 9, 1]"
1422,f7f3ed96aa149c06d3ac8b3aed22011dc6a96d61f6b3f7687957c92af1166a63,33,1158,datacopy/Stefano/f7f3ed96aa149c06d3ac8b3aed22011dc6a96d61f6b3f7687957c92af1166a63,"[8, 8, 114, 9, 1]"
1423,54192be640e5da3d76952fc59ffeaba2fde79fb2e057ac2e9860d96c59d8105b,33,1162,datacopy/Stefano/54192be640e5da3d76952fc59ffeaba2fde79fb2e057ac2e9860d96c59d8105b,"[8, 8, 114, 9, 1]"
1424,0b6db307f987ce9525dec98054ee2b26d5579782436f57d39a7ed3a321f196ea,33,1158,datacopy/Stefano/0b6db307f987ce9525dec98054ee2b26d5579782436f57d39a7ed3a321f196ea,"[8, 8, 114, 9, 1]"
1425,ba071a284f4bb5b4a7f327f77e3ebb8d251b5d75289aaa9be6e1a9575658b525,33,1162,datacopy/Stefano/ba071a284f4bb5b4a7f327f77e3ebb8d251b5d75289aaa9be6e1a9575658b525,"[8, 8, 114, 9, 1]"
1426,ee011de1d3950cb3c1044390d5d9a38507665e777132f8c7ce1f6c89669ed6f2,33,1158,datacopy/Stefano/ee011de1d3950cb3c1044390d5d9a38507665e777132f8c7ce1f6c89669ed6f2,"[8, 8, 114, 9, 1]"
1427,7aec401dbd01cbab7bfc733deca0a781f960c78b52ac3b909eb6b982ef0daeef,33,1158,datacopy/Stefano/7aec401dbd01cbab7bfc733deca0a781f960c78b52ac3b909eb6b982ef0daeef,"[8, 8, 114, 9, 1]"
1428,eea26fafbd385532d42b101a226d6ebd0214fe79ab8cb886ee640dffb45c0eae,33,1162,datacopy/Stefano/eea26fafbd385532d42b101a226d6ebd0214fe79ab8cb886ee640dffb45c0eae,"[8, 8, 114, 9, 1]"
1429,415fa60211b6372d450324519623e7ad658b080dce2ab726c2ddc9d1609d3d5c,33,1162,datacopy/Stefano/415fa60211b6372d450324519623e7ad658b080dce2ab726c2ddc9d1609d3d5c,"[8, 8, 114, 9, 1]"
1430,a1d4d4b4e7f0392ab5d770fdccf3a1208b923baf.bin,38,1152,datacopy/UCSB.JP/data_feed.geo_japan_6m_public_flag/a/1/d/a1d4d4b4e7f0392ab5d770fdccf3a1208b923baf.bin,[1]
1431,c5461eaf306fbe65abddc4cc04f493f86b91fb42.bin,38,1152,datacopy/UCSB.JP/data_feed.geo_japan_6m_public_flag/c/5/4/c5461eaf306fbe65abddc4cc04f493f86b91fb42.bin,[1]
1432,4f30951b43e4f7033ff27b9f3b19c11da5df7e10782e102165ed6b61fe3dc02d,38,1152,datacopy/Stefano/4f30951b43e4f7033ff27b9f3b19c11da5df7e10782e102165ed6b61fe3dc02d,[1]
1433,a11d6186b7d58054266c80ec372c7b4afd61cd39a6194f37848a576d4cebb765,38,1152,datacopy/Stefano/a11d6186b7d58054266c80ec372c7b4afd61cd39a6194f37848a576d4cebb765,[1]
1434,fa3511d8f877c76a075a000b041702b9e60ab44458135745f54758661073fb29,38,1152,datacopy/Stefano/fa3511d8f877c76a075a000b041702b9e60ab44458135745f54758661073fb29,[1]
1435,2560efdb113346c2a9d1580ba21a5edb8eb21e867a22717914cc13ee3f90ae17,38,1152,datacopy/Stefano/2560efdb113346c2a9d1580ba21a5edb8eb21e867a22717914cc13ee3f90ae17,[1]
1436,9454529d22ef236c666f98b5eb5d4928921bbb36481d312bcd6cee49205efea3,38,1152,datacopy/Stefano/9454529d22ef236c666f98b5eb5d4928921bbb36481d312bcd6cee49205efea3,[1]
1437,2855856b3923f9f1b4ccfd717e55ffda87f2048c7d736b2e9f2a04756f03af1d,38,1152,datacopy/Stefano/2855856b3923f9f1b4ccfd717e55ffda87f2048c7d736b2e9f2a04756f03af1d,[1]
1438,accd5ae93fd31b9670e2b7d38f45b9739df6f58dee3f48fbaddc151b12981bdb,38,1152,datacopy/Stefano/accd5ae93fd31b9670e2b7d38f45b9739df6f58dee3f48fbaddc151b12981bdb,[1]
1439,e5fd67941cabcd48a029ea38a980f19ee41cadd5007ec2f0212fad996d0878ea,38,1152,datacopy/Stefano/e5fd67941cabcd48a029ea38a980f19ee41cadd5007ec2f0212fad996d0878ea,[1]
1440,6c22d9e0b94c1924478c1678ce4ead3480a3661adffc551693aee5254ef7015f,38,1152,datacopy/Stefano/6c22d9e0b94c1924478c1678ce4ead3480a3661adffc551693aee5254ef7015f,[1]
1441,a17544e52b3f396f8ed79ed4ec84a3bc7fa4c89b.bin,39,3,datacopy/UCSB.JP/data_feed.geo_japan_6m_public_flag/a/1/7/a17544e52b3f396f8ed79ed4ec84a3bc7fa4c89b.bin,"[3, 1, 813, 114, 8, 17, 28, 1056, 1, 35, 2, 414, 20]"
1442,be0bbb67bc5a1290cf3f03821f700f87bf112f3b.bin,39,2040,datacopy/UCSB.JP/data_feed.geo_japan_6m_public_flag/b/e/0/be0bbb67bc5a1290cf3f03821f700f87bf112f3b.bin,"[3, 1, 813, 114, 8, 17, 28, 1056, 1, 35, 2, 414, 20]"
1443,41ff7efc03f95f5c4df9969cf7795917dc40ea44.codex,39,813,datacopy/CodexGiga/41ff7efc03f95f5c4df9969cf7795917dc40ea44.codex,"[3, 1, 813, 114, 8, 17, 28, 1056, 1, 35, 2, 414, 20]"
1444,4ca74ff39facdaa0435e0e3ade148dd5bc2d439d.codex,39,310,datacopy/CodexGiga/4ca74ff39facdaa0435e0e3ade148dd5bc2d439d.codex,"[3, 1, 813, 114, 8, 17, 28, 1056, 1, 35, 2, 414, 20]"
1445,d52aa825d96267ffeb152e33f5d0ea3d8247490a.codex,39,804,datacopy/CodexGiga/d52aa825d96267ffeb152e33f5d0ea3d8247490a.codex,"[3, 1, 813, 114, 8, 17, 28, 1056, 1, 35, 2, 414, 20]"
1446,76bd1f70c642d856e41cccc6294b1f5e9bc1e923.codex,39,310,datacopy/CodexGiga/76bd1f70c642d856e41cccc6294b1f5e9bc1e923.codex,"[3, 1, 813, 114, 8, 17, 28, 1056, 1, 35, 2, 414, 20]"
1447,74e2d3a912227bbda563b82778f0b0d8cfb9d00a.codex,39,310,datacopy/CodexGiga/74e2d3a912227bbda563b82778f0b0d8cfb9d00a.codex,"[3, 1, 813, 114, 8, 17, 28, 1056, 1, 35, 2, 414, 20]"
1448,13327e528892b9f4e247b4f58f884926ae5bd811.codex,39,804,datacopy/CodexGiga/13327e528892b9f4e247b4f58f884926ae5bd811.codex,"[3, 1, 813, 114, 8, 17, 28, 1056, 1, 35, 2, 414, 20]"
1449,39f8d35754a57cf28cc460abf9bfb1b51123f3cd.codex,39,736,datacopy/CodexGiga/39f8d35754a57cf28cc460abf9bfb1b51123f3cd.codex,"[3, 1, 813, 114, 8, 17, 28, 1056, 1, 35, 2, 414, 20]"
1450,314e5545fce1fd1787367216e2ac51c38b24baeb.codex,39,729,datacopy/CodexGiga/314e5545fce1fd1787367216e2ac51c38b24baeb.codex,"[3, 1, 813, 114, 8, 17, 28, 1056, 1, 35, 2, 414, 20]"
1451,0f7acf49dafa8ee8be48e687c04c406ea38f3bc5.codex,39,729,datacopy/CodexGiga/0f7acf49dafa8ee8be48e687c04c406ea38f3bc5.codex,"[3, 1, 813, 114, 8, 17, 28, 1056, 1, 35, 2, 414, 20]"
1452,a8812a6473f78440a31976441581a4774a4879de.codex,39,1056,datacopy/CodexGiga/a8812a6473f78440a31976441581a4774a4879de.codex,"[3, 1, 813, 114, 8, 17, 28, 1056, 1, 35, 2, 414, 20]"
1453,51d3ab881c84a64e6414aeb4ffb879859b6c62b9.codex,39,3,datacopy/CodexGiga/51d3ab881c84a64e6414aeb4ffb879859b6c62b9.codex,"[3, 1, 813, 114, 8, 17, 28, 1056, 1, 35, 2, 414, 20]"
1454,344f8ee2534896b42095dd7c9380731e9819ca8a.codex,39,1065,datacopy/CodexGiga/344f8ee2534896b42095dd7c9380731e9819ca8a.codex,"[3, 1, 813, 114, 8, 17, 28, 1056, 1, 35, 2, 414, 20]"
1455,efa499354b533739c7ab867a29e3c5003cfec259.codex,39,729,datacopy/CodexGiga/efa499354b533739c7ab867a29e3c5003cfec259.codex,"[3, 1, 813, 114, 8, 17, 28, 1056, 1, 35, 2, 414, 20]"
1456,2c2d01db80d32c9cc4b224ca7a219b30fc99f083.codex,39,1065,datacopy/CodexGiga/2c2d01db80d32c9cc4b224ca7a219b30fc99f083.codex,"[3, 1, 813, 114, 8, 17, 28, 1056, 1, 35, 2, 414, 20]"
1457,e9827157fa4b39db8894968e670c16a5f932d692.codex,39,729,datacopy/CodexGiga/e9827157fa4b39db8894968e670c16a5f932d692.codex,"[3, 1, 813, 114, 8, 17, 28, 1056, 1, 35, 2, 414, 20]"
1458,f758ed50bd65f36d52f4552fc2581d55a1ed9a68.codex,39,729,datacopy/CodexGiga/f758ed50bd65f36d52f4552fc2581d55a1ed9a68.codex,"[3, 1, 813, 114, 8, 17, 28, 1056, 1, 35, 2, 414, 20]"
1459,15d0d760857c3fe122e32b150acd80502c17bea1.codex,39,729,datacopy/CodexGiga/15d0d760857c3fe122e32b150acd80502c17bea1.codex,"[3, 1, 813, 114, 8, 17, 28, 1056, 1, 35, 2, 414, 20]"
1460,7bba9639541c4a7fbc7715cbfc18a39d01fe0217.codex,39,728,datacopy/CodexGiga/7bba9639541c4a7fbc7715cbfc18a39d01fe0217.codex,"[3, 1, 813, 114, 8, 17, 28, 1056, 1, 35, 2, 414, 20]"
1461,a97e0501fb48f4cc7bbd766f7e3b50993e97459f.codex,39,310,datacopy/CodexGiga/a97e0501fb48f4cc7bbd766f7e3b50993e97459f.codex,"[3, 1, 813, 114, 8, 17, 28, 1056, 1, 35, 2, 414, 20]"
1462,fevereiro2012.exe,39,2,datacopy/BB/Files/2012-03-23/fevereiro2012.exe,"[3, 1, 813, 114, 8, 17, 28, 1056, 1, 35, 2, 414, 20]"
1463,boleto_mes11_01.exe,39,2,datacopy/BB/Files/2012-02-03/boleto_mes11_01.exe,"[3, 1, 813, 114, 8, 17, 28, 1056, 1, 35, 2, 414, 20]"
1464,itoken.exe,39,9,datacopy/BB/Files/2012-03-16/itoken.exe,"[3, 1, 813, 114, 8, 17, 28, 1056, 1, 35, 2, 414, 20]"
1465,134934.exe,39,17,datacopy/BB/Files/2012-02-06/134934.exe,"[3, 1, 813, 114, 8, 17, 28, 1056, 1, 35, 2, 414, 20]"
1466,BOLETO_2VIA_01_2012.PDF.exe,39,2,datacopy/BB/Files/2012-01-26/BOLETO_2VIA_01_2012.PDF.exe,"[3, 1, 813, 114, 8, 17, 28, 1056, 1, 35, 2, 414, 20]"
1467,cliente1300492.exe,39,9,datacopy/BB/Files/2012-01-27/cliente1300492.exe,"[3, 1, 813, 114, 8, 17, 28, 1056, 1, 35, 2, 414, 20]"
1468,Suporte_NetEmpresa.exe,39,3,datacopy/BB/Files/2012-03-19/Suporte_NetEmpresa.exe,"[3, 1, 813, 114, 8, 17, 28, 1056, 1, 35, 2, 414, 20]"
1469,ComoReconhecerPeriguete.html.exe,39,2,datacopy/BB/Files/2012-08-13/ComoReconhecerPeriguete.html.exe,"[3, 1, 813, 114, 8, 17, 28, 1056, 1, 35, 2, 414, 20]"
1470,boleto122011.exe,39,2,datacopy/BB/Files/2012-01-30/boleto122011.exe,"[3, 1, 813, 114, 8, 17, 28, 1056, 1, 35, 2, 414, 20]"
1471,atualizar_itoken.exe,39,9,datacopy/BB/Files/2012-02-24/atualizar_itoken.exe,"[3, 1, 813, 114, 8, 17, 28, 1056, 1, 35, 2, 414, 20]"
1472,2012_02.exe,39,3,datacopy/BB/Files/2012-03-21/2012_02.exe,"[3, 1, 813, 114, 8, 17, 28, 1056, 1, 35, 2, 414, 20]"
1473,a5900c59b2ab46731b7c89593646d41592d4d057.bin,40,1541,datacopy/UCSB.JP/data_feed.geo_japan_6m_public_flag/a/5/9/a5900c59b2ab46731b7c89593646d41592d4d057.bin,"[1, 3, 3, 1, 1, 1788]"
1474,e221e890fcf5e50c1b23d01c0328bbdd726bf087.bin,40,1532,datacopy/UCSB.JP/data_feed.geo_japan_6m_public_flag/e/2/2/e221e890fcf5e50c1b23d01c0328bbdd726bf087.bin,"[1, 3, 3, 1, 1, 1788]"
1475,38719ee10065ebe2cbec42ffe7c6f1f90652bb48.bin,40,3,datacopy/UCSB.JP/data_feed.geo_japan_6m_public_flag/3/8/7/38719ee10065ebe2cbec42ffe7c6f1f90652bb48.bin,"[1, 3, 3, 1, 1, 1788]"
1476,1bbbb6996fed61e6df327ba41c824bd2756444e0.bin,40,1513,datacopy/UCSB.JP/data_feed.geo_japan_6m_public_flag/1/b/b/1bbbb6996fed61e6df327ba41c824bd2756444e0.bin,"[1, 3, 3, 1, 1, 1788]"
1477,c161241f39ad0b1d50664f9f08f4ef7d070f0b6d.bin,40,1541,datacopy/UCSB.JP/data_feed.geo_japan_6m_public_flag/c/1/6/c161241f39ad0b1d50664f9f08f4ef7d070f0b6d.bin,"[1, 3, 3, 1, 1, 1788]"
1478,4eddf9aa9263fc19461511b3c01a5f72fd863eb4.bin,40,1513,datacopy/UCSB.JP/data_feed.geo_japan_6m_public_flag/4/e/d/4eddf9aa9263fc19461511b3c01a5f72fd863eb4.bin,"[1, 3, 3, 1, 1, 1788]"
1479,081fa3d6e08be25a727df104ff8d67b276fcd4ff.bin,40,2025,datacopy/UCSB.JP/data_feed.geo_japan_6m_public_flag/0/8/1/081fa3d6e08be25a727df104ff8d67b276fcd4ff.bin,"[1, 3, 3, 1, 1, 1788]"
1480,040cace83fadc0f6bc56a791fbfe77ff23cedace.bin,40,1532,datacopy/UCSB.JP/data_feed.geo_japan_6m_public_flag/0/4/0/040cace83fadc0f6bc56a791fbfe77ff23cedace.bin,"[1, 3, 3, 1, 1, 1788]"
1481,7cc8f6fa6aa415d042548e938e4a25c6252e3e21.bin,40,1532,datacopy/UCSB/7cc8f6fa6aa415d042548e938e4a25c6252e3e21.bin,"[1, 3, 3, 1, 1, 1788]"
1482,fb88c5988c0a6dbcfdeebb3c58ea38b38977a14c.bin,40,1541,datacopy/UCSB/fb88c5988c0a6dbcfdeebb3c58ea38b38977a14c.bin,"[1, 3, 3, 1, 1, 1788]"
1483,5cdd14226ed5710b34b27f32136f7145582124f7.bin,40,1788,datacopy/UCSB/5cdd14226ed5710b34b27f32136f7145582124f7.bin,"[1, 3, 3, 1, 1, 1788]"
1484,881dccac41f7b7122e04ad6f227b87ba0a3f6944.bin,40,1541,datacopy/UCSB/881dccac41f7b7122e04ad6f227b87ba0a3f6944.bin,"[1, 3, 3, 1, 1, 1788]"
1485,2ca170d81a8f0eecd9b40c13fefa51f5520728a6.bin,40,3,datacopy/UCSB/2ca170d81a8f0eecd9b40c13fefa51f5520728a6.bin,"[1, 3, 3, 1, 1, 1788]"
1486,ff7ccf72ba340b6c0baa1d2bddd289bf5d84c848.bin,40,1788,datacopy/UCSB/ff7ccf72ba340b6c0baa1d2bddd289bf5d84c848.bin,"[1, 3, 3, 1, 1, 1788]"
1487,2c8498e2fb8293cfdc1d875cb3b63590a3d5d78a.bin,40,1541,datacopy/UCSB/2c8498e2fb8293cfdc1d875cb3b63590a3d5d78a.bin,"[1, 3, 3, 1, 1, 1788]"
1488,ea6e282997d5f473d7e29e33d81c65f6c0d889c3.bin,48,1157,datacopy/UCSB.JP/data_feed.geo_japan_6m_public_flag/e/a/6/ea6e282997d5f473d7e29e33d81c65f6c0d889c3.bin,[5]
1489,397e3b0bbbf9cdee67a47fd0a130f39d14f90f13.bin,48,1157,datacopy/UCSB.JP/data_feed.geo_japan_6m_public_flag/3/9/7/397e3b0bbbf9cdee67a47fd0a130f39d14f90f13.bin,[5]
1490,7040eddb299d28cb8ba56164521eb34d75d88ea7.bin,48,1157,datacopy/UCSB/7040eddb299d28cb8ba56164521eb34d75d88ea7.bin,[5]
1491,5a5edc6d925b64c7f99cadc239e726ba74a9dd7c.bin,48,1157,datacopy/UCSB/5a5edc6d925b64c7f99cadc239e726ba74a9dd7c.bin,[5]
1492,5fae4e46048970e1c6701ddf0ee123bb37048599.bin,48,1157,datacopy/UCSB/5fae4e46048970e1c6701ddf0ee123bb37048599.bin,[5]
1493,d980ada5782b039a3a35e0809809adc0ce71ba03.bin,48,1157,datacopy/UCSB/d980ada5782b039a3a35e0809809adc0ce71ba03.bin,[5]
1494,c6b4cc6a6900ccf5adba49a7efa11a50ca0fe215.bin,48,1157,datacopy/UCSB/c6b4cc6a6900ccf5adba49a7efa11a50ca0fe215.bin,[5]
1495,19aa497f341fed7388617d5a3b11b621ff5983ac.bin,48,1157,datacopy/UCSB/19aa497f341fed7388617d5a3b11b621ff5983ac.bin,[5]
1496,929c1360cc3b61ba03dfc1f37553447d60e5618e.bin,48,1157,datacopy/UCSB/929c1360cc3b61ba03dfc1f37553447d60e5618e.bin,[5]
1497,ce9678a38e5e8f9cf7be8ae93bf387a488523f09.bin,48,1157,datacopy/UCSB/ce9678a38e5e8f9cf7be8ae93bf387a488523f09.bin,[5]
1498,af34545bad5dead05cf48c2bc91cf7f04ee9b4e9.bin,48,1157,datacopy/UCSB/af34545bad5dead05cf48c2bc91cf7f04ee9b4e9.bin,[5]
1499,af746d5aacb6615032f53fd1aa15f79efca4d8a4.bin,48,1157,datacopy/UCSB/af746d5aacb6615032f53fd1aa15f79efca4d8a4.bin,[5]
1500,be2360fc10ec2b825367d214a5e594f8de06eb22.bin,48,1157,datacopy/UCSB/be2360fc10ec2b825367d214a5e594f8de06eb22.bin,[5]
1501,791fdffbcb44872f80a9186db36acc1a791d48b6.bin,48,1157,datacopy/UCSB/791fdffbcb44872f80a9186db36acc1a791d48b6.bin,[5]
1502,c405616ddf981e5fba86efc0e0554dc033e24249.bin,48,1157,datacopy/UCSB/c405616ddf981e5fba86efc0e0554dc033e24249.bin,[5]
1503,cc34975f680949181a87125ed0f5f0d7243cb2e2.bin,48,1157,datacopy/UCSB/cc34975f680949181a87125ed0f5f0d7243cb2e2.bin,[5]
1504,e78a94ec8a791453e306baf19d8e151a8efdc471.bin,48,1157,datacopy/UCSB/e78a94ec8a791453e306baf19d8e151a8efdc471.bin,[5]
1505,a90daa13491cd01297d29cf9eaec47010696a4ee.bin,48,1157,datacopy/UCSB/a90daa13491cd01297d29cf9eaec47010696a4ee.bin,[5]
1506,022b6b86a0143ff7e38ab93505ca4c9211335341.bin,48,1157,datacopy/UCSB/022b6b86a0143ff7e38ab93505ca4c9211335341.bin,[5]
1507,fefe392a268348450a7e6e9073011c27f8086960.bin,48,1157,datacopy/UCSB/fefe392a268348450a7e6e9073011c27f8086960.bin,[5]
1508,b6562ab8667efc2da230e095a89ae006560f6cb3.bin,48,1157,datacopy/UCSB/b6562ab8667efc2da230e095a89ae006560f6cb3.bin,[5]
1509,83dad9b140b5558773ee6fbe81db71ba1ff44dfd.bin,48,1157,datacopy/UCSB/83dad9b140b5558773ee6fbe81db71ba1ff44dfd.bin,[5]
1510,2959915d6dd28e07654bc8c89f99f171fc8340f5.bin,48,1157,datacopy/UCSB/2959915d6dd28e07654bc8c89f99f171fc8340f5.bin,[5]
1511,6d0627429c691e29c2153fcccfc337c29f1a9d2e.bin,48,1157,datacopy/UCSB/6d0627429c691e29c2153fcccfc337c29f1a9d2e.bin,[5]
1512,1d15429f3e2cedeae44d9d5244996d14ee685c07.bin,48,1157,datacopy/UCSB/1d15429f3e2cedeae44d9d5244996d14ee685c07.bin,[5]
1513,63e8e2f23c91ae85612f345f06e4f2f87284dbeb.bin,48,1157,datacopy/UCSB/63e8e2f23c91ae85612f345f06e4f2f87284dbeb.bin,[5]
1514,10d8926dd0f93815ec59f5400c9a6524c50d157d.bin,48,1157,datacopy/UCSB/10d8926dd0f93815ec59f5400c9a6524c50d157d.bin,[5]
1515,f068cbd3d0fec57d6549b0a15064f079588b1ff8.bin,48,1157,datacopy/UCSB/f068cbd3d0fec57d6549b0a15064f079588b1ff8.bin,[5]
1516,2dd0b3d98fe75b490fd5df417b1e76f889f8837a452219287000299b4f58b80a,48,1157,datacopy/Stefano/2dd0b3d98fe75b490fd5df417b1e76f889f8837a452219287000299b4f58b80a,[5]
1517,943f70d1aca696ebaa67f218ad2e996a680f7ad3c8c0f9638014d07e04adcb68,48,1157,datacopy/Stefano/943f70d1aca696ebaa67f218ad2e996a680f7ad3c8c0f9638014d07e04adcb68,[5]
1518,2447e21924cf7f08327cc499769b172003e038688926304ead4edc49dfc0d96e,48,1157,datacopy/Stefano/2447e21924cf7f08327cc499769b172003e038688926304ead4edc49dfc0d96e,[5]
1519,d7fde50bf2624d3e037e15acb948f48c2fad77beb9aa955a94e3ec283863be5d,48,1157,datacopy/Stefano/d7fde50bf2624d3e037e15acb948f48c2fad77beb9aa955a94e3ec283863be5d,[5]
1520,ee8f463b59e1e0a53ab5bf380d1df052e4a52023.bin,49,1993,datacopy/UCSB.JP/data_feed.geo_japan_6m_public_flag/e/e/8/ee8f463b59e1e0a53ab5bf380d1df052e4a52023.bin,"[1, 1, 1, 3, 64]"
1521,e7aea0556f30d85ef24eadcdf407540d6c82d800.bin,49,2035,datacopy/UCSB.JP/data_feed.geo_japan_6m_public_flag/e/7/a/e7aea0556f30d85ef24eadcdf407540d6c82d800.bin,"[1, 1, 1, 3, 64]"
1522,e7675bbe542d526d6b127f9d62aa2d9c163a333b.bin,49,2035,datacopy/UCSB.JP/data_feed.geo_japan_6m_public_flag/e/7/6/e7675bbe542d526d6b127f9d62aa2d9c163a333b.bin,"[1, 1, 1, 3, 64]"
1523,b1db1045dff8c4cefd2ae896f271196528a2a9c8.bin,49,1350,datacopy/UCSB.JP/data_feed.geo_japan_6m_public_flag/b/1/d/b1db1045dff8c4cefd2ae896f271196528a2a9c8.bin,"[1, 1, 1, 3, 64]"
1524,3b56c548c1983617a1c1911ac245a7c587b092bb.bin,49,3,datacopy/UCSB.JP/data_feed.geo_japan_6m_public_flag/3/b/5/3b56c548c1983617a1c1911ac245a7c587b092bb.bin,"[1, 1, 1, 3, 64]"
1525,34c35cce80e7c51883e504d9d45b5168a30d60f8.bin,49,1993,datacopy/UCSB.JP/data_feed.geo_japan_6m_public_flag/3/4/c/34c35cce80e7c51883e504d9d45b5168a30d60f8.bin,"[1, 1, 1, 3, 64]"
1526,9c8ffe32bdb9dc0ab4b3157be53ccf813b709885.bin,49,1993,datacopy/UCSB.JP/data_feed.geo_japan_6m_public_flag/9/c/8/9c8ffe32bdb9dc0ab4b3157be53ccf813b709885.bin,"[1, 1, 1, 3, 64]"
1527,dd5983504cfa639ea2c27cb6fb71774bc287ddfb.bin,49,1993,datacopy/UCSB.JP/data_feed.geo_japan_6m_public_flag/d/d/5/dd5983504cfa639ea2c27cb6fb71774bc287ddfb.bin,"[1, 1, 1, 3, 64]"
1528,d643a5263e162d6a64f50b04198d816d926b938c.bin,49,1350,datacopy/UCSB.JP/data_feed.geo_japan_6m_public_flag/d/6/4/d643a5263e162d6a64f50b04198d816d926b938c.bin,"[1, 1, 1, 3, 64]"
1529,54e104e8fd85c3723e56d76a71453128e3f9b322.bin,49,1993,datacopy/UCSB.JP/data_feed.geo_japan_6m_public_flag/5/4/e/54e104e8fd85c3723e56d76a71453128e3f9b322.bin,"[1, 1, 1, 3, 64]"
1530,57dbe962049ff52e09d2ba45207f938fb4d1afd7.bin,49,52,datacopy/UCSB.JP/data_feed.geo_japan_6m_public_flag/5/7/d/57dbe962049ff52e09d2ba45207f938fb4d1afd7.bin,"[1, 1, 1, 3, 64]"
1531,fa400ab63eae6e822f8244082aa961709efbf1bc.bin,49,1993,datacopy/UCSB.JP/data_feed.geo_japan_6m_public_flag/f/a/4/fa400ab63eae6e822f8244082aa961709efbf1bc.bin,"[1, 1, 1, 3, 64]"
1532,f0863af15b28c8a396e43626958213bd4c6b229c.bin,49,1350,datacopy/UCSB.JP/data_feed.geo_japan_6m_public_flag/f/0/8/f0863af15b28c8a396e43626958213bd4c6b229c.bin,"[1, 1, 1, 3, 64]"
1533,46a3658147af5ebe56ce831d4b495dd6b2bf7b5d.bin,49,3,datacopy/UCSB.JP/data_feed.geo_japan_6m_public_flag/4/6/a/46a3658147af5ebe56ce831d4b495dd6b2bf7b5d.bin,"[1, 1, 1, 3, 64]"
1534,4781d40dbce7a32a4defe56ca236d285fa66bbc7.bin,49,1993,datacopy/UCSB.JP/data_feed.geo_japan_6m_public_flag/4/7/8/4781d40dbce7a32a4defe56ca236d285fa66bbc7.bin,"[1, 1, 1, 3, 64]"
1535,008732c3616a6c0be2a46a0f8813e95487a0b242.bin,49,3,datacopy/UCSB.JP/data_feed.geo_japan_6m_public_flag/0/0/8/008732c3616a6c0be2a46a0f8813e95487a0b242.bin,"[1, 1, 1, 3, 64]"
1536,6e93b6c133c332bf25a17a6c143bba38a7a9210c.bin,49,3,datacopy/UCSB.JP/data_feed.geo_japan_6m_public_flag/6/e/9/6e93b6c133c332bf25a17a6c143bba38a7a9210c.bin,"[1, 1, 1, 3, 64]"
1537,63d358f56a186b5bbc66d96cc3cb080432353e0a.bin,49,3,datacopy/UCSB.JP/data_feed.geo_japan_6m_public_flag/6/3/d/63d358f56a186b5bbc66d96cc3cb080432353e0a.bin,"[1, 1, 1, 3, 64]"
1538,6fcaa279fa81ba0a7f6ce4c2eacd0229e62ac605.bin,49,1993,datacopy/UCSB.JP/data_feed.geo_japan_6m_public_flag/6/f/c/6fcaa279fa81ba0a7f6ce4c2eacd0229e62ac605.bin,"[1, 1, 1, 3, 64]"
1539,60e80b42d6441bb2aac9cce013f1b8569108bf10.bin,49,1993,datacopy/UCSB.JP/data_feed.geo_japan_6m_public_flag/6/0/e/60e80b42d6441bb2aac9cce013f1b8569108bf10.bin,"[1, 1, 1, 3, 64]"
1540,67a5f779c4b394a1ad7a5a5f975586e02b62b380.bin,49,3,datacopy/UCSB.JP/data_feed.geo_japan_6m_public_flag/6/7/a/67a5f779c4b394a1ad7a5a5f975586e02b62b380.bin,"[1, 1, 1, 3, 64]"
1541,8b8e6bd47c5af98b6ab18c0778a3dcd22cdfa6ca.bin,56,3,datacopy/UCSB.JP/data_feed.geo_japan_6m_public_flag/8/b/8/8b8e6bd47c5af98b6ab18c0778a3dcd22cdfa6ca.bin,"[3, 1, 2092, 296, 368, 2097, 2101, 137, 1, 11, 74, 64, 4, 5, 1, 1, 1]"
1542,e7569654c22199f49b71f164207a532ffdc7997f.bin,56,3,datacopy/UCSB.JP/data_feed.geo_japan_6m_public_flag/e/7/5/e7569654c22199f49b71f164207a532ffdc7997f.bin,"[3, 1, 2092, 296, 368, 2097, 2101, 137, 1, 11, 74, 64, 4, 5, 1, 1, 1]"
1543,2f2689baf8d0cfd49a8d180535ee2fa7d8890c63.bin,56,1257,datacopy/UCSB.JP/data_feed.geo_japan_6m_public_flag/2/f/2/2f2689baf8d0cfd49a8d180535ee2fa7d8890c63.bin,"[3, 1, 2092, 296, 368, 2097, 2101, 137, 1, 11, 74, 64, 4, 5, 1, 1, 1]"
1544,2f6f4e20914e8c98ca174ee338d62b7a305dad13.bin,56,1257,datacopy/UCSB.JP/data_feed.geo_japan_6m_public_flag/2/f/6/2f6f4e20914e8c98ca174ee338d62b7a305dad13.bin,"[3, 1, 2092, 296, 368, 2097, 2101, 137, 1, 11, 74, 64, 4, 5, 1, 1, 1]"
1545,d22161331c9742926e3ff72b01556718cda3242e.bin,56,2092,datacopy/UCSB.JP/data_feed.geo_japan_6m_public_flag/d/2/2/d22161331c9742926e3ff72b01556718cda3242e.bin,"[3, 1, 2092, 296, 368, 2097, 2101, 137, 1, 11, 74, 64, 4, 5, 1, 1, 1]"
1546,dd988cd77e87037ee7dd00c8c74a78bd756985fa.bin,56,296,datacopy/UCSB.JP/data_feed.geo_japan_6m_public_flag/d/d/9/dd988cd77e87037ee7dd00c8c74a78bd756985fa.bin,"[3, 1, 2092, 296, 368, 2097, 2101, 137, 1, 11, 74, 64, 4, 5, 1, 1, 1]"
1547,dcc972f17a52b222de60cccefa8cf7489735cbab.bin,56,109,datacopy/UCSB.JP/data_feed.geo_japan_6m_public_flag/d/c/c/dcc972f17a52b222de60cccefa8cf7489735cbab.bin,"[3, 1, 2092, 296, 368, 2097, 2101, 137, 1, 11, 74, 64, 4, 5, 1, 1, 1]"
1548,19b51b0c260b166c926adec0dd6ec1a9f60e323d.bin,56,2097,datacopy/UCSB.JP/data_feed.geo_japan_6m_public_flag/1/9/b/19b51b0c260b166c926adec0dd6ec1a9f60e323d.bin,"[3, 1, 2092, 296, 368, 2097, 2101, 137, 1, 11, 74, 64, 4, 5, 1, 1, 1]"
1549,1f0495a37c13903a8b86696eec0e2af1cbc29094.bin,56,2101,datacopy/UCSB.JP/data_feed.geo_japan_6m_public_flag/1/f/0/1f0495a37c13903a8b86696eec0e2af1cbc29094.bin,"[3, 1, 2092, 296, 368, 2097, 2101, 137, 1, 11, 74, 64, 4, 5, 1, 1, 1]"
1550,45f78caa6f9190540a97403b91dfe7d5a6824a6c.bin,56,4,datacopy/UCSB.JP/data_feed.geo_japan_6m_public_flag/4/5/f/45f78caa6f9190540a97403b91dfe7d5a6824a6c.bin,"[3, 1, 2092, 296, 368, 2097, 2101, 137, 1, 11, 74, 64, 4, 5, 1, 1, 1]"
1551,01f9b10b770d61b3ed5b9dd35d3b62c3e9405225.bin,56,109,datacopy/UCSB/01f9b10b770d61b3ed5b9dd35d3b62c3e9405225.bin,"[3, 1, 2092, 296, 368, 2097, 2101, 137, 1, 11, 74, 64, 4, 5, 1, 1, 1]"
1552,52d6db5ef54a21d2b540719b951f915f6491afb4.bin,56,189,datacopy/UCSB/52d6db5ef54a21d2b540719b951f915f6491afb4.bin,"[3, 1, 2092, 296, 368, 2097, 2101, 137, 1, 11, 74, 64, 4, 5, 1, 1, 1]"
1553,95a02a33a02aaf4a03d66e775bb9d2ff2e8f665c.bin,56,189,datacopy/UCSB/95a02a33a02aaf4a03d66e775bb9d2ff2e8f665c.bin,"[3, 1, 2092, 296, 368, 2097, 2101, 137, 1, 11, 74, 64, 4, 5, 1, 1, 1]"
1554,4c71b7c42c40b6237b8aaf06ac64955814056f5d.bin,56,334,datacopy/UCSB/4c71b7c42c40b6237b8aaf06ac64955814056f5d.bin,"[3, 1, 2092, 296, 368, 2097, 2101, 137, 1, 11, 74, 64, 4, 5, 1, 1, 1]"
1555,relatorio_de_acessos_instagram.pdf.exe,56,3,datacopy/BB/Files/2017-12-19/relatorio_de_acessos_instagram.pdf.exe,"[3, 1, 2092, 296, 368, 2097, 2101, 137, 1, 11, 74, 64, 4, 5, 1, 1, 1]"
1556,Caly.exe,56,51,datacopy/BB/Files/2017-12-19/Caly.exe,"[3, 1, 2092, 296, 368, 2097, 2101, 137, 1, 11, 74, 64, 4, 5, 1, 1, 1]"
1557,instagram_para_pc.exe,56,52,datacopy/BB/Files/2017-12-19/instagram_para_pc.exe,"[3, 1, 2092, 296, 368, 2097, 2101, 137, 1, 11, 74, 64, 4, 5, 1, 1, 1]"
1558,73a2ce664239262401446f115e390e961663e2919f1eb0ee87684c9886b7a32b,56,386,datacopy/Stefano/73a2ce664239262401446f115e390e961663e2919f1eb0ee87684c9886b7a32b,"[3, 1, 2092, 296, 368, 2097, 2101, 137, 1, 11, 74, 64, 4, 5, 1, 1, 1]"
1559,6d4ee0da9d375e55841687816e8f64f68b9e86abff89551d536b13f97df2a165,56,3,datacopy/Stefano/6d4ee0da9d375e55841687816e8f64f68b9e86abff89551d536b13f97df2a165,"[3, 1, 2092, 296, 368, 2097, 2101, 137, 1, 11, 74, 64, 4, 5, 1, 1, 1]"
1560,9c4ec227170d9be46c951c25fccf010894af4469f7c033edb6e6a96e340f6bec,56,3,datacopy/Stefano/9c4ec227170d9be46c951c25fccf010894af4469f7c033edb6e6a96e340f6bec,"[3, 1, 2092, 296, 368, 2097, 2101, 137, 1, 11, 74, 64, 4, 5, 1, 1, 1]"
1561,a077b01ea16242d504bd04e9070ac23c7da277fd6dfd763df51fb90622341175,56,594,datacopy/Stefano/a077b01ea16242d504bd04e9070ac23c7da277fd6dfd763df51fb90622341175,"[3, 1, 2092, 296, 368, 2097, 2101, 137, 1, 11, 74, 64, 4, 5, 1, 1, 1]"
1562,c0a02eabfe348d10f84f1a7182863fa0e8d61e81ea45ca63f88bd9f2f8dab1cb,56,1379,datacopy/Stefano/c0a02eabfe348d10f84f1a7182863fa0e8d61e81ea45ca63f88bd9f2f8dab1cb,"[3, 1, 2092, 296, 368, 2097, 2101, 137, 1, 11, 74, 64, 4, 5, 1, 1, 1]"
1563,ea9abef9defd194bd5d9003a519ca0c203085fef3272a2c90c0e70cfeb06928d,56,556,datacopy/Stefano/ea9abef9defd194bd5d9003a519ca0c203085fef3272a2c90c0e70cfeb06928d,"[3, 1, 2092, 296, 368, 2097, 2101, 137, 1, 11, 74, 64, 4, 5, 1, 1, 1]"
1564,147e0e996840aab7c81b471850d1b26ca57644c628658d8dde7167d51159d97b,56,3,datacopy/Stefano/147e0e996840aab7c81b471850d1b26ca57644c628658d8dde7167d51159d97b,"[3, 1, 2092, 296, 368, 2097, 2101, 137, 1, 11, 74, 64, 4, 5, 1, 1, 1]"
1565,627d1c06226e00eaa536dd0762ffb982a2ac8be6a01867fae7e3169cf0de45bb,56,1379,datacopy/Stefano/627d1c06226e00eaa536dd0762ffb982a2ac8be6a01867fae7e3169cf0de45bb,"[3, 1, 2092, 296, 368, 2097, 2101, 137, 1, 11, 74, 64, 4, 5, 1, 1, 1]"
1566,dcf14d430a057cd4fae86194cba3b852c9f1bdbc31c5aa7ef2c2d5b11d3435d8,56,3,datacopy/Stefano/dcf14d430a057cd4fae86194cba3b852c9f1bdbc31c5aa7ef2c2d5b11d3435d8,"[3, 1, 2092, 296, 368, 2097, 2101, 137, 1, 11, 74, 64, 4, 5, 1, 1, 1]"
1567,e580b1b10ff7a1a5d40065a75926d9f6d583e293063a1d28a1667a9cf63da939,56,1453,datacopy/Stefano/e580b1b10ff7a1a5d40065a75926d9f6d583e293063a1d28a1667a9cf63da939,"[3, 1, 2092, 296, 368, 2097, 2101, 137, 1, 11, 74, 64, 4, 5, 1, 1, 1]"
1568,b81301496efb0b42049100a123891d5447a4b2b5.bin,57,3,datacopy/UCSB.JP/data_feed.geo_japan_6m_public_flag/b/8/1/b81301496efb0b42049100a123891d5447a4b2b5.bin,"[3, 1]"
1569,8e9c211cf9d924aaa4b06888754ce551696b0c379c5ccfc8651f9f42bbe389a2,57,1173,datacopy/Stefano/8e9c211cf9d924aaa4b06888754ce551696b0c379c5ccfc8651f9f42bbe389a2,"[3, 1]"
1570,31b061a169b54564128b9cfc02f7b4243ed87043d395260fd7648e58274a89c2,57,1173,datacopy/Stefano/31b061a169b54564128b9cfc02f7b4243ed87043d395260fd7648e58274a89c2,"[3, 1]"
1571,d58218d074435bf4cc949c494edc9742dc8c45c6c1f5fd9da788425b4369689b,57,1173,datacopy/Stefano/d58218d074435bf4cc949c494edc9742dc8c45c6c1f5fd9da788425b4369689b,"[3, 1]"
1572,643c26ae5f3eb04fc8bdc1d73356acdca1dd982321ae2cb2bea9fe1cef05c6d8,57,1173,datacopy/Stefano/643c26ae5f3eb04fc8bdc1d73356acdca1dd982321ae2cb2bea9fe1cef05c6d8,"[3, 1]"
1573,78565c73668241a7e692f0733992c1d17cafcaeec1699deaa1ce472dac69e5c8,57,1173,datacopy/Stefano/78565c73668241a7e692f0733992c1d17cafcaeec1699deaa1ce472dac69e5c8,"[3, 1]"
1574,d63106db5ffda1702cd1fb40adbd3ac357cf281e632eaacf3eff4a160dcce1f6,57,1173,datacopy/Stefano/d63106db5ffda1702cd1fb40adbd3ac357cf281e632eaacf3eff4a160dcce1f6,"[3, 1]"
1575,7783a341ed84c881f702f543a3e5d5ae0c89700d122a4c248ae738acc2fb5725,57,1173,datacopy/Stefano/7783a341ed84c881f702f543a3e5d5ae0c89700d122a4c248ae738acc2fb5725,"[3, 1]"
1576,babb1fb625e18d32173eaeeff1b1d444e24ed392.bin,58,3,datacopy/UCSB.JP/data_feed.geo_japan_6m_public_flag/b/a/b/babb1fb625e18d32173eaeeff1b1d444e24ed392.bin,"[3, 1, 2145, 2, 11]"
1577,57a73e2b3883213b0811c01f92741580b5dc14c1.bin,58,1257,datacopy/UCSB.JP/data_feed.geo_japan_6m_public_flag/5/7/a/57a73e2b3883213b0811c01f92741580b5dc14c1.bin,"[3, 1, 2145, 2, 11]"
1578,c1f8c8b348481de1c32d747760dec04d7e2ae7f4.bin,58,3,datacopy/UCSB.JP/data_feed.geo_japan_6m_public_flag/c/1/f/c1f8c8b348481de1c32d747760dec04d7e2ae7f4.bin,"[3, 1, 2145, 2, 11]"
1579,4a789f444d990b4d6dd745ca607b453d0e313fdb.bin,58,1257,datacopy/UCSB.JP/data_feed.geo_japan_6m_public_flag/4/a/7/4a789f444d990b4d6dd745ca607b453d0e313fdb.bin,"[3, 1, 2145, 2, 11]"
1580,0288390b8257641f19068b5cee385998f99c2df1.bin,58,2145,datacopy/UCSB.JP/data_feed.geo_japan_6m_public_flag/0/2/8/0288390b8257641f19068b5cee385998f99c2df1.bin,"[3, 1, 2145, 2, 11]"
1581,Dsc_293.jpg.exe,58,2,datacopy/BB/Files/2012-03-01/Dsc_293.jpg.exe,"[3, 1, 2145, 2, 11]"
1582,718a44a0016d54cfb977cea213beb0fc9b3cd7af1e77b442e3019aa11fb32653,58,62,datacopy/Stefano/718a44a0016d54cfb977cea213beb0fc9b3cd7af1e77b442e3019aa11fb32653,"[3, 1, 2145, 2, 11]"
1583,b19972bfde16e59abeec0e509910bdee33acf0ec.bin,62,3,datacopy/UCSB.JP/data_feed.geo_japan_6m_public_flag/b/1/9/b19972bfde16e59abeec0e509910bdee33acf0ec.bin,"[3, 44, 67, 2, 12]"
1584,b541b9fc8936817a48068f9cd0be62bdf0af1bc5.bin,62,1018,datacopy/UCSB/b541b9fc8936817a48068f9cd0be62bdf0af1bc5.bin,"[3, 44, 67, 2, 12]"
1585,1295e29811d083b2206bd4abbf3a9d51a30f9103.codex,62,3,datacopy/CodexGiga/1295e29811d083b2206bd4abbf3a9d51a30f9103.codex,"[3, 44, 67, 2, 12]"
1586,afb36dbd3f88df440bb69178d0e44e7dce6630f3.codex,62,774,datacopy/CodexGiga/afb36dbd3f88df440bb69178d0e44e7dce6630f3.codex,"[3, 44, 67, 2, 12]"
1587,Imprimir.2.Boleto.exe,62,2,datacopy/BB/Files/2015-12-14/Imprimir.2.Boleto.exe,"[3, 44, 67, 2, 12]"
1588,Sky.exe,62,338,datacopy/BB/Files/2015-04-01/Sky.exe,"[3, 44, 67, 2, 12]"
1589,70b53615015040fcc984_lgfp_3000.exe,62,2,datacopy/BB/Files/2016-09-12/70b53615015040fcc984_lgfp_3000.exe,"[3, 44, 67, 2, 12]"
1590,IMG_boleto.exe,62,2,datacopy/BB/Files/2015-12-16/IMG_boleto.exe,"[3, 44, 67, 2, 12]"
1591,2.Boleto.pdf.exe,62,2,datacopy/BB/Files/2015-12-17/2.Boleto.pdf.exe,"[3, 44, 67, 2, 12]"
1592,b5a4b03bc09cf0f8e44f7f66029c382e3b1a086a.bin,63,312,datacopy/UCSB.JP/data_feed.geo_japan_6m_public_flag/b/5/a/b5a4b03bc09cf0f8e44f7f66029c382e3b1a086a.bin,[1]
1593,3be8e77d111ae1df6e1610bcef27d5a27f3770e6.bin,63,312,datacopy/UCSB.JP/data_feed.geo_japan_6m_public_flag/3/b/e/3be8e77d111ae1df6e1610bcef27d5a27f3770e6.bin,[1]
1594,4fd7dda9d9e03214df1df9d77af695c0b6b1cdf0.bin,63,312,datacopy/UCSB.JP/data_feed.geo_japan_6m_public_flag/4/f/d/4fd7dda9d9e03214df1df9d77af695c0b6b1cdf0.bin,[1]
1595,bc8d5f0df66b3724477901eca39c9271e74b304e.bin,66,3,datacopy/UCSB.JP/data_feed.geo_japan_6m_public_flag/b/c/8/bc8d5f0df66b3724477901eca39c9271e74b304e.bin,"[3, 1]"
1596,386961b7d0f37b0c931d6022e3360f6d58b51816.bin,66,2056,datacopy/UCSB.JP/data_feed.geo_japan_6m_public_flag/3/8/6/386961b7d0f37b0c931d6022e3360f6d58b51816.bin,"[3, 1]"
1597,c75f5aca2df03cc05f0f153632cac566a04fbe04.bin,66,3,datacopy/UCSB.JP/data_feed.geo_japan_6m_public_flag/c/7/5/c75f5aca2df03cc05f0f153632cac566a04fbe04.bin,"[3, 1]"
1598,08d40e68e96f6fe641aa738ad9e75a6a83e8510a.bin,66,3,datacopy/UCSB.JP/data_feed.geo_japan_6m_public_flag/0/8/d/08d40e68e96f6fe641aa738ad9e75a6a83e8510a.bin,"[3, 1]"
1599,7c5615088f59e9adfd03ada91a95c4df1bfeecd1.bin,66,2056,datacopy/UCSB.JP/data_feed.geo_japan_6m_public_flag/7/c/5/7c5615088f59e9adfd03ada91a95c4df1bfeecd1.bin,"[3, 1]"
1600,b764d639e8903a2b11f9188bddb37b82774e8fd1.bin,69,1216,datacopy/UCSB.JP/data_feed.geo_japan_6m_public_flag/b/7/6/b764d639e8903a2b11f9188bddb37b82774e8fd1.bin,[3]
1601,70e93fa6b9e98cf985e1ac47eadc5aee04f571c4.bin,69,1216,datacopy/UCSB.JP/data_feed.geo_japan_6m_public_flag/7/0/e/70e93fa6b9e98cf985e1ac47eadc5aee04f571c4.bin,[3]
1602,b32163375e6200eefd69dcdecfec08192da9e390.bin,69,1216,datacopy/UCSB/b32163375e6200eefd69dcdecfec08192da9e390.bin,[3]
1603,ac444de2d53866e17a86c3ab73a72cee7285eb96.bin,69,1216,datacopy/UCSB/ac444de2d53866e17a86c3ab73a72cee7285eb96.bin,[3]
1604,826bd357602ec9f5c85cdc3b3cdd77a297fa2ed9.bin,69,1216,datacopy/UCSB/826bd357602ec9f5c85cdc3b3cdd77a297fa2ed9.bin,[3]
1605,721fe735bddf3045cf91da642657731cadacb99f.bin,69,1216,datacopy/UCSB/721fe735bddf3045cf91da642657731cadacb99f.bin,[3]
1606,841a67735cb60388f2234137651a573fc22edc7e.bin,69,1216,datacopy/UCSB/841a67735cb60388f2234137651a573fc22edc7e.bin,[3]
1607,5b857a97c41146b7d582ce570e54552092e0e79a.bin,69,1216,datacopy/UCSB/5b857a97c41146b7d582ce570e54552092e0e79a.bin,[3]
1608,a2eeadefa26806a369fa275e7b6ba2ce84b7364e.bin,69,1216,datacopy/UCSB/a2eeadefa26806a369fa275e7b6ba2ce84b7364e.bin,[3]
1609,1ac3b55d1f5dc03a6efdf159d6590d593c523f09.bin,69,1216,datacopy/UCSB/1ac3b55d1f5dc03a6efdf159d6590d593c523f09.bin,[3]
1610,9de47f95fccde1e0920865201383b0b1aa252c51.bin,69,1216,datacopy/UCSB/9de47f95fccde1e0920865201383b0b1aa252c51.bin,[3]
1611,31f72418ed907c177ec7acff883186dfcfd4366a.bin,69,1216,datacopy/UCSB/31f72418ed907c177ec7acff883186dfcfd4366a.bin,[3]
1612,b76a7e78292b5306fb8949d1c51c3b6c69095e4a.bin,69,1216,datacopy/UCSB/b76a7e78292b5306fb8949d1c51c3b6c69095e4a.bin,[3]
1613,84bf90abb42af96cc1bc8d4dd8c02de4fdecfbca.bin,69,1216,datacopy/UCSB/84bf90abb42af96cc1bc8d4dd8c02de4fdecfbca.bin,[3]
1614,59233019e074332ae4b589b3c85f34105facafcf.bin,69,1216,datacopy/UCSB/59233019e074332ae4b589b3c85f34105facafcf.bin,[3]
1615,341721d02c7cb4d94e583fb9e4b2b95606242add.bin,69,1216,datacopy/UCSB/341721d02c7cb4d94e583fb9e4b2b95606242add.bin,[3]
1616,6f17d56c5db2784e20f530f8c55d876b876e4df6.bin,69,1216,datacopy/UCSB/6f17d56c5db2784e20f530f8c55d876b876e4df6.bin,[3]
1617,2d4f84f6443b82bdcab50da61a864689f1d35bb9.bin,69,1216,datacopy/UCSB/2d4f84f6443b82bdcab50da61a864689f1d35bb9.bin,[3]
1618,1af6673c2dc19bc9aca7081b48d45e5585d69120.bin,69,1216,datacopy/UCSB/1af6673c2dc19bc9aca7081b48d45e5585d69120.bin,[3]
1619,5bcabaef61adc522b990dc1d54678097e876bcb3.bin,69,1216,datacopy/UCSB/5bcabaef61adc522b990dc1d54678097e876bcb3.bin,[3]
1620,a6e91b7fb4a4f042b454afd32365872141109161.bin,69,1216,datacopy/UCSB/a6e91b7fb4a4f042b454afd32365872141109161.bin,[3]
1621,6af29827f62cf381ca650d43b7c8e78d5248598a.bin,69,1216,datacopy/UCSB/6af29827f62cf381ca650d43b7c8e78d5248598a.bin,[3]
1622,b593fcd289dd36f41be81b26b5685f1e59da38c2.bin,69,1216,datacopy/UCSB/b593fcd289dd36f41be81b26b5685f1e59da38c2.bin,[3]
1623,fa587d561ab78ce424822c23e00cd95f9f4a3a20.bin,69,1216,datacopy/UCSB/fa587d561ab78ce424822c23e00cd95f9f4a3a20.bin,[3]
1624,97cc271f86070275f1f2a42f3028ac01fc8fad74.bin,69,1216,datacopy/UCSB/97cc271f86070275f1f2a42f3028ac01fc8fad74.bin,[3]
1625,09cc23a58894ce013286dbede631a04624d737bcd128d233743342fdab3208bd,69,1216,datacopy/Stefano/09cc23a58894ce013286dbede631a04624d737bcd128d233743342fdab3208bd,[3]
1626,cd1ab7768af8646c5a2ee58bf31d86a273f9645fc8bb78ce11fa5c2f9061570b,69,1216,datacopy/Stefano/cd1ab7768af8646c5a2ee58bf31d86a273f9645fc8bb78ce11fa5c2f9061570b,[3]
1627,d1d2a21cf06a0d91a6d88be466a7dff29e60715b6787c1b52553a2135e141cc5,69,1216,datacopy/Stefano/d1d2a21cf06a0d91a6d88be466a7dff29e60715b6787c1b52553a2135e141cc5,[3]
1628,457859ab972d789bfed78da82fbc54aaccebb1e7ef1002410253239fec341e7a,69,1216,datacopy/Stefano/457859ab972d789bfed78da82fbc54aaccebb1e7ef1002410253239fec341e7a,[3]
1629,88c8fe8a6d9b9b46cf75093403cc45c154db1f02003b52258cf3ddbbea0db9ab,69,1216,datacopy/Stefano/88c8fe8a6d9b9b46cf75093403cc45c154db1f02003b52258cf3ddbbea0db9ab,[3]
1630,7800695ef764a1ef8a7d3f506c0fe7ee5a67f44be7eb0135fe7fcde304e47997,69,1216,datacopy/Stefano/7800695ef764a1ef8a7d3f506c0fe7ee5a67f44be7eb0135fe7fcde304e47997,[3]
1631,b2f30eb060848b07bde3ee5d00dfed0065fbbc3069b5f98b263f2128ef0ff3f8,69,1216,datacopy/Stefano/b2f30eb060848b07bde3ee5d00dfed0065fbbc3069b5f98b263f2128ef0ff3f8,[3]
1632,4df55d2230a51c954bf7cb5eeea89559df56b71d5b0ee2af57eb770fa0508bcc,69,1216,datacopy/Stefano/4df55d2230a51c954bf7cb5eeea89559df56b71d5b0ee2af57eb770fa0508bcc,[3]
1633,ff8f29a282f86efff9bb755ff608842e0e05ce372454ed073e8fc85c99044818,69,1216,datacopy/Stefano/ff8f29a282f86efff9bb755ff608842e0e05ce372454ed073e8fc85c99044818,[3]
1634,3aa7d02bef485987d92fa65208c8d06bd6029077.bin,70,3,datacopy/UCSB.JP/data_feed.geo_japan_6m_public_flag/3/a/a/3aa7d02bef485987d92fa65208c8d06bd6029077.bin,"[3, 26, 137, 1, 1, 34]"
1635,616dd8a5d7cf4d177c07e35350c283f319b94e46.codex,70,730,datacopy/CodexGiga/616dd8a5d7cf4d177c07e35350c283f319b94e46.codex,"[3, 26, 137, 1, 1, 34]"
1636,09b3a1e9dd664496a2f81a1c894ad728a6914639.codex,70,4,datacopy/CodexGiga/09b3a1e9dd664496a2f81a1c894ad728a6914639.codex,"[3, 26, 137, 1, 1, 34]"
1637,9fc73f3797cc8d4d122e1383720e4ff3060c772f.codex,70,730,datacopy/CodexGiga/9fc73f3797cc8d4d122e1383720e4ff3060c772f.codex,"[3, 26, 137, 1, 1, 34]"
1638,33bb329902a97bcab9f96a275043bf22ce6a2f1a.codex,70,814,datacopy/CodexGiga/33bb329902a97bcab9f96a275043bf22ce6a2f1a.codex,"[3, 26, 137, 1, 1, 34]"
1639,cf4625c42d00ddfa38dcd3b2f226f8ba0af5f539.codex,70,922,datacopy/CodexGiga/cf4625c42d00ddfa38dcd3b2f226f8ba0af5f539.codex,"[3, 26, 137, 1, 1, 34]"
1640,847a83f361e459d6aaa892644ba1e71d9609b55b.codex,70,730,datacopy/CodexGiga/847a83f361e459d6aaa892644ba1e71d9609b55b.codex,"[3, 26, 137, 1, 1, 34]"
1641,1afcf477db6534feeae4d346c067ed53482c4643.codex,70,779,datacopy/CodexGiga/1afcf477db6534feeae4d346c067ed53482c4643.codex,"[3, 26, 137, 1, 1, 34]"
1642,1cff25bcd38b389436e66a357d90f27589ae21cb.codex,70,730,datacopy/CodexGiga/1cff25bcd38b389436e66a357d90f27589ae21cb.codex,"[3, 26, 137, 1, 1, 34]"
1643,8d941454c00dcd5d030d10e85e19f22ddeaa2276.codex,70,4,datacopy/CodexGiga/8d941454c00dcd5d030d10e85e19f22ddeaa2276.codex,"[3, 26, 137, 1, 1, 34]"
1644,3ac6cbe4982afbf0143309f4d8e9ceaa053b61d1.bin,72,1944,datacopy/UCSB.JP/data_feed.geo_japan_6m_public_flag/3/a/c/3ac6cbe4982afbf0143309f4d8e9ceaa053b61d1.bin,"[2, 1, 7]"
1645,9dcf2e81e0858ff789064514164c8aa54e2bae59.bin,72,1944,datacopy/UCSB.JP/data_feed.geo_japan_6m_public_flag/9/d/c/9dcf2e81e0858ff789064514164c8aa54e2bae59.bin,"[2, 1, 7]"
1646,2ae2a8016c64152769d356efed7be5b4021ea26f.bin,72,2080,datacopy/UCSB.JP/data_feed.geo_japan_6m_public_flag/2/a/e/2ae2a8016c64152769d356efed7be5b4021ea26f.bin,"[2, 1, 7]"
1647,2c4e5a0049d30f014ea6908e47258613b1985c1f.bin,72,284,datacopy/UCSB.JP/data_feed.geo_japan_6m_public_flag/2/c/4/2c4e5a0049d30f014ea6908e47258613b1985c1f.bin,"[2, 1, 7]"
1648,14d1d5efa2aa717c62f20c63722511ceadad5acf.bin,72,2080,datacopy/UCSB.JP/data_feed.geo_japan_6m_public_flag/1/4/d/14d1d5efa2aa717c62f20c63722511ceadad5acf.bin,"[2, 1, 7]"
1649,f0ba55855d66e041aa332ccd7de4664108756043.bin,72,1944,datacopy/UCSB.JP/data_feed.geo_japan_6m_public_flag/f/0/b/f0ba55855d66e041aa332ccd7de4664108756043.bin,"[2, 1, 7]"
1650,cdc99368e3e6a8cf1a9fb44c953fed9c295b001d.bin,72,2080,datacopy/UCSB.JP/data_feed.geo_japan_6m_public_flag/c/d/c/cdc99368e3e6a8cf1a9fb44c953fed9c295b001d.bin,"[2, 1, 7]"
1651,cc9a98e2d4bbd125d671ba7f4c8fedc01f1c44f8.bin,72,1944,datacopy/UCSB.JP/data_feed.geo_japan_6m_public_flag/c/c/9/cc9a98e2d4bbd125d671ba7f4c8fedc01f1c44f8.bin,"[2, 1, 7]"
1652,0aa69326c177c5b3e19c402c8e08ea73a562f61f.bin,72,1944,datacopy/UCSB.JP/data_feed.geo_japan_6m_public_flag/0/a/a/0aa69326c177c5b3e19c402c8e08ea73a562f61f.bin,"[2, 1, 7]"
1653,0eed3bc7dd30fda2bd38f29ee79c6c0916afa509.bin,72,2080,datacopy/UCSB.JP/data_feed.geo_japan_6m_public_flag/0/e/e/0eed3bc7dd30fda2bd38f29ee79c6c0916afa509.bin,"[2, 1, 7]"
1654,74c957ccf2a3d13765c0e6495ee0dd54778c2b14.bin,72,1944,datacopy/UCSB.JP/data_feed.geo_japan_6m_public_flag/7/4/c/74c957ccf2a3d13765c0e6495ee0dd54778c2b14.bin,"[2, 1, 7]"
1655,3486f837bb6e9cc97bf6868f20233be4e90cd894.bin,76,1341,datacopy/UCSB.JP/data_feed.geo_japan_6m_public_flag/3/4/8/3486f837bb6e9cc97bf6868f20233be4e90cd894.bin,[1]
1656,d7a1c152c434aee9f30042025ff2f36272d8e9d1.bin,76,1341,datacopy/UCSB.JP/data_feed.geo_japan_6m_public_flag/d/7/a/d7a1c152c434aee9f30042025ff2f36272d8e9d1.bin,[1]
1657,5252bf33c3e723087a91b94170378218ab72944f.bin,76,1341,datacopy/UCSB.JP/data_feed.geo_japan_6m_public_flag/5/2/5/5252bf33c3e723087a91b94170378218ab72944f.bin,[1]
1658,50025a2ba1cb32c7921fe9cabafb691b673e85ff.bin,76,1341,datacopy/UCSB.JP/data_feed.geo_japan_6m_public_flag/5/0/0/50025a2ba1cb32c7921fe9cabafb691b673e85ff.bin,[1]
1659,49d96ea10145976d3bab65ee6065c4f189483636.bin,76,1341,datacopy/UCSB.JP/data_feed.geo_japan_6m_public_flag/4/9/d/49d96ea10145976d3bab65ee6065c4f189483636.bin,[1]
1660,7fe1c9d12c4a367f8266273d2faf302434549eb0.bin,76,1341,datacopy/UCSB.JP/data_feed.geo_japan_6m_public_flag/7/f/e/7fe1c9d12c4a367f8266273d2faf302434549eb0.bin,[1]
1661,a916faabcb7b1cd921ef29334377456af7d913f4.bin,80,1532,datacopy/UCSB.JP/data_feed.geo_japan_6m_public_flag/a/9/1/a916faabcb7b1cd921ef29334377456af7d913f4.bin,"[3, 95, 226, 1]"
1662,98195f56f24f84b650904cf1dfcd8f5072f62939.bin,80,694,datacopy/UCSB.JP/data_feed.geo_japan_6m_public_flag/9/8/1/98195f56f24f84b650904cf1dfcd8f5072f62939.bin,"[3, 95, 226, 1]"
1663,21868a7d63acce572bc5f285beb1cf47e2a13fb3.bin,80,694,datacopy/UCSB.JP/data_feed.geo_japan_6m_public_flag/2/1/8/21868a7d63acce572bc5f285beb1cf47e2a13fb3.bin,"[3, 95, 226, 1]"
1664,20e0d61e70fbec68624fe6db3af2dda7e64980de.bin,80,53,datacopy/UCSB.JP/data_feed.geo_japan_6m_public_flag/2/0/e/20e0d61e70fbec68624fe6db3af2dda7e64980de.bin,"[3, 95, 226, 1]"
1665,d6c27032866504097b9468a63333a6eda1e658ba.bin,80,1532,datacopy/UCSB.JP/data_feed.geo_japan_6m_public_flag/d/6/c/d6c27032866504097b9468a63333a6eda1e658ba.bin,"[3, 95, 226, 1]"
1666,c79e6e3f51c877eaff715e892bc4ed07822cc24c.bin,80,1532,datacopy/UCSB.JP/data_feed.geo_japan_6m_public_flag/c/7/9/c79e6e3f51c877eaff715e892bc4ed07822cc24c.bin,"[3, 95, 226, 1]"
1667,4a04c3c1dd2d0faa4d728a2600de15fa661b1075.bin,80,694,datacopy/UCSB.JP/data_feed.geo_japan_6m_public_flag/4/a/0/4a04c3c1dd2d0faa4d728a2600de15fa661b1075.bin,"[3, 95, 226, 1]"
1668,bcbb9fb71f0b8a94d8b7d7c42f6ae6275d1c8a5f.bin,80,1532,datacopy/UCSB/bcbb9fb71f0b8a94d8b7d7c42f6ae6275d1c8a5f.bin,"[3, 95, 226, 1]"
1669,ac018ea9f73a42ecca818cd3b1b19c8adc4d2269.bin,80,1532,datacopy/UCSB/ac018ea9f73a42ecca818cd3b1b19c8adc4d2269.bin,"[3, 95, 226, 1]"
1670,d3c837a2ff52e620d70d65801d9581424ea462b3.bin,80,1532,datacopy/UCSB/d3c837a2ff52e620d70d65801d9581424ea462b3.bin,"[3, 95, 226, 1]"
1671,4cb0a3ac795f282d956c34439565d0141757dd59.bin,80,1513,datacopy/UCSB/4cb0a3ac795f282d956c34439565d0141757dd59.bin,"[3, 95, 226, 1]"
1672,b4193d9a3e0df4e626c1784449c99a848af380c2.bin,80,1532,datacopy/UCSB/b4193d9a3e0df4e626c1784449c99a848af380c2.bin,"[3, 95, 226, 1]"
1673,9142019621d2540a3f0c00650bb14305bdd23526.bin,86,3,datacopy/UCSB.JP/data_feed.geo_japan_6m_public_flag/9/1/4/9142019621d2540a3f0c00650bb14305bdd23526.bin,"[3, 1, 2, 1, 5, 90, 30, 157, 176, 286, 19, 61, 1, 9, 347, 543, 6, 24, 742, 453, 57, 4, 43, 414, 10, 564, 8, 114, 592, 503]"
1674,074058a20bfd62a83e96b4b7f6f332b29d3f000b.bin,86,3,datacopy/UCSB/074058a20bfd62a83e96b4b7f6f332b29d3f000b.bin,"[3, 1, 2, 1, 5, 90, 30, 157, 176, 286, 19, 61, 1, 9, 347, 543, 6, 24, 742, 453, 57, 4, 43, 414, 10, 564, 8, 114, 592, 503]"
1675,1d8dae03a65f355bcdb213a38f996f78b2838833.bin,86,3,datacopy/UCSB/1d8dae03a65f355bcdb213a38f996f78b2838833.bin,"[3, 1, 2, 1, 5, 90, 30, 157, 176, 286, 19, 61, 1, 9, 347, 543, 6, 24, 742, 453, 57, 4, 43, 414, 10, 564, 8, 114, 592, 503]"
1676,b32f00e0fd7ccfa1af49b6e3134e0893f8e9bf27.bin,86,3,datacopy/UCSB/b32f00e0fd7ccfa1af49b6e3134e0893f8e9bf27.bin,"[3, 1, 2, 1, 5, 90, 30, 157, 176, 286, 19, 61, 1, 9, 347, 543, 6, 24, 742, 453, 57, 4, 43, 414, 10, 564, 8, 114, 592, 503]"
1677,6e6627c70e0de1536baffbc34f3dc6c709ccc7ce.bin,86,1670,datacopy/UCSB/6e6627c70e0de1536baffbc34f3dc6c709ccc7ce.bin,"[3, 1, 2, 1, 5, 90, 30, 157, 176, 286, 19, 61, 1, 9, 347, 543, 6, 24, 742, 453, 57, 4, 43, 414, 10, 564, 8, 114, 592, 503]"
1678,HdDLfV.exe,86,3,datacopy/BB/Files/2014-10-30/HdDLfV.exe,"[3, 1, 2, 1, 5, 90, 30, 157, 176, 286, 19, 61, 1, 9, 347, 543, 6, 24, 742, 453, 57, 4, 43, 414, 10, 564, 8, 114, 592, 503]"
1679,DETALHES_SCR_DOC.exe,86,3,datacopy/BB/Files/2014-10-30/DETALHES_SCR_DOC.exe,"[3, 1, 2, 1, 5, 90, 30, 157, 176, 286, 19, 61, 1, 9, 347, 543, 6, 24, 742, 453, 57, 4, 43, 414, 10, 564, 8, 114, 592, 503]"
1680,Comprovante_nfe.exe,86,2,datacopy/BB/Files/2014-10-30/Comprovante_nfe.exe,"[3, 1, 2, 1, 5, 90, 30, 157, 176, 286, 19, 61, 1, 9, 347, 543, 6, 24, 742, 453, 57, 4, 43, 414, 10, 564, 8, 114, 592, 503]"
1681,cleosvaldo2061.exe,86,3,datacopy/BB/Files/2015-08-12/cleosvaldo2061.exe,"[3, 1, 2, 1, 5, 90, 30, 157, 176, 286, 19, 61, 1, 9, 347, 543, 6, 24, 742, 453, 57, 4, 43, 414, 10, 564, 8, 114, 592, 503]"
1682,vsNDv.exe.exe,86,3,datacopy/BB/Files/2015-08-12/vsNDv.exe.exe,"[3, 1, 2, 1, 5, 90, 30, 157, 176, 286, 19, 61, 1, 9, 347, 543, 6, 24, 742, 453, 57, 4, 43, 414, 10, 564, 8, 114, 592, 503]"
1683,Visualizar_Debito_ReceitaFederal-221451_2015.exe,86,3,datacopy/BB/Files/2015-08-12/Visualizar_Debito_ReceitaFederal-221451_2015.exe,"[3, 1, 2, 1, 5, 90, 30, 157, 176, 286, 19, 61, 1, 9, 347, 543, 6, 24, 742, 453, 57, 4, 43, 414, 10, 564, 8, 114, 592, 503]"
1684,cleosvaldo9913.exe,86,3,datacopy/BB/Files/2015-08-12/cleosvaldo9913.exe,"[3, 1, 2, 1, 5, 90, 30, 157, 176, 286, 19, 61, 1, 9, 347, 543, 6, 24, 742, 453, 57, 4, 43, 414, 10, 564, 8, 114, 592, 503]"
1685,adobereader.exe,86,3,datacopy/BB/Files/2015-01-12/adobereader.exe,"[3, 1, 2, 1, 5, 90, 30, 157, 176, 286, 19, 61, 1, 9, 347, 543, 6, 24, 742, 453, 57, 4, 43, 414, 10, 564, 8, 114, 592, 503]"
1686,wissytem.exe,86,3,datacopy/BB/Files/2015-01-12/wissytem.exe,"[3, 1, 2, 1, 5, 90, 30, 157, 176, 286, 19, 61, 1, 9, 347, 543, 6, 24, 742, 453, 57, 4, 43, 414, 10, 564, 8, 114, 592, 503]"
1687,ReciboTAM0394A_136144856.exe,86,2,datacopy/BB/Files/2015-02-03/ReciboTAM0394A_136144856.exe,"[3, 1, 2, 1, 5, 90, 30, 157, 176, 286, 19, 61, 1, 9, 347, 543, 6, 24, 742, 453, 57, 4, 43, 414, 10, 564, 8, 114, 592, 503]"
1688,Vale-Presente0007317319.exe,86,110,datacopy/BB/Files/2015-04-28/Vale-Presente0007317319.exe,"[3, 1, 2, 1, 5, 90, 30, 157, 176, 286, 19, 61, 1, 9, 347, 543, 6, 24, 742, 453, 57, 4, 43, 414, 10, 564, 8, 114, 592, 503]"
1689,Adblocks.exe,86,111,datacopy/BB/Files/2015-04-28/Adblocks.exe,"[3, 1, 2, 1, 5, 90, 30, 157, 176, 286, 19, 61, 1, 9, 347, 543, 6, 24, 742, 453, 57, 4, 43, 414, 10, 564, 8, 114, 592, 503]"
1690,wZQbewlUJ.exe,86,3,datacopy/BB/Files/2015-02-05/wZQbewlUJ.exe,"[3, 1, 2, 1, 5, 90, 30, 157, 176, 286, 19, 61, 1, 9, 347, 543, 6, 24, 742, 453, 57, 4, 43, 414, 10, 564, 8, 114, 592, 503]"
1691,systendrive.exe,86,113,datacopy/BB/Files/2015-02-05/systendrive.exe,"[3, 1, 2, 1, 5, 90, 30, 157, 176, 286, 19, 61, 1, 9, 347, 543, 6, 24, 742, 453, 57, 4, 43, 414, 10, 564, 8, 114, 592, 503]"
1692,Recibo3940A0C4_99726345278643849247816009.exe,86,2,datacopy/BB/Files/2015-02-05/Recibo3940A0C4_99726345278643849247816009.exe,"[3, 1, 2, 1, 5, 90, 30, 157, 176, 286, 19, 61, 1, 9, 347, 543, 6, 24, 742, 453, 57, 4, 43, 414, 10, 564, 8, 114, 592, 503]"
1693,mthBrLmsh.exe,86,2,datacopy/BB/Files/2015-02-05/mthBrLmsh.exe,"[3, 1, 2, 1, 5, 90, 30, 157, 176, 286, 19, 61, 1, 9, 347, 543, 6, 24, 742, 453, 57, 4, 43, 414, 10, 564, 8, 114, 592, 503]"
1694,Cupom_Promocional.exe,86,2,datacopy/BB/Files/2015-01-22/Cupom_Promocional.exe,"[3, 1, 2, 1, 5, 90, 30, 157, 176, 286, 19, 61, 1, 9, 347, 543, 6, 24, 742, 453, 57, 4, 43, 414, 10, 564, 8, 114, 592, 503]"
1695,update_java.exe,86,3,datacopy/BB/Files/2015-01-22/update_java.exe,"[3, 1, 2, 1, 5, 90, 30, 157, 176, 286, 19, 61, 1, 9, 347, 543, 6, 24, 742, 453, 57, 4, 43, 414, 10, 564, 8, 114, 592, 503]"
1696,18_01_moto.zip.exe,86,2,datacopy/BB/Files/2015-01-22/18_01_moto.zip.exe,"[3, 1, 2, 1, 5, 90, 30, 157, 176, 286, 19, 61, 1, 9, 347, 543, 6, 24, 742, 453, 57, 4, 43, 414, 10, 564, 8, 114, 592, 503]"
1697,Depoimento-004-987.exe,86,2,datacopy/BB/Files/2015-02-23/Depoimento-004-987.exe,"[3, 1, 2, 1, 5, 90, 30, 157, 176, 286, 19, 61, 1, 9, 347, 543, 6, 24, 742, 453, 57, 4, 43, 414, 10, 564, 8, 114, 592, 503]"
1698,Documentos.PDF..........................................................................exe,86,2,datacopy/BB/Files/2014-12-02/Documentos.PDF..........................................................................exe,"[3, 1, 2, 1, 5, 90, 30, 157, 176, 286, 19, 61, 1, 9, 347, 543, 6, 24, 742, 453, 57, 4, 43, 414, 10, 564, 8, 114, 592, 503]"
1699,defm.exe,86,3,datacopy/BB/Files/2017-05-11/defm.exe,"[3, 1, 2, 1, 5, 90, 30, 157, 176, 286, 19, 61, 1, 9, 347, 543, 6, 24, 742, 453, 57, 4, 43, 414, 10, 564, 8, 114, 592, 503]"
1700,cleosvaldo5416.exe,86,64,datacopy/BB/Files/2015-08-14/cleosvaldo5416.exe,"[3, 1, 2, 1, 5, 90, 30, 157, 176, 286, 19, 61, 1, 9, 347, 543, 6, 24, 742, 453, 57, 4, 43, 414, 10, 564, 8, 114, 592, 503]"
1701,cleosvaldo6021.exe,86,64,datacopy/BB/Files/2015-08-14/cleosvaldo6021.exe,"[3, 1, 2, 1, 5, 90, 30, 157, 176, 286, 19, 61, 1, 9, 347, 543, 6, 24, 742, 453, 57, 4, 43, 414, 10, 564, 8, 114, 592, 503]"
1702,Visualizar-NF-Eletronica007832611032_rnd.exe,86,2,datacopy/BB/Files/2015-01-20/Visualizar-NF-Eletronica007832611032_rnd.exe,"[3, 1, 2, 1, 5, 90, 30, 157, 176, 286, 19, 61, 1, 9, 347, 543, 6, 24, 742, 453, 57, 4, 43, 414, 10, 564, 8, 114, 592, 503]"
1703,rViprXNHXceN.exe,86,3,datacopy/BB/Files/2015-05-22/rViprXNHXceN.exe,"[3, 1, 2, 1, 5, 90, 30, 157, 176, 286, 19, 61, 1, 9, 347, 543, 6, 24, 742, 453, 57, 4, 43, 414, 10, 564, 8, 114, 592, 503]"
1704,Comprovante-TransaÃ§ao.exe,86,3,datacopy/BB/Files/2015-05-22/Comprovante-TransaÃ§ao.exe,"[3, 1, 2, 1, 5, 90, 30, 157, 176, 286, 19, 61, 1, 9, 347, 543, 6, 24, 742, 453, 57, 4, 43, 414, 10, 564, 8, 114, 592, 503]"
1705,CwYCBoV.exe.exe,86,3,datacopy/BB/Files/2015-10-01/CwYCBoV.exe.exe,"[3, 1, 2, 1, 5, 90, 30, 157, 176, 286, 19, 61, 1, 9, 347, 543, 6, 24, 742, 453, 57, 4, 43, 414, 10, 564, 8, 114, 592, 503]"
1706,Comprovante_Fiscal_093892000001.exe,86,157,datacopy/BB/Files/2015-10-01/Comprovante_Fiscal_093892000001.exe,"[3, 1, 2, 1, 5, 90, 30, 157, 176, 286, 19, 61, 1, 9, 347, 543, 6, 24, 742, 453, 57, 4, 43, 414, 10, 564, 8, 114, 592, 503]"
1707,windnt.exe,86,3,datacopy/BB/Files/2015-10-01/windnt.exe,"[3, 1, 2, 1, 5, 90, 30, 157, 176, 286, 19, 61, 1, 9, 347, 543, 6, 24, 742, 453, 57, 4, 43, 414, 10, 564, 8, 114, 592, 503]"
1708,2_via_do_seu_boleto.exe,86,2,datacopy/BB/Files/2015-10-01/2_via_do_seu_boleto.exe,"[3, 1, 2, 1, 5, 90, 30, 157, 176, 286, 19, 61, 1, 9, 347, 543, 6, 24, 742, 453, 57, 4, 43, 414, 10, 564, 8, 114, 592, 503]"
1709,Boleto-09861.exe,86,2,datacopy/BB/Files/2014-12-17/Boleto-09861.exe,"[3, 1, 2, 1, 5, 90, 30, 157, 176, 286, 19, 61, 1, 9, 347, 543, 6, 24, 742, 453, 57, 4, 43, 414, 10, 564, 8, 114, 592, 503]"
1710,14_12_homer.zip.exe,86,3,datacopy/BB/Files/2014-12-17/14_12_homer.zip.exe,"[3, 1, 2, 1, 5, 90, 30, 157, 176, 286, 19, 61, 1, 9, 347, 543, 6, 24, 742, 453, 57, 4, 43, 414, 10, 564, 8, 114, 592, 503]"
1711,sisvc.exe,86,3,datacopy/BB/Files/2014-12-17/sisvc.exe,"[3, 1, 2, 1, 5, 90, 30, 157, 176, 286, 19, 61, 1, 9, 347, 543, 6, 24, 742, 453, 57, 4, 43, 414, 10, 564, 8, 114, 592, 503]"
1712,N2014050177_pdf02.exe.EXE,86,2,datacopy/BB/Files/2014-12-17/N2014050177_pdf02.exe.EXE,"[3, 1, 2, 1, 5, 90, 30, 157, 176, 286, 19, 61, 1, 9, 347, 543, 6, 24, 742, 453, 57, 4, 43, 414, 10, 564, 8, 114, 592, 503]"
1713,Cobranca_protesto.exe,86,176,datacopy/BB/Files/2014-08-22/Cobranca_protesto.exe,"[3, 1, 2, 1, 5, 90, 30, 157, 176, 286, 19, 61, 1, 9, 347, 543, 6, 24, 742, 453, 57, 4, 43, 414, 10, 564, 8, 114, 592, 503]"
1714,1869_82441_directDownload_true.exe,86,2,datacopy/BB/Files/2014-08-22/1869_82441_directDownload_true.exe,"[3, 1, 2, 1, 5, 90, 30, 157, 176, 286, 19, 61, 1, 9, 347, 543, 6, 24, 742, 453, 57, 4, 43, 414, 10, 564, 8, 114, 592, 503]"
1715,LLbPNELo.exe,86,3,datacopy/BB/Files/2015-05-04/LLbPNELo.exe,"[3, 1, 2, 1, 5, 90, 30, 157, 176, 286, 19, 61, 1, 9, 347, 543, 6, 24, 742, 453, 57, 4, 43, 414, 10, 564, 8, 114, 592, 503]"
1716,NF_Eletronica_0013533PDF.exe,86,2,datacopy/BB/Files/2014-09-30/NF_Eletronica_0013533PDF.exe,"[3, 1, 2, 1, 5, 90, 30, 157, 176, 286, 19, 61, 1, 9, 347, 543, 6, 24, 742, 453, 57, 4, 43, 414, 10, 564, 8, 114, 592, 503]"
1717,WattVideoCh002.mp4.exe,86,2,datacopy/BB/Files/2015-09-16/WattVideoCh002.mp4.exe,"[3, 1, 2, 1, 5, 90, 30, 157, 176, 286, 19, 61, 1, 9, 347, 543, 6, 24, 742, 453, 57, 4, 43, 414, 10, 564, 8, 114, 592, 503]"
1718,oJFSz.exe,86,3,datacopy/BB/Files/2014-12-04/oJFSz.exe,"[3, 1, 2, 1, 5, 90, 30, 157, 176, 286, 19, 61, 1, 9, 347, 543, 6, 24, 742, 453, 57, 4, 43, 414, 10, 564, 8, 114, 592, 503]"
1719,jfURJh.exe,86,3,datacopy/BB/Files/2014-12-04/jfURJh.exe,"[3, 1, 2, 1, 5, 90, 30, 157, 176, 286, 19, 61, 1, 9, 347, 543, 6, 24, 742, 453, 57, 4, 43, 414, 10, 564, 8, 114, 592, 503]"
1720,qwQuxxIms.exe,86,3,datacopy/BB/Files/2014-12-04/qwQuxxIms.exe,"[3, 1, 2, 1, 5, 90, 30, 157, 176, 286, 19, 61, 1, 9, 347, 543, 6, 24, 742, 453, 57, 4, 43, 414, 10, 564, 8, 114, 592, 503]"
1721,INTIMACAO-MPF.SCRHUAHUAMKSIAJUAHSJKKAJJSAHUA.exe,86,2,datacopy/BB/Files/2014-12-04/INTIMACAO-MPF.SCRHUAHUAMKSIAJUAHSJKKAJJSAHUA.exe,"[3, 1, 2, 1, 5, 90, 30, 157, 176, 286, 19, 61, 1, 9, 347, 543, 6, 24, 742, 453, 57, 4, 43, 414, 10, 564, 8, 114, 592, 503]"
1722,(e-Ticket)957-2499931817.exe,86,2,datacopy/BB/Files/2014-12-04/(e-Ticket)957-2499931817.exe,"[3, 1, 2, 1, 5, 90, 30, 157, 176, 286, 19, 61, 1, 9, 347, 543, 6, 24, 742, 453, 57, 4, 43, 414, 10, 564, 8, 114, 592, 503]"
1723,Orcamento-Planilha.com,86,2,datacopy/BB/Files/2014-09-02/Orcamento-Planilha.com,"[3, 1, 2, 1, 5, 90, 30, 157, 176, 286, 19, 61, 1, 9, 347, 543, 6, 24, 742, 453, 57, 4, 43, 414, 10, 564, 8, 114, 592, 503]"
1724,Planilha-orcamento.com,86,2,datacopy/BB/Files/2014-09-02/Planilha-orcamento.com,"[3, 1, 2, 1, 5, 90, 30, 157, 176, 286, 19, 61, 1, 9, 347, 543, 6, 24, 742, 453, 57, 4, 43, 414, 10, 564, 8, 114, 592, 503]"
1725,NF-e_981031_xml.exe,86,2,datacopy/BB/Files/2014-10-15/NF-e_981031_xml.exe,"[3, 1, 2, 1, 5, 90, 30, 157, 176, 286, 19, 61, 1, 9, 347, 543, 6, 24, 742, 453, 57, 4, 43, 414, 10, 564, 8, 114, 592, 503]"
1726,NF-e_13533.exe,86,2,datacopy/BB/Files/2014-10-15/NF-e_13533.exe,"[3, 1, 2, 1, 5, 90, 30, 157, 176, 286, 19, 61, 1, 9, 347, 543, 6, 24, 742, 453, 57, 4, 43, 414, 10, 564, 8, 114, 592, 503]"
1727,CONSULTA.exe,86,38,datacopy/BB/Files/2014-10-15/CONSULTA.exe,"[3, 1, 2, 1, 5, 90, 30, 157, 176, 286, 19, 61, 1, 9, 347, 543, 6, 24, 742, 453, 57, 4, 43, 414, 10, 564, 8, 114, 592, 503]"
1728,wndsxxp.exe,86,111,datacopy/BB/Files/2015-03-11/wndsxxp.exe,"[3, 1, 2, 1, 5, 90, 30, 157, 176, 286, 19, 61, 1, 9, 347, 543, 6, 24, 742, 453, 57, 4, 43, 414, 10, 564, 8, 114, 592, 503]"
1729,TcqNezoPmmWRBw.exe,86,3,datacopy/BB/Files/2014-11-07/TcqNezoPmmWRBw.exe,"[3, 1, 2, 1, 5, 90, 30, 157, 176, 286, 19, 61, 1, 9, 347, 543, 6, 24, 742, 453, 57, 4, 43, 414, 10, 564, 8, 114, 592, 503]"
1730,04_11_homer.jpg.exe,86,3,datacopy/BB/Files/2014-11-07/04_11_homer.jpg.exe,"[3, 1, 2, 1, 5, 90, 30, 157, 176, 286, 19, 61, 1, 9, 347, 543, 6, 24, 742, 453, 57, 4, 43, 414, 10, 564, 8, 114, 592, 503]"
1731,XnhvNaoHuPAyDC.exe,86,3,datacopy/BB/Files/2015-06-09/XnhvNaoHuPAyDC.exe,"[3, 1, 2, 1, 5, 90, 30, 157, 176, 286, 19, 61, 1, 9, 347, 543, 6, 24, 742, 453, 57, 4, 43, 414, 10, 564, 8, 114, 592, 503]"
1732,Nota_fiscal_Eletronica_0974_pdf.exe,86,2,datacopy/BB/Files/2015-03-13/Nota_fiscal_Eletronica_0974_pdf.exe,"[3, 1, 2, 1, 5, 90, 30, 157, 176, 286, 19, 61, 1, 9, 347, 543, 6, 24, 742, 453, 57, 4, 43, 414, 10, 564, 8, 114, 592, 503]"
1733,Vencimento_Hoje.PDF.exe,86,2,datacopy/BB/Files/2015-03-13/Vencimento_Hoje.PDF.exe,"[3, 1, 2, 1, 5, 90, 30, 157, 176, 286, 19, 61, 1, 9, 347, 543, 6, 24, 742, 453, 57, 4, 43, 414, 10, 564, 8, 114, 592, 503]"
1734,ÃO_AUTO_E_RESIDENCIA.PDF.exe,86,101,datacopy/BB/Files/2015-03-13/ÃO_AUTO_E_RESIDENCIA.PDF.exe,"[3, 1, 2, 1, 5, 90, 30, 157, 176, 286, 19, 61, 1, 9, 347, 543, 6, 24, 742, 453, 57, 4, 43, 414, 10, 564, 8, 114, 592, 503]"
1735,03_11_homer2.exe,86,3,datacopy/BB/Files/2014-11-10/03_11_homer2.exe,"[3, 1, 2, 1, 5, 90, 30, 157, 176, 286, 19, 61, 1, 9, 347, 543, 6, 24, 742, 453, 57, 4, 43, 414, 10, 564, 8, 114, 592, 503]"
1736,03_11_homer.exe,86,70,datacopy/BB/Files/2014-11-10/03_11_homer.exe,"[3, 1, 2, 1, 5, 90, 30, 157, 176, 286, 19, 61, 1, 9, 347, 543, 6, 24, 742, 453, 57, 4, 43, 414, 10, 564, 8, 114, 592, 503]"
1737,Nota-Fiscal-PDF0093302501R.exe,86,2,datacopy/BB/Files/2014-11-11/Nota-Fiscal-PDF0093302501R.exe,"[3, 1, 2, 1, 5, 90, 30, 157, 176, 286, 19, 61, 1, 9, 347, 543, 6, 24, 742, 453, 57, 4, 43, 414, 10, 564, 8, 114, 592, 503]"
1738,Intimacao_Comparecimento.exe,86,2,datacopy/BB/Files/2014-11-11/Intimacao_Comparecimento.exe,"[3, 1, 2, 1, 5, 90, 30, 157, 176, 286, 19, 61, 1, 9, 347, 543, 6, 24, 742, 453, 57, 4, 43, 414, 10, 564, 8, 114, 592, 503]"
1739,serasa201400298344.exe,86,2,datacopy/BB/Files/2014-09-08/serasa201400298344.exe,"[3, 1, 2, 1, 5, 90, 30, 157, 176, 286, 19, 61, 1, 9, 347, 543, 6, 24, 742, 453, 57, 4, 43, 414, 10, 564, 8, 114, 592, 503]"
1740,_722698544_directDownload_true.exe,86,2,datacopy/BB/Files/2014-09-08/_722698544_directDownload_true.exe,"[3, 1, 2, 1, 5, 90, 30, 157, 176, 286, 19, 61, 1, 9, 347, 543, 6, 24, 742, 453, 57, 4, 43, 414, 10, 564, 8, 114, 592, 503]"
1741,_722559454_directDownload_true.exe,86,2,datacopy/BB/Files/2014-09-08/_722559454_directDownload_true.exe,"[3, 1, 2, 1, 5, 90, 30, 157, 176, 286, 19, 61, 1, 9, 347, 543, 6, 24, 742, 453, 57, 4, 43, 414, 10, 564, 8, 114, 592, 503]"
1742,MONTANAMAN.exe,86,3,datacopy/BB/Files/2015-03-26/MONTANAMAN.exe,"[3, 1, 2, 1, 5, 90, 30, 157, 176, 286, 19, 61, 1, 9, 347, 543, 6, 24, 742, 453, 57, 4, 43, 414, 10, 564, 8, 114, 592, 503]"
1743,cleosvaldo1228.exe,86,64,datacopy/BB/Files/2015-07-28/cleosvaldo1228.exe,"[3, 1, 2, 1, 5, 90, 30, 157, 176, 286, 19, 61, 1, 9, 347, 543, 6, 24, 742, 453, 57, 4, 43, 414, 10, 564, 8, 114, 592, 503]"
1744,2Via_Boleto_23102014.com,86,3,datacopy/BB/Files/2014-10-27/2Via_Boleto_23102014.com,"[3, 1, 2, 1, 5, 90, 30, 157, 176, 286, 19, 61, 1, 9, 347, 543, 6, 24, 742, 453, 57, 4, 43, 414, 10, 564, 8, 114, 592, 503]"
1745,flashplayerplugin1.exe,86,3,datacopy/BB/Files/2014-10-13/flashplayerplugin1.exe,"[3, 1, 2, 1, 5, 90, 30, 157, 176, 286, 19, 61, 1, 9, 347, 543, 6, 24, 742, 453, 57, 4, 43, 414, 10, 564, 8, 114, 592, 503]"
1746,processo_112014.exe,86,2,datacopy/BB/Files/2014-10-13/processo_112014.exe,"[3, 1, 2, 1, 5, 90, 30, 157, 176, 286, 19, 61, 1, 9, 347, 543, 6, 24, 742, 453, 57, 4, 43, 414, 10, 564, 8, 114, 592, 503]"
1747,cleosvaldoadobeacrobat.exe,86,3,datacopy/BB/Files/2015-01-15/cleosvaldoadobeacrobat.exe,"[3, 1, 2, 1, 5, 90, 30, 157, 176, 286, 19, 61, 1, 9, 347, 543, 6, 24, 742, 453, 57, 4, 43, 414, 10, 564, 8, 114, 592, 503]"
1748,armsvc.zip.exe,86,3,datacopy/BB/Files/2015-01-15/armsvc.zip.exe,"[3, 1, 2, 1, 5, 90, 30, 157, 176, 286, 19, 61, 1, 9, 347, 543, 6, 24, 742, 453, 57, 4, 43, 414, 10, 564, 8, 114, 592, 503]"
1749,fpxCUjlAhkxBf.exe,86,3,datacopy/BB/Files/2015-06-25/fpxCUjlAhkxBf.exe,"[3, 1, 2, 1, 5, 90, 30, 157, 176, 286, 19, 61, 1, 9, 347, 543, 6, 24, 742, 453, 57, 4, 43, 414, 10, 564, 8, 114, 592, 503]"
1750,CgeGJeGgBG.exe,86,3,datacopy/BB/Files/2015-06-25/CgeGJeGgBG.exe,"[3, 1, 2, 1, 5, 90, 30, 157, 176, 286, 19, 61, 1, 9, 347, 543, 6, 24, 742, 453, 57, 4, 43, 414, 10, 564, 8, 114, 592, 503]"
1751,nfe-pendente.pdf.exe,86,3,datacopy/BB/Files/2015-07-13/nfe-pendente.pdf.exe,"[3, 1, 2, 1, 5, 90, 30, 157, 176, 286, 19, 61, 1, 9, 347, 543, 6, 24, 742, 453, 57, 4, 43, 414, 10, 564, 8, 114, 592, 503]"
1752,cleosvaldo5776.exe,86,3,datacopy/BB/Files/2015-09-29/cleosvaldo5776.exe,"[3, 1, 2, 1, 5, 90, 30, 157, 176, 286, 19, 61, 1, 9, 347, 543, 6, 24, 742, 453, 57, 4, 43, 414, 10, 564, 8, 114, 592, 503]"
1753,Imprimir-Vale_Cupon-009392191.exe,86,2,datacopy/BB/Files/2015-01-13/Imprimir-Vale_Cupon-009392191.exe,"[3, 1, 2, 1, 5, 90, 30, 157, 176, 286, 19, 61, 1, 9, 347, 543, 6, 24, 742, 453, 57, 4, 43, 414, 10, 564, 8, 114, 592, 503]"
1754,Unity.exe,86,3,datacopy/BB/Files/2015-01-13/Unity.exe,"[3, 1, 2, 1, 5, 90, 30, 157, 176, 286, 19, 61, 1, 9, 347, 543, 6, 24, 742, 453, 57, 4, 43, 414, 10, 564, 8, 114, 592, 503]"
1755,cleosvaldonews1.exe,86,3,datacopy/BB/Files/2015-01-08/cleosvaldonews1.exe,"[3, 1, 2, 1, 5, 90, 30, 157, 176, 286, 19, 61, 1, 9, 347, 543, 6, 24, 742, 453, 57, 4, 43, 414, 10, 564, 8, 114, 592, 503]"
1756,NBpfOLaqJkHhs.exe,86,3,datacopy/BB/Files/2014-11-25/NBpfOLaqJkHhs.exe,"[3, 1, 2, 1, 5, 90, 30, 157, 176, 286, 19, 61, 1, 9, 347, 543, 6, 24, 742, 453, 57, 4, 43, 414, 10, 564, 8, 114, 592, 503]"
1757,vyjrMaRJTwAc.exe.exe,86,3,datacopy/BB/Files/2015-08-20/vyjrMaRJTwAc.exe.exe,"[3, 1, 2, 1, 5, 90, 30, 157, 176, 286, 19, 61, 1, 9, 347, 543, 6, 24, 742, 453, 57, 4, 43, 414, 10, 564, 8, 114, 592, 503]"
1758,cleosvaldo1794.exe,86,64,datacopy/BB/Files/2015-08-20/cleosvaldo1794.exe,"[3, 1, 2, 1, 5, 90, 30, 157, 176, 286, 19, 61, 1, 9, 347, 543, 6, 24, 742, 453, 57, 4, 43, 414, 10, 564, 8, 114, 592, 503]"
1759,cbskhTnng.exe.exe,86,3,datacopy/BB/Files/2015-08-20/cbskhTnng.exe.exe,"[3, 1, 2, 1, 5, 90, 30, 157, 176, 286, 19, 61, 1, 9, 347, 543, 6, 24, 742, 453, 57, 4, 43, 414, 10, 564, 8, 114, 592, 503]"
1760,NFe_EletrÃ´nica.PDF.exe,86,3,datacopy/BB/Files/2015-08-20/NFe_EletrÃ´nica.PDF.exe,"[3, 1, 2, 1, 5, 90, 30, 157, 176, 286, 19, 61, 1, 9, 347, 543, 6, 24, 742, 453, 57, 4, 43, 414, 10, 564, 8, 114, 592, 503]"
1761,cleosvaldosmsss.exe,86,3,datacopy/BB/Files/2015-05-14/cleosvaldosmsss.exe,"[3, 1, 2, 1, 5, 90, 30, 157, 176, 286, 19, 61, 1, 9, 347, 543, 6, 24, 742, 453, 57, 4, 43, 414, 10, 564, 8, 114, 592, 503]"
1762,Visualizar_Fotos.jpg.exe,86,2,datacopy/BB/Files/2015-01-20/Visualizar_Fotos.jpg.exe,"[3, 1, 2, 1, 5, 90, 30, 157, 176, 286, 19, 61, 1, 9, 347, 543, 6, 24, 742, 453, 57, 4, 43, 414, 10, 564, 8, 114, 592, 503]"
1763,Extrato_de_pendencias.zip.exe,86,2,datacopy/BB/Files/2015-03-27/Extrato_de_pendencias.zip.exe,"[3, 1, 2, 1, 5, 90, 30, 157, 176, 286, 19, 61, 1, 9, 347, 543, 6, 24, 742, 453, 57, 4, 43, 414, 10, 564, 8, 114, 592, 503]"
1764,jLcCfrjPnI.exe,86,3,datacopy/BB/Files/2015-05-18/jLcCfrjPnI.exe,"[3, 1, 2, 1, 5, 90, 30, 157, 176, 286, 19, 61, 1, 9, 347, 543, 6, 24, 742, 453, 57, 4, 43, 414, 10, 564, 8, 114, 592, 503]"
1765,Comunicado_Debito_ReceitaFederal2015998475.exe,86,3,datacopy/BB/Files/2015-05-18/Comunicado_Debito_ReceitaFederal2015998475.exe,"[3, 1, 2, 1, 5, 90, 30, 157, 176, 286, 19, 61, 1, 9, 347, 543, 6, 24, 742, 453, 57, 4, 43, 414, 10, 564, 8, 114, 592, 503]"
1766,KksBUjxdqKxTV.exe,86,3,datacopy/BB/Files/2015-05-18/KksBUjxdqKxTV.exe,"[3, 1, 2, 1, 5, 90, 30, 157, 176, 286, 19, 61, 1, 9, 347, 543, 6, 24, 742, 453, 57, 4, 43, 414, 10, 564, 8, 114, 592, 503]"
1767,NF-e.09892238932.PDF.exe,86,3,datacopy/BB/Files/2015-05-18/NF-e.09892238932.PDF.exe,"[3, 1, 2, 1, 5, 90, 30, 157, 176, 286, 19, 61, 1, 9, 347, 543, 6, 24, 742, 453, 57, 4, 43, 414, 10, 564, 8, 114, 592, 503]"
1768,NumpCun.exe,86,3,datacopy/BB/Files/2015-05-18/NumpCun.exe,"[3, 1, 2, 1, 5, 90, 30, 157, 176, 286, 19, 61, 1, 9, 347, 543, 6, 24, 742, 453, 57, 4, 43, 414, 10, 564, 8, 114, 592, 503]"
1769,stats.exe,86,3,datacopy/BB/Files/2015-04-30/stats.exe,"[3, 1, 2, 1, 5, 90, 30, 157, 176, 286, 19, 61, 1, 9, 347, 543, 6, 24, 742, 453, 57, 4, 43, 414, 10, 564, 8, 114, 592, 503]"
1770,reserva.exe,86,312,datacopy/BB/Files/2015-06-11/reserva.exe,"[3, 1, 2, 1, 5, 90, 30, 157, 176, 286, 19, 61, 1, 9, 347, 543, 6, 24, 742, 453, 57, 4, 43, 414, 10, 564, 8, 114, 592, 503]"
1771,cleosvaldo8063.exe,86,64,datacopy/BB/Files/2015-06-11/cleosvaldo8063.exe,"[3, 1, 2, 1, 5, 90, 30, 157, 176, 286, 19, 61, 1, 9, 347, 543, 6, 24, 742, 453, 57, 4, 43, 414, 10, 564, 8, 114, 592, 503]"
1772,BOL_NF_00056471.exe,86,3,datacopy/BB/Files/2015-06-11/BOL_NF_00056471.exe,"[3, 1, 2, 1, 5, 90, 30, 157, 176, 286, 19, 61, 1, 9, 347, 543, 6, 24, 742, 453, 57, 4, 43, 414, 10, 564, 8, 114, 592, 503]"
1773,WinTR.exe,86,3,datacopy/BB/Files/2014-11-13/WinTR.exe,"[3, 1, 2, 1, 5, 90, 30, 157, 176, 286, 19, 61, 1, 9, 347, 543, 6, 24, 742, 453, 57, 4, 43, 414, 10, 564, 8, 114, 592, 503]"
1774,N_fiscaleletronica.exe,86,3,datacopy/BB/Files/2014-11-13/N_fiscaleletronica.exe,"[3, 1, 2, 1, 5, 90, 30, 157, 176, 286, 19, 61, 1, 9, 347, 543, 6, 24, 742, 453, 57, 4, 43, 414, 10, 564, 8, 114, 592, 503]"
1775,os.zip.exe,86,3,datacopy/BB/Files/2015-04-01/os.zip.exe,"[3, 1, 2, 1, 5, 90, 30, 157, 176, 286, 19, 61, 1, 9, 347, 543, 6, 24, 742, 453, 57, 4, 43, 414, 10, 564, 8, 114, 592, 503]"
1776,M3.exe,86,3,datacopy/BB/Files/2015-04-01/M3.exe,"[3, 1, 2, 1, 5, 90, 30, 157, 176, 286, 19, 61, 1, 9, 347, 543, 6, 24, 742, 453, 57, 4, 43, 414, 10, 564, 8, 114, 592, 503]"
1777,dellsetup.exe,86,2,datacopy/BB/Files/2015-03-25/dellsetup.exe,"[3, 1, 2, 1, 5, 90, 30, 157, 176, 286, 19, 61, 1, 9, 347, 543, 6, 24, 742, 453, 57, 4, 43, 414, 10, 564, 8, 114, 592, 503]"
1778,psRgpjhbgBV.exe,86,3,datacopy/BB/Files/2015-03-25/psRgpjhbgBV.exe,"[3, 1, 2, 1, 5, 90, 30, 157, 176, 286, 19, 61, 1, 9, 347, 543, 6, 24, 742, 453, 57, 4, 43, 414, 10, 564, 8, 114, 592, 503]"
1779,Imprimir_Cupom00702401.exe,86,3,datacopy/BB/Files/2015-04-06/Imprimir_Cupom00702401.exe,"[3, 1, 2, 1, 5, 90, 30, 157, 176, 286, 19, 61, 1, 9, 347, 543, 6, 24, 742, 453, 57, 4, 43, 414, 10, 564, 8, 114, 592, 503]"
1780,2ViaBoleto.exe,86,124,datacopy/BB/Files/2015-08-17/2ViaBoleto.exe,"[3, 1, 2, 1, 5, 90, 30, 157, 176, 286, 19, 61, 1, 9, 347, 543, 6, 24, 742, 453, 57, 4, 43, 414, 10, 564, 8, 114, 592, 503]"
1781,jOgChzyBSG.exe.exe,86,347,datacopy/BB/Files/2015-08-17/jOgChzyBSG.exe.exe,"[3, 1, 2, 1, 5, 90, 30, 157, 176, 286, 19, 61, 1, 9, 347, 543, 6, 24, 742, 453, 57, 4, 43, 414, 10, 564, 8, 114, 592, 503]"
1782,tLKHhlYxsD.exe,86,3,datacopy/BB/Files/2015-10-02/tLKHhlYxsD.exe,"[3, 1, 2, 1, 5, 90, 30, 157, 176, 286, 19, 61, 1, 9, 347, 543, 6, 24, 742, 453, 57, 4, 43, 414, 10, 564, 8, 114, 592, 503]"
1783,NF-908721.exe,86,2,datacopy/BB/Files/2015-10-02/NF-908721.exe,"[3, 1, 2, 1, 5, 90, 30, 157, 176, 286, 19, 61, 1, 9, 347, 543, 6, 24, 742, 453, 57, 4, 43, 414, 10, 564, 8, 114, 592, 503]"
1784,nfe-21376135-02991123.pdf.exe,86,3,datacopy/BB/Files/2015-06-26/nfe-21376135-02991123.pdf.exe,"[3, 1, 2, 1, 5, 90, 30, 157, 176, 286, 19, 61, 1, 9, 347, 543, 6, 24, 742, 453, 57, 4, 43, 414, 10, 564, 8, 114, 592, 503]"
1785,busibel.gif.exe,86,64,datacopy/BB/Files/2015-06-26/busibel.gif.exe,"[3, 1, 2, 1, 5, 90, 30, 157, 176, 286, 19, 61, 1, 9, 347, 543, 6, 24, 742, 453, 57, 4, 43, 414, 10, 564, 8, 114, 592, 503]"
1786,Ifwfm.exe,86,3,datacopy/BB/Files/2015-06-26/Ifwfm.exe,"[3, 1, 2, 1, 5, 90, 30, 157, 176, 286, 19, 61, 1, 9, 347, 543, 6, 24, 742, 453, 57, 4, 43, 414, 10, 564, 8, 114, 592, 503]"
1787,ID201506250039-ComprovantePG-pdf-02003290439954.exe,86,3,datacopy/BB/Files/2015-06-26/ID201506250039-ComprovantePG-pdf-02003290439954.exe,"[3, 1, 2, 1, 5, 90, 30, 157, 176, 286, 19, 61, 1, 9, 347, 543, 6, 24, 742, 453, 57, 4, 43, 414, 10, 564, 8, 114, 592, 503]"
1788,Planilha_OrÃ§amento-julho-2015.exe,86,3,datacopy/BB/Files/2015-07-29/Planilha_OrÃ§amento-julho-2015.exe,"[3, 1, 2, 1, 5, 90, 30, 157, 176, 286, 19, 61, 1, 9, 347, 543, 6, 24, 742, 453, 57, 4, 43, 414, 10, 564, 8, 114, 592, 503]"
1789,sptyAzlEx.exe,86,3,datacopy/BB/Files/2015-07-29/sptyAzlEx.exe,"[3, 1, 2, 1, 5, 90, 30, 157, 176, 286, 19, 61, 1, 9, 347, 543, 6, 24, 742, 453, 57, 4, 43, 414, 10, 564, 8, 114, 592, 503]"
1790,cleosvaldo6779.exe,86,64,datacopy/BB/Files/2015-07-29/cleosvaldo6779.exe,"[3, 1, 2, 1, 5, 90, 30, 157, 176, 286, 19, 61, 1, 9, 347, 543, 6, 24, 742, 453, 57, 4, 43, 414, 10, 564, 8, 114, 592, 503]"
1791,0B61JYILCaQeSS01iZ2JPeG5jX3M_e_download.exe,86,64,datacopy/BB/Files/2015-07-29/0B61JYILCaQeSS01iZ2JPeG5jX3M_e_download.exe,"[3, 1, 2, 1, 5, 90, 30, 157, 176, 286, 19, 61, 1, 9, 347, 543, 6, 24, 742, 453, 57, 4, 43, 414, 10, 564, 8, 114, 592, 503]"
1792,gUJCUYCCWnawU.exe,86,3,datacopy/BB/Files/2015-03-05/gUJCUYCCWnawU.exe,"[3, 1, 2, 1, 5, 90, 30, 157, 176, 286, 19, 61, 1, 9, 347, 543, 6, 24, 742, 453, 57, 4, 43, 414, 10, 564, 8, 114, 592, 503]"
1793,Debito_ReceitaIRPF2015-55421.exe,86,2,datacopy/BB/Files/2015-05-26/Debito_ReceitaIRPF2015-55421.exe,"[3, 1, 2, 1, 5, 90, 30, 157, 176, 286, 19, 61, 1, 9, 347, 543, 6, 24, 742, 453, 57, 4, 43, 414, 10, 564, 8, 114, 592, 503]"
1794,cleosvaldoputty.exe,86,3,datacopy/BB/Files/2015-05-26/cleosvaldoputty.exe,"[3, 1, 2, 1, 5, 90, 30, 157, 176, 286, 19, 61, 1, 9, 347, 543, 6, 24, 742, 453, 57, 4, 43, 414, 10, 564, 8, 114, 592, 503]"
1795,BOLETO_832019784901725097120DOC.exe,86,2,datacopy/BB/Files/2015-05-26/BOLETO_832019784901725097120DOC.exe,"[3, 1, 2, 1, 5, 90, 30, 157, 176, 286, 19, 61, 1, 9, 347, 543, 6, 24, 742, 453, 57, 4, 43, 414, 10, 564, 8, 114, 592, 503]"
1796,Rt.exe,86,3,datacopy/BB/Files/2014-11-04/Rt.exe,"[3, 1, 2, 1, 5, 90, 30, 157, 176, 286, 19, 61, 1, 9, 347, 543, 6, 24, 742, 453, 57, 4, 43, 414, 10, 564, 8, 114, 592, 503]"
1797,Nota-Fiscal-PDF007660302.exe,86,2,datacopy/BB/Files/2014-11-04/Nota-Fiscal-PDF007660302.exe,"[3, 1, 2, 1, 5, 90, 30, 157, 176, 286, 19, 61, 1, 9, 347, 543, 6, 24, 742, 453, 57, 4, 43, 414, 10, 564, 8, 114, 592, 503]"
1798,HnPFQNyhtEf.exe,86,3,datacopy/BB/Files/2015-07-07/HnPFQNyhtEf.exe,"[3, 1, 2, 1, 5, 90, 30, 157, 176, 286, 19, 61, 1, 9, 347, 543, 6, 24, 742, 453, 57, 4, 43, 414, 10, 564, 8, 114, 592, 503]"
1799,planilha-2598318-7934651.xls.exe,86,3,datacopy/BB/Files/2015-07-07/planilha-2598318-7934651.xls.exe,"[3, 1, 2, 1, 5, 90, 30, 157, 176, 286, 19, 61, 1, 9, 347, 543, 6, 24, 742, 453, 57, 4, 43, 414, 10, 564, 8, 114, 592, 503]"
1800,cleosvaldo1752.exe,86,64,datacopy/BB/Files/2015-08-07/cleosvaldo1752.exe,"[3, 1, 2, 1, 5, 90, 30, 157, 176, 286, 19, 61, 1, 9, 347, 543, 6, 24, 742, 453, 57, 4, 43, 414, 10, 564, 8, 114, 592, 503]"
1801,1869_03545_directDownload_true.exe,86,2,datacopy/BB/Files/2014-08-25/1869_03545_directDownload_true.exe,"[3, 1, 2, 1, 5, 90, 30, 157, 176, 286, 19, 61, 1, 9, 347, 543, 6, 24, 742, 453, 57, 4, 43, 414, 10, 564, 8, 114, 592, 503]"
1802,70464665_file_NF_e_1244785.exe,86,2,datacopy/BB/Files/2014-08-25/70464665_file_NF_e_1244785.exe,"[3, 1, 2, 1, 5, 90, 30, 157, 176, 286, 19, 61, 1, 9, 347, 543, 6, 24, 742, 453, 57, 4, 43, 414, 10, 564, 8, 114, 592, 503]"
1803,zSwMEVdhTvbxCl.exe.exe,86,3,datacopy/BB/Files/2015-09-09/zSwMEVdhTvbxCl.exe.exe,"[3, 1, 2, 1, 5, 90, 30, 157, 176, 286, 19, 61, 1, 9, 347, 543, 6, 24, 742, 453, 57, 4, 43, 414, 10, 564, 8, 114, 592, 503]"
1804,UGSuj.exe.exe,86,3,datacopy/BB/Files/2015-09-09/UGSuj.exe.exe,"[3, 1, 2, 1, 5, 90, 30, 157, 176, 286, 19, 61, 1, 9, 347, 543, 6, 24, 742, 453, 57, 4, 43, 414, 10, 564, 8, 114, 592, 503]"
1805,Boleto-09092015-PDF.exe,86,3,datacopy/BB/Files/2015-09-09/Boleto-09092015-PDF.exe,"[3, 1, 2, 1, 5, 90, 30, 157, 176, 286, 19, 61, 1, 9, 347, 543, 6, 24, 742, 453, 57, 4, 43, 414, 10, 564, 8, 114, 592, 503]"
1806,cleosvaldo9310.exe,86,64,datacopy/BB/Files/2015-09-09/cleosvaldo9310.exe,"[3, 1, 2, 1, 5, 90, 30, 157, 176, 286, 19, 61, 1, 9, 347, 543, 6, 24, 742, 453, 57, 4, 43, 414, 10, 564, 8, 114, 592, 503]"
1807,wYknl.exe.exe,86,3,datacopy/BB/Files/2015-09-09/wYknl.exe.exe,"[3, 1, 2, 1, 5, 90, 30, 157, 176, 286, 19, 61, 1, 9, 347, 543, 6, 24, 742, 453, 57, 4, 43, 414, 10, 564, 8, 114, 592, 503]"
1808,cleosvaldo4894.exe,86,64,datacopy/BB/Files/2015-09-09/cleosvaldo4894.exe,"[3, 1, 2, 1, 5, 90, 30, 157, 176, 286, 19, 61, 1, 9, 347, 543, 6, 24, 742, 453, 57, 4, 43, 414, 10, 564, 8, 114, 592, 503]"
1809,PDF.Boleto.PDF.exe,86,55,datacopy/BB/Files/2015-09-09/PDF.Boleto.PDF.exe,"[3, 1, 2, 1, 5, 90, 30, 157, 176, 286, 19, 61, 1, 9, 347, 543, 6, 24, 742, 453, 57, 4, 43, 414, 10, 564, 8, 114, 592, 503]"
1810,IXBRWDSrmoSIAW.exe,86,3,datacopy/BB/Files/2014-11-26/IXBRWDSrmoSIAW.exe,"[3, 1, 2, 1, 5, 90, 30, 157, 176, 286, 19, 61, 1, 9, 347, 543, 6, 24, 742, 453, 57, 4, 43, 414, 10, 564, 8, 114, 592, 503]"
1811,eVIPwLPXo.exe,86,3,datacopy/BB/Files/2014-11-26/eVIPwLPXo.exe,"[3, 1, 2, 1, 5, 90, 30, 157, 176, 286, 19, 61, 1, 9, 347, 543, 6, 24, 742, 453, 57, 4, 43, 414, 10, 564, 8, 114, 592, 503]"
1812,_723413527_directDownload_true.exe,86,2,datacopy/BB/Files/2014-09-19/_723413527_directDownload_true.exe,"[3, 1, 2, 1, 5, 90, 30, 157, 176, 286, 19, 61, 1, 9, 347, 543, 6, 24, 742, 453, 57, 4, 43, 414, 10, 564, 8, 114, 592, 503]"
1813,Pedido00012992761_RastreamentoSF03188327BRCorreios.exe,86,379,datacopy/BB/Files/2014-09-19/Pedido00012992761_RastreamentoSF03188327BRCorreios.exe,"[3, 1, 2, 1, 5, 90, 30, 157, 176, 286, 19, 61, 1, 9, 347, 543, 6, 24, 742, 453, 57, 4, 43, 414, 10, 564, 8, 114, 592, 503]"
1814,_616279886_directDownload_true.exe,86,379,datacopy/BB/Files/2014-09-19/_616279886_directDownload_true.exe,"[3, 1, 2, 1, 5, 90, 30, 157, 176, 286, 19, 61, 1, 9, 347, 543, 6, 24, 742, 453, 57, 4, 43, 414, 10, 564, 8, 114, 592, 503]"
1815,DANFE-95487533550990000025021000025027-15.09.2014.0505331548.exe,86,379,datacopy/BB/Files/2014-09-19/DANFE-95487533550990000025021000025027-15.09.2014.0505331548.exe,"[3, 1, 2, 1, 5, 90, 30, 157, 176, 286, 19, 61, 1, 9, 347, 543, 6, 24, 742, 453, 57, 4, 43, 414, 10, 564, 8, 114, 592, 503]"
1816,CotacaodePreco0909empresa.exe,86,2,datacopy/BB/Files/2014-09-19/CotacaodePreco0909empresa.exe,"[3, 1, 2, 1, 5, 90, 30, 157, 176, 286, 19, 61, 1, 9, 347, 543, 6, 24, 742, 453, 57, 4, 43, 414, 10, 564, 8, 114, 592, 503]"
1817,Reserva.exe,86,161,datacopy/BB/Files/2015-06-16/Reserva.exe,"[3, 1, 2, 1, 5, 90, 30, 157, 176, 286, 19, 61, 1, 9, 347, 543, 6, 24, 742, 453, 57, 4, 43, 414, 10, 564, 8, 114, 592, 503]"
1818,Duplicata.pdf.exe,86,3,datacopy/BB/Files/2015-06-16/Duplicata.pdf.exe,"[3, 1, 2, 1, 5, 90, 30, 157, 176, 286, 19, 61, 1, 9, 347, 543, 6, 24, 742, 453, 57, 4, 43, 414, 10, 564, 8, 114, 592, 503]"
1819,Orcamento-PDF-20150825.exe,86,3,datacopy/BB/Files/2015-08-26/Orcamento-PDF-20150825.exe,"[3, 1, 2, 1, 5, 90, 30, 157, 176, 286, 19, 61, 1, 9, 347, 543, 6, 24, 742, 453, 57, 4, 43, 414, 10, 564, 8, 114, 592, 503]"
1820,UHvQthiqweT.exe.exe,86,3,datacopy/BB/Files/2015-08-26/UHvQthiqweT.exe.exe,"[3, 1, 2, 1, 5, 90, 30, 157, 176, 286, 19, 61, 1, 9, 347, 543, 6, 24, 742, 453, 57, 4, 43, 414, 10, 564, 8, 114, 592, 503]"
1821,vmapp4894.exe,86,3,datacopy/BB/Files/2015-09-03/vmapp4894.exe,"[3, 1, 2, 1, 5, 90, 30, 157, 176, 286, 19, 61, 1, 9, 347, 543, 6, 24, 742, 453, 57, 4, 43, 414, 10, 564, 8, 114, 592, 503]"
1822,HC.exe,86,3,datacopy/BB/Files/2014-08-26/HC.exe,"[3, 1, 2, 1, 5, 90, 30, 157, 176, 286, 19, 61, 1, 9, 347, 543, 6, 24, 742, 453, 57, 4, 43, 414, 10, 564, 8, 114, 592, 503]"
1823,Sedex-SI131847575BR.exe,86,2,datacopy/BB/Files/2014-08-26/Sedex-SI131847575BR.exe,"[3, 1, 2, 1, 5, 90, 30, 157, 176, 286, 19, 61, 1, 9, 347, 543, 6, 24, 742, 453, 57, 4, 43, 414, 10, 564, 8, 114, 592, 503]"
1824,1869_10503_directDownload_true.exe,86,2,datacopy/BB/Files/2014-08-26/1869_10503_directDownload_true.exe,"[3, 1, 2, 1, 5, 90, 30, 157, 176, 286, 19, 61, 1, 9, 347, 543, 6, 24, 742, 453, 57, 4, 43, 414, 10, 564, 8, 114, 592, 503]"
1825,_721546301_directDownload_true.exe,86,2,datacopy/BB/Files/2014-08-26/_721546301_directDownload_true.exe,"[3, 1, 2, 1, 5, 90, 30, 157, 176, 286, 19, 61, 1, 9, 347, 543, 6, 24, 742, 453, 57, 4, 43, 414, 10, 564, 8, 114, 592, 503]"
1826,X1.exe,86,1,datacopy/BB/Files/2014-11-28/X1.exe,"[3, 1, 2, 1, 5, 90, 30, 157, 176, 286, 19, 61, 1, 9, 347, 543, 6, 24, 742, 453, 57, 4, 43, 414, 10, 564, 8, 114, 592, 503]"
1827,panther.doc.exe,86,3,datacopy/BB/Files/2014-11-28/panther.doc.exe,"[3, 1, 2, 1, 5, 90, 30, 157, 176, 286, 19, 61, 1, 9, 347, 543, 6, 24, 742, 453, 57, 4, 43, 414, 10, 564, 8, 114, 592, 503]"
1828,sWlXOndIZ.exe,86,3,datacopy/BB/Files/2014-11-28/sWlXOndIZ.exe,"[3, 1, 2, 1, 5, 90, 30, 157, 176, 286, 19, 61, 1, 9, 347, 543, 6, 24, 742, 453, 57, 4, 43, 414, 10, 564, 8, 114, 592, 503]"
1829,KRiWadziUBtFE.exe,86,3,datacopy/BB/Files/2014-11-28/KRiWadziUBtFE.exe,"[3, 1, 2, 1, 5, 90, 30, 157, 176, 286, 19, 61, 1, 9, 347, 543, 6, 24, 742, 453, 57, 4, 43, 414, 10, 564, 8, 114, 592, 503]"
1830,NF-Eletronico-PDF0093192.exe,86,2,datacopy/BB/Files/2014-10-08/NF-Eletronico-PDF0093192.exe,"[3, 1, 2, 1, 5, 90, 30, 157, 176, 286, 19, 61, 1, 9, 347, 543, 6, 24, 742, 453, 57, 4, 43, 414, 10, 564, 8, 114, 592, 503]"
1831,DSC-BOLETO05001328319_PDF.exe,86,2,datacopy/BB/Files/2014-12-10/DSC-BOLETO05001328319_PDF.exe,"[3, 1, 2, 1, 5, 90, 30, 157, 176, 286, 19, 61, 1, 9, 347, 543, 6, 24, 742, 453, 57, 4, 43, 414, 10, 564, 8, 114, 592, 503]"
1832,21_01_magro.zip.exe,86,2,datacopy/BB/Files/2015-01-23/21_01_magro.zip.exe,"[3, 1, 2, 1, 5, 90, 30, 157, 176, 286, 19, 61, 1, 9, 347, 543, 6, 24, 742, 453, 57, 4, 43, 414, 10, 564, 8, 114, 592, 503]"
1833,21_01_homer.zip.exe,86,2,datacopy/BB/Files/2015-01-23/21_01_homer.zip.exe,"[3, 1, 2, 1, 5, 90, 30, 157, 176, 286, 19, 61, 1, 9, 347, 543, 6, 24, 742, 453, 57, 4, 43, 414, 10, 564, 8, 114, 592, 503]"
1834,14_12_homer.zip.exe,86,3,datacopy/BB/Files/2014-12-17/14_12_homer.zip.exe,"[3, 1, 2, 1, 5, 90, 30, 157, 176, 286, 19, 61, 1, 9, 347, 543, 6, 24, 742, 453, 57, 4, 43, 414, 10, 564, 8, 114, 592, 503]"
1835,comentariodevoz.exe.exe,86,2,datacopy/BB/Files/2014-12-19/comentariodevoz.exe.exe,"[3, 1, 2, 1, 5, 90, 30, 157, 176, 286, 19, 61, 1, 9, 347, 543, 6, 24, 742, 453, 57, 4, 43, 414, 10, 564, 8, 114, 592, 503]"
1836,''Foto_008''.exe,86,2,datacopy/BB/Files/2014-10-14/''Foto_008''.exe,"[3, 1, 2, 1, 5, 90, 30, 157, 176, 286, 19, 61, 1, 9, 347, 543, 6, 24, 742, 453, 57, 4, 43, 414, 10, 564, 8, 114, 592, 503]"
1837,slider.zip.exe,86,3,datacopy/BB/Files/2015-03-06/slider.zip.exe,"[3, 1, 2, 1, 5, 90, 30, 157, 176, 286, 19, 61, 1, 9, 347, 543, 6, 24, 742, 453, 57, 4, 43, 414, 10, 564, 8, 114, 592, 503]"
1838,ciscs.exe,86,3,datacopy/BB/Files/2015-01-21/ciscs.exe,"[3, 1, 2, 1, 5, 90, 30, 157, 176, 286, 19, 61, 1, 9, 347, 543, 6, 24, 742, 453, 57, 4, 43, 414, 10, 564, 8, 114, 592, 503]"
1839,Visualizar-NF-eletronica007532611032_rnd.exe,86,2,datacopy/BB/Files/2015-01-21/Visualizar-NF-eletronica007532611032_rnd.exe,"[3, 1, 2, 1, 5, 90, 30, 157, 176, 286, 19, 61, 1, 9, 347, 543, 6, 24, 742, 453, 57, 4, 43, 414, 10, 564, 8, 114, 592, 503]"
1840,NF-e-0073241009.exe,86,2,datacopy/BB/Files/2015-11-16/NF-e-0073241009.exe,"[3, 1, 2, 1, 5, 90, 30, 157, 176, 286, 19, 61, 1, 9, 347, 543, 6, 24, 742, 453, 57, 4, 43, 414, 10, 564, 8, 114, 592, 503]"
1841,NovoBoleto.exe,86,2,datacopy/BB/Files/2014-09-22/NovoBoleto.exe,"[3, 1, 2, 1, 5, 90, 30, 157, 176, 286, 19, 61, 1, 9, 347, 543, 6, 24, 742, 453, 57, 4, 43, 414, 10, 564, 8, 114, 592, 503]"
1842,UpMicro.exe,86,3,datacopy/BB/Files/2014-09-22/UpMicro.exe,"[3, 1, 2, 1, 5, 90, 30, 157, 176, 286, 19, 61, 1, 9, 347, 543, 6, 24, 742, 453, 57, 4, 43, 414, 10, 564, 8, 114, 592, 503]"
1843,Nota-Fiscal08443093010_rnd.exe,86,2,datacopy/BB/Files/2015-03-02/Nota-Fiscal08443093010_rnd.exe,"[3, 1, 2, 1, 5, 90, 30, 157, 176, 286, 19, 61, 1, 9, 347, 543, 6, 24, 742, 453, 57, 4, 43, 414, 10, 564, 8, 114, 592, 503]"
1844,cDGenerate.exe,86,3,datacopy/BB/Files/2015-10-15/cDGenerate.exe,"[3, 1, 2, 1, 5, 90, 30, 157, 176, 286, 19, 61, 1, 9, 347, 543, 6, 24, 742, 453, 57, 4, 43, 414, 10, 564, 8, 114, 592, 503]"
1845,PlayerClassic.exe,86,3,datacopy/BB/Files/2014-11-03/PlayerClassic.exe,"[3, 1, 2, 1, 5, 90, 30, 157, 176, 286, 19, 61, 1, 9, 347, 543, 6, 24, 742, 453, 57, 4, 43, 414, 10, 564, 8, 114, 592, 503]"
1846,Contabilidade_xls.exe,86,2,datacopy/BB/Files/2015-06-01/Contabilidade_xls.exe,"[3, 1, 2, 1, 5, 90, 30, 157, 176, 286, 19, 61, 1, 9, 347, 543, 6, 24, 742, 453, 57, 4, 43, 414, 10, 564, 8, 114, 592, 503]"
1847,Nb.exe,86,453,datacopy/BB/Files/2015-06-01/Nb.exe,"[3, 1, 2, 1, 5, 90, 30, 157, 176, 286, 19, 61, 1, 9, 347, 543, 6, 24, 742, 453, 57, 4, 43, 414, 10, 564, 8, 114, 592, 503]"
1848,fFJ0feZIdqwgCo82gUPxJBY1NsAn1B.exe,86,3,datacopy/BB/Files/2015-06-01/fFJ0feZIdqwgCo82gUPxJBY1NsAn1B.exe,"[3, 1, 2, 1, 5, 90, 30, 157, 176, 286, 19, 61, 1, 9, 347, 543, 6, 24, 742, 453, 57, 4, 43, 414, 10, 564, 8, 114, 592, 503]"
1849,LvGHHLmmsXM.exe,86,3,datacopy/BB/Files/2015-06-01/LvGHHLmmsXM.exe,"[3, 1, 2, 1, 5, 90, 30, 157, 176, 286, 19, 61, 1, 9, 347, 543, 6, 24, 742, 453, 57, 4, 43, 414, 10, 564, 8, 114, 592, 503]"
1850,SaUhlLc.exe,86,3,datacopy/BB/Files/2015-06-01/SaUhlLc.exe,"[3, 1, 2, 1, 5, 90, 30, 157, 176, 286, 19, 61, 1, 9, 347, 543, 6, 24, 742, 453, 57, 4, 43, 414, 10, 564, 8, 114, 592, 503]"
1851,rnrnJjjgtwzbnz.exe,86,3,datacopy/BB/Files/2015-04-16/rnrnJjjgtwzbnz.exe,"[3, 1, 2, 1, 5, 90, 30, 157, 176, 286, 19, 61, 1, 9, 347, 543, 6, 24, 742, 453, 57, 4, 43, 414, 10, 564, 8, 114, 592, 503]"
1852,NotaFiscal01938190309.exe,86,2,datacopy/BB/Files/2014-10-31/NotaFiscal01938190309.exe,"[3, 1, 2, 1, 5, 90, 30, 157, 176, 286, 19, 61, 1, 9, 347, 543, 6, 24, 742, 453, 57, 4, 43, 414, 10, 564, 8, 114, 592, 503]"
1853,Nota-Fiscal-002550172_rnd.exe,86,3,datacopy/BB/Files/2015-04-13/Nota-Fiscal-002550172_rnd.exe,"[3, 1, 2, 1, 5, 90, 30, 157, 176, 286, 19, 61, 1, 9, 347, 543, 6, 24, 742, 453, 57, 4, 43, 414, 10, 564, 8, 114, 592, 503]"
1854,B40023490.exe,86,3,datacopy/BB/Files/2015-10-28/B40023490.exe,"[3, 1, 2, 1, 5, 90, 30, 157, 176, 286, 19, 61, 1, 9, 347, 543, 6, 24, 742, 453, 57, 4, 43, 414, 10, 564, 8, 114, 592, 503]"
1855,cleosvaldo1439.exe,86,64,datacopy/BB/Files/2015-06-24/cleosvaldo1439.exe,"[3, 1, 2, 1, 5, 90, 30, 157, 176, 286, 19, 61, 1, 9, 347, 543, 6, 24, 742, 453, 57, 4, 43, 414, 10, 564, 8, 114, 592, 503]"
1856,Visualizar_Nota_Fiscaleletronica-008223015_rnd.exe,86,2,datacopy/BB/Files/2015-01-27/Visualizar_Nota_Fiscaleletronica-008223015_rnd.exe,"[3, 1, 2, 1, 5, 90, 30, 157, 176, 286, 19, 61, 1, 9, 347, 543, 6, 24, 742, 453, 57, 4, 43, 414, 10, 564, 8, 114, 592, 503]"
1857,Active.exe,86,2,datacopy/BB/Files/2015-01-27/Active.exe,"[3, 1, 2, 1, 5, 90, 30, 157, 176, 286, 19, 61, 1, 9, 347, 543, 6, 24, 742, 453, 57, 4, 43, 414, 10, 564, 8, 114, 592, 503]"
1858,aAzRiWxAk.exe,86,3,datacopy/BB/Files/2014-09-25/aAzRiWxAk.exe,"[3, 1, 2, 1, 5, 90, 30, 157, 176, 286, 19, 61, 1, 9, 347, 543, 6, 24, 742, 453, 57, 4, 43, 414, 10, 564, 8, 114, 592, 503]"
1859,zLKFH.exe,86,2,datacopy/BB/Files/2014-09-25/zLKFH.exe,"[3, 1, 2, 1, 5, 90, 30, 157, 176, 286, 19, 61, 1, 9, 347, 543, 6, 24, 742, 453, 57, 4, 43, 414, 10, 564, 8, 114, 592, 503]"
1860,zdyxARKwfTaqei.exe,86,3,datacopy/BB/Files/2014-12-12/zdyxARKwfTaqei.exe,"[3, 1, 2, 1, 5, 90, 30, 157, 176, 286, 19, 61, 1, 9, 347, 543, 6, 24, 742, 453, 57, 4, 43, 414, 10, 564, 8, 114, 592, 503]"
1861,UNlCegLG.exe,86,3,datacopy/BB/Files/2014-12-12/UNlCegLG.exe,"[3, 1, 2, 1, 5, 90, 30, 157, 176, 286, 19, 61, 1, 9, 347, 543, 6, 24, 742, 453, 57, 4, 43, 414, 10, 564, 8, 114, 592, 503]"
1862,INTIMACAO-MPFSCRHAUSJAHSPWIEUWSKKSLAJAHSKANAJSKAKAHDS.exe,86,2,datacopy/BB/Files/2014-12-12/INTIMACAO-MPFSCRHAUSJAHSPWIEUWSKKSLAJAHSKANAJSKAKAHDS.exe,"[3, 1, 2, 1, 5, 90, 30, 157, 176, 286, 19, 61, 1, 9, 347, 543, 6, 24, 742, 453, 57, 4, 43, 414, 10, 564, 8, 114, 592, 503]"
1863,hzhcAPRn.exe,86,3,datacopy/BB/Files/2014-12-12/hzhcAPRn.exe,"[3, 1, 2, 1, 5, 90, 30, 157, 176, 286, 19, 61, 1, 9, 347, 543, 6, 24, 742, 453, 57, 4, 43, 414, 10, 564, 8, 114, 592, 503]"
1864,QCuxkdFBobcdXI.exe,86,3,datacopy/BB/Files/2015-04-24/QCuxkdFBobcdXI.exe,"[3, 1, 2, 1, 5, 90, 30, 157, 176, 286, 19, 61, 1, 9, 347, 543, 6, 24, 742, 453, 57, 4, 43, 414, 10, 564, 8, 114, 592, 503]"
1865,nIwdFOOomoSz.exe,86,3,datacopy/BB/Files/2014-12-09/nIwdFOOomoSz.exe,"[3, 1, 2, 1, 5, 90, 30, 157, 176, 286, 19, 61, 1, 9, 347, 543, 6, 24, 742, 453, 57, 4, 43, 414, 10, 564, 8, 114, 592, 503]"
1866,Documentos.PDF.exe,86,3,datacopy/BB/Files/2015-11-17/Documentos.PDF.exe,"[3, 1, 2, 1, 5, 90, 30, 157, 176, 286, 19, 61, 1, 9, 347, 543, 6, 24, 742, 453, 57, 4, 43, 414, 10, 564, 8, 114, 592, 503]"
1867,Imprimir-Voucher-170800506.exe,86,2,datacopy/BB/Files/2015-11-26/Imprimir-Voucher-170800506.exe,"[3, 1, 2, 1, 5, 90, 30, 157, 176, 286, 19, 61, 1, 9, 347, 543, 6, 24, 742, 453, 57, 4, 43, 414, 10, 564, 8, 114, 592, 503]"
1868,DANFE-64570133550990000025021000025027-15.09.2014.0505300038..exe,86,2,datacopy/BB/Files/2014-09-26/DANFE-64570133550990000025021000025027-15.09.2014.0505300038..exe,"[3, 1, 2, 1, 5, 90, 30, 157, 176, 286, 19, 61, 1, 9, 347, 543, 6, 24, 742, 453, 57, 4, 43, 414, 10, 564, 8, 114, 592, 503]"
1869,sp=Confirma-Iniciar-Comprovante-de-pagamento.exe,86,2,datacopy/BB/Files/2014-09-26/sp=Confirma-Iniciar-Comprovante-de-pagamento.exe,"[3, 1, 2, 1, 5, 90, 30, 157, 176, 286, 19, 61, 1, 9, 347, 543, 6, 24, 742, 453, 57, 4, 43, 414, 10, 564, 8, 114, 592, 503]"
1870,Planilha_OrÃ§amento.scr,86,3,datacopy/BB/Files/2015-10-14/Planilha_OrÃ§amento.scr,"[3, 1, 2, 1, 5, 90, 30, 157, 176, 286, 19, 61, 1, 9, 347, 543, 6, 24, 742, 453, 57, 4, 43, 414, 10, 564, 8, 114, 592, 503]"
1871,supt.exe,86,3,datacopy/BB/Files/2016-08-24/supt.exe,"[3, 1, 2, 1, 5, 90, 30, 157, 176, 286, 19, 61, 1, 9, 347, 543, 6, 24, 742, 453, 57, 4, 43, 414, 10, 564, 8, 114, 592, 503]"
1872,B83292753298705823J237.exe,86,64,datacopy/BB/Files/2015-10-27/B83292753298705823J237.exe,"[3, 1, 2, 1, 5, 90, 30, 157, 176, 286, 19, 61, 1, 9, 347, 543, 6, 24, 742, 453, 57, 4, 43, 414, 10, 564, 8, 114, 592, 503]"
1873,Visualizar-Cupom_rnd.exe,86,2,datacopy/BB/Files/2015-01-19/Visualizar-Cupom_rnd.exe,"[3, 1, 2, 1, 5, 90, 30, 157, 176, 286, 19, 61, 1, 9, 347, 543, 6, 24, 742, 453, 57, 4, 43, 414, 10, 564, 8, 114, 592, 503]"
1874,XKxEfRJPSEtMvn.exe,86,2,datacopy/BB/Files/2015-01-19/XKxEfRJPSEtMvn.exe,"[3, 1, 2, 1, 5, 90, 30, 157, 176, 286, 19, 61, 1, 9, 347, 543, 6, 24, 742, 453, 57, 4, 43, 414, 10, 564, 8, 114, 592, 503]"
1875,Boleto-PDF-20150722.exe,86,3,datacopy/BB/Files/2015-08-03/Boleto-PDF-20150722.exe,"[3, 1, 2, 1, 5, 90, 30, 157, 176, 286, 19, 61, 1, 9, 347, 543, 6, 24, 742, 453, 57, 4, 43, 414, 10, 564, 8, 114, 592, 503]"
1876,ZyAFAjRE.exe,86,219,datacopy/BB/Files/2015-08-03/ZyAFAjRE.exe,"[3, 1, 2, 1, 5, 90, 30, 157, 176, 286, 19, 61, 1, 9, 347, 543, 6, 24, 742, 453, 57, 4, 43, 414, 10, 564, 8, 114, 592, 503]"
1877,NF-ELETRONICA-PDF002812030.exe,86,2,datacopy/BB/Files/2014-10-24/NF-ELETRONICA-PDF002812030.exe,"[3, 1, 2, 1, 5, 90, 30, 157, 176, 286, 19, 61, 1, 9, 347, 543, 6, 24, 742, 453, 57, 4, 43, 414, 10, 564, 8, 114, 592, 503]"
1878,2Via_Boleto_23102014.exe,86,2,datacopy/BB/Files/2014-10-24/2Via_Boleto_23102014.exe,"[3, 1, 2, 1, 5, 90, 30, 157, 176, 286, 19, 61, 1, 9, 347, 543, 6, 24, 742, 453, 57, 4, 43, 414, 10, 564, 8, 114, 592, 503]"
1879,ReciboCVC6A049C00AF_433264241849411711168131108.exe,86,2,datacopy/BB/Files/2015-02-13/ReciboCVC6A049C00AF_433264241849411711168131108.exe,"[3, 1, 2, 1, 5, 90, 30, 157, 176, 286, 19, 61, 1, 9, 347, 543, 6, 24, 742, 453, 57, 4, 43, 414, 10, 564, 8, 114, 592, 503]"
1880,syscprotocolo.exe,86,518,datacopy/BB/Files/2015-02-13/syscprotocolo.exe,"[3, 1, 2, 1, 5, 90, 30, 157, 176, 286, 19, 61, 1, 9, 347, 543, 6, 24, 742, 453, 57, 4, 43, 414, 10, 564, 8, 114, 592, 503]"
1881,svhoslt.exe,86,3,datacopy/BB/Files/2015-09-14/svhoslt.exe,"[3, 1, 2, 1, 5, 90, 30, 157, 176, 286, 19, 61, 1, 9, 347, 543, 6, 24, 742, 453, 57, 4, 43, 414, 10, 564, 8, 114, 592, 503]"
1882,INT-02920-MJF.exe,86,13,datacopy/BB/Files/2017-10-16/INT-02920-MJF.exe,"[3, 1, 2, 1, 5, 90, 30, 157, 176, 286, 19, 61, 1, 9, 347, 543, 6, 24, 742, 453, 57, 4, 43, 414, 10, 564, 8, 114, 592, 503]"
1883,CjSQstu.exe.exe,86,3,datacopy/BB/Files/2015-09-15/CjSQstu.exe.exe,"[3, 1, 2, 1, 5, 90, 30, 157, 176, 286, 19, 61, 1, 9, 347, 543, 6, 24, 742, 453, 57, 4, 43, 414, 10, 564, 8, 114, 592, 503]"
1884,MWmljUcglkQnQ.exe.exe,86,3,datacopy/BB/Files/2015-09-15/MWmljUcglkQnQ.exe.exe,"[3, 1, 2, 1, 5, 90, 30, 157, 176, 286, 19, 61, 1, 9, 347, 543, 6, 24, 742, 453, 57, 4, 43, 414, 10, 564, 8, 114, 592, 503]"
1885,nfs_ver90.8223025991439733-pdf.exe,86,3,datacopy/BB/Files/2015-09-15/nfs_ver90.8223025991439733-pdf.exe,"[3, 1, 2, 1, 5, 90, 30, 157, 176, 286, 19, 61, 1, 9, 347, 543, 6, 24, 742, 453, 57, 4, 43, 414, 10, 564, 8, 114, 592, 503]"
1886,wi.php.exe,86,3,datacopy/BB/Files/2015-09-15/wi.php.exe,"[3, 1, 2, 1, 5, 90, 30, 157, 176, 286, 19, 61, 1, 9, 347, 543, 6, 24, 742, 453, 57, 4, 43, 414, 10, 564, 8, 114, 592, 503]"
1887,Notafiscal_03540074rnd.exe,86,3,datacopy/BB/Files/2015-03-23/Notafiscal_03540074rnd.exe,"[3, 1, 2, 1, 5, 90, 30, 157, 176, 286, 19, 61, 1, 9, 347, 543, 6, 24, 742, 453, 57, 4, 43, 414, 10, 564, 8, 114, 592, 503]"
1888,Notafiscal_0322019.exe,86,3,datacopy/BB/Files/2015-03-23/Notafiscal_0322019.exe,"[3, 1, 2, 1, 5, 90, 30, 157, 176, 286, 19, 61, 1, 9, 347, 543, 6, 24, 742, 453, 57, 4, 43, 414, 10, 564, 8, 114, 592, 503]"
1889,0B_DupyKcBjKmMjRneUZJTTdPcmM_e_download.exe,86,2,datacopy/BB/Files/2015-09-21/0B_DupyKcBjKmMjRneUZJTTdPcmM_e_download.exe,"[3, 1, 2, 1, 5, 90, 30, 157, 176, 286, 19, 61, 1, 9, 347, 543, 6, 24, 742, 453, 57, 4, 43, 414, 10, 564, 8, 114, 592, 503]"
1890,WhatsAppInstall.exe,86,2,datacopy/BB/Files/2015-03-17/WhatsAppInstall.exe,"[3, 1, 2, 1, 5, 90, 30, 157, 176, 286, 19, 61, 1, 9, 347, 543, 6, 24, 742, 453, 57, 4, 43, 414, 10, 564, 8, 114, 592, 503]"
1891,00019203940003940000291000.com,86,2,datacopy/BB/Files/2015-03-17/00019203940003940000291000.com,"[3, 1, 2, 1, 5, 90, 30, 157, 176, 286, 19, 61, 1, 9, 347, 543, 6, 24, 742, 453, 57, 4, 43, 414, 10, 564, 8, 114, 592, 503]"
1892,Visualizar-Boleto0045502_rnd.exe,86,2,datacopy/BB/Files/2015-03-17/Visualizar-Boleto0045502_rnd.exe,"[3, 1, 2, 1, 5, 90, 30, 157, 176, 286, 19, 61, 1, 9, 347, 543, 6, 24, 742, 453, 57, 4, 43, 414, 10, 564, 8, 114, 592, 503]"
1893,16.zip.exe,86,3,datacopy/BB/Files/2015-03-17/16.zip.exe,"[3, 1, 2, 1, 5, 90, 30, 157, 176, 286, 19, 61, 1, 9, 347, 543, 6, 24, 742, 453, 57, 4, 43, 414, 10, 564, 8, 114, 592, 503]"
1894,Zkgcuc.exe,86,3,datacopy/BB/Files/2015-03-17/Zkgcuc.exe,"[3, 1, 2, 1, 5, 90, 30, 157, 176, 286, 19, 61, 1, 9, 347, 543, 6, 24, 742, 453, 57, 4, 43, 414, 10, 564, 8, 114, 592, 503]"
1895,Imprimir-Vale-Presente-170800524.exe,86,2,datacopy/BB/Files/2015-11-24/Imprimir-Vale-Presente-170800524.exe,"[3, 1, 2, 1, 5, 90, 30, 157, 176, 286, 19, 61, 1, 9, 347, 543, 6, 24, 742, 453, 57, 4, 43, 414, 10, 564, 8, 114, 592, 503]"
1896,orcamento_pdf.exe,86,9,datacopy/BB/Files/2015-11-06/orcamento_pdf.exe,"[3, 1, 2, 1, 5, 90, 30, 157, 176, 286, 19, 61, 1, 9, 347, 543, 6, 24, 742, 453, 57, 4, 43, 414, 10, 564, 8, 114, 592, 503]"
1897,06.zip.exe,86,3,datacopy/BB/Files/2015-03-09/06.zip.exe,"[3, 1, 2, 1, 5, 90, 30, 157, 176, 286, 19, 61, 1, 9, 347, 543, 6, 24, 742, 453, 57, 4, 43, 414, 10, 564, 8, 114, 592, 503]"
1898,xiquepaisucxzas.exe,86,64,datacopy/BB/Files/2015-04-17/xiquepaisucxzas.exe,"[3, 1, 2, 1, 5, 90, 30, 157, 176, 286, 19, 61, 1, 9, 347, 543, 6, 24, 742, 453, 57, 4, 43, 414, 10, 564, 8, 114, 592, 503]"
1899,rgMBVvCKdbIn.exe,86,3,datacopy/BB/Files/2015-04-17/rgMBVvCKdbIn.exe,"[3, 1, 2, 1, 5, 90, 30, 157, 176, 286, 19, 61, 1, 9, 347, 543, 6, 24, 742, 453, 57, 4, 43, 414, 10, 564, 8, 114, 592, 503]"
1900,Boleto_contrato_3348010875829000261.PDF.exe,86,379,datacopy/BB/Files/2014-10-10/Boleto_contrato_3348010875829000261.PDF.exe,"[3, 1, 2, 1, 5, 90, 30, 157, 176, 286, 19, 61, 1, 9, 347, 543, 6, 24, 742, 453, 57, 4, 43, 414, 10, 564, 8, 114, 592, 503]"
1901,flashplayerplugin1502020.exe,86,3,datacopy/BB/Files/2014-10-10/flashplayerplugin1502020.exe,"[3, 1, 2, 1, 5, 90, 30, 157, 176, 286, 19, 61, 1, 9, 347, 543, 6, 24, 742, 453, 57, 4, 43, 414, 10, 564, 8, 114, 592, 503]"
1902,NOB1.exe,86,3,datacopy/BB/Files/2014-10-10/NOB1.exe,"[3, 1, 2, 1, 5, 90, 30, 157, 176, 286, 19, 61, 1, 9, 347, 543, 6, 24, 742, 453, 57, 4, 43, 414, 10, 564, 8, 114, 592, 503]"
1903,cob_debito.exe,86,353,datacopy/BB/Files/2015-01-19/cob_debito.exe,"[3, 1, 2, 1, 5, 90, 30, 157, 176, 286, 19, 61, 1, 9, 347, 543, 6, 24, 742, 453, 57, 4, 43, 414, 10, 564, 8, 114, 592, 503]"
1904,M4rp19N46N.exe,86,3,datacopy/BB/Files/2015-10-29/M4rp19N46N.exe,"[3, 1, 2, 1, 5, 90, 30, 157, 176, 286, 19, 61, 1, 9, 347, 543, 6, 24, 742, 453, 57, 4, 43, 414, 10, 564, 8, 114, 592, 503]"
1905,B434.exe,86,64,datacopy/BB/Files/2015-10-29/B434.exe,"[3, 1, 2, 1, 5, 90, 30, 157, 176, 286, 19, 61, 1, 9, 347, 543, 6, 24, 742, 453, 57, 4, 43, 414, 10, 564, 8, 114, 592, 503]"
1906,NF_94389000941.exe,86,2,datacopy/BB/Files/2015-05-27/NF_94389000941.exe,"[3, 1, 2, 1, 5, 90, 30, 157, 176, 286, 19, 61, 1, 9, 347, 543, 6, 24, 742, 453, 57, 4, 43, 414, 10, 564, 8, 114, 592, 503]"
1907,SUyCpppTdh.exe,86,3,datacopy/BB/Files/2015-05-06/SUyCpppTdh.exe,"[3, 1, 2, 1, 5, 90, 30, 157, 176, 286, 19, 61, 1, 9, 347, 543, 6, 24, 742, 453, 57, 4, 43, 414, 10, 564, 8, 114, 592, 503]"
1908,Planilha_de_OrÃ§amento-06-05-2015.exe,86,2,datacopy/BB/Files/2015-05-06/Planilha_de_OrÃ§amento-06-05-2015.exe,"[3, 1, 2, 1, 5, 90, 30, 157, 176, 286, 19, 61, 1, 9, 347, 543, 6, 24, 742, 453, 57, 4, 43, 414, 10, 564, 8, 114, 592, 503]"
1909,RFANgyttnR.exe,86,3,datacopy/BB/Files/2015-05-06/RFANgyttnR.exe,"[3, 1, 2, 1, 5, 90, 30, 157, 176, 286, 19, 61, 1, 9, 347, 543, 6, 24, 742, 453, 57, 4, 43, 414, 10, 564, 8, 114, 592, 503]"
1910,boleto_vencido_juro_multa_protesto.exe,86,3,datacopy/BB/Files/2015-05-13/boleto_vencido_juro_multa_protesto.exe,"[3, 1, 2, 1, 5, 90, 30, 157, 176, 286, 19, 61, 1, 9, 347, 543, 6, 24, 742, 453, 57, 4, 43, 414, 10, 564, 8, 114, 592, 503]"
1911,1305.exe,86,111,datacopy/BB/Files/2015-05-13/1305.exe,"[3, 1, 2, 1, 5, 90, 30, 157, 176, 286, 19, 61, 1, 9, 347, 543, 6, 24, 742, 453, 57, 4, 43, 414, 10, 564, 8, 114, 592, 503]"
1912,Helpermst.exe,86,111,datacopy/BB/Files/2015-05-13/Helpermst.exe,"[3, 1, 2, 1, 5, 90, 30, 157, 176, 286, 19, 61, 1, 9, 347, 543, 6, 24, 742, 453, 57, 4, 43, 414, 10, 564, 8, 114, 592, 503]"
1913,cleosvaldo3583.exe,86,64,datacopy/BB/Files/2015-09-10/cleosvaldo3583.exe,"[3, 1, 2, 1, 5, 90, 30, 157, 176, 286, 19, 61, 1, 9, 347, 543, 6, 24, 742, 453, 57, 4, 43, 414, 10, 564, 8, 114, 592, 503]"
1914,cltRpGqfQH.exe.exe,86,3,datacopy/BB/Files/2015-09-10/cltRpGqfQH.exe.exe,"[3, 1, 2, 1, 5, 90, 30, 157, 176, 286, 19, 61, 1, 9, 347, 543, 6, 24, 742, 453, 57, 4, 43, 414, 10, 564, 8, 114, 592, 503]"
1915,xueyqfwsascxz.exe,86,111,datacopy/BB/Files/2015-05-12/xueyqfwsascxz.exe,"[3, 1, 2, 1, 5, 90, 30, 157, 176, 286, 19, 61, 1, 9, 347, 543, 6, 24, 742, 453, 57, 4, 43, 414, 10, 564, 8, 114, 592, 503]"
1916,Nota-Fiscal-PDF-Sefaz_rnd.exe,86,2,datacopy/BB/Files/2014-11-21/Nota-Fiscal-PDF-Sefaz_rnd.exe,"[3, 1, 2, 1, 5, 90, 30, 157, 176, 286, 19, 61, 1, 9, 347, 543, 6, 24, 742, 453, 57, 4, 43, 414, 10, 564, 8, 114, 592, 503]"
1917,firef.exe,86,3,datacopy/BB/Files/2014-11-21/firef.exe,"[3, 1, 2, 1, 5, 90, 30, 157, 176, 286, 19, 61, 1, 9, 347, 543, 6, 24, 742, 453, 57, 4, 43, 414, 10, 564, 8, 114, 592, 503]"
1918,DhnhmIaZIXTedl.exe,86,3,datacopy/BB/Files/2014-11-21/DhnhmIaZIXTedl.exe,"[3, 1, 2, 1, 5, 90, 30, 157, 176, 286, 19, 61, 1, 9, 347, 543, 6, 24, 742, 453, 57, 4, 43, 414, 10, 564, 8, 114, 592, 503]"
1919,Recibo-AlertaRef45611BR.exe,86,2,datacopy/BB/Files/2014-11-21/Recibo-AlertaRef45611BR.exe,"[3, 1, 2, 1, 5, 90, 30, 157, 176, 286, 19, 61, 1, 9, 347, 543, 6, 24, 742, 453, 57, 4, 43, 414, 10, 564, 8, 114, 592, 503]"
1920,Imprimir-Cupom-1803.exe,86,518,datacopy/BB/Files/2015-04-07/Imprimir-Cupom-1803.exe,"[3, 1, 2, 1, 5, 90, 30, 157, 176, 286, 19, 61, 1, 9, 347, 543, 6, 24, 742, 453, 57, 4, 43, 414, 10, 564, 8, 114, 592, 503]"
1921,Boleto__PDF.exe,86,3,datacopy/BB/Files/2015-04-02/Boleto__PDF.exe,"[3, 1, 2, 1, 5, 90, 30, 157, 176, 286, 19, 61, 1, 9, 347, 543, 6, 24, 742, 453, 57, 4, 43, 414, 10, 564, 8, 114, 592, 503]"
1922,Notafiscal-007381104.exe,86,3,datacopy/BB/Files/2015-04-02/Notafiscal-007381104.exe,"[3, 1, 2, 1, 5, 90, 30, 157, 176, 286, 19, 61, 1, 9, 347, 543, 6, 24, 742, 453, 57, 4, 43, 414, 10, 564, 8, 114, 592, 503]"
1923,avEFiwHey.exe,86,3,datacopy/BB/Files/2015-03-03/avEFiwHey.exe,"[3, 1, 2, 1, 5, 90, 30, 157, 176, 286, 19, 61, 1, 9, 347, 543, 6, 24, 742, 453, 57, 4, 43, 414, 10, 564, 8, 114, 592, 503]"
1924,jeNUh.exe,86,564,datacopy/BB/Files/2015-03-03/jeNUh.exe,"[3, 1, 2, 1, 5, 90, 30, 157, 176, 286, 19, 61, 1, 9, 347, 543, 6, 24, 742, 453, 57, 4, 43, 414, 10, 564, 8, 114, 592, 503]"
1925,UrASVamewAcYM.exe,86,268,datacopy/BB/Files/2015-03-03/UrASVamewAcYM.exe,"[3, 1, 2, 1, 5, 90, 30, 157, 176, 286, 19, 61, 1, 9, 347, 543, 6, 24, 742, 453, 57, 4, 43, 414, 10, 564, 8, 114, 592, 503]"
1926,otEUCqnIPYG.exe,86,3,datacopy/BB/Files/2015-02-20/otEUCqnIPYG.exe,"[3, 1, 2, 1, 5, 90, 30, 157, 176, 286, 19, 61, 1, 9, 347, 543, 6, 24, 742, 453, 57, 4, 43, 414, 10, 564, 8, 114, 592, 503]"
1927,sysvloader1files.exe,86,2,datacopy/BB/Files/2014-10-02/sysvloader1files.exe,"[3, 1, 2, 1, 5, 90, 30, 157, 176, 286, 19, 61, 1, 9, 347, 543, 6, 24, 742, 453, 57, 4, 43, 414, 10, 564, 8, 114, 592, 503]"
1928,Nfe-Palistana_itauseguros_autoeresidencia.PDF.exe,86,2,datacopy/BB/Files/2014-12-05/Nfe-Palistana_itauseguros_autoeresidencia.PDF.exe,"[3, 1, 2, 1, 5, 90, 30, 157, 176, 286, 19, 61, 1, 9, 347, 543, 6, 24, 742, 453, 57, 4, 43, 414, 10, 564, 8, 114, 592, 503]"
1929,0072_05553_directDownload_true.exe,86,2,datacopy/BB/Files/2014-09-16/0072_05553_directDownload_true.exe,"[3, 1, 2, 1, 5, 90, 30, 157, 176, 286, 19, 61, 1, 9, 347, 543, 6, 24, 742, 453, 57, 4, 43, 414, 10, 564, 8, 114, 592, 503]"
1930,cleosvaldo6869.exe,86,64,datacopy/BB/Files/2015-07-09/cleosvaldo6869.exe,"[3, 1, 2, 1, 5, 90, 30, 157, 176, 286, 19, 61, 1, 9, 347, 543, 6, 24, 742, 453, 57, 4, 43, 414, 10, 564, 8, 114, 592, 503]"
1931,acordo-2via-fatura.exe,86,3,datacopy/BB/Files/2015-05-21/acordo-2via-fatura.exe,"[3, 1, 2, 1, 5, 90, 30, 157, 176, 286, 19, 61, 1, 9, 347, 543, 6, 24, 742, 453, 57, 4, 43, 414, 10, 564, 8, 114, 592, 503]"
1932,iObnGIo.exe,86,219,datacopy/BB/Files/2015-05-21/iObnGIo.exe,"[3, 1, 2, 1, 5, 90, 30, 157, 176, 286, 19, 61, 1, 9, 347, 543, 6, 24, 742, 453, 57, 4, 43, 414, 10, 564, 8, 114, 592, 503]"
1933,cleosvaldo6190.exe,86,64,datacopy/BB/Files/2015-06-30/cleosvaldo6190.exe,"[3, 1, 2, 1, 5, 90, 30, 157, 176, 286, 19, 61, 1, 9, 347, 543, 6, 24, 742, 453, 57, 4, 43, 414, 10, 564, 8, 114, 592, 503]"
1934,abcww.exe,86,477,datacopy/BB/Files/2015-05-19/abcww.exe,"[3, 1, 2, 1, 5, 90, 30, 157, 176, 286, 19, 61, 1, 9, 347, 543, 6, 24, 742, 453, 57, 4, 43, 414, 10, 564, 8, 114, 592, 503]"
1935,Nf-e.N20112216000065037871.exe,86,2,datacopy/BB/Files/2014-12-18/Nf-e.N20112216000065037871.exe,"[3, 1, 2, 1, 5, 90, 30, 157, 176, 286, 19, 61, 1, 9, 347, 543, 6, 24, 742, 453, 57, 4, 43, 414, 10, 564, 8, 114, 592, 503]"
1936,Visualizar_Debito_ReceitaFederal.com,86,592,datacopy/BB/Files/2014-09-10/Visualizar_Debito_ReceitaFederal.com,"[3, 1, 2, 1, 5, 90, 30, 157, 176, 286, 19, 61, 1, 9, 347, 543, 6, 24, 742, 453, 57, 4, 43, 414, 10, 564, 8, 114, 592, 503]"
1937,Notafiscal-00723301_rnd.exe,86,2,datacopy/BB/Files/2015-03-24/Notafiscal-00723301_rnd.exe,"[3, 1, 2, 1, 5, 90, 30, 157, 176, 286, 19, 61, 1, 9, 347, 543, 6, 24, 742, 453, 57, 4, 43, 414, 10, 564, 8, 114, 592, 503]"
1938,Notafiscal-00743301_rnd.exe,86,3,datacopy/BB/Files/2015-03-24/Notafiscal-00743301_rnd.exe,"[3, 1, 2, 1, 5, 90, 30, 157, 176, 286, 19, 61, 1, 9, 347, 543, 6, 24, 742, 453, 57, 4, 43, 414, 10, 564, 8, 114, 592, 503]"
1939,NF-Eletronica-0018207704.exe,86,2,datacopy/BB/Files/2014-10-09/NF-Eletronica-0018207704.exe,"[3, 1, 2, 1, 5, 90, 30, 157, 176, 286, 19, 61, 1, 9, 347, 543, 6, 24, 742, 453, 57, 4, 43, 414, 10, 564, 8, 114, 592, 503]"
1940,JXPCwSWkTrZLWq.exe.exe,86,3,datacopy/BB/Files/2015-09-18/JXPCwSWkTrZLWq.exe.exe,"[3, 1, 2, 1, 5, 90, 30, 157, 176, 286, 19, 61, 1, 9, 347, 543, 6, 24, 742, 453, 57, 4, 43, 414, 10, 564, 8, 114, 592, 503]"
1941,encomenda.txt.exe,86,3,datacopy/BB/Files/2015-03-31/encomenda.txt.exe,"[3, 1, 2, 1, 5, 90, 30, 157, 176, 286, 19, 61, 1, 9, 347, 543, 6, 24, 742, 453, 57, 4, 43, 414, 10, 564, 8, 114, 592, 503]"
1942,Yqtrx.exe,86,3,datacopy/BB/Files/2015-03-31/Yqtrx.exe,"[3, 1, 2, 1, 5, 90, 30, 157, 176, 286, 19, 61, 1, 9, 347, 543, 6, 24, 742, 453, 57, 4, 43, 414, 10, 564, 8, 114, 592, 503]"
1943,cHmUQheJo.exe,86,3,datacopy/BB/Files/2015-05-15/cHmUQheJo.exe,"[3, 1, 2, 1, 5, 90, 30, 157, 176, 286, 19, 61, 1, 9, 347, 543, 6, 24, 742, 453, 57, 4, 43, 414, 10, 564, 8, 114, 592, 503]"
1944,xdLnxBtDUD.exe,86,3,datacopy/BB/Files/2015-05-15/xdLnxBtDUD.exe,"[3, 1, 2, 1, 5, 90, 30, 157, 176, 286, 19, 61, 1, 9, 347, 543, 6, 24, 742, 453, 57, 4, 43, 414, 10, 564, 8, 114, 592, 503]"
1945,aPDORH.exe,86,3,datacopy/BB/Files/2015-05-15/aPDORH.exe,"[3, 1, 2, 1, 5, 90, 30, 157, 176, 286, 19, 61, 1, 9, 347, 543, 6, 24, 742, 453, 57, 4, 43, 414, 10, 564, 8, 114, 592, 503]"
1946,divhZTO.exe.exe,86,3,datacopy/BB/Files/2015-09-01/divhZTO.exe.exe,"[3, 1, 2, 1, 5, 90, 30, 157, 176, 286, 19, 61, 1, 9, 347, 543, 6, 24, 742, 453, 57, 4, 43, 414, 10, 564, 8, 114, 592, 503]"
1947,Comprovante-PDF119487294_.exe,86,2,datacopy/BB/Files/2015-10-22/Comprovante-PDF119487294_.exe,"[3, 1, 2, 1, 5, 90, 30, 157, 176, 286, 19, 61, 1, 9, 347, 543, 6, 24, 742, 453, 57, 4, 43, 414, 10, 564, 8, 114, 592, 503]"
1948,TtoYpxixmboE.exe,86,3,datacopy/BB/Files/2014-11-18/TtoYpxixmboE.exe,"[3, 1, 2, 1, 5, 90, 30, 157, 176, 286, 19, 61, 1, 9, 347, 543, 6, 24, 742, 453, 57, 4, 43, 414, 10, 564, 8, 114, 592, 503]"
1949,LKQcyPYFjfr.exe,86,3,datacopy/BB/Files/2014-11-18/LKQcyPYFjfr.exe,"[3, 1, 2, 1, 5, 90, 30, 157, 176, 286, 19, 61, 1, 9, 347, 543, 6, 24, 742, 453, 57, 4, 43, 414, 10, 564, 8, 114, 592, 503]"
1950,kfTyG.exe,86,3,datacopy/BB/Files/2014-11-18/kfTyG.exe,"[3, 1, 2, 1, 5, 90, 30, 157, 176, 286, 19, 61, 1, 9, 347, 543, 6, 24, 742, 453, 57, 4, 43, 414, 10, 564, 8, 114, 592, 503]"
1951,WLzHHOQpIJUfIG.exe,86,3,datacopy/BB/Files/2014-11-18/WLzHHOQpIJUfIG.exe,"[3, 1, 2, 1, 5, 90, 30, 157, 176, 286, 19, 61, 1, 9, 347, 543, 6, 24, 742, 453, 57, 4, 43, 414, 10, 564, 8, 114, 592, 503]"
1952,TCfDWWDbzn.exe,86,3,datacopy/BB/Files/2014-11-18/TCfDWWDbzn.exe,"[3, 1, 2, 1, 5, 90, 30, 157, 176, 286, 19, 61, 1, 9, 347, 543, 6, 24, 742, 453, 57, 4, 43, 414, 10, 564, 8, 114, 592, 503]"
1953,DSC0036267.JPG_JPG.exe,86,2,datacopy/BB/Files/2014-11-18/DSC0036267.JPG_JPG.exe,"[3, 1, 2, 1, 5, 90, 30, 157, 176, 286, 19, 61, 1, 9, 347, 543, 6, 24, 742, 453, 57, 4, 43, 414, 10, 564, 8, 114, 592, 503]"
1954,NotaFiscal_13533.exe,86,2,datacopy/BB/Files/2014-11-24/NotaFiscal_13533.exe,"[3, 1, 2, 1, 5, 90, 30, 157, 176, 286, 19, 61, 1, 9, 347, 543, 6, 24, 742, 453, 57, 4, 43, 414, 10, 564, 8, 114, 592, 503]"
1955,PROTESTO019838192839282UUHAHHUAUHHUHAHAHAUHAHAH.exe,86,2,datacopy/BB/Files/2014-11-24/PROTESTO019838192839282UUHAHHUAUHHUHAHAHAUHAHAH.exe,"[3, 1, 2, 1, 5, 90, 30, 157, 176, 286, 19, 61, 1, 9, 347, 543, 6, 24, 742, 453, 57, 4, 43, 414, 10, 564, 8, 114, 592, 503]"
1956,Documento_Para_ImpressÃ£o.pdf.exe,86,2,datacopy/BB/Files/2014-11-24/Documento_Para_ImpressÃ£o.pdf.exe,"[3, 1, 2, 1, 5, 90, 30, 157, 176, 286, 19, 61, 1, 9, 347, 543, 6, 24, 742, 453, 57, 4, 43, 414, 10, 564, 8, 114, 592, 503]"
1957,PROTESTO019838192839282UHAHUHUAHUAHAH.exe,86,2,datacopy/BB/Files/2014-11-24/PROTESTO019838192839282UHAHUHUAHUAHAH.exe,"[3, 1, 2, 1, 5, 90, 30, 157, 176, 286, 19, 61, 1, 9, 347, 543, 6, 24, 742, 453, 57, 4, 43, 414, 10, 564, 8, 114, 592, 503]"
1958,YcEbUDbDLSQU.exe,86,3,datacopy/BB/Files/2014-11-24/YcEbUDbDLSQU.exe,"[3, 1, 2, 1, 5, 90, 30, 157, 176, 286, 19, 61, 1, 9, 347, 543, 6, 24, 742, 453, 57, 4, 43, 414, 10, 564, 8, 114, 592, 503]"
1959,mNZAsRyQKXF.exe,86,3,datacopy/BB/Files/2014-11-24/mNZAsRyQKXF.exe,"[3, 1, 2, 1, 5, 90, 30, 157, 176, 286, 19, 61, 1, 9, 347, 543, 6, 24, 742, 453, 57, 4, 43, 414, 10, 564, 8, 114, 592, 503]"
1960,UfYSczqtgnX.exe,86,10,datacopy/BB/Files/2014-11-24/UfYSczqtgnX.exe,"[3, 1, 2, 1, 5, 90, 30, 157, 176, 286, 19, 61, 1, 9, 347, 543, 6, 24, 742, 453, 57, 4, 43, 414, 10, 564, 8, 114, 592, 503]"
1961,NotaFiscal-0072381980_.exe,86,2,datacopy/BB/Files/2014-11-24/NotaFiscal-0072381980_.exe,"[3, 1, 2, 1, 5, 90, 30, 157, 176, 286, 19, 61, 1, 9, 347, 543, 6, 24, 742, 453, 57, 4, 43, 414, 10, 564, 8, 114, 592, 503]"
1962,YPmE.exe,86,2,datacopy/BB/Files/2014-09-29/YPmE.exe,"[3, 1, 2, 1, 5, 90, 30, 157, 176, 286, 19, 61, 1, 9, 347, 543, 6, 24, 742, 453, 57, 4, 43, 414, 10, 564, 8, 114, 592, 503]"
1963,cleosvaldo3294.exe,86,64,datacopy/BB/Files/2015-08-13/cleosvaldo3294.exe,"[3, 1, 2, 1, 5, 90, 30, 157, 176, 286, 19, 61, 1, 9, 347, 543, 6, 24, 742, 453, 57, 4, 43, 414, 10, 564, 8, 114, 592, 503]"
1964,fAsOS.exe.exe,86,3,datacopy/BB/Files/2015-08-24/fAsOS.exe.exe,"[3, 1, 2, 1, 5, 90, 30, 157, 176, 286, 19, 61, 1, 9, 347, 543, 6, 24, 742, 453, 57, 4, 43, 414, 10, 564, 8, 114, 592, 503]"
1965,ibmmaster.exe,86,2,datacopy/BB/Files/2015-02-10/ibmmaster.exe,"[3, 1, 2, 1, 5, 90, 30, 157, 176, 286, 19, 61, 1, 9, 347, 543, 6, 24, 742, 453, 57, 4, 43, 414, 10, 564, 8, 114, 592, 503]"
1966,1869_26804_directDownload_true.exe,86,2,datacopy/BB/Files/2014-08-27/1869_26804_directDownload_true.exe,"[3, 1, 2, 1, 5, 90, 30, 157, 176, 286, 19, 61, 1, 9, 347, 543, 6, 24, 742, 453, 57, 4, 43, 414, 10, 564, 8, 114, 592, 503]"
1967,AJpyIg.exe,86,3,datacopy/BB/Files/2015-06-02/AJpyIg.exe,"[3, 1, 2, 1, 5, 90, 30, 157, 176, 286, 19, 61, 1, 9, 347, 543, 6, 24, 742, 453, 57, 4, 43, 414, 10, 564, 8, 114, 592, 503]"
1968,GlGdjhUJft.exe,86,3,datacopy/BB/Files/2015-06-02/GlGdjhUJft.exe,"[3, 1, 2, 1, 5, 90, 30, 157, 176, 286, 19, 61, 1, 9, 347, 543, 6, 24, 742, 453, 57, 4, 43, 414, 10, 564, 8, 114, 592, 503]"
1969,Foxit.exe,86,3,datacopy/BB/Files/2015-05-29/Foxit.exe,"[3, 1, 2, 1, 5, 90, 30, 157, 176, 286, 19, 61, 1, 9, 347, 543, 6, 24, 742, 453, 57, 4, 43, 414, 10, 564, 8, 114, 592, 503]"
1970,gyn.exe,86,3,datacopy/BB/Files/2017-02-09/gyn.exe,"[3, 1, 2, 1, 5, 90, 30, 157, 176, 286, 19, 61, 1, 9, 347, 543, 6, 24, 742, 453, 57, 4, 43, 414, 10, 564, 8, 114, 592, 503]"
1971,duplicata_6002842.pdf.exe,86,3,datacopy/BB/Files/2015-06-03/duplicata_6002842.pdf.exe,"[3, 1, 2, 1, 5, 90, 30, 157, 176, 286, 19, 61, 1, 9, 347, 543, 6, 24, 742, 453, 57, 4, 43, 414, 10, 564, 8, 114, 592, 503]"
1972,cleosvaldo4883.exe,86,3,datacopy/BB/Files/2015-06-03/cleosvaldo4883.exe,"[3, 1, 2, 1, 5, 90, 30, 157, 176, 286, 19, 61, 1, 9, 347, 543, 6, 24, 742, 453, 57, 4, 43, 414, 10, 564, 8, 114, 592, 503]"
1973,"tvb0,7668835.exe",86,3,"datacopy/BB/Files/2015-09-23/tvb0,7668835.exe","[3, 1, 2, 1, 5, 90, 30, 157, 176, 286, 19, 61, 1, 9, 347, 543, 6, 24, 742, 453, 57, 4, 43, 414, 10, 564, 8, 114, 592, 503]"
1974,"bfsvc0,1962048.exe",86,3,"datacopy/BB/Files/2015-09-23/bfsvc0,1962048.exe","[3, 1, 2, 1, 5, 90, 30, 157, 176, 286, 19, 61, 1, 9, 347, 543, 6, 24, 742, 453, 57, 4, 43, 414, 10, 564, 8, 114, 592, 503]"
1975,"y_0,9341961.exe",86,3,"datacopy/BB/Files/2015-09-22/y_0,9341961.exe","[3, 1, 2, 1, 5, 90, 30, 157, 176, 286, 19, 61, 1, 9, 347, 543, 6, 24, 742, 453, 57, 4, 43, 414, 10, 564, 8, 114, 592, 503]"
1976,Visualizar-Video-web.zip.exe,86,10,datacopy/BB/Files/2012-03-08/Visualizar-Video-web.zip.exe,"[3, 1, 2, 1, 5, 90, 30, 157, 176, 286, 19, 61, 1, 9, 347, 543, 6, 24, 742, 453, 57, 4, 43, 414, 10, 564, 8, 114, 592, 503]"
1977,yeah.exe,86,3,datacopy/BB/Files/2015-09-22/yeah.exe,"[3, 1, 2, 1, 5, 90, 30, 157, 176, 286, 19, 61, 1, 9, 347, 543, 6, 24, 742, 453, 57, 4, 43, 414, 10, 564, 8, 114, 592, 503]"
1978,liveservice.exe,86,3,datacopy/BB/Files/2015-03-18/liveservice.exe,"[3, 1, 2, 1, 5, 90, 30, 157, 176, 286, 19, 61, 1, 9, 347, 543, 6, 24, 742, 453, 57, 4, 43, 414, 10, 564, 8, 114, 592, 503]"
1979,Assine-AQUI.exe,86,2,datacopy/BB/Files/2015-03-18/Assine-AQUI.exe,"[3, 1, 2, 1, 5, 90, 30, 157, 176, 286, 19, 61, 1, 9, 347, 543, 6, 24, 742, 453, 57, 4, 43, 414, 10, 564, 8, 114, 592, 503]"
1980,INTIMACAO-MPFSCRRHUHUAHUUHAUHHUAHHAHUAUHAHUHU.exe,86,2,datacopy/BB/Files/2015-03-18/INTIMACAO-MPFSCRRHUHUAHUUHAUHHUAHHAHUAUHAHUHU.exe,"[3, 1, 2, 1, 5, 90, 30, 157, 176, 286, 19, 61, 1, 9, 347, 543, 6, 24, 742, 453, 57, 4, 43, 414, 10, 564, 8, 114, 592, 503]"
1981,xiquepaisucxzasx.exe,86,3,datacopy/BB/Files/2015-03-19/xiquepaisucxzasx.exe,"[3, 1, 2, 1, 5, 90, 30, 157, 176, 286, 19, 61, 1, 9, 347, 543, 6, 24, 742, 453, 57, 4, 43, 414, 10, 564, 8, 114, 592, 503]"
1982,ComprovanteExtorno16032015.exe,86,2,datacopy/BB/Files/2015-03-19/ComprovanteExtorno16032015.exe,"[3, 1, 2, 1, 5, 90, 30, 157, 176, 286, 19, 61, 1, 9, 347, 543, 6, 24, 742, 453, 57, 4, 43, 414, 10, 564, 8, 114, 592, 503]"
1983,PDF-NF-20-outubro-2015.exe,86,3,datacopy/BB/Files/2015-10-21/PDF-NF-20-outubro-2015.exe,"[3, 1, 2, 1, 5, 90, 30, 157, 176, 286, 19, 61, 1, 9, 347, 543, 6, 24, 742, 453, 57, 4, 43, 414, 10, 564, 8, 114, 592, 503]"
1984,Boleto-PDF-20150723.exe,86,3,datacopy/BB/Files/2015-07-24/Boleto-PDF-20150723.exe,"[3, 1, 2, 1, 5, 90, 30, 157, 176, 286, 19, 61, 1, 9, 347, 543, 6, 24, 742, 453, 57, 4, 43, 414, 10, 564, 8, 114, 592, 503]"
1985,ODuxl.exe,86,3,datacopy/BB/Files/2015-07-24/ODuxl.exe,"[3, 1, 2, 1, 5, 90, 30, 157, 176, 286, 19, 61, 1, 9, 347, 543, 6, 24, 742, 453, 57, 4, 43, 414, 10, 564, 8, 114, 592, 503]"
1986,ConversaBate-Papo-Facebook.jpg_..exe,86,2,datacopy/BB/Files/2014-12-16/ConversaBate-Papo-Facebook.jpg_..exe,"[3, 1, 2, 1, 5, 90, 30, 157, 176, 286, 19, 61, 1, 9, 347, 543, 6, 24, 742, 453, 57, 4, 43, 414, 10, 564, 8, 114, 592, 503]"
1987,comentariodevoz.exe.exe,86,2,datacopy/BB/Files/2014-12-19/comentariodevoz.exe.exe,"[3, 1, 2, 1, 5, 90, 30, 157, 176, 286, 19, 61, 1, 9, 347, 543, 6, 24, 742, 453, 57, 4, 43, 414, 10, 564, 8, 114, 592, 503]"
1988,kkjvL.exe,86,3,datacopy/BB/Files/2014-12-16/kkjvL.exe,"[3, 1, 2, 1, 5, 90, 30, 157, 176, 286, 19, 61, 1, 9, 347, 543, 6, 24, 742, 453, 57, 4, 43, 414, 10, 564, 8, 114, 592, 503]"
1989,000320976588215001000052842100029338-ProcNfe.exe,86,2,datacopy/BB/Files/2014-12-16/000320976588215001000052842100029338-ProcNfe.exe,"[3, 1, 2, 1, 5, 90, 30, 157, 176, 286, 19, 61, 1, 9, 347, 543, 6, 24, 742, 453, 57, 4, 43, 414, 10, 564, 8, 114, 592, 503]"
1990,INTIMACAOMPFSCRJIOKAKJISJIAJAJJAJJJAIJIS.exe,86,2,datacopy/BB/Files/2014-12-16/INTIMACAOMPFSCRJIOKAKJISJIAJAJJAJJJAIJIS.exe,"[3, 1, 2, 1, 5, 90, 30, 157, 176, 286, 19, 61, 1, 9, 347, 543, 6, 24, 742, 453, 57, 4, 43, 414, 10, 564, 8, 114, 592, 503]"
1991,Planilha_Orcamental_Clientes-07895475814.exe,86,113,datacopy/BB/Files/2015-05-11/Planilha_Orcamental_Clientes-07895475814.exe,"[3, 1, 2, 1, 5, 90, 30, 157, 176, 286, 19, 61, 1, 9, 347, 543, 6, 24, 742, 453, 57, 4, 43, 414, 10, 564, 8, 114, 592, 503]"
1992,Vale-Cupom-CacauShow-0077371895.exe,86,518,datacopy/BB/Files/2015-05-05/Vale-Cupom-CacauShow-0077371895.exe,"[3, 1, 2, 1, 5, 90, 30, 157, 176, 286, 19, 61, 1, 9, 347, 543, 6, 24, 742, 453, 57, 4, 43, 414, 10, 564, 8, 114, 592, 503]"
1993,pSUtRIWxqWJwaT.exe,86,3,datacopy/BB/Files/2015-05-05/pSUtRIWxqWJwaT.exe,"[3, 1, 2, 1, 5, 90, 30, 157, 176, 286, 19, 61, 1, 9, 347, 543, 6, 24, 742, 453, 57, 4, 43, 414, 10, 564, 8, 114, 592, 503]"
1994,QmUYVsWJOtNqaL.exe,86,3,datacopy/BB/Files/2014-11-05/QmUYVsWJOtNqaL.exe,"[3, 1, 2, 1, 5, 90, 30, 157, 176, 286, 19, 61, 1, 9, 347, 543, 6, 24, 742, 453, 57, 4, 43, 414, 10, 564, 8, 114, 592, 503]"
1995,Comprovante-Deposito-11032014.com,86,2,datacopy/BB/Files/2014-11-05/Comprovante-Deposito-11032014.com,"[3, 1, 2, 1, 5, 90, 30, 157, 176, 286, 19, 61, 1, 9, 347, 543, 6, 24, 742, 453, 57, 4, 43, 414, 10, 564, 8, 114, 592, 503]"
1996,nvscsc.exe,86,3,datacopy/BB/Files/2014-11-05/nvscsc.exe,"[3, 1, 2, 1, 5, 90, 30, 157, 176, 286, 19, 61, 1, 9, 347, 543, 6, 24, 742, 453, 57, 4, 43, 414, 10, 564, 8, 114, 592, 503]"
1997,Nota-Fisca_00831278Rnd.exe,86,2,datacopy/BB/Files/2014-11-05/Nota-Fisca_00831278Rnd.exe,"[3, 1, 2, 1, 5, 90, 30, 157, 176, 286, 19, 61, 1, 9, 347, 543, 6, 24, 742, 453, 57, 4, 43, 414, 10, 564, 8, 114, 592, 503]"
1998,IMG-20141104-WA0111.exe,86,2,datacopy/BB/Files/2014-11-05/IMG-20141104-WA0111.exe,"[3, 1, 2, 1, 5, 90, 30, 157, 176, 286, 19, 61, 1, 9, 347, 543, 6, 24, 742, 453, 57, 4, 43, 414, 10, 564, 8, 114, 592, 503]"
1999,Visualizar-Boleto00387123901.exe,86,518,datacopy/BB/Files/2015-04-15/Visualizar-Boleto00387123901.exe,"[3, 1, 2, 1, 5, 90, 30, 157, 176, 286, 19, 61, 1, 9, 347, 543, 6, 24, 742, 453, 57, 4, 43, 414, 10, 564, 8, 114, 592, 503]"
2000,ghzQWUJPROvAA.exe,86,3,datacopy/BB/Files/2015-04-15/ghzQWUJPROvAA.exe,"[3, 1, 2, 1, 5, 90, 30, 157, 176, 286, 19, 61, 1, 9, 347, 543, 6, 24, 742, 453, 57, 4, 43, 414, 10, 564, 8, 114, 592, 503]"
2001,wLAPTnXHeIEu.exe,86,3,datacopy/BB/Files/2015-04-15/wLAPTnXHeIEu.exe,"[3, 1, 2, 1, 5, 90, 30, 157, 176, 286, 19, 61, 1, 9, 347, 543, 6, 24, 742, 453, 57, 4, 43, 414, 10, 564, 8, 114, 592, 503]"
2002,tabs_left.gif.exe,86,3,datacopy/BB/Files/2014-11-27/tabs_left.gif.exe,"[3, 1, 2, 1, 5, 90, 30, 157, 176, 286, 19, 61, 1, 9, 347, 543, 6, 24, 742, 453, 57, 4, 43, 414, 10, 564, 8, 114, 592, 503]"
2003,xuqyecaxc.exe,86,3,datacopy/BB/Files/2014-11-27/xuqyecaxc.exe,"[3, 1, 2, 1, 5, 90, 30, 157, 176, 286, 19, 61, 1, 9, 347, 543, 6, 24, 742, 453, 57, 4, 43, 414, 10, 564, 8, 114, 592, 503]"
2004,Orcamento-Planilha.exe,86,2,datacopy/BB/Files/2014-09-01/Orcamento-Planilha.exe,"[3, 1, 2, 1, 5, 90, 30, 157, 176, 286, 19, 61, 1, 9, 347, 543, 6, 24, 742, 453, 57, 4, 43, 414, 10, 564, 8, 114, 592, 503]"
2005,WINNTK.exe,86,64,datacopy/BB/Files/2015-06-23/WINNTK.exe,"[3, 1, 2, 1, 5, 90, 30, 157, 176, 286, 19, 61, 1, 9, 347, 543, 6, 24, 742, 453, 57, 4, 43, 414, 10, 564, 8, 114, 592, 503]"
2006,cleosvaldo5417.exe,86,64,datacopy/BB/Files/2015-06-23/cleosvaldo5417.exe,"[3, 1, 2, 1, 5, 90, 30, 157, 176, 286, 19, 61, 1, 9, 347, 543, 6, 24, 742, 453, 57, 4, 43, 414, 10, 564, 8, 114, 592, 503]"
2007,dream.exe,86,2,datacopy/BB/Files/2015-01-16/dream.exe,"[3, 1, 2, 1, 5, 90, 30, 157, 176, 286, 19, 61, 1, 9, 347, 543, 6, 24, 742, 453, 57, 4, 43, 414, 10, 564, 8, 114, 592, 503]"
2008,XCtkNtNlvaZDV.exe.exe,86,3,datacopy/BB/Files/2015-09-04/XCtkNtNlvaZDV.exe.exe,"[3, 1, 2, 1, 5, 90, 30, 157, 176, 286, 19, 61, 1, 9, 347, 543, 6, 24, 742, 453, 57, 4, 43, 414, 10, 564, 8, 114, 592, 503]"
2009,cleosvaldo6246.exe,86,64,datacopy/BB/Files/2015-09-04/cleosvaldo6246.exe,"[3, 1, 2, 1, 5, 90, 30, 157, 176, 286, 19, 61, 1, 9, 347, 543, 6, 24, 742, 453, 57, 4, 43, 414, 10, 564, 8, 114, 592, 503]"
2010,Comprovante-N0093120391.exe,86,2,datacopy/BB/Files/2015-10-19/Comprovante-N0093120391.exe,"[3, 1, 2, 1, 5, 90, 30, 157, 176, 286, 19, 61, 1, 9, 347, 543, 6, 24, 742, 453, 57, 4, 43, 414, 10, 564, 8, 114, 592, 503]"
2011,_whTN0eB7V11I56cI07Z6.exe,86,3,datacopy/BB/Files/2015-10-19/_whTN0eB7V11I56cI07Z6.exe,"[3, 1, 2, 1, 5, 90, 30, 157, 176, 286, 19, 61, 1, 9, 347, 543, 6, 24, 742, 453, 57, 4, 43, 414, 10, 564, 8, 114, 592, 503]"
2012,hAfIc.exe,86,3,datacopy/BB/Files/2015-04-29/hAfIc.exe,"[3, 1, 2, 1, 5, 90, 30, 157, 176, 286, 19, 61, 1, 9, 347, 543, 6, 24, 742, 453, 57, 4, 43, 414, 10, 564, 8, 114, 592, 503]"
2013,MZKwgPrnalxX.exe.exe,86,3,datacopy/BB/Files/2015-08-19/MZKwgPrnalxX.exe.exe,"[3, 1, 2, 1, 5, 90, 30, 157, 176, 286, 19, 61, 1, 9, 347, 543, 6, 24, 742, 453, 57, 4, 43, 414, 10, 564, 8, 114, 592, 503]"
2014,1734_66517_directDownload_true.exe,86,2,datacopy/BB/Files/2014-09-11/1734_66517_directDownload_true.exe,"[3, 1, 2, 1, 5, 90, 30, 157, 176, 286, 19, 61, 1, 9, 347, 543, 6, 24, 742, 453, 57, 4, 43, 414, 10, 564, 8, 114, 592, 503]"
2015,qSYpfVvsc.exe,86,3,datacopy/BB/Files/2014-09-11/qSYpfVvsc.exe,"[3, 1, 2, 1, 5, 90, 30, 157, 176, 286, 19, 61, 1, 9, 347, 543, 6, 24, 742, 453, 57, 4, 43, 414, 10, 564, 8, 114, 592, 503]"
2016,euPcboD.exe,86,3,datacopy/BB/Files/2014-09-11/euPcboD.exe,"[3, 1, 2, 1, 5, 90, 30, 157, 176, 286, 19, 61, 1, 9, 347, 543, 6, 24, 742, 453, 57, 4, 43, 414, 10, 564, 8, 114, 592, 503]"
2017,NF-ELETRONICA-PDF03912030.exe,86,2,datacopy/BB/Files/2014-10-21/NF-ELETRONICA-PDF03912030.exe,"[3, 1, 2, 1, 5, 90, 30, 157, 176, 286, 19, 61, 1, 9, 347, 543, 6, 24, 742, 453, 57, 4, 43, 414, 10, 564, 8, 114, 592, 503]"
2018,ReciboTAM1AA039B701_488125290.exe,86,2,datacopy/BB/Files/2015-02-04/ReciboTAM1AA039B701_488125290.exe,"[3, 1, 2, 1, 5, 90, 30, 157, 176, 286, 19, 61, 1, 9, 347, 543, 6, 24, 742, 453, 57, 4, 43, 414, 10, 564, 8, 114, 592, 503]"
2019,Â°Planilha_OrÃ§amento.PDF.exe,86,219,datacopy/BB/Files/2015-07-30/Â°Planilha_OrÃ§amento.PDF.exe,"[3, 1, 2, 1, 5, 90, 30, 157, 176, 286, 19, 61, 1, 9, 347, 543, 6, 24, 742, 453, 57, 4, 43, 414, 10, 564, 8, 114, 592, 503]"
2020,cleosvaldo1963.exe,86,64,datacopy/BB/Files/2015-07-30/cleosvaldo1963.exe,"[3, 1, 2, 1, 5, 90, 30, 157, 176, 286, 19, 61, 1, 9, 347, 543, 6, 24, 742, 453, 57, 4, 43, 414, 10, 564, 8, 114, 592, 503]"
2021,HexEN.exe,86,3,datacopy/BB/Files/2015-07-30/HexEN.exe,"[3, 1, 2, 1, 5, 90, 30, 157, 176, 286, 19, 61, 1, 9, 347, 543, 6, 24, 742, 453, 57, 4, 43, 414, 10, 564, 8, 114, 592, 503]"
2022,0B_Pfw26UXvkgMDlfYTBIb2czcFU.exe,86,2,datacopy/BB/Files/2014-12-01/0B_Pfw26UXvkgMDlfYTBIb2czcFU.exe,"[3, 1, 2, 1, 5, 90, 30, 157, 176, 286, 19, 61, 1, 9, 347, 543, 6, 24, 742, 453, 57, 4, 43, 414, 10, 564, 8, 114, 592, 503]"
2023,ZhmtRPH.exe,86,3,datacopy/BB/Files/2015-07-06/ZhmtRPH.exe,"[3, 1, 2, 1, 5, 90, 30, 157, 176, 286, 19, 61, 1, 9, 347, 543, 6, 24, 742, 453, 57, 4, 43, 414, 10, 564, 8, 114, 592, 503]"
2024,boleto-010923-0123-0123123.xls.exe,86,3,datacopy/BB/Files/2015-07-06/boleto-010923-0123-0123123.xls.exe,"[3, 1, 2, 1, 5, 90, 30, 157, 176, 286, 19, 61, 1, 9, 347, 543, 6, 24, 742, 453, 57, 4, 43, 414, 10, 564, 8, 114, 592, 503]"
2025,cleosvaldo4047.exe,86,64,datacopy/BB/Files/2015-07-06/cleosvaldo4047.exe,"[3, 1, 2, 1, 5, 90, 30, 157, 176, 286, 19, 61, 1, 9, 347, 543, 6, 24, 742, 453, 57, 4, 43, 414, 10, 564, 8, 114, 592, 503]"
2026,NF_e-64784637.exe,86,2,datacopy/BB/Files/2014-10-17/NF_e-64784637.exe,"[3, 1, 2, 1, 5, 90, 30, 157, 176, 286, 19, 61, 1, 9, 347, 543, 6, 24, 742, 453, 57, 4, 43, 414, 10, 564, 8, 114, 592, 503]"
2027,VoiceMessenger.exe,86,2,datacopy/BB/Files/2014-12-03/VoiceMessenger.exe,"[3, 1, 2, 1, 5, 90, 30, 157, 176, 286, 19, 61, 1, 9, 347, 543, 6, 24, 742, 453, 57, 4, 43, 414, 10, 564, 8, 114, 592, 503]"
2028,Visualizar_Fotos.PNG.exe,86,2,datacopy/BB/Files/2014-12-03/Visualizar_Fotos.PNG.exe,"[3, 1, 2, 1, 5, 90, 30, 157, 176, 286, 19, 61, 1, 9, 347, 543, 6, 24, 742, 453, 57, 4, 43, 414, 10, 564, 8, 114, 592, 503]"
2029,Rtop_up.jpg.exe,86,3,datacopy/BB/Files/2014-12-03/Rtop_up.jpg.exe,"[3, 1, 2, 1, 5, 90, 30, 157, 176, 286, 19, 61, 1, 9, 347, 543, 6, 24, 742, 453, 57, 4, 43, 414, 10, 564, 8, 114, 592, 503]"
2030,INTIMACAO-MPFSCRGAGRTUIOSJDNSOAHDMLOSJPJS.exe,86,2,datacopy/BB/Files/2014-12-03/INTIMACAO-MPFSCRGAGRTUIOSJDNSOAHDMLOSJPJS.exe,"[3, 1, 2, 1, 5, 90, 30, 157, 176, 286, 19, 61, 1, 9, 347, 543, 6, 24, 742, 453, 57, 4, 43, 414, 10, 564, 8, 114, 592, 503]"
2031,aprendiz.jmp.exe,86,3,datacopy/BB/Files/2014-12-11/aprendiz.jmp.exe,"[3, 1, 2, 1, 5, 90, 30, 157, 176, 286, 19, 61, 1, 9, 347, 543, 6, 24, 742, 453, 57, 4, 43, 414, 10, 564, 8, 114, 592, 503]"
2032,lqsfwCPGwxddf.exe,86,3,datacopy/BB/Files/2014-12-11/lqsfwCPGwxddf.exe,"[3, 1, 2, 1, 5, 90, 30, 157, 176, 286, 19, 61, 1, 9, 347, 543, 6, 24, 742, 453, 57, 4, 43, 414, 10, 564, 8, 114, 592, 503]"
2033,baSfrJZcacSh.exe,86,3,datacopy/BB/Files/2015-06-10/baSfrJZcacSh.exe,"[3, 1, 2, 1, 5, 90, 30, 157, 176, 286, 19, 61, 1, 9, 347, 543, 6, 24, 742, 453, 57, 4, 43, 414, 10, 564, 8, 114, 592, 503]"
2034,ScrollsSkyrim.exe,86,64,datacopy/BB/Files/2015-04-27/ScrollsSkyrim.exe,"[3, 1, 2, 1, 5, 90, 30, 157, 176, 286, 19, 61, 1, 9, 347, 543, 6, 24, 742, 453, 57, 4, 43, 414, 10, 564, 8, 114, 592, 503]"
2035,01-333130133745743-NF-e-Emitida.PDF.html.exe,86,3,datacopy/BB/Files/2015-06-17/01-333130133745743-NF-e-Emitida.PDF.html.exe,"[3, 1, 2, 1, 5, 90, 30, 157, 176, 286, 19, 61, 1, 9, 347, 543, 6, 24, 742, 453, 57, 4, 43, 414, 10, 564, 8, 114, 592, 503]"
2036,b50fd9388b21e8d14d055cb022f154a4b60e42fdc1cd7c9437fb812b1e9619bf,86,477,datacopy/Stefano/b50fd9388b21e8d14d055cb022f154a4b60e42fdc1cd7c9437fb812b1e9619bf,"[3, 1, 2, 1, 5, 90, 30, 157, 176, 286, 19, 61, 1, 9, 347, 543, 6, 24, 742, 453, 57, 4, 43, 414, 10, 564, 8, 114, 592, 503]"
2037,b77d02d95f1ffd3b52ea4cd31bd14b9b37012a61e98554e5c8d79aa30d5cef4b,86,3,datacopy/Stefano/b77d02d95f1ffd3b52ea4cd31bd14b9b37012a61e98554e5c8d79aa30d5cef4b,"[3, 1, 2, 1, 5, 90, 30, 157, 176, 286, 19, 61, 1, 9, 347, 543, 6, 24, 742, 453, 57, 4, 43, 414, 10, 564, 8, 114, 592, 503]"
2038,9ce074e3e0e68b048f4b64f62db5157aff634971.bin,88,124,datacopy/UCSB.JP/data_feed.geo_japan_6m_public_flag/9/c/e/9ce074e3e0e68b048f4b64f62db5157aff634971.bin,"[9, 2105, 3, 2161, 40, 1, 1, 1699, 1, 9, 1, 368, 1939, 38, 414, 250, 30, 36, 294, 306, 286, 2, 69, 426, 137, 30, 90, 24, 12, 1]"
2039,58d7cc262763c5f8570fbb8a6e80d99ca7736f39.bin,88,2105,datacopy/UCSB.JP/data_feed.geo_japan_6m_public_flag/5/8/d/58d7cc262763c5f8570fbb8a6e80d99ca7736f39.bin,"[9, 2105, 3, 2161, 40, 1, 1, 1699, 1, 9, 1, 368, 1939, 38, 414, 250, 30, 36, 294, 306, 286, 2, 69, 426, 137, 30, 90, 24, 12, 1]"
2040,50b0be4f0898c6bead9debba1be86f69d147ef6a.bin,88,3,datacopy/UCSB.JP/data_feed.geo_japan_6m_public_flag/5/0/b/50b0be4f0898c6bead9debba1be86f69d147ef6a.bin,"[9, 2105, 3, 2161, 40, 1, 1, 1699, 1, 9, 1, 368, 1939, 38, 414, 250, 30, 36, 294, 306, 286, 2, 69, 426, 137, 30, 90, 24, 12, 1]"
2041,f7d74bf581f731e816a3300729002aa40c612403.bin,88,3,datacopy/UCSB.JP/data_feed.geo_japan_6m_public_flag/f/7/d/f7d74bf581f731e816a3300729002aa40c612403.bin,"[9, 2105, 3, 2161, 40, 1, 1, 1699, 1, 9, 1, 368, 1939, 38, 414, 250, 30, 36, 294, 306, 286, 2, 69, 426, 137, 30, 90, 24, 12, 1]"
2042,c74042a890cc69a0e57f4cace95b63f13f212e3e.bin,88,124,datacopy/UCSB.JP/data_feed.geo_japan_6m_public_flag/c/7/4/c74042a890cc69a0e57f4cace95b63f13f212e3e.bin,"[9, 2105, 3, 2161, 40, 1, 1, 1699, 1, 9, 1, 368, 1939, 38, 414, 250, 30, 36, 294, 306, 286, 2, 69, 426, 137, 30, 90, 24, 12, 1]"
2043,0e3fdf62567a78e940e2fc733ab7b18b62526551.bin,88,124,datacopy/UCSB.JP/data_feed.geo_japan_6m_public_flag/0/e/3/0e3fdf62567a78e940e2fc733ab7b18b62526551.bin,"[9, 2105, 3, 2161, 40, 1, 1, 1699, 1, 9, 1, 368, 1939, 38, 414, 250, 30, 36, 294, 306, 286, 2, 69, 426, 137, 30, 90, 24, 12, 1]"
2044,769fd63aedd6eb0686501f039f8e68a839c0a612.bin,88,2161,datacopy/UCSB.JP/data_feed.geo_japan_6m_public_flag/7/6/9/769fd63aedd6eb0686501f039f8e68a839c0a612.bin,"[9, 2105, 3, 2161, 40, 1, 1, 1699, 1, 9, 1, 368, 1939, 38, 414, 250, 30, 36, 294, 306, 286, 2, 69, 426, 137, 30, 90, 24, 12, 1]"
2045,161b7bb8dc7e1f7355d18bf48a77989b41df49d2.bin,88,80,datacopy/UCSB/161b7bb8dc7e1f7355d18bf48a77989b41df49d2.bin,"[9, 2105, 3, 2161, 40, 1, 1, 1699, 1, 9, 1, 368, 1939, 38, 414, 250, 30, 36, 294, 306, 286, 2, 69, 426, 137, 30, 90, 24, 12, 1]"
2046,f63fd755c825f7a7414a7881ce935f93eaf52e8e.bin,88,1582,datacopy/UCSB/f63fd755c825f7a7414a7881ce935f93eaf52e8e.bin,"[9, 2105, 3, 2161, 40, 1, 1, 1699, 1, 9, 1, 368, 1939, 38, 414, 250, 30, 36, 294, 306, 286, 2, 69, 426, 137, 30, 90, 24, 12, 1]"
2047,9d161ee8c348561128b36cbade13d5e3577bf509.bin,88,1582,datacopy/UCSB/9d161ee8c348561128b36cbade13d5e3577bf509.bin,"[9, 2105, 3, 2161, 40, 1, 1, 1699, 1, 9, 1, 368, 1939, 38, 414, 250, 30, 36, 294, 306, 286, 2, 69, 426, 137, 30, 90, 24, 12, 1]"
2048,91e13c1420793261b9613235715d6f59ef823a97.bin,88,1635,datacopy/UCSB/91e13c1420793261b9613235715d6f59ef823a97.bin,"[9, 2105, 3, 2161, 40, 1, 1, 1699, 1, 9, 1, 368, 1939, 38, 414, 250, 30, 36, 294, 306, 286, 2, 69, 426, 137, 30, 90, 24, 12, 1]"
2049,548df7429e4f3e0e5eec027343a5d130d1bcc677.bin,88,1699,datacopy/UCSB/548df7429e4f3e0e5eec027343a5d130d1bcc677.bin,"[9, 2105, 3, 2161, 40, 1, 1, 1699, 1, 9, 1, 368, 1939, 38, 414, 250, 30, 36, 294, 306, 286, 2, 69, 426, 137, 30, 90, 24, 12, 1]"
2050,6bf2bb63b039ce822351c153f8f3b846cba87f6c.bin,88,1582,datacopy/UCSB/6bf2bb63b039ce822351c153f8f3b846cba87f6c.bin,"[9, 2105, 3, 2161, 40, 1, 1, 1699, 1, 9, 1, 368, 1939, 38, 414, 250, 30, 36, 294, 306, 286, 2, 69, 426, 137, 30, 90, 24, 12, 1]"
2051,363a9aac2ffc415a056a50a109789e88e3f5a73d.bin,88,1740,datacopy/UCSB/363a9aac2ffc415a056a50a109789e88e3f5a73d.bin,"[9, 2105, 3, 2161, 40, 1, 1, 1699, 1, 9, 1, 368, 1939, 38, 414, 250, 30, 36, 294, 306, 286, 2, 69, 426, 137, 30, 90, 24, 12, 1]"
2052,f8a45896338d826ff851373b1643e3f02d1573f8.bin,88,1582,datacopy/UCSB/f8a45896338d826ff851373b1643e3f02d1573f8.bin,"[9, 2105, 3, 2161, 40, 1, 1, 1699, 1, 9, 1, 368, 1939, 38, 414, 250, 30, 36, 294, 306, 286, 2, 69, 426, 137, 30, 90, 24, 12, 1]"
2053,aa6833d8e972fcbd911f5d1d5507ca0a80b2440b.bin,88,1582,datacopy/UCSB/aa6833d8e972fcbd911f5d1d5507ca0a80b2440b.bin,"[9, 2105, 3, 2161, 40, 1, 1, 1699, 1, 9, 1, 368, 1939, 38, 414, 250, 30, 36, 294, 306, 286, 2, 69, 426, 137, 30, 90, 24, 12, 1]"
2054,36d3df37669a3cf54d3aa674510a933e33d5ab24.bin,88,1582,datacopy/UCSB/36d3df37669a3cf54d3aa674510a933e33d5ab24.bin,"[9, 2105, 3, 2161, 40, 1, 1, 1699, 1, 9, 1, 368, 1939, 38, 414, 250, 30, 36, 294, 306, 286, 2, 69, 426, 137, 30, 90, 24, 12, 1]"
2055,8f2063c349cbf175f83ce3a313abf4369e71294b.bin,88,304,datacopy/UCSB/8f2063c349cbf175f83ce3a313abf4369e71294b.bin,"[9, 2105, 3, 2161, 40, 1, 1, 1699, 1, 9, 1, 368, 1939, 38, 414, 250, 30, 36, 294, 306, 286, 2, 69, 426, 137, 30, 90, 24, 12, 1]"
2056,f05a55711bd229bdff757ec6723515f1da0ee0f8.bin,88,1582,datacopy/UCSB/f05a55711bd229bdff757ec6723515f1da0ee0f8.bin,"[9, 2105, 3, 2161, 40, 1, 1, 1699, 1, 9, 1, 368, 1939, 38, 414, 250, 30, 36, 294, 306, 286, 2, 69, 426, 137, 30, 90, 24, 12, 1]"
2057,c6c13c8c354b99f3e0846f3076c61c8cc0fa3598.bin,88,1582,datacopy/UCSB/c6c13c8c354b99f3e0846f3076c61c8cc0fa3598.bin,"[9, 2105, 3, 2161, 40, 1, 1, 1699, 1, 9, 1, 368, 1939, 38, 414, 250, 30, 36, 294, 306, 286, 2, 69, 426, 137, 30, 90, 24, 12, 1]"
2058,aa0f5cc1e5d692a4da852701552773d04d4c065c.bin,88,124,datacopy/UCSB/aa0f5cc1e5d692a4da852701552773d04d4c065c.bin,"[9, 2105, 3, 2161, 40, 1, 1, 1699, 1, 9, 1, 368, 1939, 38, 414, 250, 30, 36, 294, 306, 286, 2, 69, 426, 137, 30, 90, 24, 12, 1]"
2059,fc161e8dfcf1256562bcbc6a6ff6fd9647ff8ded.bin,88,938,datacopy/UCSB/fc161e8dfcf1256562bcbc6a6ff6fd9647ff8ded.bin,"[9, 2105, 3, 2161, 40, 1, 1, 1699, 1, 9, 1, 368, 1939, 38, 414, 250, 30, 36, 294, 306, 286, 2, 69, 426, 137, 30, 90, 24, 12, 1]"
2060,d1217261785bd95d7e2f138f646fb67e71dab5e7.bin,88,3,datacopy/UCSB/d1217261785bd95d7e2f138f646fb67e71dab5e7.bin,"[9, 2105, 3, 2161, 40, 1, 1, 1699, 1, 9, 1, 368, 1939, 38, 414, 250, 30, 36, 294, 306, 286, 2, 69, 426, 137, 30, 90, 24, 12, 1]"
2061,b4c2f70818618712aa40c3f8cc245ac00cc0e59b.bin,88,1740,datacopy/UCSB/b4c2f70818618712aa40c3f8cc245ac00cc0e59b.bin,"[9, 2105, 3, 2161, 40, 1, 1, 1699, 1, 9, 1, 368, 1939, 38, 414, 250, 30, 36, 294, 306, 286, 2, 69, 426, 137, 30, 90, 24, 12, 1]"
2062,e89ba284581199b9584dbfc152a72e01d53b5996.bin,88,1582,datacopy/UCSB/e89ba284581199b9584dbfc152a72e01d53b5996.bin,"[9, 2105, 3, 2161, 40, 1, 1, 1699, 1, 9, 1, 368, 1939, 38, 414, 250, 30, 36, 294, 306, 286, 2, 69, 426, 137, 30, 90, 24, 12, 1]"
2063,de8bf0435de80818ee44b30b5ca0353040c43ed3.bin,88,3,datacopy/UCSB/de8bf0435de80818ee44b30b5ca0353040c43ed3.bin,"[9, 2105, 3, 2161, 40, 1, 1, 1699, 1, 9, 1, 368, 1939, 38, 414, 250, 30, 36, 294, 306, 286, 2, 69, 426, 137, 30, 90, 24, 12, 1]"
2064,0bdd4d59d3c6fa5ac849b55d5567fad176803686.bin,88,109,datacopy/UCSB/0bdd4d59d3c6fa5ac849b55d5567fad176803686.bin,"[9, 2105, 3, 2161, 40, 1, 1, 1699, 1, 9, 1, 368, 1939, 38, 414, 250, 30, 36, 294, 306, 286, 2, 69, 426, 137, 30, 90, 24, 12, 1]"
2065,3bb0be2fc7a8205d89dfd6a8ce6871ff021ba420.bin,88,1939,datacopy/UCSB/3bb0be2fc7a8205d89dfd6a8ce6871ff021ba420.bin,"[9, 2105, 3, 2161, 40, 1, 1, 1699, 1, 9, 1, 368, 1939, 38, 414, 250, 30, 36, 294, 306, 286, 2, 69, 426, 137, 30, 90, 24, 12, 1]"
2066,d87331f3f8cd63607390cf92df3c28c468c4b4eb.bin,88,3,datacopy/UCSB/d87331f3f8cd63607390cf92df3c28c468c4b4eb.bin,"[9, 2105, 3, 2161, 40, 1, 1, 1699, 1, 9, 1, 368, 1939, 38, 414, 250, 30, 36, 294, 306, 286, 2, 69, 426, 137, 30, 90, 24, 12, 1]"
2067,c3bed3f12e2a422501e3e46ac176a4b214b1f991.bin,88,1740,datacopy/UCSB/c3bed3f12e2a422501e3e46ac176a4b214b1f991.bin,"[9, 2105, 3, 2161, 40, 1, 1, 1699, 1, 9, 1, 368, 1939, 38, 414, 250, 30, 36, 294, 306, 286, 2, 69, 426, 137, 30, 90, 24, 12, 1]"
2068,18340dff21448267b42e9c7685432d85b481b28c.bin,88,16,datacopy/UCSB/18340dff21448267b42e9c7685432d85b481b28c.bin,"[9, 2105, 3, 2161, 40, 1, 1, 1699, 1, 9, 1, 368, 1939, 38, 414, 250, 30, 36, 294, 306, 286, 2, 69, 426, 137, 30, 90, 24, 12, 1]"
2069,Comprovante_depo.scaniado20541254.5614561568794531213184.8456154444.541578741.5451554445.exe,88,9,datacopy/BB/Files/2013-04-12/Comprovante_depo.scaniado20541254.5614561568794531213184.8456154444.541578741.5451554445.exe,"[9, 2105, 3, 2161, 40, 1, 1, 1699, 1, 9, 1, 368, 1939, 38, 414, 250, 30, 36, 294, 306, 286, 2, 69, 426, 137, 30, 90, 24, 12, 1]"
2070,limpo.exe,88,3,datacopy/BB/Files/2013-04-08/limpo.exe,"[9, 2105, 3, 2161, 40, 1, 1, 1699, 1, 9, 1, 368, 1939, 38, 414, 250, 30, 36, 294, 306, 286, 2, 69, 426, 137, 30, 90, 24, 12, 1]"
2071,NF-e-0049375.exe,88,250,datacopy/BB/Files/2014-01-15/NF-e-0049375.exe,"[9, 2105, 3, 2161, 40, 1, 1, 1699, 1, 9, 1, 368, 1939, 38, 414, 250, 30, 36, 294, 306, 286, 2, 69, 426, 137, 30, 90, 24, 12, 1]"
2072,FlashPlayer_x86.1.0.2.exe,88,64,datacopy/BB/Files/2013-09-23/FlashPlayer_x86.1.0.2.exe,"[9, 2105, 3, 2161, 40, 1, 1, 1699, 1, 9, 1, 368, 1939, 38, 414, 250, 30, 36, 294, 306, 286, 2, 69, 426, 137, 30, 90, 24, 12, 1]"
2073,Curriculo.docx.exe,88,92,datacopy/BB/Files/2015-06-25/Curriculo.docx.exe,"[9, 2105, 3, 2161, 40, 1, 1, 1699, 1, 9, 1, 368, 1939, 38, 414, 250, 30, 36, 294, 306, 286, 2, 69, 426, 137, 30, 90, 24, 12, 1]"
2074,G_NUDE_1241251235125123123.exe,88,294,datacopy/BB/Files/2012-07-02/G_NUDE_1241251235125123123.exe,"[9, 2105, 3, 2161, 40, 1, 1, 1699, 1, 9, 1, 368, 1939, 38, 414, 250, 30, 36, 294, 306, 286, 2, 69, 426, 137, 30, 90, 24, 12, 1]"
2075,xD1LJiA3TGVKxGJEDTMBQkIpA_dl_1.exe,88,306,datacopy/BB/Files/2013-03-22/xD1LJiA3TGVKxGJEDTMBQkIpA_dl_1.exe,"[9, 2105, 3, 2161, 40, 1, 1, 1699, 1, 9, 1, 368, 1939, 38, 414, 250, 30, 36, 294, 306, 286, 2, 69, 426, 137, 30, 90, 24, 12, 1]"
2076,DebitoEletronico.exe,88,38,datacopy/BB/Files/2013-07-16/DebitoEletronico.exe,"[9, 2105, 3, 2161, 40, 1, 1, 1699, 1, 9, 1, 368, 1939, 38, 414, 250, 30, 36, 294, 306, 286, 2, 69, 426, 137, 30, 90, 24, 12, 1]"
2077,Submarino-NF.exe,88,2,datacopy/BB/Files/2013-12-13/Submarino-NF.exe,"[9, 2105, 3, 2161, 40, 1, 1, 1699, 1, 9, 1, 368, 1939, 38, 414, 250, 30, 36, 294, 306, 286, 2, 69, 426, 137, 30, 90, 24, 12, 1]"
2078,Dep99405940.exe,88,38,datacopy/BB/Files/2013-08-19/Dep99405940.exe,"[9, 2105, 3, 2161, 40, 1, 1, 1699, 1, 9, 1, 368, 1939, 38, 414, 250, 30, 36, 294, 306, 286, 2, 69, 426, 137, 30, 90, 24, 12, 1]"
2079,IMG00540500087889600.exe,88,3,datacopy/BB/Files/2013-08-19/IMG00540500087889600.exe,"[9, 2105, 3, 2161, 40, 1, 1, 1699, 1, 9, 1, 368, 1939, 38, 414, 250, 30, 36, 294, 306, 286, 2, 69, 426, 137, 30, 90, 24, 12, 1]"
2080,avcheck2.exe,88,3,datacopy/BB/Files/2013-11-14/avcheck2.exe,"[9, 2105, 3, 2161, 40, 1, 1, 1699, 1, 9, 1, 368, 1939, 38, 414, 250, 30, 36, 294, 306, 286, 2, 69, 426, 137, 30, 90, 24, 12, 1]"
2081,dados_orcamento.exe,88,118,datacopy/BB/Files/2015-06-16/dados_orcamento.exe,"[9, 2105, 3, 2161, 40, 1, 1, 1699, 1, 9, 1, 368, 1939, 38, 414, 250, 30, 36, 294, 306, 286, 2, 69, 426, 137, 30, 90, 24, 12, 1]"
2082,Comprovante7865875.pdf.exe,88,3,datacopy/BB/Files/2015-04-14/Comprovante7865875.pdf.exe,"[9, 2105, 3, 2161, 40, 1, 1, 1699, 1, 9, 1, 368, 1939, 38, 414, 250, 30, 36, 294, 306, 286, 2, 69, 426, 137, 30, 90, 24, 12, 1]"
2083,Fatura0214541202.exe,88,9,datacopy/BB/Files/2013-05-09/Fatura0214541202.exe,"[9, 2105, 3, 2161, 40, 1, 1, 1699, 1, 9, 1, 368, 1939, 38, 414, 250, 30, 36, 294, 306, 286, 2, 69, 426, 137, 30, 90, 24, 12, 1]"
2084,Copia_Comprovante_PDF.exe,88,3,datacopy/BB/Files/2014-03-19/Copia_Comprovante_PDF.exe,"[9, 2105, 3, 2161, 40, 1, 1, 1699, 1, 9, 1, 368, 1939, 38, 414, 250, 30, 36, 294, 306, 286, 2, 69, 426, 137, 30, 90, 24, 12, 1]"
2085,svcchan.exe,88,3,datacopy/BB/Files/2012-07-04/svcchan.exe,"[9, 2105, 3, 2161, 40, 1, 1, 1699, 1, 9, 1, 368, 1939, 38, 414, 250, 30, 36, 294, 306, 286, 2, 69, 426, 137, 30, 90, 24, 12, 1]"
2086,E_Ticket_SorteadoFIFA_2014.exe,88,9,datacopy/BB/Files/2013-11-06/E_Ticket_SorteadoFIFA_2014.exe,"[9, 2105, 3, 2161, 40, 1, 1, 1699, 1, 9, 1, 368, 1939, 38, 414, 250, 30, 36, 294, 306, 286, 2, 69, 426, 137, 30, 90, 24, 12, 1]"
2087,a_00201316.exe_download_psid_1.exe,88,64,datacopy/BB/Files/2013-09-18/a_00201316.exe_download_psid_1.exe,"[9, 2105, 3, 2161, 40, 1, 1, 1699, 1, 9, 1, 368, 1939, 38, 414, 250, 30, 36, 294, 306, 286, 2, 69, 426, 137, 30, 90, 24, 12, 1]"
2088,Foto.exe_ID3847287384972PROTECT.exe,88,9,datacopy/BB/Files/2013-09-09/Foto.exe_ID3847287384972PROTECT.exe,"[9, 2105, 3, 2161, 40, 1, 1, 1699, 1, 9, 1, 368, 1939, 38, 414, 250, 30, 36, 294, 306, 286, 2, 69, 426, 137, 30, 90, 24, 12, 1]"
2089,AdobeFlash11.exe,88,9,datacopy/BB/Files/2013-05-15/AdobeFlash11.exe,"[9, 2105, 3, 2161, 40, 1, 1, 1699, 1, 9, 1, 368, 1939, 38, 414, 250, 30, 36, 294, 306, 286, 2, 69, 426, 137, 30, 90, 24, 12, 1]"
2090,Comprovante_Deposito_49592.exe,88,426,datacopy/BB/Files/2013-05-15/Comprovante_Deposito_49592.exe,"[9, 2105, 3, 2161, 40, 1, 1, 1699, 1, 9, 1, 368, 1939, 38, 414, 250, 30, 36, 294, 306, 286, 2, 69, 426, 137, 30, 90, 24, 12, 1]"
2091,Get_Adobe_flash_Player11.EXE,88,9,datacopy/BB/Files/2013-04-30/Get_Adobe_flash_Player11.EXE,"[9, 2105, 3, 2161, 40, 1, 1, 1699, 1, 9, 1, 368, 1939, 38, 414, 250, 30, 36, 294, 306, 286, 2, 69, 426, 137, 30, 90, 24, 12, 1]"
2092,020_655487_directDownload_true.exe,88,3,datacopy/BB/Files/2013-09-16/020_655487_directDownload_true.exe,"[9, 2105, 3, 2161, 40, 1, 1, 1699, 1, 9, 1, 368, 1939, 38, 414, 250, 30, 36, 294, 306, 286, 2, 69, 426, 137, 30, 90, 24, 12, 1]"
2093,impressao.exe,88,38,datacopy/BB/Files/2013-10-23/impressao.exe,"[9, 2105, 3, 2161, 40, 1, 1, 1699, 1, 9, 1, 368, 1939, 38, 414, 250, 30, 36, 294, 306, 286, 2, 69, 426, 137, 30, 90, 24, 12, 1]"
2094,Comprovante_28052013.com,88,3,datacopy/BB/Files/2013-05-31/Comprovante_28052013.com,"[9, 2105, 3, 2161, 40, 1, 1, 1699, 1, 9, 1, 368, 1939, 38, 414, 250, 30, 36, 294, 306, 286, 2, 69, 426, 137, 30, 90, 24, 12, 1]"
2095,tERmAufF7POTFZ7ejybyC2pVw_dl_1.exe,88,3,datacopy/BB/Files/2013-05-07/tERmAufF7POTFZ7ejybyC2pVw_dl_1.exe,"[9, 2105, 3, 2161, 40, 1, 1, 1699, 1, 9, 1, 368, 1939, 38, 414, 250, 30, 36, 294, 306, 286, 2, 69, 426, 137, 30, 90, 24, 12, 1]"
2096,Player_MixFM.exe,88,9,datacopy/BB/Files/2013-05-07/Player_MixFM.exe,"[9, 2105, 3, 2161, 40, 1, 1, 1699, 1, 9, 1, 368, 1939, 38, 414, 250, 30, 36, 294, 306, 286, 2, 69, 426, 137, 30, 90, 24, 12, 1]"
2097,DSC023.exe,88,9,datacopy/BB/Files/2013-06-05/DSC023.exe,"[9, 2105, 3, 2161, 40, 1, 1, 1699, 1, 9, 1, 368, 1939, 38, 414, 250, 30, 36, 294, 306, 286, 2, 69, 426, 137, 30, 90, 24, 12, 1]"
2098,03u9rrdlv.exe,88,4,datacopy/BB/Files/2013-11-13/03u9rrdlv.exe,"[9, 2105, 3, 2161, 40, 1, 1, 1699, 1, 9, 1, 368, 1939, 38, 414, 250, 30, 36, 294, 306, 286, 2, 69, 426, 137, 30, 90, 24, 12, 1]"
2099,Serasa_Pendencias.exe_dl_1.exe,88,3,datacopy/BB/Files/2013-04-02/Serasa_Pendencias.exe_dl_1.exe,"[9, 2105, 3, 2161, 40, 1, 1, 1699, 1, 9, 1, 368, 1939, 38, 414, 250, 30, 36, 294, 306, 286, 2, 69, 426, 137, 30, 90, 24, 12, 1]"
2100,AHdxDi.exe,88,3,datacopy/BB/Files/2015-11-24/AHdxDi.exe,"[9, 2105, 3, 2161, 40, 1, 1, 1699, 1, 9, 1, 368, 1939, 38, 414, 250, 30, 36, 294, 306, 286, 2, 69, 426, 137, 30, 90, 24, 12, 1]"
2101,pendencia102941.com,88,3,datacopy/BB/Files/2013-05-10/pendencia102941.com,"[9, 2105, 3, 2161, 40, 1, 1, 1699, 1, 9, 1, 368, 1939, 38, 414, 250, 30, 36, 294, 306, 286, 2, 69, 426, 137, 30, 90, 24, 12, 1]"
2102,0BFQSZoo5YL3FdzFw1FhyJgfw_dl_1.exe,88,3,datacopy/BB/Files/2013-05-10/0BFQSZoo5YL3FdzFw1FhyJgfw_dl_1.exe,"[9, 2105, 3, 2161, 40, 1, 1, 1699, 1, 9, 1, 368, 1939, 38, 414, 250, 30, 36, 294, 306, 286, 2, 69, 426, 137, 30, 90, 24, 12, 1]"
2103,CTIonline_102013.exe,88,64,datacopy/BB/Files/2013-10-17/CTIonline_102013.exe,"[9, 2105, 3, 2161, 40, 1, 1, 1699, 1, 9, 1, 368, 1939, 38, 414, 250, 30, 36, 294, 306, 286, 2, 69, 426, 137, 30, 90, 24, 12, 1]"
2104,RELAT_SPC.exe,88,9,datacopy/BB/Files/2013-06-25/RELAT_SPC.exe,"[9, 2105, 3, 2161, 40, 1, 1, 1699, 1, 9, 1, 368, 1939, 38, 414, 250, 30, 36, 294, 306, 286, 2, 69, 426, 137, 30, 90, 24, 12, 1]"
2105,IP_880_SERASA.com,88,9,datacopy/BB/Files/2013-10-18/IP_880_SERASA.com,"[9, 2105, 3, 2161, 40, 1, 1, 1699, 1, 9, 1, 368, 1939, 38, 414, 250, 30, 36, 294, 306, 286, 2, 69, 426, 137, 30, 90, 24, 12, 1]"
2106,motivo22.exe,88,3,datacopy/BB/Files/2015-12-15/motivo22.exe,"[9, 2105, 3, 2161, 40, 1, 1, 1699, 1, 9, 1, 368, 1939, 38, 414, 250, 30, 36, 294, 306, 286, 2, 69, 426, 137, 30, 90, 24, 12, 1]"
2107,E_Ticket_Copa_do_Mundo_Cod2210201.exe,88,38,datacopy/BB/Files/2013-09-17/E_Ticket_Copa_do_Mundo_Cod2210201.exe,"[9, 2105, 3, 2161, 40, 1, 1, 1699, 1, 9, 1, 368, 1939, 38, 414, 250, 30, 36, 294, 306, 286, 2, 69, 426, 137, 30, 90, 24, 12, 1]"
2108,Youtube_2013_filmagem.exe,88,2,datacopy/BB/Files/2013-04-15/Youtube_2013_filmagem.exe,"[9, 2105, 3, 2161, 40, 1, 1, 1699, 1, 9, 1, 368, 1939, 38, 414, 250, 30, 36, 294, 306, 286, 2, 69, 426, 137, 30, 90, 24, 12, 1]"
2109,osmax.exe,88,3,datacopy/BB/Files/2014-08-14/osmax.exe,"[9, 2105, 3, 2161, 40, 1, 1, 1699, 1, 9, 1, 368, 1939, 38, 414, 250, 30, 36, 294, 306, 286, 2, 69, 426, 137, 30, 90, 24, 12, 1]"
2110,FlashPlayer_v2.exe,88,9,datacopy/BB/Files/2013-07-15/FlashPlayer_v2.exe,"[9, 2105, 3, 2161, 40, 1, 1, 1699, 1, 9, 1, 368, 1939, 38, 414, 250, 30, 36, 294, 306, 286, 2, 69, 426, 137, 30, 90, 24, 12, 1]"
2111,ZFwWSJ35QCY4PcA7UMUesQCvw_dl_1.exe,88,30,datacopy/BB/Files/2013-05-08/ZFwWSJ35QCY4PcA7UMUesQCvw_dl_1.exe,"[9, 2105, 3, 2161, 40, 1, 1, 1699, 1, 9, 1, 368, 1939, 38, 414, 250, 30, 36, 294, 306, 286, 2, 69, 426, 137, 30, 90, 24, 12, 1]"
2112,Serasa-Reports-2013.com,88,9,datacopy/BB/Files/2013-07-02/Serasa-Reports-2013.com,"[9, 2105, 3, 2161, 40, 1, 1, 1699, 1, 9, 1, 368, 1939, 38, 414, 250, 30, 36, 294, 306, 286, 2, 69, 426, 137, 30, 90, 24, 12, 1]"
2113,pwsys32.exe,88,3,datacopy/BB/Files/2013-11-18/pwsys32.exe,"[9, 2105, 3, 2161, 40, 1, 1, 1699, 1, 9, 1, 368, 1939, 38, 414, 250, 30, 36, 294, 306, 286, 2, 69, 426, 137, 30, 90, 24, 12, 1]"
2114,Multas_Online102013.exe,88,113,datacopy/BB/Files/2013-10-10/Multas_Online102013.exe,"[9, 2105, 3, 2161, 40, 1, 1, 1699, 1, 9, 1, 368, 1939, 38, 414, 250, 30, 36, 294, 306, 286, 2, 69, 426, 137, 30, 90, 24, 12, 1]"
2115,cade.exe,88,161,datacopy/BB/Files/2015-10-21/cade.exe,"[9, 2105, 3, 2161, 40, 1, 1, 1699, 1, 9, 1, 368, 1939, 38, 414, 250, 30, 36, 294, 306, 286, 2, 69, 426, 137, 30, 90, 24, 12, 1]"
2116,Visualizar_SerasaOnline102151.exe,88,212,datacopy/BB/Files/2013-12-09/Visualizar_SerasaOnline102151.exe,"[9, 2105, 3, 2161, 40, 1, 1, 1699, 1, 9, 1, 368, 1939, 38, 414, 250, 30, 36, 294, 306, 286, 2, 69, 426, 137, 30, 90, 24, 12, 1]"
2117,java_update_5.1.43.exe,88,3,datacopy/BB/Files/2013-05-03/java_update_5.1.43.exe,"[9, 2105, 3, 2161, 40, 1, 1, 1699, 1, 9, 1, 368, 1939, 38, 414, 250, 30, 36, 294, 306, 286, 2, 69, 426, 137, 30, 90, 24, 12, 1]"
2118,Boleto20130804.exe,88,9,datacopy/BB/Files/2013-04-10/Boleto20130804.exe,"[9, 2105, 3, 2161, 40, 1, 1, 1699, 1, 9, 1, 368, 1939, 38, 414, 250, 30, 36, 294, 306, 286, 2, 69, 426, 137, 30, 90, 24, 12, 1]"
2119,3_06641145_directDownload_true.exe,88,250,datacopy/BB/Files/2013-12-23/3_06641145_directDownload_true.exe,"[9, 2105, 3, 2161, 40, 1, 1, 1699, 1, 9, 1, 368, 1939, 38, 414, 250, 30, 36, 294, 306, 286, 2, 69, 426, 137, 30, 90, 24, 12, 1]"
2120,1020_91027_directDownload_true.exe,88,3,datacopy/BB/Files/2013-08-30/1020_91027_directDownload_true.exe,"[9, 2105, 3, 2161, 40, 1, 1, 1699, 1, 9, 1, 368, 1939, 38, 414, 250, 30, 36, 294, 306, 286, 2, 69, 426, 137, 30, 90, 24, 12, 1]"
2121,visualizar_boleto.php.exe,88,3,datacopy/BB/Files/2013-04-01/visualizar_boleto.php.exe,"[9, 2105, 3, 2161, 40, 1, 1, 1699, 1, 9, 1, 368, 1939, 38, 414, 250, 30, 36, 294, 306, 286, 2, 69, 426, 137, 30, 90, 24, 12, 1]"
2122,3900.4719.780.exe,88,715,datacopy/BB/Files/2013-09-25/3900.4719.780.exe,"[9, 2105, 3, 2161, 40, 1, 1, 1699, 1, 9, 1, 368, 1939, 38, 414, 250, 30, 36, 294, 306, 286, 2, 69, 426, 137, 30, 90, 24, 12, 1]"
2123,91188_pdf.exe,88,9,datacopy/BB/Files/2013-09-25/91188_pdf.exe,"[9, 2105, 3, 2161, 40, 1, 1, 1699, 1, 9, 1, 368, 1939, 38, 414, 250, 30, 36, 294, 306, 286, 2, 69, 426, 137, 30, 90, 24, 12, 1]"
2124,94d401682818c9df90c653fb51912c382c73727f.bin,89,1183,datacopy/UCSB.JP/data_feed.geo_japan_6m_public_flag/9/4/d/94d401682818c9df90c653fb51912c382c73727f.bin,[2]
2125,4ea163a8e2ccc842013a1e981ee49035e5a99e52e6065dee3169af36596a7993,89,1183,datacopy/Stefano/4ea163a8e2ccc842013a1e981ee49035e5a99e52e6065dee3169af36596a7993,[2]
2126,0aa1d76b5796122915e8acaa06a8b982c5c5e05a0d1f27691e5f88f6fd50764e,89,1183,datacopy/Stefano/0aa1d76b5796122915e8acaa06a8b982c5c5e05a0d1f27691e5f88f6fd50764e,[2]
2127,0ec6eb99b294ed973590d0f143d3b79da42d826375026e39e117b2e6937f67ef,89,1183,datacopy/Stefano/0ec6eb99b294ed973590d0f143d3b79da42d826375026e39e117b2e6937f67ef,[2]
2128,c4a59ab918d32d6892db2239f9f64c0e01c171d6b2da90eaedb54b807944263d,89,1183,datacopy/Stefano/c4a59ab918d32d6892db2239f9f64c0e01c171d6b2da90eaedb54b807944263d,[2]
2129,239bf9c6ea35ab3df07b6dafbdfa6db69343de87b02774db7ff618ecb83864b0,89,1183,datacopy/Stefano/239bf9c6ea35ab3df07b6dafbdfa6db69343de87b02774db7ff618ecb83864b0,[2]
2130,3a25971abfad83f7daf3af5c73a1f1bfd97153f4ea889af774c233bdfad5cf81,89,1183,datacopy/Stefano/3a25971abfad83f7daf3af5c73a1f1bfd97153f4ea889af774c233bdfad5cf81,[2]
2131,be2849874eca791217bae2b96b52bdfc7d3774e4ea8afdd9036b11c02073df90,89,1183,datacopy/Stefano/be2849874eca791217bae2b96b52bdfc7d3774e4ea8afdd9036b11c02073df90,[2]
2132,b12aabe48d81015707e91a96d3d937c295f9871fda63fc590f408cace0003001,89,1183,datacopy/Stefano/b12aabe48d81015707e91a96d3d937c295f9871fda63fc590f408cace0003001,[2]
2133,ff0a6e2ea703530547aa9eb3d378d46991e96f5d63ca8494459f92218d22b089,89,1183,datacopy/Stefano/ff0a6e2ea703530547aa9eb3d378d46991e96f5d63ca8494459f92218d22b089,[2]
2134,d38d442bc93514e328ab74a623577064cc66c323.bin,97,1258,datacopy/UCSB.JP/data_feed.geo_japan_6m_public_flag/d/3/8/d38d442bc93514e328ab74a623577064cc66c323.bin,[10]
2135,c73e5b3737b6f40a32f2afb7c8760ffdd8dea85f.bin,97,1258,datacopy/UCSB.JP/data_feed.geo_japan_6m_public_flag/c/7/3/c73e5b3737b6f40a32f2afb7c8760ffdd8dea85f.bin,[10]
2136,442c290b74b4a1b7330519fa6028be2f124913ba.bin,97,1258,datacopy/UCSB.JP/data_feed.geo_japan_6m_public_flag/4/4/2/442c290b74b4a1b7330519fa6028be2f124913ba.bin,[10]
2137,6393f2e26951bce9b49410168c82ae7007c776ec.bin,97,1258,datacopy/UCSB.JP/data_feed.geo_japan_6m_public_flag/6/3/9/6393f2e26951bce9b49410168c82ae7007c776ec.bin,[10]
2138,5f3902f54c576e6a0fc45f2efb5e108c10db1763.bin,97,1258,datacopy/UCSB/5f3902f54c576e6a0fc45f2efb5e108c10db1763.bin,[10]
2139,476cc12e6454b66a379939a73a42eb53f3480e8a.bin,97,1258,datacopy/UCSB/476cc12e6454b66a379939a73a42eb53f3480e8a.bin,[10]
2140,ca2487848e8927750cdc9028023979b940211a54.bin,97,1258,datacopy/UCSB/ca2487848e8927750cdc9028023979b940211a54.bin,[10]
2141,1d984c0bd89f9e3c6cd04ead691cc547cd686ba7.bin,97,1258,datacopy/UCSB/1d984c0bd89f9e3c6cd04ead691cc547cd686ba7.bin,[10]
2142,383933a9064354b2c19dee012bf32dc4e66b5c64.bin,97,1258,datacopy/UCSB/383933a9064354b2c19dee012bf32dc4e66b5c64.bin,[10]
2143,9adf27945bb8d53183b73605ff0d5031ef3477db.bin,97,1258,datacopy/UCSB/9adf27945bb8d53183b73605ff0d5031ef3477db.bin,[10]
2144,9e31f0997bab2f1aa6ffcc39c3fe7efad88a1f21.bin,97,1258,datacopy/UCSB/9e31f0997bab2f1aa6ffcc39c3fe7efad88a1f21.bin,[10]
2145,2fde06402f8d338bb3076a9f0813a343089471da.bin,97,1258,datacopy/UCSB/2fde06402f8d338bb3076a9f0813a343089471da.bin,[10]
2146,ed06e3a52a86336f0dd1de7aeb16bfdbba243295.bin,97,1258,datacopy/UCSB/ed06e3a52a86336f0dd1de7aeb16bfdbba243295.bin,[10]
2147,ddb0cc4f46bd8624156d47f4b5939c601a822990.bin,97,1258,datacopy/UCSB/ddb0cc4f46bd8624156d47f4b5939c601a822990.bin,[10]
2148,af1d144ae3633dd9a0a7ee7e3de447b0c285cd1c.bin,97,1258,datacopy/UCSB/af1d144ae3633dd9a0a7ee7e3de447b0c285cd1c.bin,[10]
2149,9ccd1fef00767ea22f39dd6530d30008ed8a2cc7.bin,97,1258,datacopy/UCSB/9ccd1fef00767ea22f39dd6530d30008ed8a2cc7.bin,[10]
2150,0989fb6d8a6301987c2b675f49548e71b8aa6154.bin,97,1258,datacopy/UCSB/0989fb6d8a6301987c2b675f49548e71b8aa6154.bin,[10]
2151,6bb7c3e3293c3ab6695e18c3ac4a835e13a6821e.bin,97,1258,datacopy/UCSB/6bb7c3e3293c3ab6695e18c3ac4a835e13a6821e.bin,[10]
2152,a5b0a2c265f2550e48a39b8b9bc44031e8afbc99.bin,97,1258,datacopy/UCSB/a5b0a2c265f2550e48a39b8b9bc44031e8afbc99.bin,[10]
2153,36a7651186302fb18656a6d0f4c23dd262d56760.bin,97,1258,datacopy/UCSB/36a7651186302fb18656a6d0f4c23dd262d56760.bin,[10]
2154,19419450cfd4b1d9da21b774025d90e5a818763b.bin,97,1258,datacopy/UCSB/19419450cfd4b1d9da21b774025d90e5a818763b.bin,[10]
2155,b6ed0496424991c41fda8bfd9d503ebb220ebe83.bin,97,1258,datacopy/UCSB/b6ed0496424991c41fda8bfd9d503ebb220ebe83.bin,[10]
2156,87b25b7c7c4a57ac309354f5de6fd07a7024d19a.bin,97,1258,datacopy/UCSB/87b25b7c7c4a57ac309354f5de6fd07a7024d19a.bin,[10]
2157,42c966aa7753aaf139bc204fea7e77129c7f6449.bin,97,1258,datacopy/UCSB/42c966aa7753aaf139bc204fea7e77129c7f6449.bin,[10]
2158,9bbaf954d68d95596546f35ec19594308edf214f.bin,97,1258,datacopy/UCSB/9bbaf954d68d95596546f35ec19594308edf214f.bin,[10]
2159,1e0b56badb138bc4a4d58cdb392374dab970c820.bin,97,1258,datacopy/UCSB/1e0b56badb138bc4a4d58cdb392374dab970c820.bin,[10]
2160,6c4560667a254a6694b031cc8f0d303aaf1a70ee.bin,97,1258,datacopy/UCSB/6c4560667a254a6694b031cc8f0d303aaf1a70ee.bin,[10]
2161,cfe2a18bf1033864d763ed7b7e077e42ad430727.bin,97,1258,datacopy/UCSB/cfe2a18bf1033864d763ed7b7e077e42ad430727.bin,[10]
2162,ad4be6ba993afd2560be31c082bf49e407fc82a7.bin,97,1258,datacopy/UCSB/ad4be6ba993afd2560be31c082bf49e407fc82a7.bin,[10]
2163,1f72168815b6b5112d40a3c6507ada12e0ea798f.bin,97,1258,datacopy/UCSB/1f72168815b6b5112d40a3c6507ada12e0ea798f.bin,[10]
2164,32648cb5385c9cf76483a88cc161acf5ac1dfd5d.bin,97,1258,datacopy/UCSB/32648cb5385c9cf76483a88cc161acf5ac1dfd5d.bin,[10]
2165,45fc24118de736fa1c21bc2b4edfaa391026548b.bin,97,1258,datacopy/UCSB/45fc24118de736fa1c21bc2b4edfaa391026548b.bin,[10]
2166,fcce9688ccbb7fd5a1debc4c863c5eb8df811054.bin,97,1258,datacopy/UCSB/fcce9688ccbb7fd5a1debc4c863c5eb8df811054.bin,[10]
2167,06453b29ae2160aa702d8c4136ab1398585a4797.bin,97,1258,datacopy/UCSB/06453b29ae2160aa702d8c4136ab1398585a4797.bin,[10]
2168,05fe8841f0b0dde7c785b96fc0ed3256e7c93548.bin,97,1258,datacopy/UCSB/05fe8841f0b0dde7c785b96fc0ed3256e7c93548.bin,[10]
2169,e493d7e4de1a3294ce77170d38a1f340aad369bd.bin,97,1258,datacopy/UCSB/e493d7e4de1a3294ce77170d38a1f340aad369bd.bin,[10]
2170,9aad1a7a2bc34b75c872773d0720d7d891f64737.bin,97,1258,datacopy/UCSB/9aad1a7a2bc34b75c872773d0720d7d891f64737.bin,[10]
2171,5dd30af8263724ab58930bc82939c1c96ffe46a6.bin,97,1258,datacopy/UCSB/5dd30af8263724ab58930bc82939c1c96ffe46a6.bin,[10]
2172,989c068f34ff7546e9157d5a8a2f9159a400d147.bin,97,1258,datacopy/UCSB/989c068f34ff7546e9157d5a8a2f9159a400d147.bin,[10]
2173,4e98fdff10922198a66b0067fc67de5c11757204.bin,97,1258,datacopy/UCSB/4e98fdff10922198a66b0067fc67de5c11757204.bin,[10]
2174,60c04f0f11ccd9aa32a3c9958243f1db75ea7987.bin,97,1258,datacopy/UCSB/60c04f0f11ccd9aa32a3c9958243f1db75ea7987.bin,[10]
2175,d8808ce94a8358e5b29ea38eae79a4a865eb5675.bin,97,1258,datacopy/UCSB/d8808ce94a8358e5b29ea38eae79a4a865eb5675.bin,[10]
2176,aa8dc4de8a293e594553390a2c1f7af79415809d.bin,97,1258,datacopy/UCSB/aa8dc4de8a293e594553390a2c1f7af79415809d.bin,[10]
2177,0633866e5a95c263dbf19f047d49c2035dd28d0f.bin,97,1258,datacopy/UCSB/0633866e5a95c263dbf19f047d49c2035dd28d0f.bin,[10]
2178,4c2be079edd53298801cc7314c461443ece1bd2a.bin,97,1258,datacopy/UCSB/4c2be079edd53298801cc7314c461443ece1bd2a.bin,[10]
2179,22be46b14594f2dced292b10d700f3e86b4862a1.bin,97,1258,datacopy/UCSB/22be46b14594f2dced292b10d700f3e86b4862a1.bin,[10]
2180,c97fb5f15179b84d28809ff1e15b126501a33f7e.bin,97,1258,datacopy/UCSB/c97fb5f15179b84d28809ff1e15b126501a33f7e.bin,[10]
2181,d8d06745c26e818d66930e55de4615c2040362ef.bin,97,1258,datacopy/UCSB/d8d06745c26e818d66930e55de4615c2040362ef.bin,[10]
2182,3eb9fe8ee50f7dcac3ea872d3c744e379165802b.bin,97,1258,datacopy/UCSB/3eb9fe8ee50f7dcac3ea872d3c744e379165802b.bin,[10]
2183,b1d821e0b35f8555e3616a1db3b85cbcb0da5be4.bin,97,1258,datacopy/UCSB/b1d821e0b35f8555e3616a1db3b85cbcb0da5be4.bin,[10]
2184,34294b4a1538f82b23e15f549cf6fafa43690de5.bin,97,1258,datacopy/UCSB/34294b4a1538f82b23e15f549cf6fafa43690de5.bin,[10]
2185,9af99dbdecbb3e5e01ea845aa23e9488b0ca8fca.bin,97,1258,datacopy/UCSB/9af99dbdecbb3e5e01ea845aa23e9488b0ca8fca.bin,[10]
2186,9d7e7f686c6e9193dae7179387e6b9502caa731e.bin,97,1258,datacopy/UCSB/9d7e7f686c6e9193dae7179387e6b9502caa731e.bin,[10]
2187,a1b05ade35483c12beb7302e28f91657dc71ed3a.bin,97,1258,datacopy/UCSB/a1b05ade35483c12beb7302e28f91657dc71ed3a.bin,[10]
2188,543a064f87043586ef8f82041044653cfa7a007d.bin,97,1258,datacopy/UCSB/543a064f87043586ef8f82041044653cfa7a007d.bin,[10]
2189,11de17110a1f5e9f44985d733d0a490baceedfcbe1bbe61ee4ab6a20f9ea34e3,97,1258,datacopy/Stefano/11de17110a1f5e9f44985d733d0a490baceedfcbe1bbe61ee4ab6a20f9ea34e3,[10]
2190,df0ab1fae3a22eb65dd7aa2dcbb130d3ef6604cf111a8d1754c0d45870c9b90c,97,1258,datacopy/Stefano/df0ab1fae3a22eb65dd7aa2dcbb130d3ef6604cf111a8d1754c0d45870c9b90c,[10]
2191,5ab6585b137e70004448397ea877918b8c13ed0929e718f02f302f593f80a1d4,97,1258,datacopy/Stefano/5ab6585b137e70004448397ea877918b8c13ed0929e718f02f302f593f80a1d4,[10]
2192,2132100289dd738fc0cb44aaeeb2955d73efda3b1072996f7127a079c161fc80,97,1258,datacopy/Stefano/2132100289dd738fc0cb44aaeeb2955d73efda3b1072996f7127a079c161fc80,[10]
2193,e5f53f610ca7efdb335ce0b24caed0c515ca51129ddbec52602c0c6728b61dc0,97,1258,datacopy/Stefano/e5f53f610ca7efdb335ce0b24caed0c515ca51129ddbec52602c0c6728b61dc0,[10]
2194,81d7c2a36826d21ae19edb370dd6cdb6de1a92f34d7321309a5a1633253b09c5,97,1258,datacopy/Stefano/81d7c2a36826d21ae19edb370dd6cdb6de1a92f34d7321309a5a1633253b09c5,[10]
2195,45000a33f0901a070c2caca3d5a1f1de76fcf8911c723ef9c5ee35bc684f849f,97,1258,datacopy/Stefano/45000a33f0901a070c2caca3d5a1f1de76fcf8911c723ef9c5ee35bc684f849f,[10]
2196,a53237c8d093046166d35b1a23fec85c03f423f6a8dfe1a6beff15498a7984a9,97,1258,datacopy/Stefano/a53237c8d093046166d35b1a23fec85c03f423f6a8dfe1a6beff15498a7984a9,[10]
2197,d051d78e9b1af7c87ab784f360ee9f46404bbcc44ed686817e0a398606519dfd,97,1258,datacopy/Stefano/d051d78e9b1af7c87ab784f360ee9f46404bbcc44ed686817e0a398606519dfd,[10]
2198,de550676a42cf68f60ee5dc53b122e0dcb0997f8a5db4bfd02faaf1849092e2f,97,1258,datacopy/Stefano/de550676a42cf68f60ee5dc53b122e0dcb0997f8a5db4bfd02faaf1849092e2f,[10]
2199,f6df81f70d9b58db4a435dc880259409a1c49f50b703966c2d0ef598d101d6b4,97,1258,datacopy/Stefano/f6df81f70d9b58db4a435dc880259409a1c49f50b703966c2d0ef598d101d6b4,[10]
2200,d174e6da26f3373a581f4bc2f7929edeb3bc917b.bin,99,1157,datacopy/UCSB.JP/data_feed.geo_japan_6m_public_flag/d/1/7/d174e6da26f3373a581f4bc2f7929edeb3bc917b.bin,[5]
2201,441d7ab7e872ac160aac666226ef2ff2c60bb755.bin,99,1157,datacopy/UCSB.JP/data_feed.geo_japan_6m_public_flag/4/4/1/441d7ab7e872ac160aac666226ef2ff2c60bb755.bin,[5]
2202,635e99fd86e46530a505cd15b1b6687836bf4c89.bin,99,1157,datacopy/UCSB/635e99fd86e46530a505cd15b1b6687836bf4c89.bin,[5]
2203,95aad0b6cf161d860c9516040474b939d7b99962.bin,99,1157,datacopy/UCSB/95aad0b6cf161d860c9516040474b939d7b99962.bin,[5]
2204,9bf365aee38c3d0a320fa4645858f46c7561f0f9.bin,99,1157,datacopy/UCSB/9bf365aee38c3d0a320fa4645858f46c7561f0f9.bin,[5]
2205,a9d57cb8a658ff1b8a9dbe7b6cbb5982e8cf1a86.bin,99,1157,datacopy/UCSB/a9d57cb8a658ff1b8a9dbe7b6cbb5982e8cf1a86.bin,[5]
2206,7fc90ee9985d309cc649c56c94b99d4deae7e62f.bin,99,1157,datacopy/UCSB/7fc90ee9985d309cc649c56c94b99d4deae7e62f.bin,[5]
2207,e5ca9d4b267b7253ddd83288cd8c24f6db866d68.bin,99,1157,datacopy/UCSB/e5ca9d4b267b7253ddd83288cd8c24f6db866d68.bin,[5]
2208,903a98cf10f0d3547d04a7b060173db7e1fa7409.bin,99,1157,datacopy/UCSB/903a98cf10f0d3547d04a7b060173db7e1fa7409.bin,[5]
2209,22ee61f9c2ed7d3671193dc6afcd2ed004ef45af.bin,99,1157,datacopy/UCSB/22ee61f9c2ed7d3671193dc6afcd2ed004ef45af.bin,[5]
2210,742c83f38b0f9a6b4f2f9b2aee51c37545b2945a.bin,99,1157,datacopy/UCSB/742c83f38b0f9a6b4f2f9b2aee51c37545b2945a.bin,[5]
2211,9822d94f0959f9f52ffd96b2f7c4a3de2bb89958.bin,99,1157,datacopy/UCSB/9822d94f0959f9f52ffd96b2f7c4a3de2bb89958.bin,[5]
2212,5041ab47055532a03e9d27b5da1343b778ddf6bd.bin,99,1157,datacopy/UCSB/5041ab47055532a03e9d27b5da1343b778ddf6bd.bin,[5]
2213,7c4d765cd9157a94c86e1d0877f5bc1cdee1c68f.bin,99,1157,datacopy/UCSB/7c4d765cd9157a94c86e1d0877f5bc1cdee1c68f.bin,[5]
2214,88c5c2f95f3099a1df79bef04d07100074d67de2.bin,99,1157,datacopy/UCSB/88c5c2f95f3099a1df79bef04d07100074d67de2.bin,[5]
2215,2cdf09620fc559194b0143b4d33c3b56eab58e54.bin,99,1157,datacopy/UCSB/2cdf09620fc559194b0143b4d33c3b56eab58e54.bin,[5]
2216,a8fee0149d446ba101f1e71edd608c843a935e01.bin,99,1157,datacopy/UCSB/a8fee0149d446ba101f1e71edd608c843a935e01.bin,[5]
2217,bf5921babcaf162928003378bc7b6b79d7640dd0.bin,99,1157,datacopy/UCSB/bf5921babcaf162928003378bc7b6b79d7640dd0.bin,[5]
2218,cae409e0aaacebfaabbe7256a4cb4b834053e8ef.bin,99,1157,datacopy/UCSB/cae409e0aaacebfaabbe7256a4cb4b834053e8ef.bin,[5]
2219,09651f308f6b34db3d98461217ba1bf70952f08e.bin,99,1157,datacopy/UCSB/09651f308f6b34db3d98461217ba1bf70952f08e.bin,[5]
2220,63a027954382755c4c6d995a104f4bd0f2f68a87.bin,99,1157,datacopy/UCSB/63a027954382755c4c6d995a104f4bd0f2f68a87.bin,[5]
2221,cb7ed2dfe12ff38b319752433f2bb26c5b646a07.bin,99,1157,datacopy/UCSB/cb7ed2dfe12ff38b319752433f2bb26c5b646a07.bin,[5]
2222,caef1630aa23b5d3b416c2ab72c75d87c768cc76.bin,99,1157,datacopy/UCSB/caef1630aa23b5d3b416c2ab72c75d87c768cc76.bin,[5]
2223,4a8f66e76cc5614ea0560765a58164b5eaa64b20.bin,99,1157,datacopy/UCSB/4a8f66e76cc5614ea0560765a58164b5eaa64b20.bin,[5]
2224,b4e4f3fffd72646994810497b5573e4b27567dc0.bin,99,1157,datacopy/UCSB/b4e4f3fffd72646994810497b5573e4b27567dc0.bin,[5]
2225,1207a9c6040d5651adcbfd35b9d39d923cddc48086212dac8efc5094919d7c8c,99,1157,datacopy/Stefano/1207a9c6040d5651adcbfd35b9d39d923cddc48086212dac8efc5094919d7c8c,[5]
2226,56bbccc0d7b0f0347cf8aec6b14ed25dab5086cdadf13899c51a46576af4b2cd,99,1157,datacopy/Stefano/56bbccc0d7b0f0347cf8aec6b14ed25dab5086cdadf13899c51a46576af4b2cd,[5]
2227,645f6ec08d120c9a7f00edc0321298d8a85066f36290b926e6d871cd7a402a4c,99,1157,datacopy/Stefano/645f6ec08d120c9a7f00edc0321298d8a85066f36290b926e6d871cd7a402a4c,[5]
2228,cbb7ff8e85ecdb6d59f9f3765c0cc1f7a763f19d30d631eb7e9654bf65cd3569,99,1157,datacopy/Stefano/cbb7ff8e85ecdb6d59f9f3765c0cc1f7a763f19d30d631eb7e9654bf65cd3569,[5]
2229,93ad92186bb6bf74f08ccc6b26fda002356e09b6ecfc4129d9872c179b750f66,99,1157,datacopy/Stefano/93ad92186bb6bf74f08ccc6b26fda002356e09b6ecfc4129d9872c179b750f66,[5]
2230,c4e87b7427368874b93628e38c52e78c8c417b920f7fd75ad886b5ee6ef973af,99,1157,datacopy/Stefano/c4e87b7427368874b93628e38c52e78c8c417b920f7fd75ad886b5ee6ef973af,[5]
2231,7e00b6d9cfd564771bc1ea1b00bfdddf17cf8e9ec935ceafdb0a3d723c1dbea5,99,1157,datacopy/Stefano/7e00b6d9cfd564771bc1ea1b00bfdddf17cf8e9ec935ceafdb0a3d723c1dbea5,[5]
2232,aa8df3b707858e1fda99e928ac3bf5bbf1a1428a734d8926a8993fa61259cd1d,99,1157,datacopy/Stefano/aa8df3b707858e1fda99e928ac3bf5bbf1a1428a734d8926a8993fa61259cd1d,[5]
2233,5d9fc02ed5e9ae9b77d8dc849affeaa1db16bc971b2def94cacabcddbf8fb834,99,1157,datacopy/Stefano/5d9fc02ed5e9ae9b77d8dc849affeaa1db16bc971b2def94cacabcddbf8fb834,[5]
2234,a97f332e6baac9f71764218dcd9584811979dac2f6f9b64559999670428b0723,99,1157,datacopy/Stefano/a97f332e6baac9f71764218dcd9584811979dac2f6f9b64559999670428b0723,[5]
2235,840a23d9a12b1ca79b4b5436f4e9e5544f900cb78a8dfbb40d799f017b828b6d,99,1157,datacopy/Stefano/840a23d9a12b1ca79b4b5436f4e9e5544f900cb78a8dfbb40d799f017b828b6d,[5]
2236,49eb2485a9ef74bb36918b0ff42dfce1e5dd388661e669fadbf3dc081b12fc8d,99,1157,datacopy/Stefano/49eb2485a9ef74bb36918b0ff42dfce1e5dd388661e669fadbf3dc081b12fc8d,[5]
2237,cd7ec790aea495dbd284b9fd6a5777bf92d902232c880411b5a319e125bb1375,99,1157,datacopy/Stefano/cd7ec790aea495dbd284b9fd6a5777bf92d902232c880411b5a319e125bb1375,[5]
2238,04cda32f910bec4744e4ac1fca5ad27195195c1c198175e6c1bff2b797f3e629,99,1157,datacopy/Stefano/04cda32f910bec4744e4ac1fca5ad27195195c1c198175e6c1bff2b797f3e629,[5]
2239,a6d8446c644af81be8ddd1ba05b0f7dc88348e948e340e3b4377007d1d0e89a2,99,1157,datacopy/Stefano/a6d8446c644af81be8ddd1ba05b0f7dc88348e948e340e3b4377007d1d0e89a2,[5]
2240,a00f120c144e51e804a21efdf98c27d8648a178999a490145b739a38465d9bcf,99,1157,datacopy/Stefano/a00f120c144e51e804a21efdf98c27d8648a178999a490145b739a38465d9bcf,[5]
2241,ce79fff395fbca88bad0310a214c63c05be661bbbe2e3bc87d0b3ef0fa0de356,99,1157,datacopy/Stefano/ce79fff395fbca88bad0310a214c63c05be661bbbe2e3bc87d0b3ef0fa0de356,[5]
2242,aa61dd60fff026c41e4515140ceda668f46e3d1e976c9a934ffbe0dc7d5a1c8d,99,1157,datacopy/Stefano/aa61dd60fff026c41e4515140ceda668f46e3d1e976c9a934ffbe0dc7d5a1c8d,[5]
2243,45cfbee8b4c3a008840b2b6fdc3e4c0e9f7159dae9e0055ae205857efcd83246,99,1157,datacopy/Stefano/45cfbee8b4c3a008840b2b6fdc3e4c0e9f7159dae9e0055ae205857efcd83246,[5]
2244,042c34db72afe4e7a5f6d9e5f0dafc1f39f364930668fd501eeeec41a01dd29c,99,1157,datacopy/Stefano/042c34db72afe4e7a5f6d9e5f0dafc1f39f364930668fd501eeeec41a01dd29c,[5]
2245,a5aa449e95cfface16f79d828945595f4abfdbea7e84e1ab62d0d6c1f44a20f4,99,1157,datacopy/Stefano/a5aa449e95cfface16f79d828945595f4abfdbea7e84e1ab62d0d6c1f44a20f4,[5]
2246,1fc941a09812a8ae80e2f74ebf66f9a1d3338baf180f2b9e3ebd24e99819815c,99,1157,datacopy/Stefano/1fc941a09812a8ae80e2f74ebf66f9a1d3338baf180f2b9e3ebd24e99819815c,[5]
2247,25a1f8590caab0bc41034da5a165964c6789f24d4db902aa20e3785187866734,99,1157,datacopy/Stefano/25a1f8590caab0bc41034da5a165964c6789f24d4db902aa20e3785187866734,[5]
2248,27e1a89edff80007955d480d5aa458063b4fff7445e218934a823c00659145c3,99,1157,datacopy/Stefano/27e1a89edff80007955d480d5aa458063b4fff7445e218934a823c00659145c3,[5]
2249,5aa74252423b26165f47a7bca8ff8d060e62493d688b265d049919d414d7ffcd,99,1157,datacopy/Stefano/5aa74252423b26165f47a7bca8ff8d060e62493d688b265d049919d414d7ffcd,[5]
2250,1dd5718c174247e1520fa6ecabcb6185c0cbca79f4f30b802b2ef7762402c586,99,1157,datacopy/Stefano/1dd5718c174247e1520fa6ecabcb6185c0cbca79f4f30b802b2ef7762402c586,[5]
2251,2b58237ef3d14a025d015ec1f1ac82c1cb35954372b5b618370b0bcebbbe9f69,99,1157,datacopy/Stefano/2b58237ef3d14a025d015ec1f1ac82c1cb35954372b5b618370b0bcebbbe9f69,[5]
2252,ff4923767c721266102f76e712279da132677a3787cf954d9b3840c01ae5d397,99,1157,datacopy/Stefano/ff4923767c721266102f76e712279da132677a3787cf954d9b3840c01ae5d397,[5]
2253,21dece4538d6d12b2d04220ba4b9c72293d42bd2e7f25eaeb12f6e551ac44840,99,1157,datacopy/Stefano/21dece4538d6d12b2d04220ba4b9c72293d42bd2e7f25eaeb12f6e551ac44840,[5]
2254,f41b2d9c0f27ab0baa90e2eb308be7f5d45d8da50d49ab7cea4dcb8e5dd3a288,99,1157,datacopy/Stefano/f41b2d9c0f27ab0baa90e2eb308be7f5d45d8da50d49ab7cea4dcb8e5dd3a288,[5]
2255,dbecc0d991b5393cfb3d6669f90e658d2f849d933dee4b5bdde273be5e31bd09,99,1157,datacopy/Stefano/dbecc0d991b5393cfb3d6669f90e658d2f849d933dee4b5bdde273be5e31bd09,[5]
2256,c1bf507dfe68de912cbdfb993bb0c862f63a9f155a41a299c58623821b009803,99,1157,datacopy/Stefano/c1bf507dfe68de912cbdfb993bb0c862f63a9f155a41a299c58623821b009803,[5]
2257,9ac1ac2f0e7f765f700b245806a6657a62bbdf300b332305f79fa84dbbc0bde6,99,1157,datacopy/Stefano/9ac1ac2f0e7f765f700b245806a6657a62bbdf300b332305f79fa84dbbc0bde6,[5]
2258,f9ccf5b78d0c64e04f0dd775b2a6f4102aeacfa61f9398978ad42d4b883bc9a4,99,1157,datacopy/Stefano/f9ccf5b78d0c64e04f0dd775b2a6f4102aeacfa61f9398978ad42d4b883bc9a4,[5]
2259,37e46190f167a6593a2180416cb38c7c7ec44427edbc996c4b413d237c622737,99,1157,datacopy/Stefano/37e46190f167a6593a2180416cb38c7c7ec44427edbc996c4b413d237c622737,[5]
2260,751070ce7da7a3cf486e9e415d2955f28a2cec560ba26cdcc69be3b025276d7f,99,1157,datacopy/Stefano/751070ce7da7a3cf486e9e415d2955f28a2cec560ba26cdcc69be3b025276d7f,[5]
2261,0ebd0eab59725cbd3da0d320edba5dce3bc2586919f562f5e13126bbc7b1c55e,99,1157,datacopy/Stefano/0ebd0eab59725cbd3da0d320edba5dce3bc2586919f562f5e13126bbc7b1c55e,[5]
2262,d267d8866854c15318912f7febeedb43a01e8787e77d3bfc8aea3649483e8c8f,99,1157,datacopy/Stefano/d267d8866854c15318912f7febeedb43a01e8787e77d3bfc8aea3649483e8c8f,[5]
2263,f970672a93cd5660bc0e93ce3051d486a5ad570bd46f6e8cd261bfda6e2a1e61,99,1157,datacopy/Stefano/f970672a93cd5660bc0e93ce3051d486a5ad570bd46f6e8cd261bfda6e2a1e61,[5]
2264,ebfa311ac98266b6417844337a78a3260ed5ef0b7fb071eaa8a052e895fa573c,99,1157,datacopy/Stefano/ebfa311ac98266b6417844337a78a3260ed5ef0b7fb071eaa8a052e895fa573c,[5]
2265,be5abf3b357146b770856ef129d0c81b35c417b133f630056ba6e2e6c1874cf7,99,1157,datacopy/Stefano/be5abf3b357146b770856ef129d0c81b35c417b133f630056ba6e2e6c1874cf7,[5]
2266,419d3eaacbe5426a9266297575aa2ba8d79e9c2ac9acb5d7dfc929fc0748babd,99,1157,datacopy/Stefano/419d3eaacbe5426a9266297575aa2ba8d79e9c2ac9acb5d7dfc929fc0748babd,[5]
2267,e8282a888b1e8a295047e7001f624e77cf27fad67e975f55e1bcd1c62590faf7,99,1157,datacopy/Stefano/e8282a888b1e8a295047e7001f624e77cf27fad67e975f55e1bcd1c62590faf7,[5]
2268,ec2eae2373246e0a48dbc71a2084ec175baec91cbb04e5b51d54f687cd39cece,99,1157,datacopy/Stefano/ec2eae2373246e0a48dbc71a2084ec175baec91cbb04e5b51d54f687cd39cece,[5]
2269,b80118621878721cfce42dd0b33450a0d017400a41a1b8335abb329fc2ff883b,99,1157,datacopy/Stefano/b80118621878721cfce42dd0b33450a0d017400a41a1b8335abb329fc2ff883b,[5]
2270,756bc9b5efa19bb7acf0731b6f143d0f01e02c0e4d345e1bc5bfff0345c45e60,99,1157,datacopy/Stefano/756bc9b5efa19bb7acf0731b6f143d0f01e02c0e4d345e1bc5bfff0345c45e60,[5]
2271,f253ec7b271a10b79a067638532e0e90ca7a3d87980a2f24d8dab16850c21c42,99,1157,datacopy/Stefano/f253ec7b271a10b79a067638532e0e90ca7a3d87980a2f24d8dab16850c21c42,[5]
2272,81d1c08903a1b55cd47ef35edf1603e9647e5ee68726d8dda843b80f5df2c0b5,99,1157,datacopy/Stefano/81d1c08903a1b55cd47ef35edf1603e9647e5ee68726d8dda843b80f5df2c0b5,[5]
2273,c841d67fafa7c7b26ec503547af03550f4e42aef2cb667443e2d0524a1e7750b,99,1157,datacopy/Stefano/c841d67fafa7c7b26ec503547af03550f4e42aef2cb667443e2d0524a1e7750b,[5]
2274,8f1c45b10b7e98a1dbe1001c4afaa80a08e502c0ff72c836b6a5c290258eea24,99,1157,datacopy/Stefano/8f1c45b10b7e98a1dbe1001c4afaa80a08e502c0ff72c836b6a5c290258eea24,[5]
2275,3ee574f8ee73cf11a80c75b58c0b688458317fd1db98c25f24dd6b220d2b31b4,99,1157,datacopy/Stefano/3ee574f8ee73cf11a80c75b58c0b688458317fd1db98c25f24dd6b220d2b31b4,[5]
2276,396370187a875de25377c08c1b153b88ebf021ad9c5d554b648ce70103779320,99,1157,datacopy/Stefano/396370187a875de25377c08c1b153b88ebf021ad9c5d554b648ce70103779320,[5]
2277,e5c1cf42d8dc53d08193fc21927e6067668ab7ffb47afbee1356e590c0ae6189,99,1157,datacopy/Stefano/e5c1cf42d8dc53d08193fc21927e6067668ab7ffb47afbee1356e590c0ae6189,[5]
2278,d7a2141ea21be036aa56e42e14821509e5833311b28f9af5b762e9aba897d516,99,1157,datacopy/Stefano/d7a2141ea21be036aa56e42e14821509e5833311b28f9af5b762e9aba897d516,[5]
2279,c81bdcce0e7f124aed673e33b5144f1d346de10352a95ecb984bf84d6fca72a7,99,1157,datacopy/Stefano/c81bdcce0e7f124aed673e33b5144f1d346de10352a95ecb984bf84d6fca72a7,[5]
2280,8f7949dfc761a5104d387ceeb467559d37d44cfb600a12bb0f32b3ee1b28651b,99,1157,datacopy/Stefano/8f7949dfc761a5104d387ceeb467559d37d44cfb600a12bb0f32b3ee1b28651b,[5]
2281,c4eb79202939e2c4228d5ddc77ec4ddca97ac276f81b014e06be35f5a58c3afc,99,1157,datacopy/Stefano/c4eb79202939e2c4228d5ddc77ec4ddca97ac276f81b014e06be35f5a58c3afc,[5]
2282,24ebc7917ac095fff49732c45d36a245b62389945b1d583cf96a35ab0e7da47b,99,1157,datacopy/Stefano/24ebc7917ac095fff49732c45d36a245b62389945b1d583cf96a35ab0e7da47b,[5]
2283,1e82637e92d1d78951aeb68aac2927f75fb01ec0.bin,101,805,datacopy/UCSB.JP/data_feed.geo_japan_6m_public_flag/1/e/8/1e82637e92d1d78951aeb68aac2927f75fb01ec0.bin,"[10, 36]"
2284,c58e4ccdf204abe65abc942a453e463eb1fce835.bin,101,805,datacopy/UCSB.JP/data_feed.geo_japan_6m_public_flag/c/5/8/c58e4ccdf204abe65abc942a453e463eb1fce835.bin,"[10, 36]"
2285,4741359211744e3869b7e70e989b1f29f0871b6e.bin,101,805,datacopy/UCSB.JP/data_feed.geo_japan_6m_public_flag/4/7/4/4741359211744e3869b7e70e989b1f29f0871b6e.bin,"[10, 36]"
2286,07bb95d51d38fbe71e7085199c08bf4dd831d20d.bin,101,798,datacopy/UCSB.JP/data_feed.geo_japan_6m_public_flag/0/7/b/07bb95d51d38fbe71e7085199c08bf4dd831d20d.bin,"[10, 36]"
2287,55f83ff166ab8978d6ce38e80fde858cf29e660b.codex,101,805,datacopy/CodexGiga/55f83ff166ab8978d6ce38e80fde858cf29e660b.codex,"[10, 36]"
2288,d81a1de9eb165b9f436e9e9078666132544de20cf43c10205c63f7a89cc41c20,101,805,datacopy/Stefano/d81a1de9eb165b9f436e9e9078666132544de20cf43c10205c63f7a89cc41c20,"[10, 36]"
2289,4fb81c133e88ab14b24bd8998e017830de9b8393dbcebe8a5f94382c18c53d29,101,805,datacopy/Stefano/4fb81c133e88ab14b24bd8998e017830de9b8393dbcebe8a5f94382c18c53d29,"[10, 36]"
2290,9fc95a61e8ce674515f1db0ca69c5fe13fefbda85d3181fb53445f14b8afc5b3,101,805,datacopy/Stefano/9fc95a61e8ce674515f1db0ca69c5fe13fefbda85d3181fb53445f14b8afc5b3,"[10, 36]"
2291,312aa823e08dc8e3cafcda2888e4c7a91f15e708672486bd2edf46f8a52efcf9,101,805,datacopy/Stefano/312aa823e08dc8e3cafcda2888e4c7a91f15e708672486bd2edf46f8a52efcf9,"[10, 36]"
2292,e817c9bb3b9a13576779983bedea80303901f7a233bd3aa07b0c4cbbd3d81045,101,805,datacopy/Stefano/e817c9bb3b9a13576779983bedea80303901f7a233bd3aa07b0c4cbbd3d81045,"[10, 36]"
2293,ce746609e1b6df59d03d94f9fe6c043a335cf5fa2b14ea3c5b7f4bfd4cbf0e34,101,805,datacopy/Stefano/ce746609e1b6df59d03d94f9fe6c043a335cf5fa2b14ea3c5b7f4bfd4cbf0e34,"[10, 36]"
2294,9ff60959d74476d497b90687933f0c3ea9c658194d9619889e17a98c5e79edd5,101,805,datacopy/Stefano/9ff60959d74476d497b90687933f0c3ea9c658194d9619889e17a98c5e79edd5,"[10, 36]"
2295,0004a41497110363d9f3228914fa2c79c582075a1d6942c734b3ee9d06570ba4,101,805,datacopy/Stefano/0004a41497110363d9f3228914fa2c79c582075a1d6942c734b3ee9d06570ba4,"[10, 36]"
2296,1106e5a976c1f2ada14c5df017f9c9990cda3a5b83092a0a38ed97b520da554f,101,798,datacopy/Stefano/1106e5a976c1f2ada14c5df017f9c9990cda3a5b83092a0a38ed97b520da554f,"[10, 36]"
2297,ce63d04fa3c3115c2c825845666c09f74f7d65d62e68d9648768b71ac4ec50b1,101,805,datacopy/Stefano/ce63d04fa3c3115c2c825845666c09f74f7d65d62e68d9648768b71ac4ec50b1,"[10, 36]"
2298,ca8cda945aef2cdfa832a6edb39fdd3be6ccd93d51f4c6711fa57d3e18e9e92a,101,805,datacopy/Stefano/ca8cda945aef2cdfa832a6edb39fdd3be6ccd93d51f4c6711fa57d3e18e9e92a,"[10, 36]"
2299,772665f26cfb67ee79a4c57c9ae05d02d6b8009ad2b44ff71a81eb0557228566,101,805,datacopy/Stefano/772665f26cfb67ee79a4c57c9ae05d02d6b8009ad2b44ff71a81eb0557228566,"[10, 36]"
2300,8385044bc96289afcd8cb50061d1ad4d710abeaeca220370d586bede2dbce908,101,805,datacopy/Stefano/8385044bc96289afcd8cb50061d1ad4d710abeaeca220370d586bede2dbce908,"[10, 36]"
2301,ec8d6760375b43a2592de6f507d132c5da380641f8da373976804de9e6ac48c8,101,798,datacopy/Stefano/ec8d6760375b43a2592de6f507d132c5da380641f8da373976804de9e6ac48c8,"[10, 36]"
2302,071ae1986808fc4b5cd8988b62bc6178d2c612413c6a85b122fb0ea1031477e3,101,805,datacopy/Stefano/071ae1986808fc4b5cd8988b62bc6178d2c612413c6a85b122fb0ea1031477e3,"[10, 36]"
2303,3106482916f2110a987c670c81bd5b31e075143e843fab5473c1c7e492a05650,101,798,datacopy/Stefano/3106482916f2110a987c670c81bd5b31e075143e843fab5473c1c7e492a05650,"[10, 36]"
2304,b55b763807c411d8f2e76e5e4e6a86cb3a2dd0b732d5d35eaf4af94c2f4e6fc8,101,805,datacopy/Stefano/b55b763807c411d8f2e76e5e4e6a86cb3a2dd0b732d5d35eaf4af94c2f4e6fc8,"[10, 36]"
2305,292956dd62adccbb078ea0a4aee2abae60d6eccb8be9ab847cdaa9e9f473ab4b,101,805,datacopy/Stefano/292956dd62adccbb078ea0a4aee2abae60d6eccb8be9ab847cdaa9e9f473ab4b,"[10, 36]"
2306,fbdfe83cabb8cba7039b3d0b95c513323e4cf7da.bin,108,337,datacopy/UCSB.JP/data_feed.geo_japan_6m_public_flag/f/b/d/fbdfe83cabb8cba7039b3d0b95c513323e4cf7da.bin,"[1, 15]"
2307,0700e0fe405c38cc65cf3d7a197cf299387fe30fcf80e2617d37753c20a0e5aa,108,337,datacopy/Stefano/0700e0fe405c38cc65cf3d7a197cf299387fe30fcf80e2617d37753c20a0e5aa,"[1, 15]"
2308,86f2e5cb407455ff566ba77e25bd366d70aaa56de817fd493d705b9f4737357a,108,985,datacopy/Stefano/86f2e5cb407455ff566ba77e25bd366d70aaa56de817fd493d705b9f4737357a,"[1, 15]"
2309,e65aefc3586788523f8273cae61021a2b02c9f20.bin,109,1179,datacopy/UCSB.JP/data_feed.geo_japan_6m_public_flag/e/6/5/e65aefc3586788523f8273cae61021a2b02c9f20.bin,"[1, 1401, 3]"
2310,f3ffc876531232e6819b174b43f008329c4712b3.bin,109,1179,datacopy/UCSB.JP/data_feed.geo_japan_6m_public_flag/f/3/f/f3ffc876531232e6819b174b43f008329c4712b3.bin,"[1, 1401, 3]"
2311,0544ccab726921b6fe48512eb27ebb0f787117d4.bin,109,1179,datacopy/UCSB.JP/data_feed.geo_japan_6m_public_flag/0/5/4/0544ccab726921b6fe48512eb27ebb0f787117d4.bin,"[1, 1401, 3]"
2312,65740d605a1474ca5c7ecff115586a613460404c.bin,109,1179,datacopy/UCSB/65740d605a1474ca5c7ecff115586a613460404c.bin,"[1, 1401, 3]"
2313,e17ec29f6ecb9aa91d786b5afb409537b7485a05.bin,109,1179,datacopy/UCSB/e17ec29f6ecb9aa91d786b5afb409537b7485a05.bin,"[1, 1401, 3]"
2314,5a9cf05fbf5aa950e14bb09611d32f29d6148b73.bin,109,1401,datacopy/UCSB/5a9cf05fbf5aa950e14bb09611d32f29d6148b73.bin,"[1, 1401, 3]"
2315,67b28c4cde0cdd5763246f515925ad8e1d969e614bc65cf71b0159f467c857a3,109,1179,datacopy/Stefano/67b28c4cde0cdd5763246f515925ad8e1d969e614bc65cf71b0159f467c857a3,"[1, 1401, 3]"
2316,9397b97155f5c38253d8914fd3501086e27c9e4e6eec36f2b8b683ff23c11bb5,109,1179,datacopy/Stefano/9397b97155f5c38253d8914fd3501086e27c9e4e6eec36f2b8b683ff23c11bb5,"[1, 1401, 3]"
2317,dfb58f86a0632b0f4de501995bb8848259375e7cd55c9f0c083c65d982fc21b2,109,1179,datacopy/Stefano/dfb58f86a0632b0f4de501995bb8848259375e7cd55c9f0c083c65d982fc21b2,"[1, 1401, 3]"
2318,d6f587880218f28eedaeb330554633f3e1e6bd4f3e7276245820d1f4800b0c36,109,1179,datacopy/Stefano/d6f587880218f28eedaeb330554633f3e1e6bd4f3e7276245820d1f4800b0c36,"[1, 1401, 3]"
2319,82e44fbf23c6bf910706c634a8ddaff8b56094951ddce8d5cf5e0dae017f0aae,109,1179,datacopy/Stefano/82e44fbf23c6bf910706c634a8ddaff8b56094951ddce8d5cf5e0dae017f0aae,"[1, 1401, 3]"
2320,b439e76f0cc798f2ec05df38b267fba13817ef0d2c2ed12a2aa2db6e4b93649e,109,1179,datacopy/Stefano/b439e76f0cc798f2ec05df38b267fba13817ef0d2c2ed12a2aa2db6e4b93649e,"[1, 1401, 3]"
2321,6a5230f64189dcd73a38b49ccba8f2ceb99d4792cc5e0e95fc35563bbfb21b64,109,1179,datacopy/Stefano/6a5230f64189dcd73a38b49ccba8f2ceb99d4792cc5e0e95fc35563bbfb21b64,"[1, 1401, 3]"
2322,a6554cc7de118bd2e390966b237f607968e3755b50ee97c9a043f8ab7e30d3a5,109,1179,datacopy/Stefano/a6554cc7de118bd2e390966b237f607968e3755b50ee97c9a043f8ab7e30d3a5,"[1, 1401, 3]"
2323,ee0395b57c0e13f3d5f7b904e344370e089655887b463b10c94d0ab4252728e1,109,1179,datacopy/Stefano/ee0395b57c0e13f3d5f7b904e344370e089655887b463b10c94d0ab4252728e1,"[1, 1401, 3]"
2324,c592fa3ae42ae0db20adaaa32c80f24cf1f96910aca7389c05e2deb93d4dd152,109,1179,datacopy/Stefano/c592fa3ae42ae0db20adaaa32c80f24cf1f96910aca7389c05e2deb93d4dd152,"[1, 1401, 3]"
2325,e4047c02f2c3be5afd11570db00d2040effdbe07d9534b5630926ba5f7ad3555,109,1179,datacopy/Stefano/e4047c02f2c3be5afd11570db00d2040effdbe07d9534b5630926ba5f7ad3555,"[1, 1401, 3]"
2326,f075eb52eb31518667fde3bd6529ebaa20954c41c81c6975cb66e5f1ec7a32cb,109,1179,datacopy/Stefano/f075eb52eb31518667fde3bd6529ebaa20954c41c81c6975cb66e5f1ec7a32cb,"[1, 1401, 3]"
2327,6a5d80b3058492993bb55d0694b783d31426341613e166006528d5bf06057fd3,109,1179,datacopy/Stefano/6a5d80b3058492993bb55d0694b783d31426341613e166006528d5bf06057fd3,"[1, 1401, 3]"
2328,1e27c7836f4a3d24469c2dbbbda2f99eda4a6969154db4ff63ce290381504372,109,1179,datacopy/Stefano/1e27c7836f4a3d24469c2dbbbda2f99eda4a6969154db4ff63ce290381504372,"[1, 1401, 3]"
2329,1d6b39cffff25cff0b2d0a98eca801732cb2d0899bac8fd75b5259708a4883a9,109,1179,datacopy/Stefano/1d6b39cffff25cff0b2d0a98eca801732cb2d0899bac8fd75b5259708a4883a9,"[1, 1401, 3]"
2330,b8d8022d7c57ef53ac4cd957ea50eb4e87e43a2199dea52316d6da9a78716698,109,1179,datacopy/Stefano/b8d8022d7c57ef53ac4cd957ea50eb4e87e43a2199dea52316d6da9a78716698,"[1, 1401, 3]"
2331,aec84c8e830c7ff0c3ecc7aa7fe62eef5c02d0517f4492005fd7c6e8dc57eb2f,109,1179,datacopy/Stefano/aec84c8e830c7ff0c3ecc7aa7fe62eef5c02d0517f4492005fd7c6e8dc57eb2f,"[1, 1401, 3]"
2332,ddb55377bf772cec69c8c952a822caba07cd460837abd6752677efb905fc17c6,109,3,datacopy/Stefano/ddb55377bf772cec69c8c952a822caba07cd460837abd6752677efb905fc17c6,"[1, 1401, 3]"
2333,9ecfa449830739816de7cea3f1b3f465974e8bb70060a4bc23553745040499aa,109,1179,datacopy/Stefano/9ecfa449830739816de7cea3f1b3f465974e8bb70060a4bc23553745040499aa,"[1, 1401, 3]"
2334,48363e731d6ad681d054918faff3a2d206bf12f4d3680b7acf1bcf40689db827,109,1179,datacopy/Stefano/48363e731d6ad681d054918faff3a2d206bf12f4d3680b7acf1bcf40689db827,"[1, 1401, 3]"
2335,4756aaa67717935b439a727600226ff1bf35324d7ce46adcb34e0dd8c774af76,109,1179,datacopy/Stefano/4756aaa67717935b439a727600226ff1bf35324d7ce46adcb34e0dd8c774af76,"[1, 1401, 3]"
2336,e2d246675a7c12c69267b60fcffb032bc8f3b6b2c07f77f0d5c95b3c99eef36e,109,1179,datacopy/Stefano/e2d246675a7c12c69267b60fcffb032bc8f3b6b2c07f77f0d5c95b3c99eef36e,"[1, 1401, 3]"
2337,882fd9b7be548f8683b4c3ff6ca1ad74e3e5042f9a1d5feb4e0838ac91d64b33,109,1179,datacopy/Stefano/882fd9b7be548f8683b4c3ff6ca1ad74e3e5042f9a1d5feb4e0838ac91d64b33,"[1, 1401, 3]"
2338,861c8fa39ceab300f980a8886e702f9d73a128c7d136805341afa9817dc4badf,109,3,datacopy/Stefano/861c8fa39ceab300f980a8886e702f9d73a128c7d136805341afa9817dc4badf,"[1, 1401, 3]"
2339,b5df8148d33b1a939570252e00f49e2bc6c84864242a8a568d07c5a04fab77e2,109,1179,datacopy/Stefano/b5df8148d33b1a939570252e00f49e2bc6c84864242a8a568d07c5a04fab77e2,"[1, 1401, 3]"
2340,153924cb1164632c90f5dd5d694d1d51959766766277fc2147dbc2e0000c6032,109,1179,datacopy/Stefano/153924cb1164632c90f5dd5d694d1d51959766766277fc2147dbc2e0000c6032,"[1, 1401, 3]"
2341,421c72f47d9463c18e6159e59daa0683078df74c82ff5e1e0c629decae7b9cdd,109,1401,datacopy/Stefano/421c72f47d9463c18e6159e59daa0683078df74c82ff5e1e0c629decae7b9cdd,"[1, 1401, 3]"
2342,212b9c6c6a152cfd586defa7ffedef7a5c0cca84598755789dc8e4230f8cd23b,109,1179,datacopy/Stefano/212b9c6c6a152cfd586defa7ffedef7a5c0cca84598755789dc8e4230f8cd23b,"[1, 1401, 3]"
2343,8599d2f913838d0a866a4dba2fdcb0786c79ac803747402507a865c5378e899e,109,1179,datacopy/Stefano/8599d2f913838d0a866a4dba2fdcb0786c79ac803747402507a865c5378e899e,"[1, 1401, 3]"
2344,154003b4a33a46b99d7a66a6bf34f78ee734ecc301b13ab2390752d6b0e406df,109,1179,datacopy/Stefano/154003b4a33a46b99d7a66a6bf34f78ee734ecc301b13ab2390752d6b0e406df,"[1, 1401, 3]"
2345,2362e9f91e96a89d55b7b403658e9ce6135e5206db11a38672e7419ab6a11df3,109,1179,datacopy/Stefano/2362e9f91e96a89d55b7b403658e9ce6135e5206db11a38672e7419ab6a11df3,"[1, 1401, 3]"
2346,79b90ccb46671719c7f612aaa10d6f1a95cbf368.bin,127,1289,datacopy/UCSB.JP/data_feed.geo_japan_6m_public_flag/7/9/b/79b90ccb46671719c7f612aaa10d6f1a95cbf368.bin,[1]
2347,ccce0d8635f52a297bea2567fde009a9156ea00861e58e00e27b053a1b534046,127,1289,datacopy/Stefano/ccce0d8635f52a297bea2567fde009a9156ea00861e58e00e27b053a1b534046,[1]
2348,0fb20486f9bfd3a7a534fa4869adc0c5e4800dda5eca4a1dafaf238a1d1113dc,127,1289,datacopy/Stefano/0fb20486f9bfd3a7a534fa4869adc0c5e4800dda5eca4a1dafaf238a1d1113dc,[1]
2349,6a068ac4380a230f6e5c7a2e3a698cfd835fe4815a803582ba285c862e943e3b,127,1289,datacopy/Stefano/6a068ac4380a230f6e5c7a2e3a698cfd835fe4815a803582ba285c862e943e3b,[1]
2350,ad6f2730971e341b36021526800bf0746ffd7ac6.bin,131,1477,datacopy/UCSB/ad6f2730971e341b36021526800bf0746ffd7ac6.bin,[21]
2351,8cc9232622d39cb915223665c3091f10a3f429b5.bin,131,1477,datacopy/UCSB/8cc9232622d39cb915223665c3091f10a3f429b5.bin,[21]
2352,35089a01edd75861005f2fefac2ada8de6524024.bin,131,1477,datacopy/UCSB/35089a01edd75861005f2fefac2ada8de6524024.bin,[21]
2353,d01f7d07dc7965768f8accf8d3002f24510d191e.bin,131,1477,datacopy/UCSB/d01f7d07dc7965768f8accf8d3002f24510d191e.bin,[21]
2354,c6505fdbb6ac2ece2527b8d2bc8dc760e2728f25.bin,131,1477,datacopy/UCSB/c6505fdbb6ac2ece2527b8d2bc8dc760e2728f25.bin,[21]
2355,0b68caae7cace122fcee8b03d3bed9c6965e1bc4.bin,131,1477,datacopy/UCSB/0b68caae7cace122fcee8b03d3bed9c6965e1bc4.bin,[21]
2356,588ab901c668ebae2663f6b7982f49a237ca6cb5.bin,131,1477,datacopy/UCSB/588ab901c668ebae2663f6b7982f49a237ca6cb5.bin,[21]
2357,15c58e36694e68640d9e20e99ee0000303230708.bin,131,1477,datacopy/UCSB/15c58e36694e68640d9e20e99ee0000303230708.bin,[21]
2358,2920c8d97e9c0e8803f392f892f906340c101d0a.bin,131,1477,datacopy/UCSB/2920c8d97e9c0e8803f392f892f906340c101d0a.bin,[21]
2359,77ddbcd9115b081a38a871d03a164bb6edf9a457.bin,131,1477,datacopy/UCSB/77ddbcd9115b081a38a871d03a164bb6edf9a457.bin,[21]
2360,5814e7bf7c9f40a7cc47331fca3401502c0cc551.bin,131,1477,datacopy/UCSB/5814e7bf7c9f40a7cc47331fca3401502c0cc551.bin,[21]
2361,3972c076349e153a204c0d554be176f9dfea8998.bin,131,1477,datacopy/UCSB/3972c076349e153a204c0d554be176f9dfea8998.bin,[21]
2362,6f6164a92e3dd4d9a241811b6007a553e16422c9.bin,131,1477,datacopy/UCSB/6f6164a92e3dd4d9a241811b6007a553e16422c9.bin,[21]
2363,7a4f4fcc3bd8e1acc30f98f4d79f8b1ac98364cd.bin,131,1477,datacopy/UCSB/7a4f4fcc3bd8e1acc30f98f4d79f8b1ac98364cd.bin,[21]
2364,aa4f43595102a69b8d324d380bd9d8e555810c69.bin,131,1477,datacopy/UCSB/aa4f43595102a69b8d324d380bd9d8e555810c69.bin,[21]
2365,3b30e5994aa888dbcbbafa4d39cb2ca1cdbd835a.bin,131,1477,datacopy/UCSB/3b30e5994aa888dbcbbafa4d39cb2ca1cdbd835a.bin,[21]
2366,302f961c6633272a1ae9950bf93bd7f1c1eadba9.bin,131,1477,datacopy/UCSB/302f961c6633272a1ae9950bf93bd7f1c1eadba9.bin,[21]
2367,4387bf92174dcedd655633b426846bf1a3b016a4.bin,131,1477,datacopy/UCSB/4387bf92174dcedd655633b426846bf1a3b016a4.bin,[21]
2368,36c6afe74febb5074aa08281b1ba1e85cbd1c0f8.bin,131,1477,datacopy/UCSB/36c6afe74febb5074aa08281b1ba1e85cbd1c0f8.bin,[21]
2369,a777c03b6a1ea42d9259854edf20576fa59499ab.bin,131,1477,datacopy/UCSB/a777c03b6a1ea42d9259854edf20576fa59499ab.bin,[21]
2370,63f9871d4f82a7584945c10240ca473b99ce01c0.bin,131,1477,datacopy/UCSB/63f9871d4f82a7584945c10240ca473b99ce01c0.bin,[21]
2371,b702e14bf8bd857024f8568c88f310aa9dbf09d0.bin,131,1477,datacopy/UCSB/b702e14bf8bd857024f8568c88f310aa9dbf09d0.bin,[21]
2372,a88db7f8fd9a8cc881d049b61ad97a7b5758b1c7.bin,131,1477,datacopy/UCSB/a88db7f8fd9a8cc881d049b61ad97a7b5758b1c7.bin,[21]
2373,c81f743e279dafde9497de23fc1e10d707a59baa.bin,131,1477,datacopy/UCSB/c81f743e279dafde9497de23fc1e10d707a59baa.bin,[21]
2374,76189e973005373c415caa93e084a9c422f5493a.bin,131,1477,datacopy/UCSB/76189e973005373c415caa93e084a9c422f5493a.bin,[21]
2375,cbbb36e7d85d1b7659b62770193acdfa5db73087.bin,131,1477,datacopy/UCSB/cbbb36e7d85d1b7659b62770193acdfa5db73087.bin,[21]
2376,04327e4fcb3bd7c530d380719386e50a1fea7518.bin,131,1477,datacopy/UCSB/04327e4fcb3bd7c530d380719386e50a1fea7518.bin,[21]
2377,dde647496802d608f1513058618da6bad2b34e7f.bin,131,1477,datacopy/UCSB/dde647496802d608f1513058618da6bad2b34e7f.bin,[21]
2378,677f72df6f1d25c5bd82a67bb66edf9c3457e302.bin,131,1477,datacopy/UCSB/677f72df6f1d25c5bd82a67bb66edf9c3457e302.bin,[21]
2379,8cc41cdfddf122280f27ee0f765b20a07b72d408.bin,131,1477,datacopy/UCSB/8cc41cdfddf122280f27ee0f765b20a07b72d408.bin,[21]
2380,2b723627066152714429b8bc42363bd3477d7fab.bin,132,734,datacopy/UCSB/2b723627066152714429b8bc42363bd3477d7fab.bin,"[24, 222]"
2381,947a05d6361ef042ebf647a42eb3de82559f8915.bin,132,734,datacopy/UCSB/947a05d6361ef042ebf647a42eb3de82559f8915.bin,"[24, 222]"
2382,6fd1dafadd088c4decd32e50c915c8d32c6055b6.bin,132,734,datacopy/UCSB/6fd1dafadd088c4decd32e50c915c8d32c6055b6.bin,"[24, 222]"
2383,6e4e472fc8c135d6cb668ae662edbbdae4797da9.bin,132,734,datacopy/UCSB/6e4e472fc8c135d6cb668ae662edbbdae4797da9.bin,"[24, 222]"
2384,28438a6b36d64224b2e051c3aea6b438434716f3.bin,132,734,datacopy/UCSB/28438a6b36d64224b2e051c3aea6b438434716f3.bin,"[24, 222]"
2385,2d0881f4d1f6451b8ddba395c4118b450de50800.bin,132,734,datacopy/UCSB/2d0881f4d1f6451b8ddba395c4118b450de50800.bin,"[24, 222]"
2386,ad04344882e65f781be1b91e2558210fbf12e6e1.bin,132,734,datacopy/UCSB/ad04344882e65f781be1b91e2558210fbf12e6e1.bin,"[24, 222]"
2387,7e92dc5c9ebad9e5aa02983545429c0aa77920d6.bin,132,734,datacopy/UCSB/7e92dc5c9ebad9e5aa02983545429c0aa77920d6.bin,"[24, 222]"
2388,852b2a90475eaac1dc41acf4d11366fb55aab0ca.bin,132,734,datacopy/UCSB/852b2a90475eaac1dc41acf4d11366fb55aab0ca.bin,"[24, 222]"
2389,d0a21de99a02c440dfb8342ff88df8856879ef9d.bin,132,734,datacopy/UCSB/d0a21de99a02c440dfb8342ff88df8856879ef9d.bin,"[24, 222]"
2390,186ac8067033963568ee03319ede283b2ae363c2.bin,132,734,datacopy/UCSB/186ac8067033963568ee03319ede283b2ae363c2.bin,"[24, 222]"
2391,1f6477acf23183e28f8444a35f8aa5bdcb5150fb.bin,132,734,datacopy/UCSB/1f6477acf23183e28f8444a35f8aa5bdcb5150fb.bin,"[24, 222]"
2392,410eefcaab5a5c2c367aa49cbf93f9ac626f76fe.bin,132,734,datacopy/UCSB/410eefcaab5a5c2c367aa49cbf93f9ac626f76fe.bin,"[24, 222]"
2393,dde143cfdba50aea99e6f5eb7118bb6c9d5f9f31.bin,132,734,datacopy/UCSB/dde143cfdba50aea99e6f5eb7118bb6c9d5f9f31.bin,"[24, 222]"
2394,7766dbadc290ad0810400f42c157163528e653a2.bin,132,734,datacopy/UCSB/7766dbadc290ad0810400f42c157163528e653a2.bin,"[24, 222]"
2395,3842406edb17bdd64bbee28ce38edd96c24b84df.bin,132,734,datacopy/UCSB/3842406edb17bdd64bbee28ce38edd96c24b84df.bin,"[24, 222]"
2396,37726acccb45d7d19b10e4ba084773bdbaf84e15.bin,132,734,datacopy/UCSB/37726acccb45d7d19b10e4ba084773bdbaf84e15.bin,"[24, 222]"
2397,a26d8a9c81ad89300f1b5a8d00dc10e1f4922c1c.bin,132,734,datacopy/UCSB/a26d8a9c81ad89300f1b5a8d00dc10e1f4922c1c.bin,"[24, 222]"
2398,5f81eacd64dbce7bbd03731124d19c5566dee70e.bin,132,734,datacopy/UCSB/5f81eacd64dbce7bbd03731124d19c5566dee70e.bin,"[24, 222]"
2399,60566bdc11270127d10a850610c7bb6dbc189617.bin,132,54,datacopy/UCSB/60566bdc11270127d10a850610c7bb6dbc189617.bin,"[24, 222]"
2400,bb63cf2191246578dc5850c1b84e65572fad82a1.bin,132,734,datacopy/UCSB/bb63cf2191246578dc5850c1b84e65572fad82a1.bin,"[24, 222]"
2401,10c89ea2eb879eb9a306789490c385f97dd96be7.bin,132,734,datacopy/UCSB/10c89ea2eb879eb9a306789490c385f97dd96be7.bin,"[24, 222]"
2402,9bba0429a4bba39b6e5b93f7895e1f2df4dfc31e.bin,132,734,datacopy/UCSB/9bba0429a4bba39b6e5b93f7895e1f2df4dfc31e.bin,"[24, 222]"
2403,6ba05c143c55d7fb539652a73df51a132362313f.bin,132,734,datacopy/UCSB/6ba05c143c55d7fb539652a73df51a132362313f.bin,"[24, 222]"
2404,763c9d3c53aae444bcc46aeb656ba79f1917e841.bin,132,734,datacopy/UCSB/763c9d3c53aae444bcc46aeb656ba79f1917e841.bin,"[24, 222]"
2405,ddb9aa9f978a13075f675e3481070c175d7646c8.bin,132,734,datacopy/UCSB/ddb9aa9f978a13075f675e3481070c175d7646c8.bin,"[24, 222]"
2406,1158f950e68335c4f3e20c9100612e0873c6489e.bin,132,734,datacopy/UCSB/1158f950e68335c4f3e20c9100612e0873c6489e.bin,"[24, 222]"
2407,e96357c43d5305468d8146645ba0dd9c173327a2.bin,132,734,datacopy/UCSB/e96357c43d5305468d8146645ba0dd9c173327a2.bin,"[24, 222]"
2408,46919bbfd59fc0d26025c54f5bb418042eacf49a.bin,132,734,datacopy/UCSB/46919bbfd59fc0d26025c54f5bb418042eacf49a.bin,"[24, 222]"
2409,de43cd81bc2d8720df7921f1e9a1ff968179c3e5.bin,132,734,datacopy/UCSB/de43cd81bc2d8720df7921f1e9a1ff968179c3e5.bin,"[24, 222]"
2410,0a12b44e7653fc1c567af9f1e53138e61baa6a24.bin,132,734,datacopy/UCSB/0a12b44e7653fc1c567af9f1e53138e61baa6a24.bin,"[24, 222]"
2411,f57486630e137d890f857da02b97bacb66ab26e4.bin,132,734,datacopy/UCSB/f57486630e137d890f857da02b97bacb66ab26e4.bin,"[24, 222]"
2412,0fa93be6b95f33c44d2adf461be2d22dba904d9a.bin,132,734,datacopy/UCSB/0fa93be6b95f33c44d2adf461be2d22dba904d9a.bin,"[24, 222]"
2413,cad6b87051b07f91872f404806bcb87a1c3ce122.bin,132,734,datacopy/UCSB/cad6b87051b07f91872f404806bcb87a1c3ce122.bin,"[24, 222]"
2414,1e404ef3b12c72fa43185d8774bc5ef1fd5298e3.bin,132,734,datacopy/UCSB/1e404ef3b12c72fa43185d8774bc5ef1fd5298e3.bin,"[24, 222]"
2415,5c6353c3078e0455d5201bbf89443ac18c80f8ca.bin,132,734,datacopy/UCSB/5c6353c3078e0455d5201bbf89443ac18c80f8ca.bin,"[24, 222]"
2416,75c6f10c5fb85226fc39e877a2ba18ba95bb4d40.bin,132,734,datacopy/UCSB/75c6f10c5fb85226fc39e877a2ba18ba95bb4d40.bin,"[24, 222]"
2417,6ae8ec93c9fb15220ca53be425b858a06cbb566c.bin,132,734,datacopy/UCSB/6ae8ec93c9fb15220ca53be425b858a06cbb566c.bin,"[24, 222]"
2418,a1d2f660263e46fcda38ea0fda1bc9204de9c8fe.bin,132,734,datacopy/UCSB/a1d2f660263e46fcda38ea0fda1bc9204de9c8fe.bin,"[24, 222]"
2419,6ad2d0e2374ce1bb2a30a63b9da63b7e1778ea8d.bin,132,734,datacopy/UCSB/6ad2d0e2374ce1bb2a30a63b9da63b7e1778ea8d.bin,"[24, 222]"
2420,d04f3c0613fdcf61d725343e27e33fc8f3e195c6.bin,132,54,datacopy/UCSB/d04f3c0613fdcf61d725343e27e33fc8f3e195c6.bin,"[24, 222]"
2421,ff2c53fbbd9786a238c71f8bf5f040cde03f9a24.bin,132,734,datacopy/UCSB/ff2c53fbbd9786a238c71f8bf5f040cde03f9a24.bin,"[24, 222]"
2422,684eae8f940492db2b89169d0181ce821ed4d39b.bin,132,734,datacopy/UCSB/684eae8f940492db2b89169d0181ce821ed4d39b.bin,"[24, 222]"
2423,0382043a3924b40f93a28546c228b6b733f54560.bin,132,734,datacopy/UCSB/0382043a3924b40f93a28546c228b6b733f54560.bin,"[24, 222]"
2424,57855be1cab2ae1f01191b24aaface9d87cbdbea.bin,132,734,datacopy/UCSB/57855be1cab2ae1f01191b24aaface9d87cbdbea.bin,"[24, 222]"
2425,1c32be12600543c89c8e8a1768b4597a915587b6.bin,132,54,datacopy/UCSB/1c32be12600543c89c8e8a1768b4597a915587b6.bin,"[24, 222]"
2426,a9a93dba805d461e591fd2ae170e7b684b24a6db.bin,132,734,datacopy/UCSB/a9a93dba805d461e591fd2ae170e7b684b24a6db.bin,"[24, 222]"
2427,556262a24613263516173ab641e17e0cbff591f3.bin,132,734,datacopy/UCSB/556262a24613263516173ab641e17e0cbff591f3.bin,"[24, 222]"
2428,8526f846640f40b7f147e14672537b61cc17686a.bin,132,734,datacopy/UCSB/8526f846640f40b7f147e14672537b61cc17686a.bin,"[24, 222]"
2429,92a0ca9bfd64692e6bdc29727b326765e7949a30.bin,132,734,datacopy/UCSB/92a0ca9bfd64692e6bdc29727b326765e7949a30.bin,"[24, 222]"
2430,da0eab5a2e497a2fc064e36f4c571c3af445e3c1.bin,132,734,datacopy/UCSB/da0eab5a2e497a2fc064e36f4c571c3af445e3c1.bin,"[24, 222]"
2431,b0071c1fa2b90e6068be10437a5148be4d68905b.bin,132,734,datacopy/UCSB/b0071c1fa2b90e6068be10437a5148be4d68905b.bin,"[24, 222]"
2432,a2bf70afdf72bf212db53e2e1af9c1377e8ba281.bin,132,734,datacopy/UCSB/a2bf70afdf72bf212db53e2e1af9c1377e8ba281.bin,"[24, 222]"
2433,ac8eccec883ecd9bfdd3823c15183a87242ecace.bin,132,54,datacopy/UCSB/ac8eccec883ecd9bfdd3823c15183a87242ecace.bin,"[24, 222]"
2434,fce73ad3a3068a7d0ebe448293efac1b5b82e35a.bin,132,734,datacopy/UCSB/fce73ad3a3068a7d0ebe448293efac1b5b82e35a.bin,"[24, 222]"
2435,fe9ed5189a5824f945c8cd1ccccc6083ddac9867.bin,132,734,datacopy/UCSB/fe9ed5189a5824f945c8cd1ccccc6083ddac9867.bin,"[24, 222]"
2436,3ebd3ec661441de1114d5a448ede709db3a877d5.bin,132,734,datacopy/UCSB/3ebd3ec661441de1114d5a448ede709db3a877d5.bin,"[24, 222]"
2437,8145b945e63bc1d8b20c8eebddb875a65531f86f.bin,132,734,datacopy/UCSB/8145b945e63bc1d8b20c8eebddb875a65531f86f.bin,"[24, 222]"
2438,400f6811fd0bfe6e5443ca8ef73a6630953e8530.bin,132,734,datacopy/UCSB/400f6811fd0bfe6e5443ca8ef73a6630953e8530.bin,"[24, 222]"
2439,9c171300bf467ad907890a10cb235ea2f404964f.bin,132,734,datacopy/UCSB/9c171300bf467ad907890a10cb235ea2f404964f.bin,"[24, 222]"
2440,f94ec7b584cdd50dcfb410965d275ca04ed5c8ab.bin,132,734,datacopy/UCSB/f94ec7b584cdd50dcfb410965d275ca04ed5c8ab.bin,"[24, 222]"
2441,e2df0a33ec75184b598a4bba84837e35bbfa2390.bin,132,734,datacopy/UCSB/e2df0a33ec75184b598a4bba84837e35bbfa2390.bin,"[24, 222]"
2442,cdd4a29df7470a10f1f87d34214b8a33ed6ffe24.bin,132,734,datacopy/UCSB/cdd4a29df7470a10f1f87d34214b8a33ed6ffe24.bin,"[24, 222]"
2443,8c237cc28644ffabd9b5197f64ff7b9d9ae3ea8c.bin,132,734,datacopy/UCSB/8c237cc28644ffabd9b5197f64ff7b9d9ae3ea8c.bin,"[24, 222]"
2444,2ea0809ca0a9aef41c0cd15141036adaf1c05889.bin,132,734,datacopy/UCSB/2ea0809ca0a9aef41c0cd15141036adaf1c05889.bin,"[24, 222]"
2445,cc934b52db85f7da6b2ac0de1496d98870caefe3.bin,132,734,datacopy/UCSB/cc934b52db85f7da6b2ac0de1496d98870caefe3.bin,"[24, 222]"
2446,5f661df6517e39059b683aaf25acd0d77ec861a6.bin,132,54,datacopy/UCSB/5f661df6517e39059b683aaf25acd0d77ec861a6.bin,"[24, 222]"
2447,d935e9214e18df547cffe6a1b633ba49db5eb90a.bin,132,734,datacopy/UCSB/d935e9214e18df547cffe6a1b633ba49db5eb90a.bin,"[24, 222]"
2448,a52c8e35ac262b385a54d1b9aa4d511ef637f0d0.bin,132,734,datacopy/UCSB/a52c8e35ac262b385a54d1b9aa4d511ef637f0d0.bin,"[24, 222]"
2449,3570af61e4ccb5c94d10a8dce0dc071d53beaad8.bin,132,734,datacopy/UCSB/3570af61e4ccb5c94d10a8dce0dc071d53beaad8.bin,"[24, 222]"
2450,a0f449daaf89233d30079f2e4a3dad5788f69f1b.bin,132,734,datacopy/UCSB/a0f449daaf89233d30079f2e4a3dad5788f69f1b.bin,"[24, 222]"
2451,1137a1b92699dcec9bf20e4615fb58a577f98c2e.bin,132,734,datacopy/UCSB/1137a1b92699dcec9bf20e4615fb58a577f98c2e.bin,"[24, 222]"
2452,67df1963d75d69384c00bc3512507231982203d2.bin,132,734,datacopy/UCSB/67df1963d75d69384c00bc3512507231982203d2.bin,"[24, 222]"
2453,ccce32d88f1b48ed337a59a7c951942b04462587.bin,132,734,datacopy/UCSB/ccce32d88f1b48ed337a59a7c951942b04462587.bin,"[24, 222]"
2454,c078e625a253219662029cf762b710bb9a744c16.bin,132,734,datacopy/UCSB/c078e625a253219662029cf762b710bb9a744c16.bin,"[24, 222]"
2455,12c4b3c2a65c82d07a8f9cc5ae0f2a1a432cb73a.bin,132,734,datacopy/UCSB/12c4b3c2a65c82d07a8f9cc5ae0f2a1a432cb73a.bin,"[24, 222]"
2456,52d36e571f8a111603cf7834fdcc08656a9ac917.bin,132,734,datacopy/UCSB/52d36e571f8a111603cf7834fdcc08656a9ac917.bin,"[24, 222]"
2457,e1acd8bad05a7ed15379ca5deb08791294919f7c.bin,132,734,datacopy/UCSB/e1acd8bad05a7ed15379ca5deb08791294919f7c.bin,"[24, 222]"
2458,9691bb0f43202f48335eccbfbe18897daf88fc9b.bin,132,734,datacopy/UCSB/9691bb0f43202f48335eccbfbe18897daf88fc9b.bin,"[24, 222]"
2459,52e7fd534ea641f6fdf8259901729c48f47dfb46.bin,132,734,datacopy/UCSB/52e7fd534ea641f6fdf8259901729c48f47dfb46.bin,"[24, 222]"
2460,f3e9dc68b837bebe37713f5fef3142c845939d46.bin,132,734,datacopy/UCSB/f3e9dc68b837bebe37713f5fef3142c845939d46.bin,"[24, 222]"
2461,e7eef8fab0ad087070e824c7cce2507e19d61b40.bin,132,734,datacopy/UCSB/e7eef8fab0ad087070e824c7cce2507e19d61b40.bin,"[24, 222]"
2462,8702437250951f022577587c92bfdc22d698ce4d.bin,132,734,datacopy/UCSB/8702437250951f022577587c92bfdc22d698ce4d.bin,"[24, 222]"
2463,929c0bb5953040c5f54f627389f8fa2aae87cb39.bin,132,734,datacopy/UCSB/929c0bb5953040c5f54f627389f8fa2aae87cb39.bin,"[24, 222]"
2464,a7b1dbfb831828e816305f29d55640645bec9d35.bin,132,734,datacopy/UCSB/a7b1dbfb831828e816305f29d55640645bec9d35.bin,"[24, 222]"
2465,02b53f8b325833d8fd108dfda545d7de0e97fc0d.bin,132,734,datacopy/UCSB/02b53f8b325833d8fd108dfda545d7de0e97fc0d.bin,"[24, 222]"
2466,c6bae0c1ce2b96d57559440b526494962512873f.bin,132,734,datacopy/UCSB/c6bae0c1ce2b96d57559440b526494962512873f.bin,"[24, 222]"
2467,aac03c7a7edf7ef68731f3b42d5a5d5a64593cec.bin,132,734,datacopy/UCSB/aac03c7a7edf7ef68731f3b42d5a5d5a64593cec.bin,"[24, 222]"
2468,a6945673ea074a83d9d8a24c029102ba504c739a.bin,132,734,datacopy/UCSB/a6945673ea074a83d9d8a24c029102ba504c739a.bin,"[24, 222]"
2469,97193369e070afc7c2ccc91d8933314a9bea7bad.bin,132,734,datacopy/UCSB/97193369e070afc7c2ccc91d8933314a9bea7bad.bin,"[24, 222]"
2470,9339eb7e36e1ba813eb4426cddd7e9c533997b65.bin,132,734,datacopy/UCSB/9339eb7e36e1ba813eb4426cddd7e9c533997b65.bin,"[24, 222]"
2471,f605c10a2621e64596b699c7ddb658791042ee6b.bin,132,734,datacopy/UCSB/f605c10a2621e64596b699c7ddb658791042ee6b.bin,"[24, 222]"
2472,5963ef5521c224224ba9f6ef34ced46baf9f4523.bin,132,734,datacopy/UCSB/5963ef5521c224224ba9f6ef34ced46baf9f4523.bin,"[24, 222]"
2473,7fdc8defa6df7801efadf9ae55768f09dc1acd2f.bin,132,734,datacopy/UCSB/7fdc8defa6df7801efadf9ae55768f09dc1acd2f.bin,"[24, 222]"
2474,55d4c3b7f8898305718dce82fc8bd700fd5c8a85.bin,132,734,datacopy/UCSB/55d4c3b7f8898305718dce82fc8bd700fd5c8a85.bin,"[24, 222]"
2475,8c32d485b67d5b4088aebe70a7e033f4701cd31f.bin,132,734,datacopy/UCSB/8c32d485b67d5b4088aebe70a7e033f4701cd31f.bin,"[24, 222]"
2476,fd510ddb3ec11e546a1e4dfddd71c8387ee73b7e.bin,132,734,datacopy/UCSB/fd510ddb3ec11e546a1e4dfddd71c8387ee73b7e.bin,"[24, 222]"
2477,26368417e33030ba1ca3ba24fc058af92c018c70.bin,132,734,datacopy/UCSB/26368417e33030ba1ca3ba24fc058af92c018c70.bin,"[24, 222]"
2478,331e8134624c2ba6b01f35ae252bf18110daa4a0.bin,132,734,datacopy/UCSB/331e8134624c2ba6b01f35ae252bf18110daa4a0.bin,"[24, 222]"
2479,28394983a2c40254f56ddf855969191690375f6b.bin,132,734,datacopy/UCSB/28394983a2c40254f56ddf855969191690375f6b.bin,"[24, 222]"
2480,53b9439aeabce55f2c9b8e593169967fbd710286.bin,132,734,datacopy/UCSB/53b9439aeabce55f2c9b8e593169967fbd710286.bin,"[24, 222]"
2481,32319c6e62d457669b3542f8fdbbeac47c768ca1.bin,132,734,datacopy/UCSB/32319c6e62d457669b3542f8fdbbeac47c768ca1.bin,"[24, 222]"
2482,9a6ad6f296635ff3237c36a99a0e789697e21995.bin,132,734,datacopy/UCSB/9a6ad6f296635ff3237c36a99a0e789697e21995.bin,"[24, 222]"
2483,b131c7d4d39306dca23a6eede346e228f845a343.bin,132,734,datacopy/UCSB/b131c7d4d39306dca23a6eede346e228f845a343.bin,"[24, 222]"
2484,e3f9c600f3c3a4cb1ebf8e9c3c4a3c1747bf0687.bin,132,734,datacopy/UCSB/e3f9c600f3c3a4cb1ebf8e9c3c4a3c1747bf0687.bin,"[24, 222]"
2485,1b8fbc182dfed4618f4b8cf2236d2b77bf95e4f9.bin,132,734,datacopy/UCSB/1b8fbc182dfed4618f4b8cf2236d2b77bf95e4f9.bin,"[24, 222]"
2486,f8841e759fad58569fbc34f10aa987c49925514d.bin,132,734,datacopy/UCSB/f8841e759fad58569fbc34f10aa987c49925514d.bin,"[24, 222]"
2487,f9447399c0949410d55ba176fbc9974fa214b676.bin,132,734,datacopy/UCSB/f9447399c0949410d55ba176fbc9974fa214b676.bin,"[24, 222]"
2488,a0964150b327e918212822b45cf7b124d117ead1.bin,132,734,datacopy/UCSB/a0964150b327e918212822b45cf7b124d117ead1.bin,"[24, 222]"
2489,77da400f599a9dd93a9c0729812b48cf2c47b4e2.bin,132,734,datacopy/UCSB/77da400f599a9dd93a9c0729812b48cf2c47b4e2.bin,"[24, 222]"
2490,73fa893ed020b65258e5fc98af874efe37dc5114.bin,132,734,datacopy/UCSB/73fa893ed020b65258e5fc98af874efe37dc5114.bin,"[24, 222]"
2491,f80e1149e54216be098b7f58208115ce9ac696c5.bin,132,734,datacopy/UCSB/f80e1149e54216be098b7f58208115ce9ac696c5.bin,"[24, 222]"
2492,3b5edc3c572c62a476976ab166c2bd59c87f73ef.bin,132,734,datacopy/UCSB/3b5edc3c572c62a476976ab166c2bd59c87f73ef.bin,"[24, 222]"
2493,d7c4599e941e7d0a71bd9f3f0fdd67e6d275ce72.bin,132,734,datacopy/UCSB/d7c4599e941e7d0a71bd9f3f0fdd67e6d275ce72.bin,"[24, 222]"
2494,ecf0df204a161cc6041315963c753c66849a1332.bin,132,734,datacopy/UCSB/ecf0df204a161cc6041315963c753c66849a1332.bin,"[24, 222]"
2495,b077cad74cd20cd09e9f0e830b94b5b890f57f87.bin,132,734,datacopy/UCSB/b077cad74cd20cd09e9f0e830b94b5b890f57f87.bin,"[24, 222]"
2496,0f7027f55934bae17a6ccd506e35ee4f33951c3b.bin,132,734,datacopy/UCSB/0f7027f55934bae17a6ccd506e35ee4f33951c3b.bin,"[24, 222]"
2497,2b36ff626790926f9603abfb15a7f28d9d3d6615.bin,132,734,datacopy/UCSB/2b36ff626790926f9603abfb15a7f28d9d3d6615.bin,"[24, 222]"
2498,6eabb94636457269bcc190577e994caa9b36144b.bin,132,734,datacopy/UCSB/6eabb94636457269bcc190577e994caa9b36144b.bin,"[24, 222]"
2499,83310a241d36ea6b90a05008bf597d2213380d63.bin,132,734,datacopy/UCSB/83310a241d36ea6b90a05008bf597d2213380d63.bin,"[24, 222]"
2500,4a7db07fdf88866173c741d7661487723708485e.bin,132,734,datacopy/UCSB/4a7db07fdf88866173c741d7661487723708485e.bin,"[24, 222]"
2501,0252e92c38408438e939e0af742203afd7eca809.bin,132,734,datacopy/UCSB/0252e92c38408438e939e0af742203afd7eca809.bin,"[24, 222]"
2502,0a666860d1853b278bdb2ece0b71fece00fb86d1.bin,132,734,datacopy/UCSB/0a666860d1853b278bdb2ece0b71fece00fb86d1.bin,"[24, 222]"
2503,747efb24b4a9f5451440e34dee0e23f39b0880bb.bin,132,734,datacopy/UCSB/747efb24b4a9f5451440e34dee0e23f39b0880bb.bin,"[24, 222]"
2504,a7f6f44dadedc016a9d55119e86c049e9f3768b0.bin,132,734,datacopy/UCSB/a7f6f44dadedc016a9d55119e86c049e9f3768b0.bin,"[24, 222]"
2505,8051436ca4e9458f7ff7d5e075f4299b29554514.bin,132,734,datacopy/UCSB/8051436ca4e9458f7ff7d5e075f4299b29554514.bin,"[24, 222]"
2506,eb1da7a5ea36bde21a6db77e1c1f8cae495b81d9.bin,132,734,datacopy/UCSB/eb1da7a5ea36bde21a6db77e1c1f8cae495b81d9.bin,"[24, 222]"
2507,f7990ec29a9d76ca6fd74874387f484d48009015.bin,132,734,datacopy/UCSB/f7990ec29a9d76ca6fd74874387f484d48009015.bin,"[24, 222]"
2508,cd3df8fb026dd37a617f2c1bce734fb5914f7dfa.bin,132,734,datacopy/UCSB/cd3df8fb026dd37a617f2c1bce734fb5914f7dfa.bin,"[24, 222]"
2509,f5c9cbd8ba855cafcca1987dbba55a116c8cd524.bin,132,734,datacopy/UCSB/f5c9cbd8ba855cafcca1987dbba55a116c8cd524.bin,"[24, 222]"
2510,df523c9fc30211b0f17721e91b54ca38e13427ab.bin,132,734,datacopy/UCSB/df523c9fc30211b0f17721e91b54ca38e13427ab.bin,"[24, 222]"
2511,59fd8471d7a1ce0495f671833a67008d3c23c370.bin,132,734,datacopy/UCSB/59fd8471d7a1ce0495f671833a67008d3c23c370.bin,"[24, 222]"
2512,3d18767168880fa5e3afeade274c741a97f730fd.bin,132,734,datacopy/UCSB/3d18767168880fa5e3afeade274c741a97f730fd.bin,"[24, 222]"
2513,d92731729458d584258e7b1721a323b87bd7c0d3.bin,132,734,datacopy/UCSB/d92731729458d584258e7b1721a323b87bd7c0d3.bin,"[24, 222]"
2514,93e3ab6886e3e434288bcd6148baec54a07c2a58.bin,132,734,datacopy/UCSB/93e3ab6886e3e434288bcd6148baec54a07c2a58.bin,"[24, 222]"
2515,b4a6dd96c07c3041238cffa6659a13c9c9655493.bin,132,734,datacopy/UCSB/b4a6dd96c07c3041238cffa6659a13c9c9655493.bin,"[24, 222]"
2516,5910c1bc42bef1e360b124f0732db75da824bbaa.bin,132,734,datacopy/UCSB/5910c1bc42bef1e360b124f0732db75da824bbaa.bin,"[24, 222]"
2517,8403a80b6bf54b6c2603fb2890bb12b71efbeca8.bin,132,734,datacopy/UCSB/8403a80b6bf54b6c2603fb2890bb12b71efbeca8.bin,"[24, 222]"
2518,83a57ae30835e215be584b896264018c40f992c7.bin,132,734,datacopy/UCSB/83a57ae30835e215be584b896264018c40f992c7.bin,"[24, 222]"
2519,fd11a08112c4025b0c7262c368980845e97413b3.bin,132,734,datacopy/UCSB/fd11a08112c4025b0c7262c368980845e97413b3.bin,"[24, 222]"
2520,bcf8bfec6e8c8b3dd5fdfd170cdfbcd23f39af88.bin,132,734,datacopy/UCSB/bcf8bfec6e8c8b3dd5fdfd170cdfbcd23f39af88.bin,"[24, 222]"
2521,b639a96b10c6a6d4278f06f6328e2113db037d17.bin,132,734,datacopy/UCSB/b639a96b10c6a6d4278f06f6328e2113db037d17.bin,"[24, 222]"
2522,004b5183ef893da975044828df95f6a7617c92ba.bin,132,734,datacopy/UCSB/004b5183ef893da975044828df95f6a7617c92ba.bin,"[24, 222]"
2523,bea6f37c3dab2c4297eb8dce6acbcd3ae34a7bbb.bin,132,734,datacopy/UCSB/bea6f37c3dab2c4297eb8dce6acbcd3ae34a7bbb.bin,"[24, 222]"
2524,5e9f754f9221cea96fc37b10894215d9b1c652c8.bin,132,734,datacopy/UCSB/5e9f754f9221cea96fc37b10894215d9b1c652c8.bin,"[24, 222]"
2525,2405db084f76573a5f64379b238a6a729dac0eda.bin,132,734,datacopy/UCSB/2405db084f76573a5f64379b238a6a729dac0eda.bin,"[24, 222]"
2526,b12a05f74f269fa520b4ab8ee0d96be2773f1693.bin,132,734,datacopy/UCSB/b12a05f74f269fa520b4ab8ee0d96be2773f1693.bin,"[24, 222]"
2527,387377ae72e1eeaa2a7cd166da777f5ebe1130a5.bin,132,734,datacopy/UCSB/387377ae72e1eeaa2a7cd166da777f5ebe1130a5.bin,"[24, 222]"
2528,cb2ce572e7af4a1beabc808d6b1e000caff682d8.bin,132,734,datacopy/UCSB/cb2ce572e7af4a1beabc808d6b1e000caff682d8.bin,"[24, 222]"
2529,044446a8205b41b64ac8498b02dd389aede4922b.bin,132,734,datacopy/UCSB/044446a8205b41b64ac8498b02dd389aede4922b.bin,"[24, 222]"
2530,ad329660b4c98c4358fb20d2c062c9713a35db72.bin,132,734,datacopy/UCSB/ad329660b4c98c4358fb20d2c062c9713a35db72.bin,"[24, 222]"
2531,52bd1cc2c4d7db2efd4bc024035c96884b762404.bin,132,734,datacopy/UCSB/52bd1cc2c4d7db2efd4bc024035c96884b762404.bin,"[24, 222]"
2532,2e1c22115ce6041a13cb3d37cea2987c2f378497.bin,132,734,datacopy/UCSB/2e1c22115ce6041a13cb3d37cea2987c2f378497.bin,"[24, 222]"
2533,cdd017ca1d519f436d4d2e175b188802ec9bd169.bin,132,734,datacopy/UCSB/cdd017ca1d519f436d4d2e175b188802ec9bd169.bin,"[24, 222]"
2534,79d00802193fa20d959515ea36c88ce82736b00d.bin,132,734,datacopy/UCSB/79d00802193fa20d959515ea36c88ce82736b00d.bin,"[24, 222]"
2535,a899235e24baac59d25902d6225ecc4d8f64d36e.bin,132,734,datacopy/UCSB/a899235e24baac59d25902d6225ecc4d8f64d36e.bin,"[24, 222]"
2536,d2a9f64afdae95099a49024e3dd9b5fe2b4f064a.bin,132,734,datacopy/UCSB/d2a9f64afdae95099a49024e3dd9b5fe2b4f064a.bin,"[24, 222]"
2537,f4fceaa632fbd016f891992dd72930a4ee728a8b.bin,132,734,datacopy/UCSB/f4fceaa632fbd016f891992dd72930a4ee728a8b.bin,"[24, 222]"
2538,069e2ecd2de605c87dac9c37a17aeddb1cb98fa1.bin,132,734,datacopy/UCSB/069e2ecd2de605c87dac9c37a17aeddb1cb98fa1.bin,"[24, 222]"
2539,1fac03028e09e4c43f6bc502f0dd7e3efb717169.bin,132,734,datacopy/UCSB/1fac03028e09e4c43f6bc502f0dd7e3efb717169.bin,"[24, 222]"
2540,336045de9eca771b95640616af985b9aa4a394a1.bin,132,734,datacopy/UCSB/336045de9eca771b95640616af985b9aa4a394a1.bin,"[24, 222]"
2541,78fad8bf40a774927e9e123aa0149afbfece3500.bin,132,734,datacopy/UCSB/78fad8bf40a774927e9e123aa0149afbfece3500.bin,"[24, 222]"
2542,89869080eed741a50cbc100a078a10c46d290850.bin,132,734,datacopy/UCSB/89869080eed741a50cbc100a078a10c46d290850.bin,"[24, 222]"
2543,fe9b19257a4460301887c32e7baa6ace7c3d8b54.bin,132,734,datacopy/UCSB/fe9b19257a4460301887c32e7baa6ace7c3d8b54.bin,"[24, 222]"
2544,7c3d8ae61df5bf3b92778df72bd0a605d511d152.bin,132,734,datacopy/UCSB/7c3d8ae61df5bf3b92778df72bd0a605d511d152.bin,"[24, 222]"
2545,256e49a1447d28c9e6d414b545978ba92ce78ade.bin,132,734,datacopy/UCSB/256e49a1447d28c9e6d414b545978ba92ce78ade.bin,"[24, 222]"
2546,cd2fbe7cdcc7ce0641543d079d163e58de2e0f0e.bin,132,734,datacopy/UCSB/cd2fbe7cdcc7ce0641543d079d163e58de2e0f0e.bin,"[24, 222]"
2547,ba0d8fa992322a64282bb23ce2a810eaefa9a81c.bin,132,734,datacopy/UCSB/ba0d8fa992322a64282bb23ce2a810eaefa9a81c.bin,"[24, 222]"
2548,78cfb2b939d02ea08e54ec1b48868d2758755f7c.bin,132,734,datacopy/UCSB/78cfb2b939d02ea08e54ec1b48868d2758755f7c.bin,"[24, 222]"
2549,a30fe6ceeaf572d283244992db46cdcdbed6f663.bin,132,734,datacopy/UCSB/a30fe6ceeaf572d283244992db46cdcdbed6f663.bin,"[24, 222]"
2550,0c084a6ecacd1afa1b515c30144b00c6dbe47f35.bin,132,734,datacopy/UCSB/0c084a6ecacd1afa1b515c30144b00c6dbe47f35.bin,"[24, 222]"
2551,88918ee87ea218d9366079f1747813e4a85eef96.bin,132,734,datacopy/UCSB/88918ee87ea218d9366079f1747813e4a85eef96.bin,"[24, 222]"
2552,bba07bacedbca4bfc60e3a06d4a21417520d9f35.bin,132,54,datacopy/UCSB/bba07bacedbca4bfc60e3a06d4a21417520d9f35.bin,"[24, 222]"
2553,1cab197043a3ea9cc46ca1f0c2f96ca988da400c.bin,132,734,datacopy/UCSB/1cab197043a3ea9cc46ca1f0c2f96ca988da400c.bin,"[24, 222]"
2554,232514fb4e7d474814eaacd02ba391c7569b5fe6.bin,132,734,datacopy/UCSB/232514fb4e7d474814eaacd02ba391c7569b5fe6.bin,"[24, 222]"
2555,7a9ff79e3c7e0165da8a3f90b81953c98a14e239.bin,132,734,datacopy/UCSB/7a9ff79e3c7e0165da8a3f90b81953c98a14e239.bin,"[24, 222]"
2556,8e162bc4f7d50be91af02aa53981dea107ed3995.bin,132,734,datacopy/UCSB/8e162bc4f7d50be91af02aa53981dea107ed3995.bin,"[24, 222]"
2557,441b43018d81b1457f7e6aa45fcf0f9aa4aa5eb1.bin,132,734,datacopy/UCSB/441b43018d81b1457f7e6aa45fcf0f9aa4aa5eb1.bin,"[24, 222]"
2558,c57c11032237a0c687bd3ba1926b90f0de0b64b6.bin,132,734,datacopy/UCSB/c57c11032237a0c687bd3ba1926b90f0de0b64b6.bin,"[24, 222]"
2559,3e24f0687160624bbb361ea3d6fb103cd903f53a.bin,132,54,datacopy/UCSB/3e24f0687160624bbb361ea3d6fb103cd903f53a.bin,"[24, 222]"
2560,f8a26b3a271a50e898bff181d643b5c411490273.bin,132,734,datacopy/UCSB/f8a26b3a271a50e898bff181d643b5c411490273.bin,"[24, 222]"
2561,057a5f4265567e1fa813db7e1a1d37859ae9c820.bin,132,734,datacopy/UCSB/057a5f4265567e1fa813db7e1a1d37859ae9c820.bin,"[24, 222]"
2562,3f993cf020f7de2e39fa017dcfab75ef3b4b4962.bin,132,734,datacopy/UCSB/3f993cf020f7de2e39fa017dcfab75ef3b4b4962.bin,"[24, 222]"
2563,2f7ca24fa5de36f38ef85de9c64e17095ef77746.bin,132,734,datacopy/UCSB/2f7ca24fa5de36f38ef85de9c64e17095ef77746.bin,"[24, 222]"
2564,b2e813bb74284faf5971fe9d6780ae9a1d10c741.bin,132,734,datacopy/UCSB/b2e813bb74284faf5971fe9d6780ae9a1d10c741.bin,"[24, 222]"
2565,1d7df77039a11eb35e2fdd4fc55c60d65f048f77.bin,132,734,datacopy/UCSB/1d7df77039a11eb35e2fdd4fc55c60d65f048f77.bin,"[24, 222]"
2566,4cee723b3431f74df1ae3ccd338eefc1dc8fccd1.bin,132,734,datacopy/UCSB/4cee723b3431f74df1ae3ccd338eefc1dc8fccd1.bin,"[24, 222]"
2567,95907f9c6041ceaf2b5cb9f3a0d4207aad569a02.bin,132,734,datacopy/UCSB/95907f9c6041ceaf2b5cb9f3a0d4207aad569a02.bin,"[24, 222]"
2568,9382fc4d90b68d800bb96611defee2fc7370c894.bin,132,54,datacopy/UCSB/9382fc4d90b68d800bb96611defee2fc7370c894.bin,"[24, 222]"
2569,cbbade55c602d96be7697489f33ff9bed1d7293c.bin,132,734,datacopy/UCSB/cbbade55c602d96be7697489f33ff9bed1d7293c.bin,"[24, 222]"
2570,bb2fa023f6b6d8c52a7e4dc7bf0a267d42594c51.bin,132,734,datacopy/UCSB/bb2fa023f6b6d8c52a7e4dc7bf0a267d42594c51.bin,"[24, 222]"
2571,4ffd81480ea6cee5738396358c7013e7be709ad9.bin,132,734,datacopy/UCSB/4ffd81480ea6cee5738396358c7013e7be709ad9.bin,"[24, 222]"
2572,8401cfe63b42f2278e311c6520727fdebc6bd7a2.bin,132,734,datacopy/UCSB/8401cfe63b42f2278e311c6520727fdebc6bd7a2.bin,"[24, 222]"
2573,27c061b601363b18adfb356ec32da22c6887af8c.bin,132,734,datacopy/UCSB/27c061b601363b18adfb356ec32da22c6887af8c.bin,"[24, 222]"
2574,6983e58c597e4acaffa1a2d90898f8396d864bc5.bin,132,734,datacopy/UCSB/6983e58c597e4acaffa1a2d90898f8396d864bc5.bin,"[24, 222]"
2575,814102b1ce471a3656ac709fbe9a6c7a1162a264.bin,132,734,datacopy/UCSB/814102b1ce471a3656ac709fbe9a6c7a1162a264.bin,"[24, 222]"
2576,233832779486827425ec88dbc3d0c8e38e69b094.bin,132,734,datacopy/UCSB/233832779486827425ec88dbc3d0c8e38e69b094.bin,"[24, 222]"
2577,7f578b926cf9dc997203c2d3e4e6c33ccc10fb58.bin,132,734,datacopy/UCSB/7f578b926cf9dc997203c2d3e4e6c33ccc10fb58.bin,"[24, 222]"
2578,863560108b2d21ee90f5031f8da4eb089aa1fe3a.bin,132,734,datacopy/UCSB/863560108b2d21ee90f5031f8da4eb089aa1fe3a.bin,"[24, 222]"
2579,0986738973ddc03d9b3f529da8fdfc4545605516.bin,132,734,datacopy/UCSB/0986738973ddc03d9b3f529da8fdfc4545605516.bin,"[24, 222]"
2580,daca55a8daf8c5771cba342a3dd640837ea9d7cf.bin,132,734,datacopy/UCSB/daca55a8daf8c5771cba342a3dd640837ea9d7cf.bin,"[24, 222]"
2581,440339b9afd6278454fc3df90e8c18ed8a25b89b.bin,132,734,datacopy/UCSB/440339b9afd6278454fc3df90e8c18ed8a25b89b.bin,"[24, 222]"
2582,298bf0a175f99b250ea6ed68c68e9f42403ceb5c.bin,132,734,datacopy/UCSB/298bf0a175f99b250ea6ed68c68e9f42403ceb5c.bin,"[24, 222]"
2583,6210db24306456362b9702916f529f44c1a89865.bin,132,734,datacopy/UCSB/6210db24306456362b9702916f529f44c1a89865.bin,"[24, 222]"
2584,613a1a7f58e66e9ae31d2a47bd6d4d235b8dbbf5.bin,132,734,datacopy/UCSB/613a1a7f58e66e9ae31d2a47bd6d4d235b8dbbf5.bin,"[24, 222]"
2585,712a949eb4969b06740c81186d00bdca4eedbf85.bin,132,734,datacopy/UCSB/712a949eb4969b06740c81186d00bdca4eedbf85.bin,"[24, 222]"
2586,d87f4dd4090f6f6808c0a43973d385b7cb4131aa.bin,132,734,datacopy/UCSB/d87f4dd4090f6f6808c0a43973d385b7cb4131aa.bin,"[24, 222]"
2587,df97e8f1e24ea246fd1e27db230053f616e3cc98.bin,132,734,datacopy/UCSB/df97e8f1e24ea246fd1e27db230053f616e3cc98.bin,"[24, 222]"
2588,a1a2d4d4e60d61599b83484ffe6ffe3c00c25ed7.bin,132,734,datacopy/UCSB/a1a2d4d4e60d61599b83484ffe6ffe3c00c25ed7.bin,"[24, 222]"
2589,623aea3449d56f58c8df88eef61871e44b2d262f.bin,132,734,datacopy/UCSB/623aea3449d56f58c8df88eef61871e44b2d262f.bin,"[24, 222]"
2590,5283a9e2c4b6864d00349876b4ae4714fe4331bb.bin,132,734,datacopy/UCSB/5283a9e2c4b6864d00349876b4ae4714fe4331bb.bin,"[24, 222]"
2591,3805860244eaddd083e72ecb0ab4fbc0bbdb827e.bin,132,734,datacopy/UCSB/3805860244eaddd083e72ecb0ab4fbc0bbdb827e.bin,"[24, 222]"
2592,74cd5284c66e245f9c5e3d14441622aa89420a14.bin,132,734,datacopy/UCSB/74cd5284c66e245f9c5e3d14441622aa89420a14.bin,"[24, 222]"
2593,5318b43a2cc25449c4273887d38f246684422c85.bin,132,734,datacopy/UCSB/5318b43a2cc25449c4273887d38f246684422c85.bin,"[24, 222]"
2594,920eac1ce5795d0d63b92ecc62dbc1de81660949.bin,132,734,datacopy/UCSB/920eac1ce5795d0d63b92ecc62dbc1de81660949.bin,"[24, 222]"
2595,59600fa08299613fed266eaf13d5f1d0819d89f6.bin,132,734,datacopy/UCSB/59600fa08299613fed266eaf13d5f1d0819d89f6.bin,"[24, 222]"
2596,a7a8d61d7a9cca079cb5194c8475cd5bae1d288f.bin,132,54,datacopy/UCSB/a7a8d61d7a9cca079cb5194c8475cd5bae1d288f.bin,"[24, 222]"
2597,3cb9bbfd9770678308bdd25296b6c5e79834fbe3.bin,132,734,datacopy/UCSB/3cb9bbfd9770678308bdd25296b6c5e79834fbe3.bin,"[24, 222]"
2598,233a3e240aa1d09ca962fc8be22b897b71613da3.bin,132,734,datacopy/UCSB/233a3e240aa1d09ca962fc8be22b897b71613da3.bin,"[24, 222]"
2599,9bba76a35e74b33c9c5c64684ddd26ba7807db56.bin,132,734,datacopy/UCSB/9bba76a35e74b33c9c5c64684ddd26ba7807db56.bin,"[24, 222]"
2600,1937488c123716d2ae96859b69efbb12bac63458.bin,132,734,datacopy/UCSB/1937488c123716d2ae96859b69efbb12bac63458.bin,"[24, 222]"
2601,5596d2e6f737377e7272c2ff49e11afa71f69028.bin,132,734,datacopy/UCSB/5596d2e6f737377e7272c2ff49e11afa71f69028.bin,"[24, 222]"
2602,74ffcd103d6ae501573e3d28ab6e987a91e98b75.bin,132,734,datacopy/UCSB/74ffcd103d6ae501573e3d28ab6e987a91e98b75.bin,"[24, 222]"
2603,308735d25afb3db8ddb0354c8b9d8fcf0598616f.bin,132,734,datacopy/UCSB/308735d25afb3db8ddb0354c8b9d8fcf0598616f.bin,"[24, 222]"
2604,3c2540e5d2859548a2bb0a855e74b1f3118814b9.bin,132,734,datacopy/UCSB/3c2540e5d2859548a2bb0a855e74b1f3118814b9.bin,"[24, 222]"
2605,81f8f473cb6aec6183c31a3c37a60a58d9d8ce37.bin,132,734,datacopy/UCSB/81f8f473cb6aec6183c31a3c37a60a58d9d8ce37.bin,"[24, 222]"
2606,6dd79489d7fa242c890336de0e552a50a1a85bfe.bin,132,734,datacopy/UCSB/6dd79489d7fa242c890336de0e552a50a1a85bfe.bin,"[24, 222]"
2607,eaf65502e00a2bc61901ee1f47c0449c3da52589.bin,132,734,datacopy/UCSB/eaf65502e00a2bc61901ee1f47c0449c3da52589.bin,"[24, 222]"
2608,de7f6d3212e2fba84003bb28334b9551fd80c8af.bin,132,734,datacopy/UCSB/de7f6d3212e2fba84003bb28334b9551fd80c8af.bin,"[24, 222]"
2609,7b7ca3dd4a8bbe14695df8908de3c3977ef81af1.bin,132,734,datacopy/UCSB/7b7ca3dd4a8bbe14695df8908de3c3977ef81af1.bin,"[24, 222]"
2610,7ed636bc054fac6e061bbe196e8d3494f0186be0.bin,132,734,datacopy/UCSB/7ed636bc054fac6e061bbe196e8d3494f0186be0.bin,"[24, 222]"
2611,b31b4d71b71882906c4aa783597f14dd79b0ce4a.bin,132,734,datacopy/UCSB/b31b4d71b71882906c4aa783597f14dd79b0ce4a.bin,"[24, 222]"
2612,709c46ca835809ba2d71ec4e58bf8d935d8dedf0.bin,132,734,datacopy/UCSB/709c46ca835809ba2d71ec4e58bf8d935d8dedf0.bin,"[24, 222]"
2613,ebef6521f1d4f5949c60204f972e6baa576f5db8.bin,132,734,datacopy/UCSB/ebef6521f1d4f5949c60204f972e6baa576f5db8.bin,"[24, 222]"
2614,1eb70bf893968d18dbb4077bf4544817a8c9defc.bin,132,734,datacopy/UCSB/1eb70bf893968d18dbb4077bf4544817a8c9defc.bin,"[24, 222]"
2615,7317b1f2f0d73e1fa09dc4234a3ceafce3a948df.bin,132,734,datacopy/UCSB/7317b1f2f0d73e1fa09dc4234a3ceafce3a948df.bin,"[24, 222]"
2616,ae3c72fea111bc5a6d0c4577c3107c2f3ac4dc92.bin,132,734,datacopy/UCSB/ae3c72fea111bc5a6d0c4577c3107c2f3ac4dc92.bin,"[24, 222]"
2617,1fa746d61ae1931171bd01acec0654cbfc47f224.bin,132,734,datacopy/UCSB/1fa746d61ae1931171bd01acec0654cbfc47f224.bin,"[24, 222]"
2618,41234cc0ef84e13ec649330c7565e4a2ddbac9e6.bin,132,734,datacopy/UCSB/41234cc0ef84e13ec649330c7565e4a2ddbac9e6.bin,"[24, 222]"
2619,435b0177dd4cdae48e085f2d1ce2467d7446a935.bin,132,734,datacopy/UCSB/435b0177dd4cdae48e085f2d1ce2467d7446a935.bin,"[24, 222]"
2620,b75238376a4a96c49bd32308ba9ca8beb3bb6e4f.bin,132,734,datacopy/UCSB/b75238376a4a96c49bd32308ba9ca8beb3bb6e4f.bin,"[24, 222]"
2621,abf11ba1ffed9b94b63a111a8f09d4f46b447d87.bin,132,734,datacopy/UCSB/abf11ba1ffed9b94b63a111a8f09d4f46b447d87.bin,"[24, 222]"
2622,d401d00ea196e050677d494ac57819369161770e.bin,132,734,datacopy/UCSB/d401d00ea196e050677d494ac57819369161770e.bin,"[24, 222]"
2623,4332d2fba0e8554c0157d8a6424c77880aa78cfb.bin,132,734,datacopy/UCSB/4332d2fba0e8554c0157d8a6424c77880aa78cfb.bin,"[24, 222]"
2624,842c4539d1254f42c883ecba1267afd6517a4b7a.bin,132,734,datacopy/UCSB/842c4539d1254f42c883ecba1267afd6517a4b7a.bin,"[24, 222]"
2625,581ac123fc870172b1ad04de105104354b02e43c.bin,132,734,datacopy/UCSB/581ac123fc870172b1ad04de105104354b02e43c.bin,"[24, 222]"
2626,ee71de2f13766612964aabe41ea5e17731e09e7f.bin,132,734,datacopy/UCSB/ee71de2f13766612964aabe41ea5e17731e09e7f.bin,"[24, 222]"
2627,253d6080c7c6b13a4acbbc2b63d6b2f67222403f.bin,132,734,datacopy/UCSB/253d6080c7c6b13a4acbbc2b63d6b2f67222403f.bin,"[24, 222]"
2628,fdc13255e35a147d4e16a377c99be950f7f8878a.bin,132,734,datacopy/UCSB/fdc13255e35a147d4e16a377c99be950f7f8878a.bin,"[24, 222]"
2629,db1f66fec7d74f240be6d082534cc27c7dc3baea.bin,132,54,datacopy/UCSB/db1f66fec7d74f240be6d082534cc27c7dc3baea.bin,"[24, 222]"
2630,e981f488d0b5e1f8406f2c30fe8c701c4a0493c7.bin,132,734,datacopy/UCSB/e981f488d0b5e1f8406f2c30fe8c701c4a0493c7.bin,"[24, 222]"
2631,2e9af8dbe5c79794b9ff547a6e5bfa055458432e.bin,132,734,datacopy/UCSB/2e9af8dbe5c79794b9ff547a6e5bfa055458432e.bin,"[24, 222]"
2632,e8470138c8ac482773b9a562aa6dd86df00ffa32.bin,132,734,datacopy/UCSB/e8470138c8ac482773b9a562aa6dd86df00ffa32.bin,"[24, 222]"
2633,0d5eccffb75b69a49c58be4f4406acef0746bb64.bin,132,734,datacopy/UCSB/0d5eccffb75b69a49c58be4f4406acef0746bb64.bin,"[24, 222]"
2634,7be06c5fd7bb9353f47152852b47d7d547e9e870.bin,132,734,datacopy/UCSB/7be06c5fd7bb9353f47152852b47d7d547e9e870.bin,"[24, 222]"
2635,5869eef4ca88a183bc6f2373ccc0b6a8ed2fc946.bin,132,734,datacopy/UCSB/5869eef4ca88a183bc6f2373ccc0b6a8ed2fc946.bin,"[24, 222]"
2636,c9dc268749c82cd4ac48e88bdd430dd94ecdef04.bin,132,734,datacopy/UCSB/c9dc268749c82cd4ac48e88bdd430dd94ecdef04.bin,"[24, 222]"
2637,2ae283c0ce47ac1d190e1d5036ca77600043f143.bin,132,734,datacopy/UCSB/2ae283c0ce47ac1d190e1d5036ca77600043f143.bin,"[24, 222]"
2638,8a2206bcb62ddd3686c86edb5300deb92047385b.bin,132,734,datacopy/UCSB/8a2206bcb62ddd3686c86edb5300deb92047385b.bin,"[24, 222]"
2639,e2eac41a50385a6ef66a23c928aee0c3c518e7a1.bin,132,734,datacopy/UCSB/e2eac41a50385a6ef66a23c928aee0c3c518e7a1.bin,"[24, 222]"
2640,7734733659f9bb56d5a59e1946a80d4ca129499d.bin,132,734,datacopy/UCSB/7734733659f9bb56d5a59e1946a80d4ca129499d.bin,"[24, 222]"
2641,c79f8796bbae267b8b373278f7460a46f51e33c8.bin,132,734,datacopy/UCSB/c79f8796bbae267b8b373278f7460a46f51e33c8.bin,"[24, 222]"
2642,3c545a68849dd42def8a2370fa74710f195eb964.bin,132,734,datacopy/UCSB/3c545a68849dd42def8a2370fa74710f195eb964.bin,"[24, 222]"
2643,2b2592bcf4b6511a916ef16bda2c78ee282f4dce.bin,132,54,datacopy/UCSB/2b2592bcf4b6511a916ef16bda2c78ee282f4dce.bin,"[24, 222]"
2644,034f29601a77bc19700c9c18d523593cb1b52159.bin,132,734,datacopy/UCSB/034f29601a77bc19700c9c18d523593cb1b52159.bin,"[24, 222]"
2645,45321b7cca111de15848e7aa745e81987a0f91b0.bin,132,734,datacopy/UCSB/45321b7cca111de15848e7aa745e81987a0f91b0.bin,"[24, 222]"
2646,ff79cac54c415eb25fa3a6f18a1cb105b80bd1f5.bin,132,54,datacopy/UCSB/ff79cac54c415eb25fa3a6f18a1cb105b80bd1f5.bin,"[24, 222]"
2647,1e4dfdbf820a84d4b3594742ed3504aef5601201.bin,132,734,datacopy/UCSB/1e4dfdbf820a84d4b3594742ed3504aef5601201.bin,"[24, 222]"
2648,aa1dddde462dfa436cdedb26b1b893c5a7b37038.bin,132,54,datacopy/UCSB/aa1dddde462dfa436cdedb26b1b893c5a7b37038.bin,"[24, 222]"
2649,568c664212e0d7565136edcb2b403bf6e073b726.bin,132,734,datacopy/UCSB/568c664212e0d7565136edcb2b403bf6e073b726.bin,"[24, 222]"
2650,25e9017db92fde90bb77b2b6a4b46b93a465b424.bin,132,734,datacopy/UCSB/25e9017db92fde90bb77b2b6a4b46b93a465b424.bin,"[24, 222]"
2651,92b903f7f550ab37308403e9c7da37992568a840.bin,132,734,datacopy/UCSB/92b903f7f550ab37308403e9c7da37992568a840.bin,"[24, 222]"
2652,4a752c19045e2eb895527372c35c175317b383a1.bin,132,734,datacopy/UCSB/4a752c19045e2eb895527372c35c175317b383a1.bin,"[24, 222]"
2653,f3475e1bf0f45fd830611583f81f1d50eeeba9e7.bin,132,734,datacopy/UCSB/f3475e1bf0f45fd830611583f81f1d50eeeba9e7.bin,"[24, 222]"
2654,ece366c7aa88226aac9a0fb5339a1e48c3a20859.bin,132,734,datacopy/UCSB/ece366c7aa88226aac9a0fb5339a1e48c3a20859.bin,"[24, 222]"
2655,54ef07ff94cb45ae0f055fa37c0909cb31352d1c.bin,132,734,datacopy/UCSB/54ef07ff94cb45ae0f055fa37c0909cb31352d1c.bin,"[24, 222]"
2656,15dbb7aa6b97040d706dbbf7f0fa59e35ee2c715.bin,132,734,datacopy/UCSB/15dbb7aa6b97040d706dbbf7f0fa59e35ee2c715.bin,"[24, 222]"
2657,da820ceacd7408607506965fd1f109444def6f5c.bin,132,734,datacopy/UCSB/da820ceacd7408607506965fd1f109444def6f5c.bin,"[24, 222]"
2658,2dc92225881f3935b955f749fbe1c07aad211cab.bin,132,734,datacopy/UCSB/2dc92225881f3935b955f749fbe1c07aad211cab.bin,"[24, 222]"
2659,5a0b4dd85e6603fdcbf482c4de2549d680a67e43.bin,132,734,datacopy/UCSB/5a0b4dd85e6603fdcbf482c4de2549d680a67e43.bin,"[24, 222]"
2660,f10683347d7169b6a3aaef167b4f43fa19f30629.bin,132,734,datacopy/UCSB/f10683347d7169b6a3aaef167b4f43fa19f30629.bin,"[24, 222]"
2661,06f652398a88c474da061049b990ee1bb575164f.bin,132,734,datacopy/UCSB/06f652398a88c474da061049b990ee1bb575164f.bin,"[24, 222]"
2662,7dc241ade94422098c6924832a48d6204882ec8e.bin,132,734,datacopy/UCSB/7dc241ade94422098c6924832a48d6204882ec8e.bin,"[24, 222]"
2663,30f21c5fdf4a31bfd0c87a71f17ed6b2b0c1f55e.bin,132,734,datacopy/UCSB/30f21c5fdf4a31bfd0c87a71f17ed6b2b0c1f55e.bin,"[24, 222]"
2664,ace12cd7d59ea1fa2668c18e0955fae677e1fa98.bin,132,734,datacopy/UCSB/ace12cd7d59ea1fa2668c18e0955fae677e1fa98.bin,"[24, 222]"
2665,7fc0d5e7a8ca98e1859bcb904854c32bc0eccc87.bin,132,734,datacopy/UCSB/7fc0d5e7a8ca98e1859bcb904854c32bc0eccc87.bin,"[24, 222]"
2666,613ee3f7e98b0ef49701db1232cfb898ca421fac.bin,132,734,datacopy/UCSB/613ee3f7e98b0ef49701db1232cfb898ca421fac.bin,"[24, 222]"
2667,5f42c842d2eafb3656c2a077cad96fec8883e6ca.bin,132,734,datacopy/UCSB/5f42c842d2eafb3656c2a077cad96fec8883e6ca.bin,"[24, 222]"
2668,25400a831a410c8508543d5747dcec8765bde0fd.bin,132,734,datacopy/UCSB/25400a831a410c8508543d5747dcec8765bde0fd.bin,"[24, 222]"
2669,9eb7967b67862ea56a22558ddb9a9888270b3227.bin,132,734,datacopy/UCSB/9eb7967b67862ea56a22558ddb9a9888270b3227.bin,"[24, 222]"
2670,f04dbdcd67c5a4fdccdd0df0fe10d810cdacba8a.bin,132,734,datacopy/UCSB/f04dbdcd67c5a4fdccdd0df0fe10d810cdacba8a.bin,"[24, 222]"
2671,c6696679ee9b7471eaf6089ac8f49d4c4fda3311.bin,132,734,datacopy/UCSB/c6696679ee9b7471eaf6089ac8f49d4c4fda3311.bin,"[24, 222]"
2672,ba27577bfa17476e3fa7f508c49c197c44c4c60c.bin,132,54,datacopy/UCSB/ba27577bfa17476e3fa7f508c49c197c44c4c60c.bin,"[24, 222]"
2673,5a3c6559e5e58b426eea38d557fbec8f8425b426.bin,132,734,datacopy/UCSB/5a3c6559e5e58b426eea38d557fbec8f8425b426.bin,"[24, 222]"
2674,a047b56d66c4d9e7858d9b1a3278169f338ae71d.bin,132,734,datacopy/UCSB/a047b56d66c4d9e7858d9b1a3278169f338ae71d.bin,"[24, 222]"
2675,ccf032b0948c17840a3ceac6dbcb19210c3e4487.bin,132,734,datacopy/UCSB/ccf032b0948c17840a3ceac6dbcb19210c3e4487.bin,"[24, 222]"
2676,b7e080c764e1891436d5f0f7886e0ce4f6f02d7f.bin,132,734,datacopy/UCSB/b7e080c764e1891436d5f0f7886e0ce4f6f02d7f.bin,"[24, 222]"
2677,45e54e6d9e4fee576659fe858201ea2973d25952.bin,132,54,datacopy/UCSB/45e54e6d9e4fee576659fe858201ea2973d25952.bin,"[24, 222]"
2678,082e1be9fe7291dc7445d5db4b4852aeefbbbbbd.bin,132,734,datacopy/UCSB/082e1be9fe7291dc7445d5db4b4852aeefbbbbbd.bin,"[24, 222]"
2679,7ffe95acfd8fccd15a5608cdd5138f73287fea97.bin,132,734,datacopy/UCSB/7ffe95acfd8fccd15a5608cdd5138f73287fea97.bin,"[24, 222]"
2680,3380b3ee21bc12a753e4bbd8e432090ffaef7a78.bin,132,734,datacopy/UCSB/3380b3ee21bc12a753e4bbd8e432090ffaef7a78.bin,"[24, 222]"
2681,930a38a6df493d7884af56560f664a6c804c4b5e.bin,132,734,datacopy/UCSB/930a38a6df493d7884af56560f664a6c804c4b5e.bin,"[24, 222]"
2682,201bd2f7294a86c739faa80a371e7d8e9a9d471a.bin,132,734,datacopy/UCSB/201bd2f7294a86c739faa80a371e7d8e9a9d471a.bin,"[24, 222]"
2683,0a4cf434e1647fa473bcdf13ab8b8e9f8371eb27.bin,132,734,datacopy/UCSB/0a4cf434e1647fa473bcdf13ab8b8e9f8371eb27.bin,"[24, 222]"
2684,52b5ae521098369242baabf22bb661ed52dbe873.bin,132,734,datacopy/UCSB/52b5ae521098369242baabf22bb661ed52dbe873.bin,"[24, 222]"
2685,0ddfca87a5ea050936c0c0fbc2bceebbe883074c.bin,132,734,datacopy/UCSB/0ddfca87a5ea050936c0c0fbc2bceebbe883074c.bin,"[24, 222]"
2686,c5fde1712726f61dc10723075e40badcf98b23e6.bin,132,734,datacopy/UCSB/c5fde1712726f61dc10723075e40badcf98b23e6.bin,"[24, 222]"
2687,5cdf9e318cdd12089106bbabb5e2ea63060055c5.bin,132,734,datacopy/UCSB/5cdf9e318cdd12089106bbabb5e2ea63060055c5.bin,"[24, 222]"
2688,a9aed0765696a16bc50d88f5341a340353067875.bin,132,734,datacopy/UCSB/a9aed0765696a16bc50d88f5341a340353067875.bin,"[24, 222]"
2689,05ee648e842f93abd73c1bbc44329e856b197ae7.bin,132,734,datacopy/UCSB/05ee648e842f93abd73c1bbc44329e856b197ae7.bin,"[24, 222]"
2690,9ee7e5c9dbea7cd13195e0ed04a7e88d50ee6a07.bin,132,734,datacopy/UCSB/9ee7e5c9dbea7cd13195e0ed04a7e88d50ee6a07.bin,"[24, 222]"
2691,b58ed714a8ca6939859b6caf2c0a02f6a28a3aea.bin,132,734,datacopy/UCSB/b58ed714a8ca6939859b6caf2c0a02f6a28a3aea.bin,"[24, 222]"
2692,a90707943c516310e33df6d917054413229212b5.bin,132,734,datacopy/UCSB/a90707943c516310e33df6d917054413229212b5.bin,"[24, 222]"
2693,500c6962486a49683ad2eba183c65e3ed68284c4.bin,132,734,datacopy/UCSB/500c6962486a49683ad2eba183c65e3ed68284c4.bin,"[24, 222]"
2694,87888dfb32e0b0e08728170c7753b1c6f2354833.bin,132,734,datacopy/UCSB/87888dfb32e0b0e08728170c7753b1c6f2354833.bin,"[24, 222]"
2695,bfdc6d02f92d2aaf8ee513502efacc18b31d4a0b.bin,132,734,datacopy/UCSB/bfdc6d02f92d2aaf8ee513502efacc18b31d4a0b.bin,"[24, 222]"
2696,9f1bbc1bcb9c43dbae11efea029f1c400efa99a1.bin,132,734,datacopy/UCSB/9f1bbc1bcb9c43dbae11efea029f1c400efa99a1.bin,"[24, 222]"
2697,25b179a1a0d2cec7dc395d28d0e512ba704122aa.bin,132,734,datacopy/UCSB/25b179a1a0d2cec7dc395d28d0e512ba704122aa.bin,"[24, 222]"
2698,fc642493940a3f9202b1e30071abc3850709005b.bin,132,54,datacopy/UCSB/fc642493940a3f9202b1e30071abc3850709005b.bin,"[24, 222]"
2699,8917ad807d41a00a37314aea5715303123c3cbe4.bin,132,734,datacopy/UCSB/8917ad807d41a00a37314aea5715303123c3cbe4.bin,"[24, 222]"
2700,c4f91a14d977479f95bb3bb4f942e20f9c3e0d72.bin,132,734,datacopy/UCSB/c4f91a14d977479f95bb3bb4f942e20f9c3e0d72.bin,"[24, 222]"
2701,d96c08b9b02cc1e3617abc7f6575c0cfc0bb70d5.bin,132,734,datacopy/UCSB/d96c08b9b02cc1e3617abc7f6575c0cfc0bb70d5.bin,"[24, 222]"
2702,c3fc595eed5206a395616d0f35ad8b9bc865bedf.bin,132,734,datacopy/UCSB/c3fc595eed5206a395616d0f35ad8b9bc865bedf.bin,"[24, 222]"
2703,fd2f517fc1c19b6a1f7e595d851370b3ced5a93f.bin,132,734,datacopy/UCSB/fd2f517fc1c19b6a1f7e595d851370b3ced5a93f.bin,"[24, 222]"
2704,0a59b2f0d346e7393a0acf3f2efe41652cfc22cf.bin,132,734,datacopy/UCSB/0a59b2f0d346e7393a0acf3f2efe41652cfc22cf.bin,"[24, 222]"
2705,2cb71d3c0a6ac6b9d418a92ef0a272d21c3c58ff.bin,132,734,datacopy/UCSB/2cb71d3c0a6ac6b9d418a92ef0a272d21c3c58ff.bin,"[24, 222]"
2706,56d36cbde95bdaf8165cbb1bf611a36d764a62bc.bin,132,734,datacopy/UCSB/56d36cbde95bdaf8165cbb1bf611a36d764a62bc.bin,"[24, 222]"
2707,d45007d5ba11aca7db936da4b46fc1da25acd635.bin,132,734,datacopy/UCSB/d45007d5ba11aca7db936da4b46fc1da25acd635.bin,"[24, 222]"
2708,91adf2bd74ed9997522227fca0a62f9fc9c51001.bin,132,734,datacopy/UCSB/91adf2bd74ed9997522227fca0a62f9fc9c51001.bin,"[24, 222]"
2709,bd681e11a452114f20f656f20e5972e3bf276a72.bin,132,734,datacopy/UCSB/bd681e11a452114f20f656f20e5972e3bf276a72.bin,"[24, 222]"
2710,442be037576e7c2e83bdc51d5b006c0d81766569.bin,132,734,datacopy/UCSB/442be037576e7c2e83bdc51d5b006c0d81766569.bin,"[24, 222]"
2711,1f9a0a15cc90705dc3c70b4bdf72ae3bbe5d31fe.bin,132,734,datacopy/UCSB/1f9a0a15cc90705dc3c70b4bdf72ae3bbe5d31fe.bin,"[24, 222]"
2712,caaf0b9c95307eb1bd67177cf31241771c1deb14.bin,132,734,datacopy/UCSB/caaf0b9c95307eb1bd67177cf31241771c1deb14.bin,"[24, 222]"
2713,9ee2ea803512235f91388c497cffeff02728360e.bin,132,734,datacopy/UCSB/9ee2ea803512235f91388c497cffeff02728360e.bin,"[24, 222]"
2714,7e84ea7578d8e9b4351c6867103ea1390b246f6f.bin,132,734,datacopy/UCSB/7e84ea7578d8e9b4351c6867103ea1390b246f6f.bin,"[24, 222]"
2715,07f3ade623ef1420d4f963c1f9aae06f985975cf.bin,132,734,datacopy/UCSB/07f3ade623ef1420d4f963c1f9aae06f985975cf.bin,"[24, 222]"
2716,dd58181ac0d8e9221f3ee3ebc1f9ff9bdbd67d66.bin,132,734,datacopy/UCSB/dd58181ac0d8e9221f3ee3ebc1f9ff9bdbd67d66.bin,"[24, 222]"
2717,9df8d8c150536f4b8386b298401b5e0ba1ebf4ca.bin,132,734,datacopy/UCSB/9df8d8c150536f4b8386b298401b5e0ba1ebf4ca.bin,"[24, 222]"
2718,5b922015db76578618ac2cc675e72df7fb8b1406.bin,132,734,datacopy/UCSB/5b922015db76578618ac2cc675e72df7fb8b1406.bin,"[24, 222]"
2719,6249b122a1ab16a3124944ef26bf880da8007ca9.bin,132,734,datacopy/UCSB/6249b122a1ab16a3124944ef26bf880da8007ca9.bin,"[24, 222]"
2720,988cff29565db0a0ee54031727963930ebd4d0f7.bin,132,734,datacopy/UCSB/988cff29565db0a0ee54031727963930ebd4d0f7.bin,"[24, 222]"
2721,c4a193ee4e7823c1a7adf1d3bcd35654a10c6dec.bin,132,734,datacopy/UCSB/c4a193ee4e7823c1a7adf1d3bcd35654a10c6dec.bin,"[24, 222]"
2722,f1b2c99aad711f7505421d47e408255c5fd9decf.bin,132,734,datacopy/UCSB/f1b2c99aad711f7505421d47e408255c5fd9decf.bin,"[24, 222]"
2723,f1a1ca17d1a29f092ed82966e47b964810c85eb4.bin,132,734,datacopy/UCSB/f1a1ca17d1a29f092ed82966e47b964810c85eb4.bin,"[24, 222]"
2724,80456ed8dd21f8b1797de738e39bec8a398e832c.bin,132,734,datacopy/UCSB/80456ed8dd21f8b1797de738e39bec8a398e832c.bin,"[24, 222]"
2725,6ab4c0e10d228685c527ccdfefadc0eae1134364.bin,132,734,datacopy/UCSB/6ab4c0e10d228685c527ccdfefadc0eae1134364.bin,"[24, 222]"
2726,8d1c4ec4e5792c17def29be1c2137a83755802b7.bin,132,734,datacopy/UCSB/8d1c4ec4e5792c17def29be1c2137a83755802b7.bin,"[24, 222]"
2727,82554b9900172a42c1ad75bfbc7bf4a80ac7919d.bin,132,734,datacopy/UCSB/82554b9900172a42c1ad75bfbc7bf4a80ac7919d.bin,"[24, 222]"
2728,375db30fc4500597114282f58a967a5869cf4830.bin,132,734,datacopy/UCSB/375db30fc4500597114282f58a967a5869cf4830.bin,"[24, 222]"
2729,9784b4d4efb9ba6a6e2a9faf487a92310b032196.bin,132,734,datacopy/UCSB/9784b4d4efb9ba6a6e2a9faf487a92310b032196.bin,"[24, 222]"
2730,8879aa1abc65947d4bf232d5ff7ea57f87ee867b.bin,132,734,datacopy/UCSB/8879aa1abc65947d4bf232d5ff7ea57f87ee867b.bin,"[24, 222]"
2731,c87500a79d6a0893bcd9fd6e15e44cc6dadb0f19.bin,132,734,datacopy/UCSB/c87500a79d6a0893bcd9fd6e15e44cc6dadb0f19.bin,"[24, 222]"
2732,97d2b0a7b8ea920dcf6de9bb239d43e64ba199f9.bin,132,734,datacopy/UCSB/97d2b0a7b8ea920dcf6de9bb239d43e64ba199f9.bin,"[24, 222]"
2733,d260b76e11c7d6cb2bf4d70fcfbb2a985ea967a1.bin,132,734,datacopy/UCSB/d260b76e11c7d6cb2bf4d70fcfbb2a985ea967a1.bin,"[24, 222]"
2734,37e26eac1b33a11d6e776906952a2ae930d1a065.bin,132,734,datacopy/UCSB/37e26eac1b33a11d6e776906952a2ae930d1a065.bin,"[24, 222]"
2735,959817cfccdb36925a72848810f372020da2ba10.bin,132,734,datacopy/UCSB/959817cfccdb36925a72848810f372020da2ba10.bin,"[24, 222]"
2736,1d6b3b674e21bf8a9d823a8f7b666cb17408eb39.bin,132,734,datacopy/UCSB/1d6b3b674e21bf8a9d823a8f7b666cb17408eb39.bin,"[24, 222]"
2737,d4416376c816d52ec3100204fbdcbadf23af7c21.bin,132,734,datacopy/UCSB/d4416376c816d52ec3100204fbdcbadf23af7c21.bin,"[24, 222]"
2738,bf624e807f11d31d65f9ca9ffc1ad1d2f0c57707.bin,132,734,datacopy/UCSB/bf624e807f11d31d65f9ca9ffc1ad1d2f0c57707.bin,"[24, 222]"
2739,a6d69b45f86e0f8e75af6861b5b6aa46ca26f360.bin,132,734,datacopy/UCSB/a6d69b45f86e0f8e75af6861b5b6aa46ca26f360.bin,"[24, 222]"
2740,69e6302b22e2091532d675e717e94d5f8f81da65.bin,132,734,datacopy/UCSB/69e6302b22e2091532d675e717e94d5f8f81da65.bin,"[24, 222]"
2741,c10be92aee3b99376c47200a239c963b7835ca0f.bin,132,734,datacopy/UCSB/c10be92aee3b99376c47200a239c963b7835ca0f.bin,"[24, 222]"
2742,fc11481fd8d7a4e4f7cc093c204bfe4571de7aa8.bin,132,734,datacopy/UCSB/fc11481fd8d7a4e4f7cc093c204bfe4571de7aa8.bin,"[24, 222]"
2743,332178c8e4adfa6886c744d731b0f3650728bfa2.bin,132,734,datacopy/UCSB/332178c8e4adfa6886c744d731b0f3650728bfa2.bin,"[24, 222]"
2744,0feeb912dfad6ed152f2c6e8405a16ce2993f513.bin,132,734,datacopy/UCSB/0feeb912dfad6ed152f2c6e8405a16ce2993f513.bin,"[24, 222]"
2745,cae55f48c99d5bf1099ad66023d4b871b4fb5c21.bin,132,734,datacopy/UCSB/cae55f48c99d5bf1099ad66023d4b871b4fb5c21.bin,"[24, 222]"
2746,6d9a9295f4d8f38f478cf946824b5478608cb63c.bin,132,734,datacopy/UCSB/6d9a9295f4d8f38f478cf946824b5478608cb63c.bin,"[24, 222]"
2747,21e4ce9021a6f9b8bc55c6b067e80dccc8797891.bin,132,734,datacopy/UCSB/21e4ce9021a6f9b8bc55c6b067e80dccc8797891.bin,"[24, 222]"
2748,fc955e97d21f576ecf323584e3729e90fbb0c87b.bin,132,734,datacopy/UCSB/fc955e97d21f576ecf323584e3729e90fbb0c87b.bin,"[24, 222]"
2749,1b80a601a9cdcb59655e8ac6b2cf3fd04d62d396.bin,132,734,datacopy/UCSB/1b80a601a9cdcb59655e8ac6b2cf3fd04d62d396.bin,"[24, 222]"
2750,b4b31755b3c156264e5b8d2f3ebcff751ac15c27.bin,132,734,datacopy/UCSB/b4b31755b3c156264e5b8d2f3ebcff751ac15c27.bin,"[24, 222]"
2751,680f62ac4bb59dab39355d6e5a0a6acdf4d76e4f.bin,132,734,datacopy/UCSB/680f62ac4bb59dab39355d6e5a0a6acdf4d76e4f.bin,"[24, 222]"
2752,907dbcacac3abf11e72b4009e512a9aa789cc9c9.bin,132,734,datacopy/UCSB/907dbcacac3abf11e72b4009e512a9aa789cc9c9.bin,"[24, 222]"
2753,57f0e987f07bda9625ba7ea1f88739470f066bee.bin,132,734,datacopy/UCSB/57f0e987f07bda9625ba7ea1f88739470f066bee.bin,"[24, 222]"
2754,bd3fae435ffd609217a3808d8f51ad001c229a68.bin,132,734,datacopy/UCSB/bd3fae435ffd609217a3808d8f51ad001c229a68.bin,"[24, 222]"
2755,4f777e80fa66cdcfdfb55a2c241409c0938e9bb8.bin,132,734,datacopy/UCSB/4f777e80fa66cdcfdfb55a2c241409c0938e9bb8.bin,"[24, 222]"
2756,9f23f6093d974c018a873e4d328712c59f5940e0.bin,132,734,datacopy/UCSB/9f23f6093d974c018a873e4d328712c59f5940e0.bin,"[24, 222]"
2757,8dace9f8c8ea79fcdba1c27c3ce48ce020c80220.bin,132,734,datacopy/UCSB/8dace9f8c8ea79fcdba1c27c3ce48ce020c80220.bin,"[24, 222]"
2758,ca7d6c2bc5da532430dabfbc2efe3687bd49d3c4.bin,132,734,datacopy/UCSB/ca7d6c2bc5da532430dabfbc2efe3687bd49d3c4.bin,"[24, 222]"
2759,3ca2dbcaa0ab669c0390863312abd36306c278ee.bin,132,734,datacopy/UCSB/3ca2dbcaa0ab669c0390863312abd36306c278ee.bin,"[24, 222]"
2760,41f8a002fdebd5ae178139ae2b01ccedbfe84d08.bin,132,734,datacopy/UCSB/41f8a002fdebd5ae178139ae2b01ccedbfe84d08.bin,"[24, 222]"
2761,95b5edee2bfe7df73a73daf3abb21403ed4505ad.bin,132,734,datacopy/UCSB/95b5edee2bfe7df73a73daf3abb21403ed4505ad.bin,"[24, 222]"
2762,6e89ec96e1a143b5d44f113f5d492f8306f3dceb.bin,132,734,datacopy/UCSB/6e89ec96e1a143b5d44f113f5d492f8306f3dceb.bin,"[24, 222]"
2763,ee26efd60bd55a842f6e67d84f329ea36830fcb1.bin,132,734,datacopy/UCSB/ee26efd60bd55a842f6e67d84f329ea36830fcb1.bin,"[24, 222]"
2764,1423929a67fbee25adaf56bc96751390263777cf.bin,132,734,datacopy/UCSB/1423929a67fbee25adaf56bc96751390263777cf.bin,"[24, 222]"
2765,f47c79a337b0e57770dcc078a5b39bfa4bbb1b84.bin,132,734,datacopy/UCSB/f47c79a337b0e57770dcc078a5b39bfa4bbb1b84.bin,"[24, 222]"
2766,51d59726396927fd13e4a1f074b35151eba9e105.bin,132,734,datacopy/UCSB/51d59726396927fd13e4a1f074b35151eba9e105.bin,"[24, 222]"
2767,d65c3ac8ad59b442df1a54477128306f8011b770.bin,132,734,datacopy/UCSB/d65c3ac8ad59b442df1a54477128306f8011b770.bin,"[24, 222]"
2768,99b4e37b9e32b1d0de05ccada4554d466445f41e.bin,132,734,datacopy/UCSB/99b4e37b9e32b1d0de05ccada4554d466445f41e.bin,"[24, 222]"
2769,259997666846464caee98b35347199b18ddd9fb5.bin,132,734,datacopy/UCSB/259997666846464caee98b35347199b18ddd9fb5.bin,"[24, 222]"
2770,5fd5e3fe35c38a3785994e0e1f074780e77f3615.bin,132,734,datacopy/UCSB/5fd5e3fe35c38a3785994e0e1f074780e77f3615.bin,"[24, 222]"
2771,7ef4795180b0aa4add71747e1f672b497a56efef.bin,132,734,datacopy/UCSB/7ef4795180b0aa4add71747e1f672b497a56efef.bin,"[24, 222]"
2772,7aa3cd4e2c4f0374995a06f96522806ba22731ae.bin,132,734,datacopy/UCSB/7aa3cd4e2c4f0374995a06f96522806ba22731ae.bin,"[24, 222]"
2773,3154bcb85d7ced304cee2ea05beb91df68d8cf83.bin,132,734,datacopy/UCSB/3154bcb85d7ced304cee2ea05beb91df68d8cf83.bin,"[24, 222]"
2774,01afab650ddaf22b48fc3d925d9059ab101241e6.bin,132,734,datacopy/UCSB/01afab650ddaf22b48fc3d925d9059ab101241e6.bin,"[24, 222]"
2775,d7eeb48f31f3e2b2542b129ef56b7314b114d219.bin,132,734,datacopy/UCSB/d7eeb48f31f3e2b2542b129ef56b7314b114d219.bin,"[24, 222]"
2776,19ad6f2639187a0725a6043982b5a62d58214e56.bin,132,734,datacopy/UCSB/19ad6f2639187a0725a6043982b5a62d58214e56.bin,"[24, 222]"
2777,2716c2b12b3f4bc1a4548526b60d3ff354a12744.bin,132,734,datacopy/UCSB/2716c2b12b3f4bc1a4548526b60d3ff354a12744.bin,"[24, 222]"
2778,1c402c5b14854562c6600403499061663da7e34a.bin,132,734,datacopy/UCSB/1c402c5b14854562c6600403499061663da7e34a.bin,"[24, 222]"
2779,3cb8d286ab42e0abd60da8722c3e378bfa67dc53.bin,132,54,datacopy/UCSB/3cb8d286ab42e0abd60da8722c3e378bfa67dc53.bin,"[24, 222]"
2780,95b399235c100203ff075a238430ff90165c4e3e.bin,132,734,datacopy/UCSB/95b399235c100203ff075a238430ff90165c4e3e.bin,"[24, 222]"
2781,416e0fa5fc8b374c64d3717c1078ea6021c16bfe.bin,132,734,datacopy/UCSB/416e0fa5fc8b374c64d3717c1078ea6021c16bfe.bin,"[24, 222]"
2782,199c1a63d3deddff7b8a4b36627bd5e170d735b7.bin,132,734,datacopy/UCSB/199c1a63d3deddff7b8a4b36627bd5e170d735b7.bin,"[24, 222]"
2783,7730760c1206f73508a3310b180e98960e987b5b.bin,132,734,datacopy/UCSB/7730760c1206f73508a3310b180e98960e987b5b.bin,"[24, 222]"
2784,ee99aa15ed98cca26a429619f1365b247bb61570.bin,132,734,datacopy/UCSB/ee99aa15ed98cca26a429619f1365b247bb61570.bin,"[24, 222]"
2785,974e1593dd9c51be98a1e36a7ae7bc296ae20144.bin,132,734,datacopy/UCSB/974e1593dd9c51be98a1e36a7ae7bc296ae20144.bin,"[24, 222]"
2786,0c91fb0a5429a64b4f3ddaa65ff8ea2939cc70a9.bin,132,734,datacopy/UCSB/0c91fb0a5429a64b4f3ddaa65ff8ea2939cc70a9.bin,"[24, 222]"
2787,278484dfc6b8927a076e54765b847267d5255f58.bin,132,734,datacopy/UCSB/278484dfc6b8927a076e54765b847267d5255f58.bin,"[24, 222]"
2788,9a2641593829a7f887d1aa4d06e19679540534c9.bin,132,734,datacopy/UCSB/9a2641593829a7f887d1aa4d06e19679540534c9.bin,"[24, 222]"
2789,6f72d95463a4024c7f9d65f16f798952f5636053.bin,132,734,datacopy/UCSB/6f72d95463a4024c7f9d65f16f798952f5636053.bin,"[24, 222]"
2790,2bfe5d881de132aaf2baf48f9853fa475e9941b8.bin,132,734,datacopy/UCSB/2bfe5d881de132aaf2baf48f9853fa475e9941b8.bin,"[24, 222]"
2791,78edd0c451167a2f11059a7541ba29817072b700.bin,132,734,datacopy/UCSB/78edd0c451167a2f11059a7541ba29817072b700.bin,"[24, 222]"
2792,62eb3cfbdede1debd117a3bbc964fb4da2ccecfd.bin,132,734,datacopy/UCSB/62eb3cfbdede1debd117a3bbc964fb4da2ccecfd.bin,"[24, 222]"
2793,7be4cf11388393f2a6ee9425b68c846e59e61b83.bin,132,54,datacopy/UCSB/7be4cf11388393f2a6ee9425b68c846e59e61b83.bin,"[24, 222]"
2794,3d49913e63bd8de76e281453438a1cfcb1ca9b81.bin,132,734,datacopy/UCSB/3d49913e63bd8de76e281453438a1cfcb1ca9b81.bin,"[24, 222]"
2795,0abb523af255ee865c373e4e829ab9664aaf5cfb.bin,132,734,datacopy/UCSB/0abb523af255ee865c373e4e829ab9664aaf5cfb.bin,"[24, 222]"
2796,507f6b7520c390fdc90fb02668667d30f4739dc9.bin,132,734,datacopy/UCSB/507f6b7520c390fdc90fb02668667d30f4739dc9.bin,"[24, 222]"
2797,7ad0a606002af40c8741eb32ceef9044c3de6723.bin,132,734,datacopy/UCSB/7ad0a606002af40c8741eb32ceef9044c3de6723.bin,"[24, 222]"
2798,f5abd211fef888322fcdb9915318e16f3565eec0.bin,132,734,datacopy/UCSB/f5abd211fef888322fcdb9915318e16f3565eec0.bin,"[24, 222]"
2799,42f934ef6d4573064b81719c5c26202fc1e9ec9b.bin,132,734,datacopy/UCSB/42f934ef6d4573064b81719c5c26202fc1e9ec9b.bin,"[24, 222]"
2800,5f5b0a0e454667e506b1f52635acc3bd93978c1c.bin,132,54,datacopy/UCSB/5f5b0a0e454667e506b1f52635acc3bd93978c1c.bin,"[24, 222]"
2801,42e560860f52835b0bfa6775d58532d56bc8727a.bin,132,734,datacopy/UCSB/42e560860f52835b0bfa6775d58532d56bc8727a.bin,"[24, 222]"
2802,445724385f1814daf83df07d335e299847de1f16.bin,132,734,datacopy/UCSB/445724385f1814daf83df07d335e299847de1f16.bin,"[24, 222]"
2803,394aafa8310a5a3e0d2788405bc7f0e279bf8a65.bin,132,734,datacopy/UCSB/394aafa8310a5a3e0d2788405bc7f0e279bf8a65.bin,"[24, 222]"
2804,79b4d718d2e69d7c4a063c56be3e96dfa398aa65.bin,132,734,datacopy/UCSB/79b4d718d2e69d7c4a063c56be3e96dfa398aa65.bin,"[24, 222]"
2805,e88a8167714f8594415606b552876bba1429024f.bin,132,734,datacopy/UCSB/e88a8167714f8594415606b552876bba1429024f.bin,"[24, 222]"
2806,f82adb2541d97721afe379aa18d795e9acf804c2.bin,132,734,datacopy/UCSB/f82adb2541d97721afe379aa18d795e9acf804c2.bin,"[24, 222]"
2807,d537a3abb69340bb899ad106560315286def3683.bin,132,734,datacopy/UCSB/d537a3abb69340bb899ad106560315286def3683.bin,"[24, 222]"
2808,f8c4231def910a65d521723c5d9204662ccab486.bin,132,734,datacopy/UCSB/f8c4231def910a65d521723c5d9204662ccab486.bin,"[24, 222]"
2809,29a666f11ca526f7aeb233fc44efb34057ec5991.bin,132,734,datacopy/UCSB/29a666f11ca526f7aeb233fc44efb34057ec5991.bin,"[24, 222]"
2810,81025a8444236e02733458e20f15b885adc9b88c.bin,132,734,datacopy/UCSB/81025a8444236e02733458e20f15b885adc9b88c.bin,"[24, 222]"
2811,b17ee6f0e261b82d4d9e7f396ea6d8c607050dec.bin,132,734,datacopy/UCSB/b17ee6f0e261b82d4d9e7f396ea6d8c607050dec.bin,"[24, 222]"
2812,343ce0b8f50a9782a116365425f4a0cef8623c69.bin,132,734,datacopy/UCSB/343ce0b8f50a9782a116365425f4a0cef8623c69.bin,"[24, 222]"
2813,1f00a57ac5944bd53f705de46fe4c3ecf2d5e5e2.bin,132,734,datacopy/UCSB/1f00a57ac5944bd53f705de46fe4c3ecf2d5e5e2.bin,"[24, 222]"
2814,4fb00c351d78a58f06ab35a3faf09d9aaa45b418.bin,132,734,datacopy/UCSB/4fb00c351d78a58f06ab35a3faf09d9aaa45b418.bin,"[24, 222]"
2815,24d76f85daf292ee055d5ccd35fbc6767f0eed4e.bin,132,734,datacopy/UCSB/24d76f85daf292ee055d5ccd35fbc6767f0eed4e.bin,"[24, 222]"
2816,d63a0939a6b2dc6686e250110464ca3b82c95cfe.bin,132,734,datacopy/UCSB/d63a0939a6b2dc6686e250110464ca3b82c95cfe.bin,"[24, 222]"
2817,7fdc6ab50e704e7505e2524d9c4db69104ad388d.bin,132,734,datacopy/UCSB/7fdc6ab50e704e7505e2524d9c4db69104ad388d.bin,"[24, 222]"
2818,7597d01e3f036c97f74ab4880034c8565ea8108a.bin,132,734,datacopy/UCSB/7597d01e3f036c97f74ab4880034c8565ea8108a.bin,"[24, 222]"
2819,0baa07abb0d708e067c961b014c98d8e83e3ca90.bin,132,734,datacopy/UCSB/0baa07abb0d708e067c961b014c98d8e83e3ca90.bin,"[24, 222]"
2820,5d0a0399ebca86908de12da7476e013bd18def00.bin,132,734,datacopy/UCSB/5d0a0399ebca86908de12da7476e013bd18def00.bin,"[24, 222]"
2821,581c77766e2e227e761d9f8af3b149087a574673.bin,132,734,datacopy/UCSB/581c77766e2e227e761d9f8af3b149087a574673.bin,"[24, 222]"
2822,3150b3a903a81b22301b127db631b4f16611f337.bin,132,734,datacopy/UCSB/3150b3a903a81b22301b127db631b4f16611f337.bin,"[24, 222]"
2823,edf8a2b2f66e9dc13feb4d390b6c31e792ae6fb7.bin,132,734,datacopy/UCSB/edf8a2b2f66e9dc13feb4d390b6c31e792ae6fb7.bin,"[24, 222]"
2824,2ecd60bc48d2c1f4a4aaaeaea16cc29caa2ff775.bin,132,734,datacopy/UCSB/2ecd60bc48d2c1f4a4aaaeaea16cc29caa2ff775.bin,"[24, 222]"
2825,defc2d97cee9d4cb8fbd6e2a38c699637907d6f7.bin,132,734,datacopy/UCSB/defc2d97cee9d4cb8fbd6e2a38c699637907d6f7.bin,"[24, 222]"
2826,8ff2da344e4e088cd2ac49a0b59703e7d19573d6.bin,132,734,datacopy/UCSB/8ff2da344e4e088cd2ac49a0b59703e7d19573d6.bin,"[24, 222]"
2827,baadd31af8bcc39b9366a7cdbb649f9b5e39ec36.bin,132,734,datacopy/UCSB/baadd31af8bcc39b9366a7cdbb649f9b5e39ec36.bin,"[24, 222]"
2828,9bc4f0e73682321364f2b430f1b5bf378c4d6ac9.bin,132,734,datacopy/UCSB/9bc4f0e73682321364f2b430f1b5bf378c4d6ac9.bin,"[24, 222]"
2829,d48c2eb95daef2050ffe6263c1a2da4a2b3279d4.bin,132,734,datacopy/UCSB/d48c2eb95daef2050ffe6263c1a2da4a2b3279d4.bin,"[24, 222]"
2830,cd44b47a0a50970cfd5de9496315c44071b6518c.bin,132,734,datacopy/UCSB/cd44b47a0a50970cfd5de9496315c44071b6518c.bin,"[24, 222]"
2831,136ff734dbb2047684e440207e853f64bfcb0666.bin,132,734,datacopy/UCSB/136ff734dbb2047684e440207e853f64bfcb0666.bin,"[24, 222]"
2832,da9daaaea6b46c3a465ccadb55913c94ddb4a607.bin,132,734,datacopy/UCSB/da9daaaea6b46c3a465ccadb55913c94ddb4a607.bin,"[24, 222]"
2833,902742a7286b7e80320723c991022308502f034b.bin,132,734,datacopy/UCSB/902742a7286b7e80320723c991022308502f034b.bin,"[24, 222]"
2834,46d0216944443d2e51972a713d7a6eb8533eed91.bin,132,734,datacopy/UCSB/46d0216944443d2e51972a713d7a6eb8533eed91.bin,"[24, 222]"
2835,e01891bd7dfb61632c4886b1f2fbe8be4e7c279d.bin,132,734,datacopy/UCSB/e01891bd7dfb61632c4886b1f2fbe8be4e7c279d.bin,"[24, 222]"
2836,fe2df8a45bc5c01f1b536f7ce8951b917957de3b.bin,132,734,datacopy/UCSB/fe2df8a45bc5c01f1b536f7ce8951b917957de3b.bin,"[24, 222]"
2837,3b46ccb1af3b975082596bee29b2823764094d04.bin,132,734,datacopy/UCSB/3b46ccb1af3b975082596bee29b2823764094d04.bin,"[24, 222]"
2838,86879b94dfe4f55591661fa00e50e062edc120cf.bin,132,734,datacopy/UCSB/86879b94dfe4f55591661fa00e50e062edc120cf.bin,"[24, 222]"
2839,984712be0bc331ceb274d18cbbbe19b430ce9613.bin,132,734,datacopy/UCSB/984712be0bc331ceb274d18cbbbe19b430ce9613.bin,"[24, 222]"
2840,af21ff91d77fb1df388a1b1f008cd7ceac1e0efb.bin,132,734,datacopy/UCSB/af21ff91d77fb1df388a1b1f008cd7ceac1e0efb.bin,"[24, 222]"
2841,d1d762bcd74895b273bc62e6772723144ecee47b.bin,132,734,datacopy/UCSB/d1d762bcd74895b273bc62e6772723144ecee47b.bin,"[24, 222]"
2842,fd2fe6677fc57839ee0c0f177ddf208cc7c79ae8.bin,132,734,datacopy/UCSB/fd2fe6677fc57839ee0c0f177ddf208cc7c79ae8.bin,"[24, 222]"
2843,02765e8358d9765cd0ed2c25c9d9b03530a3b9cc.bin,132,734,datacopy/UCSB/02765e8358d9765cd0ed2c25c9d9b03530a3b9cc.bin,"[24, 222]"
2844,6573e68fcfc038ecd03030f0040e1889cd4961ba.bin,132,734,datacopy/UCSB/6573e68fcfc038ecd03030f0040e1889cd4961ba.bin,"[24, 222]"
2845,5991d2219de536cc5532367502572d06797ad586.bin,132,734,datacopy/UCSB/5991d2219de536cc5532367502572d06797ad586.bin,"[24, 222]"
2846,f3f563e8a8e87089a987655d2080212f9cd91d1e.bin,132,734,datacopy/UCSB/f3f563e8a8e87089a987655d2080212f9cd91d1e.bin,"[24, 222]"
2847,0b813af0e7453a10558c19380060d3ad577649d7.bin,132,734,datacopy/UCSB/0b813af0e7453a10558c19380060d3ad577649d7.bin,"[24, 222]"
2848,21654c6d7ebb9ff32872750b957a52b6d4b986b4.bin,132,734,datacopy/UCSB/21654c6d7ebb9ff32872750b957a52b6d4b986b4.bin,"[24, 222]"
2849,093edc7e5761499739c77666af1254e3de47f66b.bin,132,734,datacopy/UCSB/093edc7e5761499739c77666af1254e3de47f66b.bin,"[24, 222]"
2850,44cec5fbd762c5033303105f17800709ec7c6ddd.bin,132,734,datacopy/UCSB/44cec5fbd762c5033303105f17800709ec7c6ddd.bin,"[24, 222]"
2851,3a5f7c389e2de55636e9affdfa347818aa332d1f.bin,132,734,datacopy/UCSB/3a5f7c389e2de55636e9affdfa347818aa332d1f.bin,"[24, 222]"
2852,973f86833dea3f0e61e597fb1cdb2b5409228c3c.bin,132,734,datacopy/UCSB/973f86833dea3f0e61e597fb1cdb2b5409228c3c.bin,"[24, 222]"
2853,45687a9fe2cc8fa2bb68274dafdce918814c0b08.bin,132,734,datacopy/UCSB/45687a9fe2cc8fa2bb68274dafdce918814c0b08.bin,"[24, 222]"
2854,54bd6f36a4216d0b203e637ab9937d3a3aaec58f.bin,132,734,datacopy/UCSB/54bd6f36a4216d0b203e637ab9937d3a3aaec58f.bin,"[24, 222]"
2855,5024470fc1b8f14fe5db44f4ddde0d6256b25dc8.bin,132,734,datacopy/UCSB/5024470fc1b8f14fe5db44f4ddde0d6256b25dc8.bin,"[24, 222]"
2856,1b885ff0673d217dc6b01b74d097c25dc5dd51ed.bin,132,734,datacopy/UCSB/1b885ff0673d217dc6b01b74d097c25dc5dd51ed.bin,"[24, 222]"
2857,72a08ed4d592603a7d82a0071383a5b66d59b802.bin,132,734,datacopy/UCSB/72a08ed4d592603a7d82a0071383a5b66d59b802.bin,"[24, 222]"
2858,2f65610c62afa1c4c54fbd84c67d374f66180868.bin,132,734,datacopy/UCSB/2f65610c62afa1c4c54fbd84c67d374f66180868.bin,"[24, 222]"
2859,a59729e777169e0dba1811a77f03b51fc209564c.bin,132,734,datacopy/UCSB/a59729e777169e0dba1811a77f03b51fc209564c.bin,"[24, 222]"
2860,fdceb3811dc7290d1ece14bf31ad29d75a12cdbc.bin,132,734,datacopy/UCSB/fdceb3811dc7290d1ece14bf31ad29d75a12cdbc.bin,"[24, 222]"
2861,4ce379b5985c89b7db1c571d8d7f3c7c755c8987.bin,132,734,datacopy/UCSB/4ce379b5985c89b7db1c571d8d7f3c7c755c8987.bin,"[24, 222]"
2862,5fed8b34088d25c8dee57baafb8594a622317608.bin,132,734,datacopy/UCSB/5fed8b34088d25c8dee57baafb8594a622317608.bin,"[24, 222]"
2863,764fab943dd306b3f33c58b7d4614461e212db57.bin,132,734,datacopy/UCSB/764fab943dd306b3f33c58b7d4614461e212db57.bin,"[24, 222]"
2864,e42ecb5ddb35560a0fb9f3dd93ad2a92471ea318.bin,132,734,datacopy/UCSB/e42ecb5ddb35560a0fb9f3dd93ad2a92471ea318.bin,"[24, 222]"
2865,aa160049930314eb002a1f8addb4259ebb8546bc.bin,132,734,datacopy/UCSB/aa160049930314eb002a1f8addb4259ebb8546bc.bin,"[24, 222]"
2866,aec60bd2aaac6e2cfd926e0d2fe9add59f41a0f5.bin,132,734,datacopy/UCSB/aec60bd2aaac6e2cfd926e0d2fe9add59f41a0f5.bin,"[24, 222]"
2867,d1ad2ac9c55c76cf2872bb0b555c7a269906fd3e.bin,132,734,datacopy/UCSB/d1ad2ac9c55c76cf2872bb0b555c7a269906fd3e.bin,"[24, 222]"
2868,9670213c09ccc24568558b79a0d5d95d67a29c94.bin,132,734,datacopy/UCSB/9670213c09ccc24568558b79a0d5d95d67a29c94.bin,"[24, 222]"
2869,9b13b6471da893105e3fa34af45f90479d6bc2cf.bin,132,734,datacopy/UCSB/9b13b6471da893105e3fa34af45f90479d6bc2cf.bin,"[24, 222]"
2870,50aec81360455372547a6fc9ddb77a5b5094de07.bin,132,734,datacopy/UCSB/50aec81360455372547a6fc9ddb77a5b5094de07.bin,"[24, 222]"
2871,e967ce6023763c9cb648f2ac626dbd0219b05e12.bin,132,734,datacopy/UCSB/e967ce6023763c9cb648f2ac626dbd0219b05e12.bin,"[24, 222]"
2872,fc202f37822449dc182efb551590ef32b19a728f.bin,132,734,datacopy/UCSB/fc202f37822449dc182efb551590ef32b19a728f.bin,"[24, 222]"
2873,667a664c65bf1c7e805f2ba6087053eff92ae11b.bin,132,734,datacopy/UCSB/667a664c65bf1c7e805f2ba6087053eff92ae11b.bin,"[24, 222]"
2874,efb205f35c1741b2d4d24651808061989b0c3d46.bin,132,54,datacopy/UCSB/efb205f35c1741b2d4d24651808061989b0c3d46.bin,"[24, 222]"
2875,b12e3cb64d54546943c62e3b0b61225244d0995c.bin,132,734,datacopy/UCSB/b12e3cb64d54546943c62e3b0b61225244d0995c.bin,"[24, 222]"
2876,804c6e5fda9bcb7dcaa1f36a20ace629fa2fd1ba.bin,132,734,datacopy/UCSB/804c6e5fda9bcb7dcaa1f36a20ace629fa2fd1ba.bin,"[24, 222]"
2877,9eea85ba8a0f89a4e845b53fc16f5c0f3df31dbe.bin,132,734,datacopy/UCSB/9eea85ba8a0f89a4e845b53fc16f5c0f3df31dbe.bin,"[24, 222]"
2878,0f82bf121d1080b866a97d7ef99bc0a712400785.bin,132,734,datacopy/UCSB/0f82bf121d1080b866a97d7ef99bc0a712400785.bin,"[24, 222]"
2879,c29e868a2b45caa2ab353712a9fe0a7f5fd93aa8.bin,132,734,datacopy/UCSB/c29e868a2b45caa2ab353712a9fe0a7f5fd93aa8.bin,"[24, 222]"
2880,1416faef268e1adf639a22642dac439e597216ab.bin,132,734,datacopy/UCSB/1416faef268e1adf639a22642dac439e597216ab.bin,"[24, 222]"
2881,18f5f6bca6698c4d58af7fde2fd65f503047cf77.bin,132,734,datacopy/UCSB/18f5f6bca6698c4d58af7fde2fd65f503047cf77.bin,"[24, 222]"
2882,8ab55f9c179cabb388eba922435e05b7717e6e03.bin,132,54,datacopy/UCSB/8ab55f9c179cabb388eba922435e05b7717e6e03.bin,"[24, 222]"
2883,c32b06e420cf00303f3f36e34ddb987494c663f8.bin,132,734,datacopy/UCSB/c32b06e420cf00303f3f36e34ddb987494c663f8.bin,"[24, 222]"
2884,97ba49020317d229b6cd957664075527970466ab.bin,132,734,datacopy/UCSB/97ba49020317d229b6cd957664075527970466ab.bin,"[24, 222]"
2885,f10d6f1550b5421a1f4917c04506649233646bff.bin,132,734,datacopy/UCSB/f10d6f1550b5421a1f4917c04506649233646bff.bin,"[24, 222]"
2886,c0d4c1ebce57ebba7dd87dc71c77ed4c061c9174.bin,132,734,datacopy/UCSB/c0d4c1ebce57ebba7dd87dc71c77ed4c061c9174.bin,"[24, 222]"
2887,efcd823347201c8ad0316906c54600c11a3fbe5f.bin,132,734,datacopy/UCSB/efcd823347201c8ad0316906c54600c11a3fbe5f.bin,"[24, 222]"
2888,74901ce2b5399e09275804c1de85d083693f50ab.bin,132,734,datacopy/UCSB/74901ce2b5399e09275804c1de85d083693f50ab.bin,"[24, 222]"
2889,5e4a2a7418517b451da843e4061e04a317eaebc3.bin,132,734,datacopy/UCSB/5e4a2a7418517b451da843e4061e04a317eaebc3.bin,"[24, 222]"
2890,548ea30bc48cf760608ce295d05692372beeef48.bin,132,734,datacopy/UCSB/548ea30bc48cf760608ce295d05692372beeef48.bin,"[24, 222]"
2891,10bf0dc6632ad6b972392b83275ebc10eb4f9842.bin,132,734,datacopy/UCSB/10bf0dc6632ad6b972392b83275ebc10eb4f9842.bin,"[24, 222]"
2892,ec057af2eedf41b8bfc64ec0bdfc4a8fd780d28b.bin,132,734,datacopy/UCSB/ec057af2eedf41b8bfc64ec0bdfc4a8fd780d28b.bin,"[24, 222]"
2893,29b688d6630075f438be9c7fb02a8293f91b28de.bin,132,734,datacopy/UCSB/29b688d6630075f438be9c7fb02a8293f91b28de.bin,"[24, 222]"
2894,ecd52e0f2b7a5004ccb158be0cdb1ffc9e2758a7.bin,132,734,datacopy/UCSB/ecd52e0f2b7a5004ccb158be0cdb1ffc9e2758a7.bin,"[24, 222]"
2895,4e80f43d5169e5917f4769a02da5ecdc32bc0910.bin,132,734,datacopy/UCSB/4e80f43d5169e5917f4769a02da5ecdc32bc0910.bin,"[24, 222]"
2896,3d5f46e2fc0b6baae37b1d83f10378486ac9fda8.bin,132,734,datacopy/UCSB/3d5f46e2fc0b6baae37b1d83f10378486ac9fda8.bin,"[24, 222]"
2897,7a118f7fb6df7a159cd0329fe3518098d2231f15.bin,132,734,datacopy/UCSB/7a118f7fb6df7a159cd0329fe3518098d2231f15.bin,"[24, 222]"
2898,739b9b2f1b7cc4439999727eccc99cf786405018.bin,132,734,datacopy/UCSB/739b9b2f1b7cc4439999727eccc99cf786405018.bin,"[24, 222]"
2899,022a818190c847d26e00dab69979cdb6e24a3f9c.bin,132,734,datacopy/UCSB/022a818190c847d26e00dab69979cdb6e24a3f9c.bin,"[24, 222]"
2900,062f979661114e66d1b63a0bbdfeb8e9c6888e43.bin,132,734,datacopy/UCSB/062f979661114e66d1b63a0bbdfeb8e9c6888e43.bin,"[24, 222]"
2901,2d1d51954f5cc67e9b6ce81d2eb4598ab2cfbe48.bin,132,734,datacopy/UCSB/2d1d51954f5cc67e9b6ce81d2eb4598ab2cfbe48.bin,"[24, 222]"
2902,e9a7105478a764ac537dcee8621d8cf7612b825b.bin,132,734,datacopy/UCSB/e9a7105478a764ac537dcee8621d8cf7612b825b.bin,"[24, 222]"
2903,2d3a4bc6af707e0ae8298194792fa0a747f86622.bin,132,734,datacopy/UCSB/2d3a4bc6af707e0ae8298194792fa0a747f86622.bin,"[24, 222]"
2904,5237e7636ae2c22aa2d2f5f383475fa235f8105d.bin,132,734,datacopy/UCSB/5237e7636ae2c22aa2d2f5f383475fa235f8105d.bin,"[24, 222]"
2905,db7562f6f4bae7444544014bbd52d2287d1936dd.bin,132,734,datacopy/UCSB/db7562f6f4bae7444544014bbd52d2287d1936dd.bin,"[24, 222]"
2906,27616a430a16e4992b138876b0fd4cf6ef06b411.bin,132,734,datacopy/UCSB/27616a430a16e4992b138876b0fd4cf6ef06b411.bin,"[24, 222]"
2907,52224a8173aba6a193002cabb9531ebe40e07143.bin,132,734,datacopy/UCSB/52224a8173aba6a193002cabb9531ebe40e07143.bin,"[24, 222]"
2908,886c7696a083b051b7560562a80c65e61487d350.bin,132,734,datacopy/UCSB/886c7696a083b051b7560562a80c65e61487d350.bin,"[24, 222]"
2909,0717804b87a898b645bbf176b9bf3f66231f4428.bin,132,734,datacopy/UCSB/0717804b87a898b645bbf176b9bf3f66231f4428.bin,"[24, 222]"
2910,2b1516ebc5b938b0ecd651f6924cdfc20559a631.bin,132,734,datacopy/UCSB/2b1516ebc5b938b0ecd651f6924cdfc20559a631.bin,"[24, 222]"
2911,3328362cf154d7bff654b599bb04bc471c508c54.bin,132,734,datacopy/UCSB/3328362cf154d7bff654b599bb04bc471c508c54.bin,"[24, 222]"
2912,1b3f9d003996646cdf3f02134f37d5db1b1c0143.bin,132,734,datacopy/UCSB/1b3f9d003996646cdf3f02134f37d5db1b1c0143.bin,"[24, 222]"
2913,940647773c729d12f364eaa9308114848be0e53d.bin,132,734,datacopy/UCSB/940647773c729d12f364eaa9308114848be0e53d.bin,"[24, 222]"
2914,04e55739ba035dc357a466af3fff0a50383d1153.bin,132,734,datacopy/UCSB/04e55739ba035dc357a466af3fff0a50383d1153.bin,"[24, 222]"
2915,71162d9e98f08a04e23ab2d1498f6fd311c21faf.bin,132,734,datacopy/UCSB/71162d9e98f08a04e23ab2d1498f6fd311c21faf.bin,"[24, 222]"
2916,c5f8da8dd02a675ae46b3a6a2f635f4b62d208f7.bin,132,734,datacopy/UCSB/c5f8da8dd02a675ae46b3a6a2f635f4b62d208f7.bin,"[24, 222]"
2917,e6d9a0a5d84b1202aa3c7e6319d41170017d61a5.bin,132,734,datacopy/UCSB/e6d9a0a5d84b1202aa3c7e6319d41170017d61a5.bin,"[24, 222]"
2918,9f7bcb7f2e4babf490db33683becf0abea748331.bin,132,734,datacopy/UCSB/9f7bcb7f2e4babf490db33683becf0abea748331.bin,"[24, 222]"
2919,2b69a73e3d08e71570ba0dca9bfe7c889d10f4f3.bin,132,734,datacopy/UCSB/2b69a73e3d08e71570ba0dca9bfe7c889d10f4f3.bin,"[24, 222]"
2920,52d50b4a2bb711a45b8e7c543505b6c55ced6c1e.bin,132,734,datacopy/UCSB/52d50b4a2bb711a45b8e7c543505b6c55ced6c1e.bin,"[24, 222]"
2921,017c23a5c2774ec92b2a653e0bf389a0de6a385d.bin,132,734,datacopy/UCSB/017c23a5c2774ec92b2a653e0bf389a0de6a385d.bin,"[24, 222]"
2922,7514c2c05ff13c699bc7ddee40288799f091dfe2.bin,132,734,datacopy/UCSB/7514c2c05ff13c699bc7ddee40288799f091dfe2.bin,"[24, 222]"
2923,d57abbd2b9a0e0f0651ba0fdc34e6c2a47731ed9.bin,132,734,datacopy/UCSB/d57abbd2b9a0e0f0651ba0fdc34e6c2a47731ed9.bin,"[24, 222]"
2924,8c33d47fb656d190e82d324f3124412934801d33.bin,132,734,datacopy/UCSB/8c33d47fb656d190e82d324f3124412934801d33.bin,"[24, 222]"
2925,abeef2f29b36222c48c85f9a47260f2dfbd01e9c.bin,132,734,datacopy/UCSB/abeef2f29b36222c48c85f9a47260f2dfbd01e9c.bin,"[24, 222]"
2926,7c2547e56e06d2bda537d9d9620dd0e0252709c7.bin,132,734,datacopy/UCSB/7c2547e56e06d2bda537d9d9620dd0e0252709c7.bin,"[24, 222]"
2927,4dd08d4000db1e9a250d880d39649e118d1fb201.bin,132,734,datacopy/UCSB/4dd08d4000db1e9a250d880d39649e118d1fb201.bin,"[24, 222]"
2928,1e76548a701f9cbb4a6e74ecff759bdba489b38b.bin,132,734,datacopy/UCSB/1e76548a701f9cbb4a6e74ecff759bdba489b38b.bin,"[24, 222]"
2929,9b4e3a7c6a48b57667133c95f673a3c999983076.bin,132,734,datacopy/UCSB/9b4e3a7c6a48b57667133c95f673a3c999983076.bin,"[24, 222]"
2930,beab67a87580171efafc4334a880512c87c8518d.bin,132,734,datacopy/UCSB/beab67a87580171efafc4334a880512c87c8518d.bin,"[24, 222]"
2931,49013375d5c293efb45dd3d28d6bb7d9e5e2ecdc.bin,132,734,datacopy/UCSB/49013375d5c293efb45dd3d28d6bb7d9e5e2ecdc.bin,"[24, 222]"
2932,ccb7dc6148b093d9c8dc11cb0b71155f42fb8641.bin,132,734,datacopy/UCSB/ccb7dc6148b093d9c8dc11cb0b71155f42fb8641.bin,"[24, 222]"
2933,1783068f1b71617b29ad03aaf686caecbc7a4c5d.bin,132,734,datacopy/UCSB/1783068f1b71617b29ad03aaf686caecbc7a4c5d.bin,"[24, 222]"
2934,9e2816319208d95562ccf42f5c6112b4d4f27701.bin,132,734,datacopy/UCSB/9e2816319208d95562ccf42f5c6112b4d4f27701.bin,"[24, 222]"
2935,f43ece61c881b953ffae683c7f2c39b80e51124c.bin,132,734,datacopy/UCSB/f43ece61c881b953ffae683c7f2c39b80e51124c.bin,"[24, 222]"
2936,b3259c89bc36b9cb22eed91c65f566ed76925220.bin,132,734,datacopy/UCSB/b3259c89bc36b9cb22eed91c65f566ed76925220.bin,"[24, 222]"
2937,3600ada21df295b7dd11be9425f5f0c992efdbc9.bin,132,734,datacopy/UCSB/3600ada21df295b7dd11be9425f5f0c992efdbc9.bin,"[24, 222]"
2938,d31c1b9786d0c75157d8d01e56fcf25d1d9cd9ed.bin,132,734,datacopy/UCSB/d31c1b9786d0c75157d8d01e56fcf25d1d9cd9ed.bin,"[24, 222]"
2939,c931fc2b7ae9d14544667048764fdeee62b1f9de.bin,132,734,datacopy/UCSB/c931fc2b7ae9d14544667048764fdeee62b1f9de.bin,"[24, 222]"
2940,e91a5dad952dda6f6ea64b06fa1f07ff708f830f.bin,132,734,datacopy/UCSB/e91a5dad952dda6f6ea64b06fa1f07ff708f830f.bin,"[24, 222]"
2941,fcfb89a9164c087f8251f735f4c76c463a755989.bin,132,734,datacopy/UCSB/fcfb89a9164c087f8251f735f4c76c463a755989.bin,"[24, 222]"
2942,a2460eeee775cdf83e8971a85be9fb8ce9ed49ae.bin,132,54,datacopy/UCSB/a2460eeee775cdf83e8971a85be9fb8ce9ed49ae.bin,"[24, 222]"
2943,7c5ec0c492f77c56e2f2a127d039436cf82e87bc.bin,132,734,datacopy/UCSB/7c5ec0c492f77c56e2f2a127d039436cf82e87bc.bin,"[24, 222]"
2944,5f0946759a4acc0274e69b52181acaa36dd7c71d.bin,132,734,datacopy/UCSB/5f0946759a4acc0274e69b52181acaa36dd7c71d.bin,"[24, 222]"
2945,1f1d8e549bcf53738cdfa4f77ef51e295c866def.bin,132,734,datacopy/UCSB/1f1d8e549bcf53738cdfa4f77ef51e295c866def.bin,"[24, 222]"
2946,643b8ff97a53edb64c63c656fccd4550d054c5be.bin,132,734,datacopy/UCSB/643b8ff97a53edb64c63c656fccd4550d054c5be.bin,"[24, 222]"
2947,79e990532ba603919aaf08b6aaac5abff4a5b469.bin,132,734,datacopy/UCSB/79e990532ba603919aaf08b6aaac5abff4a5b469.bin,"[24, 222]"
2948,df7819131506c78ee0608a0a235202e80af4597a.bin,132,734,datacopy/UCSB/df7819131506c78ee0608a0a235202e80af4597a.bin,"[24, 222]"
2949,62a8252b443fb6200c64cc539281b107b539e223.bin,132,734,datacopy/UCSB/62a8252b443fb6200c64cc539281b107b539e223.bin,"[24, 222]"
2950,4b70a39c45d99522f8977dd0acbc1b179c53c212.bin,132,734,datacopy/UCSB/4b70a39c45d99522f8977dd0acbc1b179c53c212.bin,"[24, 222]"
2951,2194675a44aa97bc4d12dc66746b554c03ccd613.bin,132,734,datacopy/UCSB/2194675a44aa97bc4d12dc66746b554c03ccd613.bin,"[24, 222]"
2952,f491da54fc969e9045f030cd7f18aa9f6e9787f0.bin,132,734,datacopy/UCSB/f491da54fc969e9045f030cd7f18aa9f6e9787f0.bin,"[24, 222]"
2953,fa6058318c217a31fbfcd97802b3bba6b7b21a44.bin,132,734,datacopy/UCSB/fa6058318c217a31fbfcd97802b3bba6b7b21a44.bin,"[24, 222]"
2954,6dd3aa7d7ac5ef2ad446cdea2f4f83f291765712.bin,132,734,datacopy/UCSB/6dd3aa7d7ac5ef2ad446cdea2f4f83f291765712.bin,"[24, 222]"
2955,9c305b955d3786f5303b25292415fffc068daa20.bin,132,734,datacopy/UCSB/9c305b955d3786f5303b25292415fffc068daa20.bin,"[24, 222]"
2956,c8dd22525331312958b532369e4e8e9050222e0b.bin,132,734,datacopy/UCSB/c8dd22525331312958b532369e4e8e9050222e0b.bin,"[24, 222]"
2957,367a83cd151a387059430eeb6baa249f8ab7ff9b.bin,132,734,datacopy/UCSB/367a83cd151a387059430eeb6baa249f8ab7ff9b.bin,"[24, 222]"
2958,22d072b783ee8564406cc778a3ac08c87fc99a44.bin,132,734,datacopy/UCSB/22d072b783ee8564406cc778a3ac08c87fc99a44.bin,"[24, 222]"
2959,0c2c54aa958df2083e37825b7f05602231472bef.bin,132,734,datacopy/UCSB/0c2c54aa958df2083e37825b7f05602231472bef.bin,"[24, 222]"
2960,6450671dc8c8c911a1b02bf82cf0464c4df2ed50.bin,132,734,datacopy/UCSB/6450671dc8c8c911a1b02bf82cf0464c4df2ed50.bin,"[24, 222]"
2961,b6080fbeb3530c00607f433a37c672f0bca13ba2.bin,132,734,datacopy/UCSB/b6080fbeb3530c00607f433a37c672f0bca13ba2.bin,"[24, 222]"
2962,30aa0d960f6e394b6189e39eb764be046bc11de0.bin,132,54,datacopy/UCSB/30aa0d960f6e394b6189e39eb764be046bc11de0.bin,"[24, 222]"
2963,4e4ff5a22c0c5ac4c00d9ed38116060e1f0e15bf.bin,132,734,datacopy/UCSB/4e4ff5a22c0c5ac4c00d9ed38116060e1f0e15bf.bin,"[24, 222]"
2964,9e78ad70775a2c1b5e1bdb916a0209d08fbfeed2.bin,132,734,datacopy/UCSB/9e78ad70775a2c1b5e1bdb916a0209d08fbfeed2.bin,"[24, 222]"
2965,d6055be1050871225f628df2110134deacc77221.bin,132,734,datacopy/UCSB/d6055be1050871225f628df2110134deacc77221.bin,"[24, 222]"
2966,d135a0aa2b2a3bf734c3d42a7a01d0c1c9fa1f2d.bin,132,734,datacopy/UCSB/d135a0aa2b2a3bf734c3d42a7a01d0c1c9fa1f2d.bin,"[24, 222]"
2967,ba3ea30bf6496325b35081b22524b1bbbdca68a4.bin,132,734,datacopy/UCSB/ba3ea30bf6496325b35081b22524b1bbbdca68a4.bin,"[24, 222]"
2968,93b7d6dc48d4be0c357f4a2111404c44b4319c85.bin,132,54,datacopy/UCSB/93b7d6dc48d4be0c357f4a2111404c44b4319c85.bin,"[24, 222]"
2969,768bc1bdd353049df05ab06251f7c73126ee6a3c.bin,132,734,datacopy/UCSB/768bc1bdd353049df05ab06251f7c73126ee6a3c.bin,"[24, 222]"
2970,fe12785fbd1df18123532cb53a3120d174d195f9.bin,132,54,datacopy/UCSB/fe12785fbd1df18123532cb53a3120d174d195f9.bin,"[24, 222]"
2971,3748841f5e0b1a40c870372dd46884a2aa243495.bin,132,734,datacopy/UCSB/3748841f5e0b1a40c870372dd46884a2aa243495.bin,"[24, 222]"
2972,9ac568f7f9f55fd776496578262693a060f33743.bin,132,734,datacopy/UCSB/9ac568f7f9f55fd776496578262693a060f33743.bin,"[24, 222]"
2973,16da7f431f74717bd7de3ca9b9148c14fb7c33a3.bin,132,734,datacopy/UCSB/16da7f431f74717bd7de3ca9b9148c14fb7c33a3.bin,"[24, 222]"
2974,88d0703fa4d4dec4b7b4531e7c0f683e132b32d9.bin,132,734,datacopy/UCSB/88d0703fa4d4dec4b7b4531e7c0f683e132b32d9.bin,"[24, 222]"
2975,0e4f1f8af3585fabbeba02d065c92b950bedf5ea.bin,132,734,datacopy/UCSB/0e4f1f8af3585fabbeba02d065c92b950bedf5ea.bin,"[24, 222]"
2976,735d5f1a8c2f219bc1ec657840f72958b4ca977f.bin,132,734,datacopy/UCSB/735d5f1a8c2f219bc1ec657840f72958b4ca977f.bin,"[24, 222]"
2977,ee740f35334a63db181e4dda7b3afb60359e01f1.bin,132,734,datacopy/UCSB/ee740f35334a63db181e4dda7b3afb60359e01f1.bin,"[24, 222]"
2978,02d41a8aedaf10d1194fea3a423986ae3b0ae1f5.bin,132,734,datacopy/UCSB/02d41a8aedaf10d1194fea3a423986ae3b0ae1f5.bin,"[24, 222]"
2979,27e91bf0ea9cebb62014dc5533bfc0dfae590fdc.bin,132,734,datacopy/UCSB/27e91bf0ea9cebb62014dc5533bfc0dfae590fdc.bin,"[24, 222]"
2980,1e26157bb3359ee94b9c9f7bb502d59a3717c59e.bin,132,734,datacopy/UCSB/1e26157bb3359ee94b9c9f7bb502d59a3717c59e.bin,"[24, 222]"
2981,5d93c4693135f611fc97631cc39dbf1d79c7c634.bin,132,734,datacopy/UCSB/5d93c4693135f611fc97631cc39dbf1d79c7c634.bin,"[24, 222]"
2982,59260faebe610902ed5f5a4ebac958cc5a473f0e.bin,132,734,datacopy/UCSB/59260faebe610902ed5f5a4ebac958cc5a473f0e.bin,"[24, 222]"
2983,76a2a7d7e3eb77866ae94b0882a2bfe6da70e7fa.bin,132,734,datacopy/UCSB/76a2a7d7e3eb77866ae94b0882a2bfe6da70e7fa.bin,"[24, 222]"
2984,4f2ca3a1945566d7e1cdddf40a7cecd533cc2880.bin,132,734,datacopy/UCSB/4f2ca3a1945566d7e1cdddf40a7cecd533cc2880.bin,"[24, 222]"
2985,4553e72b19db1037debd24bab0c88e05a0e407e4.bin,132,734,datacopy/UCSB/4553e72b19db1037debd24bab0c88e05a0e407e4.bin,"[24, 222]"
2986,4ab765f997c61fcb371900509a3993162f097787.bin,132,734,datacopy/UCSB/4ab765f997c61fcb371900509a3993162f097787.bin,"[24, 222]"
2987,118b35f77edfccebc6ab489ef5e2e5bb04c24af6.bin,132,734,datacopy/UCSB/118b35f77edfccebc6ab489ef5e2e5bb04c24af6.bin,"[24, 222]"
2988,bfd18e6d7c755cc5d4a0434ababef2df5292977a.bin,132,734,datacopy/UCSB/bfd18e6d7c755cc5d4a0434ababef2df5292977a.bin,"[24, 222]"
2989,fb21873c4c89c3a17102caadf23eeddf455a0ed5.bin,132,734,datacopy/UCSB/fb21873c4c89c3a17102caadf23eeddf455a0ed5.bin,"[24, 222]"
2990,a6bcb5b3490d6bf35e3549b3efa7acd0c0f5e2a2.bin,132,734,datacopy/UCSB/a6bcb5b3490d6bf35e3549b3efa7acd0c0f5e2a2.bin,"[24, 222]"
2991,e782c3aa33e61f4f93fef6154eb593e67c9f11a2.bin,132,734,datacopy/UCSB/e782c3aa33e61f4f93fef6154eb593e67c9f11a2.bin,"[24, 222]"
2992,2a9f966c02f7867798d4f4c081e1feda2465aa3f.bin,132,734,datacopy/UCSB/2a9f966c02f7867798d4f4c081e1feda2465aa3f.bin,"[24, 222]"
2993,8542e3a3870b19fa9c8f243d145695edd08294f3.bin,132,734,datacopy/UCSB/8542e3a3870b19fa9c8f243d145695edd08294f3.bin,"[24, 222]"
2994,1aa25f4d4b7557278fc990ab18d6f2a7ad0d0665.bin,132,54,datacopy/UCSB/1aa25f4d4b7557278fc990ab18d6f2a7ad0d0665.bin,"[24, 222]"
2995,7f40cea38ab5ee679c936e685946b590810edadb.bin,132,734,datacopy/UCSB/7f40cea38ab5ee679c936e685946b590810edadb.bin,"[24, 222]"
2996,fc064ac99aa4c15aeead49a495015a2cf6730101.bin,132,734,datacopy/UCSB/fc064ac99aa4c15aeead49a495015a2cf6730101.bin,"[24, 222]"
2997,d6cc9e3050fd9f87f087af596b839941d28891d7.bin,132,734,datacopy/UCSB/d6cc9e3050fd9f87f087af596b839941d28891d7.bin,"[24, 222]"
2998,54197210f1515f17678caa57da72d24a5d525609.bin,132,734,datacopy/UCSB/54197210f1515f17678caa57da72d24a5d525609.bin,"[24, 222]"
2999,0592af3cec69be5144af7cd9774902996c51acb2.bin,132,734,datacopy/UCSB/0592af3cec69be5144af7cd9774902996c51acb2.bin,"[24, 222]"
3000,e37dc3fd79e574926486d8ad83dfbcedda19528b.bin,132,734,datacopy/UCSB/e37dc3fd79e574926486d8ad83dfbcedda19528b.bin,"[24, 222]"
3001,ea5e031ce5bb70cf18807f9b6725966e03a02a10.bin,132,734,datacopy/UCSB/ea5e031ce5bb70cf18807f9b6725966e03a02a10.bin,"[24, 222]"
3002,e1e66c528c9b0462ca7fe690300b7c72c8ce064e.bin,132,734,datacopy/UCSB/e1e66c528c9b0462ca7fe690300b7c72c8ce064e.bin,"[24, 222]"
3003,9f27eb81ccfa4d23e31b2d0deac3e9581bc2ef8b.bin,132,734,datacopy/UCSB/9f27eb81ccfa4d23e31b2d0deac3e9581bc2ef8b.bin,"[24, 222]"
3004,607e0c6b4f53b6109e46e587222f81d9d2325ae7.bin,132,734,datacopy/UCSB/607e0c6b4f53b6109e46e587222f81d9d2325ae7.bin,"[24, 222]"
3005,11d40cf54d60226ba7e9d34225b31b3d9ca4a8d5.bin,132,734,datacopy/UCSB/11d40cf54d60226ba7e9d34225b31b3d9ca4a8d5.bin,"[24, 222]"
3006,289a8f8f3da55453a219bdc8c58c7baa6705317b.bin,132,734,datacopy/UCSB/289a8f8f3da55453a219bdc8c58c7baa6705317b.bin,"[24, 222]"
3007,ced38d366c4e39c6499402986b3ffe1abb6ed121.bin,132,734,datacopy/UCSB/ced38d366c4e39c6499402986b3ffe1abb6ed121.bin,"[24, 222]"
3008,a5a7986a4251e727df3d12cf4f33e8f5164a96ca.bin,132,734,datacopy/UCSB/a5a7986a4251e727df3d12cf4f33e8f5164a96ca.bin,"[24, 222]"
3009,48215a102653c22ce7a9440ab998f62fd4f29797.bin,132,734,datacopy/UCSB/48215a102653c22ce7a9440ab998f62fd4f29797.bin,"[24, 222]"
3010,6cc04acb2407b8eda83ef3c358376f08a22aa1d1.bin,132,734,datacopy/UCSB/6cc04acb2407b8eda83ef3c358376f08a22aa1d1.bin,"[24, 222]"
3011,de59dc92df5c92827b39a4ebcecb1ad0a1b5350e.bin,132,54,datacopy/UCSB/de59dc92df5c92827b39a4ebcecb1ad0a1b5350e.bin,"[24, 222]"
3012,79d5d2b701d31c654a305a6e79918888b38400a7.bin,132,54,datacopy/UCSB/79d5d2b701d31c654a305a6e79918888b38400a7.bin,"[24, 222]"
3013,1337ea617913274450061ec59f48c94f7d4acf44.bin,132,734,datacopy/UCSB/1337ea617913274450061ec59f48c94f7d4acf44.bin,"[24, 222]"
3014,e18083541a0c2458d1b723fe24df06457084ca32.bin,132,734,datacopy/UCSB/e18083541a0c2458d1b723fe24df06457084ca32.bin,"[24, 222]"
3015,664181e6a719957092da4afae9764668d8af1f85.bin,132,734,datacopy/UCSB/664181e6a719957092da4afae9764668d8af1f85.bin,"[24, 222]"
3016,30b767e2f417e7feb4830b8f7d6b8b57da6fae5e.bin,132,734,datacopy/UCSB/30b767e2f417e7feb4830b8f7d6b8b57da6fae5e.bin,"[24, 222]"
3017,1cc4ba2afdada5134988d29a7594c48fa960a45f.bin,132,734,datacopy/UCSB/1cc4ba2afdada5134988d29a7594c48fa960a45f.bin,"[24, 222]"
3018,b30b7fb97c407de85cd303d84e5d7e1ca789fa36.bin,132,734,datacopy/UCSB/b30b7fb97c407de85cd303d84e5d7e1ca789fa36.bin,"[24, 222]"
3019,1562a3da18e8e225b158312f622cd780abd0b125.bin,132,734,datacopy/UCSB/1562a3da18e8e225b158312f622cd780abd0b125.bin,"[24, 222]"
3020,ee105bf71307751a993f032d27058b1d200963dc.bin,132,734,datacopy/UCSB/ee105bf71307751a993f032d27058b1d200963dc.bin,"[24, 222]"
3021,2b309bfb2e3141e91497851194fd2c2307e2766b.bin,132,734,datacopy/UCSB/2b309bfb2e3141e91497851194fd2c2307e2766b.bin,"[24, 222]"
3022,b654133471d35309defd5dbcff410ac4458be422.bin,132,734,datacopy/UCSB/b654133471d35309defd5dbcff410ac4458be422.bin,"[24, 222]"
3023,5f8d7d4909af7e58261407d3414d60ed8c37d644.bin,132,734,datacopy/UCSB/5f8d7d4909af7e58261407d3414d60ed8c37d644.bin,"[24, 222]"
3024,fe83fb1a807eae69655ce59e16b24728d8a66c45.bin,132,734,datacopy/UCSB/fe83fb1a807eae69655ce59e16b24728d8a66c45.bin,"[24, 222]"
3025,057c6c7ad1386984c955faa7c3b2024dcfd64196.bin,132,734,datacopy/UCSB/057c6c7ad1386984c955faa7c3b2024dcfd64196.bin,"[24, 222]"
3026,30b957ace4bec6ee49b7cd23dac2fb1c3931eac9.bin,132,734,datacopy/UCSB/30b957ace4bec6ee49b7cd23dac2fb1c3931eac9.bin,"[24, 222]"
3027,0d339c94aabd2a763f0a644e72156b95928e1d79.bin,132,734,datacopy/UCSB/0d339c94aabd2a763f0a644e72156b95928e1d79.bin,"[24, 222]"
3028,ac45e1c42311d12dc6d78c75279ba170f85e43c7.bin,132,734,datacopy/UCSB/ac45e1c42311d12dc6d78c75279ba170f85e43c7.bin,"[24, 222]"
3029,6336d7c548499c9cbd345985e35627e30b940a12.bin,132,734,datacopy/UCSB/6336d7c548499c9cbd345985e35627e30b940a12.bin,"[24, 222]"
3030,a0458aa0204a0e04400a0ec0871244b68744feee.bin,132,734,datacopy/UCSB/a0458aa0204a0e04400a0ec0871244b68744feee.bin,"[24, 222]"
3031,cee0c507e4f46989e18d34db7428bafb19cb86c3.bin,132,734,datacopy/UCSB/cee0c507e4f46989e18d34db7428bafb19cb86c3.bin,"[24, 222]"
3032,901fc0ce65e8e8b8017f5d89430db96c40b2b67d.bin,132,734,datacopy/UCSB/901fc0ce65e8e8b8017f5d89430db96c40b2b67d.bin,"[24, 222]"
3033,53350c103c7ea3800f4efc879ba4e90eda01cbad.bin,132,734,datacopy/UCSB/53350c103c7ea3800f4efc879ba4e90eda01cbad.bin,"[24, 222]"
3034,a9e45b913f53dcf27f9666c89beb86d5e7d3b466.bin,132,734,datacopy/UCSB/a9e45b913f53dcf27f9666c89beb86d5e7d3b466.bin,"[24, 222]"
3035,e28fd755774d3910bb2fedafb724cef4dbf251d9.bin,132,734,datacopy/UCSB/e28fd755774d3910bb2fedafb724cef4dbf251d9.bin,"[24, 222]"
3036,5cc8e0a1328cee980c12bd487ceb97b779d4d1e9.bin,132,734,datacopy/UCSB/5cc8e0a1328cee980c12bd487ceb97b779d4d1e9.bin,"[24, 222]"
3037,e933ae74dcc59ddff63c656f571f9a4a6131a3e9.bin,132,734,datacopy/UCSB/e933ae74dcc59ddff63c656f571f9a4a6131a3e9.bin,"[24, 222]"
3038,b47af4a16597a7ecf3908ef82d650d5c7d93f8bf.bin,132,734,datacopy/UCSB/b47af4a16597a7ecf3908ef82d650d5c7d93f8bf.bin,"[24, 222]"
3039,87fa4aa95fd6a4a9d970ce8d033bd71dce9a67a3.bin,132,734,datacopy/UCSB/87fa4aa95fd6a4a9d970ce8d033bd71dce9a67a3.bin,"[24, 222]"
3040,4accf485ade738252e75a6112244fe807ade30db.bin,132,734,datacopy/UCSB/4accf485ade738252e75a6112244fe807ade30db.bin,"[24, 222]"
3041,617b74ec272a40501e0d932b3567802b3ddfb5ca.bin,132,734,datacopy/UCSB/617b74ec272a40501e0d932b3567802b3ddfb5ca.bin,"[24, 222]"
3042,4cf433c44069ab082828a85ae92d91c6b4124117.bin,132,734,datacopy/UCSB/4cf433c44069ab082828a85ae92d91c6b4124117.bin,"[24, 222]"
3043,efb78d606d2e8d5b9a200bf2a74d30a854035444.bin,132,734,datacopy/UCSB/efb78d606d2e8d5b9a200bf2a74d30a854035444.bin,"[24, 222]"
3044,747a94b849f6eeedf4939baba036687fe2dd127e.bin,132,734,datacopy/UCSB/747a94b849f6eeedf4939baba036687fe2dd127e.bin,"[24, 222]"
3045,82604edbf977f01a80d20bbc1772e5ff098769f2.bin,132,734,datacopy/UCSB/82604edbf977f01a80d20bbc1772e5ff098769f2.bin,"[24, 222]"
3046,fb97ab6d96e744dbc851f900932a87dc2e6d1d98.bin,132,734,datacopy/UCSB/fb97ab6d96e744dbc851f900932a87dc2e6d1d98.bin,"[24, 222]"
3047,972731fb126621c77aa9a831a4ef966511fb3913.bin,132,734,datacopy/UCSB/972731fb126621c77aa9a831a4ef966511fb3913.bin,"[24, 222]"
3048,2a3350c4b2237bf2dabe9be78ab0bacc4b8639f9.bin,132,734,datacopy/UCSB/2a3350c4b2237bf2dabe9be78ab0bacc4b8639f9.bin,"[24, 222]"
3049,7df655d512a686e9674275904f0ec97237d54882.bin,132,734,datacopy/UCSB/7df655d512a686e9674275904f0ec97237d54882.bin,"[24, 222]"
3050,c767838d36f29ee34159dbd8cb4bd9a01eb55fa3.bin,132,734,datacopy/UCSB/c767838d36f29ee34159dbd8cb4bd9a01eb55fa3.bin,"[24, 222]"
3051,d95721980d0c367af2b929e05947bd207314f781.bin,132,734,datacopy/UCSB/d95721980d0c367af2b929e05947bd207314f781.bin,"[24, 222]"
3052,3169d2eee381ba6d415319b34edb1cc198d71ee1.bin,132,734,datacopy/UCSB/3169d2eee381ba6d415319b34edb1cc198d71ee1.bin,"[24, 222]"
3053,ea4f948a9572323a7aa1e054354b6d72d5e7aa32.bin,132,734,datacopy/UCSB/ea4f948a9572323a7aa1e054354b6d72d5e7aa32.bin,"[24, 222]"
3054,6b0258e7de57c98daf171b5e8dd1544921959ee5.bin,132,734,datacopy/UCSB/6b0258e7de57c98daf171b5e8dd1544921959ee5.bin,"[24, 222]"
3055,57162a2580b384bc27bbb8608a134f8eef453fd3.bin,132,734,datacopy/UCSB/57162a2580b384bc27bbb8608a134f8eef453fd3.bin,"[24, 222]"
3056,7c5e32c52f99d581f13660bd7700f83004625da1.bin,132,734,datacopy/UCSB/7c5e32c52f99d581f13660bd7700f83004625da1.bin,"[24, 222]"
3057,9fa035152999a93ff26578879a730279bee28ea9.bin,132,734,datacopy/UCSB/9fa035152999a93ff26578879a730279bee28ea9.bin,"[24, 222]"
3058,adb52e07adf6d5555d4b6c9d8d19e2bf07cacea7.bin,132,734,datacopy/UCSB/adb52e07adf6d5555d4b6c9d8d19e2bf07cacea7.bin,"[24, 222]"
3059,921c132dd49a503fd03e8929be8565fec18fbc76.bin,132,734,datacopy/UCSB/921c132dd49a503fd03e8929be8565fec18fbc76.bin,"[24, 222]"
3060,474b23ba7adf19876d79c8b53fd91839f73938d7.bin,132,734,datacopy/UCSB/474b23ba7adf19876d79c8b53fd91839f73938d7.bin,"[24, 222]"
3061,b41a1d9358f93cdb556c8cb41669c4d18d60ff40.bin,132,734,datacopy/UCSB/b41a1d9358f93cdb556c8cb41669c4d18d60ff40.bin,"[24, 222]"
3062,71d86a7fb1a08e1e0fd6faeeffce888178328c0b.bin,132,734,datacopy/UCSB/71d86a7fb1a08e1e0fd6faeeffce888178328c0b.bin,"[24, 222]"
3063,2cce840c1beea1841a08c1c368d9be475a694749.bin,132,734,datacopy/UCSB/2cce840c1beea1841a08c1c368d9be475a694749.bin,"[24, 222]"
3064,3eba41eb618c53a9d52f5c86bcc24cd3f02efdc1.bin,132,734,datacopy/UCSB/3eba41eb618c53a9d52f5c86bcc24cd3f02efdc1.bin,"[24, 222]"
3065,dacf3edf1a5e7247c202ba440d6e0e628363e01a.bin,132,734,datacopy/UCSB/dacf3edf1a5e7247c202ba440d6e0e628363e01a.bin,"[24, 222]"
3066,f692bfb23aeeb00cd97b1af51aefa3e08fc020db.bin,132,734,datacopy/UCSB/f692bfb23aeeb00cd97b1af51aefa3e08fc020db.bin,"[24, 222]"
3067,27556aa8c57265c2cb0cae02490b7d240deee476.bin,132,734,datacopy/UCSB/27556aa8c57265c2cb0cae02490b7d240deee476.bin,"[24, 222]"
3068,28b422cbafb0253b19baa715df2aeec822f1280f.bin,132,734,datacopy/UCSB/28b422cbafb0253b19baa715df2aeec822f1280f.bin,"[24, 222]"
3069,30a8d46f7ebd351d51f59aeff9de67ce4717bc4a.bin,132,734,datacopy/UCSB/30a8d46f7ebd351d51f59aeff9de67ce4717bc4a.bin,"[24, 222]"
3070,9ab250998bc008d793ac1b6128c3382fe6e2c713.bin,132,734,datacopy/UCSB/9ab250998bc008d793ac1b6128c3382fe6e2c713.bin,"[24, 222]"
3071,8c4c7556c8675e7a36f2df8ca5e194a68f2957c8.bin,132,734,datacopy/UCSB/8c4c7556c8675e7a36f2df8ca5e194a68f2957c8.bin,"[24, 222]"
3072,f266344fddc0794a8840b9ab7935033e2163d6fd.bin,132,734,datacopy/UCSB/f266344fddc0794a8840b9ab7935033e2163d6fd.bin,"[24, 222]"
3073,fe5ed6ed85c4a43f58ae32ca0926fa9b1876c09b.bin,132,734,datacopy/UCSB/fe5ed6ed85c4a43f58ae32ca0926fa9b1876c09b.bin,"[24, 222]"
3074,df7a47fea098354e84233a41af408d3d4287e8cb.bin,132,734,datacopy/UCSB/df7a47fea098354e84233a41af408d3d4287e8cb.bin,"[24, 222]"
3075,29bae024293cd0f095eb0128be51bd936399ec3a.bin,132,734,datacopy/UCSB/29bae024293cd0f095eb0128be51bd936399ec3a.bin,"[24, 222]"
3076,a8498a9736accf785e8b3f93eda98da6cd7533c1.bin,132,734,datacopy/UCSB/a8498a9736accf785e8b3f93eda98da6cd7533c1.bin,"[24, 222]"
3077,9220d0af07e23f0c99995749d9323453389a89e3.bin,132,734,datacopy/UCSB/9220d0af07e23f0c99995749d9323453389a89e3.bin,"[24, 222]"
3078,3908d9f2ab77e437c39deb43ae413a57e2342164.bin,132,734,datacopy/UCSB/3908d9f2ab77e437c39deb43ae413a57e2342164.bin,"[24, 222]"
3079,ead82d05f08d4908d9e24446f3f3c22f07c7c2ac.bin,132,734,datacopy/UCSB/ead82d05f08d4908d9e24446f3f3c22f07c7c2ac.bin,"[24, 222]"
3080,00d5fa7a0b3f5b8707041627c8666cb1e05065fd.bin,132,734,datacopy/UCSB/00d5fa7a0b3f5b8707041627c8666cb1e05065fd.bin,"[24, 222]"
3081,a9278aa83c307de5f1d694b31446d6eefed32056.bin,132,734,datacopy/UCSB/a9278aa83c307de5f1d694b31446d6eefed32056.bin,"[24, 222]"
3082,d0d4c2affd0765dfb2396adbb7859cc1d0146ce4.bin,132,734,datacopy/UCSB/d0d4c2affd0765dfb2396adbb7859cc1d0146ce4.bin,"[24, 222]"
3083,1fc003f445266fd5b883c20fe1bccf3f7d1249dc.bin,132,734,datacopy/UCSB/1fc003f445266fd5b883c20fe1bccf3f7d1249dc.bin,"[24, 222]"
3084,58be63746324c012e57aee5c4c5a8bb69639340f.bin,132,734,datacopy/UCSB/58be63746324c012e57aee5c4c5a8bb69639340f.bin,"[24, 222]"
3085,7a84c101b54a971e3920a95c4c935dd94416c94a.bin,132,734,datacopy/UCSB/7a84c101b54a971e3920a95c4c935dd94416c94a.bin,"[24, 222]"
3086,bebb8f0cc8d301fbc4b5669b44924e853a2b2b0a.bin,132,734,datacopy/UCSB/bebb8f0cc8d301fbc4b5669b44924e853a2b2b0a.bin,"[24, 222]"
3087,9c657a228afb35e52b5385b72b024d6f45de58d4.bin,132,734,datacopy/UCSB/9c657a228afb35e52b5385b72b024d6f45de58d4.bin,"[24, 222]"
3088,6a45805926877f1eaae699c06db7207aa07f7d40.bin,132,734,datacopy/UCSB/6a45805926877f1eaae699c06db7207aa07f7d40.bin,"[24, 222]"
3089,f75de24d5bd1071a2fcd74cf8d6d9e7d56f56737.bin,132,734,datacopy/UCSB/f75de24d5bd1071a2fcd74cf8d6d9e7d56f56737.bin,"[24, 222]"
3090,f11d21c51e984be969b4b91ce1c501d184a01e8f.bin,132,734,datacopy/UCSB/f11d21c51e984be969b4b91ce1c501d184a01e8f.bin,"[24, 222]"
3091,05ef5abd07bb222a70e3f1890c07b6bf0c0a7f1b.bin,132,734,datacopy/UCSB/05ef5abd07bb222a70e3f1890c07b6bf0c0a7f1b.bin,"[24, 222]"
3092,ae0804e11729df60d096e094dc4a0de0b000610f.bin,132,734,datacopy/UCSB/ae0804e11729df60d096e094dc4a0de0b000610f.bin,"[24, 222]"
3093,f41b695d94d895f399e92d78c8d77ca48c9fa5c2.bin,132,734,datacopy/UCSB/f41b695d94d895f399e92d78c8d77ca48c9fa5c2.bin,"[24, 222]"
3094,ba13d4488763f952d1373b3ddd26f90a73d98cad.bin,132,734,datacopy/UCSB/ba13d4488763f952d1373b3ddd26f90a73d98cad.bin,"[24, 222]"
3095,20dea85f335441379fc65cc354872f4a0aff5fc9.bin,132,734,datacopy/UCSB/20dea85f335441379fc65cc354872f4a0aff5fc9.bin,"[24, 222]"
3096,d02bb63cda29593d0f553996dccd6bb0f430ff41.bin,132,734,datacopy/UCSB/d02bb63cda29593d0f553996dccd6bb0f430ff41.bin,"[24, 222]"
3097,f8c220e7c3dd512f98d734961dba5f7f82391d79.bin,132,734,datacopy/UCSB/f8c220e7c3dd512f98d734961dba5f7f82391d79.bin,"[24, 222]"
3098,f3c48a7f180822ad51bb457642ebcbdf9b5a8af9.bin,132,734,datacopy/UCSB/f3c48a7f180822ad51bb457642ebcbdf9b5a8af9.bin,"[24, 222]"
3099,7635a3c1e9afb02e58dcadfb8405ba2749ded8e9.bin,132,734,datacopy/UCSB/7635a3c1e9afb02e58dcadfb8405ba2749ded8e9.bin,"[24, 222]"
3100,6e34433fe2f25ccad8b5ba992fcf91fedf1ff4ca.bin,132,734,datacopy/UCSB/6e34433fe2f25ccad8b5ba992fcf91fedf1ff4ca.bin,"[24, 222]"
3101,2af93bb0ca51daf96814ee1d914aeb1129adc577.bin,132,734,datacopy/UCSB/2af93bb0ca51daf96814ee1d914aeb1129adc577.bin,"[24, 222]"
3102,a8894fd98460a88076cbc992b8c1efd635e33477.bin,132,734,datacopy/UCSB/a8894fd98460a88076cbc992b8c1efd635e33477.bin,"[24, 222]"
3103,c1535935c948f029b2c6cd8e092ddbbd0c37fecb.bin,132,734,datacopy/UCSB/c1535935c948f029b2c6cd8e092ddbbd0c37fecb.bin,"[24, 222]"
3104,16909786b464d8b74f40a43ff920c7bdfc1bae01.bin,132,734,datacopy/UCSB/16909786b464d8b74f40a43ff920c7bdfc1bae01.bin,"[24, 222]"
3105,52a405278a86a87cf91e257cb2488dbb314e738e.bin,132,734,datacopy/UCSB/52a405278a86a87cf91e257cb2488dbb314e738e.bin,"[24, 222]"
3106,4d04fe65dd8fc7f96e0491932de4391d27ece518.bin,132,734,datacopy/UCSB/4d04fe65dd8fc7f96e0491932de4391d27ece518.bin,"[24, 222]"
3107,5419c5478040d528aaa9679553e8b6310508de86.bin,132,734,datacopy/UCSB/5419c5478040d528aaa9679553e8b6310508de86.bin,"[24, 222]"
3108,f7533a4d1f6e4fa50f8fcb31571168886a440c25.bin,132,734,datacopy/UCSB/f7533a4d1f6e4fa50f8fcb31571168886a440c25.bin,"[24, 222]"
3109,c799e983774c2e11b7ce501371988f5989cee441.bin,132,734,datacopy/UCSB/c799e983774c2e11b7ce501371988f5989cee441.bin,"[24, 222]"
3110,8e7a49ad265d7eea42224444b523b7fc24a59132.bin,132,734,datacopy/UCSB/8e7a49ad265d7eea42224444b523b7fc24a59132.bin,"[24, 222]"
3111,895159a8d8729c342c3631c3309efc2a7726b858.bin,132,734,datacopy/UCSB/895159a8d8729c342c3631c3309efc2a7726b858.bin,"[24, 222]"
3112,9810352c32a03634c66d292933769d0251a22040.bin,132,734,datacopy/UCSB/9810352c32a03634c66d292933769d0251a22040.bin,"[24, 222]"
3113,a9b6020159a4ff7da8504f6fc4c44e49deb2d438.bin,132,734,datacopy/UCSB/a9b6020159a4ff7da8504f6fc4c44e49deb2d438.bin,"[24, 222]"
3114,a23a21619cb5a28bf71bc9f9eade747d9ce08a0b.bin,132,734,datacopy/UCSB/a23a21619cb5a28bf71bc9f9eade747d9ce08a0b.bin,"[24, 222]"
3115,a03ec493e07d22d370ba65441f388021c4f10369.bin,132,734,datacopy/UCSB/a03ec493e07d22d370ba65441f388021c4f10369.bin,"[24, 222]"
3116,148962925a388fd3d587e81120eef2e258c25251.bin,132,734,datacopy/UCSB/148962925a388fd3d587e81120eef2e258c25251.bin,"[24, 222]"
3117,bbd1f0a17ce989a7ea673498f33e83b852c58415.bin,132,734,datacopy/UCSB/bbd1f0a17ce989a7ea673498f33e83b852c58415.bin,"[24, 222]"
3118,3f4e1e6006aa20c62dea9584fd3680d7d1277c9d.bin,132,734,datacopy/UCSB/3f4e1e6006aa20c62dea9584fd3680d7d1277c9d.bin,"[24, 222]"
3119,ced280bf37fecd32594733a99355a6d1137f02f3.bin,132,734,datacopy/UCSB/ced280bf37fecd32594733a99355a6d1137f02f3.bin,"[24, 222]"
3120,c2e0f5f8c6035e1386cbee373d197a1792a57fcd.bin,132,734,datacopy/UCSB/c2e0f5f8c6035e1386cbee373d197a1792a57fcd.bin,"[24, 222]"
3121,8a2192236e7a2a05e16c8a2c516482a635407ec4.bin,132,734,datacopy/UCSB/8a2192236e7a2a05e16c8a2c516482a635407ec4.bin,"[24, 222]"
3122,d84ef77864a908d23968d8519108e2e25d5ac0ee.bin,132,734,datacopy/UCSB/d84ef77864a908d23968d8519108e2e25d5ac0ee.bin,"[24, 222]"
3123,6d49ac61beac07fe91321f8395a5a17301a29db2.bin,132,734,datacopy/UCSB/6d49ac61beac07fe91321f8395a5a17301a29db2.bin,"[24, 222]"
3124,f8b2ae2a301ef52cf9e3d3976f4f356da54b906d.bin,132,734,datacopy/UCSB/f8b2ae2a301ef52cf9e3d3976f4f356da54b906d.bin,"[24, 222]"
3125,ff040b72c6a3a01d34a079b1272f3300037316ac.bin,132,734,datacopy/UCSB/ff040b72c6a3a01d34a079b1272f3300037316ac.bin,"[24, 222]"
3126,0bbeecdbef7565eb809632e7602d441cd9e1c90a.bin,132,734,datacopy/UCSB/0bbeecdbef7565eb809632e7602d441cd9e1c90a.bin,"[24, 222]"
3127,f31ddf56af73940927664534aeee9087136e29c2.bin,132,734,datacopy/UCSB/f31ddf56af73940927664534aeee9087136e29c2.bin,"[24, 222]"
3128,a76ee7ad17085c300e92727b4e62d3f99c61047f.bin,132,734,datacopy/UCSB/a76ee7ad17085c300e92727b4e62d3f99c61047f.bin,"[24, 222]"
3129,1d234140e3f3004c81449254b9a99ef57e6c1b4d.bin,132,734,datacopy/UCSB/1d234140e3f3004c81449254b9a99ef57e6c1b4d.bin,"[24, 222]"
3130,69a25b0bc28aab5113202764582d97c1661e9c6b.bin,132,734,datacopy/UCSB/69a25b0bc28aab5113202764582d97c1661e9c6b.bin,"[24, 222]"
3131,2775812bd654af4d209d8f319b8bef590b50aa2a.bin,132,734,datacopy/UCSB/2775812bd654af4d209d8f319b8bef590b50aa2a.bin,"[24, 222]"
3132,8e04d56890aff430cd2a887ae91d2edbe48fd3f8.bin,132,734,datacopy/UCSB/8e04d56890aff430cd2a887ae91d2edbe48fd3f8.bin,"[24, 222]"
3133,0bba97a06527b021b6ed20a01f20b6edaaa7c695.bin,132,734,datacopy/UCSB/0bba97a06527b021b6ed20a01f20b6edaaa7c695.bin,"[24, 222]"
3134,91e0550e02c34ae9d11e3234a4c9fbd9688393f2.bin,132,734,datacopy/UCSB/91e0550e02c34ae9d11e3234a4c9fbd9688393f2.bin,"[24, 222]"
3135,122fc2e2f78ca97b1cb733e15190aef5397e7031.bin,132,734,datacopy/UCSB/122fc2e2f78ca97b1cb733e15190aef5397e7031.bin,"[24, 222]"
3136,32f1e8db7951473bfe529f594c5d38169efa1179.bin,132,54,datacopy/UCSB/32f1e8db7951473bfe529f594c5d38169efa1179.bin,"[24, 222]"
3137,46a2d6eafebd78db4e29b3786cbae98cc9183e31.bin,132,734,datacopy/UCSB/46a2d6eafebd78db4e29b3786cbae98cc9183e31.bin,"[24, 222]"
3138,a16f47b0c71cd5c02e8b5811f63bbc27968fe78d.bin,132,734,datacopy/UCSB/a16f47b0c71cd5c02e8b5811f63bbc27968fe78d.bin,"[24, 222]"
3139,068633db78edcd504b59202400ec9e5a91254fa9.bin,132,734,datacopy/UCSB/068633db78edcd504b59202400ec9e5a91254fa9.bin,"[24, 222]"
3140,45cd9810d66d1c689e7615b71def1359a146ee97.bin,132,734,datacopy/UCSB/45cd9810d66d1c689e7615b71def1359a146ee97.bin,"[24, 222]"
3141,426c59351668011569b974859efd7741fa263e11.bin,132,734,datacopy/UCSB/426c59351668011569b974859efd7741fa263e11.bin,"[24, 222]"
3142,4bcb39ee73b95a39069578b8b67266697dc4151f.bin,132,734,datacopy/UCSB/4bcb39ee73b95a39069578b8b67266697dc4151f.bin,"[24, 222]"
3143,edb240b9d1cfb271de885dc8e95eaa579e851534.bin,132,734,datacopy/UCSB/edb240b9d1cfb271de885dc8e95eaa579e851534.bin,"[24, 222]"
3144,f5a8126ba462f5ff6f6b52d90bb755b26d9f6d4a.bin,132,734,datacopy/UCSB/f5a8126ba462f5ff6f6b52d90bb755b26d9f6d4a.bin,"[24, 222]"
3145,e1d8a5c61272b0732b566b94edf334c705e8ade8.bin,132,734,datacopy/UCSB/e1d8a5c61272b0732b566b94edf334c705e8ade8.bin,"[24, 222]"
3146,59f1a83b66e5ae8b6c2b665f3f67afb2c7a36d30.bin,132,734,datacopy/UCSB/59f1a83b66e5ae8b6c2b665f3f67afb2c7a36d30.bin,"[24, 222]"
3147,9a1d3ed8ed5b7a55fc3d8845c4d64b176352f978.bin,132,734,datacopy/UCSB/9a1d3ed8ed5b7a55fc3d8845c4d64b176352f978.bin,"[24, 222]"
3148,77db9da236bd4e743c59aaf740bff122dfe3c26e.bin,132,734,datacopy/UCSB/77db9da236bd4e743c59aaf740bff122dfe3c26e.bin,"[24, 222]"
3149,64e2bafffcb98301161f5235a9f2cd4271e6a410.bin,132,734,datacopy/UCSB/64e2bafffcb98301161f5235a9f2cd4271e6a410.bin,"[24, 222]"
3150,df7380ef3c059b57bbbd8596f44c429e45683431.bin,132,734,datacopy/UCSB/df7380ef3c059b57bbbd8596f44c429e45683431.bin,"[24, 222]"
3151,65e148e42bc4e211ce52b20eaad91161b287becd.bin,132,54,datacopy/UCSB/65e148e42bc4e211ce52b20eaad91161b287becd.bin,"[24, 222]"
3152,df86bfcd95701f60a6b8ed194a82c8a8a388ccb1.bin,132,734,datacopy/UCSB/df86bfcd95701f60a6b8ed194a82c8a8a388ccb1.bin,"[24, 222]"
3153,758252dd50b969ee6d3045f1f11fa2338575282a.bin,132,734,datacopy/UCSB/758252dd50b969ee6d3045f1f11fa2338575282a.bin,"[24, 222]"
3154,bb89655f48fa63cf7c935d90bc4196ffd435a32c.bin,132,734,datacopy/UCSB/bb89655f48fa63cf7c935d90bc4196ffd435a32c.bin,"[24, 222]"
3155,70fafb252ca04acfae0571f4652aec51782a61f6.bin,132,734,datacopy/UCSB/70fafb252ca04acfae0571f4652aec51782a61f6.bin,"[24, 222]"
3156,36ac6f9d11115ef46be895a6f5bac90a429274ec.bin,132,734,datacopy/UCSB/36ac6f9d11115ef46be895a6f5bac90a429274ec.bin,"[24, 222]"
3157,52fc6300ad70545d5ff18ea7280e681f415d5eee.bin,132,734,datacopy/UCSB/52fc6300ad70545d5ff18ea7280e681f415d5eee.bin,"[24, 222]"
3158,b748bbc83a297ffcbfe8573deba8a4db1272ed4b.bin,132,734,datacopy/UCSB/b748bbc83a297ffcbfe8573deba8a4db1272ed4b.bin,"[24, 222]"
3159,6a276dd99b03418b66da372db47d3778adfbf848.bin,132,734,datacopy/UCSB/6a276dd99b03418b66da372db47d3778adfbf848.bin,"[24, 222]"
3160,d9868da81d30e49f5b86a1a320c6ef15476a6dbb.bin,132,734,datacopy/UCSB/d9868da81d30e49f5b86a1a320c6ef15476a6dbb.bin,"[24, 222]"
3161,6980e30a85e0ab00019b0b86e87100e27dabb828.bin,132,734,datacopy/UCSB/6980e30a85e0ab00019b0b86e87100e27dabb828.bin,"[24, 222]"
3162,5cb017a2139cf329b3756eff7533a8f31953e874.bin,132,734,datacopy/UCSB/5cb017a2139cf329b3756eff7533a8f31953e874.bin,"[24, 222]"
3163,f0a764d0990209441cfc17d069c0e77626b40c2d.bin,132,734,datacopy/UCSB/f0a764d0990209441cfc17d069c0e77626b40c2d.bin,"[24, 222]"
3164,da16743e7312a1823f21fc2b223444fb43519288.bin,132,734,datacopy/UCSB/da16743e7312a1823f21fc2b223444fb43519288.bin,"[24, 222]"
3165,fba235c8fe3a4d4c9486cc316fbc0965c291ba87.bin,132,734,datacopy/UCSB/fba235c8fe3a4d4c9486cc316fbc0965c291ba87.bin,"[24, 222]"
3166,184dc25af99e5ad24d8f8701c8b30f94b9554d53.bin,132,734,datacopy/UCSB/184dc25af99e5ad24d8f8701c8b30f94b9554d53.bin,"[24, 222]"
3167,79e2d9324b8efa9c9b5f4bf3390de65c96df5e90.bin,132,734,datacopy/UCSB/79e2d9324b8efa9c9b5f4bf3390de65c96df5e90.bin,"[24, 222]"
3168,5bc2b312b5a31a900014e80714a3062f81fefd4a.bin,132,54,datacopy/UCSB/5bc2b312b5a31a900014e80714a3062f81fefd4a.bin,"[24, 222]"
3169,4d7b3e7a1783905514a0085b9e57b6165d5a6e60.bin,132,734,datacopy/UCSB/4d7b3e7a1783905514a0085b9e57b6165d5a6e60.bin,"[24, 222]"
3170,5588a7de1a715b5a715fd90626971fb1a50fd081.bin,132,734,datacopy/UCSB/5588a7de1a715b5a715fd90626971fb1a50fd081.bin,"[24, 222]"
3171,bae1071ffe5d49429615fa23db538eb3c08b436d.bin,132,734,datacopy/UCSB/bae1071ffe5d49429615fa23db538eb3c08b436d.bin,"[24, 222]"
3172,706cd47e8656758f5d088b1b9fb476b648679d6f.bin,132,734,datacopy/UCSB/706cd47e8656758f5d088b1b9fb476b648679d6f.bin,"[24, 222]"
3173,6858d0743441d258700a3c1ad121c8999120cc95.bin,132,734,datacopy/UCSB/6858d0743441d258700a3c1ad121c8999120cc95.bin,"[24, 222]"
3174,c605dccd91d32414a0637b39e4c53b5ed3934cf1.bin,132,734,datacopy/UCSB/c605dccd91d32414a0637b39e4c53b5ed3934cf1.bin,"[24, 222]"
3175,371d1eef678daf8b4c8d3bf36fa00920860d7cb1.bin,132,734,datacopy/UCSB/371d1eef678daf8b4c8d3bf36fa00920860d7cb1.bin,"[24, 222]"
3176,1e9bd0ef484749495473fce461ac414269d29982.bin,132,734,datacopy/UCSB/1e9bd0ef484749495473fce461ac414269d29982.bin,"[24, 222]"
3177,fd7044e60c338904074d9b89db2f200b7fbb69c1.bin,132,734,datacopy/UCSB/fd7044e60c338904074d9b89db2f200b7fbb69c1.bin,"[24, 222]"
3178,c21404369be5571ed9ec625dad4f996a0fab6bdf.bin,132,734,datacopy/UCSB/c21404369be5571ed9ec625dad4f996a0fab6bdf.bin,"[24, 222]"
3179,9c86ba9b2d42c77f28d84b5401398ddb36e91194.bin,132,734,datacopy/UCSB/9c86ba9b2d42c77f28d84b5401398ddb36e91194.bin,"[24, 222]"
3180,437abddab9a84e4fbf4bacdfb92034d1d5c9adb9.bin,132,734,datacopy/UCSB/437abddab9a84e4fbf4bacdfb92034d1d5c9adb9.bin,"[24, 222]"
3181,64208f5ccc31fe998331c9382ede24bd24017917.bin,132,734,datacopy/UCSB/64208f5ccc31fe998331c9382ede24bd24017917.bin,"[24, 222]"
3182,41b37d0578c3cd422c034219e9e66fd9bdf90f17.bin,132,734,datacopy/UCSB/41b37d0578c3cd422c034219e9e66fd9bdf90f17.bin,"[24, 222]"
3183,400f28be8d2b43312bf09c48805608f1539a519d.bin,132,734,datacopy/UCSB/400f28be8d2b43312bf09c48805608f1539a519d.bin,"[24, 222]"
3184,7a28f992ac3b459f8c1ffb38559daeeb57cedda3.bin,132,734,datacopy/UCSB/7a28f992ac3b459f8c1ffb38559daeeb57cedda3.bin,"[24, 222]"
3185,92d462a581d02564fb9f9cdd17e45702759b99b0.bin,132,734,datacopy/UCSB/92d462a581d02564fb9f9cdd17e45702759b99b0.bin,"[24, 222]"
3186,1699539209457cc0d39d89adb14ceadd69493b0e.bin,132,734,datacopy/UCSB/1699539209457cc0d39d89adb14ceadd69493b0e.bin,"[24, 222]"
3187,4f6373293edb5f169905a667882a0ca356c0c3fe.bin,132,734,datacopy/UCSB/4f6373293edb5f169905a667882a0ca356c0c3fe.bin,"[24, 222]"
3188,0e979ecc1b14005bf0f16d170b409efd0ab28dcd.bin,132,734,datacopy/UCSB/0e979ecc1b14005bf0f16d170b409efd0ab28dcd.bin,"[24, 222]"
3189,14d0485918b7b48f35c8184bcd03fd4257866451.bin,132,734,datacopy/UCSB/14d0485918b7b48f35c8184bcd03fd4257866451.bin,"[24, 222]"
3190,06d3cb19ae5ba686e57f5096fc65bf8e48a24271.bin,132,734,datacopy/UCSB/06d3cb19ae5ba686e57f5096fc65bf8e48a24271.bin,"[24, 222]"
3191,a224ab6e46359fa1e46abda349bf4e24801b0b14.bin,132,734,datacopy/UCSB/a224ab6e46359fa1e46abda349bf4e24801b0b14.bin,"[24, 222]"
3192,a1ce000759593edb4ba6356b25b880c76dabb33a.bin,132,734,datacopy/UCSB/a1ce000759593edb4ba6356b25b880c76dabb33a.bin,"[24, 222]"
3193,a99072ad52c2d44ccb46e4d200e854dd3f46904c.bin,132,734,datacopy/UCSB/a99072ad52c2d44ccb46e4d200e854dd3f46904c.bin,"[24, 222]"
3194,ce7e4ef6e74f9c53c3a6e50ff8c9946c8bb48a51.bin,132,734,datacopy/UCSB/ce7e4ef6e74f9c53c3a6e50ff8c9946c8bb48a51.bin,"[24, 222]"
3195,86886ac30f8db5a9fd7f9e480f500392ccf96734.bin,132,734,datacopy/UCSB/86886ac30f8db5a9fd7f9e480f500392ccf96734.bin,"[24, 222]"
3196,b99f5051640fac27bba2db5ade302b6a0e844e43.bin,132,734,datacopy/UCSB/b99f5051640fac27bba2db5ade302b6a0e844e43.bin,"[24, 222]"
3197,acbd604e91d6c6eb1494f32f6480e0f3088baab7.bin,132,54,datacopy/UCSB/acbd604e91d6c6eb1494f32f6480e0f3088baab7.bin,"[24, 222]"
3198,3f63b7769b85589963a996919acc94f4e8317a43.bin,132,734,datacopy/UCSB/3f63b7769b85589963a996919acc94f4e8317a43.bin,"[24, 222]"
3199,430ed0bfdd1882a4a11d94b25ac2e6d15f47d640.bin,132,734,datacopy/UCSB/430ed0bfdd1882a4a11d94b25ac2e6d15f47d640.bin,"[24, 222]"
3200,7efdee2a7a70a61bb7f77c07464c8743b7fd01f2.bin,132,734,datacopy/UCSB/7efdee2a7a70a61bb7f77c07464c8743b7fd01f2.bin,"[24, 222]"
3201,b9ddbe4548c335e46f10ae7764e82c9e321ba76b.bin,132,54,datacopy/UCSB/b9ddbe4548c335e46f10ae7764e82c9e321ba76b.bin,"[24, 222]"
3202,5413c922eeb059b51515bcf85d91bf357874ebe6.bin,132,734,datacopy/UCSB/5413c922eeb059b51515bcf85d91bf357874ebe6.bin,"[24, 222]"
3203,d66f22df35084e8952f60ec3917764a9eee77671.bin,132,734,datacopy/UCSB/d66f22df35084e8952f60ec3917764a9eee77671.bin,"[24, 222]"
3204,f974c48b00e6d21d8b64977b7bfe1266b577bc77.bin,132,734,datacopy/UCSB/f974c48b00e6d21d8b64977b7bfe1266b577bc77.bin,"[24, 222]"
3205,b28c3c4d1b45239cdabf09690cd29f5e0e40ab8c.bin,132,734,datacopy/UCSB/b28c3c4d1b45239cdabf09690cd29f5e0e40ab8c.bin,"[24, 222]"
3206,29bb889d924544adf3283750fa2f97acf2c4881b.bin,132,734,datacopy/UCSB/29bb889d924544adf3283750fa2f97acf2c4881b.bin,"[24, 222]"
3207,74838c0bfa78a40059e956ffb9e5357a19f4c7e7.bin,132,734,datacopy/UCSB/74838c0bfa78a40059e956ffb9e5357a19f4c7e7.bin,"[24, 222]"
3208,8d921c4d6488930b833669641c1e6a15ce8d0c9a.bin,132,734,datacopy/UCSB/8d921c4d6488930b833669641c1e6a15ce8d0c9a.bin,"[24, 222]"
3209,9c54319194735be897f49e164a674ba15de03780.bin,132,734,datacopy/UCSB/9c54319194735be897f49e164a674ba15de03780.bin,"[24, 222]"
3210,3c1ddcfed2fab15e05ec721dd06a5088da818004.bin,132,734,datacopy/UCSB/3c1ddcfed2fab15e05ec721dd06a5088da818004.bin,"[24, 222]"
3211,9ebdd34c2810960a655e5810f96afb3d3357dd92.bin,132,734,datacopy/UCSB/9ebdd34c2810960a655e5810f96afb3d3357dd92.bin,"[24, 222]"
3212,0411728f1634139bdd46ed763158f25ee891efd1.bin,132,734,datacopy/UCSB/0411728f1634139bdd46ed763158f25ee891efd1.bin,"[24, 222]"
3213,36425d883bde692780287a2d8cc9844fa1fde27d.bin,132,734,datacopy/UCSB/36425d883bde692780287a2d8cc9844fa1fde27d.bin,"[24, 222]"
3214,66cf2b296254e3450b695ba8d911e9d3e13093c7.bin,132,734,datacopy/UCSB/66cf2b296254e3450b695ba8d911e9d3e13093c7.bin,"[24, 222]"
3215,b2bc5405d78aa9bb633976affa766257f468f5ae.bin,132,734,datacopy/UCSB/b2bc5405d78aa9bb633976affa766257f468f5ae.bin,"[24, 222]"
3216,00bda6d45970b0e8fbe93ebc1b3c3c5f18768d4c.bin,132,734,datacopy/UCSB/00bda6d45970b0e8fbe93ebc1b3c3c5f18768d4c.bin,"[24, 222]"
3217,809ea2c3d2562218a7994801de284aa8a2be4853.bin,132,734,datacopy/UCSB/809ea2c3d2562218a7994801de284aa8a2be4853.bin,"[24, 222]"
3218,d3460c3fc1d3dfb20e01c1b8f0b100eff4b1d59f.bin,132,734,datacopy/UCSB/d3460c3fc1d3dfb20e01c1b8f0b100eff4b1d59f.bin,"[24, 222]"
3219,ee5645c6b90feb7616724ab75f0c5dcd7a76cac0.bin,132,734,datacopy/UCSB/ee5645c6b90feb7616724ab75f0c5dcd7a76cac0.bin,"[24, 222]"
3220,c42bd0da2782ed7e6e3ccba3b40ff35063e6d45a.bin,132,734,datacopy/UCSB/c42bd0da2782ed7e6e3ccba3b40ff35063e6d45a.bin,"[24, 222]"
3221,c30a06d87b3fbbcd5a28677b9b319db02a26a229.bin,132,734,datacopy/UCSB/c30a06d87b3fbbcd5a28677b9b319db02a26a229.bin,"[24, 222]"
3222,a1914d30d375089c24e6c27bd4b9495c88b79211.bin,132,734,datacopy/UCSB/a1914d30d375089c24e6c27bd4b9495c88b79211.bin,"[24, 222]"
3223,b7ea2795f869e7877560d7075baac5200b26d6e9.bin,132,734,datacopy/UCSB/b7ea2795f869e7877560d7075baac5200b26d6e9.bin,"[24, 222]"
3224,48df7dcda8def96f89cc6062e54ee528b97375df.bin,132,734,datacopy/UCSB/48df7dcda8def96f89cc6062e54ee528b97375df.bin,"[24, 222]"
3225,991292c1674bb4c1aa1f6a85128b2edacce87777.bin,132,734,datacopy/UCSB/991292c1674bb4c1aa1f6a85128b2edacce87777.bin,"[24, 222]"
3226,606040b6d9a21a8bd13dd67983d7bde32f90eaf6.bin,132,734,datacopy/UCSB/606040b6d9a21a8bd13dd67983d7bde32f90eaf6.bin,"[24, 222]"
3227,83cd85fadc31129c2d69321fd5bbb78047b649d5.bin,132,734,datacopy/UCSB/83cd85fadc31129c2d69321fd5bbb78047b649d5.bin,"[24, 222]"
3228,a2008fd637b95b9ef5d2cdc52b0a14edbe423739.bin,132,734,datacopy/UCSB/a2008fd637b95b9ef5d2cdc52b0a14edbe423739.bin,"[24, 222]"
3229,90fe36c8ca6ea3af88b5ac2c052ebf91353d17c2.bin,132,734,datacopy/UCSB/90fe36c8ca6ea3af88b5ac2c052ebf91353d17c2.bin,"[24, 222]"
3230,8c5a46f006fe667b235d222953960138f0ad2a38.bin,132,734,datacopy/UCSB/8c5a46f006fe667b235d222953960138f0ad2a38.bin,"[24, 222]"
3231,b2cb8f7c37bc7fc9c9559ab373285d943ac2d589.bin,132,734,datacopy/UCSB/b2cb8f7c37bc7fc9c9559ab373285d943ac2d589.bin,"[24, 222]"
3232,3c4a651546f25d095fb2a0ebe8f03be169f68c26.bin,132,734,datacopy/UCSB/3c4a651546f25d095fb2a0ebe8f03be169f68c26.bin,"[24, 222]"
3233,33f43c5a8a3afe2e97156d4850b03b6d4fe18d2d.bin,132,734,datacopy/UCSB/33f43c5a8a3afe2e97156d4850b03b6d4fe18d2d.bin,"[24, 222]"
3234,e6da03b18eda99876d46b99a31e85fb849b450c9.bin,132,734,datacopy/UCSB/e6da03b18eda99876d46b99a31e85fb849b450c9.bin,"[24, 222]"
3235,9d604aef15bdfc60023333af99e8df61c4697748.bin,132,734,datacopy/UCSB/9d604aef15bdfc60023333af99e8df61c4697748.bin,"[24, 222]"
3236,0d77decb2430a2c52c11a589242b62cd6e2fef5f.bin,132,734,datacopy/UCSB/0d77decb2430a2c52c11a589242b62cd6e2fef5f.bin,"[24, 222]"
3237,98a0fd78105cba706793a3db8cd43f3d1c9768f6.bin,132,54,datacopy/UCSB/98a0fd78105cba706793a3db8cd43f3d1c9768f6.bin,"[24, 222]"
3238,59c8231e644efbab79d1a6d1dca5a11d4f5b64f4.bin,132,734,datacopy/UCSB/59c8231e644efbab79d1a6d1dca5a11d4f5b64f4.bin,"[24, 222]"
3239,1b2489dc48ce128ae22645643b794358b7de8545.bin,132,734,datacopy/UCSB/1b2489dc48ce128ae22645643b794358b7de8545.bin,"[24, 222]"
3240,18a15b6bb75e89483f483e3ab93be80310577288.bin,132,734,datacopy/UCSB/18a15b6bb75e89483f483e3ab93be80310577288.bin,"[24, 222]"
3241,a79756917bf5414ba61f8f0996122640e7d16445.bin,132,734,datacopy/UCSB/a79756917bf5414ba61f8f0996122640e7d16445.bin,"[24, 222]"
3242,3f7612b986ed4a1ea404201ddaa7c54fb31a2936.bin,132,734,datacopy/UCSB/3f7612b986ed4a1ea404201ddaa7c54fb31a2936.bin,"[24, 222]"
3243,fc36dfe21182121283691f8da39cc7827d3b056c.bin,132,734,datacopy/UCSB/fc36dfe21182121283691f8da39cc7827d3b056c.bin,"[24, 222]"
3244,81451ed43c29e883d6af77ace6509377eb8fa0f9.bin,132,734,datacopy/UCSB/81451ed43c29e883d6af77ace6509377eb8fa0f9.bin,"[24, 222]"
3245,1367558b5ddaa09be7348951eb87760808349842.bin,132,734,datacopy/UCSB/1367558b5ddaa09be7348951eb87760808349842.bin,"[24, 222]"
3246,3f70f03090b19e7a4f2a6e583d9498d9e17b9283.bin,132,734,datacopy/UCSB/3f70f03090b19e7a4f2a6e583d9498d9e17b9283.bin,"[24, 222]"
3247,f3aa6ae7b3df3a251398851b7064db47fb626419.bin,132,734,datacopy/UCSB/f3aa6ae7b3df3a251398851b7064db47fb626419.bin,"[24, 222]"
3248,3cfbc265c208b3a9cb193ba0688039bca76e53fd.bin,132,734,datacopy/UCSB/3cfbc265c208b3a9cb193ba0688039bca76e53fd.bin,"[24, 222]"
3249,227d37f7ae286e31806d0dd34a6b29d322cde101.bin,132,734,datacopy/UCSB/227d37f7ae286e31806d0dd34a6b29d322cde101.bin,"[24, 222]"
3250,2e7dac0865672d32fc5e46cdee02e77af1152f0b.bin,132,734,datacopy/UCSB/2e7dac0865672d32fc5e46cdee02e77af1152f0b.bin,"[24, 222]"
3251,95cfed964a5679b0e2bb8f1ebaa20edb6c67c41b.bin,132,734,datacopy/UCSB/95cfed964a5679b0e2bb8f1ebaa20edb6c67c41b.bin,"[24, 222]"
3252,77522ca46fdb8464fe1950a4b868cd9983c3010f.bin,132,734,datacopy/UCSB/77522ca46fdb8464fe1950a4b868cd9983c3010f.bin,"[24, 222]"
3253,22be6aead6a6b6dbb434d90704734451af969a16.bin,132,734,datacopy/UCSB/22be6aead6a6b6dbb434d90704734451af969a16.bin,"[24, 222]"
3254,beff990dce88870720fa12a4155039d50a4fa600.bin,132,54,datacopy/UCSB/beff990dce88870720fa12a4155039d50a4fa600.bin,"[24, 222]"
3255,f9182bbdd9fa341aff6d048c829170029a443d3b.bin,132,734,datacopy/UCSB/f9182bbdd9fa341aff6d048c829170029a443d3b.bin,"[24, 222]"
3256,cdae8d91851177c5c387252ea48a4f39a02793d2.bin,132,734,datacopy/UCSB/cdae8d91851177c5c387252ea48a4f39a02793d2.bin,"[24, 222]"
3257,93c0684fff85aef4f12ec10fe5b4d389f051d61e.bin,132,734,datacopy/UCSB/93c0684fff85aef4f12ec10fe5b4d389f051d61e.bin,"[24, 222]"
3258,80f489793fbbbfdbf5a6b8e363e3479dae6cc908.bin,132,734,datacopy/UCSB/80f489793fbbbfdbf5a6b8e363e3479dae6cc908.bin,"[24, 222]"
3259,1617696729d2e57b70b51c517a82b31cd0c83231.bin,132,734,datacopy/UCSB/1617696729d2e57b70b51c517a82b31cd0c83231.bin,"[24, 222]"
3260,c3881a09cd40c8bd925f0c8bb09af6d69e072c7e.bin,132,734,datacopy/UCSB/c3881a09cd40c8bd925f0c8bb09af6d69e072c7e.bin,"[24, 222]"
3261,88e3cb75e25e9e480a7d00bbe277e83a841c24da.bin,132,734,datacopy/UCSB/88e3cb75e25e9e480a7d00bbe277e83a841c24da.bin,"[24, 222]"
3262,79b2346822e23f851ac355b94805da081d42a0be.bin,132,734,datacopy/UCSB/79b2346822e23f851ac355b94805da081d42a0be.bin,"[24, 222]"
3263,707b2b46720d260c26f863190aeee5179ce30a4c.bin,132,734,datacopy/UCSB/707b2b46720d260c26f863190aeee5179ce30a4c.bin,"[24, 222]"
3264,484a5508659a24db4450f611226d9faa31facc04.bin,132,734,datacopy/UCSB/484a5508659a24db4450f611226d9faa31facc04.bin,"[24, 222]"
3265,b68d5da4781222e2b63690599b16face3981cd6b.bin,132,734,datacopy/UCSB/b68d5da4781222e2b63690599b16face3981cd6b.bin,"[24, 222]"
3266,576f68d35a7e084c983f0b4800332e2bcfef34ed.bin,132,734,datacopy/UCSB/576f68d35a7e084c983f0b4800332e2bcfef34ed.bin,"[24, 222]"
3267,3a6a6568484294db64b2d7c45944ac2a0b4b3c97.bin,132,734,datacopy/UCSB/3a6a6568484294db64b2d7c45944ac2a0b4b3c97.bin,"[24, 222]"
3268,6dc1329cfe5524bab0d737be13f44bf04beec8e8.bin,132,734,datacopy/UCSB/6dc1329cfe5524bab0d737be13f44bf04beec8e8.bin,"[24, 222]"
3269,874311261369aee52e785b7ae4e9bcf3196baf53.bin,132,734,datacopy/UCSB/874311261369aee52e785b7ae4e9bcf3196baf53.bin,"[24, 222]"
3270,6dff5984afa506066494b4502084b754e73f5f5d.bin,132,734,datacopy/UCSB/6dff5984afa506066494b4502084b754e73f5f5d.bin,"[24, 222]"
3271,2405d52ff6480b59e1ca3a4a1e18a5e7630e450e.bin,132,734,datacopy/UCSB/2405d52ff6480b59e1ca3a4a1e18a5e7630e450e.bin,"[24, 222]"
3272,ab44c49d39827da86292832dbb42785b6054601d.bin,132,734,datacopy/UCSB/ab44c49d39827da86292832dbb42785b6054601d.bin,"[24, 222]"
3273,444ac4466793c4246b5c5509b61ddedf2a7e6007.bin,132,734,datacopy/UCSB/444ac4466793c4246b5c5509b61ddedf2a7e6007.bin,"[24, 222]"
3274,d2bd986860cb41bd5975835edec46c9af9a56d48.bin,132,734,datacopy/UCSB/d2bd986860cb41bd5975835edec46c9af9a56d48.bin,"[24, 222]"
3275,c680739ec3ea098c8c3beee6a9982dc4b388fceb.bin,132,734,datacopy/UCSB/c680739ec3ea098c8c3beee6a9982dc4b388fceb.bin,"[24, 222]"
3276,f4c2ae6d11cf38fbbe097bb1bf070cbb29cb9049.bin,132,734,datacopy/UCSB/f4c2ae6d11cf38fbbe097bb1bf070cbb29cb9049.bin,"[24, 222]"
3277,346506c16f2cde1e93a585cf64a7087308c652ab.bin,132,734,datacopy/UCSB/346506c16f2cde1e93a585cf64a7087308c652ab.bin,"[24, 222]"
3278,6d0ca89d09dd4585f623ccafce7f6ea6c9f6ff7d.bin,132,734,datacopy/UCSB/6d0ca89d09dd4585f623ccafce7f6ea6c9f6ff7d.bin,"[24, 222]"
3279,6a239254ba4032325d0d02ecdf444b6f0da0d436.bin,132,734,datacopy/UCSB/6a239254ba4032325d0d02ecdf444b6f0da0d436.bin,"[24, 222]"
3280,5eb7372e08b3e76d5edc1fe2ebff8e28cc5067b7.bin,132,734,datacopy/UCSB/5eb7372e08b3e76d5edc1fe2ebff8e28cc5067b7.bin,"[24, 222]"
3281,4934f134ef88b5719a03887d37d69619fb09a079.bin,132,734,datacopy/UCSB/4934f134ef88b5719a03887d37d69619fb09a079.bin,"[24, 222]"
3282,10c918abe9285a34cc9316fd62637e81844fbd7a.bin,132,734,datacopy/UCSB/10c918abe9285a34cc9316fd62637e81844fbd7a.bin,"[24, 222]"
3283,d37990ac8062b89afa23d18eb1c698b82412b3b6.bin,132,734,datacopy/UCSB/d37990ac8062b89afa23d18eb1c698b82412b3b6.bin,"[24, 222]"
3284,1d21be9e50f597c05aa0651a5d50343f8392c9a5.bin,132,734,datacopy/UCSB/1d21be9e50f597c05aa0651a5d50343f8392c9a5.bin,"[24, 222]"
3285,2eedaed2f6cac2aa9cf849519a45a2ca329b1374.bin,132,734,datacopy/UCSB/2eedaed2f6cac2aa9cf849519a45a2ca329b1374.bin,"[24, 222]"
3286,4a168fba64d8c32b76efd04ba764cbf5c1770f0a.bin,132,734,datacopy/UCSB/4a168fba64d8c32b76efd04ba764cbf5c1770f0a.bin,"[24, 222]"
3287,48a06455dfdd2d1c61a7f6a38cdc8f60918b8e66.bin,132,734,datacopy/UCSB/48a06455dfdd2d1c61a7f6a38cdc8f60918b8e66.bin,"[24, 222]"
3288,52dd39743f184cca317934274f55bb10a3f98ac5.bin,132,734,datacopy/UCSB/52dd39743f184cca317934274f55bb10a3f98ac5.bin,"[24, 222]"
3289,228f55677a07fc516829f61d5755571e164e8056.bin,132,734,datacopy/UCSB/228f55677a07fc516829f61d5755571e164e8056.bin,"[24, 222]"
3290,5162facac71c1e8a7d8460c45801cb635d2a4585.bin,132,734,datacopy/UCSB/5162facac71c1e8a7d8460c45801cb635d2a4585.bin,"[24, 222]"
3291,5b5fda4cf90d93728ec891412793c536ba2207d2.bin,132,734,datacopy/UCSB/5b5fda4cf90d93728ec891412793c536ba2207d2.bin,"[24, 222]"
3292,6e8a5a86d0920418f4b056ff540173e084293868.bin,132,734,datacopy/UCSB/6e8a5a86d0920418f4b056ff540173e084293868.bin,"[24, 222]"
3293,07c4127e85d2eaa4534476ec7ead64d4c058ddff.bin,132,734,datacopy/UCSB/07c4127e85d2eaa4534476ec7ead64d4c058ddff.bin,"[24, 222]"
3294,10c5096bc4a79b53cb4c213c7173b548118e7f3f.bin,132,734,datacopy/UCSB/10c5096bc4a79b53cb4c213c7173b548118e7f3f.bin,"[24, 222]"
3295,06935c24e38687def2541a7b4bb98c14d22e9d6b.bin,132,734,datacopy/UCSB/06935c24e38687def2541a7b4bb98c14d22e9d6b.bin,"[24, 222]"
3296,853c7a79ee93941daa0e4d54b8309523e2f0adc8.bin,132,734,datacopy/UCSB/853c7a79ee93941daa0e4d54b8309523e2f0adc8.bin,"[24, 222]"
3297,10e9e3cd0e38bd74481c27fc7535757384b916fc.bin,132,734,datacopy/UCSB/10e9e3cd0e38bd74481c27fc7535757384b916fc.bin,"[24, 222]"
3298,e0d6239a35bcb551da6d2efb5b5a9089c9ed18b5.bin,132,734,datacopy/UCSB/e0d6239a35bcb551da6d2efb5b5a9089c9ed18b5.bin,"[24, 222]"
3299,1f77457f93902f5e97b716be87b51d574ce371e5.bin,132,734,datacopy/UCSB/1f77457f93902f5e97b716be87b51d574ce371e5.bin,"[24, 222]"
3300,50796ac3ec34c65e35a839f52af6700c88b3bdaa.bin,132,734,datacopy/UCSB/50796ac3ec34c65e35a839f52af6700c88b3bdaa.bin,"[24, 222]"
3301,2abc2053457e02c188fed5dcfff5f5dffa83c984.bin,132,734,datacopy/UCSB/2abc2053457e02c188fed5dcfff5f5dffa83c984.bin,"[24, 222]"
3302,605e3cfbd9c62b2cb8b821cfc28249764d12fd89.bin,132,734,datacopy/UCSB/605e3cfbd9c62b2cb8b821cfc28249764d12fd89.bin,"[24, 222]"
3303,abcef7bb6af76682764d967a95c5eeaebed719ac.bin,132,734,datacopy/UCSB/abcef7bb6af76682764d967a95c5eeaebed719ac.bin,"[24, 222]"
3304,e818a3cb6d099ca4a749d78e967fabe63541b8b8.bin,132,734,datacopy/UCSB/e818a3cb6d099ca4a749d78e967fabe63541b8b8.bin,"[24, 222]"
3305,156f241bfdbfe27a593db6963535de743ce493a0.bin,132,54,datacopy/UCSB/156f241bfdbfe27a593db6963535de743ce493a0.bin,"[24, 222]"
3306,8b422aa29a61d23c239c78cd4d3f39bfbd66c6e0.bin,132,734,datacopy/UCSB/8b422aa29a61d23c239c78cd4d3f39bfbd66c6e0.bin,"[24, 222]"
3307,46f3d613a58d5a6143d28e38ed23983965a15dc0.bin,132,734,datacopy/UCSB/46f3d613a58d5a6143d28e38ed23983965a15dc0.bin,"[24, 222]"
3308,1cf9d9daaafa7c6dece65fe480f5c24548077438.bin,132,734,datacopy/UCSB/1cf9d9daaafa7c6dece65fe480f5c24548077438.bin,"[24, 222]"
3309,1f5ee2808d4d15882bc7de89be3e0b01e2d4a738.bin,132,734,datacopy/UCSB/1f5ee2808d4d15882bc7de89be3e0b01e2d4a738.bin,"[24, 222]"
3310,6c9bad809ef194924145f1dec00fbab79cd8307b.bin,132,734,datacopy/UCSB/6c9bad809ef194924145f1dec00fbab79cd8307b.bin,"[24, 222]"
3311,96e62c43870ad001830b86219bbfc18a78b012ee.bin,132,734,datacopy/UCSB/96e62c43870ad001830b86219bbfc18a78b012ee.bin,"[24, 222]"
3312,1782eb1109e35b07e4ba898930c56b48f00affaa.bin,132,734,datacopy/UCSB/1782eb1109e35b07e4ba898930c56b48f00affaa.bin,"[24, 222]"
3313,ec82d31287cd8a65388e9b57eb35c1689995926b.bin,132,734,datacopy/UCSB/ec82d31287cd8a65388e9b57eb35c1689995926b.bin,"[24, 222]"
3314,cd692b9c77070c12333ad80968786bc49d7e64de.bin,132,734,datacopy/UCSB/cd692b9c77070c12333ad80968786bc49d7e64de.bin,"[24, 222]"
3315,b29bf3f37a77344d232d6497cec1d851c0a631dc.bin,132,734,datacopy/UCSB/b29bf3f37a77344d232d6497cec1d851c0a631dc.bin,"[24, 222]"
3316,8d2ff62723a15e7bc4de62bd7aaffc86a6991767.bin,132,734,datacopy/UCSB/8d2ff62723a15e7bc4de62bd7aaffc86a6991767.bin,"[24, 222]"
3317,416fefac290d8cec517b6d8d257382af657a1318.bin,132,734,datacopy/UCSB/416fefac290d8cec517b6d8d257382af657a1318.bin,"[24, 222]"
3318,417df53188175160800475348da394bbc9e398d5.bin,132,54,datacopy/UCSB/417df53188175160800475348da394bbc9e398d5.bin,"[24, 222]"
3319,20ea548086b018bfd07b2cedd091e69c98ad04b8.bin,132,54,datacopy/UCSB/20ea548086b018bfd07b2cedd091e69c98ad04b8.bin,"[24, 222]"
3320,32489c4e8b47784bea181999fc80b6da9c5b5c49.bin,132,734,datacopy/UCSB/32489c4e8b47784bea181999fc80b6da9c5b5c49.bin,"[24, 222]"
3321,70491442e467c97302f6f1f6b410b16139f0d0d0.bin,132,734,datacopy/UCSB/70491442e467c97302f6f1f6b410b16139f0d0d0.bin,"[24, 222]"
3322,34ee9b468168b8510daf7dc1004b1ee93809abc1.bin,132,734,datacopy/UCSB/34ee9b468168b8510daf7dc1004b1ee93809abc1.bin,"[24, 222]"
3323,cd0ff57248739fc9eb35230deecd07ed647816a6.bin,132,734,datacopy/UCSB/cd0ff57248739fc9eb35230deecd07ed647816a6.bin,"[24, 222]"
3324,74b0e9855b88866d298fea00c37a02a71f70a62b.bin,132,734,datacopy/UCSB/74b0e9855b88866d298fea00c37a02a71f70a62b.bin,"[24, 222]"
3325,4e841feaf564544fde47c35346ec28e6c2321416.bin,132,734,datacopy/UCSB/4e841feaf564544fde47c35346ec28e6c2321416.bin,"[24, 222]"
3326,cd655b3ab8d2f6429c18fc0667d19f73be17c47b.bin,132,734,datacopy/UCSB/cd655b3ab8d2f6429c18fc0667d19f73be17c47b.bin,"[24, 222]"
3327,34df82eb5cc4b443a76e3671b73fcd57baec94f6.bin,132,734,datacopy/UCSB/34df82eb5cc4b443a76e3671b73fcd57baec94f6.bin,"[24, 222]"
3328,940930f6ab54ee4b07ec569bd76e7c2a6f36cec3.bin,132,734,datacopy/UCSB/940930f6ab54ee4b07ec569bd76e7c2a6f36cec3.bin,"[24, 222]"
3329,ee9cf66351978399cfa45f09cde24871ab6413a4.bin,132,54,datacopy/UCSB/ee9cf66351978399cfa45f09cde24871ab6413a4.bin,"[24, 222]"
3330,01b8f4c20269adaa5e2052b5b43d0e11ab1afe5e.bin,132,734,datacopy/UCSB/01b8f4c20269adaa5e2052b5b43d0e11ab1afe5e.bin,"[24, 222]"
3331,ad9b7d9043c24340b9680847e26269987f048db8.bin,132,734,datacopy/UCSB/ad9b7d9043c24340b9680847e26269987f048db8.bin,"[24, 222]"
3332,a44790718e514cac34222a6ad9677f715ac1c818.bin,132,734,datacopy/UCSB/a44790718e514cac34222a6ad9677f715ac1c818.bin,"[24, 222]"
3333,3278a2545315a0cd4fbe7c2aa20b186ffc94eac1.bin,132,734,datacopy/UCSB/3278a2545315a0cd4fbe7c2aa20b186ffc94eac1.bin,"[24, 222]"
3334,8e3e42c6dd68cc56b2d8a224fa46906c8ca6a3f5.bin,132,734,datacopy/UCSB/8e3e42c6dd68cc56b2d8a224fa46906c8ca6a3f5.bin,"[24, 222]"
3335,ab095bbd00dbec4d8cdf39b26fd855cdcc3d7791.bin,132,734,datacopy/UCSB/ab095bbd00dbec4d8cdf39b26fd855cdcc3d7791.bin,"[24, 222]"
3336,b0eb1ca7c33754cd146a83e9e95b6834c66eda15.bin,132,734,datacopy/UCSB/b0eb1ca7c33754cd146a83e9e95b6834c66eda15.bin,"[24, 222]"
3337,25078f7b3051dc4fc7806859cc58b424f960edf3.bin,132,734,datacopy/UCSB/25078f7b3051dc4fc7806859cc58b424f960edf3.bin,"[24, 222]"
3338,297d5fcda6a23098b8d2173062a0aaa42a9ad6fe.bin,132,54,datacopy/UCSB/297d5fcda6a23098b8d2173062a0aaa42a9ad6fe.bin,"[24, 222]"
3339,c0f1235d43a64c75acb416307589985760d21ecd.bin,132,734,datacopy/UCSB/c0f1235d43a64c75acb416307589985760d21ecd.bin,"[24, 222]"
3340,21b6714ad68a7fd5be4d544d0a7b7885251272fc.bin,132,734,datacopy/UCSB/21b6714ad68a7fd5be4d544d0a7b7885251272fc.bin,"[24, 222]"
3341,f3a106b401b5c46f65ff9ec47fba0fb97c0c0c6a.bin,132,734,datacopy/UCSB/f3a106b401b5c46f65ff9ec47fba0fb97c0c0c6a.bin,"[24, 222]"
3342,9d43592ef820d5d7b3162e1d82959c559a101c4c.bin,132,734,datacopy/UCSB/9d43592ef820d5d7b3162e1d82959c559a101c4c.bin,"[24, 222]"
3343,bfcef2d99c7ce5f51da7b39deb5511794e6875a4.bin,132,734,datacopy/UCSB/bfcef2d99c7ce5f51da7b39deb5511794e6875a4.bin,"[24, 222]"
3344,b189a023cddd93a8d7f29c5708835fda8e414f81.bin,132,734,datacopy/UCSB/b189a023cddd93a8d7f29c5708835fda8e414f81.bin,"[24, 222]"
3345,c0bf735bbdf3985adb0ae91b7458ab6c7e734b5e.bin,132,734,datacopy/UCSB/c0bf735bbdf3985adb0ae91b7458ab6c7e734b5e.bin,"[24, 222]"
3346,bff9ad9c14e93544284d85c1843aaf676ee62bc2.bin,132,734,datacopy/UCSB/bff9ad9c14e93544284d85c1843aaf676ee62bc2.bin,"[24, 222]"
3347,03953400707bd068dd562d00ddaa4e14d31b5023.bin,132,734,datacopy/UCSB/03953400707bd068dd562d00ddaa4e14d31b5023.bin,"[24, 222]"
3348,d1b141d5a1d68b79edc80a2378448ff56a3e69e4.bin,132,734,datacopy/UCSB/d1b141d5a1d68b79edc80a2378448ff56a3e69e4.bin,"[24, 222]"
3349,b7611b25afd4d3d4ba21a19b66dad826fd320f9b.bin,132,734,datacopy/UCSB/b7611b25afd4d3d4ba21a19b66dad826fd320f9b.bin,"[24, 222]"
3350,335a9560792b314a074022a1346a8b86ff595e08.bin,132,734,datacopy/UCSB/335a9560792b314a074022a1346a8b86ff595e08.bin,"[24, 222]"
3351,5d1d2aedf478354d2c8450210b350cc981e9591d.bin,132,734,datacopy/UCSB/5d1d2aedf478354d2c8450210b350cc981e9591d.bin,"[24, 222]"
3352,33722624ba774a8ac0b9788f769534d3edaa70f7.bin,132,734,datacopy/UCSB/33722624ba774a8ac0b9788f769534d3edaa70f7.bin,"[24, 222]"
3353,8701c5621136a8a5c82e4ec70d9db7145d4ab6bc.bin,132,734,datacopy/UCSB/8701c5621136a8a5c82e4ec70d9db7145d4ab6bc.bin,"[24, 222]"
3354,ce457f1bfdba5f056a6d2fdc21c9c8cbee23e952.bin,132,734,datacopy/UCSB/ce457f1bfdba5f056a6d2fdc21c9c8cbee23e952.bin,"[24, 222]"
3355,49fded3e48dfab9fad56d6a54d7bcf6115e75296.bin,132,734,datacopy/UCSB/49fded3e48dfab9fad56d6a54d7bcf6115e75296.bin,"[24, 222]"
3356,e1b9be10060ae8bf9edfda0ef313eed72ec01f91.bin,132,734,datacopy/UCSB/e1b9be10060ae8bf9edfda0ef313eed72ec01f91.bin,"[24, 222]"
3357,d6f106056c8e004ad96977a3ce0f7e92bc2358fa.bin,132,734,datacopy/UCSB/d6f106056c8e004ad96977a3ce0f7e92bc2358fa.bin,"[24, 222]"
3358,d6ccef4fb93b402e7ea488aa9b81a8689226809b.bin,132,734,datacopy/UCSB/d6ccef4fb93b402e7ea488aa9b81a8689226809b.bin,"[24, 222]"
3359,929ec8f907ddf381479fc81e9d4f5da4ffca6c79.codex,132,734,datacopy/CodexGiga/929ec8f907ddf381479fc81e9d4f5da4ffca6c79.codex,"[24, 222]"
3360,77f08cf8ac230a4a12bb0fd41110939d2e37022e.codex,132,734,datacopy/CodexGiga/77f08cf8ac230a4a12bb0fd41110939d2e37022e.codex,"[24, 222]"
3361,da33226bd6f3bb61c7e2b37a731b70ab99367ae2.codex,132,734,datacopy/CodexGiga/da33226bd6f3bb61c7e2b37a731b70ab99367ae2.codex,"[24, 222]"
3362,7dcf0c208a5521ed0b68b8216e5f3238b48ba7be.codex,132,734,datacopy/CodexGiga/7dcf0c208a5521ed0b68b8216e5f3238b48ba7be.codex,"[24, 222]"
3363,f7a322cc17b28322b0d21bb6f5c43ab172401d0f.codex,132,734,datacopy/CodexGiga/f7a322cc17b28322b0d21bb6f5c43ab172401d0f.codex,"[24, 222]"
3364,b978f8121314aa8801dd5c03213a603124547d1f.codex,132,734,datacopy/CodexGiga/b978f8121314aa8801dd5c03213a603124547d1f.codex,"[24, 222]"
3365,bc1f4b637f422895caf626e5f4fa8c9757acca86.codex,132,734,datacopy/CodexGiga/bc1f4b637f422895caf626e5f4fa8c9757acca86.codex,"[24, 222]"
3366,2202b0f53e60ad356226541af56ad87f04d16ed6.codex,132,734,datacopy/CodexGiga/2202b0f53e60ad356226541af56ad87f04d16ed6.codex,"[24, 222]"
3367,c14565c7845a709e7c19b0176b656a19d21e2229.codex,132,734,datacopy/CodexGiga/c14565c7845a709e7c19b0176b656a19d21e2229.codex,"[24, 222]"
3368,41432b545cb825ff2ff3767ce61ab6ed30641acd.codex,132,734,datacopy/CodexGiga/41432b545cb825ff2ff3767ce61ab6ed30641acd.codex,"[24, 222]"
3369,01f6233610a40a6c3ecbc7bab3047c61f5b7b328.codex,132,734,datacopy/CodexGiga/01f6233610a40a6c3ecbc7bab3047c61f5b7b328.codex,"[24, 222]"
3370,e9ff8095d747309492c97a9c18e323a30fe358e6.codex,132,734,datacopy/CodexGiga/e9ff8095d747309492c97a9c18e323a30fe358e6.codex,"[24, 222]"
3371,318b7e2141b31faaa946610723b5fbed76f75114.codex,132,734,datacopy/CodexGiga/318b7e2141b31faaa946610723b5fbed76f75114.codex,"[24, 222]"
3372,0270bab0ec46b92c430542631304110b5d6bdbbc.codex,132,734,datacopy/CodexGiga/0270bab0ec46b92c430542631304110b5d6bdbbc.codex,"[24, 222]"
3373,5c8f735dd82262516adb6f393b56062b7f87b66b.codex,132,734,datacopy/CodexGiga/5c8f735dd82262516adb6f393b56062b7f87b66b.codex,"[24, 222]"
3374,59c5f8a16d78805b6e0b9cb543f0ff977fea014f.codex,132,734,datacopy/CodexGiga/59c5f8a16d78805b6e0b9cb543f0ff977fea014f.codex,"[24, 222]"
3375,2c738b7c6b4b0bb76a62b2af5d599a75bfad7f3d.codex,132,734,datacopy/CodexGiga/2c738b7c6b4b0bb76a62b2af5d599a75bfad7f3d.codex,"[24, 222]"
3376,1e3bb25b24dc69d5a88aceeecee0d8a9af39927e.codex,132,734,datacopy/CodexGiga/1e3bb25b24dc69d5a88aceeecee0d8a9af39927e.codex,"[24, 222]"
3377,53e61063698ebf1b97be390a2eeca6f20234aec5.codex,132,734,datacopy/CodexGiga/53e61063698ebf1b97be390a2eeca6f20234aec5.codex,"[24, 222]"
3378,3338c52d5b3ff37bf7af89c5d3132572aef79257.codex,132,734,datacopy/CodexGiga/3338c52d5b3ff37bf7af89c5d3132572aef79257.codex,"[24, 222]"
3379,2c5d73cbfdae42429819f7c396cc173477f29cd7.codex,132,734,datacopy/CodexGiga/2c5d73cbfdae42429819f7c396cc173477f29cd7.codex,"[24, 222]"
3380,7b35522bd55aaeafc744a5fa6511c559d5ac80cd.codex,132,734,datacopy/CodexGiga/7b35522bd55aaeafc744a5fa6511c559d5ac80cd.codex,"[24, 222]"
3381,17dc2bae830c49cf8ab2c24dedc38f78c7b8a430.codex,132,734,datacopy/CodexGiga/17dc2bae830c49cf8ab2c24dedc38f78c7b8a430.codex,"[24, 222]"
3382,6733c97d79bebb68465f9011b16f32fa97e8fd69.codex,132,734,datacopy/CodexGiga/6733c97d79bebb68465f9011b16f32fa97e8fd69.codex,"[24, 222]"
3383,255ebd7c7276d9b9e9e7cc3119afe66696a8a0ea.codex,132,734,datacopy/CodexGiga/255ebd7c7276d9b9e9e7cc3119afe66696a8a0ea.codex,"[24, 222]"
3384,d687cb101346c2f1f480dc4932fe8b6fe94c0e5c.codex,132,734,datacopy/CodexGiga/d687cb101346c2f1f480dc4932fe8b6fe94c0e5c.codex,"[24, 222]"
3385,07b911db2b0718e2b0afcf6b8b2fd47d28934b85.codex,132,734,datacopy/CodexGiga/07b911db2b0718e2b0afcf6b8b2fd47d28934b85.codex,"[24, 222]"
3386,3d564bb416742c3f02d2196af2acbe830ce3a2c3.codex,132,734,datacopy/CodexGiga/3d564bb416742c3f02d2196af2acbe830ce3a2c3.codex,"[24, 222]"
3387,ae9e3e8a4d21a61679e9d93720a21aaee55fc5d1.codex,132,734,datacopy/CodexGiga/ae9e3e8a4d21a61679e9d93720a21aaee55fc5d1.codex,"[24, 222]"
3388,400b5d4cd225e35b9199b0da33cb7e5b4c729e5c.codex,132,734,datacopy/CodexGiga/400b5d4cd225e35b9199b0da33cb7e5b4c729e5c.codex,"[24, 222]"
3389,2baffb0df06fea13ea97658e200fcecd1ee346eb.codex,132,734,datacopy/CodexGiga/2baffb0df06fea13ea97658e200fcecd1ee346eb.codex,"[24, 222]"
3390,e450ee93b4e41b25d3c3a341a21a58531de94616.codex,132,734,datacopy/CodexGiga/e450ee93b4e41b25d3c3a341a21a58531de94616.codex,"[24, 222]"
3391,af6b54fa78118310d028dac1874f190080d178da.codex,132,734,datacopy/CodexGiga/af6b54fa78118310d028dac1874f190080d178da.codex,"[24, 222]"
3392,b01dfedb4353beebe2c7099f12d54b330210e7ff.codex,132,734,datacopy/CodexGiga/b01dfedb4353beebe2c7099f12d54b330210e7ff.codex,"[24, 222]"
3393,0b491bc29d8cab94b7a0b7876faf3a81c482561d.codex,132,734,datacopy/CodexGiga/0b491bc29d8cab94b7a0b7876faf3a81c482561d.codex,"[24, 222]"
3394,f1184712df04d1859810b9ef0123485b8c563ac8.codex,132,734,datacopy/CodexGiga/f1184712df04d1859810b9ef0123485b8c563ac8.codex,"[24, 222]"
3395,f1a0ff10024d817339030c40e7762b501f4edda8.codex,132,734,datacopy/CodexGiga/f1a0ff10024d817339030c40e7762b501f4edda8.codex,"[24, 222]"
3396,92a984f289e24abae44c4237d09c9ff3a198783a.codex,132,734,datacopy/CodexGiga/92a984f289e24abae44c4237d09c9ff3a198783a.codex,"[24, 222]"
3397,01750d60025b3956e6fcecea5fa3743089c58e2b.codex,132,734,datacopy/CodexGiga/01750d60025b3956e6fcecea5fa3743089c58e2b.codex,"[24, 222]"
3398,7dd2c7bff7a1ed10824fdaa77236427ef4a4a26f.codex,132,734,datacopy/CodexGiga/7dd2c7bff7a1ed10824fdaa77236427ef4a4a26f.codex,"[24, 222]"
3399,24efba130f37ce6f5bdd9da13c12941422d9f3b0.codex,132,734,datacopy/CodexGiga/24efba130f37ce6f5bdd9da13c12941422d9f3b0.codex,"[24, 222]"
3400,da3cf059828c3b3304fe0713ae2460f22c966f40.codex,132,734,datacopy/CodexGiga/da3cf059828c3b3304fe0713ae2460f22c966f40.codex,"[24, 222]"
3401,68ec86bddb3114779b0162e84495cba7ec0a4568.codex,132,734,datacopy/CodexGiga/68ec86bddb3114779b0162e84495cba7ec0a4568.codex,"[24, 222]"
3402,0a18f1a8222ff25a755526548ef40e0ed278a495.codex,132,734,datacopy/CodexGiga/0a18f1a8222ff25a755526548ef40e0ed278a495.codex,"[24, 222]"
3403,1513023202ef672c565f14b98c48ea79bb57e881.codex,132,734,datacopy/CodexGiga/1513023202ef672c565f14b98c48ea79bb57e881.codex,"[24, 222]"
3404,b477b001cebecfb015593f13f1c310266b4e408b.codex,132,734,datacopy/CodexGiga/b477b001cebecfb015593f13f1c310266b4e408b.codex,"[24, 222]"
3405,0b86b3a098aa6325451225b5ea14ee9d62e0c638.codex,132,734,datacopy/CodexGiga/0b86b3a098aa6325451225b5ea14ee9d62e0c638.codex,"[24, 222]"
3406,93b73cab9d4581ee8954cb7b2adea7e5c1a9ac0d.codex,132,734,datacopy/CodexGiga/93b73cab9d4581ee8954cb7b2adea7e5c1a9ac0d.codex,"[24, 222]"
3407,0f8cda402017d87a94c6f87a7fa872dfc1aa1bea.codex,132,734,datacopy/CodexGiga/0f8cda402017d87a94c6f87a7fa872dfc1aa1bea.codex,"[24, 222]"
3408,0f9cc14064eb24ddef5fc68766c24664fab0ce1b.codex,132,734,datacopy/CodexGiga/0f9cc14064eb24ddef5fc68766c24664fab0ce1b.codex,"[24, 222]"
3409,b01caf62c20ef1f2dae0257dee8bae8c4b01bde0.codex,132,734,datacopy/CodexGiga/b01caf62c20ef1f2dae0257dee8bae8c4b01bde0.codex,"[24, 222]"
3410,43df703fc83be1b4546a53f4e377d32c60cb379d.codex,132,734,datacopy/CodexGiga/43df703fc83be1b4546a53f4e377d32c60cb379d.codex,"[24, 222]"
3411,42c647d83abe1e5438b8176b9e90db08282a8bbb.codex,132,734,datacopy/CodexGiga/42c647d83abe1e5438b8176b9e90db08282a8bbb.codex,"[24, 222]"
3412,5c0a8f5abe59267e890e7ddf475a10a5598cfce3.codex,132,734,datacopy/CodexGiga/5c0a8f5abe59267e890e7ddf475a10a5598cfce3.codex,"[24, 222]"
3413,97c8d511d32e2ab7ff7d78f90bedbf2f31c14bb1.codex,132,734,datacopy/CodexGiga/97c8d511d32e2ab7ff7d78f90bedbf2f31c14bb1.codex,"[24, 222]"
3414,8e23f62d8701f9e050c241680c15c3220bf78228.codex,132,734,datacopy/CodexGiga/8e23f62d8701f9e050c241680c15c3220bf78228.codex,"[24, 222]"
3415,3ba21e1db2977fcd91099e1de3129418aee8bad7.codex,132,734,datacopy/CodexGiga/3ba21e1db2977fcd91099e1de3129418aee8bad7.codex,"[24, 222]"
3416,84f81e1cc9f030133f3b686f1cf7cf3cea09a193.codex,132,734,datacopy/CodexGiga/84f81e1cc9f030133f3b686f1cf7cf3cea09a193.codex,"[24, 222]"
3417,36031722ac4914339508105bc92a7b3c947f72f5.codex,132,734,datacopy/CodexGiga/36031722ac4914339508105bc92a7b3c947f72f5.codex,"[24, 222]"
3418,089f0e786b460fbb2f16af086e70fc2241f2b585.codex,132,734,datacopy/CodexGiga/089f0e786b460fbb2f16af086e70fc2241f2b585.codex,"[24, 222]"
3419,096354e09aae70ffb278971d030a1733bb5f7ec3.codex,132,734,datacopy/CodexGiga/096354e09aae70ffb278971d030a1733bb5f7ec3.codex,"[24, 222]"
3420,0f049d44b87caf7b1715cd0175a04c13ba423c53.codex,132,734,datacopy/CodexGiga/0f049d44b87caf7b1715cd0175a04c13ba423c53.codex,"[24, 222]"
3421,ef75f0f5ee772090018c1e887ef79c280c5a00d2.codex,132,734,datacopy/CodexGiga/ef75f0f5ee772090018c1e887ef79c280c5a00d2.codex,"[24, 222]"
3422,7d639cea8bd8ff7fe3f1406f3590ea6ec1f6e810.codex,132,734,datacopy/CodexGiga/7d639cea8bd8ff7fe3f1406f3590ea6ec1f6e810.codex,"[24, 222]"
3423,9d65a6cd35f8aacdf0965a3c4c1e609fefd97157.codex,132,734,datacopy/CodexGiga/9d65a6cd35f8aacdf0965a3c4c1e609fefd97157.codex,"[24, 222]"
3424,1433f0b9e4a11af5a9c08479204c015867653f67.codex,132,734,datacopy/CodexGiga/1433f0b9e4a11af5a9c08479204c015867653f67.codex,"[24, 222]"
3425,9f43ac88662fa6c3603ddf5eba326a4d398b6773.codex,132,734,datacopy/CodexGiga/9f43ac88662fa6c3603ddf5eba326a4d398b6773.codex,"[24, 222]"
3426,13ff314b0f85e4a5c76c2d332842b7a541dd2606.codex,132,734,datacopy/CodexGiga/13ff314b0f85e4a5c76c2d332842b7a541dd2606.codex,"[24, 222]"
3427,f5cee3ad917b2d19e507387c912b577e2ba036db.codex,132,734,datacopy/CodexGiga/f5cee3ad917b2d19e507387c912b577e2ba036db.codex,"[24, 222]"
3428,f327e89a2a25415b1f2edd7b53443ae7ab9ba3a4.codex,132,734,datacopy/CodexGiga/f327e89a2a25415b1f2edd7b53443ae7ab9ba3a4.codex,"[24, 222]"
3429,50e7b4d4f3ab5fa9c77c0286213e7980ed52f6f6.codex,132,734,datacopy/CodexGiga/50e7b4d4f3ab5fa9c77c0286213e7980ed52f6f6.codex,"[24, 222]"
3430,8f0aec8daa26f40af01f22375e6245a06791c02d.codex,132,734,datacopy/CodexGiga/8f0aec8daa26f40af01f22375e6245a06791c02d.codex,"[24, 222]"
3431,8635acdc1d7693e092a4a4f7789cdbc5589e53d8.codex,132,734,datacopy/CodexGiga/8635acdc1d7693e092a4a4f7789cdbc5589e53d8.codex,"[24, 222]"
3432,38bc4e34e150e1436a72c3fd23dde61279363981.codex,132,734,datacopy/CodexGiga/38bc4e34e150e1436a72c3fd23dde61279363981.codex,"[24, 222]"
3433,800fac81c9c58d3d9c824dc95cabb7a8d61cf1a1.codex,132,734,datacopy/CodexGiga/800fac81c9c58d3d9c824dc95cabb7a8d61cf1a1.codex,"[24, 222]"
3434,abd40af6745f6cfa51210f88beafa6e0d4340b99.codex,132,734,datacopy/CodexGiga/abd40af6745f6cfa51210f88beafa6e0d4340b99.codex,"[24, 222]"
3435,e8138ecb18f7fcda837d5526e50580cc3247c07e.codex,132,734,datacopy/CodexGiga/e8138ecb18f7fcda837d5526e50580cc3247c07e.codex,"[24, 222]"
3436,2abab34395c5754383dea6cf00fa7ab4c410a6ef.codex,132,734,datacopy/CodexGiga/2abab34395c5754383dea6cf00fa7ab4c410a6ef.codex,"[24, 222]"
3437,9e119104c2597f0ab4542c512a1eb9fa2729852f.codex,132,734,datacopy/CodexGiga/9e119104c2597f0ab4542c512a1eb9fa2729852f.codex,"[24, 222]"
3438,b74c828dc6f726c42e92e660294f9c549a244b7e.codex,132,734,datacopy/CodexGiga/b74c828dc6f726c42e92e660294f9c549a244b7e.codex,"[24, 222]"
3439,c2b9b78952575e8b6d4a66e9f31b611f10adc5e6.codex,132,734,datacopy/CodexGiga/c2b9b78952575e8b6d4a66e9f31b611f10adc5e6.codex,"[24, 222]"
3440,dca21e88ad4e7ae8b0a7214cb53863ac2dfee60c.codex,132,734,datacopy/CodexGiga/dca21e88ad4e7ae8b0a7214cb53863ac2dfee60c.codex,"[24, 222]"
3441,bf0a067fc4e334956983354c887a99d25f203365.codex,132,734,datacopy/CodexGiga/bf0a067fc4e334956983354c887a99d25f203365.codex,"[24, 222]"
3442,1dff74e9845b6eb444f9cae907a582a0e1929125.codex,132,734,datacopy/CodexGiga/1dff74e9845b6eb444f9cae907a582a0e1929125.codex,"[24, 222]"
3443,5b28af3c34fd2eddd6e5a715142aa237d8cd0e20.codex,132,734,datacopy/CodexGiga/5b28af3c34fd2eddd6e5a715142aa237d8cd0e20.codex,"[24, 222]"
3444,38d25754e13a219d0d8b3d6d0eefed18ff81af99.codex,132,734,datacopy/CodexGiga/38d25754e13a219d0d8b3d6d0eefed18ff81af99.codex,"[24, 222]"
3445,b9e93e1a71d901e67764c48a6dc4818b8ec63a50.codex,132,734,datacopy/CodexGiga/b9e93e1a71d901e67764c48a6dc4818b8ec63a50.codex,"[24, 222]"
3446,32fd151a8ec09bad5cd1bb50d3ed4e2a0c2dbb5b.codex,132,734,datacopy/CodexGiga/32fd151a8ec09bad5cd1bb50d3ed4e2a0c2dbb5b.codex,"[24, 222]"
3447,d7974cbdae58b3fd72db335d53793713ec921c07.codex,132,734,datacopy/CodexGiga/d7974cbdae58b3fd72db335d53793713ec921c07.codex,"[24, 222]"
3448,de8d37c0a87c4fa536e9728cd2b0976c9bb7a328.codex,132,734,datacopy/CodexGiga/de8d37c0a87c4fa536e9728cd2b0976c9bb7a328.codex,"[24, 222]"
3449,320cf1c0efad979d0028f504f7274bbc7790fdde.codex,132,734,datacopy/CodexGiga/320cf1c0efad979d0028f504f7274bbc7790fdde.codex,"[24, 222]"
3450,46baf9e1a44ce3980b4dc46b86baf35f07f9863a.codex,132,734,datacopy/CodexGiga/46baf9e1a44ce3980b4dc46b86baf35f07f9863a.codex,"[24, 222]"
3451,ceb0574487e52ddf6a7963e7647f9ad74a42e339.codex,132,734,datacopy/CodexGiga/ceb0574487e52ddf6a7963e7647f9ad74a42e339.codex,"[24, 222]"
3452,a36c2d74acc93140fc028fbba56e47a7bc5aeff4.codex,132,734,datacopy/CodexGiga/a36c2d74acc93140fc028fbba56e47a7bc5aeff4.codex,"[24, 222]"
3453,9cebfa04cd2af4b4aa5d9c56ba271af2af6cc777.codex,132,734,datacopy/CodexGiga/9cebfa04cd2af4b4aa5d9c56ba271af2af6cc777.codex,"[24, 222]"
3454,646d54222f020f92fe2e0533c676bb104004686c.codex,132,734,datacopy/CodexGiga/646d54222f020f92fe2e0533c676bb104004686c.codex,"[24, 222]"
3455,03f005cc40cb121f39af052ba3019c469b69b1fe.codex,132,734,datacopy/CodexGiga/03f005cc40cb121f39af052ba3019c469b69b1fe.codex,"[24, 222]"
3456,19bc605787e8e9bb261800ba3f398d0811ce507f.codex,132,734,datacopy/CodexGiga/19bc605787e8e9bb261800ba3f398d0811ce507f.codex,"[24, 222]"
3457,4f7236e2160cd9a8e9d3b326874b32a3cdf4273a.codex,132,734,datacopy/CodexGiga/4f7236e2160cd9a8e9d3b326874b32a3cdf4273a.codex,"[24, 222]"
3458,2136967db3f4390fe75a0c6254a62ef08fec3f7d.codex,132,734,datacopy/CodexGiga/2136967db3f4390fe75a0c6254a62ef08fec3f7d.codex,"[24, 222]"
3459,6e75a5d9faabdd9aea6c285c814e03975526c8c0.codex,132,734,datacopy/CodexGiga/6e75a5d9faabdd9aea6c285c814e03975526c8c0.codex,"[24, 222]"
3460,5a9a720f91857c1fe784cd475608848d031ec810.codex,132,734,datacopy/CodexGiga/5a9a720f91857c1fe784cd475608848d031ec810.codex,"[24, 222]"
3461,745508b66496a73e59fa5f51132d349fa3055c26.codex,132,734,datacopy/CodexGiga/745508b66496a73e59fa5f51132d349fa3055c26.codex,"[24, 222]"
3462,ed04cba2871e1c0a83beb00a4acb265fba24d1c7.codex,132,734,datacopy/CodexGiga/ed04cba2871e1c0a83beb00a4acb265fba24d1c7.codex,"[24, 222]"
3463,6526f7e4321f3acca071dc9b2af6c51a8ab26d15.codex,132,734,datacopy/CodexGiga/6526f7e4321f3acca071dc9b2af6c51a8ab26d15.codex,"[24, 222]"
3464,58048d8322e3648d6a3ece2ec9038d438c687710.codex,132,734,datacopy/CodexGiga/58048d8322e3648d6a3ece2ec9038d438c687710.codex,"[24, 222]"
3465,e71caf1ac227478f4a95dc89170ca0f0dd755c72.codex,132,734,datacopy/CodexGiga/e71caf1ac227478f4a95dc89170ca0f0dd755c72.codex,"[24, 222]"
3466,73a9f2357ccde49b8f9b1377ac48144783a7f57f.codex,132,734,datacopy/CodexGiga/73a9f2357ccde49b8f9b1377ac48144783a7f57f.codex,"[24, 222]"
3467,4b28b1c9ff69a8f323d199aa3328de87fc730e74.codex,132,734,datacopy/CodexGiga/4b28b1c9ff69a8f323d199aa3328de87fc730e74.codex,"[24, 222]"
3468,ac69f1b76954d1068377e6f4b5ac59fa037ba019.codex,132,734,datacopy/CodexGiga/ac69f1b76954d1068377e6f4b5ac59fa037ba019.codex,"[24, 222]"
3469,8b18f58434111d96fd9139bdb05530b5f70239c1.codex,132,734,datacopy/CodexGiga/8b18f58434111d96fd9139bdb05530b5f70239c1.codex,"[24, 222]"
3470,30b8700e5ec31630967fbcc8a3b8fb3fa8b1df7f.codex,132,734,datacopy/CodexGiga/30b8700e5ec31630967fbcc8a3b8fb3fa8b1df7f.codex,"[24, 222]"
3471,ffc74ab94c5e7a0b67c59f3e053928a4e21bcef7.codex,132,734,datacopy/CodexGiga/ffc74ab94c5e7a0b67c59f3e053928a4e21bcef7.codex,"[24, 222]"
3472,478f296f219a7fbae29d1bd6d914521e30902f90.codex,132,734,datacopy/CodexGiga/478f296f219a7fbae29d1bd6d914521e30902f90.codex,"[24, 222]"
3473,8a32cdd3834e0629eeb47ca2b5f019497cfcb66b.codex,132,734,datacopy/CodexGiga/8a32cdd3834e0629eeb47ca2b5f019497cfcb66b.codex,"[24, 222]"
3474,18ff92ea12c8b1967e248791241b4e3d41b2ce6c.codex,132,734,datacopy/CodexGiga/18ff92ea12c8b1967e248791241b4e3d41b2ce6c.codex,"[24, 222]"
3475,fd37b9682d15c89f79a73c35eeda2cd381aad446.codex,132,734,datacopy/CodexGiga/fd37b9682d15c89f79a73c35eeda2cd381aad446.codex,"[24, 222]"
3476,340327e187f97485e16b2242a01fe3fdabd3fedb.codex,132,734,datacopy/CodexGiga/340327e187f97485e16b2242a01fe3fdabd3fedb.codex,"[24, 222]"
3477,39d88a9326a64b8e4393ed3015a38c4f09cf2850.codex,132,734,datacopy/CodexGiga/39d88a9326a64b8e4393ed3015a38c4f09cf2850.codex,"[24, 222]"
3478,0f7ccd39a0c4c5846da1dc5330c918316c917da8.codex,132,734,datacopy/CodexGiga/0f7ccd39a0c4c5846da1dc5330c918316c917da8.codex,"[24, 222]"
3479,1ebaa56967e72aba01f1d96ee28b218f776abbb9.codex,132,734,datacopy/CodexGiga/1ebaa56967e72aba01f1d96ee28b218f776abbb9.codex,"[24, 222]"
3480,36f79f828ce802cc2ed8dd37cae5247362fb11ea.codex,132,734,datacopy/CodexGiga/36f79f828ce802cc2ed8dd37cae5247362fb11ea.codex,"[24, 222]"
3481,bf3cb57d73c580f710388c9d574de074bbca5d7a.codex,132,734,datacopy/CodexGiga/bf3cb57d73c580f710388c9d574de074bbca5d7a.codex,"[24, 222]"
3482,0826d635a8e5cba27009a7c27735efd1337bbaf8.codex,132,734,datacopy/CodexGiga/0826d635a8e5cba27009a7c27735efd1337bbaf8.codex,"[24, 222]"
3483,1be3725af4eb10309d8c93cb8e6503435ac82e34.codex,132,734,datacopy/CodexGiga/1be3725af4eb10309d8c93cb8e6503435ac82e34.codex,"[24, 222]"
3484,1f523f98e28063463ff402ac39bcea28da8661b5.codex,132,734,datacopy/CodexGiga/1f523f98e28063463ff402ac39bcea28da8661b5.codex,"[24, 222]"
3485,14c7a1661620f46c2943fa1ad522631638569b37.codex,132,734,datacopy/CodexGiga/14c7a1661620f46c2943fa1ad522631638569b37.codex,"[24, 222]"
3486,6ab179329707b60a305c5f348d9762349e87927b.codex,132,734,datacopy/CodexGiga/6ab179329707b60a305c5f348d9762349e87927b.codex,"[24, 222]"
3487,2356f82fcc1b7fd0505711b0a320c57b14f2cc0d.codex,132,734,datacopy/CodexGiga/2356f82fcc1b7fd0505711b0a320c57b14f2cc0d.codex,"[24, 222]"
3488,85fc68bbb79854bcd59fff566328a9856897d0d9.codex,132,734,datacopy/CodexGiga/85fc68bbb79854bcd59fff566328a9856897d0d9.codex,"[24, 222]"
3489,4a893e20379d454c94b637caf15a9eb8a20491fa.codex,132,734,datacopy/CodexGiga/4a893e20379d454c94b637caf15a9eb8a20491fa.codex,"[24, 222]"
3490,073644294ef317aed16b435abb132afc09a3935d.codex,132,734,datacopy/CodexGiga/073644294ef317aed16b435abb132afc09a3935d.codex,"[24, 222]"
3491,6ae8f1653ca4d5643d81ef5e64a333f47603da20.codex,132,734,datacopy/CodexGiga/6ae8f1653ca4d5643d81ef5e64a333f47603da20.codex,"[24, 222]"
3492,dba5e9748d25603b6c1f2de8cef12c9ea03c302c.codex,132,734,datacopy/CodexGiga/dba5e9748d25603b6c1f2de8cef12c9ea03c302c.codex,"[24, 222]"
3493,6c5bab7edf1630d8b8b36d631ea3d18e3aad946c.codex,132,734,datacopy/CodexGiga/6c5bab7edf1630d8b8b36d631ea3d18e3aad946c.codex,"[24, 222]"
3494,93229172020b93a506549d505148b5c9e80d643b.codex,132,734,datacopy/CodexGiga/93229172020b93a506549d505148b5c9e80d643b.codex,"[24, 222]"
3495,98ebfabfae701dc7e6e7400356a5bb5a5c373ec8.codex,132,734,datacopy/CodexGiga/98ebfabfae701dc7e6e7400356a5bb5a5c373ec8.codex,"[24, 222]"
3496,9d19f2899082eab01dfca20ce07026189abae04f.codex,132,734,datacopy/CodexGiga/9d19f2899082eab01dfca20ce07026189abae04f.codex,"[24, 222]"
3497,d28b488ba651777790f824385aaf0d9acf02c9c2.codex,132,734,datacopy/CodexGiga/d28b488ba651777790f824385aaf0d9acf02c9c2.codex,"[24, 222]"
3498,7727b339e73930ab8ffa90e19f6cf7a9d8981e41.codex,132,734,datacopy/CodexGiga/7727b339e73930ab8ffa90e19f6cf7a9d8981e41.codex,"[24, 222]"
3499,8a89a1cc1d9f7a1891e9523b80c21ac530554e66.codex,132,734,datacopy/CodexGiga/8a89a1cc1d9f7a1891e9523b80c21ac530554e66.codex,"[24, 222]"
3500,e59c07a228349bcdd3c904ae8883a6300df650847e1ac90fa3657e134cd0f688,132,734,datacopy/Stefano/e59c07a228349bcdd3c904ae8883a6300df650847e1ac90fa3657e134cd0f688,"[24, 222]"
3501,afabc6e1a3ef7a10ce13374d01aeac5edba6542808af76bc2901e7c5e5c4e765,132,734,datacopy/Stefano/afabc6e1a3ef7a10ce13374d01aeac5edba6542808af76bc2901e7c5e5c4e765,"[24, 222]"
3502,c4a1705f209ce998c3a39510b5a81e0ced1b667e123d07b3d7ab577fc2870962,132,734,datacopy/Stefano/c4a1705f209ce998c3a39510b5a81e0ced1b667e123d07b3d7ab577fc2870962,"[24, 222]"
3503,1f67fda5460c066e4e430d763d943540efe4c8e5777cf393dac0fb4f7efc9bbd,132,734,datacopy/Stefano/1f67fda5460c066e4e430d763d943540efe4c8e5777cf393dac0fb4f7efc9bbd,"[24, 222]"
3504,a6f6b67d508cd329dcb86ed5fa3a35ad2730b89a.bin,133,734,datacopy/UCSB/a6f6b67d508cd329dcb86ed5fa3a35ad2730b89a.bin,[24]
3505,84606e58159d913eb58a336bda62c44d82469cf1.bin,133,734,datacopy/UCSB/84606e58159d913eb58a336bda62c44d82469cf1.bin,[24]
3506,caeed33caa06392f7a65b6386a9e5752462c543d.bin,133,734,datacopy/UCSB/caeed33caa06392f7a65b6386a9e5752462c543d.bin,[24]
3507,8879ed5492a4e3e24a3f99161efda9570e2f4203.bin,133,734,datacopy/UCSB/8879ed5492a4e3e24a3f99161efda9570e2f4203.bin,[24]
3508,c7d1b5b3a993434536649e468e88b9f17f31dc3c.bin,133,734,datacopy/UCSB/c7d1b5b3a993434536649e468e88b9f17f31dc3c.bin,[24]
3509,4708f066f6481244b9367f3145c1fb60d1395099.bin,133,734,datacopy/UCSB/4708f066f6481244b9367f3145c1fb60d1395099.bin,[24]
3510,2af51c69f121b5813540cae5495c2a48777396aa.bin,133,734,datacopy/UCSB/2af51c69f121b5813540cae5495c2a48777396aa.bin,[24]
3511,389f5185166a9bb4438d97df8f906fb262d860d7.bin,133,734,datacopy/UCSB/389f5185166a9bb4438d97df8f906fb262d860d7.bin,[24]
3512,6b35951ae6364a5857ee806f0aad4694ae515aa7.bin,133,734,datacopy/UCSB/6b35951ae6364a5857ee806f0aad4694ae515aa7.bin,[24]
3513,55767cd4d2003b346cf84488f1c79b670998e8b8.bin,133,734,datacopy/UCSB/55767cd4d2003b346cf84488f1c79b670998e8b8.bin,[24]
3514,453fc1df10d13e399660652f0c07fd687c7331f0.bin,133,734,datacopy/UCSB/453fc1df10d13e399660652f0c07fd687c7331f0.bin,[24]
3515,5c67cf4bfdc3cab61677d60961213198ff8abafc.bin,133,734,datacopy/UCSB/5c67cf4bfdc3cab61677d60961213198ff8abafc.bin,[24]
3516,006e5394b9d7432ef60f60b6a6d6b48f9629b9e2.bin,133,734,datacopy/UCSB/006e5394b9d7432ef60f60b6a6d6b48f9629b9e2.bin,[24]
3517,ae9c0da3e32423ee9f35f6635f3d7c53580af489.bin,133,734,datacopy/UCSB/ae9c0da3e32423ee9f35f6635f3d7c53580af489.bin,[24]
3518,0ff17ddff2d59a3042f066167d07fac4ca872127.bin,133,734,datacopy/UCSB/0ff17ddff2d59a3042f066167d07fac4ca872127.bin,[24]
3519,27f6d0895ceb07bbf7c29393301d165aebbb4897.bin,133,734,datacopy/UCSB/27f6d0895ceb07bbf7c29393301d165aebbb4897.bin,[24]
3520,9d007b204257a0b81cd8c359c3c2d47a9a77210c.bin,133,734,datacopy/UCSB/9d007b204257a0b81cd8c359c3c2d47a9a77210c.bin,[24]
3521,caf13df3e1d8f5791a77a94c682f578b1653ce27.bin,133,734,datacopy/UCSB/caf13df3e1d8f5791a77a94c682f578b1653ce27.bin,[24]
3522,0fb125012fa568c8701b2a1ca74c2e48cfbe31f0.bin,133,734,datacopy/UCSB/0fb125012fa568c8701b2a1ca74c2e48cfbe31f0.bin,[24]
3523,bd88f541205eab92a50903d4ada3dd33e59279e2.bin,133,734,datacopy/UCSB/bd88f541205eab92a50903d4ada3dd33e59279e2.bin,[24]
3524,7c5cbb8e0f417ee95530d200ba81314405974406.bin,133,734,datacopy/UCSB/7c5cbb8e0f417ee95530d200ba81314405974406.bin,[24]
3525,e3a5ca7093eaa87aab1d8afe21fc1528e2678b6b.bin,133,734,datacopy/UCSB/e3a5ca7093eaa87aab1d8afe21fc1528e2678b6b.bin,[24]
3526,079897e91f8743081aaba8ca28d2ef8eed7a4ad0.bin,133,734,datacopy/UCSB/079897e91f8743081aaba8ca28d2ef8eed7a4ad0.bin,[24]
3527,4f45235f7d0cf8858c112a51651e510726abc29a.bin,133,734,datacopy/UCSB/4f45235f7d0cf8858c112a51651e510726abc29a.bin,[24]
3528,39e31601d8c8995b3a2e1959e30d25666a46d7e8.bin,133,734,datacopy/UCSB/39e31601d8c8995b3a2e1959e30d25666a46d7e8.bin,[24]
3529,459d57ef98b7b0c18739957058fe2efb3fc967dc.bin,133,734,datacopy/UCSB/459d57ef98b7b0c18739957058fe2efb3fc967dc.bin,[24]
3530,00810a2937fae71b8593310e5581d53044eb28c3.bin,133,734,datacopy/UCSB/00810a2937fae71b8593310e5581d53044eb28c3.bin,[24]
3531,f99b94f1727b26a45eb8dbfffcd3a44e2e9ad5a3.bin,133,734,datacopy/UCSB/f99b94f1727b26a45eb8dbfffcd3a44e2e9ad5a3.bin,[24]
3532,789ae9f0c7bc0111c9bc6f59ff6aae2017a7f4d2.bin,133,734,datacopy/UCSB/789ae9f0c7bc0111c9bc6f59ff6aae2017a7f4d2.bin,[24]
3533,c2b2188a01d93d87271ccb6c731e39826ebff707.bin,133,734,datacopy/UCSB/c2b2188a01d93d87271ccb6c731e39826ebff707.bin,[24]
3534,e28fcd782c20fd84ff3b883cdfe43fb29171234b.bin,133,734,datacopy/UCSB/e28fcd782c20fd84ff3b883cdfe43fb29171234b.bin,[24]
3535,dd6d35a01bc143d9b348c5662478586e61ec532d.bin,133,734,datacopy/UCSB/dd6d35a01bc143d9b348c5662478586e61ec532d.bin,[24]
3536,af2a7ca002f81dfa00ae27bd601296b00d99bd9f.bin,133,734,datacopy/UCSB/af2a7ca002f81dfa00ae27bd601296b00d99bd9f.bin,[24]
3537,601060e1fa8c8693551ac9f70ec04b6022402074.bin,133,734,datacopy/UCSB/601060e1fa8c8693551ac9f70ec04b6022402074.bin,[24]
3538,00dc986d9dffb12fbc37d0b2e5b371c0fd6a4239.bin,133,734,datacopy/UCSB/00dc986d9dffb12fbc37d0b2e5b371c0fd6a4239.bin,[24]
3539,440f617d1e6915804da873f194525138b2448d82.bin,133,734,datacopy/UCSB/440f617d1e6915804da873f194525138b2448d82.bin,[24]
3540,c8d2dd0027fc0a9ff00134ef054c4f82ed926306.bin,133,734,datacopy/UCSB/c8d2dd0027fc0a9ff00134ef054c4f82ed926306.bin,[24]
3541,3a49e392b3c1e79712907cb780063bcede95a7a3.bin,133,734,datacopy/UCSB/3a49e392b3c1e79712907cb780063bcede95a7a3.bin,[24]
3542,ffdf7dcb81c436c4e3c953c4f84e091f8151ac34.bin,133,734,datacopy/UCSB/ffdf7dcb81c436c4e3c953c4f84e091f8151ac34.bin,[24]
3543,03a42812e19ec9e21cb09806f8693d5286e4555e.bin,133,734,datacopy/UCSB/03a42812e19ec9e21cb09806f8693d5286e4555e.bin,[24]
3544,a0bee1e2d59fb8ba62b9c4b5504b34e40ae26e6b.bin,133,734,datacopy/UCSB/a0bee1e2d59fb8ba62b9c4b5504b34e40ae26e6b.bin,[24]
3545,6a6fbdce0cf80e7eb5f66e392eb02311e8e7f8f5.bin,133,734,datacopy/UCSB/6a6fbdce0cf80e7eb5f66e392eb02311e8e7f8f5.bin,[24]
3546,0d101d32fb58d38dca38b1f089a643b9a560cf7f.bin,133,734,datacopy/UCSB/0d101d32fb58d38dca38b1f089a643b9a560cf7f.bin,[24]
3547,81249799f0bf65ceafc9b783b2427e86300ef602.bin,133,734,datacopy/UCSB/81249799f0bf65ceafc9b783b2427e86300ef602.bin,[24]
3548,ec234c6a74e879b634bb7af978c5f06acb2080b8.bin,133,734,datacopy/UCSB/ec234c6a74e879b634bb7af978c5f06acb2080b8.bin,[24]
3549,5171f2d96369c076fec66145f9be32ccde4f8b75.bin,133,734,datacopy/UCSB/5171f2d96369c076fec66145f9be32ccde4f8b75.bin,[24]
3550,e25378bd1f5a864ed12e80bd4d7481d8c6eae04d.bin,133,734,datacopy/UCSB/e25378bd1f5a864ed12e80bd4d7481d8c6eae04d.bin,[24]
3551,d9132e650b6381924dfaef26d577be657798739d.bin,133,734,datacopy/UCSB/d9132e650b6381924dfaef26d577be657798739d.bin,[24]
3552,45608d170b1e5dd9d65dffc3abfbc16bbcd1e11b.bin,133,734,datacopy/UCSB/45608d170b1e5dd9d65dffc3abfbc16bbcd1e11b.bin,[24]
3553,4765f6c1ec7adf13bb9b3e1d20fb4550a7ef70f4.bin,133,734,datacopy/UCSB/4765f6c1ec7adf13bb9b3e1d20fb4550a7ef70f4.bin,[24]
3554,7b9277f4f0a4cbe13bb74f08dd0b0d7f83a5c661.bin,133,734,datacopy/UCSB/7b9277f4f0a4cbe13bb74f08dd0b0d7f83a5c661.bin,[24]
3555,6f2faf1e5f913f192f9fc7a5bb07af4284c0fb5f.bin,133,734,datacopy/UCSB/6f2faf1e5f913f192f9fc7a5bb07af4284c0fb5f.bin,[24]
3556,2403b5127dc2087773479cc43ceb265a27f87f0d.bin,133,734,datacopy/UCSB/2403b5127dc2087773479cc43ceb265a27f87f0d.bin,[24]
3557,0f51ef8746162b6a29dec32a918dc91ffca07181.bin,133,734,datacopy/UCSB/0f51ef8746162b6a29dec32a918dc91ffca07181.bin,[24]
3558,30687cd2a5a9a7e420a21b2742bb70285df1b9df.bin,133,734,datacopy/UCSB/30687cd2a5a9a7e420a21b2742bb70285df1b9df.bin,[24]
3559,b1ca4ea60bebc3699eb2e96a76ab0d55349a3627.bin,133,734,datacopy/UCSB/b1ca4ea60bebc3699eb2e96a76ab0d55349a3627.bin,[24]
3560,b37f7703ee87fb2be849f274a8f8480d4b21e391.bin,133,734,datacopy/UCSB/b37f7703ee87fb2be849f274a8f8480d4b21e391.bin,[24]
3561,2abaa90fd217ba45b5fbe59ed77cd4aa63e37a65.bin,133,734,datacopy/UCSB/2abaa90fd217ba45b5fbe59ed77cd4aa63e37a65.bin,[24]
3562,cd51d503863e073b3d1b14b0cc8566994e9b412c.bin,133,734,datacopy/UCSB/cd51d503863e073b3d1b14b0cc8566994e9b412c.bin,[24]
3563,2dd58c36933ca510caf01dd9d5be9190c70ccb4c.bin,133,734,datacopy/UCSB/2dd58c36933ca510caf01dd9d5be9190c70ccb4c.bin,[24]
3564,650e70fcd0be03ad4ba22ed2a0bbbb2a2b8b8e5a.bin,133,734,datacopy/UCSB/650e70fcd0be03ad4ba22ed2a0bbbb2a2b8b8e5a.bin,[24]
3565,a0c8d820e5114d5e32a625fd2c08f2a0eed41064.bin,133,734,datacopy/UCSB/a0c8d820e5114d5e32a625fd2c08f2a0eed41064.bin,[24]
3566,43d80e7f24a6593bd47ad410f6f5dbacc1670860.bin,133,734,datacopy/UCSB/43d80e7f24a6593bd47ad410f6f5dbacc1670860.bin,[24]
3567,25a29396aefcd30bd4409f742684ecb93ef8cd85.bin,133,734,datacopy/UCSB/25a29396aefcd30bd4409f742684ecb93ef8cd85.bin,[24]
3568,f05a3b3fd94aa8792784a25c5d29fe7faaa309ea.bin,133,734,datacopy/UCSB/f05a3b3fd94aa8792784a25c5d29fe7faaa309ea.bin,[24]
3569,464b81b77cd21e0625c41e9c34f9e547982c77da.bin,133,734,datacopy/UCSB/464b81b77cd21e0625c41e9c34f9e547982c77da.bin,[24]
3570,2bce7d2365b4d8f784c55033a37c9019b61b0cb7.bin,133,734,datacopy/UCSB/2bce7d2365b4d8f784c55033a37c9019b61b0cb7.bin,[24]
3571,fdcbace84ad2eb298bd382428de746f522fed9f1.bin,133,734,datacopy/UCSB/fdcbace84ad2eb298bd382428de746f522fed9f1.bin,[24]
3572,8cf0d7ca01b06a8d63f0d3ef550d5129c05903c2.bin,133,734,datacopy/UCSB/8cf0d7ca01b06a8d63f0d3ef550d5129c05903c2.bin,[24]
3573,16e5cb9cea0c0b2e77f5d56ef4ccd3472e41ff61.bin,133,734,datacopy/UCSB/16e5cb9cea0c0b2e77f5d56ef4ccd3472e41ff61.bin,[24]
3574,7b3dffa05f2c610baa395c1a0a1d138c2820495b.bin,133,734,datacopy/UCSB/7b3dffa05f2c610baa395c1a0a1d138c2820495b.bin,[24]
3575,10f9d4b1d1b216e39089f84fc926ce4f64e8990b.bin,133,734,datacopy/UCSB/10f9d4b1d1b216e39089f84fc926ce4f64e8990b.bin,[24]
3576,04ef87647585e9a792ad04ff2a2db0fadc6599e3.bin,133,734,datacopy/UCSB/04ef87647585e9a792ad04ff2a2db0fadc6599e3.bin,[24]
3577,97b13db0ce2d02c1a96072967745dff8c3db7ed3.bin,133,734,datacopy/UCSB/97b13db0ce2d02c1a96072967745dff8c3db7ed3.bin,[24]
3578,ad74192bf21b26426127e5bb10472713b6a0a1bd.bin,133,734,datacopy/UCSB/ad74192bf21b26426127e5bb10472713b6a0a1bd.bin,[24]
3579,5c4117b003879e57bef872d46d35fac7ef6e09a0.bin,133,734,datacopy/UCSB/5c4117b003879e57bef872d46d35fac7ef6e09a0.bin,[24]
3580,86ad3055e9aa723c782150c96f31fecf06b7b894.bin,133,734,datacopy/UCSB/86ad3055e9aa723c782150c96f31fecf06b7b894.bin,[24]
3581,b1f74b51a65961e6c87c3f591fa917577e404b75.bin,133,734,datacopy/UCSB/b1f74b51a65961e6c87c3f591fa917577e404b75.bin,[24]
3582,8366fc5ad33304ec85aed8a46c05ac0d07445a5a.bin,133,734,datacopy/UCSB/8366fc5ad33304ec85aed8a46c05ac0d07445a5a.bin,[24]
3583,0da7614c630c45370df6fd5288b96f9e0362340b.bin,133,734,datacopy/UCSB/0da7614c630c45370df6fd5288b96f9e0362340b.bin,[24]
3584,465add44afe58c8aff60aaf96a159c9c537c52d5.bin,133,734,datacopy/UCSB/465add44afe58c8aff60aaf96a159c9c537c52d5.bin,[24]
3585,d4d73d8d52cd619a1335a2920b08304cb2b96963.bin,133,734,datacopy/UCSB/d4d73d8d52cd619a1335a2920b08304cb2b96963.bin,[24]
3586,103d201cd769e7ba7e2b724f2665755a0502c054.bin,133,734,datacopy/UCSB/103d201cd769e7ba7e2b724f2665755a0502c054.bin,[24]
3587,b34cfab8800357377a7c4731300229d51de1a078.bin,133,734,datacopy/UCSB/b34cfab8800357377a7c4731300229d51de1a078.bin,[24]
3588,6d048ba5e7a3056393210f748865b9b4d8f4e0b4.bin,133,734,datacopy/UCSB/6d048ba5e7a3056393210f748865b9b4d8f4e0b4.bin,[24]
3589,51ef40b7b72ccfec5f552fa6ae54b5070b2415a0.bin,133,734,datacopy/UCSB/51ef40b7b72ccfec5f552fa6ae54b5070b2415a0.bin,[24]
3590,0f1fdb5b51858f602312b4ecc30623b2a16db8dd.bin,133,734,datacopy/UCSB/0f1fdb5b51858f602312b4ecc30623b2a16db8dd.bin,[24]
3591,ff0700614e8945c1ec7e4f58e27fe543f1609f77.bin,133,734,datacopy/UCSB/ff0700614e8945c1ec7e4f58e27fe543f1609f77.bin,[24]
3592,1d259c849d4f0b68aebb6ff82cc58bae6a979113.bin,133,734,datacopy/UCSB/1d259c849d4f0b68aebb6ff82cc58bae6a979113.bin,[24]
3593,03b6c1eeacdb31f1cb919c2e7e7f9cea1fdcf4e8.bin,133,734,datacopy/UCSB/03b6c1eeacdb31f1cb919c2e7e7f9cea1fdcf4e8.bin,[24]
3594,38ee6b6037b00510d21321e8fd439818935888f0.bin,133,734,datacopy/UCSB/38ee6b6037b00510d21321e8fd439818935888f0.bin,[24]
3595,984b2cad08f860b921547d2489abac47c0c5b8c4.bin,133,734,datacopy/UCSB/984b2cad08f860b921547d2489abac47c0c5b8c4.bin,[24]
3596,438aa4576c2758555555364cb9c1164cb97e18d7.bin,133,734,datacopy/UCSB/438aa4576c2758555555364cb9c1164cb97e18d7.bin,[24]
3597,0b7b0a18ec16e5d5377cb2e97fbf9203ce7689ee.bin,133,734,datacopy/UCSB/0b7b0a18ec16e5d5377cb2e97fbf9203ce7689ee.bin,[24]
3598,f160b8d207a1a22fb75e8042fea5be7f80797801.bin,133,734,datacopy/UCSB/f160b8d207a1a22fb75e8042fea5be7f80797801.bin,[24]
3599,2b898ebb8bb30bc5c12d737a1158149ce50085d9.bin,133,734,datacopy/UCSB/2b898ebb8bb30bc5c12d737a1158149ce50085d9.bin,[24]
3600,92ab8de8aa4b8755b09a239b4a4f53015c0cbc36.bin,133,734,datacopy/UCSB/92ab8de8aa4b8755b09a239b4a4f53015c0cbc36.bin,[24]
3601,0e6f6493fd0c9b35b65bf5c7bfe6f5fc2727772c.bin,133,734,datacopy/UCSB/0e6f6493fd0c9b35b65bf5c7bfe6f5fc2727772c.bin,[24]
3602,7b554289588a038763b10b7d66fc4a26b7489dbf.bin,133,734,datacopy/UCSB/7b554289588a038763b10b7d66fc4a26b7489dbf.bin,[24]
3603,55c6d00059250bae67d74f7c1dc79b207d8d8c93.bin,133,734,datacopy/UCSB/55c6d00059250bae67d74f7c1dc79b207d8d8c93.bin,[24]
3604,f1162f14347c6409255e562e7e3c89ccf8386a17.bin,133,734,datacopy/UCSB/f1162f14347c6409255e562e7e3c89ccf8386a17.bin,[24]
3605,6d1d60072dea9a2e6d71b4f6c6042547e82038e6.bin,133,734,datacopy/UCSB/6d1d60072dea9a2e6d71b4f6c6042547e82038e6.bin,[24]
3606,2f6acbb1bdaecc04790f811a91f6454378fe8795.bin,133,734,datacopy/UCSB/2f6acbb1bdaecc04790f811a91f6454378fe8795.bin,[24]
3607,d69b658eb93be47ef6bf774f66dcb7bd3f351e56.bin,133,734,datacopy/UCSB/d69b658eb93be47ef6bf774f66dcb7bd3f351e56.bin,[24]
3608,422527d20c037dab9f38d97d2f3ae8a9dd7b4f0e.bin,133,734,datacopy/UCSB/422527d20c037dab9f38d97d2f3ae8a9dd7b4f0e.bin,[24]
3609,41cd44008f2d942c2da6254c0ee4c314131574d1.bin,133,734,datacopy/UCSB/41cd44008f2d942c2da6254c0ee4c314131574d1.bin,[24]
3610,c14eb76efd5225158cc979b0ae91a5c0321f40b8.bin,133,734,datacopy/UCSB/c14eb76efd5225158cc979b0ae91a5c0321f40b8.bin,[24]
3611,c3e36c5a96cf66ccc4cd258560bfff996606ed1b.bin,133,734,datacopy/UCSB/c3e36c5a96cf66ccc4cd258560bfff996606ed1b.bin,[24]
3612,bce18a76aaa32a790f9074798da47ac7d50d51b8.bin,133,734,datacopy/UCSB/bce18a76aaa32a790f9074798da47ac7d50d51b8.bin,[24]
3613,970bc975987302b30cc29a0710e682ceb0698714.bin,133,734,datacopy/UCSB/970bc975987302b30cc29a0710e682ceb0698714.bin,[24]
3614,9dc5f24af8fe88240cbd4ff48beb3771fdb38f4e.bin,133,734,datacopy/UCSB/9dc5f24af8fe88240cbd4ff48beb3771fdb38f4e.bin,[24]
3615,9aa6948dc37ec4572084b75ea6380234435eef5d.bin,133,734,datacopy/UCSB/9aa6948dc37ec4572084b75ea6380234435eef5d.bin,[24]
3616,c9e521abe1abbed31976c34fba58c6bc557fc251.bin,133,734,datacopy/UCSB/c9e521abe1abbed31976c34fba58c6bc557fc251.bin,[24]
3617,23de380535fa95b5bad7d2d6148f757c3a99936e.bin,133,734,datacopy/UCSB/23de380535fa95b5bad7d2d6148f757c3a99936e.bin,[24]
3618,f4c8b320ba015594d2dd8b266d35ea51e23ff9a8.bin,133,734,datacopy/UCSB/f4c8b320ba015594d2dd8b266d35ea51e23ff9a8.bin,[24]
3619,edcb3a9275a0bbfb8735e15a1e8c14e8cb758770.bin,133,734,datacopy/UCSB/edcb3a9275a0bbfb8735e15a1e8c14e8cb758770.bin,[24]
3620,461d84b88fd65daa1f9131ce47bacac8c2731077.bin,133,734,datacopy/UCSB/461d84b88fd65daa1f9131ce47bacac8c2731077.bin,[24]
3621,23db3ef613517bb7fb6af50857b614e677b68008.bin,133,734,datacopy/UCSB/23db3ef613517bb7fb6af50857b614e677b68008.bin,[24]
3622,a47bda803b60e3c4784bd2d8267a3fb30c019d6b.bin,133,734,datacopy/UCSB/a47bda803b60e3c4784bd2d8267a3fb30c019d6b.bin,[24]
3623,fd0e13d36fddb632a13aa72ac2d0a7396caef366.bin,133,734,datacopy/UCSB/fd0e13d36fddb632a13aa72ac2d0a7396caef366.bin,[24]
3624,e5c56f87e81675b35cd17d2d84287c44fa2d8af1.bin,133,734,datacopy/UCSB/e5c56f87e81675b35cd17d2d84287c44fa2d8af1.bin,[24]
3625,6e67b340e8f606daac1d8da394181963866004ff.bin,133,734,datacopy/UCSB/6e67b340e8f606daac1d8da394181963866004ff.bin,[24]
3626,55c84038bf28b89117487f2456294626550a8530.bin,133,734,datacopy/UCSB/55c84038bf28b89117487f2456294626550a8530.bin,[24]
3627,597a716a79d02eb126b54e369907bd8b21c0f2cc.bin,133,734,datacopy/UCSB/597a716a79d02eb126b54e369907bd8b21c0f2cc.bin,[24]
3628,795f8e06aa191ce55a449f4739fef6bce91363be.bin,133,734,datacopy/UCSB/795f8e06aa191ce55a449f4739fef6bce91363be.bin,[24]
3629,ea552e0ebe0119b585703a7cdbdd336475b0eec4.bin,133,734,datacopy/UCSB/ea552e0ebe0119b585703a7cdbdd336475b0eec4.bin,[24]
3630,9c8801815476f792b57e2b07a23978163ac8c024.bin,133,734,datacopy/UCSB/9c8801815476f792b57e2b07a23978163ac8c024.bin,[24]
3631,4b34162cc8c8649922bf61e0f4b73aa575d17477.bin,133,734,datacopy/UCSB/4b34162cc8c8649922bf61e0f4b73aa575d17477.bin,[24]
3632,288e0f463f042cf6dd936af04795b5fbb096876f.bin,133,734,datacopy/UCSB/288e0f463f042cf6dd936af04795b5fbb096876f.bin,[24]
3633,d8e471deb1f9a9df72957f0b5fecc541a2195a2a.bin,133,734,datacopy/UCSB/d8e471deb1f9a9df72957f0b5fecc541a2195a2a.bin,[24]
3634,90cd59ae77d73a607a2e5deb590ef7d5e8fa08fb.bin,133,734,datacopy/UCSB/90cd59ae77d73a607a2e5deb590ef7d5e8fa08fb.bin,[24]
3635,f1d2915bb47ae88a4c8ae99db7b5ac08eb8dba60.bin,133,734,datacopy/UCSB/f1d2915bb47ae88a4c8ae99db7b5ac08eb8dba60.bin,[24]
3636,b7000c65039ae7c5a80b1f3d7970d5c0155f3e2a.bin,133,734,datacopy/UCSB/b7000c65039ae7c5a80b1f3d7970d5c0155f3e2a.bin,[24]
3637,7dfc48ce2def7e8537a9dd21cce4fde5c782b2e5.bin,133,734,datacopy/UCSB/7dfc48ce2def7e8537a9dd21cce4fde5c782b2e5.bin,[24]
3638,30e6d541ce0f3317664544e9995d087ab09d887d.bin,133,734,datacopy/UCSB/30e6d541ce0f3317664544e9995d087ab09d887d.bin,[24]
3639,373ec74ace69af923b1480747015c2c4e60ac5f7.bin,133,734,datacopy/UCSB/373ec74ace69af923b1480747015c2c4e60ac5f7.bin,[24]
3640,5f545403a93a500b030d5578e6c551cbb630debf.bin,133,734,datacopy/UCSB/5f545403a93a500b030d5578e6c551cbb630debf.bin,[24]
3641,bdbd088a4c5b905e776160ca6c40137209c52a4e.bin,133,734,datacopy/UCSB/bdbd088a4c5b905e776160ca6c40137209c52a4e.bin,[24]
3642,99f7847348589c4f2285acc99c1883076bc72456.bin,133,734,datacopy/UCSB/99f7847348589c4f2285acc99c1883076bc72456.bin,[24]
3643,21abaf7b27a889e8f78c91d1c7c460c521eda9ef.bin,133,734,datacopy/UCSB/21abaf7b27a889e8f78c91d1c7c460c521eda9ef.bin,[24]
3644,c96aff3fae1cd26cbfebb4ac8b0e3b13ec174df1.bin,133,734,datacopy/UCSB/c96aff3fae1cd26cbfebb4ac8b0e3b13ec174df1.bin,[24]
3645,1db35444a48c6902bcc732f1863b355cad2d61ac.bin,133,734,datacopy/UCSB/1db35444a48c6902bcc732f1863b355cad2d61ac.bin,[24]
3646,84a42f88edc34755b656496e84c4d8f450ce22d6.bin,133,734,datacopy/UCSB/84a42f88edc34755b656496e84c4d8f450ce22d6.bin,[24]
3647,68ed47f114e3be007de34f26e681f413395d70c6.bin,133,734,datacopy/UCSB/68ed47f114e3be007de34f26e681f413395d70c6.bin,[24]
3648,0b162c8eafc399117d829053b2be6eec115f2e6c.bin,133,734,datacopy/UCSB/0b162c8eafc399117d829053b2be6eec115f2e6c.bin,[24]
3649,9bde63440f7779b3fb61c056a8c6f9c91ea779e8.bin,133,734,datacopy/UCSB/9bde63440f7779b3fb61c056a8c6f9c91ea779e8.bin,[24]
3650,37dbce842721f0acb6fc2e0e5ee956d5c2c17bba.bin,133,734,datacopy/UCSB/37dbce842721f0acb6fc2e0e5ee956d5c2c17bba.bin,[24]
3651,5f0c53f1b3a3d241e7df79f46cf52ea9745df16f.bin,133,734,datacopy/UCSB/5f0c53f1b3a3d241e7df79f46cf52ea9745df16f.bin,[24]
3652,2435954d7294d0a939e8e5b247649a242ac48c28.bin,133,734,datacopy/UCSB/2435954d7294d0a939e8e5b247649a242ac48c28.bin,[24]
3653,0b08001cd62431875e437bd2fad5265b204a69ad.bin,133,734,datacopy/UCSB/0b08001cd62431875e437bd2fad5265b204a69ad.bin,[24]
3654,9b52fd45a96c75a341aca386dbc9fba01a827c5f.bin,133,734,datacopy/UCSB/9b52fd45a96c75a341aca386dbc9fba01a827c5f.bin,[24]
3655,81a65c9ad716511e379b9d87cc212f887cb9c533.bin,133,734,datacopy/UCSB/81a65c9ad716511e379b9d87cc212f887cb9c533.bin,[24]
3656,a089d4b16113b66125b5ca361092589d3c42f0dc.bin,133,734,datacopy/UCSB/a089d4b16113b66125b5ca361092589d3c42f0dc.bin,[24]
3657,7f8d7ef3268561b685cbcfb535d604733ab89579.bin,133,734,datacopy/UCSB/7f8d7ef3268561b685cbcfb535d604733ab89579.bin,[24]
3658,39d2c382291c08e1de857d65a6d9f6bf6b858931.bin,133,734,datacopy/UCSB/39d2c382291c08e1de857d65a6d9f6bf6b858931.bin,[24]
3659,1e1e36e91113c64b05f05cddfc53d14aa188f1df.bin,133,734,datacopy/UCSB/1e1e36e91113c64b05f05cddfc53d14aa188f1df.bin,[24]
3660,63eca9988671b3fe13861a1ca2df33735b18061a.bin,133,734,datacopy/UCSB/63eca9988671b3fe13861a1ca2df33735b18061a.bin,[24]
3661,6cfce4d24d5598239216e411b76391375248790c.bin,133,734,datacopy/UCSB/6cfce4d24d5598239216e411b76391375248790c.bin,[24]
3662,2e6b240551c733f8b3e2e1af208182f6d91cbeea.bin,133,734,datacopy/UCSB/2e6b240551c733f8b3e2e1af208182f6d91cbeea.bin,[24]
3663,ab2b2e4dfeee9fc43dfd3e165a3b699f36965b91.bin,133,734,datacopy/UCSB/ab2b2e4dfeee9fc43dfd3e165a3b699f36965b91.bin,[24]
3664,6e6454b68462f9c23cdd05a16968138002d859cc.bin,133,734,datacopy/UCSB/6e6454b68462f9c23cdd05a16968138002d859cc.bin,[24]
3665,383b97073d01fd568f1a068eaaf6b75a951f7057.bin,133,734,datacopy/UCSB/383b97073d01fd568f1a068eaaf6b75a951f7057.bin,[24]
3666,6ed9ae27945496bee10a972d2bcb59a9be22d9ff.bin,133,734,datacopy/UCSB/6ed9ae27945496bee10a972d2bcb59a9be22d9ff.bin,[24]
3667,f26c4a914698ddbf8b9921ac4083c645559dc674.bin,133,734,datacopy/UCSB/f26c4a914698ddbf8b9921ac4083c645559dc674.bin,[24]
3668,280b91d9382136f53699b4ebce6d293b85390662.bin,133,734,datacopy/UCSB/280b91d9382136f53699b4ebce6d293b85390662.bin,[24]
3669,cdd1a1d4ed1a6db9db033faed0371edf1dfde37f.bin,133,734,datacopy/UCSB/cdd1a1d4ed1a6db9db033faed0371edf1dfde37f.bin,[24]
3670,479c10fbad06f0b32d43a9374bd2b93222dece4d.bin,133,734,datacopy/UCSB/479c10fbad06f0b32d43a9374bd2b93222dece4d.bin,[24]
3671,51ef478417326da3e7e3ffb434baf6f8fbcf72c9.bin,133,734,datacopy/UCSB/51ef478417326da3e7e3ffb434baf6f8fbcf72c9.bin,[24]
3672,b7c3e573c05d2bc023309756cf7af09acc980b97.bin,133,734,datacopy/UCSB/b7c3e573c05d2bc023309756cf7af09acc980b97.bin,[24]
3673,896c92862cd4494314d28d4a5ddfb1cc619143ec.bin,133,734,datacopy/UCSB/896c92862cd4494314d28d4a5ddfb1cc619143ec.bin,[24]
3674,a1cda9639dc6000e317e1841f54b7ccf0ec840a7.bin,133,734,datacopy/UCSB/a1cda9639dc6000e317e1841f54b7ccf0ec840a7.bin,[24]
3675,453bf39d58f4a32c3d6cef251b527710d3c4ce3a.bin,133,734,datacopy/UCSB/453bf39d58f4a32c3d6cef251b527710d3c4ce3a.bin,[24]
3676,2475bdab1de6bbf5bed97b568fbdabf849a1fd17.bin,133,734,datacopy/UCSB/2475bdab1de6bbf5bed97b568fbdabf849a1fd17.bin,[24]
3677,f34973d5057e72c9b3ef61d75863fcc9a978a34a.bin,133,734,datacopy/UCSB/f34973d5057e72c9b3ef61d75863fcc9a978a34a.bin,[24]
3678,bde6dd5a67b0febe0938dc53c2c2753bbd4732ba.bin,133,734,datacopy/UCSB/bde6dd5a67b0febe0938dc53c2c2753bbd4732ba.bin,[24]
3679,ef06c36cf7b379902343ac823d4b86a2f0b0ea36.bin,133,734,datacopy/UCSB/ef06c36cf7b379902343ac823d4b86a2f0b0ea36.bin,[24]
3680,3363515d1eb0d1f0c848eb5e6075b615c72667f5.bin,133,734,datacopy/UCSB/3363515d1eb0d1f0c848eb5e6075b615c72667f5.bin,[24]
3681,576601e7425f4b023acb63d74b2c52c346d5a49f.bin,133,734,datacopy/UCSB/576601e7425f4b023acb63d74b2c52c346d5a49f.bin,[24]
3682,3f2f9765e9521430ee9b9b80c5a0e92168d7b444.bin,133,734,datacopy/UCSB/3f2f9765e9521430ee9b9b80c5a0e92168d7b444.bin,[24]
3683,1e3e785efe5176668083c1c317b7807a70577b31.bin,133,734,datacopy/UCSB/1e3e785efe5176668083c1c317b7807a70577b31.bin,[24]
3684,706475582c398463369af765b30d35bcad450687.bin,133,734,datacopy/UCSB/706475582c398463369af765b30d35bcad450687.bin,[24]
3685,d2d8e7a3f45e2e6d9bfe4f4758658215faf9d72e.bin,133,734,datacopy/UCSB/d2d8e7a3f45e2e6d9bfe4f4758658215faf9d72e.bin,[24]
3686,7d32c3909cf61f4f1f3b55ca6dcee5c264d50d1b.bin,133,734,datacopy/UCSB/7d32c3909cf61f4f1f3b55ca6dcee5c264d50d1b.bin,[24]
3687,04d0c7e74a93fe5e2b19485215ef5c5b7e45083a.bin,133,734,datacopy/UCSB/04d0c7e74a93fe5e2b19485215ef5c5b7e45083a.bin,[24]
3688,d48883ee7dcf87fe27fcd3ac1a72ddd174b1b917.bin,133,734,datacopy/UCSB/d48883ee7dcf87fe27fcd3ac1a72ddd174b1b917.bin,[24]
3689,6f2b8c26553280acc5a546ccb50c106481de1334.bin,133,734,datacopy/UCSB/6f2b8c26553280acc5a546ccb50c106481de1334.bin,[24]
3690,790103b434739d8064051efd6c1bb0d8fe4e8283.bin,133,734,datacopy/UCSB/790103b434739d8064051efd6c1bb0d8fe4e8283.bin,[24]
3691,425fcf155ff2e586434dd19625565661771c1e54.bin,133,734,datacopy/UCSB/425fcf155ff2e586434dd19625565661771c1e54.bin,[24]
3692,4d2ab6caac9e5d53a8c167ab37670ab5ebb1e2f7.bin,133,734,datacopy/UCSB/4d2ab6caac9e5d53a8c167ab37670ab5ebb1e2f7.bin,[24]
3693,c3df6a7696a81ed2666d2f6fa8675fed63c8a5bf.bin,133,734,datacopy/UCSB/c3df6a7696a81ed2666d2f6fa8675fed63c8a5bf.bin,[24]
3694,73909c5d0f70e42bafa4731b933a4a9ee5e47012.bin,133,734,datacopy/UCSB/73909c5d0f70e42bafa4731b933a4a9ee5e47012.bin,[24]
3695,65deb022c6f17af8486dda1d31545b292751fbed.bin,133,734,datacopy/UCSB/65deb022c6f17af8486dda1d31545b292751fbed.bin,[24]
3696,81160692f5505fb7c7a786ee036c7ff9acde7970.bin,133,734,datacopy/UCSB/81160692f5505fb7c7a786ee036c7ff9acde7970.bin,[24]
3697,22bd21071258156d42d449d7beffcc85cb4db483.bin,133,734,datacopy/UCSB/22bd21071258156d42d449d7beffcc85cb4db483.bin,[24]
3698,3bf80e36885288b2d1bd68313864ee02938f9795.bin,133,734,datacopy/UCSB/3bf80e36885288b2d1bd68313864ee02938f9795.bin,[24]
3699,c69a13039516ff756bc4fd3ba654b9401622c3d4.bin,133,734,datacopy/UCSB/c69a13039516ff756bc4fd3ba654b9401622c3d4.bin,[24]
3700,7e96f8b4da91c92ed80be2cda7eaf2182acbe300.codex,133,734,datacopy/CodexGiga/7e96f8b4da91c92ed80be2cda7eaf2182acbe300.codex,[24]
3701,eb95ecbf4e382aba4fd02862dfcb69a2a839324d.codex,133,734,datacopy/CodexGiga/eb95ecbf4e382aba4fd02862dfcb69a2a839324d.codex,[24]
3702,060f7036db4e1483e6fb3ca51658ce9d5690c69f.codex,133,734,datacopy/CodexGiga/060f7036db4e1483e6fb3ca51658ce9d5690c69f.codex,[24]
3703,fd4fc9439e932952dfb9ef5ce25312aeb70358b1.codex,133,734,datacopy/CodexGiga/fd4fc9439e932952dfb9ef5ce25312aeb70358b1.codex,[24]
3704,5b5bce07b669039db3b8738538fad9cd898a9807.codex,133,734,datacopy/CodexGiga/5b5bce07b669039db3b8738538fad9cd898a9807.codex,[24]
3705,279aa3b5b8adc901663c03fc0228848e8cd15782.codex,133,734,datacopy/CodexGiga/279aa3b5b8adc901663c03fc0228848e8cd15782.codex,[24]
3706,122c44e187a746c19b14db6da96db9aa79007f64.codex,133,734,datacopy/CodexGiga/122c44e187a746c19b14db6da96db9aa79007f64.codex,[24]
3707,25ffce14e327180221b6f127aa3022cb95b73768.codex,133,734,datacopy/CodexGiga/25ffce14e327180221b6f127aa3022cb95b73768.codex,[24]
3708,a87e52e413a3407dc5284e090a636680979592cc.codex,133,734,datacopy/CodexGiga/a87e52e413a3407dc5284e090a636680979592cc.codex,[24]
3709,8a7d4dff925aab64beb5ddd906014e6cd8675f66.codex,133,734,datacopy/CodexGiga/8a7d4dff925aab64beb5ddd906014e6cd8675f66.codex,[24]
3710,1c72d33f8a44650078f5c125e03511c383798136.codex,133,734,datacopy/CodexGiga/1c72d33f8a44650078f5c125e03511c383798136.codex,[24]
3711,82459c4e706dd815406323baaaf1fc389ca72c07.codex,133,734,datacopy/CodexGiga/82459c4e706dd815406323baaaf1fc389ca72c07.codex,[24]
3712,36904a4c7aac6369542d205afc61566786f2e7e2.codex,133,734,datacopy/CodexGiga/36904a4c7aac6369542d205afc61566786f2e7e2.codex,[24]
3713,6b93386ba19c23fc031308da9c245e4e745bbb3e.codex,133,734,datacopy/CodexGiga/6b93386ba19c23fc031308da9c245e4e745bbb3e.codex,[24]
3714,a1262b8b6bef47c81042ebe70f57deb1fef4f4e7.codex,133,734,datacopy/CodexGiga/a1262b8b6bef47c81042ebe70f57deb1fef4f4e7.codex,[24]
3715,4da530701e92158c497b4e8ef61de4479689763e.codex,133,734,datacopy/CodexGiga/4da530701e92158c497b4e8ef61de4479689763e.codex,[24]
3716,15ad7632407efec5f67c078e2d283d6a68af96e1.codex,133,734,datacopy/CodexGiga/15ad7632407efec5f67c078e2d283d6a68af96e1.codex,[24]
3717,c03240f59a68120c921a8f226981e374e3dcceef.codex,133,734,datacopy/CodexGiga/c03240f59a68120c921a8f226981e374e3dcceef.codex,[24]
3718,85b76ba0984d5ccd1c94a22ff25624bdd0fc2ca8.codex,133,734,datacopy/CodexGiga/85b76ba0984d5ccd1c94a22ff25624bdd0fc2ca8.codex,[24]
3719,6d9221e8cdd0e7e2d1453ffe49cfa8ae5de0636e.codex,133,734,datacopy/CodexGiga/6d9221e8cdd0e7e2d1453ffe49cfa8ae5de0636e.codex,[24]
3720,c43ab46a09311af551d8748533f936564d0789f8.codex,133,734,datacopy/CodexGiga/c43ab46a09311af551d8748533f936564d0789f8.codex,[24]
3721,8cd23ec0aeba7b80b2b50b1cf820c3bcc02e03c0.codex,133,734,datacopy/CodexGiga/8cd23ec0aeba7b80b2b50b1cf820c3bcc02e03c0.codex,[24]
3722,dd28c979bfa39a9aae496930f3604852fabf1505.codex,133,734,datacopy/CodexGiga/dd28c979bfa39a9aae496930f3604852fabf1505.codex,[24]
3723,c3be3a8a181f5b26fe816effe8c90453e3fd6278.codex,133,734,datacopy/CodexGiga/c3be3a8a181f5b26fe816effe8c90453e3fd6278.codex,[24]
3724,379445450d144ffba2226b983017ebafb6d2d6fb.codex,133,734,datacopy/CodexGiga/379445450d144ffba2226b983017ebafb6d2d6fb.codex,[24]
3725,436559ddc0bea5f20d282bb0d1148ae88893c9b0.codex,133,734,datacopy/CodexGiga/436559ddc0bea5f20d282bb0d1148ae88893c9b0.codex,[24]
3726,acc13efb8f387cc5f7db9fcec971050cdd6186e0.codex,133,734,datacopy/CodexGiga/acc13efb8f387cc5f7db9fcec971050cdd6186e0.codex,[24]
3727,cd6ad67d8e04945beb8c7bbf734158495c54ee29.codex,133,734,datacopy/CodexGiga/cd6ad67d8e04945beb8c7bbf734158495c54ee29.codex,[24]
3728,9076608ecf15dbd0fdff609c51842e38479dc55e.codex,133,734,datacopy/CodexGiga/9076608ecf15dbd0fdff609c51842e38479dc55e.codex,[24]
3729,fd78201a8b50582430a34aed22ee9fc4ff9c9c3b.codex,133,734,datacopy/CodexGiga/fd78201a8b50582430a34aed22ee9fc4ff9c9c3b.codex,[24]
3730,fcc620a4af57353816369f839de335baf53da02b.codex,133,734,datacopy/CodexGiga/fcc620a4af57353816369f839de335baf53da02b.codex,[24]
3731,3da57be4444713273649e4b0b3da756af1e72efc.codex,133,734,datacopy/CodexGiga/3da57be4444713273649e4b0b3da756af1e72efc.codex,[24]
3732,f92214ff9b2970dc79272199051acf89980bdd4f.codex,133,734,datacopy/CodexGiga/f92214ff9b2970dc79272199051acf89980bdd4f.codex,[24]
3733,7d9b9c1c6bf6184650923baa05821ab9199e67c0.codex,133,734,datacopy/CodexGiga/7d9b9c1c6bf6184650923baa05821ab9199e67c0.codex,[24]
3734,67ebfd7e4e1ba3c6bb4663ba7321aba68d2a8341.codex,133,734,datacopy/CodexGiga/67ebfd7e4e1ba3c6bb4663ba7321aba68d2a8341.codex,[24]
3735,b6c8c28eaeb5a7c591ed3a1bb168b4aa4ff423dc.codex,133,734,datacopy/CodexGiga/b6c8c28eaeb5a7c591ed3a1bb168b4aa4ff423dc.codex,[24]
3736,93cebdcc49ed254a1d4f16e4e8201832828e440e.codex,133,734,datacopy/CodexGiga/93cebdcc49ed254a1d4f16e4e8201832828e440e.codex,[24]
3737,0c7ea1c90924beed04ba0281a11d7350f79c26f5.codex,133,734,datacopy/CodexGiga/0c7ea1c90924beed04ba0281a11d7350f79c26f5.codex,[24]
3738,b87ae231c0a79f865f6fe838b17b9263e114b1a8.codex,133,734,datacopy/CodexGiga/b87ae231c0a79f865f6fe838b17b9263e114b1a8.codex,[24]
3739,e0fee9ccd0368f6f3acf0e9f2885dccd8f8b5359.codex,133,734,datacopy/CodexGiga/e0fee9ccd0368f6f3acf0e9f2885dccd8f8b5359.codex,[24]
3740,65952b8eeff287a8f775bf8a5ad23b75b42f22c4.codex,133,734,datacopy/CodexGiga/65952b8eeff287a8f775bf8a5ad23b75b42f22c4.codex,[24]
3741,8b3ea99e735994e249cc026fbdaf2cd9a7f053ff.codex,133,734,datacopy/CodexGiga/8b3ea99e735994e249cc026fbdaf2cd9a7f053ff.codex,[24]
3742,460d939d4616e74e4ee1a83d1bf53bea04164ec7.codex,133,734,datacopy/CodexGiga/460d939d4616e74e4ee1a83d1bf53bea04164ec7.codex,[24]
3743,28479323bf3028c37dbfe671f1f15389957e9bfb.codex,133,734,datacopy/CodexGiga/28479323bf3028c37dbfe671f1f15389957e9bfb.codex,[24]
3744,87537eecb764bcc4b367eec03f929f3fb88b7f51.codex,133,734,datacopy/CodexGiga/87537eecb764bcc4b367eec03f929f3fb88b7f51.codex,[24]
3745,d54579c3b1f822e6f4a6eccaf01d63a5dd3cd051.codex,133,734,datacopy/CodexGiga/d54579c3b1f822e6f4a6eccaf01d63a5dd3cd051.codex,[24]
3746,95e29fd832199a38d4ce8311d51776b420938fb8.codex,133,734,datacopy/CodexGiga/95e29fd832199a38d4ce8311d51776b420938fb8.codex,[24]
3747,0e42e72ffcddcebb9868e29c02ffe55646384bf9.codex,133,734,datacopy/CodexGiga/0e42e72ffcddcebb9868e29c02ffe55646384bf9.codex,[24]
3748,a08fbc3e537a94c1662be80d3970fd137a772c62.codex,133,734,datacopy/CodexGiga/a08fbc3e537a94c1662be80d3970fd137a772c62.codex,[24]
3749,17f309c0f617bffca67e21d29eb9b252af5b76e6.codex,133,734,datacopy/CodexGiga/17f309c0f617bffca67e21d29eb9b252af5b76e6.codex,[24]
3750,85b0b839c2f2c14ef3058629d0526679987bff95.codex,133,734,datacopy/CodexGiga/85b0b839c2f2c14ef3058629d0526679987bff95.codex,[24]
3751,e791e376afa6b555727ed534a69f85bfc0a744b5.codex,133,734,datacopy/CodexGiga/e791e376afa6b555727ed534a69f85bfc0a744b5.codex,[24]
3752,959a914f4f474f080ed277a83291a8888a36d426.codex,133,734,datacopy/CodexGiga/959a914f4f474f080ed277a83291a8888a36d426.codex,[24]
3753,b22503526b133fc797d064802532c70915387605.codex,133,734,datacopy/CodexGiga/b22503526b133fc797d064802532c70915387605.codex,[24]
3754,9d05972c6613e477d0a7c7a8690634ca49c09382.codex,133,734,datacopy/CodexGiga/9d05972c6613e477d0a7c7a8690634ca49c09382.codex,[24]
3755,f1b04a10c070cfdf29669f019072148286f25c2b.codex,133,734,datacopy/CodexGiga/f1b04a10c070cfdf29669f019072148286f25c2b.codex,[24]
3756,17b541c9f9a33464d6272276f7c398d58303b8f0.codex,133,734,datacopy/CodexGiga/17b541c9f9a33464d6272276f7c398d58303b8f0.codex,[24]
3757,fa8fc8996a1684502f159429fe6f164c3633314a.codex,133,734,datacopy/CodexGiga/fa8fc8996a1684502f159429fe6f164c3633314a.codex,[24]
3758,a7ad2eb3f58ac1f1292714104662e9f1e2b2f0ef.codex,133,734,datacopy/CodexGiga/a7ad2eb3f58ac1f1292714104662e9f1e2b2f0ef.codex,[24]
3759,fae910f1d2d2797beea25d0ec4f5ce9a3fad93d5.codex,133,734,datacopy/CodexGiga/fae910f1d2d2797beea25d0ec4f5ce9a3fad93d5.codex,[24]
3760,465fcec41bfa587e053d9634ed94c9bb5fbb5fdb.codex,133,734,datacopy/CodexGiga/465fcec41bfa587e053d9634ed94c9bb5fbb5fdb.codex,[24]
3761,511695343ef1f8e8e902a85b7dab640bed9acfdc.codex,133,734,datacopy/CodexGiga/511695343ef1f8e8e902a85b7dab640bed9acfdc.codex,[24]
3762,4b72656eceda858f9182ebc3464d4c1d6c6ed43c.codex,133,734,datacopy/CodexGiga/4b72656eceda858f9182ebc3464d4c1d6c6ed43c.codex,[24]
3763,a9d3b0c7533bc51945b43a5e463ca83cd1fcdc65.codex,133,734,datacopy/CodexGiga/a9d3b0c7533bc51945b43a5e463ca83cd1fcdc65.codex,[24]
3764,6789af0831f8e391b4008bee549dd7639d0e7ddc.codex,133,734,datacopy/CodexGiga/6789af0831f8e391b4008bee549dd7639d0e7ddc.codex,[24]
3765,a6c4a242ef5f5657d4c39ed7de075f0d6bcbaadf.codex,133,734,datacopy/CodexGiga/a6c4a242ef5f5657d4c39ed7de075f0d6bcbaadf.codex,[24]
3766,1b28e9816a0a2f5b8f6f8a0bbd12eef49751f29c.codex,133,734,datacopy/CodexGiga/1b28e9816a0a2f5b8f6f8a0bbd12eef49751f29c.codex,[24]
3767,8ec8588cecb9be291c6cad5663a4a0b6f3a8bbf5.codex,133,734,datacopy/CodexGiga/8ec8588cecb9be291c6cad5663a4a0b6f3a8bbf5.codex,[24]
3768,ab4c95a246821f70f9d518c048229c5a998c9380.codex,133,734,datacopy/CodexGiga/ab4c95a246821f70f9d518c048229c5a998c9380.codex,[24]
3769,69bd3bbb03b6e6fd4372fb1ed7d156278f1a58d6.codex,133,734,datacopy/CodexGiga/69bd3bbb03b6e6fd4372fb1ed7d156278f1a58d6.codex,[24]
3770,61916fec02fd047c324af5d51c2490313e70d0e2.codex,133,734,datacopy/CodexGiga/61916fec02fd047c324af5d51c2490313e70d0e2.codex,[24]
3771,47d70b403249914e752a3e88a188f50da34b3991.codex,133,734,datacopy/CodexGiga/47d70b403249914e752a3e88a188f50da34b3991.codex,[24]
3772,e75e240db6591c60baed2d9b96cb9197f740053f.codex,133,734,datacopy/CodexGiga/e75e240db6591c60baed2d9b96cb9197f740053f.codex,[24]
3773,534a6f0290d8ed5a83550877c540db212f947800.codex,133,734,datacopy/CodexGiga/534a6f0290d8ed5a83550877c540db212f947800.codex,[24]
3774,068e3310cb7c2864047de7a8fc273b6363f15133.codex,133,734,datacopy/CodexGiga/068e3310cb7c2864047de7a8fc273b6363f15133.codex,[24]
3775,a2fd7d2da71ca7df47bc89e850210ebf459aca0e.codex,133,734,datacopy/CodexGiga/a2fd7d2da71ca7df47bc89e850210ebf459aca0e.codex,[24]
3776,579922a30d95b4db218cae06a26ae0bc994fcc5e.codex,133,734,datacopy/CodexGiga/579922a30d95b4db218cae06a26ae0bc994fcc5e.codex,[24]
3777,725988a974d9df7284eb54a87b8b649056e6e947.codex,133,734,datacopy/CodexGiga/725988a974d9df7284eb54a87b8b649056e6e947.codex,[24]
3778,f4ca06d124dc264b194afc8e6fc269397934de37.codex,133,734,datacopy/CodexGiga/f4ca06d124dc264b194afc8e6fc269397934de37.codex,[24]
3779,d1df0fdb296ffd4c4e40ad2220fd8bce9801bb94.codex,133,734,datacopy/CodexGiga/d1df0fdb296ffd4c4e40ad2220fd8bce9801bb94.codex,[24]
3780,c2f6bb26d68d25b58d314c918b5253ae83d6df64.codex,133,734,datacopy/CodexGiga/c2f6bb26d68d25b58d314c918b5253ae83d6df64.codex,[24]
3781,71731027ce38f6840c592b83cc20eb9071eccaa9.codex,133,734,datacopy/CodexGiga/71731027ce38f6840c592b83cc20eb9071eccaa9.codex,[24]
3782,8fada7af78fcb9652175cce2e326a706af466f47.codex,133,734,datacopy/CodexGiga/8fada7af78fcb9652175cce2e326a706af466f47.codex,[24]
3783,1973a05e8f4cdc69fcfd4cbadf80587ea701d0e4.codex,133,734,datacopy/CodexGiga/1973a05e8f4cdc69fcfd4cbadf80587ea701d0e4.codex,[24]
3784,39951d5594d314aace6191e491c8dbaa2c2d69b3.codex,133,734,datacopy/CodexGiga/39951d5594d314aace6191e491c8dbaa2c2d69b3.codex,[24]
3785,ad07710fa41dd37ea3b1031e1b08fe6f1c5e02cd.codex,133,734,datacopy/CodexGiga/ad07710fa41dd37ea3b1031e1b08fe6f1c5e02cd.codex,[24]
3786,11964209ef14ff3e54f15bc00a2cf87563b02226.codex,133,734,datacopy/CodexGiga/11964209ef14ff3e54f15bc00a2cf87563b02226.codex,[24]
3787,d157c34e1fd683daa29045b4e53be9c87fae0a22.codex,133,734,datacopy/CodexGiga/d157c34e1fd683daa29045b4e53be9c87fae0a22.codex,[24]
3788,abe571368e3ff58edf3a5d404a36cfaf6feec6b5.codex,133,734,datacopy/CodexGiga/abe571368e3ff58edf3a5d404a36cfaf6feec6b5.codex,[24]
3789,514a30aef41f24b74e34225858863897c5220eb6.codex,133,734,datacopy/CodexGiga/514a30aef41f24b74e34225858863897c5220eb6.codex,[24]
3790,593452f51af494137acf75c3eb6e5c6f103e7c61.codex,133,734,datacopy/CodexGiga/593452f51af494137acf75c3eb6e5c6f103e7c61.codex,[24]
3791,41b91f1eae355c6baab90b7951bd310f7265cf0f.codex,133,734,datacopy/CodexGiga/41b91f1eae355c6baab90b7951bd310f7265cf0f.codex,[24]
3792,f957d93e9ac2eabb3f77c38266e549db2dc34df8.codex,133,734,datacopy/CodexGiga/f957d93e9ac2eabb3f77c38266e549db2dc34df8.codex,[24]
3793,840ec51e0f32c85dbc7107d4fc644277faaf052f.codex,133,734,datacopy/CodexGiga/840ec51e0f32c85dbc7107d4fc644277faaf052f.codex,[24]
3794,cb9cfd03dfb43e2859a4aa7e9a44533601a6d2df.codex,133,734,datacopy/CodexGiga/cb9cfd03dfb43e2859a4aa7e9a44533601a6d2df.codex,[24]
3795,5d5e6aa610d7c2e83e4d46d660ada121ca7946c2.codex,133,734,datacopy/CodexGiga/5d5e6aa610d7c2e83e4d46d660ada121ca7946c2.codex,[24]
3796,2d4e507ee1a8701f5457b38f9e259d54ba855e36.codex,133,734,datacopy/CodexGiga/2d4e507ee1a8701f5457b38f9e259d54ba855e36.codex,[24]
3797,11f2f2efff557e645d4dd23c5750d3104f6cc851.codex,133,734,datacopy/CodexGiga/11f2f2efff557e645d4dd23c5750d3104f6cc851.codex,[24]
3798,fec471871ee0684460d23428bea5b266224311e5.codex,133,734,datacopy/CodexGiga/fec471871ee0684460d23428bea5b266224311e5.codex,[24]
3799,27883b17c8b2e70a602036f21ac72b2045277a5f.codex,133,734,datacopy/CodexGiga/27883b17c8b2e70a602036f21ac72b2045277a5f.codex,[24]
3800,bd2685d5e3af0ade4d422ae6af84dac65f590a3d.bin,134,1161,datacopy/UCSB/bd2685d5e3af0ade4d422ae6af84dac65f590a3d.bin,[12]
3801,476e72b19821cd8bfa35c5c311c0b69d5fe83b33.bin,134,1161,datacopy/UCSB/476e72b19821cd8bfa35c5c311c0b69d5fe83b33.bin,[12]
3802,47caf329ff40505fc8b9b0842f6c5400362bc6b7.bin,134,1161,datacopy/UCSB/47caf329ff40505fc8b9b0842f6c5400362bc6b7.bin,[12]
3803,f7de700fa1d18fb14213bcdd9b32df48385d542e.bin,134,1161,datacopy/UCSB/f7de700fa1d18fb14213bcdd9b32df48385d542e.bin,[12]
3804,36f095623687030ff95711043f114c819fc815f8.bin,134,1161,datacopy/UCSB/36f095623687030ff95711043f114c819fc815f8.bin,[12]
3805,8e85b804634852feab613c675cdbd68255824298.bin,134,1161,datacopy/UCSB/8e85b804634852feab613c675cdbd68255824298.bin,[12]
3806,09cb9578456681fd34d37aff5473dfed818411f5.bin,134,1161,datacopy/UCSB/09cb9578456681fd34d37aff5473dfed818411f5.bin,[12]
3807,84623e6fe9681bb47a32f8ac023d1997df91799b.bin,134,1161,datacopy/UCSB/84623e6fe9681bb47a32f8ac023d1997df91799b.bin,[12]
3808,d7ee231d4f9eca82970a9ee4fb560f0d01964215.bin,134,1161,datacopy/UCSB/d7ee231d4f9eca82970a9ee4fb560f0d01964215.bin,[12]
3809,e8501a3fdc7d574eaa17c87027b0af5ead711a35.bin,134,1161,datacopy/UCSB/e8501a3fdc7d574eaa17c87027b0af5ead711a35.bin,[12]
3810,3c840f2be2496c90b2e05b6ebc4fa80564a88cdc.bin,134,1161,datacopy/UCSB/3c840f2be2496c90b2e05b6ebc4fa80564a88cdc.bin,[12]
3811,a092a95cb233bbb798da6cdf64f28de19e1d6b1f.bin,134,1161,datacopy/UCSB/a092a95cb233bbb798da6cdf64f28de19e1d6b1f.bin,[12]
3812,cd1a71bbe9ef7e86d54d1ea8a9adad6f17649815.bin,134,1161,datacopy/UCSB/cd1a71bbe9ef7e86d54d1ea8a9adad6f17649815.bin,[12]
3813,a0be3e2fddf914d3cab9c887efb0a4f34f456e22.bin,134,1161,datacopy/UCSB/a0be3e2fddf914d3cab9c887efb0a4f34f456e22.bin,[12]
3814,c404cd88aa2cab806abc49946f9aeb7c076482b4.bin,134,1161,datacopy/UCSB/c404cd88aa2cab806abc49946f9aeb7c076482b4.bin,[12]
3815,f7c1199f88c0f1ffd285e858aa49a818dc50af01.bin,134,1161,datacopy/UCSB/f7c1199f88c0f1ffd285e858aa49a818dc50af01.bin,[12]
3816,e3468ca072a1a54e91631e9c96e7031f177f3bab.bin,134,1161,datacopy/UCSB/e3468ca072a1a54e91631e9c96e7031f177f3bab.bin,[12]
3817,cc595d2f4bc2ef414709ad800f9bf020ab829365.bin,134,1161,datacopy/UCSB/cc595d2f4bc2ef414709ad800f9bf020ab829365.bin,[12]
3818,f493e96e6b9551b83faedab335a5c32dd0d6944b.bin,134,1161,datacopy/UCSB/f493e96e6b9551b83faedab335a5c32dd0d6944b.bin,[12]
3819,d1560a3614ad13f2270c67a64f95141fdc2159ac.bin,135,1481,datacopy/UCSB/d1560a3614ad13f2270c67a64f95141fdc2159ac.bin,[1]
3820,f23fe33f104420a0410463556e70c16fbddbedee.bin,135,1481,datacopy/UCSB/f23fe33f104420a0410463556e70c16fbddbedee.bin,[1]
3821,1e1e22183da0855e60e699af6b834dab9204449b.bin,135,1481,datacopy/UCSB/1e1e22183da0855e60e699af6b834dab9204449b.bin,[1]
3822,009eb10c2691d1799d1067c91473f42a6edf6fa7.bin,135,1481,datacopy/UCSB/009eb10c2691d1799d1067c91473f42a6edf6fa7.bin,[1]
3823,5d23619fc4b1d0a7e4d1ada1eb613b6d06f73e28.bin,135,1481,datacopy/UCSB/5d23619fc4b1d0a7e4d1ada1eb613b6d06f73e28.bin,[1]
3824,fa08dd058c52e375aebd29d77d7c48e3a173edfd.bin,135,1481,datacopy/UCSB/fa08dd058c52e375aebd29d77d7c48e3a173edfd.bin,[1]
3825,c2c0d2b6546fec7731ba203f45e26b7042549092.bin,135,1481,datacopy/UCSB/c2c0d2b6546fec7731ba203f45e26b7042549092.bin,[1]
3826,8cdbd2d891d079889b63cac4bf4d9c621abe2ac9.bin,135,1481,datacopy/UCSB/8cdbd2d891d079889b63cac4bf4d9c621abe2ac9.bin,[1]
3827,80ee2ce330e4f0d552c405bc8ae6469643eeabd5.bin,135,1481,datacopy/UCSB/80ee2ce330e4f0d552c405bc8ae6469643eeabd5.bin,[1]
3828,f88bf33b82acf962b4044664a75f0918aaaeb360.bin,135,1481,datacopy/UCSB/f88bf33b82acf962b4044664a75f0918aaaeb360.bin,[1]
3829,667e8544ecadfc7bfe63df8755bdb50d167575a2.bin,135,1481,datacopy/UCSB/667e8544ecadfc7bfe63df8755bdb50d167575a2.bin,[1]
3830,8be776dd0bc219ad51f0731394a66b13c9e0cce5.bin,135,1481,datacopy/UCSB/8be776dd0bc219ad51f0731394a66b13c9e0cce5.bin,[1]
3831,1b775b106878fefe3c1362e32ee65d86dd964c89.bin,135,1481,datacopy/UCSB/1b775b106878fefe3c1362e32ee65d86dd964c89.bin,[1]
3832,311d90dc40dcdefb0a5f5b0f003785ead7ae046a.bin,135,1481,datacopy/UCSB/311d90dc40dcdefb0a5f5b0f003785ead7ae046a.bin,[1]
3833,b74b9538e30e861468ad2bb6a5f9698701c58d5a.bin,135,1481,datacopy/UCSB/b74b9538e30e861468ad2bb6a5f9698701c58d5a.bin,[1]
3834,2590508e94bbca3d1e2f03e4e3c016d0ac2dc905.bin,135,1481,datacopy/UCSB/2590508e94bbca3d1e2f03e4e3c016d0ac2dc905.bin,[1]
3835,41690d2e273ec6661d724efe9e6c7f2a04b537db.bin,135,1481,datacopy/UCSB/41690d2e273ec6661d724efe9e6c7f2a04b537db.bin,[1]
3836,51e44a99c2d688db8a4cc5896b332e8a3fff5284.bin,135,1481,datacopy/UCSB/51e44a99c2d688db8a4cc5896b332e8a3fff5284.bin,[1]
3837,9c453c5b72ceba603fa30e3969884b6d73de742d.bin,135,1481,datacopy/UCSB/9c453c5b72ceba603fa30e3969884b6d73de742d.bin,[1]
3838,0265bc7456873fa47aea06e1ce0157db2f1964d1.bin,135,1481,datacopy/UCSB/0265bc7456873fa47aea06e1ce0157db2f1964d1.bin,[1]
3839,8a2b5240086d7579ba760786f91f70a718bfa8a5.bin,135,1481,datacopy/UCSB/8a2b5240086d7579ba760786f91f70a718bfa8a5.bin,[1]
3840,7d887608b405276efbd23e232f84c95b4e7d3d78.bin,135,1481,datacopy/UCSB/7d887608b405276efbd23e232f84c95b4e7d3d78.bin,[1]
3841,c5e2f4755422e6a768bd9a669bce1ff5dc974c54.bin,135,1481,datacopy/UCSB/c5e2f4755422e6a768bd9a669bce1ff5dc974c54.bin,[1]
3842,4625a51e95ceed48fe70af4647e81394c4dbc635.bin,136,1116,datacopy/UCSB/4625a51e95ceed48fe70af4647e81394c4dbc635.bin,"[8, 28, 1]"
3843,b3056ed0ec048f7f0937f592eea9742534c5bb12.bin,136,1116,datacopy/UCSB/b3056ed0ec048f7f0937f592eea9742534c5bb12.bin,"[8, 28, 1]"
3844,96bfe3493151e37e3439b47b89534ac4954ff4e1.bin,136,83,datacopy/UCSB/96bfe3493151e37e3439b47b89534ac4954ff4e1.bin,"[8, 28, 1]"
3845,b3214c95d30a4aee612c40eee0da7479a397aba2.bin,136,1116,datacopy/UCSB/b3214c95d30a4aee612c40eee0da7479a397aba2.bin,"[8, 28, 1]"
3846,eff72556dbe085bdb1fb323343f8e58f90b85432.bin,136,1116,datacopy/UCSB/eff72556dbe085bdb1fb323343f8e58f90b85432.bin,"[8, 28, 1]"
3847,8d70d4f8b9da6db92bcb75eb314b38d4f74e9e47.bin,136,1116,datacopy/UCSB/8d70d4f8b9da6db92bcb75eb314b38d4f74e9e47.bin,"[8, 28, 1]"
3848,d0e915a1a0b673e90b8916b398d16059da083816.bin,136,1116,datacopy/UCSB/d0e915a1a0b673e90b8916b398d16059da083816.bin,"[8, 28, 1]"
3849,60aa0673969b947722c65f899898eec8f8ba1240.bin,136,1116,datacopy/UCSB/60aa0673969b947722c65f899898eec8f8ba1240.bin,"[8, 28, 1]"
3850,3d66519c33ff3fe8f3888ae2cf087335f2b54908.bin,136,1116,datacopy/UCSB/3d66519c33ff3fe8f3888ae2cf087335f2b54908.bin,"[8, 28, 1]"
3851,ddcc60e85aa6100b09f1f340a5da2ec1c78f9a04.bin,136,1116,datacopy/UCSB/ddcc60e85aa6100b09f1f340a5da2ec1c78f9a04.bin,"[8, 28, 1]"
3852,5e474468eb67c36f4c7a7e10f8475aad83ce7aa4.bin,136,1116,datacopy/UCSB/5e474468eb67c36f4c7a7e10f8475aad83ce7aa4.bin,"[8, 28, 1]"
3853,887623f2d84331e288a2996ba5bf037112db22d4.bin,136,1116,datacopy/UCSB/887623f2d84331e288a2996ba5bf037112db22d4.bin,"[8, 28, 1]"
3854,2856bfb1f96f2631a960d933e1825b1fcff7820f.bin,136,1116,datacopy/UCSB/2856bfb1f96f2631a960d933e1825b1fcff7820f.bin,"[8, 28, 1]"
3855,8a08df0845607e5b127c18e1c362e58116124438.bin,136,1116,datacopy/UCSB/8a08df0845607e5b127c18e1c362e58116124438.bin,"[8, 28, 1]"
3856,8715a3707785685fe3d7ef2b3b8b6855729455b0.bin,136,1116,datacopy/UCSB/8715a3707785685fe3d7ef2b3b8b6855729455b0.bin,"[8, 28, 1]"
3857,037393954759dc66dd8a2c55cd92d3204b23ff41.bin,136,1116,datacopy/UCSB/037393954759dc66dd8a2c55cd92d3204b23ff41.bin,"[8, 28, 1]"
3858,61754fc914f73e29a6544b2242b6715736590e68.bin,136,1116,datacopy/UCSB/61754fc914f73e29a6544b2242b6715736590e68.bin,"[8, 28, 1]"
3859,269064675f63c45e1e4add29e91de49bd97309b2.bin,136,1116,datacopy/UCSB/269064675f63c45e1e4add29e91de49bd97309b2.bin,"[8, 28, 1]"
3860,0b8ec628e3f75ed8fa324f4f0059f8f0a81bb5b1.bin,136,1116,datacopy/UCSB/0b8ec628e3f75ed8fa324f4f0059f8f0a81bb5b1.bin,"[8, 28, 1]"
3861,191f08fbc621c7a007486becfd956d50af1eb4cd.bin,136,83,datacopy/UCSB/191f08fbc621c7a007486becfd956d50af1eb4cd.bin,"[8, 28, 1]"
3862,9b07a055c237c1037fc11f9b862b1e93a3bac90d.bin,136,1116,datacopy/UCSB/9b07a055c237c1037fc11f9b862b1e93a3bac90d.bin,"[8, 28, 1]"
3863,5f86b7671d5f857890900aa2468a1ce91bbe08c6.bin,136,1116,datacopy/UCSB/5f86b7671d5f857890900aa2468a1ce91bbe08c6.bin,"[8, 28, 1]"
3864,35b0bdb1f136c4498d889f6647c398ee387ad8f6.bin,136,1116,datacopy/UCSB/35b0bdb1f136c4498d889f6647c398ee387ad8f6.bin,"[8, 28, 1]"
3865,f8cdb07f90f09abf1b4adb24dc2ab333d90845f4.bin,136,1116,datacopy/UCSB/f8cdb07f90f09abf1b4adb24dc2ab333d90845f4.bin,"[8, 28, 1]"
3866,9892e08e6a5b3e194c282c470532b69de1a02588.bin,136,1116,datacopy/UCSB/9892e08e6a5b3e194c282c470532b69de1a02588.bin,"[8, 28, 1]"
3867,ef766ca48c4a53320509d91c7b137fd5c210be71.bin,136,1116,datacopy/UCSB/ef766ca48c4a53320509d91c7b137fd5c210be71.bin,"[8, 28, 1]"
3868,5ab89e78d058920f9c15644f61007161e14421fa.bin,136,1116,datacopy/UCSB/5ab89e78d058920f9c15644f61007161e14421fa.bin,"[8, 28, 1]"
3869,1d830f5a75b74f79f1559d6eb44fdc14194da394.bin,136,1116,datacopy/UCSB/1d830f5a75b74f79f1559d6eb44fdc14194da394.bin,"[8, 28, 1]"
3870,2c7060711cb75d2f8b79b5247984b98e6a5bc344.bin,136,1116,datacopy/UCSB/2c7060711cb75d2f8b79b5247984b98e6a5bc344.bin,"[8, 28, 1]"
3871,bd5c1b7075a75754fa4610f4b4769a29cade7a05.bin,136,1116,datacopy/UCSB/bd5c1b7075a75754fa4610f4b4769a29cade7a05.bin,"[8, 28, 1]"
3872,76bd06329cc8bddcb9b1247dbaf16dbdf6f16bb0.bin,136,1116,datacopy/UCSB/76bd06329cc8bddcb9b1247dbaf16dbdf6f16bb0.bin,"[8, 28, 1]"
3873,e996bea736c3e56caf10a3675e462777d05b6a5e.bin,136,1116,datacopy/UCSB/e996bea736c3e56caf10a3675e462777d05b6a5e.bin,"[8, 28, 1]"
3874,7a1003f796d5ab8abbb23516a2f554baa6abf479.bin,136,1116,datacopy/UCSB/7a1003f796d5ab8abbb23516a2f554baa6abf479.bin,"[8, 28, 1]"
3875,0e9e162723858eaff17828c6ec10ff7be10d5947.bin,136,1116,datacopy/UCSB/0e9e162723858eaff17828c6ec10ff7be10d5947.bin,"[8, 28, 1]"
3876,ade9615654d8d08dec642ba43c0018e30ba14f8c.bin,136,1116,datacopy/UCSB/ade9615654d8d08dec642ba43c0018e30ba14f8c.bin,"[8, 28, 1]"
3877,3b484d7127f97e7265db5bf24d1f1aa93f647014.bin,136,1116,datacopy/UCSB/3b484d7127f97e7265db5bf24d1f1aa93f647014.bin,"[8, 28, 1]"
3878,474f2f2c3caf6b67703ba9751fc8d9ec2bc222aa.bin,136,1116,datacopy/UCSB/474f2f2c3caf6b67703ba9751fc8d9ec2bc222aa.bin,"[8, 28, 1]"
3879,66ddd92887ffb8c7dd212bb45329c267f500d7b5.bin,136,1116,datacopy/UCSB/66ddd92887ffb8c7dd212bb45329c267f500d7b5.bin,"[8, 28, 1]"
3880,4cb5c74466c86aa8308813c05980f59aaab13521.bin,136,1116,datacopy/UCSB/4cb5c74466c86aa8308813c05980f59aaab13521.bin,"[8, 28, 1]"
3881,64df6d67d6bd07297e0f22157ad8ce0d0d0673b7.bin,136,1116,datacopy/UCSB/64df6d67d6bd07297e0f22157ad8ce0d0d0673b7.bin,"[8, 28, 1]"
3882,328ba5d83b86cddb45adcc5834d01bf4efd7e525.bin,136,1116,datacopy/UCSB/328ba5d83b86cddb45adcc5834d01bf4efd7e525.bin,"[8, 28, 1]"
3883,9cd8b485e34ad3e8df23e3b8475de2d9cf5dc535.bin,136,1116,datacopy/UCSB/9cd8b485e34ad3e8df23e3b8475de2d9cf5dc535.bin,"[8, 28, 1]"
3884,6955914fbe593e6652d714d7edea62758a33f8bd.bin,136,1116,datacopy/UCSB/6955914fbe593e6652d714d7edea62758a33f8bd.bin,"[8, 28, 1]"
3885,b9292b3eada0d8ea6b6e1fe862cbff07c08a792b.bin,136,1116,datacopy/UCSB/b9292b3eada0d8ea6b6e1fe862cbff07c08a792b.bin,"[8, 28, 1]"
3886,379c4acb6de0e24f306e1efc59a065cf6631c05d.bin,136,1116,datacopy/UCSB/379c4acb6de0e24f306e1efc59a065cf6631c05d.bin,"[8, 28, 1]"
3887,c648dc9eeac58f33e3e762de279bb78a46f6b6dc.bin,136,1116,datacopy/UCSB/c648dc9eeac58f33e3e762de279bb78a46f6b6dc.bin,"[8, 28, 1]"
3888,16f49840d67d67660c2312131868eadf5f8e2c5e.bin,136,1407,datacopy/UCSB/16f49840d67d67660c2312131868eadf5f8e2c5e.bin,"[8, 28, 1]"
3889,44a619cb6cf4faf440a92275924fdf665a8a6969.bin,136,1116,datacopy/UCSB/44a619cb6cf4faf440a92275924fdf665a8a6969.bin,"[8, 28, 1]"
3890,47ee598977b9bb43a67dff8901348b8c4b973eff.bin,136,1116,datacopy/UCSB/47ee598977b9bb43a67dff8901348b8c4b973eff.bin,"[8, 28, 1]"
3891,709f917fcd974f219141295b9ce0bdf042b2d9f7.bin,136,83,datacopy/UCSB/709f917fcd974f219141295b9ce0bdf042b2d9f7.bin,"[8, 28, 1]"
3892,b9b38964a8f16a5ccf263cdb056d263c03c9b919.bin,136,1116,datacopy/UCSB/b9b38964a8f16a5ccf263cdb056d263c03c9b919.bin,"[8, 28, 1]"
3893,abe59f0ac575b2d6ced560647609d9fa5f0430c9.bin,136,83,datacopy/UCSB/abe59f0ac575b2d6ced560647609d9fa5f0430c9.bin,"[8, 28, 1]"
3894,aa49659269cb34e51920f8f88b47f561bfc3be25.bin,136,1116,datacopy/UCSB/aa49659269cb34e51920f8f88b47f561bfc3be25.bin,"[8, 28, 1]"
3895,e759a1400dfa9a9ebe5348edc3373a747393f4b5.bin,136,83,datacopy/UCSB/e759a1400dfa9a9ebe5348edc3373a747393f4b5.bin,"[8, 28, 1]"
3896,c3408dfb6ed9f07778852c54f489a0eefe04a717.bin,142,1281,datacopy/UCSB.JP/data_feed.geo_japan_6m_public_flag/c/3/4/c3408dfb6ed9f07778852c54f489a0eefe04a717.bin,[45]
3897,f0aed8dc6dfa9fb2304b2d0267f93b4a6b3698ca.bin,142,1281,datacopy/UCSB/f0aed8dc6dfa9fb2304b2d0267f93b4a6b3698ca.bin,[45]
3898,90669d979e378a6df779c977bcdf20bf89ca39fe.bin,142,1281,datacopy/UCSB/90669d979e378a6df779c977bcdf20bf89ca39fe.bin,[45]
3899,183966fc20eeb765b1500b65a26b6c5ea9a90345.bin,142,1281,datacopy/UCSB/183966fc20eeb765b1500b65a26b6c5ea9a90345.bin,[45]
3900,6523e822db8f00b66b7b071e19135f8d1a893653.bin,142,1281,datacopy/UCSB/6523e822db8f00b66b7b071e19135f8d1a893653.bin,[45]
3901,2d3c6c5889ea6f62d3cd2f2de99626a0b1b1e2aa.bin,142,1281,datacopy/UCSB/2d3c6c5889ea6f62d3cd2f2de99626a0b1b1e2aa.bin,[45]
3902,90c7dbd713c3b9cf1573fa847730144cb365145f.bin,142,1281,datacopy/UCSB/90c7dbd713c3b9cf1573fa847730144cb365145f.bin,[45]
3903,62ce9151101c09b383fc22fbb59911e007089b0c.bin,142,1281,datacopy/UCSB/62ce9151101c09b383fc22fbb59911e007089b0c.bin,[45]
3904,a3b9c71304ed8b733347950641dfd85bcc26ecfc.bin,142,1281,datacopy/UCSB/a3b9c71304ed8b733347950641dfd85bcc26ecfc.bin,[45]
3905,002d863e3f7cc9101bb3a9657ec8829b7c5dcde9.bin,142,1281,datacopy/UCSB/002d863e3f7cc9101bb3a9657ec8829b7c5dcde9.bin,[45]
3906,081da061647bc15553fc4cd0b85630bd45e6cb98.bin,142,1281,datacopy/UCSB/081da061647bc15553fc4cd0b85630bd45e6cb98.bin,[45]
3907,db88527f87f15c5fc11d12f2a1b99adee5602232.bin,142,1281,datacopy/UCSB/db88527f87f15c5fc11d12f2a1b99adee5602232.bin,[45]
3908,545f0c145eea08618945126ece80af875269996b.bin,142,1281,datacopy/UCSB/545f0c145eea08618945126ece80af875269996b.bin,[45]
3909,819eb8b7f92624ddf83eacbd57be0ecea41ead20.bin,142,1281,datacopy/UCSB/819eb8b7f92624ddf83eacbd57be0ecea41ead20.bin,[45]
3910,6c7d576b04a4bea2681f587326307fdb18b96c45.bin,142,1281,datacopy/UCSB/6c7d576b04a4bea2681f587326307fdb18b96c45.bin,[45]
3911,10838a19230577646368d2c6f32415e0fba480c8.bin,142,1281,datacopy/UCSB/10838a19230577646368d2c6f32415e0fba480c8.bin,[45]
3912,44fcaabf6cb21174fe0de1ddab98a19c6a648281.bin,142,1281,datacopy/UCSB/44fcaabf6cb21174fe0de1ddab98a19c6a648281.bin,[45]
3913,321ff93da04052d1838d0d9e94e637fc02daa212.bin,142,1281,datacopy/UCSB/321ff93da04052d1838d0d9e94e637fc02daa212.bin,[45]
3914,63a239f7ebbf48726e0c335799e461bf2218f092.bin,142,1281,datacopy/UCSB/63a239f7ebbf48726e0c335799e461bf2218f092.bin,[45]
3915,9c8c3f71eac90278c3df4fd7784a6a997a20bc68.bin,142,1281,datacopy/UCSB/9c8c3f71eac90278c3df4fd7784a6a997a20bc68.bin,[45]
3916,050a05769570a06fd6fa404a8a73ad5ff6eddcdd.bin,142,1281,datacopy/UCSB/050a05769570a06fd6fa404a8a73ad5ff6eddcdd.bin,[45]
3917,4423e2222846f981d6c2b8c59ba64f060daf61ab.bin,142,1281,datacopy/UCSB/4423e2222846f981d6c2b8c59ba64f060daf61ab.bin,[45]
3918,fae833b638d0d474ca5db2f033a878b78449f071.bin,142,1281,datacopy/UCSB/fae833b638d0d474ca5db2f033a878b78449f071.bin,[45]
3919,9be0507cbba691963b1e6756370c85abe0e3eb90.bin,142,1281,datacopy/UCSB/9be0507cbba691963b1e6756370c85abe0e3eb90.bin,[45]
3920,cde22fde606272e9d910a67f1394955236eece30.bin,142,1281,datacopy/UCSB/cde22fde606272e9d910a67f1394955236eece30.bin,[45]
3921,b2ec4c6df36b3843b584b4de1e6f01342a2b002c.bin,142,1281,datacopy/UCSB/b2ec4c6df36b3843b584b4de1e6f01342a2b002c.bin,[45]
3922,b9b35a89b499dffb1fddffaed2dd72b71bb14815.bin,142,1281,datacopy/UCSB/b9b35a89b499dffb1fddffaed2dd72b71bb14815.bin,[45]
3923,0fca6d528a80dce48c77b4a1f138cb340c8a5832.bin,142,1281,datacopy/UCSB/0fca6d528a80dce48c77b4a1f138cb340c8a5832.bin,[45]
3924,ead66324ece891f6942f2f3bcaa5d53ed8b4bdd9.bin,142,1281,datacopy/UCSB/ead66324ece891f6942f2f3bcaa5d53ed8b4bdd9.bin,[45]
3925,6a3d51078ab716ebe7c5404815781c71ce53783c.bin,142,1281,datacopy/UCSB/6a3d51078ab716ebe7c5404815781c71ce53783c.bin,[45]
3926,29109ef63f567623ed728b8d9d71c3a99fdbfed5.bin,142,1281,datacopy/UCSB/29109ef63f567623ed728b8d9d71c3a99fdbfed5.bin,[45]
3927,6477ab91d717069ccca7e30d370641475f04c29e.bin,142,1281,datacopy/UCSB/6477ab91d717069ccca7e30d370641475f04c29e.bin,[45]
3928,43df9785d2d8dca53856fc56429dec2e2a2497ff.bin,142,1281,datacopy/UCSB/43df9785d2d8dca53856fc56429dec2e2a2497ff.bin,[45]
3929,62abef5fe9eeb01864e502a17cbd20606455f825.bin,142,1281,datacopy/UCSB/62abef5fe9eeb01864e502a17cbd20606455f825.bin,[45]
3930,5ee1304c116d9200cb001cf63a0e6aee76683176.bin,142,1281,datacopy/UCSB/5ee1304c116d9200cb001cf63a0e6aee76683176.bin,[45]
3931,0c7b3a402fef338e1c53dd241badd00455c331c6.bin,142,1281,datacopy/UCSB/0c7b3a402fef338e1c53dd241badd00455c331c6.bin,[45]
3932,bd41cfe9618a2102f9209eaab2e0c666f89660c5.bin,142,1281,datacopy/UCSB/bd41cfe9618a2102f9209eaab2e0c666f89660c5.bin,[45]
3933,8f244b4c1b36b5bf3882998f33b35bb8e1b1774b.bin,142,1281,datacopy/UCSB/8f244b4c1b36b5bf3882998f33b35bb8e1b1774b.bin,[45]
3934,6d78e7d496ec4e7b9da9876a0304b54b540b01af.bin,142,1281,datacopy/UCSB/6d78e7d496ec4e7b9da9876a0304b54b540b01af.bin,[45]
3935,cf329816d01327c3fbb2f43576f5142b7ed80c95.bin,142,1281,datacopy/UCSB/cf329816d01327c3fbb2f43576f5142b7ed80c95.bin,[45]
3936,aee3bd9e764241f72309f80c020a84cd54f9dcbf.bin,142,1281,datacopy/UCSB/aee3bd9e764241f72309f80c020a84cd54f9dcbf.bin,[45]
3937,c8ea9b9810e0961439b9c15f43a1e251bcb2b684.bin,142,1281,datacopy/UCSB/c8ea9b9810e0961439b9c15f43a1e251bcb2b684.bin,[45]
3938,3abf98b8f83e66cf55d304949e525d06b3fcb231.bin,142,1281,datacopy/UCSB/3abf98b8f83e66cf55d304949e525d06b3fcb231.bin,[45]
3939,c152d11d1a22b46e8bb6b450a2c06be7e1ff961a.bin,142,1281,datacopy/UCSB/c152d11d1a22b46e8bb6b450a2c06be7e1ff961a.bin,[45]
3940,194da3c0e6fabd1446af91e5331b6e8ad54d97d1.bin,142,1281,datacopy/UCSB/194da3c0e6fabd1446af91e5331b6e8ad54d97d1.bin,[45]
3941,75ac14eb35a8d1b77c51b035ca97b2eb92968da6.bin,142,1281,datacopy/UCSB/75ac14eb35a8d1b77c51b035ca97b2eb92968da6.bin,[45]
3942,88d7591e809e78983448508e4a20d51b1fa2594f.bin,142,1281,datacopy/UCSB/88d7591e809e78983448508e4a20d51b1fa2594f.bin,[45]
3943,aff37f0380774d2168e548627f5e643f89829d15.bin,142,1281,datacopy/UCSB/aff37f0380774d2168e548627f5e643f89829d15.bin,[45]
3944,37c592b26a5726f7cda51297c98ba49379e2ac28.bin,142,1281,datacopy/UCSB/37c592b26a5726f7cda51297c98ba49379e2ac28.bin,[45]
3945,b59f60f8536aa7f0f9074e2bedf5ed596826bd8a.bin,142,1281,datacopy/UCSB/b59f60f8536aa7f0f9074e2bedf5ed596826bd8a.bin,[45]
3946,3c164096a59b3dbea2b98f254596fba9c2f67b5f.bin,142,1281,datacopy/UCSB/3c164096a59b3dbea2b98f254596fba9c2f67b5f.bin,[45]
3947,ac96d967ec5e3418ca7175690fce99c34bf65484.bin,142,1281,datacopy/UCSB/ac96d967ec5e3418ca7175690fce99c34bf65484.bin,[45]
3948,dd10aca310f82700480aa3b946a6251853b1b296.bin,142,1281,datacopy/UCSB/dd10aca310f82700480aa3b946a6251853b1b296.bin,[45]
3949,09eb56c6dbe1a0ffccf6721111cb63b2bb6cf22b.bin,142,1281,datacopy/UCSB/09eb56c6dbe1a0ffccf6721111cb63b2bb6cf22b.bin,[45]
3950,ffadfa4050137c3342b673bb7824caef55bec8cd.bin,142,1281,datacopy/UCSB/ffadfa4050137c3342b673bb7824caef55bec8cd.bin,[45]
3951,66f6c0a1c6da44034fb015f33c6dfebf9530c665.bin,142,1281,datacopy/UCSB/66f6c0a1c6da44034fb015f33c6dfebf9530c665.bin,[45]
3952,7504f4818092f6ce820f8b6e860dcc5378958179.bin,142,1281,datacopy/UCSB/7504f4818092f6ce820f8b6e860dcc5378958179.bin,[45]
3953,d6079e152bfe1350897a265296620525889523f1.bin,142,1281,datacopy/UCSB/d6079e152bfe1350897a265296620525889523f1.bin,[45]
3954,c832e29fc1621294a338609308bcba3e533e5c2a.bin,142,1281,datacopy/UCSB/c832e29fc1621294a338609308bcba3e533e5c2a.bin,[45]
3955,5bc9b3ea9fe27b3a960cdc49aeb48dd14411afc2.bin,142,1281,datacopy/UCSB/5bc9b3ea9fe27b3a960cdc49aeb48dd14411afc2.bin,[45]
3956,459f16a1e86710e4b76af042eb8d135d0630f1e4.bin,142,1281,datacopy/UCSB/459f16a1e86710e4b76af042eb8d135d0630f1e4.bin,[45]
3957,b80b4bf16a0a3b49b2d7b27dd81a33dfee5343fd.bin,142,1281,datacopy/UCSB/b80b4bf16a0a3b49b2d7b27dd81a33dfee5343fd.bin,[45]
3958,a1a0a1b0c5360a0f6c2cb67766b66486b0ed2779.bin,142,1281,datacopy/UCSB/a1a0a1b0c5360a0f6c2cb67766b66486b0ed2779.bin,[45]
3959,8dc7a5ad4c8f4cad2fca5e62f0a87195a5370473.bin,142,1281,datacopy/UCSB/8dc7a5ad4c8f4cad2fca5e62f0a87195a5370473.bin,[45]
3960,87398ede4fe179ecd210d76ea839ad113b302f65.bin,142,1281,datacopy/UCSB/87398ede4fe179ecd210d76ea839ad113b302f65.bin,[45]
3961,bfabb4bd05995f17a94349126bc8f89ab0bf3950.bin,142,1281,datacopy/UCSB/bfabb4bd05995f17a94349126bc8f89ab0bf3950.bin,[45]
3962,4ce48adc42301bf40c63254f43207a159123db95.bin,142,1281,datacopy/UCSB/4ce48adc42301bf40c63254f43207a159123db95.bin,[45]
3963,d976fb55bd07a62873543afcb0101f82599f4d71.bin,142,1281,datacopy/UCSB/d976fb55bd07a62873543afcb0101f82599f4d71.bin,[45]
3964,e45b6b121af4ee400ad173d3cec1eacbc06c4f92.bin,142,1281,datacopy/UCSB/e45b6b121af4ee400ad173d3cec1eacbc06c4f92.bin,[45]
3965,f42131c9da7bfd6b2d6fc1ea188b90ecf1f4f001.bin,142,1281,datacopy/UCSB/f42131c9da7bfd6b2d6fc1ea188b90ecf1f4f001.bin,[45]
3966,8d1ec23b7945a71db618425e58d494d6b2cf2627.bin,142,1281,datacopy/UCSB/8d1ec23b7945a71db618425e58d494d6b2cf2627.bin,[45]
3967,96b3f2e4b92f0acf7da14f64d1bc22881abd6b57.bin,142,1281,datacopy/UCSB/96b3f2e4b92f0acf7da14f64d1bc22881abd6b57.bin,[45]
3968,9b280be34b26a7eeee30f8e0414bb2bec1493817.bin,142,1281,datacopy/UCSB/9b280be34b26a7eeee30f8e0414bb2bec1493817.bin,[45]
3969,84af639b394e03a76925ca49cdccb5bbb9a67f02.bin,142,1281,datacopy/UCSB/84af639b394e03a76925ca49cdccb5bbb9a67f02.bin,[45]
3970,b19105f607a0b800d37786c41c539b25ff7b09e5.bin,142,1281,datacopy/UCSB/b19105f607a0b800d37786c41c539b25ff7b09e5.bin,[45]
3971,50833a0926cc7c272ddff4142a5f7b9faea5f41b.bin,142,1281,datacopy/UCSB/50833a0926cc7c272ddff4142a5f7b9faea5f41b.bin,[45]
3972,d7b90ba9521c1e617355e7f41fae79c292046aa7.bin,142,1281,datacopy/UCSB/d7b90ba9521c1e617355e7f41fae79c292046aa7.bin,[45]
3973,4d0eca307294bd9456cc41cbfab03b7ad56edfd5.bin,142,1281,datacopy/UCSB/4d0eca307294bd9456cc41cbfab03b7ad56edfd5.bin,[45]
3974,7a453b78251a21c252bb26c80f63750f50566c51.bin,142,1281,datacopy/UCSB/7a453b78251a21c252bb26c80f63750f50566c51.bin,[45]
3975,975fc5b7b59937d588d0cbccdc3658539c53fae1.bin,142,1281,datacopy/UCSB/975fc5b7b59937d588d0cbccdc3658539c53fae1.bin,[45]
3976,b861f5f1dd2b13c3fd2c78bce0c4e089d32ae61c.bin,142,1281,datacopy/UCSB/b861f5f1dd2b13c3fd2c78bce0c4e089d32ae61c.bin,[45]
3977,ee02c72c9d7d36f1dc080a7183f08821a62ab2e5.bin,142,1281,datacopy/UCSB/ee02c72c9d7d36f1dc080a7183f08821a62ab2e5.bin,[45]
3978,b2ac666de3896462179cd49ca51067a3c80a8bab.bin,142,1281,datacopy/UCSB/b2ac666de3896462179cd49ca51067a3c80a8bab.bin,[45]
3979,c7374ebd01badd540f0e719d65302cfc4a1d67bf.bin,142,1281,datacopy/UCSB/c7374ebd01badd540f0e719d65302cfc4a1d67bf.bin,[45]
3980,64faad039f23a539fe4235a0cfc2de2cd6fedeaa.bin,142,1281,datacopy/UCSB/64faad039f23a539fe4235a0cfc2de2cd6fedeaa.bin,[45]
3981,cbcb3240f98fba422e01eb9134942b954e1d49f7.bin,142,1281,datacopy/UCSB/cbcb3240f98fba422e01eb9134942b954e1d49f7.bin,[45]
3982,ed8af23ce7581c64150aecfcff67a49af2d37266.bin,142,1281,datacopy/UCSB/ed8af23ce7581c64150aecfcff67a49af2d37266.bin,[45]
3983,7d5a55958d816f7c690985a4b3123fa25f562065.bin,142,1281,datacopy/UCSB/7d5a55958d816f7c690985a4b3123fa25f562065.bin,[45]
3984,80f7b2324bd830fd1b001c6aa71596f5384d73f5.bin,142,1281,datacopy/UCSB/80f7b2324bd830fd1b001c6aa71596f5384d73f5.bin,[45]
3985,20f72d955753fbbf4eff29f6e1e2c307a35b8222.bin,142,1281,datacopy/UCSB/20f72d955753fbbf4eff29f6e1e2c307a35b8222.bin,[45]
3986,2318d31a9352e00960203028b0ca78b6696904e0.bin,142,1281,datacopy/UCSB/2318d31a9352e00960203028b0ca78b6696904e0.bin,[45]
3987,d8161ccfe20b6006841c8276d5c1d166fc3e1ca1980b05b1fa0131663b084b20,142,1281,datacopy/Stefano/d8161ccfe20b6006841c8276d5c1d166fc3e1ca1980b05b1fa0131663b084b20,[45]
3988,465333c6cdef372e98ccbe062d1f4daa7a236e0e55b1542dd111453b6f5e2d75,142,1281,datacopy/Stefano/465333c6cdef372e98ccbe062d1f4daa7a236e0e55b1542dd111453b6f5e2d75,[45]
3989,ff33387b05ed60ff8a375684ab600e84cb8816e9337fc17a3be9b7160783c4c0,142,1281,datacopy/Stefano/ff33387b05ed60ff8a375684ab600e84cb8816e9337fc17a3be9b7160783c4c0,[45]
3990,0283c8f85781d98e2809e9b8366b09a8a64f691b9fe8e2f1caa5b352ead2a153,142,1281,datacopy/Stefano/0283c8f85781d98e2809e9b8366b09a8a64f691b9fe8e2f1caa5b352ead2a153,[45]
3991,9d46ea1c5e89620efa22d7e05d70603fb997e01972e68dd7aff3265ccd6022c3,142,1281,datacopy/Stefano/9d46ea1c5e89620efa22d7e05d70603fb997e01972e68dd7aff3265ccd6022c3,[45]
3992,fa548283a8b3fde19f48adf527e68e57cca7f4f22d1fc4b5221b52d3ec7ebc18,142,1281,datacopy/Stefano/fa548283a8b3fde19f48adf527e68e57cca7f4f22d1fc4b5221b52d3ec7ebc18,[45]
3993,590c4bd169ee6bc715fb8c739427def092f789ab73354bde1c31839a11794ed1,142,1281,datacopy/Stefano/590c4bd169ee6bc715fb8c739427def092f789ab73354bde1c31839a11794ed1,[45]
3994,84227d115ffab54d3353964b5a456584e8bf904166e86e8aef4f40e7204bba4e,142,1281,datacopy/Stefano/84227d115ffab54d3353964b5a456584e8bf904166e86e8aef4f40e7204bba4e,[45]
3995,e9acd9c0c50943d3c17003cacb55de47a9dfa039bfa257d0a0427c2ebbb4c2e2,142,1281,datacopy/Stefano/e9acd9c0c50943d3c17003cacb55de47a9dfa039bfa257d0a0427c2ebbb4c2e2,[45]
3996,bf9b5598df46a350d4b68583300638c675b854e9f49055a1d83c91bb246dcd0b,142,1281,datacopy/Stefano/bf9b5598df46a350d4b68583300638c675b854e9f49055a1d83c91bb246dcd0b,[45]
3997,173000c8e7767ab8165a3077bdfb68a4209b59cebba0d49be73150592c635737,142,1281,datacopy/Stefano/173000c8e7767ab8165a3077bdfb68a4209b59cebba0d49be73150592c635737,[45]
3998,69151fb0935a58ed9713940b5d4d524db4caaf0d4fd81bbc7f024bfb6ed41bc2,142,1281,datacopy/Stefano/69151fb0935a58ed9713940b5d4d524db4caaf0d4fd81bbc7f024bfb6ed41bc2,[45]
3999,7323cffe668ef5ba42f70a00acc1a48c367a89a3856bb55ae7dc5fe6ecea4f53,142,1281,datacopy/Stefano/7323cffe668ef5ba42f70a00acc1a48c367a89a3856bb55ae7dc5fe6ecea4f53,[45]
4000,eff23fb7ac509f74f56701d50055e080e764144fa1aef89a19d384f670ed8c3b,142,1281,datacopy/Stefano/eff23fb7ac509f74f56701d50055e080e764144fa1aef89a19d384f670ed8c3b,[45]
4001,dbc694d431d9c5234864f2ae6ae71176292be3c4a5798491b100a9308b0522fa,142,1281,datacopy/Stefano/dbc694d431d9c5234864f2ae6ae71176292be3c4a5798491b100a9308b0522fa,[45]
4002,68dd008db2be40962c40bd3d2d981fcf7d7c154fbe0e14ce5935bebda0ca648a,142,1281,datacopy/Stefano/68dd008db2be40962c40bd3d2d981fcf7d7c154fbe0e14ce5935bebda0ca648a,[45]
4003,bdeff005ef12b1baea0880a575f74d6eeeccfeb4a431cc6724c9e5c20c4a71cf,142,1281,datacopy/Stefano/bdeff005ef12b1baea0880a575f74d6eeeccfeb4a431cc6724c9e5c20c4a71cf,[45]
4004,4959e92c9e41cdbe7947054e06816fdff22a6fc483a6ca5a08ee08f2944b7e00,142,1281,datacopy/Stefano/4959e92c9e41cdbe7947054e06816fdff22a6fc483a6ca5a08ee08f2944b7e00,[45]
4005,06d74c5b650249516a423f39b4817231e1f8b2c6d1c1220aead5956bfcd400c6,142,1281,datacopy/Stefano/06d74c5b650249516a423f39b4817231e1f8b2c6d1c1220aead5956bfcd400c6,[45]
4006,059cecdf47db774681ab34fe350a3834e878ddab4f77fd7dc07e5d1be2d5f46d,142,1281,datacopy/Stefano/059cecdf47db774681ab34fe350a3834e878ddab4f77fd7dc07e5d1be2d5f46d,[45]
4007,ee8b171ce83227a26797870851bcc134331bb7bfcb8c7c5e2bbeea5a9cde0b5d,142,1281,datacopy/Stefano/ee8b171ce83227a26797870851bcc134331bb7bfcb8c7c5e2bbeea5a9cde0b5d,[45]
4008,027ef9bb4cff1bdd6ea8513cdc3c3db8f486d9f6c057b4f8d1984095796c7571,142,1281,datacopy/Stefano/027ef9bb4cff1bdd6ea8513cdc3c3db8f486d9f6c057b4f8d1984095796c7571,[45]
4009,472f77276cdcf8334c51de6465d415d8f56d8470c07eb826583f81f2c1cb28b7,142,1281,datacopy/Stefano/472f77276cdcf8334c51de6465d415d8f56d8470c07eb826583f81f2c1cb28b7,[45]
4010,5c94c829690bab57b084b40ea12b919024a2e590d6fb27815fe337fcf10cf6d3,142,1281,datacopy/Stefano/5c94c829690bab57b084b40ea12b919024a2e590d6fb27815fe337fcf10cf6d3,[45]
4011,941fc01b8ba17bda7cf075631e490371c3b9ca1a13cc649c7b0a9a82bbf85cbe,142,1281,datacopy/Stefano/941fc01b8ba17bda7cf075631e490371c3b9ca1a13cc649c7b0a9a82bbf85cbe,[45]
4012,1619fde14f69368b0e63fec7228d376b76330912.bin,145,1249,datacopy/UCSB/1619fde14f69368b0e63fec7228d376b76330912.bin,"[5, 2]"
4013,f7d32dfb227e4d1bb980f7e48222b2f92362c335.bin,145,1249,datacopy/UCSB/f7d32dfb227e4d1bb980f7e48222b2f92362c335.bin,"[5, 2]"
4014,9e5bd2157f956a0dc9ade4a0034c772fb0a4c968.bin,145,1318,datacopy/UCSB/9e5bd2157f956a0dc9ade4a0034c772fb0a4c968.bin,"[5, 2]"
4015,6f302da515303dca75c53f80b041782a8e014e3e.bin,145,1249,datacopy/UCSB/6f302da515303dca75c53f80b041782a8e014e3e.bin,"[5, 2]"
4016,d0f52570578816dc2a80d83abe054b2028fe7a59.bin,145,1249,datacopy/UCSB/d0f52570578816dc2a80d83abe054b2028fe7a59.bin,"[5, 2]"
4017,3336408ebfd03638e45e4d800d88c1221d1b9891.bin,145,1249,datacopy/UCSB/3336408ebfd03638e45e4d800d88c1221d1b9891.bin,"[5, 2]"
4018,08af846ad9127376d8de2a1815b5839e64cbf1b2.bin,145,1249,datacopy/UCSB/08af846ad9127376d8de2a1815b5839e64cbf1b2.bin,"[5, 2]"
4019,a5690eb46dcc91205c48186f7361a16cd19eaaf1.bin,145,1249,datacopy/UCSB/a5690eb46dcc91205c48186f7361a16cd19eaaf1.bin,"[5, 2]"
4020,723412530fe1aba7638d5e5266480fa087a548a1.bin,145,1249,datacopy/UCSB/723412530fe1aba7638d5e5266480fa087a548a1.bin,"[5, 2]"
4021,4beac51e10b8d9f98aeac6b7eaaece1c9ab40fde.bin,145,1318,datacopy/UCSB/4beac51e10b8d9f98aeac6b7eaaece1c9ab40fde.bin,"[5, 2]"
4022,c12341e0f284f98e315b656c35069d9075b6934e.bin,145,1318,datacopy/UCSB/c12341e0f284f98e315b656c35069d9075b6934e.bin,"[5, 2]"
4023,a41737b39494b9060a8fa865aa098dcf1992449e.bin,145,1249,datacopy/UCSB/a41737b39494b9060a8fa865aa098dcf1992449e.bin,"[5, 2]"
4024,969e480a06ce394211ae29c1a75f2cc530824a8e.bin,145,1249,datacopy/UCSB/969e480a06ce394211ae29c1a75f2cc530824a8e.bin,"[5, 2]"
4025,6007e960844fbbea561fedcc44cbd5c475e6f5d8.bin,145,1249,datacopy/UCSB/6007e960844fbbea561fedcc44cbd5c475e6f5d8.bin,"[5, 2]"
4026,c4d400b6a013741234e5cc4d277f643f51cbb05c.bin,145,1249,datacopy/UCSB/c4d400b6a013741234e5cc4d277f643f51cbb05c.bin,"[5, 2]"
4027,0c773d119c22f0ab1c19f07f288d39cb54aaca6f.bin,145,1318,datacopy/UCSB/0c773d119c22f0ab1c19f07f288d39cb54aaca6f.bin,"[5, 2]"
4028,08d60481e32f8adfa4c3632a07c36971804c16ba.bin,145,1249,datacopy/UCSB/08d60481e32f8adfa4c3632a07c36971804c16ba.bin,"[5, 2]"
4029,1cbb278d3249a2e988072c13f6f83bb611f263ef.bin,145,1318,datacopy/UCSB/1cbb278d3249a2e988072c13f6f83bb611f263ef.bin,"[5, 2]"
4030,8c419f0b7a70514daafac8825aa9aa618dc31c34.bin,145,1249,datacopy/UCSB/8c419f0b7a70514daafac8825aa9aa618dc31c34.bin,"[5, 2]"
4031,11ba2dd2c73de8f3833939ac032cfaec94055a83.bin,145,1249,datacopy/UCSB/11ba2dd2c73de8f3833939ac032cfaec94055a83.bin,"[5, 2]"
4032,94ddd0e512be3782dd2eafcca7514d365ade5631.bin,145,1249,datacopy/UCSB/94ddd0e512be3782dd2eafcca7514d365ade5631.bin,"[5, 2]"
4033,34466c3f3b8240466a61a98a8938afdb0eeafbbe.bin,145,1249,datacopy/UCSB/34466c3f3b8240466a61a98a8938afdb0eeafbbe.bin,"[5, 2]"
4034,14ae5494e91d1bfa8339724d84c30a9039b9a618.bin,145,1249,datacopy/UCSB/14ae5494e91d1bfa8339724d84c30a9039b9a618.bin,"[5, 2]"
4035,a99b90752b5966e61ce6804c44353765e9e92fac.bin,145,1249,datacopy/UCSB/a99b90752b5966e61ce6804c44353765e9e92fac.bin,"[5, 2]"
4036,7b8db02608848782e77484c3b90be6d1a33fd734.bin,145,1318,datacopy/UCSB/7b8db02608848782e77484c3b90be6d1a33fd734.bin,"[5, 2]"
4037,248be54e6f88b782ce4814f2a4eba0e8d535a5e3.bin,145,1249,datacopy/UCSB/248be54e6f88b782ce4814f2a4eba0e8d535a5e3.bin,"[5, 2]"
4038,81dbe2ed514e92e227ebe13f2ef6e09773cc998b.bin,145,1318,datacopy/UCSB/81dbe2ed514e92e227ebe13f2ef6e09773cc998b.bin,"[5, 2]"
4039,4140bd1fae302b242c1de5f4a8f75777a99df898.bin,145,1318,datacopy/UCSB/4140bd1fae302b242c1de5f4a8f75777a99df898.bin,"[5, 2]"
4040,9a8c3e88b142dd7ef754ecff505ab06309d9d5cd.bin,145,1249,datacopy/UCSB/9a8c3e88b142dd7ef754ecff505ab06309d9d5cd.bin,"[5, 2]"
4041,8713b3989bbebc03a4d2440923489562512cf3fb.bin,145,1249,datacopy/UCSB/8713b3989bbebc03a4d2440923489562512cf3fb.bin,"[5, 2]"
4042,8d405401f27b037d5316aa7488f9ffc1ce65eafb.bin,145,1318,datacopy/UCSB/8d405401f27b037d5316aa7488f9ffc1ce65eafb.bin,"[5, 2]"
4043,1d02f7f316f54fe0022661b9200c74ce91aaea41.bin,145,1249,datacopy/UCSB/1d02f7f316f54fe0022661b9200c74ce91aaea41.bin,"[5, 2]"
4044,b29b04ce95d6c1031a24907ea52a60c0758435d7.bin,145,1249,datacopy/UCSB/b29b04ce95d6c1031a24907ea52a60c0758435d7.bin,"[5, 2]"
4045,0623fa938e3bf07514fea1eff92c68e2bf54e3f4.bin,145,1318,datacopy/UCSB/0623fa938e3bf07514fea1eff92c68e2bf54e3f4.bin,"[5, 2]"
4046,adda856d206bcbe4bafc88ba47ed4a587bea5c77.bin,145,1249,datacopy/UCSB/adda856d206bcbe4bafc88ba47ed4a587bea5c77.bin,"[5, 2]"
4047,59836ca3fd9ac4525abf8d75335dc89c712d6e07.bin,145,1249,datacopy/UCSB/59836ca3fd9ac4525abf8d75335dc89c712d6e07.bin,"[5, 2]"
4048,d71d3f2c157cdbb53daff70534cef263c20226f4.bin,145,1249,datacopy/UCSB/d71d3f2c157cdbb53daff70534cef263c20226f4.bin,"[5, 2]"
4049,8af154b02ef54b0460816b81e57a39b2cea1a77c.bin,145,1318,datacopy/UCSB/8af154b02ef54b0460816b81e57a39b2cea1a77c.bin,"[5, 2]"
4050,2b56e58f8b1e29a0a17358f363fbae6560881768.bin,145,1249,datacopy/UCSB/2b56e58f8b1e29a0a17358f363fbae6560881768.bin,"[5, 2]"
4051,3df2b24f34bdca4e2eef9a17249485e1fabbef2f.bin,145,1249,datacopy/UCSB/3df2b24f34bdca4e2eef9a17249485e1fabbef2f.bin,"[5, 2]"
4052,8381b5d952b96fe9f5f8a79433aa49eec6707f28.bin,145,1249,datacopy/UCSB/8381b5d952b96fe9f5f8a79433aa49eec6707f28.bin,"[5, 2]"
4053,56a605aa5c4e189e7b6a0378d277f8ed7afe9c1b.bin,145,1249,datacopy/UCSB/56a605aa5c4e189e7b6a0378d277f8ed7afe9c1b.bin,"[5, 2]"
4054,ae69d033655292892ebc07e5ca22aba98fd1488f.bin,145,1249,datacopy/UCSB/ae69d033655292892ebc07e5ca22aba98fd1488f.bin,"[5, 2]"
4055,8b022c60fb7ec7d7c57209f1c012726e8f7fa1f4.bin,145,1249,datacopy/UCSB/8b022c60fb7ec7d7c57209f1c012726e8f7fa1f4.bin,"[5, 2]"
4056,c7799f6981bcd63f798e616668fd9da90d6fd652.bin,145,1249,datacopy/UCSB/c7799f6981bcd63f798e616668fd9da90d6fd652.bin,"[5, 2]"
4057,ca1f3b89febb8c5fedb65ff7fb30da5d72401bc3.bin,145,1249,datacopy/UCSB/ca1f3b89febb8c5fedb65ff7fb30da5d72401bc3.bin,"[5, 2]"
4058,59dee6efaf303993f4e2151131d83877a5d88266.bin,145,1249,datacopy/UCSB/59dee6efaf303993f4e2151131d83877a5d88266.bin,"[5, 2]"
4059,0eaa360aa746ab6c85a43d6d42f31cd7297272e5.bin,145,1249,datacopy/UCSB/0eaa360aa746ab6c85a43d6d42f31cd7297272e5.bin,"[5, 2]"
4060,5b8be9f3f6497bd268368d9eaf40fccd73704289.bin,145,1249,datacopy/UCSB/5b8be9f3f6497bd268368d9eaf40fccd73704289.bin,"[5, 2]"
4061,c16d515e0cf08c724de9de0384058dfe53cd6035.bin,145,1318,datacopy/UCSB/c16d515e0cf08c724de9de0384058dfe53cd6035.bin,"[5, 2]"
4062,f539bee2773c5a334b1ea456361da72d73fa40d0.bin,145,1249,datacopy/UCSB/f539bee2773c5a334b1ea456361da72d73fa40d0.bin,"[5, 2]"
4063,e5d489e5bf3e4605774f29c619c978f79b2b3f3e.bin,145,1249,datacopy/UCSB/e5d489e5bf3e4605774f29c619c978f79b2b3f3e.bin,"[5, 2]"
4064,d1fc9c1bca28bf690be3119aada6735a5912a21b.bin,145,1249,datacopy/UCSB/d1fc9c1bca28bf690be3119aada6735a5912a21b.bin,"[5, 2]"
4065,d79b50125229afcfc41f9a60884450d1d3a12e0d.bin,145,1318,datacopy/UCSB/d79b50125229afcfc41f9a60884450d1d3a12e0d.bin,"[5, 2]"
4066,6ce3498379cc61abe2319fbceebad6342129423a.bin,145,1249,datacopy/UCSB/6ce3498379cc61abe2319fbceebad6342129423a.bin,"[5, 2]"
4067,7925d7c089075a30d8d92d543c0a1cab3f401483.bin,145,1249,datacopy/UCSB/7925d7c089075a30d8d92d543c0a1cab3f401483.bin,"[5, 2]"
4068,901dfaba3c172e8ba725c21ae5178b9b260e9ff4.bin,145,1249,datacopy/UCSB/901dfaba3c172e8ba725c21ae5178b9b260e9ff4.bin,"[5, 2]"
4069,68f358e8a14e8564a158f21aec0e5873612c8a01.bin,145,1318,datacopy/UCSB/68f358e8a14e8564a158f21aec0e5873612c8a01.bin,"[5, 2]"
4070,fe8b5b13b28bcdbdd0e071eeaeab632f86806663.bin,145,1249,datacopy/UCSB/fe8b5b13b28bcdbdd0e071eeaeab632f86806663.bin,"[5, 2]"
4071,24724c5007c9b82982511c52de6b486706a4c742.bin,145,1318,datacopy/UCSB/24724c5007c9b82982511c52de6b486706a4c742.bin,"[5, 2]"
4072,67727b1dd9b1a8a17d7857c09547db505692033e.bin,145,1318,datacopy/UCSB/67727b1dd9b1a8a17d7857c09547db505692033e.bin,"[5, 2]"
4073,39008738f37f6a96553c3a2eacf29339b940518f.bin,145,1249,datacopy/UCSB/39008738f37f6a96553c3a2eacf29339b940518f.bin,"[5, 2]"
4074,751e0fb5323bb2da7cd8fd028eba03f555b53d71.bin,145,1249,datacopy/UCSB/751e0fb5323bb2da7cd8fd028eba03f555b53d71.bin,"[5, 2]"
4075,5d811771cae1dc211a1f69724f31da73d13f5289.bin,145,1318,datacopy/UCSB/5d811771cae1dc211a1f69724f31da73d13f5289.bin,"[5, 2]"
4076,17ff24fac64d0c7cc900cc22f82508c1b3a2bc32.bin,145,1318,datacopy/UCSB/17ff24fac64d0c7cc900cc22f82508c1b3a2bc32.bin,"[5, 2]"
4077,0b5b501629a1f64fe43d6dd555f071fb0304069e.bin,145,1249,datacopy/UCSB/0b5b501629a1f64fe43d6dd555f071fb0304069e.bin,"[5, 2]"
4078,c2558a99f7aef8a2a7daebc28033bbb4459e4131.bin,145,1249,datacopy/UCSB/c2558a99f7aef8a2a7daebc28033bbb4459e4131.bin,"[5, 2]"
4079,33c1b91f57cb6f1f174aff1aa25aea54cde065c6.bin,145,1249,datacopy/UCSB/33c1b91f57cb6f1f174aff1aa25aea54cde065c6.bin,"[5, 2]"
4080,632ca3c772fd02684e5e9ac6b5162390d2389259.bin,145,1249,datacopy/UCSB/632ca3c772fd02684e5e9ac6b5162390d2389259.bin,"[5, 2]"
4081,bb0a981f1b5439a482754a3ea2bfbf3040cbb479.bin,145,1249,datacopy/UCSB/bb0a981f1b5439a482754a3ea2bfbf3040cbb479.bin,"[5, 2]"
4082,8354a22e0d9e4bd88ea4a2b8dc3b0003734bb5ef.bin,145,1249,datacopy/UCSB/8354a22e0d9e4bd88ea4a2b8dc3b0003734bb5ef.bin,"[5, 2]"
4083,d0db822eba1011331fd9ff0b80396560da4c5ceb.bin,145,1249,datacopy/UCSB/d0db822eba1011331fd9ff0b80396560da4c5ceb.bin,"[5, 2]"
4084,80a75ac2a87110a03cddd1ecab751e6c6abf7225.bin,145,1318,datacopy/UCSB/80a75ac2a87110a03cddd1ecab751e6c6abf7225.bin,"[5, 2]"
4085,c86afaf74e2ef25a7ffbd261d19bbc1580731abf.bin,145,1249,datacopy/UCSB/c86afaf74e2ef25a7ffbd261d19bbc1580731abf.bin,"[5, 2]"
4086,5adb333c322e0fb9c652877afc474446d5482d80.bin,145,1318,datacopy/UCSB/5adb333c322e0fb9c652877afc474446d5482d80.bin,"[5, 2]"
4087,4b28ad7db0024f6baa5800769210b1928d95c145.bin,145,1249,datacopy/UCSB/4b28ad7db0024f6baa5800769210b1928d95c145.bin,"[5, 2]"
4088,8582b04e4c513491d5c2b2808cec317c3c2602d3.bin,145,1249,datacopy/UCSB/8582b04e4c513491d5c2b2808cec317c3c2602d3.bin,"[5, 2]"
4089,8662b8f04e940dbf2150d2eb7bd0e1049410fb1e.bin,145,1249,datacopy/UCSB/8662b8f04e940dbf2150d2eb7bd0e1049410fb1e.bin,"[5, 2]"
4090,10787a6ae9b30cc06b119175015a5a0833fa9aad.bin,145,1249,datacopy/UCSB/10787a6ae9b30cc06b119175015a5a0833fa9aad.bin,"[5, 2]"
4091,73216ec6869d096d07dc732299fe9539a339eb2b.bin,145,1249,datacopy/UCSB/73216ec6869d096d07dc732299fe9539a339eb2b.bin,"[5, 2]"
4092,c95900a1fb8ac92363083486a08a414976e0f164.bin,145,1249,datacopy/UCSB/c95900a1fb8ac92363083486a08a414976e0f164.bin,"[5, 2]"
4093,ce3f72db54694bea411e1764ca1cc937465afb06.bin,145,1318,datacopy/UCSB/ce3f72db54694bea411e1764ca1cc937465afb06.bin,"[5, 2]"
4094,d552db68bdac0da727d00dc55de34f600e15a853.bin,145,1249,datacopy/UCSB/d552db68bdac0da727d00dc55de34f600e15a853.bin,"[5, 2]"
4095,415343683852f5ffc7694ae46f6294878fb1775c.bin,145,1249,datacopy/UCSB/415343683852f5ffc7694ae46f6294878fb1775c.bin,"[5, 2]"
4096,e83def3051b8cf40a4acda36bd2996933f266600.bin,145,1318,datacopy/UCSB/e83def3051b8cf40a4acda36bd2996933f266600.bin,"[5, 2]"
4097,92a74ddeac2782f9c8b6f791576b4c61af2b3eac.bin,145,1249,datacopy/UCSB/92a74ddeac2782f9c8b6f791576b4c61af2b3eac.bin,"[5, 2]"
4098,11a71bdba7dccfde5e4067867ff0f622519a8659.bin,145,1249,datacopy/UCSB/11a71bdba7dccfde5e4067867ff0f622519a8659.bin,"[5, 2]"
4099,a566a18359d6a5d014702d5621af4b3a002e605c.bin,145,1249,datacopy/UCSB/a566a18359d6a5d014702d5621af4b3a002e605c.bin,"[5, 2]"
4100,b842641081139623403d123a2d4b81c121a8493a.bin,145,1249,datacopy/UCSB/b842641081139623403d123a2d4b81c121a8493a.bin,"[5, 2]"
4101,10f83bc8c3428f13d3bd070aa7b8b9347dca44c1.bin,145,1318,datacopy/UCSB/10f83bc8c3428f13d3bd070aa7b8b9347dca44c1.bin,"[5, 2]"
4102,d46e240632b1d99392c17cf388d468622ac896de.bin,145,1249,datacopy/UCSB/d46e240632b1d99392c17cf388d468622ac896de.bin,"[5, 2]"
4103,ffb98936e397af57807fac8826a6d47c9cd3ee06.bin,145,1249,datacopy/UCSB/ffb98936e397af57807fac8826a6d47c9cd3ee06.bin,"[5, 2]"
4104,665515485df0aa8a43ec2f1f7d53231651ee1f78.bin,145,1318,datacopy/UCSB/665515485df0aa8a43ec2f1f7d53231651ee1f78.bin,"[5, 2]"
4105,b4bdcf718364a1cf5161cff7f79751005da41017.bin,145,1249,datacopy/UCSB/b4bdcf718364a1cf5161cff7f79751005da41017.bin,"[5, 2]"
4106,90cf02b5fe4645441ce8073dee0f7793e61ba036.bin,145,1249,datacopy/UCSB/90cf02b5fe4645441ce8073dee0f7793e61ba036.bin,"[5, 2]"
4107,227447dd796dbbf68db36ae4268dda84024609b2.bin,145,1318,datacopy/UCSB/227447dd796dbbf68db36ae4268dda84024609b2.bin,"[5, 2]"
4108,69452456cbe4f68aaaa3b4f632ff501997056d27.bin,145,1318,datacopy/UCSB/69452456cbe4f68aaaa3b4f632ff501997056d27.bin,"[5, 2]"
4109,c3d57d898a4ea88a6cd12004ca261ea27eee3e4c.bin,145,1249,datacopy/UCSB/c3d57d898a4ea88a6cd12004ca261ea27eee3e4c.bin,"[5, 2]"
4110,ec4725c3e60893a86c1de0a81586c5cca260d1af.bin,145,1249,datacopy/UCSB/ec4725c3e60893a86c1de0a81586c5cca260d1af.bin,"[5, 2]"
4111,cadbacd5c146b91bae616f66fe2639d4fe08674b.bin,145,1249,datacopy/UCSB/cadbacd5c146b91bae616f66fe2639d4fe08674b.bin,"[5, 2]"
4112,312fcd79a4a971b2e6ce70dbf07e12bd30716d4b.bin,145,1249,datacopy/UCSB/312fcd79a4a971b2e6ce70dbf07e12bd30716d4b.bin,"[5, 2]"
4113,5f378403a2ea41a9089a2e8f9f19ab573432572e.bin,145,1249,datacopy/UCSB/5f378403a2ea41a9089a2e8f9f19ab573432572e.bin,"[5, 2]"
4114,05cabd48dac1c1145e2c91fbf3c73eddb9ee4923.bin,145,1249,datacopy/UCSB/05cabd48dac1c1145e2c91fbf3c73eddb9ee4923.bin,"[5, 2]"
4115,2cd994c493fa5b84f6c0491854884ed02337e497.bin,145,1249,datacopy/UCSB/2cd994c493fa5b84f6c0491854884ed02337e497.bin,"[5, 2]"
4116,bf62dc9487254d79a0fb5697533f85b5a83397fc.bin,145,1249,datacopy/UCSB/bf62dc9487254d79a0fb5697533f85b5a83397fc.bin,"[5, 2]"
4117,21fc5ce9c9aa3abd00a73bffaa741670ada41eb0.bin,145,1249,datacopy/UCSB/21fc5ce9c9aa3abd00a73bffaa741670ada41eb0.bin,"[5, 2]"
4118,b74186d7f77e939ca109b25bbf013ca4db82be06.bin,145,1249,datacopy/UCSB/b74186d7f77e939ca109b25bbf013ca4db82be06.bin,"[5, 2]"
4119,a95947eb42af5773ab060163e2509a7db42397ec.bin,145,1318,datacopy/UCSB/a95947eb42af5773ab060163e2509a7db42397ec.bin,"[5, 2]"
4120,95d6ceb8572c08830cbeef5f0def40c4e21ae93c.bin,145,1249,datacopy/UCSB/95d6ceb8572c08830cbeef5f0def40c4e21ae93c.bin,"[5, 2]"
4121,d2b879d54e85e7b56d9809971be2f11ae34368a6.bin,145,1318,datacopy/UCSB/d2b879d54e85e7b56d9809971be2f11ae34368a6.bin,"[5, 2]"
4122,185598c1173a4382fc21c4d1281c2f8aaf040860.bin,145,1249,datacopy/UCSB/185598c1173a4382fc21c4d1281c2f8aaf040860.bin,"[5, 2]"
4123,9b1a3428eefdb9ba0ce8e53f87ef9446fd88ee5f.bin,145,1318,datacopy/UCSB/9b1a3428eefdb9ba0ce8e53f87ef9446fd88ee5f.bin,"[5, 2]"
4124,2fd3224fab5a0117a4bc6a0464063d7e3ca808b4.bin,145,1249,datacopy/UCSB/2fd3224fab5a0117a4bc6a0464063d7e3ca808b4.bin,"[5, 2]"
4125,88b6b792d54dbcd0a0baf3cc3fea17f69eea2230.bin,145,1318,datacopy/UCSB/88b6b792d54dbcd0a0baf3cc3fea17f69eea2230.bin,"[5, 2]"
4126,f765044d09c89c43d5fd0548d4bc9f2d940e278b.bin,145,1249,datacopy/UCSB/f765044d09c89c43d5fd0548d4bc9f2d940e278b.bin,"[5, 2]"
4127,1b7bbda59871666770880d8389d67cc52a8ea053.bin,145,1249,datacopy/UCSB/1b7bbda59871666770880d8389d67cc52a8ea053.bin,"[5, 2]"
4128,82c21969584165ab667e3a2c88cf12c51d47b840.bin,145,1249,datacopy/UCSB/82c21969584165ab667e3a2c88cf12c51d47b840.bin,"[5, 2]"
4129,126e796a73cb42ceea6eab99fec2b4543a46d05f.bin,145,1249,datacopy/UCSB/126e796a73cb42ceea6eab99fec2b4543a46d05f.bin,"[5, 2]"
4130,20c49ca98cf54f82667f7fcaeb0e87aef1ef5a81.bin,145,1249,datacopy/UCSB/20c49ca98cf54f82667f7fcaeb0e87aef1ef5a81.bin,"[5, 2]"
4131,a8d4523f14a16de0e33f416f4edc16c255158d6a.bin,145,1249,datacopy/UCSB/a8d4523f14a16de0e33f416f4edc16c255158d6a.bin,"[5, 2]"
4132,72aaafa96b34671fe50be23b2e1a7acb6ea9764d.bin,145,1249,datacopy/UCSB/72aaafa96b34671fe50be23b2e1a7acb6ea9764d.bin,"[5, 2]"
4133,d39f166ab7e586a2705ea7de3caf2a953bb5fcc9.bin,145,1318,datacopy/UCSB/d39f166ab7e586a2705ea7de3caf2a953bb5fcc9.bin,"[5, 2]"
4134,4f5cf34996457a9e7b2b3955648c103c8d581a7e.bin,145,1249,datacopy/UCSB/4f5cf34996457a9e7b2b3955648c103c8d581a7e.bin,"[5, 2]"
4135,ff136d88510102179a531979f7c3e7aebe291759.bin,145,1249,datacopy/UCSB/ff136d88510102179a531979f7c3e7aebe291759.bin,"[5, 2]"
4136,b4877087f82f36363eedd9389b19a83caf1aff57.bin,145,1249,datacopy/UCSB/b4877087f82f36363eedd9389b19a83caf1aff57.bin,"[5, 2]"
4137,5c42aabf257e6ec4da28bd52ced7c0e2a36e5992.bin,145,1318,datacopy/UCSB/5c42aabf257e6ec4da28bd52ced7c0e2a36e5992.bin,"[5, 2]"
4138,341c853f653fe623ed1262ebfd5b29f5f569f55b.bin,145,1249,datacopy/UCSB/341c853f653fe623ed1262ebfd5b29f5f569f55b.bin,"[5, 2]"
4139,e2e9740c6ab672b4986d9f3502c4b95d5ad88632.bin,145,1249,datacopy/UCSB/e2e9740c6ab672b4986d9f3502c4b95d5ad88632.bin,"[5, 2]"
4140,8977f3d43d7235b5a5907e2e7be121ef56efba6a.bin,145,1249,datacopy/UCSB/8977f3d43d7235b5a5907e2e7be121ef56efba6a.bin,"[5, 2]"
4141,0f0651c470a4ccac0c936a1c1a865a40b77c896c.bin,145,1249,datacopy/UCSB/0f0651c470a4ccac0c936a1c1a865a40b77c896c.bin,"[5, 2]"
4142,05176b8e2746e58b08ad3f053d84a5eb305fe71e.bin,145,1249,datacopy/UCSB/05176b8e2746e58b08ad3f053d84a5eb305fe71e.bin,"[5, 2]"
4143,54c5ff33993e08ee33f38792c3963618f30ae011.bin,145,1318,datacopy/UCSB/54c5ff33993e08ee33f38792c3963618f30ae011.bin,"[5, 2]"
4144,1eb193c2f2e32d4014984271a3057960eed14a35.bin,145,1249,datacopy/UCSB/1eb193c2f2e32d4014984271a3057960eed14a35.bin,"[5, 2]"
4145,1f28c6c7c6966174c3e24fd2c93be0e6c6cf373e.bin,145,1318,datacopy/UCSB/1f28c6c7c6966174c3e24fd2c93be0e6c6cf373e.bin,"[5, 2]"
4146,568cfe860399d2f4e8406a564081743aca66b3d7.bin,145,1249,datacopy/UCSB/568cfe860399d2f4e8406a564081743aca66b3d7.bin,"[5, 2]"
4147,4674933f5f718822b06803993781a141f13be1e4.bin,145,1249,datacopy/UCSB/4674933f5f718822b06803993781a141f13be1e4.bin,"[5, 2]"
4148,a24d8dedd98144703c20a9920f812124d5417fe3.bin,145,1249,datacopy/UCSB/a24d8dedd98144703c20a9920f812124d5417fe3.bin,"[5, 2]"
4149,46ec481286898c28b3f68cfd399b7304115a597f.bin,145,1249,datacopy/UCSB/46ec481286898c28b3f68cfd399b7304115a597f.bin,"[5, 2]"
4150,8d8fafe808340092e56353e652af304490dde08b.bin,145,1318,datacopy/UCSB/8d8fafe808340092e56353e652af304490dde08b.bin,"[5, 2]"
4151,e3df8e0cd6762bea3d6f391fc3ad54efc5d55390.bin,145,1249,datacopy/UCSB/e3df8e0cd6762bea3d6f391fc3ad54efc5d55390.bin,"[5, 2]"
4152,a5d8017ff74242d29a8166b734d626e8aec096d5.bin,145,1249,datacopy/UCSB/a5d8017ff74242d29a8166b734d626e8aec096d5.bin,"[5, 2]"
4153,0e1ce108da211c9d81d9df126d7dceae5ca33db5.bin,145,1249,datacopy/UCSB/0e1ce108da211c9d81d9df126d7dceae5ca33db5.bin,"[5, 2]"
4154,c994eed50c9daf124859adde0f65c978a8106e8d.bin,145,1249,datacopy/UCSB/c994eed50c9daf124859adde0f65c978a8106e8d.bin,"[5, 2]"
4155,c99fc46d2e47d4d9c1aa58e6d761d862b949d5b0.bin,145,1249,datacopy/UCSB/c99fc46d2e47d4d9c1aa58e6d761d862b949d5b0.bin,"[5, 2]"
4156,4ea087aa875fa890b88e4d0ceb5542ec26efab09.bin,145,1249,datacopy/UCSB/4ea087aa875fa890b88e4d0ceb5542ec26efab09.bin,"[5, 2]"
4157,78f24098effb973595e07e5b66c3cfc64b38c798.bin,145,1249,datacopy/UCSB/78f24098effb973595e07e5b66c3cfc64b38c798.bin,"[5, 2]"
4158,9771b14f77b125761de9a62c464da002bce83868.bin,145,1249,datacopy/UCSB/9771b14f77b125761de9a62c464da002bce83868.bin,"[5, 2]"
4159,a646ed79259a6ae42e4e00211b989b1727914cfc.bin,145,1249,datacopy/UCSB/a646ed79259a6ae42e4e00211b989b1727914cfc.bin,"[5, 2]"
4160,88fe387585c25d83d24b3ce91abc929d9a2bf65b.bin,145,1249,datacopy/UCSB/88fe387585c25d83d24b3ce91abc929d9a2bf65b.bin,"[5, 2]"
4161,89f34f4e16cb0432e50825e6448e9cd60df5e225.bin,145,1249,datacopy/UCSB/89f34f4e16cb0432e50825e6448e9cd60df5e225.bin,"[5, 2]"
4162,0f651b2f5ad64ece204b5c63d5232d21af2aebfa.bin,145,1318,datacopy/UCSB/0f651b2f5ad64ece204b5c63d5232d21af2aebfa.bin,"[5, 2]"
4163,c47afcd34002a4f9b410ac24fead1652788ef5db.bin,145,1318,datacopy/UCSB/c47afcd34002a4f9b410ac24fead1652788ef5db.bin,"[5, 2]"
4164,e96cf3472c35b7421cdf1886364194b816744dcd.bin,145,1249,datacopy/UCSB/e96cf3472c35b7421cdf1886364194b816744dcd.bin,"[5, 2]"
4165,e3c6cc05d5e7693ddd6652012759513d78c1aac2.bin,145,1249,datacopy/UCSB/e3c6cc05d5e7693ddd6652012759513d78c1aac2.bin,"[5, 2]"
4166,76ab2e8727ed7d35289538dfd1f40abcffa1ca67.bin,145,1318,datacopy/UCSB/76ab2e8727ed7d35289538dfd1f40abcffa1ca67.bin,"[5, 2]"
4167,821e5eaf2dcc9bd709fa3849c43691df63b11a3e.bin,145,1249,datacopy/UCSB/821e5eaf2dcc9bd709fa3849c43691df63b11a3e.bin,"[5, 2]"
4168,ab2064fe05a1ac9e878c39c8bf366819e6d2913c.bin,145,1249,datacopy/UCSB/ab2064fe05a1ac9e878c39c8bf366819e6d2913c.bin,"[5, 2]"
4169,fa44b068c9d3a3d78f66f918f60900a7511fc2bc.bin,145,1249,datacopy/UCSB/fa44b068c9d3a3d78f66f918f60900a7511fc2bc.bin,"[5, 2]"
4170,e9399d26188a80be575af4ee3a2e73409987e4cb.bin,145,1249,datacopy/UCSB/e9399d26188a80be575af4ee3a2e73409987e4cb.bin,"[5, 2]"
4171,44335e3206d3ad2a946bef45c778f7220d96a57c.bin,145,1249,datacopy/UCSB/44335e3206d3ad2a946bef45c778f7220d96a57c.bin,"[5, 2]"
4172,6916eed4701feecfa549585e483fdd62389cbaf6.bin,145,1249,datacopy/UCSB/6916eed4701feecfa549585e483fdd62389cbaf6.bin,"[5, 2]"
4173,8aaf7991277d7e2e3334ead9838447d242414cfd.bin,145,1249,datacopy/UCSB/8aaf7991277d7e2e3334ead9838447d242414cfd.bin,"[5, 2]"
4174,bf5b2c3fd596ad06275e47745770ce700d998d60.bin,145,1249,datacopy/UCSB/bf5b2c3fd596ad06275e47745770ce700d998d60.bin,"[5, 2]"
4175,41f01b16c23ab3f67672ac5cb45877a440113ae1.bin,145,1249,datacopy/UCSB/41f01b16c23ab3f67672ac5cb45877a440113ae1.bin,"[5, 2]"
4176,a375d7bbecc6fbc2d454f6fa9faa8b8fde845cd3.bin,145,1249,datacopy/UCSB/a375d7bbecc6fbc2d454f6fa9faa8b8fde845cd3.bin,"[5, 2]"
4177,674b43db9ccbfc0dae0f7383f321077a70f0570f93d8c965d72b1ddc2cade121,145,1249,datacopy/Stefano/674b43db9ccbfc0dae0f7383f321077a70f0570f93d8c965d72b1ddc2cade121,"[5, 2]"
4178,73171c028fd7f445e14331a66a1d6748ca713a05.bin,152,1202,datacopy/UCSB/73171c028fd7f445e14331a66a1d6748ca713a05.bin,[9]
4179,5536c542181775ee66100b9c3bbd1c218505c78f.bin,152,1202,datacopy/UCSB/5536c542181775ee66100b9c3bbd1c218505c78f.bin,[9]
4180,2b8d119459f531b7596703cf492c384d56110fed.bin,152,1202,datacopy/UCSB/2b8d119459f531b7596703cf492c384d56110fed.bin,[9]
4181,3918c544307223ff03d44fd836539a56d733d175.bin,152,1202,datacopy/UCSB/3918c544307223ff03d44fd836539a56d733d175.bin,[9]
4182,8fc17082c480da6380640fb6074bb10a9e0111e1.bin,152,1202,datacopy/UCSB/8fc17082c480da6380640fb6074bb10a9e0111e1.bin,[9]
4183,7f5cfc20de0589f1dd15f663d285a4dda824c462.bin,152,1202,datacopy/UCSB/7f5cfc20de0589f1dd15f663d285a4dda824c462.bin,[9]
4184,26b82b44760505a66d94be380820ab7cab6dfeea.bin,152,1202,datacopy/UCSB/26b82b44760505a66d94be380820ab7cab6dfeea.bin,[9]
4185,6825da89d5fcfa3f86a1e267c3878cf59679c214.bin,152,1202,datacopy/UCSB/6825da89d5fcfa3f86a1e267c3878cf59679c214.bin,[9]
4186,9f3aa556a0546c35eb8bd10d31815c8348eb34d964dfb3e4de8070197af4785d,152,1202,datacopy/Stefano/9f3aa556a0546c35eb8bd10d31815c8348eb34d964dfb3e4de8070197af4785d,[9]
4187,ab53961b7a0f3fdb99cb40b2ec4707642d83bbae9114ed9e8d22923cfc377c91,152,1202,datacopy/Stefano/ab53961b7a0f3fdb99cb40b2ec4707642d83bbae9114ed9e8d22923cfc377c91,[9]
4188,568191598179e4d2caf113b653911e6f3a6933c24ddbb5415a73e581554895c4,152,1202,datacopy/Stefano/568191598179e4d2caf113b653911e6f3a6933c24ddbb5415a73e581554895c4,[9]
4189,b5c58c1cf0f906d759babce282448f59d39b83fc0e62c9e1df38949eead920ce,152,1202,datacopy/Stefano/b5c58c1cf0f906d759babce282448f59d39b83fc0e62c9e1df38949eead920ce,[9]
4190,5adeb4876cad5683958a7afb0d159766334a695a810bdbfb90d6c8e9a3c58c0d,152,1202,datacopy/Stefano/5adeb4876cad5683958a7afb0d159766334a695a810bdbfb90d6c8e9a3c58c0d,[9]
4191,894ec688941bf87edf608e2eac84439b58a37256.bin,153,1545,datacopy/UCSB/894ec688941bf87edf608e2eac84439b58a37256.bin,[1]
4192,92f81f3d5e1c7fadc838427399ffda243a5f9945.bin,153,1545,datacopy/UCSB/92f81f3d5e1c7fadc838427399ffda243a5f9945.bin,[1]
4193,87b7485211176f52850d4462c464e9570acaf39b.bin,153,1545,datacopy/UCSB/87b7485211176f52850d4462c464e9570acaf39b.bin,[1]
4194,42178a3bd8976ea82c6f46ea003a256d1a37e1be.bin,153,1545,datacopy/UCSB/42178a3bd8976ea82c6f46ea003a256d1a37e1be.bin,[1]
4195,e2ee833d1af535fa4a90b38a30596f187e520bfa.bin,153,1545,datacopy/UCSB/e2ee833d1af535fa4a90b38a30596f187e520bfa.bin,[1]
4196,b3a94925adf1dc66788a04f06e19ac0ec1e062dc.bin,153,1545,datacopy/UCSB/b3a94925adf1dc66788a04f06e19ac0ec1e062dc.bin,[1]
4197,fcd36e833fd4aa144a518faafc6ca8c6e4d7327c.bin,153,1545,datacopy/UCSB/fcd36e833fd4aa144a518faafc6ca8c6e4d7327c.bin,[1]
4198,7f2757712425515d374961bbd999051319a32cb7.bin,153,1545,datacopy/UCSB/7f2757712425515d374961bbd999051319a32cb7.bin,[1]
4199,ff9cca2993b0d8dc63bc219f35485149b17202d7.bin,153,1545,datacopy/UCSB/ff9cca2993b0d8dc63bc219f35485149b17202d7.bin,[1]
4200,2d10e539ff4a016d95567d241402fbc34a1be469.bin,153,1545,datacopy/UCSB/2d10e539ff4a016d95567d241402fbc34a1be469.bin,[1]
4201,885123b5ef2d94f77ca1f2399cb73ef881dd4eec.bin,153,1545,datacopy/UCSB/885123b5ef2d94f77ca1f2399cb73ef881dd4eec.bin,[1]
4202,0e33e5bda20e9eedaddfe5ea5bb65ebd1032ea5c.bin,157,1162,datacopy/UCSB/0e33e5bda20e9eedaddfe5ea5bb65ebd1032ea5c.bin,"[8, 8]"
4203,4a1154296e0a067f0393a27743260d2fcc7ef2fb.bin,157,1162,datacopy/UCSB/4a1154296e0a067f0393a27743260d2fcc7ef2fb.bin,"[8, 8]"
4204,da25f89838cb568ddfdabcf79bfc26790fc893ef.bin,157,1162,datacopy/UCSB/da25f89838cb568ddfdabcf79bfc26790fc893ef.bin,"[8, 8]"
4205,e1768e9211920bc21261c8280a6a5333436506d7.bin,157,1158,datacopy/UCSB/e1768e9211920bc21261c8280a6a5333436506d7.bin,"[8, 8]"
4206,c15e7481584d6b167db65e66e36463e262242111.bin,157,1162,datacopy/UCSB/c15e7481584d6b167db65e66e36463e262242111.bin,"[8, 8]"
4207,6deea672e4f27080f3d20dfa4dc7584d96d6b932.bin,157,1162,datacopy/UCSB/6deea672e4f27080f3d20dfa4dc7584d96d6b932.bin,"[8, 8]"
4208,a97d2e423568c2409590512310c0af63af3ea60f.bin,157,1162,datacopy/UCSB/a97d2e423568c2409590512310c0af63af3ea60f.bin,"[8, 8]"
4209,9c2e9ac1509d5f78ed65265d006ccc49e0e31f66.bin,157,1162,datacopy/UCSB/9c2e9ac1509d5f78ed65265d006ccc49e0e31f66.bin,"[8, 8]"
4210,f790b29c287f350ae518a2b51a880bcaa9072e87.bin,157,1162,datacopy/UCSB/f790b29c287f350ae518a2b51a880bcaa9072e87.bin,"[8, 8]"
4211,bd40a9185bebdabd6f2b1af51fd5be1927b545fa.bin,157,1162,datacopy/UCSB/bd40a9185bebdabd6f2b1af51fd5be1927b545fa.bin,"[8, 8]"
4212,24869b365e4bf2a4efd917e416cf7aba0c020006.bin,157,1158,datacopy/UCSB/24869b365e4bf2a4efd917e416cf7aba0c020006.bin,"[8, 8]"
4213,08d5316475480d6c954c804af0c193c0dcfaa4d5.bin,157,1162,datacopy/UCSB/08d5316475480d6c954c804af0c193c0dcfaa4d5.bin,"[8, 8]"
4214,29f600cdd7ef5a2e74314d16d578b6ceef89d429.bin,157,1162,datacopy/UCSB/29f600cdd7ef5a2e74314d16d578b6ceef89d429.bin,"[8, 8]"
4215,4619eb809214d73faa89448687db92355fdb7593.bin,157,1158,datacopy/UCSB/4619eb809214d73faa89448687db92355fdb7593.bin,"[8, 8]"
4216,821427e1bd1408216a0cd6f51180256d9e8f27b3.bin,157,1162,datacopy/UCSB/821427e1bd1408216a0cd6f51180256d9e8f27b3.bin,"[8, 8]"
4217,8899f8ba22e64a2c01566c8d270a2274d3cf0685.bin,157,1158,datacopy/UCSB/8899f8ba22e64a2c01566c8d270a2274d3cf0685.bin,"[8, 8]"
4218,0a9b5f729592ded4d55ba97af9b43ba840aa2165.bin,157,1162,datacopy/UCSB/0a9b5f729592ded4d55ba97af9b43ba840aa2165.bin,"[8, 8]"
4219,dd78ac67371f390f612cfa58f624b8a4333446f7.bin,157,1162,datacopy/UCSB/dd78ac67371f390f612cfa58f624b8a4333446f7.bin,"[8, 8]"
4220,2c1256f2d708d8975d44d8f3f180a70a96b02a77.bin,157,1158,datacopy/UCSB/2c1256f2d708d8975d44d8f3f180a70a96b02a77.bin,"[8, 8]"
4221,42e1c82a67afbf863effc4deb84320a70ea83270.bin,157,1162,datacopy/UCSB/42e1c82a67afbf863effc4deb84320a70ea83270.bin,"[8, 8]"
4222,37859b0f28754cdde6d1dd269bd0c174543d8bed.bin,157,1158,datacopy/UCSB/37859b0f28754cdde6d1dd269bd0c174543d8bed.bin,"[8, 8]"
4223,0a3d4520378885a989042318e46361125713aada75bd9e2578c2d6b2b46d7988,157,1162,datacopy/Stefano/0a3d4520378885a989042318e46361125713aada75bd9e2578c2d6b2b46d7988,"[8, 8]"
4224,4dfc6aad6130aca9b6ab2ace6156cd9f6d4c2ea8.bin,162,1520,datacopy/UCSB/4dfc6aad6130aca9b6ab2ace6156cd9f6d4c2ea8.bin,[6]
4225,94d82ae7067773d027c26a53c825527c74c6b58b.bin,162,1520,datacopy/UCSB/94d82ae7067773d027c26a53c825527c74c6b58b.bin,[6]
4226,0f61bba2f553d1daba260ca743fa76fa970ebcbe.bin,162,1520,datacopy/UCSB/0f61bba2f553d1daba260ca743fa76fa970ebcbe.bin,[6]
4227,27460c77e3324c36ce014f269cc94a6c911bbe6a.bin,162,1520,datacopy/UCSB/27460c77e3324c36ce014f269cc94a6c911bbe6a.bin,[6]
4228,95039420af902b0652743438f4c47b13a0b02fd0.bin,162,1520,datacopy/UCSB/95039420af902b0652743438f4c47b13a0b02fd0.bin,[6]
4229,17aeb390b9b0cb16d31ce43035c6e26eaeecddf1.bin,162,1520,datacopy/UCSB/17aeb390b9b0cb16d31ce43035c6e26eaeecddf1.bin,[6]
4230,ea2328636da3608a35970acb514598c8188eecf0.bin,162,1520,datacopy/UCSB/ea2328636da3608a35970acb514598c8188eecf0.bin,[6]
4231,43f5269fb0a8b57528262ef7e028c3ab3b0cb38d.bin,162,1520,datacopy/UCSB/43f5269fb0a8b57528262ef7e028c3ab3b0cb38d.bin,[6]
4232,908a402a773715ab7100c0bcf48a30e596c31b8f.bin,162,1520,datacopy/UCSB/908a402a773715ab7100c0bcf48a30e596c31b8f.bin,[6]
4233,e25478937a334f14ba1f8adc05c4b200f1e8ecb7.bin,162,1520,datacopy/UCSB/e25478937a334f14ba1f8adc05c4b200f1e8ecb7.bin,[6]
4234,bd4125bddb8ca243a10c73c0b82ec85679a1f757.bin,162,1520,datacopy/UCSB/bd4125bddb8ca243a10c73c0b82ec85679a1f757.bin,[6]
4235,2774b102e83341f926793ee9205df2b53be369bf.bin,162,1520,datacopy/UCSB/2774b102e83341f926793ee9205df2b53be369bf.bin,[6]
4236,ca785b346a986807eab7983a879553547271b09a.bin,162,1520,datacopy/UCSB/ca785b346a986807eab7983a879553547271b09a.bin,[6]
4237,31fdcf4a98491b2bc7f8d0e272c098a8e1e1c343.bin,162,1520,datacopy/UCSB/31fdcf4a98491b2bc7f8d0e272c098a8e1e1c343.bin,[6]
4238,749bbd50ca1157a16713822014ed89be9f5315b2.bin,162,1520,datacopy/UCSB/749bbd50ca1157a16713822014ed89be9f5315b2.bin,[6]
4239,9490a76f9a7435b386f3f0a96087238891205c52.bin,162,1520,datacopy/UCSB/9490a76f9a7435b386f3f0a96087238891205c52.bin,[6]
4240,9cfc2db798bda214ab5d5912f5a40aefcefa4792.bin,162,1520,datacopy/UCSB/9cfc2db798bda214ab5d5912f5a40aefcefa4792.bin,[6]
4241,ac8a80ad24f9dd6040182c1a2356b80c7f798ec7.bin,162,1520,datacopy/UCSB/ac8a80ad24f9dd6040182c1a2356b80c7f798ec7.bin,[6]
4242,d2654f78611550fa1f209c9b53d70127cec4e2e6.bin,164,1161,datacopy/UCSB/d2654f78611550fa1f209c9b53d70127cec4e2e6.bin,[12]
4243,4dfc0a9cc1e5341196212795e2d1fc8b455786d7.bin,164,1161,datacopy/UCSB/4dfc0a9cc1e5341196212795e2d1fc8b455786d7.bin,[12]
4244,4d388ec32b6d75444862544c2a47703bf0fde2ac.bin,164,1161,datacopy/UCSB/4d388ec32b6d75444862544c2a47703bf0fde2ac.bin,[12]
4245,0535462e962b9eeed43255d893e971345a2ee5ed.bin,164,1161,datacopy/UCSB/0535462e962b9eeed43255d893e971345a2ee5ed.bin,[12]
4246,2ee35bc158223a1b7995eeb786d598166c3c1aa3.bin,164,1161,datacopy/UCSB/2ee35bc158223a1b7995eeb786d598166c3c1aa3.bin,[12]
4247,67590f09e7b68258ab7601c6783dec1395ece70f.bin,164,1161,datacopy/UCSB/67590f09e7b68258ab7601c6783dec1395ece70f.bin,[12]
4248,ebe70615f86aeb434816384c8957fcf4b33db3c2.bin,164,1161,datacopy/UCSB/ebe70615f86aeb434816384c8957fcf4b33db3c2.bin,[12]
4249,88181da8389719c42ea9cce7a27b0bd85411a6a0.bin,164,1161,datacopy/UCSB/88181da8389719c42ea9cce7a27b0bd85411a6a0.bin,[12]
4250,951c9578abdc7321a2640af35a37d4443aefe355.bin,164,1161,datacopy/UCSB/951c9578abdc7321a2640af35a37d4443aefe355.bin,[12]
4251,3333ccca7f9c33ac235c0bf656544d755d12d361.bin,164,1161,datacopy/UCSB/3333ccca7f9c33ac235c0bf656544d755d12d361.bin,[12]
4252,799fd3c03a879757ee825ca57dd7cbb6ae22e3d0.bin,164,1161,datacopy/UCSB/799fd3c03a879757ee825ca57dd7cbb6ae22e3d0.bin,[12]
4253,e9ed619b9952a51c1f195a6d0f3ba0ff0e18b63c.bin,164,1161,datacopy/UCSB/e9ed619b9952a51c1f195a6d0f3ba0ff0e18b63c.bin,[12]
4254,fb67bb0f7dc6ce5dec943755346b06b78745be4d.bin,164,1161,datacopy/UCSB/fb67bb0f7dc6ce5dec943755346b06b78745be4d.bin,[12]
4255,03a88e4d713f51ca0e228d4e453e3b8ff7a7ca59.bin,164,1161,datacopy/UCSB/03a88e4d713f51ca0e228d4e453e3b8ff7a7ca59.bin,[12]
4256,25327a4d584b24b38c3a0060c93eb7ebfb1175d8.bin,164,1161,datacopy/UCSB/25327a4d584b24b38c3a0060c93eb7ebfb1175d8.bin,[12]
4257,a4f9f43dc27f710c7ceebb18f4bf3fd09fbaa777.bin,164,1161,datacopy/UCSB/a4f9f43dc27f710c7ceebb18f4bf3fd09fbaa777.bin,[12]
4258,3d2c9683be240dc92921cb54d1d9fbb9e44fdf2b.bin,169,1432,datacopy/UCSB.JP/data_feed.geo_japan_6m_public_flag/3/d/2/3d2c9683be240dc92921cb54d1d9fbb9e44fdf2b.bin,[3]
4259,728323939cbbe04f57d47981be3d49e7c83aeecc.bin,169,1432,datacopy/UCSB/728323939cbbe04f57d47981be3d49e7c83aeecc.bin,[3]
4260,f70c22c8b92709148fc7eb56dc9fbea297ac8c9b.bin,169,1432,datacopy/UCSB/f70c22c8b92709148fc7eb56dc9fbea297ac8c9b.bin,[3]
4261,63b2e8a4be52c6b79741d70209a84bbd95d87cdb.bin,169,1432,datacopy/UCSB/63b2e8a4be52c6b79741d70209a84bbd95d87cdb.bin,[3]
4262,8e5772ccb09007d86d0f79ffc117e2ce9e5b6184.bin,175,1520,datacopy/UCSB/8e5772ccb09007d86d0f79ffc117e2ce9e5b6184.bin,[6]
4263,fd6ad1f88cb6fa4543137f6318e18ad0b0239f56.bin,175,1520,datacopy/UCSB/fd6ad1f88cb6fa4543137f6318e18ad0b0239f56.bin,[6]
4264,13252057adcf7123dd8989015cfe18b9f948011e.bin,175,1520,datacopy/UCSB/13252057adcf7123dd8989015cfe18b9f948011e.bin,[6]
4265,02df68e5a8dc071d39ac597d17a7761d135e0f91.bin,175,1520,datacopy/UCSB/02df68e5a8dc071d39ac597d17a7761d135e0f91.bin,[6]
4266,ddfe6242b27c96c94a5ae9771fbcf1749294e829.bin,175,1520,datacopy/UCSB/ddfe6242b27c96c94a5ae9771fbcf1749294e829.bin,[6]
4267,fb61acd3bb67947126f70ef55eeb3a8bac0990b4.bin,175,1520,datacopy/UCSB/fb61acd3bb67947126f70ef55eeb3a8bac0990b4.bin,[6]
4268,045cba2e0e66036300deb43ec2194bd52fdec9c8.bin,175,1520,datacopy/UCSB/045cba2e0e66036300deb43ec2194bd52fdec9c8.bin,[6]
4269,55860b7f7785ff88bef29355a4ef8ed837f3385b.bin,176,1586,datacopy/UCSB/55860b7f7785ff88bef29355a4ef8ed837f3385b.bin,[1]
4270,4035c7a1bf567fa03586c01aa80f0361c2ba8492.bin,176,1586,datacopy/UCSB/4035c7a1bf567fa03586c01aa80f0361c2ba8492.bin,[1]
4271,d9341f1c7ddd80c85472ba1517ff00501046b9ae.bin,176,1586,datacopy/UCSB/d9341f1c7ddd80c85472ba1517ff00501046b9ae.bin,[1]
4272,41b86765159a0d64130bff0a35c64f69c9f0589a.bin,176,1586,datacopy/UCSB/41b86765159a0d64130bff0a35c64f69c9f0589a.bin,[1]
4273,5133722edfa1fb19e4f38500ff70920eba42a0be.bin,176,1586,datacopy/UCSB/5133722edfa1fb19e4f38500ff70920eba42a0be.bin,[1]
4274,7f57d8e9d82b61b8e0439f9090c71af1ee392f4b.bin,176,1586,datacopy/UCSB/7f57d8e9d82b61b8e0439f9090c71af1ee392f4b.bin,[1]
4275,989e7b8fdafd4936e3a586e2e7d940ed57bd6036.bin,176,1586,datacopy/UCSB/989e7b8fdafd4936e3a586e2e7d940ed57bd6036.bin,[1]
4276,7e8b6439634ae8f8a4de124ee34b706d931ffebe.bin,176,1586,datacopy/UCSB/7e8b6439634ae8f8a4de124ee34b706d931ffebe.bin,[1]
4277,38d27907f5908fd52b10206749746a6375f324e0.bin,176,1586,datacopy/UCSB/38d27907f5908fd52b10206749746a6375f324e0.bin,[1]
4278,bf465b796c9813886839b1f838830668a4510e5a.bin,176,1586,datacopy/UCSB/bf465b796c9813886839b1f838830668a4510e5a.bin,[1]
4279,a01b4bd4bb4502682f6e6b6fb7d5bfc05ba21944.bin,181,1548,datacopy/UCSB/a01b4bd4bb4502682f6e6b6fb7d5bfc05ba21944.bin,"[1, 1]"
4280,1d3c611527808e6b87d8432b839a8094d8caca13.bin,181,1548,datacopy/UCSB/1d3c611527808e6b87d8432b839a8094d8caca13.bin,"[1, 1]"
4281,5ab70457789d6efdd8ca14f23f1f603b3d4c89f4.bin,181,1548,datacopy/UCSB/5ab70457789d6efdd8ca14f23f1f603b3d4c89f4.bin,"[1, 1]"
4282,277411db8a478548fd5af94f23ee404fde3ded77.bin,181,1548,datacopy/UCSB/277411db8a478548fd5af94f23ee404fde3ded77.bin,"[1, 1]"
4283,c9b1df718a56b2b586e4d2f6ad0f8f17e860d64d.bin,181,192,datacopy/UCSB/c9b1df718a56b2b586e4d2f6ad0f8f17e860d64d.bin,"[1, 1]"
4284,d1d0954c1b0c333617453d65e6a57f17d631569b.bin,181,1548,datacopy/UCSB/d1d0954c1b0c333617453d65e6a57f17d631569b.bin,"[1, 1]"
4285,e59d10243a9794261f2b12fb319be2b603d7116a.bin,181,1548,datacopy/UCSB/e59d10243a9794261f2b12fb319be2b603d7116a.bin,"[1, 1]"
4286,a2b8b344afd478b5d019daae84a4cdabf5a6adea.bin,181,1548,datacopy/UCSB/a2b8b344afd478b5d019daae84a4cdabf5a6adea.bin,"[1, 1]"
4287,797d8018b0dfbb0be063504b763c7c6a86ea177d.bin,181,1548,datacopy/UCSB/797d8018b0dfbb0be063504b763c7c6a86ea177d.bin,"[1, 1]"
4288,2df7af5ca597c93c0e639150f198b92939a3de87.bin,181,1548,datacopy/UCSB/2df7af5ca597c93c0e639150f198b92939a3de87.bin,"[1, 1]"
4289,9b89f6d74fb094e0365b8a353196c4db4c0e2e00.bin,181,1548,datacopy/UCSB/9b89f6d74fb094e0365b8a353196c4db4c0e2e00.bin,"[1, 1]"
4290,28371f6f0c3da1c64b25718e5f6f8d2016c1ac90.bin,181,1548,datacopy/UCSB/28371f6f0c3da1c64b25718e5f6f8d2016c1ac90.bin,"[1, 1]"
4291,9c87da43b0a8bc708d71d8f7fe7e0f3707f345c7.bin,181,1548,datacopy/UCSB/9c87da43b0a8bc708d71d8f7fe7e0f3707f345c7.bin,"[1, 1]"
4292,a64a4015603cbb586a67ce02e29e4c4ddb4562a8.bin,184,1602,datacopy/UCSB/a64a4015603cbb586a67ce02e29e4c4ddb4562a8.bin,"[1, 310]"
4293,0e2e0f2b0fad41c035fb552445ac6001d76e8c81.bin,184,1602,datacopy/UCSB/0e2e0f2b0fad41c035fb552445ac6001d76e8c81.bin,"[1, 310]"
4294,5dc9189a7f325bcf5a723adc5227a78dd6fd8298.bin,184,1482,datacopy/UCSB/5dc9189a7f325bcf5a723adc5227a78dd6fd8298.bin,"[1, 310]"
4295,edb8b58ace89f690261efd6fa1fc439855cf9e26.bin,184,1602,datacopy/UCSB/edb8b58ace89f690261efd6fa1fc439855cf9e26.bin,"[1, 310]"
4296,786f53ffd534a4ca02214529546539bddc47a12d.bin,184,1482,datacopy/UCSB/786f53ffd534a4ca02214529546539bddc47a12d.bin,"[1, 310]"
4297,dac8f8e60da2ab26d33210821b003e8ccbc572ca.bin,188,341,datacopy/UCSB/dac8f8e60da2ab26d33210821b003e8ccbc572ca.bin,[1]
4298,56017075d96889c40aea090818a224e472a18f14.bin,188,341,datacopy/UCSB/56017075d96889c40aea090818a224e472a18f14.bin,[1]
4299,a008948ad844e5e3baec01e388833817235057ec.bin,188,341,datacopy/UCSB/a008948ad844e5e3baec01e388833817235057ec.bin,[1]
4300,a165b5d26573d44c0296e11d74377eaa32659280.bin,188,341,datacopy/UCSB/a165b5d26573d44c0296e11d74377eaa32659280.bin,[1]
4301,d30e6ffbdcf0e362419261c385e17dd47a55c3c2.bin,188,341,datacopy/UCSB/d30e6ffbdcf0e362419261c385e17dd47a55c3c2.bin,[1]
4302,18153cac0fb492b70eaf9a1eaa775dd8098fc99a.bin,188,341,datacopy/UCSB/18153cac0fb492b70eaf9a1eaa775dd8098fc99a.bin,[1]
4303,710910c68c84d5dfd3c7fd60d1377b6b125cda62.bin,188,341,datacopy/UCSB/710910c68c84d5dfd3c7fd60d1377b6b125cda62.bin,[1]
4304,362b13b428e8f56d1a9a00ad3a8768128e967459.bin,188,341,datacopy/UCSB/362b13b428e8f56d1a9a00ad3a8768128e967459.bin,[1]
4305,f400784943f520d8358379efdb2bc4f602c395ed.bin,188,341,datacopy/UCSB/f400784943f520d8358379efdb2bc4f602c395ed.bin,[1]
4306,e7f27f58782c31c91c87c1d935c05371b87fdac3.bin,188,341,datacopy/UCSB/e7f27f58782c31c91c87c1d935c05371b87fdac3.bin,[1]
4307,cc964c6bdb2008029dfe6fee664c2db98a5c4d50.bin,188,341,datacopy/UCSB/cc964c6bdb2008029dfe6fee664c2db98a5c4d50.bin,[1]
4308,511267074f039766ba72f5ab783779d8b8931824.bin,189,1624,datacopy/UCSB/511267074f039766ba72f5ab783779d8b8931824.bin,"[3, 137, 18]"
4309,b4b608bab453a115bef92b2ea053265c99cea15d.bin,189,4,datacopy/UCSB/b4b608bab453a115bef92b2ea053265c99cea15d.bin,"[3, 137, 18]"
4310,ed2f773a161c2da77c0ae0e75a2043f2585961ad.bin,189,1624,datacopy/UCSB/ed2f773a161c2da77c0ae0e75a2043f2585961ad.bin,"[3, 137, 18]"
4311,ee5b4834bfdb856c66104f1440ba559cc7684acdfc70142242a7a57db5aad85d,189,614,datacopy/Stefano/ee5b4834bfdb856c66104f1440ba559cc7684acdfc70142242a7a57db5aad85d,"[3, 137, 18]"
4312,7e84691b89df07a137647f747d70cf165bab26e0.bin,190,1548,datacopy/UCSB/7e84691b89df07a137647f747d70cf165bab26e0.bin,[1]
4313,5940c7f3f924abf696e4345a0023c8384753f3e2.bin,190,1548,datacopy/UCSB/5940c7f3f924abf696e4345a0023c8384753f3e2.bin,[1]
4314,797e82013ca06fbc102b91f1d0cb125bb05ee88b.bin,190,1548,datacopy/UCSB/797e82013ca06fbc102b91f1d0cb125bb05ee88b.bin,[1]
4315,e835219f44b101bbe37cc290d48c0b833c0afbe4.bin,191,83,datacopy/UCSB/e835219f44b101bbe37cc290d48c0b833c0afbe4.bin,"[28, 1]"
4316,ba37eee6edc0368cfc4ec14e15eb1fc0bd9c2dd1.bin,191,1433,datacopy/UCSB/ba37eee6edc0368cfc4ec14e15eb1fc0bd9c2dd1.bin,"[28, 1]"
4317,d9080f3525d0e032efa3011866e2771ac3076924.bin,191,1433,datacopy/UCSB/d9080f3525d0e032efa3011866e2771ac3076924.bin,"[28, 1]"
4318,62b4f710ee6907400fdeb381bb426bfef2ebb143.bin,191,1433,datacopy/UCSB/62b4f710ee6907400fdeb381bb426bfef2ebb143.bin,"[28, 1]"
4319,91eb53c60517527ae8979e9efd3a6703e9555327.bin,191,1433,datacopy/UCSB/91eb53c60517527ae8979e9efd3a6703e9555327.bin,"[28, 1]"
4320,8f00743e8c9b02391bb3eee1edfbb689def105a1.bin,191,1433,datacopy/UCSB/8f00743e8c9b02391bb3eee1edfbb689def105a1.bin,"[28, 1]"
4321,d3cd086005aafe4d60020b3eb44c128fbea67664.bin,191,83,datacopy/UCSB/d3cd086005aafe4d60020b3eb44c128fbea67664.bin,"[28, 1]"
4322,161f136bd820c87a229944cf58a528fc08838b89.bin,191,1433,datacopy/UCSB/161f136bd820c87a229944cf58a528fc08838b89.bin,"[28, 1]"
4323,4e45a4b14d611db2f6384ff6dc3b2ca8e1f1c5b3.bin,191,1433,datacopy/UCSB/4e45a4b14d611db2f6384ff6dc3b2ca8e1f1c5b3.bin,"[28, 1]"
4324,ca615909b8b0c11154ad7ac03b245e8eecb5d6d8.bin,191,1433,datacopy/UCSB/ca615909b8b0c11154ad7ac03b245e8eecb5d6d8.bin,"[28, 1]"
4325,0c57b233e36ff431439e4463bd4b1bc0995c18e5.bin,191,83,datacopy/UCSB/0c57b233e36ff431439e4463bd4b1bc0995c18e5.bin,"[28, 1]"
4326,bf09f3cd8672fd7a9fa0c068959d9ee05a844ddf.bin,191,1433,datacopy/UCSB/bf09f3cd8672fd7a9fa0c068959d9ee05a844ddf.bin,"[28, 1]"
4327,7221c8f3e184be1cb541a1359af25b2832ab41b8.bin,191,83,datacopy/UCSB/7221c8f3e184be1cb541a1359af25b2832ab41b8.bin,"[28, 1]"
4328,7e71abe463f32df32e4bedb979115309087f250b.bin,191,83,datacopy/UCSB/7e71abe463f32df32e4bedb979115309087f250b.bin,"[28, 1]"
4329,176c906a0e81f51bd56a83004642ac2b1e993eda.bin,191,83,datacopy/UCSB/176c906a0e81f51bd56a83004642ac2b1e993eda.bin,"[28, 1]"
4330,1d980bd8eddaa28b22a316a23b6dd8ea1b9a0097.bin,191,1433,datacopy/UCSB/1d980bd8eddaa28b22a316a23b6dd8ea1b9a0097.bin,"[28, 1]"
4331,89f9af8c4c3494f48f1af126fb378fde57b888f9.bin,191,1433,datacopy/UCSB/89f9af8c4c3494f48f1af126fb378fde57b888f9.bin,"[28, 1]"
4332,1b53265390ad043938ff7fdd785a3a1ac55647d2.bin,191,1433,datacopy/UCSB/1b53265390ad043938ff7fdd785a3a1ac55647d2.bin,"[28, 1]"
4333,79e2f6180120998c45c034e2ca8e5f0b8d7c7ccc.bin,191,83,datacopy/UCSB/79e2f6180120998c45c034e2ca8e5f0b8d7c7ccc.bin,"[28, 1]"
4334,309924f993894d16ebadc724e803d4273a61c066.bin,191,83,datacopy/UCSB/309924f993894d16ebadc724e803d4273a61c066.bin,"[28, 1]"
4335,da5dd15ee88108d745249f8da719dc0f86bf611d.bin,191,83,datacopy/UCSB/da5dd15ee88108d745249f8da719dc0f86bf611d.bin,"[28, 1]"
4336,350a43cd2dacfbf63e9015d832730826c1e3d258.bin,191,83,datacopy/UCSB/350a43cd2dacfbf63e9015d832730826c1e3d258.bin,"[28, 1]"
4337,dc9ae30731c94b514f0532e586d1820293e63a0c.bin,191,1433,datacopy/UCSB/dc9ae30731c94b514f0532e586d1820293e63a0c.bin,"[28, 1]"
4338,91985fa5c96f57acc78e8f7e47a22bf0319439a2.bin,191,1433,datacopy/UCSB/91985fa5c96f57acc78e8f7e47a22bf0319439a2.bin,"[28, 1]"
4339,524a953b8c0a73fccbb4febc77d0e93778563ca5.bin,191,83,datacopy/UCSB/524a953b8c0a73fccbb4febc77d0e93778563ca5.bin,"[28, 1]"
4340,95a741f7f3e03193692c1751f12ed92b600876ad.bin,191,1433,datacopy/UCSB/95a741f7f3e03193692c1751f12ed92b600876ad.bin,"[28, 1]"
4341,406d06cd4a99cbc3f84196e5c7480d1cf7c36923.bin,191,83,datacopy/UCSB/406d06cd4a99cbc3f84196e5c7480d1cf7c36923.bin,"[28, 1]"
4342,aa3542dc7a88f69795bb585da3af9585f0c564d1.bin,191,83,datacopy/UCSB/aa3542dc7a88f69795bb585da3af9585f0c564d1.bin,"[28, 1]"
4343,aa63ef716231d7eea3025f1a2ac2fceac39343e6.bin,191,83,datacopy/UCSB/aa63ef716231d7eea3025f1a2ac2fceac39343e6.bin,"[28, 1]"
4344,a47754b8b4041c99dc3b24521e1bc9909c1a1dac.bin,191,83,datacopy/UCSB/a47754b8b4041c99dc3b24521e1bc9909c1a1dac.bin,"[28, 1]"
4345,fb20c7e3a61c758e1fb030ddaf5506e35e7ae274.bin,191,1433,datacopy/UCSB/fb20c7e3a61c758e1fb030ddaf5506e35e7ae274.bin,"[28, 1]"
4346,0d67f49a2d48cfe923125bf713b0e7330800352d.bin,191,1433,datacopy/UCSB/0d67f49a2d48cfe923125bf713b0e7330800352d.bin,"[28, 1]"
4347,013547dae16af3b8be19ef52852d61cead9a8979.bin,191,1433,datacopy/UCSB/013547dae16af3b8be19ef52852d61cead9a8979.bin,"[28, 1]"
4348,c43852b1da270ca189279fddb79ad1932f6d291f.bin,191,1433,datacopy/UCSB/c43852b1da270ca189279fddb79ad1932f6d291f.bin,"[28, 1]"
4349,880d4711dea949a8f3984e606eb2040eb8642ce7.bin,191,83,datacopy/UCSB/880d4711dea949a8f3984e606eb2040eb8642ce7.bin,"[28, 1]"
4350,49f8a90716b2f8dbfef5fe3839a8d145acaf2cec.bin,191,83,datacopy/UCSB/49f8a90716b2f8dbfef5fe3839a8d145acaf2cec.bin,"[28, 1]"
4351,504d1b1d8926ce1af06d4124cef80c272d1b5de8.bin,191,83,datacopy/UCSB/504d1b1d8926ce1af06d4124cef80c272d1b5de8.bin,"[28, 1]"
4352,74713076b16407a665543c10e118d92c291857d3.bin,191,83,datacopy/UCSB/74713076b16407a665543c10e118d92c291857d3.bin,"[28, 1]"
4353,828780543a6e8a3a71b62beeceb0177c888af68e.bin,191,83,datacopy/UCSB/828780543a6e8a3a71b62beeceb0177c888af68e.bin,"[28, 1]"
4354,794df2e654a95e91cb9617e3f6da019221821175.bin,193,734,datacopy/UCSB/794df2e654a95e91cb9617e3f6da019221821175.bin,[24]
4355,14b020253d6f3e53e65f3dacb155cea42b0536e5.bin,193,734,datacopy/UCSB/14b020253d6f3e53e65f3dacb155cea42b0536e5.bin,[24]
4356,b3681a632e6c83b0a0aff26d8c2dce7fcf470f2a.bin,193,734,datacopy/UCSB/b3681a632e6c83b0a0aff26d8c2dce7fcf470f2a.bin,[24]
4357,c96651121cc0b69ceb09e312c8a70af5f5825f1c.bin,193,734,datacopy/UCSB/c96651121cc0b69ceb09e312c8a70af5f5825f1c.bin,[24]
4358,f6869d0a7b868296314d515525778b3a7ce5b969.bin,193,734,datacopy/UCSB/f6869d0a7b868296314d515525778b3a7ce5b969.bin,[24]
4359,fc463a0e83054fae77a3f1e09c5989b1f904bcca.bin,193,734,datacopy/UCSB/fc463a0e83054fae77a3f1e09c5989b1f904bcca.bin,[24]
4360,931c8e1e72f0542fa49f318ea81bbea1f3b592c3.bin,193,734,datacopy/UCSB/931c8e1e72f0542fa49f318ea81bbea1f3b592c3.bin,[24]
4361,631c0751368a3ac5a84cf33713315f52d19338e1.bin,193,734,datacopy/UCSB/631c0751368a3ac5a84cf33713315f52d19338e1.bin,[24]
4362,aaca5e7c25d31c14f5948f651b79d26955188b1d.bin,193,734,datacopy/UCSB/aaca5e7c25d31c14f5948f651b79d26955188b1d.bin,[24]
4363,8f8657a9f2450083af5777b7b8bba0abb73f2405.bin,193,734,datacopy/UCSB/8f8657a9f2450083af5777b7b8bba0abb73f2405.bin,[24]
4364,bff1563671b6dc64c8024b768149c67e683017bd.bin,193,734,datacopy/UCSB/bff1563671b6dc64c8024b768149c67e683017bd.bin,[24]
4365,5e452de384f5d7fa463f74c9d8db9625409ba027.bin,193,734,datacopy/UCSB/5e452de384f5d7fa463f74c9d8db9625409ba027.bin,[24]
4366,9daf01efb1612fa7450016ba672ef0c43da1bd22.bin,193,734,datacopy/UCSB/9daf01efb1612fa7450016ba672ef0c43da1bd22.bin,[24]
4367,bb8aa7f7db22d557637e5b4397dfacae88a5aa61.bin,193,734,datacopy/UCSB/bb8aa7f7db22d557637e5b4397dfacae88a5aa61.bin,[24]
4368,0d264cd29e843653052788d9fb3099003730b4ea.bin,193,734,datacopy/UCSB/0d264cd29e843653052788d9fb3099003730b4ea.bin,[24]
4369,2194d59da6f58265792ae4b39f4d786dd285e9cc.bin,193,734,datacopy/UCSB/2194d59da6f58265792ae4b39f4d786dd285e9cc.bin,[24]
4370,69527efbc9e78f3d8b3af2c84d7da44d760d5433.bin,193,734,datacopy/UCSB/69527efbc9e78f3d8b3af2c84d7da44d760d5433.bin,[24]
4371,7ce295402cb65e2809af8033daa7faff78f18313.bin,193,734,datacopy/UCSB/7ce295402cb65e2809af8033daa7faff78f18313.bin,[24]
4372,0315692528e023f08499712d9617f130d10565a5.bin,193,734,datacopy/UCSB/0315692528e023f08499712d9617f130d10565a5.bin,[24]
4373,612b1110902e6500dfe21a132a43f7c644cc5a11.bin,193,734,datacopy/UCSB/612b1110902e6500dfe21a132a43f7c644cc5a11.bin,[24]
4374,cfb10cdd90f84302b1999a1e8e54fb7e15811c65.bin,193,734,datacopy/UCSB/cfb10cdd90f84302b1999a1e8e54fb7e15811c65.bin,[24]
4375,d0e044c82dea89b8150a872c2db7e42fb02d81d9.bin,193,734,datacopy/UCSB/d0e044c82dea89b8150a872c2db7e42fb02d81d9.bin,[24]
4376,42684af828ddaaeecd2496f1e662e4f7ecb49785.bin,193,734,datacopy/UCSB/42684af828ddaaeecd2496f1e662e4f7ecb49785.bin,[24]
4377,5362c0c2b48fce59ed5e263260d97d2a349c85ce.bin,193,734,datacopy/UCSB/5362c0c2b48fce59ed5e263260d97d2a349c85ce.bin,[24]
4378,4e083e8e73c82ecf361c5a1a1f1945fd68d55f93.bin,193,734,datacopy/UCSB/4e083e8e73c82ecf361c5a1a1f1945fd68d55f93.bin,[24]
4379,22e87b077994c82f159838bc0fc8d8588eb093cf.bin,193,734,datacopy/UCSB/22e87b077994c82f159838bc0fc8d8588eb093cf.bin,[24]
4380,66779f6a4161a55cd2708be30b145c88830f7522.bin,193,734,datacopy/UCSB/66779f6a4161a55cd2708be30b145c88830f7522.bin,[24]
4381,69c4660c166a75a3bc04e1eba95ba919340323a1.bin,193,734,datacopy/UCSB/69c4660c166a75a3bc04e1eba95ba919340323a1.bin,[24]
4382,74f734402c07ac5d96f296f47fd41df5d470f4c8.bin,193,734,datacopy/UCSB/74f734402c07ac5d96f296f47fd41df5d470f4c8.bin,[24]
4383,46e429d8b6f0ddcf585daf42e2efa2e93257090d.bin,193,734,datacopy/UCSB/46e429d8b6f0ddcf585daf42e2efa2e93257090d.bin,[24]
4384,78c00dba5c2c056a66f35f5d4a7f4a9d1f903407.bin,193,734,datacopy/UCSB/78c00dba5c2c056a66f35f5d4a7f4a9d1f903407.bin,[24]
4385,46fc6d28b974375c46eb2029797219590a30e9a8.codex,193,734,datacopy/CodexGiga/46fc6d28b974375c46eb2029797219590a30e9a8.codex,[24]
4386,c01fbb52a7a188c4f7441a808b153a34ec753a2d.codex,193,734,datacopy/CodexGiga/c01fbb52a7a188c4f7441a808b153a34ec753a2d.codex,[24]
4387,043069bd51cb022722d0670c111e716a6e59142a.codex,193,734,datacopy/CodexGiga/043069bd51cb022722d0670c111e716a6e59142a.codex,[24]
4388,bd6d4ebd768f6e28d8806eb78cdda5996fa3bb9e.codex,193,734,datacopy/CodexGiga/bd6d4ebd768f6e28d8806eb78cdda5996fa3bb9e.codex,[24]
4389,d5cb16a7052cf52dee5760f4ab70478318500f4e4abf3eaaa4b3acbdbcc96762,193,734,datacopy/Stefano/d5cb16a7052cf52dee5760f4ab70478318500f4e4abf3eaaa4b3acbdbcc96762,[24]
4390,f37da6d0528605876afa819c6aeb1be4ef6eca24.bin,198,725,datacopy/UCSB/f37da6d0528605876afa819c6aeb1be4ef6eca24.bin,[7]
4391,77e7d986bf14fad0499c09144e8cbcf646a490cc.bin,198,725,datacopy/UCSB/77e7d986bf14fad0499c09144e8cbcf646a490cc.bin,[7]
4392,751c1b4b40f9d9cb7d5a78eacb4f9324bbed501a.bin,198,725,datacopy/UCSB/751c1b4b40f9d9cb7d5a78eacb4f9324bbed501a.bin,[7]
4393,e0fd8992a9a861571f5aa84c14a67beac4e7cbf0.bin,198,725,datacopy/UCSB/e0fd8992a9a861571f5aa84c14a67beac4e7cbf0.bin,[7]
4394,c859bffd13265955f2025518e9c2e6aa14966c40.bin,198,725,datacopy/UCSB/c859bffd13265955f2025518e9c2e6aa14966c40.bin,[7]
4395,e057df2060245f65258a5f48b0cb674b884d9db2.bin,198,725,datacopy/UCSB/e057df2060245f65258a5f48b0cb674b884d9db2.bin,[7]
4396,3154a9ae7f1e3a045441bc9fb8e91ebe62c78ec5.bin,198,725,datacopy/UCSB/3154a9ae7f1e3a045441bc9fb8e91ebe62c78ec5.bin,[7]
4397,89cd9049b9803b1d72f4dc14c77960f89ae03a3c.bin,198,725,datacopy/UCSB/89cd9049b9803b1d72f4dc14c77960f89ae03a3c.bin,[7]
4398,9f9723dd8608e39dad81c1bc2a9f9cd2e7f56430.bin,198,725,datacopy/UCSB/9f9723dd8608e39dad81c1bc2a9f9cd2e7f56430.bin,[7]
4399,899e07cd0c2b8904da7cc9eca0227de2980256bc.bin,198,725,datacopy/UCSB/899e07cd0c2b8904da7cc9eca0227de2980256bc.bin,[7]
4400,0fed9ece57c367e151a740cb06d0d7ef202084bd.bin,198,725,datacopy/UCSB/0fed9ece57c367e151a740cb06d0d7ef202084bd.bin,[7]
4401,b1b61293d2b8e6394598fabb7b3342acb07e3ef0.bin,198,725,datacopy/UCSB/b1b61293d2b8e6394598fabb7b3342acb07e3ef0.bin,[7]
4402,92fb1ceafa0250aa5dccb3f54c18703ae2887cd6.bin,198,725,datacopy/UCSB/92fb1ceafa0250aa5dccb3f54c18703ae2887cd6.bin,[7]
4403,6a2f5174dea4a6d53ff2332f5852b2eeb3b90603.bin,198,725,datacopy/UCSB/6a2f5174dea4a6d53ff2332f5852b2eeb3b90603.bin,[7]
4404,d1d444d2dac3f921f2f191fb9758f1c724425c60.bin,198,725,datacopy/UCSB/d1d444d2dac3f921f2f191fb9758f1c724425c60.bin,[7]
4405,c63f1555685590786d7ca7f0e1ce60377b55eae3.bin,200,1360,datacopy/UCSB/c63f1555685590786d7ca7f0e1ce60377b55eae3.bin,[1]
4406,242ab36d789b46220518281f6b37842e957e3d12.bin,200,1360,datacopy/UCSB/242ab36d789b46220518281f6b37842e957e3d12.bin,[1]
4407,29cd50ae13a5830152af43b57d31f3deee3f9c881c2b71833e88069b99cb8235,200,1360,datacopy/Stefano/29cd50ae13a5830152af43b57d31f3deee3f9c881c2b71833e88069b99cb8235,[1]
4408,5b43be3933cbdfb8cd27797b2deda9a5e0476517.bin,201,3,datacopy/UCSB/5b43be3933cbdfb8cd27797b2deda9a5e0476517.bin,"[3, 1, 111]"
4409,48ab4e603e19903e5883a04e2ea24997a490fed7.bin,201,3,datacopy/UCSB/48ab4e603e19903e5883a04e2ea24997a490fed7.bin,"[3, 1, 111]"
4410,c115dd210831906b6639f3762f3d3aba0a679622.bin,201,3,datacopy/UCSB/c115dd210831906b6639f3762f3d3aba0a679622.bin,"[3, 1, 111]"
4411,bc3051944e737a3e31ab4a48c680f658e9812cc1.bin,201,3,datacopy/UCSB/bc3051944e737a3e31ab4a48c680f658e9812cc1.bin,"[3, 1, 111]"
4412,8036d74f85cce8728ab30d4d243f9707ab18151f.bin,201,3,datacopy/UCSB/8036d74f85cce8728ab30d4d243f9707ab18151f.bin,"[3, 1, 111]"
4413,0fb4867997526d20c681491dea9769f1e5f7717f.bin,201,3,datacopy/UCSB/0fb4867997526d20c681491dea9769f1e5f7717f.bin,"[3, 1, 111]"
4414,93ef1a36d71273dd00be715366b0b353597fcdbe.bin,201,3,datacopy/UCSB/93ef1a36d71273dd00be715366b0b353597fcdbe.bin,"[3, 1, 111]"
4415,e3ed8a0c194f6e5555e0220a5e9db0d644e4cf64.bin,201,3,datacopy/UCSB/e3ed8a0c194f6e5555e0220a5e9db0d644e4cf64.bin,"[3, 1, 111]"
4416,623b1c1a2121f4226853efacf1b435ff44b32b21.bin,201,3,datacopy/UCSB/623b1c1a2121f4226853efacf1b435ff44b32b21.bin,"[3, 1, 111]"
4417,d6efafed96665be061fce4ad4ead9b657eec4c72.bin,201,3,datacopy/UCSB/d6efafed96665be061fce4ad4ead9b657eec4c72.bin,"[3, 1, 111]"
4418,6f8fd740db2f1c00a3b417ae64ea15f7bcf8b224.bin,201,3,datacopy/UCSB/6f8fd740db2f1c00a3b417ae64ea15f7bcf8b224.bin,"[3, 1, 111]"
4419,2690bb02223430aac4e7b2eebe36922afa56bb98.bin,201,3,datacopy/UCSB/2690bb02223430aac4e7b2eebe36922afa56bb98.bin,"[3, 1, 111]"
4420,95b7ec3981939ab467bfeca048789d00ab4eaea0.bin,201,3,datacopy/UCSB/95b7ec3981939ab467bfeca048789d00ab4eaea0.bin,"[3, 1, 111]"
4421,273063d3a993f8519b51f5954c4e262c1b77bee5.bin,201,3,datacopy/UCSB/273063d3a993f8519b51f5954c4e262c1b77bee5.bin,"[3, 1, 111]"
4422,d31bbc68ffb16cb6cd6c0e0943ca6b2d2b777fb0.bin,201,3,datacopy/UCSB/d31bbc68ffb16cb6cd6c0e0943ca6b2d2b777fb0.bin,"[3, 1, 111]"
4423,8284ea5c20d5845f026ac4db15e47b531796656a.bin,201,3,datacopy/UCSB/8284ea5c20d5845f026ac4db15e47b531796656a.bin,"[3, 1, 111]"
4424,294e6e0b115f88405ac33cc6fb7de63be1ed5983.bin,201,3,datacopy/UCSB/294e6e0b115f88405ac33cc6fb7de63be1ed5983.bin,"[3, 1, 111]"
4425,856f8078f112c4df156ed241f797354c3e24074f.bin,201,3,datacopy/UCSB/856f8078f112c4df156ed241f797354c3e24074f.bin,"[3, 1, 111]"
4426,0db184d7d27beca4cdec55c248fe04a7580e6811.bin,201,3,datacopy/UCSB/0db184d7d27beca4cdec55c248fe04a7580e6811.bin,"[3, 1, 111]"
4427,7a26d29ae4da164fb7951a02e1b7d7f9e20448b1.bin,201,3,datacopy/UCSB/7a26d29ae4da164fb7951a02e1b7d7f9e20448b1.bin,"[3, 1, 111]"
4428,24e97a98b45a412d21ae98a432ed18c2832bbc90.bin,201,3,datacopy/UCSB/24e97a98b45a412d21ae98a432ed18c2832bbc90.bin,"[3, 1, 111]"
4429,dd36c620f48400e98b0810f720db8c22557a8e44.bin,201,3,datacopy/UCSB/dd36c620f48400e98b0810f720db8c22557a8e44.bin,"[3, 1, 111]"
4430,141bc96b925b2f1f75ac4c06de449906874a3c29.bin,201,3,datacopy/UCSB/141bc96b925b2f1f75ac4c06de449906874a3c29.bin,"[3, 1, 111]"
4431,b547c2db4b43ec44b20c1fa971918d20a857243e.bin,201,1531,datacopy/UCSB/b547c2db4b43ec44b20c1fa971918d20a857243e.bin,"[3, 1, 111]"
4432,f1e2d5090a88941b7610c9d71bf60c1f12edeb26.bin,201,3,datacopy/UCSB/f1e2d5090a88941b7610c9d71bf60c1f12edeb26.bin,"[3, 1, 111]"
4433,b4e189470f19b0e3103194d1f4cf362171a6830c.bin,201,3,datacopy/UCSB/b4e189470f19b0e3103194d1f4cf362171a6830c.bin,"[3, 1, 111]"
4434,c8d94fb1c281f97c9357a3174b3e2200e99cd31a.bin,201,3,datacopy/UCSB/c8d94fb1c281f97c9357a3174b3e2200e99cd31a.bin,"[3, 1, 111]"
4435,3e09bbe1f39ea3cb3055e72497bc6a861f2951ec.bin,201,3,datacopy/UCSB/3e09bbe1f39ea3cb3055e72497bc6a861f2951ec.bin,"[3, 1, 111]"
4436,ce38004befa7b8a8c47edba2063e71c6857f81fb.bin,201,3,datacopy/UCSB/ce38004befa7b8a8c47edba2063e71c6857f81fb.bin,"[3, 1, 111]"
4437,d75683d27e67622c716c52bb1a03c9473d00be49.bin,201,3,datacopy/UCSB/d75683d27e67622c716c52bb1a03c9473d00be49.bin,"[3, 1, 111]"
4438,ccde666e647b54308a8463a0faad91ea1f1c2c0d.bin,201,3,datacopy/UCSB/ccde666e647b54308a8463a0faad91ea1f1c2c0d.bin,"[3, 1, 111]"
4439,9517811b33ed96c8230bc40b0101eea459f681c5.bin,201,3,datacopy/UCSB/9517811b33ed96c8230bc40b0101eea459f681c5.bin,"[3, 1, 111]"
4440,e069b824a445203de50a50bc0da9cc2a4e541ecb.bin,201,3,datacopy/UCSB/e069b824a445203de50a50bc0da9cc2a4e541ecb.bin,"[3, 1, 111]"
4441,9580b0a3129541c5fbc689c5d1e1c97cf3eaf4f9.bin,201,3,datacopy/UCSB/9580b0a3129541c5fbc689c5d1e1c97cf3eaf4f9.bin,"[3, 1, 111]"
4442,43235cd225065716634f836d186b48a053ce37d7.bin,201,1531,datacopy/UCSB/43235cd225065716634f836d186b48a053ce37d7.bin,"[3, 1, 111]"
4443,ac2c7968f6500508963480c9baf82ec292581ad6.bin,201,3,datacopy/UCSB/ac2c7968f6500508963480c9baf82ec292581ad6.bin,"[3, 1, 111]"
4444,73b8fc21451cd85a3dede01ea7b556aea8b3db02.bin,201,3,datacopy/UCSB/73b8fc21451cd85a3dede01ea7b556aea8b3db02.bin,"[3, 1, 111]"
4445,996b0abbcfefe2e1c1a239236658512b34e7e740.bin,201,3,datacopy/UCSB/996b0abbcfefe2e1c1a239236658512b34e7e740.bin,"[3, 1, 111]"
4446,13a155ab2478fc4270035c0c48876c7c5ed2ed41.bin,201,3,datacopy/UCSB/13a155ab2478fc4270035c0c48876c7c5ed2ed41.bin,"[3, 1, 111]"
4447,dc190bf7c95c0b7b043cd5629e28d8aea80a1e5b.bin,201,3,datacopy/UCSB/dc190bf7c95c0b7b043cd5629e28d8aea80a1e5b.bin,"[3, 1, 111]"
4448,b19aa312817a0933aef95c33b2e0b45b0915d9ae.bin,201,3,datacopy/UCSB/b19aa312817a0933aef95c33b2e0b45b0915d9ae.bin,"[3, 1, 111]"
4449,588305123d9ad66dca145cb060ca72c9f3064aed.bin,201,3,datacopy/UCSB/588305123d9ad66dca145cb060ca72c9f3064aed.bin,"[3, 1, 111]"
4450,01d10ca0828040e5f583a2e43f74e33637c7dfe6.bin,201,3,datacopy/UCSB/01d10ca0828040e5f583a2e43f74e33637c7dfe6.bin,"[3, 1, 111]"
4451,15f6acb476b461a0a38e376ab42d9fd784e6c4f0.bin,201,50,datacopy/UCSB/15f6acb476b461a0a38e376ab42d9fd784e6c4f0.bin,"[3, 1, 111]"
4452,0aafb7be8ad946f58053429417380864d008d50e.bin,201,3,datacopy/UCSB/0aafb7be8ad946f58053429417380864d008d50e.bin,"[3, 1, 111]"
4453,c05a9a690c3a28c527f21b167f20f163d135a46f.bin,201,3,datacopy/UCSB/c05a9a690c3a28c527f21b167f20f163d135a46f.bin,"[3, 1, 111]"
4454,b361a99e68582ab554980574850a612e7b9e8b49.bin,201,3,datacopy/UCSB/b361a99e68582ab554980574850a612e7b9e8b49.bin,"[3, 1, 111]"
4455,21d877d5d6eb1e45b420ca522d0716f5d5730a98.bin,201,3,datacopy/UCSB/21d877d5d6eb1e45b420ca522d0716f5d5730a98.bin,"[3, 1, 111]"
4456,f0ccadfe9335218d40a7cd1c0e901edfb3c053f9.bin,201,3,datacopy/UCSB/f0ccadfe9335218d40a7cd1c0e901edfb3c053f9.bin,"[3, 1, 111]"
4457,fd7a313f2cd1989f86644f9d0a986eeaea4e673c.bin,201,3,datacopy/UCSB/fd7a313f2cd1989f86644f9d0a986eeaea4e673c.bin,"[3, 1, 111]"
4458,01287fe8a16961b10a82e4a23b7954fd50a111e8.bin,201,3,datacopy/UCSB/01287fe8a16961b10a82e4a23b7954fd50a111e8.bin,"[3, 1, 111]"
4459,75569b0f42ea8834c973414f63893843e883a98d.bin,201,3,datacopy/UCSB/75569b0f42ea8834c973414f63893843e883a98d.bin,"[3, 1, 111]"
4460,a92aeadd5b7b8972ec1f1587cb8c3e9dd63d8e84.bin,201,3,datacopy/UCSB/a92aeadd5b7b8972ec1f1587cb8c3e9dd63d8e84.bin,"[3, 1, 111]"
4461,38d17880f25100e08c2244ddbd1b994d80802ef1.bin,201,3,datacopy/UCSB/38d17880f25100e08c2244ddbd1b994d80802ef1.bin,"[3, 1, 111]"
4462,1f6b1453a77ed68fbfd8136572f21b3a9a5a21e8.bin,201,3,datacopy/UCSB/1f6b1453a77ed68fbfd8136572f21b3a9a5a21e8.bin,"[3, 1, 111]"
4463,100e0d6c4f64b37fec5a429897cfe2390e8a7df3.bin,201,3,datacopy/UCSB/100e0d6c4f64b37fec5a429897cfe2390e8a7df3.bin,"[3, 1, 111]"
4464,2ad429ed5d23dcc0ee4b9d83562d4df2e27e6887.bin,201,3,datacopy/UCSB/2ad429ed5d23dcc0ee4b9d83562d4df2e27e6887.bin,"[3, 1, 111]"
4465,0a40ae1f7612b57e2726cce2ba782121f502467a.bin,201,3,datacopy/UCSB/0a40ae1f7612b57e2726cce2ba782121f502467a.bin,"[3, 1, 111]"
4466,eea396a783da3a2081316dce3f72c1b973283e0996eca2a28c12676bef6998a3,201,3,datacopy/Stefano/eea396a783da3a2081316dce3f72c1b973283e0996eca2a28c12676bef6998a3,"[3, 1, 111]"
4467,eff2979195391ea23aad05d59181dda55d030490.bin,204,1289,datacopy/UCSB/eff2979195391ea23aad05d59181dda55d030490.bin,[1]
4468,d0bddcd3dcfa0b5b49035aab624859353eda6a20.bin,204,1289,datacopy/UCSB/d0bddcd3dcfa0b5b49035aab624859353eda6a20.bin,[1]
4469,6388baf0be47bead54cdf816b1f6f4e5c68af6ef.bin,204,1289,datacopy/UCSB/6388baf0be47bead54cdf816b1f6f4e5c68af6ef.bin,[1]
4470,678697357654f5ac02840b35d96b9d9d2a1b9e08.bin,204,1289,datacopy/UCSB/678697357654f5ac02840b35d96b9d9d2a1b9e08.bin,[1]
4471,f9896a8d70324b7133deb03f05dd15684aae186f.bin,204,1289,datacopy/UCSB/f9896a8d70324b7133deb03f05dd15684aae186f.bin,[1]
4472,bccdb7e3f8a9ea01d6edd6e4a2ea5825bce7988b.bin,204,1289,datacopy/UCSB/bccdb7e3f8a9ea01d6edd6e4a2ea5825bce7988b.bin,[1]
4473,c29d791252010a0e62745151fbdb179269bd9b62.bin,204,1289,datacopy/UCSB/c29d791252010a0e62745151fbdb179269bd9b62.bin,[1]
4474,db0ea5ce251e2da19c38f5b07640043e7ceac7d8.bin,204,1289,datacopy/UCSB/db0ea5ce251e2da19c38f5b07640043e7ceac7d8.bin,[1]
4475,8a2be97603a6fae6588cc4c2ebc3795d293e0c72.bin,204,1289,datacopy/UCSB/8a2be97603a6fae6588cc4c2ebc3795d293e0c72.bin,[1]
4476,92db4ee07b52f377790d0aef15cb805137798192.bin,204,1289,datacopy/UCSB/92db4ee07b52f377790d0aef15cb805137798192.bin,[1]
4477,acf41e122dd4f1de1b288058d53d804617363031.bin,204,1289,datacopy/UCSB/acf41e122dd4f1de1b288058d53d804617363031.bin,[1]
4478,a1f4308ba23314097642335e660679de4c411e7f.bin,216,758,datacopy/UCSB/a1f4308ba23314097642335e660679de4c411e7f.bin,[1]
4479,90fc1ad9350b4b051eca6572f7ab228bb401aeea.bin,216,758,datacopy/UCSB/90fc1ad9350b4b051eca6572f7ab228bb401aeea.bin,[1]
4480,16647c72fe4f9d9129fe6eb951e593b084eff38b.bin,216,758,datacopy/UCSB/16647c72fe4f9d9129fe6eb951e593b084eff38b.bin,[1]
4481,eff5e1174388da0a7c3c19dcc19e16299ca035cd.bin,216,758,datacopy/UCSB/eff5e1174388da0a7c3c19dcc19e16299ca035cd.bin,[1]
4482,1bdfac359b926cf0da543a61e01c4c3f1245b49a.bin,216,758,datacopy/UCSB/1bdfac359b926cf0da543a61e01c4c3f1245b49a.bin,[1]
4483,14202b33f6a00d4d760f8f067abd53c02a810715.bin,216,758,datacopy/UCSB/14202b33f6a00d4d760f8f067abd53c02a810715.bin,[1]
4484,b44576e005b40dd07ac84c9ccfc0102abf012d63.bin,216,758,datacopy/UCSB/b44576e005b40dd07ac84c9ccfc0102abf012d63.bin,[1]
4485,0fe1b0cd1581e79e8e12065b102d0d73ad6788b4.bin,216,758,datacopy/UCSB/0fe1b0cd1581e79e8e12065b102d0d73ad6788b4.bin,[1]
4486,0de641f77e2044678010348ed06fee9340a341bd.bin,216,758,datacopy/UCSB/0de641f77e2044678010348ed06fee9340a341bd.bin,[1]
4487,0d5b01b7311dc19d22b9418658dc59241536fa26.bin,216,758,datacopy/UCSB/0d5b01b7311dc19d22b9418658dc59241536fa26.bin,[1]
4488,ef83a3275f876873de6986d6decc4aa4f611894f.bin,216,758,datacopy/UCSB/ef83a3275f876873de6986d6decc4aa4f611894f.bin,[1]
4489,770c511bd4ebf7e9dec0ab0d85a313ceeb221afc.bin,216,758,datacopy/UCSB/770c511bd4ebf7e9dec0ab0d85a313ceeb221afc.bin,[1]
4490,c96af48b138b51b9ecfe8c8265090123ed9d9630.bin,221,574,datacopy/UCSB/c96af48b138b51b9ecfe8c8265090123ed9d9630.bin,"[21, 1]"
4491,e0712ca65d3db61ac25ba95d65dec5ca15d172617399ab2cfc79166b858797a6,221,1172,datacopy/Stefano/e0712ca65d3db61ac25ba95d65dec5ca15d172617399ab2cfc79166b858797a6,"[21, 1]"
4492,c49e79f60e8b82254beb932a3fa1fc064f9a724f8d2b1d0a992a2791df0e05c5,221,1172,datacopy/Stefano/c49e79f60e8b82254beb932a3fa1fc064f9a724f8d2b1d0a992a2791df0e05c5,"[21, 1]"
4493,1447999d4e3925bbbc043efe69321b9164604f73023d60d3885fb71f724032b8,221,1172,datacopy/Stefano/1447999d4e3925bbbc043efe69321b9164604f73023d60d3885fb71f724032b8,"[21, 1]"
4494,6861f647332d557f05561b8af38454e66782e03f4e148058cc7a6f05b66f00bb,221,1172,datacopy/Stefano/6861f647332d557f05561b8af38454e66782e03f4e148058cc7a6f05b66f00bb,"[21, 1]"
4495,d10290343fd5a7862bf0d811f7c4eaf7f00c8943308945813fc95b76fcf16697,221,1172,datacopy/Stefano/d10290343fd5a7862bf0d811f7c4eaf7f00c8943308945813fc95b76fcf16697,"[21, 1]"
4496,11da6e70387981fb890b0505bdc3b632b4d40a1e1f15b8ab30a2d1503d18c662,221,1172,datacopy/Stefano/11da6e70387981fb890b0505bdc3b632b4d40a1e1f15b8ab30a2d1503d18c662,"[21, 1]"
4497,282155b12442a25a838bc11af6a767b4b71c8520a2e9c5d56c18591debb9546e,221,1172,datacopy/Stefano/282155b12442a25a838bc11af6a767b4b71c8520a2e9c5d56c18591debb9546e,"[21, 1]"
4498,451f441b11062b4dce673cbe4cdd823896e55b0b93b8c5e534b8eba7699b649c,221,1172,datacopy/Stefano/451f441b11062b4dce673cbe4cdd823896e55b0b93b8c5e534b8eba7699b649c,"[21, 1]"
4499,b39d1c34b6d746561f5c23d3c96ce21011d7ec5d65feef3f784c9a08c6b4d08e,221,1172,datacopy/Stefano/b39d1c34b6d746561f5c23d3c96ce21011d7ec5d65feef3f784c9a08c6b4d08e,"[21, 1]"
4500,717be304ffbf0634c583c7edfa7f66aa4e7137cf0767a826c05be24ba3c39f21,221,1172,datacopy/Stefano/717be304ffbf0634c583c7edfa7f66aa4e7137cf0767a826c05be24ba3c39f21,"[21, 1]"
4501,ea99aed4d51f7af84933f6825bed48c558d84f8a94857c52d99391a8e98945a4,221,1172,datacopy/Stefano/ea99aed4d51f7af84933f6825bed48c558d84f8a94857c52d99391a8e98945a4,"[21, 1]"
4502,c4e6668428fae0429f40e17f08cb4e0b22cb1bb23c35b36bcb4dfa54af4bb919,221,1172,datacopy/Stefano/c4e6668428fae0429f40e17f08cb4e0b22cb1bb23c35b36bcb4dfa54af4bb919,"[21, 1]"
4503,1650b2cb968bcc361cc97ceaa8982645b2745d19ca9caf29f46fdff725553fb2,221,1172,datacopy/Stefano/1650b2cb968bcc361cc97ceaa8982645b2745d19ca9caf29f46fdff725553fb2,"[21, 1]"
4504,d711bccd06bb8834b563148bb84b7e9d92d0025ad74f6c4d83e0c803a294aa52,221,1172,datacopy/Stefano/d711bccd06bb8834b563148bb84b7e9d92d0025ad74f6c4d83e0c803a294aa52,"[21, 1]"
4505,9e32a96ffa4a0e156bf589391a092ee6f17b12b8927b1bb3bb30e6b207b84c8e,221,1172,datacopy/Stefano/9e32a96ffa4a0e156bf589391a092ee6f17b12b8927b1bb3bb30e6b207b84c8e,"[21, 1]"
4506,ee3f43d16a77c4d9340d58f0dfcc0a853eb931f9d36e718d294541ede46cd798,221,1172,datacopy/Stefano/ee3f43d16a77c4d9340d58f0dfcc0a853eb931f9d36e718d294541ede46cd798,"[21, 1]"
4507,b414058fba9fdc2032c8124ebb1dd5fa05b8be79d45022b381152de3130faffa,221,1172,datacopy/Stefano/b414058fba9fdc2032c8124ebb1dd5fa05b8be79d45022b381152de3130faffa,"[21, 1]"
4508,62c17bbb3d69fa3494c6816b47cbe23c68675007879c03c1c5b1b035132419c1,221,1172,datacopy/Stefano/62c17bbb3d69fa3494c6816b47cbe23c68675007879c03c1c5b1b035132419c1,"[21, 1]"
4509,0485bde97c37f0983bbb51b21017bf2ad6f53a6c270e064d0e8374de438a0ea2,221,1172,datacopy/Stefano/0485bde97c37f0983bbb51b21017bf2ad6f53a6c270e064d0e8374de438a0ea2,"[21, 1]"
4510,203c8f554ae6328e0bfa17ee0b7193e0b03def35c966d287ca151564a9f89564,221,1172,datacopy/Stefano/203c8f554ae6328e0bfa17ee0b7193e0b03def35c966d287ca151564a9f89564,"[21, 1]"
4511,f1b037132eb6551afba431589fd64929405572d4871a1f9b5bc65a76f1dd204d,221,1172,datacopy/Stefano/f1b037132eb6551afba431589fd64929405572d4871a1f9b5bc65a76f1dd204d,"[21, 1]"
4512,689063f488cacdfe7c3dc77a267114e1c6bc9dd9084925752dedeec01ac4add4,221,1172,datacopy/Stefano/689063f488cacdfe7c3dc77a267114e1c6bc9dd9084925752dedeec01ac4add4,"[21, 1]"
4513,ed8b985a039fe67ca4648cbaa39e401045beb0a1fbc9044d03275740e8a99de9,221,1172,datacopy/Stefano/ed8b985a039fe67ca4648cbaa39e401045beb0a1fbc9044d03275740e8a99de9,"[21, 1]"
4514,359cbfdfa59b6287f1b11ac15df61d51b052c70e4a9e0c9019aae4261781d1f4,221,1172,datacopy/Stefano/359cbfdfa59b6287f1b11ac15df61d51b052c70e4a9e0c9019aae4261781d1f4,"[21, 1]"
4515,3621c7ed2347da2babe23a1b8e6a4f40aeff30ef293895b3e54ce768b6f51a5f,221,1172,datacopy/Stefano/3621c7ed2347da2babe23a1b8e6a4f40aeff30ef293895b3e54ce768b6f51a5f,"[21, 1]"
4516,c7c214b39715871cfa01165abee0f43f4c5ade828f51b25b95371caa48a7a809,221,1172,datacopy/Stefano/c7c214b39715871cfa01165abee0f43f4c5ade828f51b25b95371caa48a7a809,"[21, 1]"
4517,fddafa45e983cbc44a6dafe7a71763ac533ca591b1a3ca07233c51b05896b5ea,221,1172,datacopy/Stefano/fddafa45e983cbc44a6dafe7a71763ac533ca591b1a3ca07233c51b05896b5ea,"[21, 1]"
4518,3a6226c4c693e1e3e136ecf5d7cea81a4e5666166c93ae8293cb111d0738bbce,221,1172,datacopy/Stefano/3a6226c4c693e1e3e136ecf5d7cea81a4e5666166c93ae8293cb111d0738bbce,"[21, 1]"
4519,8d624b1b8651b5767a6392519ae0c69ce6bafb8ebdfbf85e37d1e932d5dd1856,221,1172,datacopy/Stefano/8d624b1b8651b5767a6392519ae0c69ce6bafb8ebdfbf85e37d1e932d5dd1856,"[21, 1]"
4520,d351ea238e6489b078b1b90bfeb649ea0106ced7f9e266eb1281c60c90623ad5,221,1172,datacopy/Stefano/d351ea238e6489b078b1b90bfeb649ea0106ced7f9e266eb1281c60c90623ad5,"[21, 1]"
4521,56267e958cd1976fa4973b471795bd9f3be7fc2a3de90c72797e84b307c83d5e,221,1172,datacopy/Stefano/56267e958cd1976fa4973b471795bd9f3be7fc2a3de90c72797e84b307c83d5e,"[21, 1]"
4522,0c9d6f1118494845ff91a262a33883387e3a5034ab1fe358fac20a391751ad3c,221,1172,datacopy/Stefano/0c9d6f1118494845ff91a262a33883387e3a5034ab1fe358fac20a391751ad3c,"[21, 1]"
4523,66fdf648d5be7e011845ef66a8a896616ca901838288f87471518e64ab9fddcf,221,1172,datacopy/Stefano/66fdf648d5be7e011845ef66a8a896616ca901838288f87471518e64ab9fddcf,"[21, 1]"
4524,7224603cdbe421ad0fdd4060892c24edb6422de4baec1022731c9fc155e8a7fc,221,1172,datacopy/Stefano/7224603cdbe421ad0fdd4060892c24edb6422de4baec1022731c9fc155e8a7fc,"[21, 1]"
4525,b3a310c62632e25be611e08685cdf10c84ec722b.bin,222,194,datacopy/UCSB/b3a310c62632e25be611e08685cdf10c84ec722b.bin,"[15, 2]"
4526,layer17x32x64_mssd_aaa_aih.exe,222,2,datacopy/BB/Files/2015-12-08/layer17x32x64_mssd_aaa_aih.exe,"[15, 2]"
4527,Orcamento-Documento-ID-29120392993849000039402910002934049400000000.com,222,2,datacopy/BB/Files/2015-04-28/Orcamento-Documento-ID-29120392993849000039402910002934049400000000.com,"[15, 2]"
4528,RastreamentoCorreios.exe,222,2,datacopy/BB/Files/2015-04-28/RastreamentoCorreios.exe,"[15, 2]"
4529,PDF_CompVizualiza.exe,222,2,datacopy/BB/Files/2015-11-05/PDF_CompVizualiza.exe,"[15, 2]"
4530,Nota_Fiscal_20052015.exe,222,2,datacopy/BB/Files/2015-05-22/Nota_Fiscal_20052015.exe,"[15, 2]"
4531,whatsapp_video.maio2015.exe,222,2,datacopy/BB/Files/2015-05-22/whatsapp_video.maio2015.exe,"[15, 2]"
4532,AnexoComprovante.exe,222,2,datacopy/BB/Files/2015-10-01/AnexoComprovante.exe,"[15, 2]"
4533,Boleto002580.exe,222,2,datacopy/BB/Files/2015-10-01/Boleto002580.exe,"[15, 2]"
4534,OrÃ§amento__PDF.exe,222,2,datacopy/BB/Files/2015-09-16/OrÃ§amento__PDF.exe,"[15, 2]"
4535,Boletoemissor2109.exe,222,2,datacopy/BB/Files/2015-09-17/Boletoemissor2109.exe,"[15, 2]"
4536,Receitanet_IRPF.exe,222,2,datacopy/BB/Files/2015-09-29/Receitanet_IRPF.exe,"[15, 2]"
4537,Intimacao_MPF_2015_221460.exe,222,2,datacopy/BB/Files/2015-05-14/Intimacao_MPF_2015_221460.exe,"[15, 2]"
4538,AUDIOPATRICIA.scr,222,2,datacopy/BB/Files/2015-05-14/AUDIOPATRICIA.scr,"[15, 2]"
4539,Via_61036056.pdf.exe,222,2,datacopy/BB/Files/2015-10-26/Via_61036056.pdf.exe,"[15, 2]"
4540,whattsapp-video9873873987397jihd9873df.exe,222,2,datacopy/BB/Files/2015-04-20/whattsapp-video9873873987397jihd9873df.exe,"[15, 2]"
4541,Itau-Personalite-TED-Ricardosilva.exe,222,2,datacopy/BB/Files/2015-04-20/Itau-Personalite-TED-Ricardosilva.exe,"[15, 2]"
4542,Compronvante.exe,222,2,datacopy/BB/Files/2015-04-20/Compronvante.exe,"[15, 2]"
4543,OW9Gb28_e_download_cli_Cliente.exe,222,2,datacopy/BB/Files/2015-04-20/OW9Gb28_e_download_cli_Cliente.exe,"[15, 2]"
4544,Video-whats-zapp-disponivel.exe,222,2,datacopy/BB/Files/2015-04-20/Video-whats-zapp-disponivel.exe,"[15, 2]"
4545,Comprovante-TED-415248-85377174000120.exe,222,2,datacopy/BB/Files/2015-04-20/Comprovante-TED-415248-85377174000120.exe,"[15, 2]"
4546,0BwYJs4h_ovFFLTBVZDZGa0J1Z28_e_download.exe,222,2,datacopy/BB/Files/2015-04-20/0BwYJs4h_ovFFLTBVZDZGa0J1Z28_e_download.exe,"[15, 2]"
4547,ProtestoAbril.doc.exe,222,2,datacopy/BB/Files/2015-04-16/ProtestoAbril.doc.exe,"[15, 2]"
4548,FOTOS20122.exe,222,2,datacopy/BB/Files/2015-04-16/FOTOS20122.exe,"[15, 2]"
4549,boleto-NFE-582.exe,222,2,datacopy/BB/Files/2015-10-28/boleto-NFE-582.exe,"[15, 2]"
4550,Comprovante4703984702d34943hhd29.exe,222,2,datacopy/BB/Files/2015-10-28/Comprovante4703984702d34943hhd29.exe,"[15, 2]"
4551,2via.Boleto.exe,222,2,datacopy/BB/Files/2015-05-25/2via.Boleto.exe,"[15, 2]"
4552,Acordo4578.exe,222,2,datacopy/BB/Files/2015-11-17/Acordo4578.exe,"[15, 2]"
4553,Via_102103605112.exe,222,2,datacopy/BB/Files/2015-10-27/Via_102103605112.exe,"[15, 2]"
4554,comprovante_deposito102015.exe,222,2,datacopy/BB/Files/2015-10-20/comprovante_deposito102015.exe,"[15, 2]"
4555,BrunaLonbarde.exe,222,2,datacopy/BB/Files/2015-10-20/BrunaLonbarde.exe,"[15, 2]"
4556,Intimacao-Judicial-Documento-OP-2019200002910029100002940004930001910200000.com,222,2,datacopy/BB/Files/2015-05-20/Intimacao-Judicial-Documento-OP-2019200002910029100002940004930001910200000.com,"[15, 2]"
4557,comprovante_americanas.exe,222,2,datacopy/BB/Files/2015-05-20/comprovante_americanas.exe,"[15, 2]"
4558,2via_NotaFiscal_Danfe.exe,222,2,datacopy/BB/Files/2017-06-23/2via_NotaFiscal_Danfe.exe,"[15, 2]"
4559,cda520aa966669448297_lgfp_3000.exe,222,2,datacopy/BB/Files/2015-10-23/cda520aa966669448297_lgfp_3000.exe,"[15, 2]"
4560,CurriculumDaniele.exe,222,2,datacopy/BB/Files/2015-10-23/CurriculumDaniele.exe,"[15, 2]"
4561,nt4DLA07BxdUtzm1NxoTbK6oEeAWg_.exe,222,2,datacopy/BB/Files/2015-10-23/nt4DLA07BxdUtzm1NxoTbK6oEeAWg_.exe,"[15, 2]"
4562,Orcamentofinalizado_setembro.exe,222,2,datacopy/BB/Files/2015-09-15/Orcamentofinalizado_setembro.exe,"[15, 2]"
4563,bol_09112015.zip.exe,222,2,datacopy/BB/Files/2015-11-11/bol_09112015.zip.exe,"[15, 2]"
4564,010101010929202.exe,222,2,datacopy/BB/Files/2015-11-06/010101010929202.exe,"[15, 2]"
4565,Curriculun_AnaPaula_Ferreira2.exe,222,2,datacopy/BB/Files/2015-04-17/Curriculun_AnaPaula_Ferreira2.exe,"[15, 2]"
4566,comprovante.PDF.exe,222,2,datacopy/BB/Files/2015-05-13/comprovante.PDF.exe,"[15, 2]"
4567,doc_6541245.exe,222,2,datacopy/BB/Files/2015-04-23/doc_6541245.exe,"[15, 2]"
4568,Install_WhatsApp.exe,222,2,datacopy/BB/Files/2015-04-23/Install_WhatsApp.exe,"[15, 2]"
4569,curriculum_vitae.exe,222,2,datacopy/BB/Files/2015-04-23/curriculum_vitae.exe,"[15, 2]"
4570,Fernanda.Borges.Curriculum.pdf.com,222,2,datacopy/BB/Files/2015-05-21/Fernanda.Borges.Curriculum.pdf.com,"[15, 2]"
4571,whatsappvideos.maio2015.exe,222,2,datacopy/BB/Files/2015-05-21/whatsappvideos.maio2015.exe,"[15, 2]"
4572,Comprovante_de_transferencia_21_05.pdf.exe,222,2,datacopy/BB/Files/2015-05-21/Comprovante_de_transferencia_21_05.pdf.exe,"[15, 2]"
4573,Boleto_de_Desconto.exe,222,2,datacopy/BB/Files/2015-10-08/Boleto_de_Desconto.exe,"[15, 2]"
4574,debveicular_nonato339837x.exe,222,2,datacopy/BB/Files/2015-10-08/debveicular_nonato339837x.exe,"[15, 2]"
4575,Intimacao_MPF-2015_17_09.exe,222,2,datacopy/BB/Files/2015-09-18/Intimacao_MPF-2015_17_09.exe,"[15, 2]"
4576,BoletoOutubro21-10-2015.exe,222,2,datacopy/BB/Files/2015-10-22/BoletoOutubro21-10-2015.exe,"[15, 2]"
4577,debitosvencido_s3382718br92.exe,222,2,datacopy/BB/Files/2015-10-07/debitosvencido_s3382718br92.exe,"[15, 2]"
4578,AnneBatista.exe,222,2,datacopy/BB/Files/2015-10-07/AnneBatista.exe,"[15, 2]"
4579,2via_NotaFiscal_Danfe.exe,222,2,datacopy/BB/Files/2017-06-23/2via_NotaFiscal_Danfe.exe,"[15, 2]"
4580,Extrato__PDF.exe,222,2,datacopy/BB/Files/2015-09-23/Extrato__PDF.exe,"[15, 2]"
4581,Pendencia-Maio.exe,222,2,datacopy/BB/Files/2015-05-05/Pendencia-Maio.exe,"[15, 2]"
4582,NOTAFISCAL.PDF.exe,222,2,datacopy/BB/Files/2015-05-05/NOTAFISCAL.PDF.exe,"[15, 2]"
4583,X-Videos.exe,222,2,datacopy/BB/Files/2015-10-19/X-Videos.exe,"[15, 2]"
4584,Documento-de-Intimacao-0060879800502020000160500005689150000040504580200000.com,222,2,datacopy/BB/Files/2015-04-27/Documento-de-Intimacao-0060879800502020000160500005689150000040504580200000.com,"[15, 2]"
4585,ASSESSORIA-JH03262NERHUER67349MLO22353544534KHFJH03262NERHUER67349MLO22353544534KHFJH03262NERHUER67349MLO22353544534KHF.exe,222,2,datacopy/BB/Files/2015-04-27/ASSESSORIA-JH03262NERHUER67349MLO22353544534KHFJH03262NERHUER67349MLO22353544534KHFJH03262NERHUER67349MLO22353544534KHF.exe,"[15, 2]"
4586,3a2f63c892edd69ad4e2f62642805f11bb02f9fd.bin,223,1520,datacopy/UCSB/3a2f63c892edd69ad4e2f62642805f11bb02f9fd.bin,[6]
4587,3b6fc28ace25b8684df4159fdf1f0b5601b50053.bin,223,1520,datacopy/UCSB/3b6fc28ace25b8684df4159fdf1f0b5601b50053.bin,[6]
4588,d988a919a909807a5569b8a233aa6eeeddacf51a.bin,223,1520,datacopy/UCSB/d988a919a909807a5569b8a233aa6eeeddacf51a.bin,[6]
4589,900998f211875997198a2fb61a36faa76ee59bd6.bin,223,1520,datacopy/UCSB/900998f211875997198a2fb61a36faa76ee59bd6.bin,[6]
4590,7a68ee0aefb96ea1ebde0bba71f4416b31c3e130.bin,223,1520,datacopy/UCSB/7a68ee0aefb96ea1ebde0bba71f4416b31c3e130.bin,[6]
4591,40d51a57daa783bdc6e3b2699b6a8d208e5edc1e.bin,223,1520,datacopy/UCSB/40d51a57daa783bdc6e3b2699b6a8d208e5edc1e.bin,[6]
4592,e1b77932fc505d3e65b3395ad592d04fce22d9ca.bin,223,1520,datacopy/UCSB/e1b77932fc505d3e65b3395ad592d04fce22d9ca.bin,[6]
4593,03cb9536a6b6b527f646874f19da38edf9ae6ebb.bin,223,1520,datacopy/UCSB/03cb9536a6b6b527f646874f19da38edf9ae6ebb.bin,[6]
4594,ac68b693636f0e57e4d5cc295a397726b79d1401.bin,223,1520,datacopy/UCSB/ac68b693636f0e57e4d5cc295a397726b79d1401.bin,[6]
4595,06649417dd620e3ef75819bd2d9d335717719eb6.bin,224,1160,datacopy/UCSB/06649417dd620e3ef75819bd2d9d335717719eb6.bin,[7]
4596,1f99dd88344b4c847300af271517895a6d97bf6e.bin,224,1160,datacopy/UCSB/1f99dd88344b4c847300af271517895a6d97bf6e.bin,[7]
4597,98cdf20995fc695985c2c1f043455453a53ea402.bin,224,1160,datacopy/UCSB/98cdf20995fc695985c2c1f043455453a53ea402.bin,[7]
4598,ce753c3b6fa618729c908280abe3c414bb4830af.bin,224,1160,datacopy/UCSB/ce753c3b6fa618729c908280abe3c414bb4830af.bin,[7]
4599,f16f324c9144b5aecd09154d436c38d688427e3b.bin,224,1160,datacopy/UCSB/f16f324c9144b5aecd09154d436c38d688427e3b.bin,[7]
4600,984a0f6071e2ac09cb29dd1909e43df510f51ccb.bin,224,1160,datacopy/UCSB/984a0f6071e2ac09cb29dd1909e43df510f51ccb.bin,[7]
4601,25b1817da2483a29421b6993a7b536e8f81df9af.bin,224,1160,datacopy/UCSB/25b1817da2483a29421b6993a7b536e8f81df9af.bin,[7]
4602,5fc1550668d4872a8f7a9af1d89b49c9203592d1.bin,224,1160,datacopy/UCSB/5fc1550668d4872a8f7a9af1d89b49c9203592d1.bin,[7]
4603,7f7697a7c18bfcb84f82742342880e485c5bca59.bin,224,1160,datacopy/UCSB/7f7697a7c18bfcb84f82742342880e485c5bca59.bin,[7]
4604,6906c45a48df38b6c6be6a4b8f293bf72ee9f6ba.bin,224,1160,datacopy/UCSB/6906c45a48df38b6c6be6a4b8f293bf72ee9f6ba.bin,[7]
4605,149ad2d9b80a048a753f6e2456a611ef54ced699.bin,224,1160,datacopy/UCSB/149ad2d9b80a048a753f6e2456a611ef54ced699.bin,[7]
4606,c5dd0e9de85862a18bf0371a325f02bcdf82b76d.bin,224,1160,datacopy/UCSB/c5dd0e9de85862a18bf0371a325f02bcdf82b76d.bin,[7]
4607,595e294fedb5756e3258ad92d1de9f43bc87e448.bin,224,1160,datacopy/UCSB/595e294fedb5756e3258ad92d1de9f43bc87e448.bin,[7]
4608,1db24a69d6d9b45cbe495fb5b5048ae7c3c629e2.bin,225,341,datacopy/UCSB/1db24a69d6d9b45cbe495fb5b5048ae7c3c629e2.bin,"[1, 10]"
4609,760c1466a8692be40614a3a21c6b5897be764ef1.bin,225,167,datacopy/UCSB/760c1466a8692be40614a3a21c6b5897be764ef1.bin,"[1, 10]"
4610,6817fc5b8ca9c1c0362c15200affc290d33dd5e5.bin,225,167,datacopy/UCSB/6817fc5b8ca9c1c0362c15200affc290d33dd5e5.bin,"[1, 10]"
4611,14dac6780c71e45a041f74fe15b3e446f19fa7cb.bin,225,167,datacopy/UCSB/14dac6780c71e45a041f74fe15b3e446f19fa7cb.bin,"[1, 10]"
4612,4e1bdda731c4780f1d54619da8928f24b9b819ff.bin,237,1149,datacopy/UCSB.JP/data_feed.geo_japan_6m_public_flag/4/e/1/4e1bdda731c4780f1d54619da8928f24b9b819ff.bin,[1]
4613,b2a42da969f828431a8af2c581eb44f5a509a63d.bin,237,1149,datacopy/UCSB/b2a42da969f828431a8af2c581eb44f5a509a63d.bin,[1]
4614,63099a2872c4ea1184c8b6f9aa2228c685e6c100.bin,237,1149,datacopy/UCSB/63099a2872c4ea1184c8b6f9aa2228c685e6c100.bin,[1]
4615,6adda23c54e6658a81a6c9c58347d704c80b2f4d.bin,237,1149,datacopy/UCSB/6adda23c54e6658a81a6c9c58347d704c80b2f4d.bin,[1]
4616,c0940b0b705fa84e4ad3b42af9149d410a46ed8f.bin,237,1149,datacopy/UCSB/c0940b0b705fa84e4ad3b42af9149d410a46ed8f.bin,[1]
4617,e9df62d8321def78c5ff1bc162b4840c8e539430.bin,237,1149,datacopy/UCSB/e9df62d8321def78c5ff1bc162b4840c8e539430.bin,[1]
4618,c2b5742021581f93f85eb7dceb976e627d9536f5.bin,237,1149,datacopy/UCSB/c2b5742021581f93f85eb7dceb976e627d9536f5.bin,[1]
4619,50b135944986a31ca9b710806d680d36b41f9049.bin,237,1149,datacopy/UCSB/50b135944986a31ca9b710806d680d36b41f9049.bin,[1]
4620,28d3c46c64a15cc61325f4fe87057c569fe0771e0bd2c904d01d9b58855011ac,237,1149,datacopy/Stefano/28d3c46c64a15cc61325f4fe87057c569fe0771e0bd2c904d01d9b58855011ac,[1]
4621,74786d29bf535f879f968e5189800084b927a56cf18b68df1d174e820770e1f1,237,1149,datacopy/Stefano/74786d29bf535f879f968e5189800084b927a56cf18b68df1d174e820770e1f1,[1]
4622,4b1d48ba71ef24c594576ce053fb725cdba993f6c3ee60b6c542b350dbddb071,237,1149,datacopy/Stefano/4b1d48ba71ef24c594576ce053fb725cdba993f6c3ee60b6c542b350dbddb071,[1]
4623,f377f29a3318442db9b0b5a20b4ce5e87d89d4a2269abdd5c9c0c358ffba1329,237,1149,datacopy/Stefano/f377f29a3318442db9b0b5a20b4ce5e87d89d4a2269abdd5c9c0c358ffba1329,[1]
4624,13fa4e85b74f67e2936e6361c0ddb7562590a789451ccbf0301f7ec263a2fcac,237,1149,datacopy/Stefano/13fa4e85b74f67e2936e6361c0ddb7562590a789451ccbf0301f7ec263a2fcac,[1]
4625,1f1e2ef6a24a4dc6bc5c5c16922bf596444c3d114442e4b07e9dba6412165635,237,1149,datacopy/Stefano/1f1e2ef6a24a4dc6bc5c5c16922bf596444c3d114442e4b07e9dba6412165635,[1]
4626,41e569059b66f0fcdee52af2ef263ce5cea091eab94a93cae61e53f73e6c27cb,237,1149,datacopy/Stefano/41e569059b66f0fcdee52af2ef263ce5cea091eab94a93cae61e53f73e6c27cb,[1]
4627,f3555b55141c38a216276e553a30ff9d0d8cf90f4a29cbf8a225d948378011ee,237,1149,datacopy/Stefano/f3555b55141c38a216276e553a30ff9d0d8cf90f4a29cbf8a225d948378011ee,[1]
4628,cc822ae1b3f31b81726874788544a415d1d9f3b7d0df1db0da14971c964a9c1e,237,1149,datacopy/Stefano/cc822ae1b3f31b81726874788544a415d1d9f3b7d0df1db0da14971c964a9c1e,[1]
4629,e12a4fcf432cf8e9a2802b4f11da14849002879c24811fd43d0b182d57de852c,237,1149,datacopy/Stefano/e12a4fcf432cf8e9a2802b4f11da14849002879c24811fd43d0b182d57de852c,[1]
4630,27c82a440d96d3f39ccbf5d494c6617545bddb081729cb3331726dfec2a34030,237,1149,datacopy/Stefano/27c82a440d96d3f39ccbf5d494c6617545bddb081729cb3331726dfec2a34030,[1]
4631,0243c3e0d19747799190575879bd378effe320dad898e83458d131db3b4df1a3,237,1149,datacopy/Stefano/0243c3e0d19747799190575879bd378effe320dad898e83458d131db3b4df1a3,[1]
4632,8dc7b15223aab2969b200b09e1c7d1c5a92de63b3da5300fe08ff2168595e150,237,1149,datacopy/Stefano/8dc7b15223aab2969b200b09e1c7d1c5a92de63b3da5300fe08ff2168595e150,[1]
4633,48fc62abd78f69f70db0e367c7df5d314175c03c8d0c0bf0df70986c5ed93bc6,237,1149,datacopy/Stefano/48fc62abd78f69f70db0e367c7df5d314175c03c8d0c0bf0df70986c5ed93bc6,[1]
4634,6e45df9a835c58bb83944601d2c2942f83cb4ef17b8de1610ce7e52f1e8c5822,237,1149,datacopy/Stefano/6e45df9a835c58bb83944601d2c2942f83cb4ef17b8de1610ce7e52f1e8c5822,[1]
4635,793fed1419f33202a2c356f4b403132e61403c8e.bin,244,1415,datacopy/UCSB/793fed1419f33202a2c356f4b403132e61403c8e.bin,"[1, 222]"
4636,d635860daed7e9441ab208ca8c20fb84ebbf2a94946738774effde0017d1c217,244,54,datacopy/Stefano/d635860daed7e9441ab208ca8c20fb84ebbf2a94946738774effde0017d1c217,"[1, 222]"
4637,c2d51ad347d8480abcb5e90f3d925e1ec442f9217581603673789bbfbe6a7dd3,244,54,datacopy/Stefano/c2d51ad347d8480abcb5e90f3d925e1ec442f9217581603673789bbfbe6a7dd3,"[1, 222]"
4638,80a7957aed90279064aad3af1f833221ecf4d33b.bin,247,709,datacopy/UCSB/80a7957aed90279064aad3af1f833221ecf4d33b.bin,"[1, 70, 222, 12]"
4639,d433406ac5664a1adeadb491343b154f0195cece.bin,247,1001,datacopy/UCSB/d433406ac5664a1adeadb491343b154f0195cece.bin,"[1, 70, 222, 12]"
4640,790b7edf4596ebfd6df9def46867e611396f9020.bin,247,54,datacopy/UCSB/790b7edf4596ebfd6df9def46867e611396f9020.bin,"[1, 70, 222, 12]"
4641,3bac10e24dae79554f68637d0c7bb48c032c1e8832a8b5c3e6641544aed63da5,247,212,datacopy/Stefano/3bac10e24dae79554f68637d0c7bb48c032c1e8832a8b5c3e6641544aed63da5,"[1, 70, 222, 12]"
4642,1f07341ebc1080798faa4fa16f2fc4ec82f53bfa.bin,248,1234,datacopy/UCSB/1f07341ebc1080798faa4fa16f2fc4ec82f53bfa.bin,[8]
4643,03a96a4e526d50a1e117d5fcdeaa8f69360b5eeb.bin,248,1234,datacopy/UCSB/03a96a4e526d50a1e117d5fcdeaa8f69360b5eeb.bin,[8]
4644,094319b0ee5ff5b6d3615d72afdf2c83329e7de5.bin,248,1234,datacopy/UCSB/094319b0ee5ff5b6d3615d72afdf2c83329e7de5.bin,[8]
4645,b6a0ef331c97762369044bae3830ace2edc7e09d.bin,248,1234,datacopy/UCSB/b6a0ef331c97762369044bae3830ace2edc7e09d.bin,[8]
4646,abfe83f53a9b2e67a048721142e1600a475182bf.bin,248,1234,datacopy/UCSB/abfe83f53a9b2e67a048721142e1600a475182bf.bin,[8]
4647,8beff8ec8e0fcff7ab2598c987486392c49a4081.bin,248,1234,datacopy/UCSB/8beff8ec8e0fcff7ab2598c987486392c49a4081.bin,[8]
4648,4cc4ce51ec378fe6b582a81033f0bdb6efddf544.bin,248,1234,datacopy/UCSB/4cc4ce51ec378fe6b582a81033f0bdb6efddf544.bin,[8]
4649,3dfb0b61bb69ba6b2c26d1522a38134982e5eab4.bin,248,1234,datacopy/UCSB/3dfb0b61bb69ba6b2c26d1522a38134982e5eab4.bin,[8]
4650,e4906579340b26c3702ca6c80f769297a4d42bcf.bin,248,1234,datacopy/UCSB/e4906579340b26c3702ca6c80f769297a4d42bcf.bin,[8]
4651,58afa32e31c9f547e171eab04ec86e82579c425a.bin,248,1234,datacopy/UCSB/58afa32e31c9f547e171eab04ec86e82579c425a.bin,[8]
4652,a0a2316be4263dac59db0a9e57888efb2088aea6.bin,248,1234,datacopy/UCSB/a0a2316be4263dac59db0a9e57888efb2088aea6.bin,[8]
4653,3ee4036a38f67b90d48cc41148957e795823459a.bin,248,1234,datacopy/UCSB/3ee4036a38f67b90d48cc41148957e795823459a.bin,[8]
4654,28899c721e0888e812378e343a17e0f501b1dd26.bin,248,1234,datacopy/UCSB/28899c721e0888e812378e343a17e0f501b1dd26.bin,[8]
4655,a1c066ead90d1bd47984789151959fedccd018ee.bin,248,1234,datacopy/UCSB/a1c066ead90d1bd47984789151959fedccd018ee.bin,[8]
4656,2280fc5329935c2b47a676510eb17c4b03a3a3a0.bin,248,1234,datacopy/UCSB/2280fc5329935c2b47a676510eb17c4b03a3a3a0.bin,[8]
4657,80c42e823870b978081f47992d099fe41a000339309cbedb3e934987aee9d17a,248,1234,datacopy/Stefano/80c42e823870b978081f47992d099fe41a000339309cbedb3e934987aee9d17a,[8]
4658,b7663b477d32670799216aed3f6590010c98b6722dbcdac5a002f9083b7fa3d8,248,1234,datacopy/Stefano/b7663b477d32670799216aed3f6590010c98b6722dbcdac5a002f9083b7fa3d8,[8]
4659,eb42a90202a9d5e0cacf626dd214c9028b50fec50c18ee2fdf7a50db0014a044,248,1234,datacopy/Stefano/eb42a90202a9d5e0cacf626dd214c9028b50fec50c18ee2fdf7a50db0014a044,[8]
4660,4fc8965cf63767d00c1316fccc56da3c7e8653f9.bin,249,1555,datacopy/UCSB/4fc8965cf63767d00c1316fccc56da3c7e8653f9.bin,[4]
4661,015707d95369daf671c3e192f7d5fb23d304f426.bin,249,1555,datacopy/UCSB/015707d95369daf671c3e192f7d5fb23d304f426.bin,[4]
4662,1870c229405f353953e8e67e224fba2b9acd54e2.bin,249,1555,datacopy/UCSB/1870c229405f353953e8e67e224fba2b9acd54e2.bin,[4]
4663,d1738ff93098c5a201f9cd891aa3300b91323857.bin,249,1555,datacopy/UCSB/d1738ff93098c5a201f9cd891aa3300b91323857.bin,[4]
4664,fe036f41c9b37d43811e53d0539eca84ede98d93.bin,249,1555,datacopy/UCSB/fe036f41c9b37d43811e53d0539eca84ede98d93.bin,[4]
4665,fb805153304d911f3690b360969430381fa54d7b.bin,249,1555,datacopy/UCSB/fb805153304d911f3690b360969430381fa54d7b.bin,[4]
4666,2e442ccf3559b8e0db779ac190fcc5a01a95664d.bin,249,1555,datacopy/UCSB/2e442ccf3559b8e0db779ac190fcc5a01a95664d.bin,[4]
4667,251232c51ef5feade4a4fdd5f5ec74d56bb69a5a.bin,249,1555,datacopy/UCSB/251232c51ef5feade4a4fdd5f5ec74d56bb69a5a.bin,[4]
4668,e32a6464b4b2b03646f605e1dc6ab93aa365e098.bin,249,1555,datacopy/UCSB/e32a6464b4b2b03646f605e1dc6ab93aa365e098.bin,[4]
4669,18db56be0030739e0dae1ec9ee1baabe88916d75.bin,249,1555,datacopy/UCSB/18db56be0030739e0dae1ec9ee1baabe88916d75.bin,[4]
4670,45900964cfad4c861f121ca8d58f259e19a7a0fe.bin,249,1555,datacopy/UCSB/45900964cfad4c861f121ca8d58f259e19a7a0fe.bin,[4]
4671,bda7df2f2071bdf4a6df88f98a10eba42fd1cc3f.bin,249,1555,datacopy/UCSB/bda7df2f2071bdf4a6df88f98a10eba42fd1cc3f.bin,[4]
4672,292f0ce86fd542d3b0494374f2afdb857e80363a.bin,249,1555,datacopy/UCSB/292f0ce86fd542d3b0494374f2afdb857e80363a.bin,[4]
4673,968755a9c86c33ca806f838e59f9b0fa63f0b773.bin,249,1555,datacopy/UCSB/968755a9c86c33ca806f838e59f9b0fa63f0b773.bin,[4]
4674,4b20a28faf0888ace9842f5c696d4f73d0fb8d25.bin,249,1555,datacopy/UCSB/4b20a28faf0888ace9842f5c696d4f73d0fb8d25.bin,[4]
4675,bce276551f28f116fad3c9db279aaf4af344bf80.bin,249,1555,datacopy/UCSB/bce276551f28f116fad3c9db279aaf4af344bf80.bin,[4]
4676,65b7b5250f5739df9b32980a7271314b934f8bb7.bin,249,1555,datacopy/UCSB/65b7b5250f5739df9b32980a7271314b934f8bb7.bin,[4]
4677,4228ec8e21756058fab3e9bdd7b10e469b4d7da3.bin,249,1555,datacopy/UCSB/4228ec8e21756058fab3e9bdd7b10e469b4d7da3.bin,[4]
4678,4484c2171a8167a98821781ff827c498d4b83b76.bin,249,1555,datacopy/UCSB/4484c2171a8167a98821781ff827c498d4b83b76.bin,[4]
4679,33c3cf294bccd1f2d9c22bb5a5a5a1ea01591eec.bin,249,1555,datacopy/UCSB/33c3cf294bccd1f2d9c22bb5a5a5a1ea01591eec.bin,[4]
4680,f03f2214d8bb87c7534aae3ae04c4cf1fa44ec74.bin,249,1555,datacopy/UCSB/f03f2214d8bb87c7534aae3ae04c4cf1fa44ec74.bin,[4]
4681,67bb8101f80153dddfb61e3b0abf109abc55059c.bin,250,3,datacopy/UCSB/67bb8101f80153dddfb61e3b0abf109abc55059c.bin,"[3, 310, 1]"
4682,d2eb002474f1fdf0c03ff527d6de9d3967585f08.bin,250,3,datacopy/UCSB/d2eb002474f1fdf0c03ff527d6de9d3967585f08.bin,"[3, 310, 1]"
4683,98d3383fecdfbf1a069f8ff1b0e9925df3066fd8.bin,250,1482,datacopy/UCSB/98d3383fecdfbf1a069f8ff1b0e9925df3066fd8.bin,"[3, 310, 1]"
4684,c15b483bda78d8035fb6bf1fd0f30ddce220e131.bin,250,1482,datacopy/UCSB/c15b483bda78d8035fb6bf1fd0f30ddce220e131.bin,"[3, 310, 1]"
4685,8e435596610a6666730a455e260e5b1a57629adb.bin,250,1482,datacopy/UCSB/8e435596610a6666730a455e260e5b1a57629adb.bin,"[3, 310, 1]"
4686,3992f86cbf088d8813ce7c1e60fd2f08a1f65c38.bin,250,1602,datacopy/UCSB/3992f86cbf088d8813ce7c1e60fd2f08a1f65c38.bin,"[3, 310, 1]"
4687,5f492a5a180142acd78eba4bcf570f84385a01cc.bin,253,715,datacopy/UCSB/5f492a5a180142acd78eba4bcf570f84385a01cc.bin,"[1, 1]"
4688,f1e5e9894ba2fbea7b5cc3b774572c1ac72096e1.bin,253,957,datacopy/UCSB/f1e5e9894ba2fbea7b5cc3b774572c1ac72096e1.bin,"[1, 1]"
4689,395fddbef360b205aff599402738d4930ec0e073.bin,253,715,datacopy/UCSB/395fddbef360b205aff599402738d4930ec0e073.bin,"[1, 1]"
4690,39ad44fa140076c7cb8709d954c322616acb5d2d.bin,253,715,datacopy/UCSB/39ad44fa140076c7cb8709d954c322616acb5d2d.bin,"[1, 1]"
4691,0791b0ade1031b57587440377f7055348f0e6ac3.bin,257,1370,datacopy/UCSB/0791b0ade1031b57587440377f7055348f0e6ac3.bin,[1]
4692,41b7176df9d985717bf459b36974194a0208d7e7.bin,257,1370,datacopy/UCSB/41b7176df9d985717bf459b36974194a0208d7e7.bin,[1]
4693,0725a19131f86c8fd2cf88378111363a4fff5533.bin,257,1370,datacopy/UCSB/0725a19131f86c8fd2cf88378111363a4fff5533.bin,[1]
4694,0d74c5411769a8ef17018a375ea2191a521aa0eb.bin,257,1370,datacopy/UCSB/0d74c5411769a8ef17018a375ea2191a521aa0eb.bin,[1]
4695,060f1a2721c6623d71dbd40ac98a80bbb09dcab4.bin,257,1370,datacopy/UCSB/060f1a2721c6623d71dbd40ac98a80bbb09dcab4.bin,[1]
4696,b599a90b54b96a901ac75b1ad7056afe84e05e56.bin,257,1370,datacopy/UCSB/b599a90b54b96a901ac75b1ad7056afe84e05e56.bin,[1]
4697,05fb9a6894a52831043be46492e783aea2af03dc.bin,257,1370,datacopy/UCSB/05fb9a6894a52831043be46492e783aea2af03dc.bin,[1]
4698,e3f9b287618040e50ce138361240aa055b765b5a.bin,267,3,datacopy/UCSB/e3f9b287618040e50ce138361240aa055b765b5a.bin,"[3, 310, 18]"
4699,b5de4e6a3497bae615f110ce7de95ceec43fc405.bin,267,1482,datacopy/UCSB/b5de4e6a3497bae615f110ce7de95ceec43fc405.bin,"[3, 310, 18]"
4700,39ebc8271136c785129d64a59831dedec53e5b0a.bin,267,1482,datacopy/UCSB/39ebc8271136c785129d64a59831dedec53e5b0a.bin,"[3, 310, 18]"
4701,2e6e3ebca24b478d688278d0ef4b97b36a27b2c6.bin,267,1482,datacopy/UCSB/2e6e3ebca24b478d688278d0ef4b97b36a27b2c6.bin,"[3, 310, 18]"
4702,0e1fb4291d0913e48677d26838661631b3e12cb0.bin,267,1482,datacopy/UCSB/0e1fb4291d0913e48677d26838661631b3e12cb0.bin,"[3, 310, 18]"
4703,1d8fbb1cc991cb84334754fd360f5b676a8d5e45.bin,267,1482,datacopy/UCSB/1d8fbb1cc991cb84334754fd360f5b676a8d5e45.bin,"[3, 310, 18]"
4704,6b5ca19e86ea7af078a4478bec47b11552d0409c.bin,267,1482,datacopy/UCSB/6b5ca19e86ea7af078a4478bec47b11552d0409c.bin,"[3, 310, 18]"
4705,51aa26782c778321df8465b755447ad64d495962.bin,267,1482,datacopy/UCSB/51aa26782c778321df8465b755447ad64d495962.bin,"[3, 310, 18]"
4706,9084b96699fdc314f43f3e026a988eea54081ca5.bin,267,1482,datacopy/UCSB/9084b96699fdc314f43f3e026a988eea54081ca5.bin,"[3, 310, 18]"
4707,f0583b4e3b0c877a07ce0d67e9f6219bd3b0eecc.bin,267,1482,datacopy/UCSB/f0583b4e3b0c877a07ce0d67e9f6219bd3b0eecc.bin,"[3, 310, 18]"
4708,dd7b1029795a2cf801006c1d9a5c64799cb28624.bin,267,1482,datacopy/UCSB/dd7b1029795a2cf801006c1d9a5c64799cb28624.bin,"[3, 310, 18]"
4709,5ae4414ba4c6222e50b778663dfe2552c00b0f00.bin,267,614,datacopy/UCSB/5ae4414ba4c6222e50b778663dfe2552c00b0f00.bin,"[3, 310, 18]"
4710,5ce99ced503d59d7997f1344435b7b8c464b8f39.bin,269,1224,datacopy/UCSB/5ce99ced503d59d7997f1344435b7b8c464b8f39.bin,"[9, 3]"
4711,1ac80a22728c73e28c2dca082dcf7c6570fab31b.bin,269,1224,datacopy/UCSB/1ac80a22728c73e28c2dca082dcf7c6570fab31b.bin,"[9, 3]"
4712,b3b42f237060cd8092a83403b2b7642f46dc235b.bin,269,1224,datacopy/UCSB/b3b42f237060cd8092a83403b2b7642f46dc235b.bin,"[9, 3]"
4713,b80b3a02716fc2f45e46ed512df5202d458cbfaefbd8c3d06ac47ddee555a6c3,269,3,datacopy/Stefano/b80b3a02716fc2f45e46ed512df5202d458cbfaefbd8c3d06ac47ddee555a6c3,"[9, 3]"
4714,f650a66735b09bef575a86263b7d4cf21c75dc605e09f68b1fcbfcd19b566c08,269,3,datacopy/Stefano/f650a66735b09bef575a86263b7d4cf21c75dc605e09f68b1fcbfcd19b566c08,"[9, 3]"
4715,bb8bd97d58b6dd999119fcab62d3e0fc86f596ba2279ac705aabba0a5eb0b727,269,1224,datacopy/Stefano/bb8bd97d58b6dd999119fcab62d3e0fc86f596ba2279ac705aabba0a5eb0b727,"[9, 3]"
4716,a76a589053b7bde8e97bb56177ffa1cb7173a529a2305c117a94c71306381bfe,269,3,datacopy/Stefano/a76a589053b7bde8e97bb56177ffa1cb7173a529a2305c117a94c71306381bfe,"[9, 3]"
4717,f3fa4ddd6fbc0460bf7f7184094ae03318df91d9205b2f26f5bd0bbbcc61f597,269,3,datacopy/Stefano/f3fa4ddd6fbc0460bf7f7184094ae03318df91d9205b2f26f5bd0bbbcc61f597,"[9, 3]"
4718,82f83cca6cf2b0653826ae486955a5b97dfce5e68542cac2171c6988fd8c36b8,269,3,datacopy/Stefano/82f83cca6cf2b0653826ae486955a5b97dfce5e68542cac2171c6988fd8c36b8,"[9, 3]"
4719,47d8bd6fb906c730c2c165b5518987469af21a7e97828215a664717dbfcd9b98,269,3,datacopy/Stefano/47d8bd6fb906c730c2c165b5518987469af21a7e97828215a664717dbfcd9b98,"[9, 3]"
4720,a9375a8db1ee600446150c49867302160e611e733028e5fe0d2b0ff6382667e5,269,3,datacopy/Stefano/a9375a8db1ee600446150c49867302160e611e733028e5fe0d2b0ff6382667e5,"[9, 3]"
4721,6099bf3fb4e6670abe323ce80e59f21a62b586a8cadcc9f85a684611d775db13,269,3,datacopy/Stefano/6099bf3fb4e6670abe323ce80e59f21a62b586a8cadcc9f85a684611d775db13,"[9, 3]"
4722,5635eec30ed2e7cdcd7064c37d62c8c90e0e091d59c66ed24ed1e436c1921fac,269,3,datacopy/Stefano/5635eec30ed2e7cdcd7064c37d62c8c90e0e091d59c66ed24ed1e436c1921fac,"[9, 3]"
4723,94c142ffd0fdd055d55f4bdbf7543131f36e4e7b65549d0d7cb07d930c5baa37,269,3,datacopy/Stefano/94c142ffd0fdd055d55f4bdbf7543131f36e4e7b65549d0d7cb07d930c5baa37,"[9, 3]"
4724,1cb6deca765db32f8ed35b7727ffc036d65c43b5.bin,270,1602,datacopy/UCSB/1cb6deca765db32f8ed35b7727ffc036d65c43b5.bin,"[1, 3, 310]"
4725,741048f1674e75b8e932a77f3edb508125075ddf.bin,270,1602,datacopy/UCSB/741048f1674e75b8e932a77f3edb508125075ddf.bin,"[1, 3, 310]"
4726,555b3f95ad9a24acfa76105fb20f16f7e9c8c2ea.bin,270,3,datacopy/UCSB/555b3f95ad9a24acfa76105fb20f16f7e9c8c2ea.bin,"[1, 3, 310]"
4727,9c8f9c949dd1253e61dfa24823411c90871a7964.bin,270,3,datacopy/UCSB/9c8f9c949dd1253e61dfa24823411c90871a7964.bin,"[1, 3, 310]"
4728,8e8851edd1fc0685373db5d3f9e94a8d1ea054fe.bin,270,3,datacopy/UCSB/8e8851edd1fc0685373db5d3f9e94a8d1ea054fe.bin,"[1, 3, 310]"
4729,cf0be75e1025a2d3f1511da8a3f49910f147f361.bin,270,1602,datacopy/UCSB/cf0be75e1025a2d3f1511da8a3f49910f147f361.bin,"[1, 3, 310]"
4730,1afc2a2036812279c58de0b825ebdea423341182.bin,270,1602,datacopy/UCSB/1afc2a2036812279c58de0b825ebdea423341182.bin,"[1, 3, 310]"
4731,1adfc5074d798718288cdd523a8c38283c2987ee.bin,270,1602,datacopy/UCSB/1adfc5074d798718288cdd523a8c38283c2987ee.bin,"[1, 3, 310]"
4732,2038735f92ecfac72f496799a96d18ca4e71ebde.bin,270,3,datacopy/UCSB/2038735f92ecfac72f496799a96d18ca4e71ebde.bin,"[1, 3, 310]"
4733,d7da2c49415f89f9e698a629fbf965cacf549df1.bin,270,1482,datacopy/UCSB/d7da2c49415f89f9e698a629fbf965cacf549df1.bin,"[1, 3, 310]"
4734,7801ea11750cefb1531537c93310d9587ccdb07f.bin,270,3,datacopy/UCSB/7801ea11750cefb1531537c93310d9587ccdb07f.bin,"[1, 3, 310]"
4735,4e258b15cb7635aa94a1db75789642ea8206449a.bin,270,1482,datacopy/UCSB/4e258b15cb7635aa94a1db75789642ea8206449a.bin,"[1, 3, 310]"
4736,061d31e179ec357b5651f360bb7107c0e4ff76e5.bin,275,479,datacopy/UCSB/061d31e179ec357b5651f360bb7107c0e4ff76e5.bin,"[1, 310, 3]"
4737,0b3a7592f298196369a268d54895256d9de749f3.bin,275,1482,datacopy/UCSB/0b3a7592f298196369a268d54895256d9de749f3.bin,"[1, 310, 3]"
4738,bf2943fef0c066eda0213b944d42ddd297284cbc.bin,275,1482,datacopy/UCSB/bf2943fef0c066eda0213b944d42ddd297284cbc.bin,"[1, 310, 3]"
4739,938e0dd28fef011dd7c24a7a2c23330a1dfcc29c.bin,275,1482,datacopy/UCSB/938e0dd28fef011dd7c24a7a2c23330a1dfcc29c.bin,"[1, 310, 3]"
4740,e224c1d6331db81e720f6a5eda8958f2bfcdf16c.bin,275,3,datacopy/UCSB/e224c1d6331db81e720f6a5eda8958f2bfcdf16c.bin,"[1, 310, 3]"
4741,71e4dea698d20e8d0d8a77bba41168f09e8ab267.bin,275,1482,datacopy/UCSB/71e4dea698d20e8d0d8a77bba41168f09e8ab267.bin,"[1, 310, 3]"
4742,5ebc7f6f1e7d20c7034e2dafb9e97e89d866ee7d.bin,275,1482,datacopy/UCSB/5ebc7f6f1e7d20c7034e2dafb9e97e89d866ee7d.bin,"[1, 310, 3]"
4743,1d8dc9db337564ed269b61eeff92e64c6e2c2956.bin,283,3,datacopy/UCSB/1d8dc9db337564ed269b61eeff92e64c6e2c2956.bin,[3]
4744,a2ba08017173d4d46684d603e71c8be89860ff7d.bin,283,3,datacopy/UCSB/a2ba08017173d4d46684d603e71c8be89860ff7d.bin,[3]
4745,0d82c4774db24b7a3df791a106b0383cab9278df.bin,283,3,datacopy/UCSB/0d82c4774db24b7a3df791a106b0383cab9278df.bin,[3]
4746,a5403c104f8139e8259cfe482c9f4b0346326466.bin,283,3,datacopy/UCSB/a5403c104f8139e8259cfe482c9f4b0346326466.bin,[3]
4747,62f744a7aea8352cd0e2190a2897acaebca0e375.bin,283,3,datacopy/UCSB/62f744a7aea8352cd0e2190a2897acaebca0e375.bin,[3]
4748,84dc82e8302b4bca0ce7b3e0d36e7652e3160227.bin,285,3,datacopy/UCSB/84dc82e8302b4bca0ce7b3e0d36e7652e3160227.bin,"[3, 1]"
4749,b06e0e968e00d2e379a696076c7edbe58311283a.bin,285,3,datacopy/UCSB/b06e0e968e00d2e379a696076c7edbe58311283a.bin,"[3, 1]"
4750,b6116bff05837c0daf52aba9889970ea28860657.bin,285,3,datacopy/UCSB/b6116bff05837c0daf52aba9889970ea28860657.bin,"[3, 1]"
4751,cb239d2e789bd3f7d426cd30206035a4f22d686d.bin,285,3,datacopy/UCSB/cb239d2e789bd3f7d426cd30206035a4f22d686d.bin,"[3, 1]"
4752,363a1d980701864010404faea50c68392742b723.bin,285,3,datacopy/UCSB/363a1d980701864010404faea50c68392742b723.bin,"[3, 1]"
4753,cc600af72b77982eb576a5a30f77316145107103.bin,285,3,datacopy/UCSB/cc600af72b77982eb576a5a30f77316145107103.bin,"[3, 1]"
4754,c32183d1049ec79869596a869db4ff7930178717.bin,285,1144,datacopy/UCSB/c32183d1049ec79869596a869db4ff7930178717.bin,"[3, 1]"
4755,7719c87ad7f3f0ee7060a119dbb2f03ac892cd6d.bin,300,1521,datacopy/UCSB/7719c87ad7f3f0ee7060a119dbb2f03ac892cd6d.bin,[1]
4756,7edfd75129ce33cab4aaf6343b4bff632386ec39.bin,300,1521,datacopy/UCSB/7edfd75129ce33cab4aaf6343b4bff632386ec39.bin,[1]
4757,76815ad83a7f06831798298f9d0859bbaedb615e.bin,300,1521,datacopy/UCSB/76815ad83a7f06831798298f9d0859bbaedb615e.bin,[1]
4758,fca78662d2f1e0df85f3dcba561195bac1227b02.codex,308,769,datacopy/CodexGiga/fca78662d2f1e0df85f3dcba561195bac1227b02.codex,[1]
4759,8850568c6d7a12ec70b7fd0fc5944539a5a91d51.codex,308,769,datacopy/CodexGiga/8850568c6d7a12ec70b7fd0fc5944539a5a91d51.codex,[1]
4760,c809e5a9462bcb80a10a42692557737059c1b40d.codex,308,769,datacopy/CodexGiga/c809e5a9462bcb80a10a42692557737059c1b40d.codex,[1]
4761,dc5a7700b0f32cf6245b9885b1655d9ac44b18f6.bin,312,1216,datacopy/UCSB/dc5a7700b0f32cf6245b9885b1655d9ac44b18f6.bin,[3]
4762,75d21fbd55cf2a93595ba54fd43709dcedefd61e.bin,312,1216,datacopy/UCSB/75d21fbd55cf2a93595ba54fd43709dcedefd61e.bin,[3]
4763,4ad513d19f2e27d7a404ca36d3fa554d6dedbac4e8bc3f361ace2d31bfecce91,312,1216,datacopy/Stefano/4ad513d19f2e27d7a404ca36d3fa554d6dedbac4e8bc3f361ace2d31bfecce91,[3]
4764,5ba53027f59b07576b31fc3e9837c2ce156155182f410c4f4b5e550a5b8f0b05,312,1216,datacopy/Stefano/5ba53027f59b07576b31fc3e9837c2ce156155182f410c4f4b5e550a5b8f0b05,[3]
4765,fe938c668d7ab53d8c28a36e12187e816ed8dcdac9ef349451969bf2b090de52,312,1216,datacopy/Stefano/fe938c668d7ab53d8c28a36e12187e816ed8dcdac9ef349451969bf2b090de52,[3]
4766,aa7ee3defec07f011d68c85fa278d7424ffcc6f9928985c241f7a6a6400fb17f,312,1216,datacopy/Stefano/aa7ee3defec07f011d68c85fa278d7424ffcc6f9928985c241f7a6a6400fb17f,[3]
4767,babefef44ef23d64521be42a1b5e84a5c449bb82.bin,315,805,datacopy/UCSB/babefef44ef23d64521be42a1b5e84a5c449bb82.bin,[10]
4768,ae5262b9133de6121fa2ebe77164c094cbba9cb3.bin,315,805,datacopy/UCSB/ae5262b9133de6121fa2ebe77164c094cbba9cb3.bin,[10]
4769,7803f160af428bcfb4b9ea2aba07886f232cde4e.codex,315,805,datacopy/CodexGiga/7803f160af428bcfb4b9ea2aba07886f232cde4e.codex,[10]
4770,246217774b05d6050af029202e0fef01fa4dcbec0ed7ba8f98430c6e1256799c,315,805,datacopy/Stefano/246217774b05d6050af029202e0fef01fa4dcbec0ed7ba8f98430c6e1256799c,[10]
4771,24ff85a5831f7e70cd7e87a98d82c4b0e904a94c8426f28bed964b1df3e96ce6,315,805,datacopy/Stefano/24ff85a5831f7e70cd7e87a98d82c4b0e904a94c8426f28bed964b1df3e96ce6,[10]
4772,ec16aabc38d2a713463491193b48331d18ad0570a72d5c080d743c9e40d8fcd1,315,805,datacopy/Stefano/ec16aabc38d2a713463491193b48331d18ad0570a72d5c080d743c9e40d8fcd1,[10]
4773,9282b9e2a902dda8162c81d7aa246cf4ab763e36e4c6248eb72ba3a8a824c340,315,805,datacopy/Stefano/9282b9e2a902dda8162c81d7aa246cf4ab763e36e4c6248eb72ba3a8a824c340,[10]
4774,22d5c098235b8172ed16a2c2c82f4b1548f44d593e968924427c4f44e24c1175,315,805,datacopy/Stefano/22d5c098235b8172ed16a2c2c82f4b1548f44d593e968924427c4f44e24c1175,[10]
4775,e7ccfc42f55165c60d370026dcd41b2962bfefb6c42932970d2243f82024ea93,315,805,datacopy/Stefano/e7ccfc42f55165c60d370026dcd41b2962bfefb6c42932970d2243f82024ea93,[10]
4776,e97de2f19cf8a2f1b6bcdd02aecebb057ac06f26a86996a7c91c0393789ce9b3,315,805,datacopy/Stefano/e97de2f19cf8a2f1b6bcdd02aecebb057ac06f26a86996a7c91c0393789ce9b3,[10]
4777,03144da417dc8d8b40d78d82cd438d3ba8a18dc31b854dbdb9581afc2eadd956,315,805,datacopy/Stefano/03144da417dc8d8b40d78d82cd438d3ba8a18dc31b854dbdb9581afc2eadd956,[10]
4778,fdaad1a4d3bc2b8c14d059829e631c48c87636ac29e0fdeac8edf8c3994547e3,315,805,datacopy/Stefano/fdaad1a4d3bc2b8c14d059829e631c48c87636ac29e0fdeac8edf8c3994547e3,[10]
4779,7a826f9d91f1d26a2d46016b131a24f8701b7113c4b87838f822f01654f0cf3d,315,805,datacopy/Stefano/7a826f9d91f1d26a2d46016b131a24f8701b7113c4b87838f822f01654f0cf3d,[10]
4780,e935314276d728e0d0c020c3b50a9cbe3c8f6065497b1e278da64574ffa461b9,315,805,datacopy/Stefano/e935314276d728e0d0c020c3b50a9cbe3c8f6065497b1e278da64574ffa461b9,[10]
4781,826d84e2387b04bb7426a3920287fa2982bce383e138c31a1f38c62d6c58b28a,315,805,datacopy/Stefano/826d84e2387b04bb7426a3920287fa2982bce383e138c31a1f38c62d6c58b28a,[10]
4782,ee893528854e8b59c04fd4e0683b41f617c0379ad85fc3dd8dbdef0b99141737,315,805,datacopy/Stefano/ee893528854e8b59c04fd4e0683b41f617c0379ad85fc3dd8dbdef0b99141737,[10]
4783,697418ab17627e0989b4fcf80a7b1c745aa4fb62cc60eead384e90fe326270ed,315,805,datacopy/Stefano/697418ab17627e0989b4fcf80a7b1c745aa4fb62cc60eead384e90fe326270ed,[10]
4784,a1eb56216260a4656401513ab9ac1c26d18c4ff143647732bde2fadce513bf31,315,805,datacopy/Stefano/a1eb56216260a4656401513ab9ac1c26d18c4ff143647732bde2fadce513bf31,[10]
4785,9b22cf8ca8d5cbd55136c7d19901e0a83da7aa6dd0b3f394333c3bcf75967f7e,315,805,datacopy/Stefano/9b22cf8ca8d5cbd55136c7d19901e0a83da7aa6dd0b3f394333c3bcf75967f7e,[10]
4786,d13f004b966ec2e21fdc1ca8c039b666c1ad1d28.bin,318,724,datacopy/UCSB/d13f004b966ec2e21fdc1ca8c039b666c1ad1d28.bin,"[5, 3, 2]"
4787,bf79550e64575695b703a7332c540fb3b344208e.bin,318,3,datacopy/UCSB/bf79550e64575695b703a7332c540fb3b344208e.bin,"[5, 3, 2]"
4788,199bf768753642c98db6a9213144c3a2f9474937.bin,318,724,datacopy/UCSB/199bf768753642c98db6a9213144c3a2f9474937.bin,"[5, 3, 2]"
4789,file.502263.exe,318,724,datacopy/Honeypots/file.502263.exe,"[5, 3, 2]"
4790,file.193930.exe,318,3,datacopy/Honeypots/file.193930.exe,"[5, 3, 2]"
4791,Recibo-De-Pagamento-DepositoBancario.exe,318,2,datacopy/BB/Files/2012-04-30/Recibo-De-Pagamento-DepositoBancario.exe,"[5, 3, 2]"
4792,mdc.exe,318,2,datacopy/BB/Files/2013-04-09/mdc.exe,"[5, 3, 2]"
4793,file.350363.exe,324,718,datacopy/Honeypots/file.350363.exe,"[6, 4, 1, 3]"
4794,file.352950.exe,324,721,datacopy/Honeypots/file.352950.exe,"[6, 4, 1, 3]"
4795,file.1020272.exe,324,718,datacopy/Honeypots/file.1020272.exe,"[6, 4, 1, 3]"
4796,file.535904.exe,324,718,datacopy/Honeypots/file.535904.exe,"[6, 4, 1, 3]"
4797,file.523445.exe,324,718,datacopy/Honeypots/file.523445.exe,"[6, 4, 1, 3]"
4798,file.508671.exe,324,718,datacopy/Honeypots/file.508671.exe,"[6, 4, 1, 3]"
4799,file.1281678.exe,324,718,datacopy/Honeypots/file.1281678.exe,"[6, 4, 1, 3]"
4800,file.197410.exe,324,718,datacopy/Honeypots/file.197410.exe,"[6, 4, 1, 3]"
4801,file.1021324.exe,324,718,datacopy/Honeypots/file.1021324.exe,"[6, 4, 1, 3]"
4802,file.1020265.exe,324,721,datacopy/Honeypots/file.1020265.exe,"[6, 4, 1, 3]"
4803,74125b0f1cd0e1b13b27b744d0e3d5900d224d22437c667568f5289428835a4a,324,718,datacopy/Stefano/74125b0f1cd0e1b13b27b744d0e3d5900d224d22437c667568f5289428835a4a,"[6, 4, 1, 3]"
4804,40913520681e2a9184f717ea561e016d2c8ad3b3fcd16c7836b981f8889ebd04,324,1349,datacopy/Stefano/40913520681e2a9184f717ea561e016d2c8ad3b3fcd16c7836b981f8889ebd04,"[6, 4, 1, 3]"
4805,d949010134c1272107fe2c6d7f6dd7a9ea252e75b9f5fb159af190600bd14167,324,718,datacopy/Stefano/d949010134c1272107fe2c6d7f6dd7a9ea252e75b9f5fb159af190600bd14167,"[6, 4, 1, 3]"
4806,03815fd922c64c6a6adf607a32c4aec76516182c6c3b8cb9d4d1a6a9a8667d82,324,718,datacopy/Stefano/03815fd922c64c6a6adf607a32c4aec76516182c6c3b8cb9d4d1a6a9a8667d82,"[6, 4, 1, 3]"
4807,de31e2bf4eb64502c7e0ef5c95b2265642adc2650d9090a81a645f03549c696e,324,718,datacopy/Stefano/de31e2bf4eb64502c7e0ef5c95b2265642adc2650d9090a81a645f03549c696e,"[6, 4, 1, 3]"
4808,e7e45f0236a40002e5346c15bb44eb904593fd5cb270cce7effa8b055eaf2844,324,718,datacopy/Stefano/e7e45f0236a40002e5346c15bb44eb904593fd5cb270cce7effa8b055eaf2844,"[6, 4, 1, 3]"
4809,2f0790e1dcae8c56a860377360ff0a051466858450d635d0ee23b0e9782ac4b6,324,718,datacopy/Stefano/2f0790e1dcae8c56a860377360ff0a051466858450d635d0ee23b0e9782ac4b6,"[6, 4, 1, 3]"
4810,da52038d8a664529f2b3d553b3be09e1b9f448deb666a8ab8d8861466b74adcc,324,718,datacopy/Stefano/da52038d8a664529f2b3d553b3be09e1b9f448deb666a8ab8d8861466b74adcc,"[6, 4, 1, 3]"
4811,14bf1e62f5ecb751c923d3c16acd29d5222ecc7e8445c6826da0b688ec19baa0,324,718,datacopy/Stefano/14bf1e62f5ecb751c923d3c16acd29d5222ecc7e8445c6826da0b688ec19baa0,"[6, 4, 1, 3]"
4812,d7114084dd3bca61407794d6a970360f40eea0346b1fe58de3933b469c732a31,324,718,datacopy/Stefano/d7114084dd3bca61407794d6a970360f40eea0346b1fe58de3933b469c732a31,"[6, 4, 1, 3]"
4813,76c46553847ec9977da11ae0f49786ab74f17ca44afc5aeeae710fa634a33bf1,324,718,datacopy/Stefano/76c46553847ec9977da11ae0f49786ab74f17ca44afc5aeeae710fa634a33bf1,"[6, 4, 1, 3]"
4814,957983d0fff4dd2a06ac2c2ac9ad5e4988689be65c0b99515907517927be15b0,324,3,datacopy/Stefano/957983d0fff4dd2a06ac2c2ac9ad5e4988689be65c0b99515907517927be15b0,"[6, 4, 1, 3]"
4815,ca9ef4313d6e863300bd8f577893d26ad3f7e352ad0750e4c68a77abb4ffebca,324,718,datacopy/Stefano/ca9ef4313d6e863300bd8f577893d26ad3f7e352ad0750e4c68a77abb4ffebca,"[6, 4, 1, 3]"
4816,1f0221097bb60becd83be0803821ca1592beb66f3ebc3e6937c70646d61e8993,324,718,datacopy/Stefano/1f0221097bb60becd83be0803821ca1592beb66f3ebc3e6937c70646d61e8993,"[6, 4, 1, 3]"
4817,7801699ce16d4395c4b06bbdd8ed60eb5fd3dec9986ab93303a554960c86efe7,324,718,datacopy/Stefano/7801699ce16d4395c4b06bbdd8ed60eb5fd3dec9986ab93303a554960c86efe7,"[6, 4, 1, 3]"
4818,file.701551.exe,325,718,datacopy/Honeypots/file.701551.exe,"[6, 5]"
4819,file.1054843.exe,325,718,datacopy/Honeypots/file.1054843.exe,"[6, 5]"
4820,file.1237008.exe,325,718,datacopy/Honeypots/file.1237008.exe,"[6, 5]"
4821,file.425735.exe,325,719,datacopy/Honeypots/file.425735.exe,"[6, 5]"
4822,file.635232.exe,325,719,datacopy/Honeypots/file.635232.exe,"[6, 5]"
4823,file.635208.exe,325,718,datacopy/Honeypots/file.635208.exe,"[6, 5]"
4824,file.707109.exe,325,719,datacopy/Honeypots/file.707109.exe,"[6, 5]"
4825,file.345098.exe,325,719,datacopy/Honeypots/file.345098.exe,"[6, 5]"
4826,file.1244155.exe,325,719,datacopy/Honeypots/file.1244155.exe,"[6, 5]"
4827,file.760463.exe,325,719,datacopy/Honeypots/file.760463.exe,"[6, 5]"
4828,013bf0c4c80c1f5ad9b022ef51b7a57852a126d33bb6d3d4b891bd38eec0aa96,325,719,datacopy/Stefano/013bf0c4c80c1f5ad9b022ef51b7a57852a126d33bb6d3d4b891bd38eec0aa96,"[6, 5]"
4829,bd44e5e325eef1fb7e803d6eb38e0495d8374ce7.codex,327,790,datacopy/CodexGiga/bd44e5e325eef1fb7e803d6eb38e0495d8374ce7.codex,[5]
4830,58c5dd3ac4c5259450f4bce796bd5ce9eb490fe3.codex,327,790,datacopy/CodexGiga/58c5dd3ac4c5259450f4bce796bd5ce9eb490fe3.codex,[5]
4831,6011305456c02850ff277def8396956d52ab1da0.codex,327,790,datacopy/CodexGiga/6011305456c02850ff277def8396956d52ab1da0.codex,[5]
4832,19f59f9a13c1286c643191792400599fb3b77661.codex,327,790,datacopy/CodexGiga/19f59f9a13c1286c643191792400599fb3b77661.codex,[5]
4833,16fbe7b93b2fd98c727e29e0c5240ff2ae9818a0.codex,327,790,datacopy/CodexGiga/16fbe7b93b2fd98c727e29e0c5240ff2ae9818a0.codex,[5]
4834,50623c43aa5914faee482174d42fe19d3c6dd6ed.codex,327,790,datacopy/CodexGiga/50623c43aa5914faee482174d42fe19d3c6dd6ed.codex,[5]
4835,455f13681dfa9eaad817f9126a485e3b542c7ec3.codex,327,790,datacopy/CodexGiga/455f13681dfa9eaad817f9126a485e3b542c7ec3.codex,[5]
4836,a7ab9fe7df24f86f8e3f3036b8a4944d33ecd66d.codex,327,790,datacopy/CodexGiga/a7ab9fe7df24f86f8e3f3036b8a4944d33ecd66d.codex,[5]
4837,18cbb59b51172e6b262f81ca48bd8bc609b1d64c.codex,327,790,datacopy/CodexGiga/18cbb59b51172e6b262f81ca48bd8bc609b1d64c.codex,[5]
4838,383e1d37e610cbd47d6797070a7ab49dfe90e13a.codex,327,790,datacopy/CodexGiga/383e1d37e610cbd47d6797070a7ab49dfe90e13a.codex,[5]
4839,bd769605cdb268e405604deda80b96e522421692.codex,327,790,datacopy/CodexGiga/bd769605cdb268e405604deda80b96e522421692.codex,[5]
4840,ffa088ea405c74b43e0aec8ee8e0a1a78d965e80.codex,327,790,datacopy/CodexGiga/ffa088ea405c74b43e0aec8ee8e0a1a78d965e80.codex,[5]
4841,b6a61c5fb646b5ecd082730e36347398901ec0e0.codex,327,790,datacopy/CodexGiga/b6a61c5fb646b5ecd082730e36347398901ec0e0.codex,[5]
4842,4ee6ee4633f288a28c1a4ed35fe202b59b119e76.codex,327,790,datacopy/CodexGiga/4ee6ee4633f288a28c1a4ed35fe202b59b119e76.codex,[5]
4843,f8064a06d06268966ee7c74d82c5b1c55708096b.codex,327,790,datacopy/CodexGiga/f8064a06d06268966ee7c74d82c5b1c55708096b.codex,[5]
4844,2f063d4fe6984e024dd69101c3760402a34786c4.codex,327,790,datacopy/CodexGiga/2f063d4fe6984e024dd69101c3760402a34786c4.codex,[5]
4845,909f45d580a8c33aadffc4020ab66d0e675c3bdf.codex,327,790,datacopy/CodexGiga/909f45d580a8c33aadffc4020ab66d0e675c3bdf.codex,[5]
4846,2b0dbea93861ec26f1e94f7764501f3d51c574bf.codex,327,790,datacopy/CodexGiga/2b0dbea93861ec26f1e94f7764501f3d51c574bf.codex,[5]
4847,8d4322e01f30df1914d928298052b23092265869.codex,327,790,datacopy/CodexGiga/8d4322e01f30df1914d928298052b23092265869.codex,[5]
4848,464a3262c2fe824f18cf5d17841ba9114c5044b4.codex,327,790,datacopy/CodexGiga/464a3262c2fe824f18cf5d17841ba9114c5044b4.codex,[5]
4849,3ac7a25f582c73547207b1ad3e78657ab8fa92ee.codex,327,790,datacopy/CodexGiga/3ac7a25f582c73547207b1ad3e78657ab8fa92ee.codex,[5]
4850,2d070b06ae312ac430247a0533f15118daf5ca9d.codex,327,790,datacopy/CodexGiga/2d070b06ae312ac430247a0533f15118daf5ca9d.codex,[5]
4851,3580401a8e660ed29f716dc33051c61b8e6b5f37.codex,327,790,datacopy/CodexGiga/3580401a8e660ed29f716dc33051c61b8e6b5f37.codex,[5]
4852,12e8c6883f3731798b8eabfe1a041e6d02d02055.codex,327,790,datacopy/CodexGiga/12e8c6883f3731798b8eabfe1a041e6d02d02055.codex,[5]
4853,80f9e63f19ecaf511216bd6561faff611216087d.codex,327,790,datacopy/CodexGiga/80f9e63f19ecaf511216bd6561faff611216087d.codex,[5]
4854,53ef55cc16073901133e23403775c8cf58b0f049.codex,327,790,datacopy/CodexGiga/53ef55cc16073901133e23403775c8cf58b0f049.codex,[5]
4855,ab5a458e85707797370925c499ae6f67dfcc4e79.codex,327,790,datacopy/CodexGiga/ab5a458e85707797370925c499ae6f67dfcc4e79.codex,[5]
4856,286911bc4a0bac095bc067ccb4ced36936f4d0bb.codex,327,790,datacopy/CodexGiga/286911bc4a0bac095bc067ccb4ced36936f4d0bb.codex,[5]
4857,1116ed804419b887988ef0566333ffe64d1b0e3f.codex,327,790,datacopy/CodexGiga/1116ed804419b887988ef0566333ffe64d1b0e3f.codex,[5]
4858,e1d5fcff24a6756575d027d1e2d91b1fb565e432.codex,327,790,datacopy/CodexGiga/e1d5fcff24a6756575d027d1e2d91b1fb565e432.codex,[5]
4859,dc14e7fe84227952129172c376bf9420ca421055.codex,327,790,datacopy/CodexGiga/dc14e7fe84227952129172c376bf9420ca421055.codex,[5]
4860,e1449d0192def4b944b61fa03df2efba130ab2b2.codex,327,790,datacopy/CodexGiga/e1449d0192def4b944b61fa03df2efba130ab2b2.codex,[5]
4861,18cbc9f85891526699dd66daff78ea6ce8167c2a.codex,327,790,datacopy/CodexGiga/18cbc9f85891526699dd66daff78ea6ce8167c2a.codex,[5]
4862,f371a9f094e9caa8805acb1f08017d35c9ac1c07.codex,327,790,datacopy/CodexGiga/f371a9f094e9caa8805acb1f08017d35c9ac1c07.codex,[5]
4863,fbe068cd0a88817338f71b8730b43174a804787b.codex,327,790,datacopy/CodexGiga/fbe068cd0a88817338f71b8730b43174a804787b.codex,[5]
4864,8c1278f04dc85bfec89430415c14e49e9b2d1bc9.codex,327,790,datacopy/CodexGiga/8c1278f04dc85bfec89430415c14e49e9b2d1bc9.codex,[5]
4865,f4e01db0041c1617eddbcec4d9c77ebc426af1ec.codex,327,790,datacopy/CodexGiga/f4e01db0041c1617eddbcec4d9c77ebc426af1ec.codex,[5]
4866,11b1dc55ab1e3bdd610701e517e1430346eb2955.codex,327,790,datacopy/CodexGiga/11b1dc55ab1e3bdd610701e517e1430346eb2955.codex,[5]
4867,7413865f6134ddb162a1d2a6153b9470c999bbd9.codex,327,790,datacopy/CodexGiga/7413865f6134ddb162a1d2a6153b9470c999bbd9.codex,[5]
4868,e0c1c801f53c1743945cbf18ab61acd2f9e23f2d.codex,327,790,datacopy/CodexGiga/e0c1c801f53c1743945cbf18ab61acd2f9e23f2d.codex,[5]
4869,9eff14d21cbfba06fc816f1a59ae82ee6f2ffd0a.codex,327,790,datacopy/CodexGiga/9eff14d21cbfba06fc816f1a59ae82ee6f2ffd0a.codex,[5]
4870,a200a6a3751a852930c18b2d6a077cf34079705f.codex,327,790,datacopy/CodexGiga/a200a6a3751a852930c18b2d6a077cf34079705f.codex,[5]
4871,639baf8e5a76f30b5d331649d98550fcaa846f3b.codex,327,790,datacopy/CodexGiga/639baf8e5a76f30b5d331649d98550fcaa846f3b.codex,[5]
4872,649ca7adf86c4d4630b40074583902076eaead88.codex,328,3,datacopy/CodexGiga/649ca7adf86c4d4630b40074583902076eaead88.codex,[3]
4873,fce8180cde6493cb89e71b0ebf521d837984130f.codex,328,3,datacopy/CodexGiga/fce8180cde6493cb89e71b0ebf521d837984130f.codex,[3]
4874,068370d2e354c805ba4b14f8b1c777e7149d5fdf.codex,328,3,datacopy/CodexGiga/068370d2e354c805ba4b14f8b1c777e7149d5fdf.codex,[3]
4875,1432b3bff29483baf54993ef61d91ead2647297d.codex,328,3,datacopy/CodexGiga/1432b3bff29483baf54993ef61d91ead2647297d.codex,[3]
4876,622a2f5ff7bcf6d8e2f344aa47c71bf17c56d1c6.codex,328,3,datacopy/CodexGiga/622a2f5ff7bcf6d8e2f344aa47c71bf17c56d1c6.codex,[3]
4877,eceb0e02fda23b0b399e0941a166a647bc6292c6.codex,328,3,datacopy/CodexGiga/eceb0e02fda23b0b399e0941a166a647bc6292c6.codex,[3]
4878,a129ed328172d81a179a4b62a50c67e65de8609b.codex,328,3,datacopy/CodexGiga/a129ed328172d81a179a4b62a50c67e65de8609b.codex,[3]
4879,ccf9c5b0dee850622660a40f2680600c5d9b6083.codex,338,769,datacopy/CodexGiga/ccf9c5b0dee850622660a40f2680600c5d9b6083.codex,"[1, 114, 1]"
4880,384e24ce8ccbab729c72a71336d160ef09bc588a.codex,338,310,datacopy/CodexGiga/384e24ce8ccbab729c72a71336d160ef09bc588a.codex,"[1, 114, 1]"
4881,1b5338ce7c9ddea5aa6eb8fe60cfc2eb9cc440f4.codex,338,769,datacopy/CodexGiga/1b5338ce7c9ddea5aa6eb8fe60cfc2eb9cc440f4.codex,"[1, 114, 1]"
4882,5fc4d1e0ae4fc2737150dc4af3e972f74c30ae01.codex,338,310,datacopy/CodexGiga/5fc4d1e0ae4fc2737150dc4af3e972f74c30ae01.codex,"[1, 114, 1]"
4883,65b73fe5230ac1ae8da649443ff505c441f37165.codex,338,310,datacopy/CodexGiga/65b73fe5230ac1ae8da649443ff505c441f37165.codex,"[1, 114, 1]"
4884,4bb3c6587921d59b9c4a86dc594169652981bdcf.codex,338,786,datacopy/CodexGiga/4bb3c6587921d59b9c4a86dc594169652981bdcf.codex,"[1, 114, 1]"
4885,9a7b3b0213a938d473430dd54938e320520a1321.codex,338,769,datacopy/CodexGiga/9a7b3b0213a938d473430dd54938e320520a1321.codex,"[1, 114, 1]"
4886,c6b35e95f67395d657eba33c8a1c6f9a8c23e8d0.codex,338,769,datacopy/CodexGiga/c6b35e95f67395d657eba33c8a1c6f9a8c23e8d0.codex,"[1, 114, 1]"
4887,d30140abe06ef0c6baea7b880bdea5edc0d83a95.codex,338,310,datacopy/CodexGiga/d30140abe06ef0c6baea7b880bdea5edc0d83a95.codex,"[1, 114, 1]"
4888,9f5f0abf5f8e8c97bc72e32e22efcfdd43fe669c.codex,338,769,datacopy/CodexGiga/9f5f0abf5f8e8c97bc72e32e22efcfdd43fe669c.codex,"[1, 114, 1]"
4889,29b510446c694b429203fc69ee47f664111a5390.codex,338,769,datacopy/CodexGiga/29b510446c694b429203fc69ee47f664111a5390.codex,"[1, 114, 1]"
4890,c908cc99bfe3c1a039dacbe43866625ace75d342.codex,338,310,datacopy/CodexGiga/c908cc99bfe3c1a039dacbe43866625ace75d342.codex,"[1, 114, 1]"
4891,821507c9339f9f87761b5176012b29ebec2af46d.codex,338,769,datacopy/CodexGiga/821507c9339f9f87761b5176012b29ebec2af46d.codex,"[1, 114, 1]"
4892,ba9d48a42513b78ca8be695360de04f7fbdf9762.codex,338,769,datacopy/CodexGiga/ba9d48a42513b78ca8be695360de04f7fbdf9762.codex,"[1, 114, 1]"
4893,d97343eaf6d29592878a16cb29e3bf8d7790bf3d.codex,338,769,datacopy/CodexGiga/d97343eaf6d29592878a16cb29e3bf8d7790bf3d.codex,"[1, 114, 1]"
4894,96e365a999933ec0d2a0c4bcfd1faff59777c78d.codex,338,769,datacopy/CodexGiga/96e365a999933ec0d2a0c4bcfd1faff59777c78d.codex,"[1, 114, 1]"
4895,c577376cff2087887ac873260ab7ea07f5e96f10.codex,338,310,datacopy/CodexGiga/c577376cff2087887ac873260ab7ea07f5e96f10.codex,"[1, 114, 1]"
4896,e3d039955066a2afb010aed3648767e6f4408d0f.codex,338,769,datacopy/CodexGiga/e3d039955066a2afb010aed3648767e6f4408d0f.codex,"[1, 114, 1]"
4897,c7770c7851b2820f049e79d5a1cf69c448f87fe0.codex,338,310,datacopy/CodexGiga/c7770c7851b2820f049e79d5a1cf69c448f87fe0.codex,"[1, 114, 1]"
4898,fa48dbfa9319a8b98cd163e366e8efd08900d7fd.codex,338,769,datacopy/CodexGiga/fa48dbfa9319a8b98cd163e366e8efd08900d7fd.codex,"[1, 114, 1]"
4899,285f9ac80d6a723121774fab5fa0a7f7e12a0f76.codex,338,769,datacopy/CodexGiga/285f9ac80d6a723121774fab5fa0a7f7e12a0f76.codex,"[1, 114, 1]"
4900,29cd55f93b156e570030989b305bd5f87af8152f.codex,338,769,datacopy/CodexGiga/29cd55f93b156e570030989b305bd5f87af8152f.codex,"[1, 114, 1]"
4901,e3b0841a55ae601d766358567bd9ff4c30b29e5b.codex,338,769,datacopy/CodexGiga/e3b0841a55ae601d766358567bd9ff4c30b29e5b.codex,"[1, 114, 1]"
4902,07535c35d1f8790adbe3898e5375374cb737c03c.codex,338,310,datacopy/CodexGiga/07535c35d1f8790adbe3898e5375374cb737c03c.codex,"[1, 114, 1]"
4903,b6db9ecf67a9be355f7f26471f4c841bcfc57638.codex,342,810,datacopy/CodexGiga/b6db9ecf67a9be355f7f26471f4c841bcfc57638.codex,[21]
4904,6d122f811164818eb830769b77fadc307ede8e6f.codex,342,810,datacopy/CodexGiga/6d122f811164818eb830769b77fadc307ede8e6f.codex,[21]
4905,e0972403ec7cb9af27b059c9a9791508bfec7baa.codex,342,810,datacopy/CodexGiga/e0972403ec7cb9af27b059c9a9791508bfec7baa.codex,[21]
4906,de30620fe969bc8f680d1bd673134fbbd652ffc4.codex,342,810,datacopy/CodexGiga/de30620fe969bc8f680d1bd673134fbbd652ffc4.codex,[21]
4907,0af4ce34183a83c8143689a4205fc9b3d0a7212d.codex,342,810,datacopy/CodexGiga/0af4ce34183a83c8143689a4205fc9b3d0a7212d.codex,[21]
4908,d3916bc4ed3a7acb404929efdc3822c710f4925e.codex,342,810,datacopy/CodexGiga/d3916bc4ed3a7acb404929efdc3822c710f4925e.codex,[21]
4909,452da59259113c0b513c277400f690dbd3080812.codex,342,810,datacopy/CodexGiga/452da59259113c0b513c277400f690dbd3080812.codex,[21]
4910,41e7dc1d4d4e11d2263fcf71a0c27c1674bdecc8.codex,342,810,datacopy/CodexGiga/41e7dc1d4d4e11d2263fcf71a0c27c1674bdecc8.codex,[21]
4911,9e12ff814906094ee174764ed99f7f930c57416f.codex,342,810,datacopy/CodexGiga/9e12ff814906094ee174764ed99f7f930c57416f.codex,[21]
4912,de38e7ebc9977563cd8ecce0759edfc5e3813014.codex,342,810,datacopy/CodexGiga/de38e7ebc9977563cd8ecce0759edfc5e3813014.codex,[21]
4913,09d4eca67b1d071e57c5951d97fe9dd9c62f1580.codex,342,810,datacopy/CodexGiga/09d4eca67b1d071e57c5951d97fe9dd9c62f1580.codex,[21]
4914,fe5ee93ec970c414d979320b93cc743ee49d3dc3.codex,342,810,datacopy/CodexGiga/fe5ee93ec970c414d979320b93cc743ee49d3dc3.codex,[21]
4915,33f9057cee4f09fbceb2797c7b1bc9fb719150a3.codex,342,810,datacopy/CodexGiga/33f9057cee4f09fbceb2797c7b1bc9fb719150a3.codex,[21]
4916,9a32ada46980c5cdbc8627d97b8d21101b9179a4.codex,342,810,datacopy/CodexGiga/9a32ada46980c5cdbc8627d97b8d21101b9179a4.codex,[21]
4917,80202daff255db88a7aa1cb622f061bc67f28df0.codex,342,810,datacopy/CodexGiga/80202daff255db88a7aa1cb622f061bc67f28df0.codex,[21]
4918,2d4d2247b59a5d9408fa6222ce679104d82fd787.codex,342,810,datacopy/CodexGiga/2d4d2247b59a5d9408fa6222ce679104d82fd787.codex,[21]
4919,2847fed8edf2861997c0624dca36f5449038ca21.codex,342,810,datacopy/CodexGiga/2847fed8edf2861997c0624dca36f5449038ca21.codex,[21]
4920,d9574d591e64d88b9b3fc82720845f48d1f5f5bc.codex,342,810,datacopy/CodexGiga/d9574d591e64d88b9b3fc82720845f48d1f5f5bc.codex,[21]
4921,5d9cecdfdd216fcecc830b753a507ae497fc49da.codex,342,810,datacopy/CodexGiga/5d9cecdfdd216fcecc830b753a507ae497fc49da.codex,[21]
4922,c71e32910001c23067de88b70a79d2218cbd598a.codex,342,810,datacopy/CodexGiga/c71e32910001c23067de88b70a79d2218cbd598a.codex,[21]
4923,8c1ad6455ef8259293034be20f5ace43490901d5.codex,342,810,datacopy/CodexGiga/8c1ad6455ef8259293034be20f5ace43490901d5.codex,[21]
4924,97dbf4a6a0e033f05417b7635b394f3013e3d734.codex,342,810,datacopy/CodexGiga/97dbf4a6a0e033f05417b7635b394f3013e3d734.codex,[21]
4925,a5999abba9e36385ae6aadaff566698c9c526af0.codex,342,810,datacopy/CodexGiga/a5999abba9e36385ae6aadaff566698c9c526af0.codex,[21]
4926,0126e3d84b101c74fd36a6284688fe3d87899628.codex,342,810,datacopy/CodexGiga/0126e3d84b101c74fd36a6284688fe3d87899628.codex,[21]
4927,0e8fc752319937506cb1ffc2937260744ff12dc8.codex,342,810,datacopy/CodexGiga/0e8fc752319937506cb1ffc2937260744ff12dc8.codex,[21]
4928,8bc41fd04400799c397389d1abb7038de3d9af84.codex,342,810,datacopy/CodexGiga/8bc41fd04400799c397389d1abb7038de3d9af84.codex,[21]
4929,ab9c4cc9d121041716715ea5409a93d0ce4e98ca.codex,342,810,datacopy/CodexGiga/ab9c4cc9d121041716715ea5409a93d0ce4e98ca.codex,[21]
4930,93f9a16b89084e8edc14de0df29a13f03e72929b.codex,342,810,datacopy/CodexGiga/93f9a16b89084e8edc14de0df29a13f03e72929b.codex,[21]
4931,6a3b57ad9c2a73a35504f67ce36bd2634e634f91.codex,342,810,datacopy/CodexGiga/6a3b57ad9c2a73a35504f67ce36bd2634e634f91.codex,[21]
4932,0af6f3af846fc307bba7a806d86c430b5a164507.codex,342,810,datacopy/CodexGiga/0af6f3af846fc307bba7a806d86c430b5a164507.codex,[21]
4933,80b99f182c6c37b08a8023c3f8b2a731aacff5e2.codex,342,810,datacopy/CodexGiga/80b99f182c6c37b08a8023c3f8b2a731aacff5e2.codex,[21]
4934,c16ca269a374041c17eb0752c672ad341e226e57.codex,342,810,datacopy/CodexGiga/c16ca269a374041c17eb0752c672ad341e226e57.codex,[21]
4935,fd2be968541a59a35d2616ab60c23d4026c13db2.codex,342,810,datacopy/CodexGiga/fd2be968541a59a35d2616ab60c23d4026c13db2.codex,[21]
4936,ab8301840fec72cb1f1855d4a454fbd278c0a0d3.codex,342,810,datacopy/CodexGiga/ab8301840fec72cb1f1855d4a454fbd278c0a0d3.codex,[21]
4937,0957118717f8fb46a8ee9e4984fbdc43f6fa8dd4.codex,342,810,datacopy/CodexGiga/0957118717f8fb46a8ee9e4984fbdc43f6fa8dd4.codex,[21]
4938,f7674630ab84dcb66acea2473608e388ed67d74d.codex,342,810,datacopy/CodexGiga/f7674630ab84dcb66acea2473608e388ed67d74d.codex,[21]
4939,2dfb079451313e97af3a5b4e1cb92e27453670c0.codex,342,810,datacopy/CodexGiga/2dfb079451313e97af3a5b4e1cb92e27453670c0.codex,[21]
4940,fb9ab46760e1feaeb6c561dce3ce258a19143044.codex,342,810,datacopy/CodexGiga/fb9ab46760e1feaeb6c561dce3ce258a19143044.codex,[21]
4941,2df469b77a086c3a926035ce1ca50ddeec0a2f3c.codex,342,810,datacopy/CodexGiga/2df469b77a086c3a926035ce1ca50ddeec0a2f3c.codex,[21]
4942,470c1846d03da4c4aef2309c63f77d7ede9f0ace.codex,342,810,datacopy/CodexGiga/470c1846d03da4c4aef2309c63f77d7ede9f0ace.codex,[21]
4943,355c16cc0ffff0c5fa53d0eda4b8cd1b17cf2384.codex,342,810,datacopy/CodexGiga/355c16cc0ffff0c5fa53d0eda4b8cd1b17cf2384.codex,[21]
4944,5ded326f49d606347ddc7635dd0e828927fea429.codex,342,810,datacopy/CodexGiga/5ded326f49d606347ddc7635dd0e828927fea429.codex,[21]
4945,f3de7b5868a58ab47a3495a3ab0abfd54486c8d4.codex,342,810,datacopy/CodexGiga/f3de7b5868a58ab47a3495a3ab0abfd54486c8d4.codex,[21]
4946,41b5b37d18269092b1615940b8f4b90c79889967.codex,342,810,datacopy/CodexGiga/41b5b37d18269092b1615940b8f4b90c79889967.codex,[21]
4947,8cea1d08180f9625585687481227816d87c59d50.codex,342,810,datacopy/CodexGiga/8cea1d08180f9625585687481227816d87c59d50.codex,[21]
4948,79a0b7f86b55b27884c6495171f8748f55987d6d.codex,342,810,datacopy/CodexGiga/79a0b7f86b55b27884c6495171f8748f55987d6d.codex,[21]
4949,783e76821d48cbc6e88b5aacc0df9f57feb99777.codex,343,784,datacopy/CodexGiga/783e76821d48cbc6e88b5aacc0df9f57feb99777.codex,"[2, 16]"
4950,115e193739cf103b43af7b8be146218e0cce4fb6.codex,343,744,datacopy/CodexGiga/115e193739cf103b43af7b8be146218e0cce4fb6.codex,"[2, 16]"
4951,6183fe953c61d3eaf8954035c3fb6645f20b0d19.codex,343,744,datacopy/CodexGiga/6183fe953c61d3eaf8954035c3fb6645f20b0d19.codex,"[2, 16]"
4952,dd72847f99e88a46236456bb49999eba2110d3f5.codex,343,784,datacopy/CodexGiga/dd72847f99e88a46236456bb49999eba2110d3f5.codex,"[2, 16]"
4953,f36a398c1ea4e7cc66d15d32cda79f7b338eed1d.codex,343,744,datacopy/CodexGiga/f36a398c1ea4e7cc66d15d32cda79f7b338eed1d.codex,"[2, 16]"
4954,eee7997e62dc0628454e243442c76a77dabb142f.codex,343,784,datacopy/CodexGiga/eee7997e62dc0628454e243442c76a77dabb142f.codex,"[2, 16]"
4955,9ca8ab492a55ac3f7c0501cd047cad039a42c7de.codex,343,784,datacopy/CodexGiga/9ca8ab492a55ac3f7c0501cd047cad039a42c7de.codex,"[2, 16]"
4956,0f0ce8dc616031af01a3995d48ebe1175b4dff33.codex,345,827,datacopy/CodexGiga/0f0ce8dc616031af01a3995d48ebe1175b4dff33.codex,[1]
4957,f126a7c253b8b94aa1539e9fd816336f07197223.codex,345,827,datacopy/CodexGiga/f126a7c253b8b94aa1539e9fd816336f07197223.codex,[1]
4958,2df8a0bca61519536d6346f036f33f7cd65b6a04.codex,345,827,datacopy/CodexGiga/2df8a0bca61519536d6346f036f33f7cd65b6a04.codex,[1]
4959,438ac491ce63841ef34974f37eb3e0cb3682da16.codex,349,3,datacopy/CodexGiga/438ac491ce63841ef34974f37eb3e0cb3682da16.codex,[3]
4960,d7c0eb7192d185d13449f21e1350473ab7aa3683.codex,349,3,datacopy/CodexGiga/d7c0eb7192d185d13449f21e1350473ab7aa3683.codex,[3]
4961,cdb537978f9f1bbc33d2073428735db1b2848d2b.codex,349,3,datacopy/CodexGiga/cdb537978f9f1bbc33d2073428735db1b2848d2b.codex,[3]
4962,17ac30ae1e9a9f33263bbd0d7c1ae00543fa92dc.codex,349,3,datacopy/CodexGiga/17ac30ae1e9a9f33263bbd0d7c1ae00543fa92dc.codex,[3]
4963,55744c57c0d783bf6fc0d28f8841d6d8c69f9c56.codex,349,3,datacopy/CodexGiga/55744c57c0d783bf6fc0d28f8841d6d8c69f9c56.codex,[3]
4964,acf26efe1dc33b4885759e521bd634fa9896b24b.codex,353,841,datacopy/CodexGiga/acf26efe1dc33b4885759e521bd634fa9896b24b.codex,[16]
4965,e97c0b1dead191b1b83cfff6040b78f4476347db.codex,353,841,datacopy/CodexGiga/e97c0b1dead191b1b83cfff6040b78f4476347db.codex,[16]
4966,08a484d5fdf591c0ed93eb733353b96ccef7e27e.codex,353,841,datacopy/CodexGiga/08a484d5fdf591c0ed93eb733353b96ccef7e27e.codex,[16]
4967,480c97600184abea7aecad5ec1e9cebdf2372bc7.codex,353,841,datacopy/CodexGiga/480c97600184abea7aecad5ec1e9cebdf2372bc7.codex,[16]
4968,4b5bdaff1543d4603b4a2d45bc2164561eb9a36c.codex,353,841,datacopy/CodexGiga/4b5bdaff1543d4603b4a2d45bc2164561eb9a36c.codex,[16]
4969,71f2e6775e9fd8240647db71b753b468110ad160.codex,353,841,datacopy/CodexGiga/71f2e6775e9fd8240647db71b753b468110ad160.codex,[16]
4970,f4c82c937f3bd3442388cb95ed6d6ddea6ab4598.codex,353,841,datacopy/CodexGiga/f4c82c937f3bd3442388cb95ed6d6ddea6ab4598.codex,[16]
4971,595ac0af4585b6550bbf3c0b5b982e2fe8052d76.codex,353,841,datacopy/CodexGiga/595ac0af4585b6550bbf3c0b5b982e2fe8052d76.codex,[16]
4972,75c1fc256729acb60f232dd46bd378847091a569.codex,353,841,datacopy/CodexGiga/75c1fc256729acb60f232dd46bd378847091a569.codex,[16]
4973,9f69c56b587d4717907738fbfe2cd751e8e0f902.codex,353,841,datacopy/CodexGiga/9f69c56b587d4717907738fbfe2cd751e8e0f902.codex,[16]
4974,ceb0d237f3ecd1b44654b24e4f2ff542420a550d.codex,353,841,datacopy/CodexGiga/ceb0d237f3ecd1b44654b24e4f2ff542420a550d.codex,[16]
4975,20a29d1f89c07bafbb4c61ce208531d68125c8ea.codex,353,841,datacopy/CodexGiga/20a29d1f89c07bafbb4c61ce208531d68125c8ea.codex,[16]
4976,0fbaf73e6232dcccbb81b168283c9f5c5fb82894.codex,353,841,datacopy/CodexGiga/0fbaf73e6232dcccbb81b168283c9f5c5fb82894.codex,[16]
4977,dfabcdb88d6a57a46eeec6166baa977a4ca071f3.codex,353,841,datacopy/CodexGiga/dfabcdb88d6a57a46eeec6166baa977a4ca071f3.codex,[16]
4978,ebef7e35ac956ceba1c0ee26c6382d7a0d89b61f.codex,353,841,datacopy/CodexGiga/ebef7e35ac956ceba1c0ee26c6382d7a0d89b61f.codex,[16]
4979,dc52add7be5553ab6c6d30f77dd46ac66a785dbf.codex,353,841,datacopy/CodexGiga/dc52add7be5553ab6c6d30f77dd46ac66a785dbf.codex,[16]
4980,c272381fe0bb1cf049efa526051783c80a596dbb.codex,353,841,datacopy/CodexGiga/c272381fe0bb1cf049efa526051783c80a596dbb.codex,[16]
4981,5d3b53661b7f7af7fe05e5daf741e5fa93066ded.codex,353,841,datacopy/CodexGiga/5d3b53661b7f7af7fe05e5daf741e5fa93066ded.codex,[16]
4982,b1eb809f05b05499defe9d087c98bc30ec1767f8.codex,353,841,datacopy/CodexGiga/b1eb809f05b05499defe9d087c98bc30ec1767f8.codex,[16]
4983,e36635b83ca60cdea382b11a6bcfc11b0cb6c98f.codex,353,841,datacopy/CodexGiga/e36635b83ca60cdea382b11a6bcfc11b0cb6c98f.codex,[16]
4984,827de8655d8f1da9d3b10a52f914c5297386922a.codex,353,841,datacopy/CodexGiga/827de8655d8f1da9d3b10a52f914c5297386922a.codex,[16]
4985,a17c08b971d526f433c40814520c5e2c909920d2.codex,355,801,datacopy/CodexGiga/a17c08b971d526f433c40814520c5e2c909920d2.codex,"[2, 3, 853]"
4986,061388b418af03bdca9fb4b01e50a4e4edc7df3a.codex,355,801,datacopy/CodexGiga/061388b418af03bdca9fb4b01e50a4e4edc7df3a.codex,"[2, 3, 853]"
4987,acbd4b388a9374ea775e48087ead55754c3c6c40.codex,355,3,datacopy/CodexGiga/acbd4b388a9374ea775e48087ead55754c3c6c40.codex,"[2, 3, 853]"
4988,b5c77e24346d394aaf197c7ede7bf8d967c6cd33.codex,355,3,datacopy/CodexGiga/b5c77e24346d394aaf197c7ede7bf8d967c6cd33.codex,"[2, 3, 853]"
4989,a024c6a7948b90281ad03288b573636dd950f8ab.codex,355,853,datacopy/CodexGiga/a024c6a7948b90281ad03288b573636dd950f8ab.codex,"[2, 3, 853]"
4990,7c23120467aabbb391aa0cb340e2986770bf1c28.codex,359,838,datacopy/CodexGiga/7c23120467aabbb391aa0cb340e2986770bf1c28.codex,[1]
4991,88730104d96e4fd7bd9778c1ef208b790b0f2819.codex,359,838,datacopy/CodexGiga/88730104d96e4fd7bd9778c1ef208b790b0f2819.codex,[1]
4992,a8722e87f6287c1c3484e6c0a984960d995b4a57.codex,359,838,datacopy/CodexGiga/a8722e87f6287c1c3484e6c0a984960d995b4a57.codex,[1]
4993,67d1b13026d4200f9f27a29d3c423171ae782fb7.codex,359,838,datacopy/CodexGiga/67d1b13026d4200f9f27a29d3c423171ae782fb7.codex,[1]
4994,4be71a7b6dcc4e8a3c854f4b78840babf36c50f3.codex,359,838,datacopy/CodexGiga/4be71a7b6dcc4e8a3c854f4b78840babf36c50f3.codex,[1]
4995,91faf2a1ee1947c1efdf8cb51025265190e6ce13.codex,364,877,datacopy/CodexGiga/91faf2a1ee1947c1efdf8cb51025265190e6ce13.codex,[1]
4996,aad5d30a2b346c08149b21727080d69a949b5b91.codex,364,877,datacopy/CodexGiga/aad5d30a2b346c08149b21727080d69a949b5b91.codex,[1]
4997,22a82dfeefc6cd027342b0c7a65bbb97c159707c.codex,364,877,datacopy/CodexGiga/22a82dfeefc6cd027342b0c7a65bbb97c159707c.codex,[1]
4998,0fbb7a6406eb3df90a08db163163a8a666ab3c28.codex,364,877,datacopy/CodexGiga/0fbb7a6406eb3df90a08db163163a8a666ab3c28.codex,[1]
4999,83351bc669ea0fde771a98ef44337bd927630893.codex,364,877,datacopy/CodexGiga/83351bc669ea0fde771a98ef44337bd927630893.codex,[1]
5000,136c2ef8c1e1720274f4a4452a9eca0c9f67e6d7.codex,364,877,datacopy/CodexGiga/136c2ef8c1e1720274f4a4452a9eca0c9f67e6d7.codex,[1]
5001,55062342c2596bed7f87ee0a256bce3652e84dc7.codex,367,3,datacopy/CodexGiga/55062342c2596bed7f87ee0a256bce3652e84dc7.codex,"[3, 1]"
5002,8fa3f75dfba0144309f3a2989f6f99cbe13af741.codex,367,957,datacopy/CodexGiga/8fa3f75dfba0144309f3a2989f6f99cbe13af741.codex,"[3, 1]"
5003,a73a43f7b578634bbd572684f16694bc6a5b0052.codex,367,3,datacopy/CodexGiga/a73a43f7b578634bbd572684f16694bc6a5b0052.codex,"[3, 1]"
5004,3026886b213d07b8f95aa531bf2413152fa2e799.codex,367,957,datacopy/CodexGiga/3026886b213d07b8f95aa531bf2413152fa2e799.codex,"[3, 1]"
5005,6318d132e17a9d5d8a5ac954edd46475532121c3.codex,367,3,datacopy/CodexGiga/6318d132e17a9d5d8a5ac954edd46475532121c3.codex,"[3, 1]"
5006,dc355f883091ee5e7becc284a39b137149a86185.codex,367,3,datacopy/CodexGiga/dc355f883091ee5e7becc284a39b137149a86185.codex,"[3, 1]"
5007,ae90ae09afaded8fdb601d25cfc2aa3f98449169.codex,367,3,datacopy/CodexGiga/ae90ae09afaded8fdb601d25cfc2aa3f98449169.codex,"[3, 1]"
5008,9a34c7d978ba542569694245089518b020e7f3e1.codex,370,3,datacopy/CodexGiga/9a34c7d978ba542569694245089518b020e7f3e1.codex,"[3, 203, 20, 5, 463]"
5009,513628eb549fdcf9af488bff451ab31a03368190.codex,370,203,datacopy/CodexGiga/513628eb549fdcf9af488bff451ab31a03368190.codex,"[3, 203, 20, 5, 463]"
5010,e911aef062a43d83a7346c89e5756b167d8af93c.codex,370,764,datacopy/CodexGiga/e911aef062a43d83a7346c89e5756b167d8af93c.codex,"[3, 203, 20, 5, 463]"
5011,97c0737c9b88e4cff7c3118a59698b9fc8004e88.codex,370,764,datacopy/CodexGiga/97c0737c9b88e4cff7c3118a59698b9fc8004e88.codex,"[3, 203, 20, 5, 463]"
5012,3ec61bcb0e35d34070cfeb349f6873172dc1c965.codex,370,764,datacopy/CodexGiga/3ec61bcb0e35d34070cfeb349f6873172dc1c965.codex,"[3, 203, 20, 5, 463]"
5013,d3d9ec3b0cd4c3a99234ce8820c5498cb788974d.codex,370,930,datacopy/CodexGiga/d3d9ec3b0cd4c3a99234ce8820c5498cb788974d.codex,"[3, 203, 20, 5, 463]"
5014,552a96fb2312fa148f538e18049d76c733e8d2af.codex,370,463,datacopy/CodexGiga/552a96fb2312fa148f538e18049d76c733e8d2af.codex,"[3, 203, 20, 5, 463]"
5015,e2d01cbf5a4bb08e12b48d3b11bb7d2a1284c6e6.codex,370,3,datacopy/CodexGiga/e2d01cbf5a4bb08e12b48d3b11bb7d2a1284c6e6.codex,"[3, 203, 20, 5, 463]"
5016,ad41b4993a53aa95ef86b417487fc6840d9d4bc4.codex,370,203,datacopy/CodexGiga/ad41b4993a53aa95ef86b417487fc6840d9d4bc4.codex,"[3, 203, 20, 5, 463]"
5017,3cdb968fd0c6fe8771e71c9451ac4f55a59abbf7.codex,370,764,datacopy/CodexGiga/3cdb968fd0c6fe8771e71c9451ac4f55a59abbf7.codex,"[3, 203, 20, 5, 463]"
5018,f01c2125e269bee1957a6c2e24ae9aaa94861f3a.codex,370,764,datacopy/CodexGiga/f01c2125e269bee1957a6c2e24ae9aaa94861f3a.codex,"[3, 203, 20, 5, 463]"
5019,ac0ce01ed13b6a533a196746caa812ed8d17fd66.codex,370,764,datacopy/CodexGiga/ac0ce01ed13b6a533a196746caa812ed8d17fd66.codex,"[3, 203, 20, 5, 463]"
5020,fa9d222e87965a48a35a036732bc7c8e92a83519.codex,370,764,datacopy/CodexGiga/fa9d222e87965a48a35a036732bc7c8e92a83519.codex,"[3, 203, 20, 5, 463]"
5021,5ff87f4f22a03797486928cc8da8d8678ce88f03.codex,370,764,datacopy/CodexGiga/5ff87f4f22a03797486928cc8da8d8678ce88f03.codex,"[3, 203, 20, 5, 463]"
5022,2f6f421ed71893ba772e0bf34e01f8742d47c472.codex,370,203,datacopy/CodexGiga/2f6f421ed71893ba772e0bf34e01f8742d47c472.codex,"[3, 203, 20, 5, 463]"
5023,bf3e7835bb43a037d5689ff358e626376d592ae6.codex,370,203,datacopy/CodexGiga/bf3e7835bb43a037d5689ff358e626376d592ae6.codex,"[3, 203, 20, 5, 463]"
5024,88f1c78e8eb5e472ee196e8f9e344b00d5f30cc9.codex,370,203,datacopy/CodexGiga/88f1c78e8eb5e472ee196e8f9e344b00d5f30cc9.codex,"[3, 203, 20, 5, 463]"
5025,158b942c7d52648449f96597558b76a1dd58b49e.codex,370,203,datacopy/CodexGiga/158b942c7d52648449f96597558b76a1dd58b49e.codex,"[3, 203, 20, 5, 463]"
5026,57d3b51d4cc0426883eafa71959b014fcb315887.codex,370,764,datacopy/CodexGiga/57d3b51d4cc0426883eafa71959b014fcb315887.codex,"[3, 203, 20, 5, 463]"
5027,64678c6be77ecb76d0e67598c8fc2b41b63b82c8.codex,370,764,datacopy/CodexGiga/64678c6be77ecb76d0e67598c8fc2b41b63b82c8.codex,"[3, 203, 20, 5, 463]"
5028,5bea0dba3701375d82e50ef93ad524606e573c7a.codex,370,930,datacopy/CodexGiga/5bea0dba3701375d82e50ef93ad524606e573c7a.codex,"[3, 203, 20, 5, 463]"
5029,1ba7805880b84bda9f8e91a24ad0936980f15ba6.codex,370,3,datacopy/CodexGiga/1ba7805880b84bda9f8e91a24ad0936980f15ba6.codex,"[3, 203, 20, 5, 463]"
5030,86482483ae14965f437391e8c9f95eda2a539c34.codex,373,901,datacopy/CodexGiga/86482483ae14965f437391e8c9f95eda2a539c34.codex,[2]
5031,403f77aa5333d2f0945f92d30763557d9d726eba.codex,373,901,datacopy/CodexGiga/403f77aa5333d2f0945f92d30763557d9d726eba.codex,[2]
5032,1b4742ab194cf014b4174d031d3f2bd47e98a4ba.codex,373,901,datacopy/CodexGiga/1b4742ab194cf014b4174d031d3f2bd47e98a4ba.codex,[2]
5033,c5fd22c025914199e5f5148af81b09ff101d4bc5.codex,375,2,datacopy/CodexGiga/c5fd22c025914199e5f5148af81b09ff101d4bc5.codex,"[2, 3, 18, 1]"
5034,4b0f5fa2211608c04e621194744f822459bc46fe.codex,375,3,datacopy/CodexGiga/4b0f5fa2211608c04e621194744f822459bc46fe.codex,"[2, 3, 18, 1]"
5035,65bb8564a3502840b90ed546319f026ee19c96fc.codex,375,3,datacopy/CodexGiga/65bb8564a3502840b90ed546319f026ee19c96fc.codex,"[2, 3, 18, 1]"
5036,6fc2e70a234916d67f276d44e3e42ab8ca81b36f.codex,375,767,datacopy/CodexGiga/6fc2e70a234916d67f276d44e3e42ab8ca81b36f.codex,"[2, 3, 18, 1]"
5037,1e02551d8015337d30193e99bedd4720ffebb1bf.codex,375,788,datacopy/CodexGiga/1e02551d8015337d30193e99bedd4720ffebb1bf.codex,"[2, 3, 18, 1]"
5038,9fd548597c0c68f9f2c2acd02f7759e1df76b72b.codex,375,3,datacopy/CodexGiga/9fd548597c0c68f9f2c2acd02f7759e1df76b72b.codex,"[2, 3, 18, 1]"
5039,aa7cea14f41a7549e1bbdf97bc27cdd6ffa719ed.codex,375,2,datacopy/CodexGiga/aa7cea14f41a7549e1bbdf97bc27cdd6ffa719ed.codex,"[2, 3, 18, 1]"
5040,24cc3c7624faa17d04da8c72e78daf7544991799.codex,375,788,datacopy/CodexGiga/24cc3c7624faa17d04da8c72e78daf7544991799.codex,"[2, 3, 18, 1]"
5041,1015d2368302fa88b6b43ee06b2d019efd9834a7.codex,375,3,datacopy/CodexGiga/1015d2368302fa88b6b43ee06b2d019efd9834a7.codex,"[2, 3, 18, 1]"
5042,f6bf613587c84e0dd2f1310ef86bbd29c47459ec.codex,375,767,datacopy/CodexGiga/f6bf613587c84e0dd2f1310ef86bbd29c47459ec.codex,"[2, 3, 18, 1]"
5043,f63d9b542cc84080282c82455fd81716a4dd1b3e.codex,378,3,datacopy/CodexGiga/f63d9b542cc84080282c82455fd81716a4dd1b3e.codex,"[3, 1130]"
5044,f785df165abca33a90b2cd3b7dd4b7412e9d8666.codex,378,3,datacopy/CodexGiga/f785df165abca33a90b2cd3b7dd4b7412e9d8666.codex,"[3, 1130]"
5045,daa48cc74a8a0795184112bf252525119d052daa.codex,378,3,datacopy/CodexGiga/daa48cc74a8a0795184112bf252525119d052daa.codex,"[3, 1130]"
5046,c33313a5079501d28d4c14f06a02de47ce32b5d7.codex,378,3,datacopy/CodexGiga/c33313a5079501d28d4c14f06a02de47ce32b5d7.codex,"[3, 1130]"
5047,2e2781454df89fe7bb6f5ea021afcc84ccb0bd0f.codex,378,3,datacopy/CodexGiga/2e2781454df89fe7bb6f5ea021afcc84ccb0bd0f.codex,"[3, 1130]"
5048,f947c128db126eaec9ad83e28283629172b32180.codex,378,3,datacopy/CodexGiga/f947c128db126eaec9ad83e28283629172b32180.codex,"[3, 1130]"
5049,07263f4cb2c12ec4cad6ecae0dfae4e45731c4da.codex,378,1130,datacopy/CodexGiga/07263f4cb2c12ec4cad6ecae0dfae4e45731c4da.codex,"[3, 1130]"
5050,8edb46260f57af77b2d56dc380e52c78e37cd3b0.codex,379,769,datacopy/CodexGiga/8edb46260f57af77b2d56dc380e52c78e37cd3b0.codex,[1]
5051,49fa0eff01e46bf78012be7cad11e9a1517b255b.codex,379,769,datacopy/CodexGiga/49fa0eff01e46bf78012be7cad11e9a1517b255b.codex,[1]
5052,9995988c428544f6d0176dda54d06d0a4374ac5a.codex,379,769,datacopy/CodexGiga/9995988c428544f6d0176dda54d06d0a4374ac5a.codex,[1]
5053,d222c5c2d536b3407760756073c226bbb497c065.codex,379,769,datacopy/CodexGiga/d222c5c2d536b3407760756073c226bbb497c065.codex,[1]
5054,3111404b815b71329b30048ef65c752c67c1495a.codex,381,801,datacopy/CodexGiga/3111404b815b71329b30048ef65c752c67c1495a.codex,"[2, 3]"
5055,c7fc5c49edfab9b77b70e03047d57583f27d2f5c.codex,381,3,datacopy/CodexGiga/c7fc5c49edfab9b77b70e03047d57583f27d2f5c.codex,"[2, 3]"
5056,9f9478a3e7d15890b764ee988b16035fdfdf1dea.codex,381,3,datacopy/CodexGiga/9f9478a3e7d15890b764ee988b16035fdfdf1dea.codex,"[2, 3]"
5057,d86d3a688d309f4210afe922099943bff664d354.codex,384,841,datacopy/CodexGiga/d86d3a688d309f4210afe922099943bff664d354.codex,"[16, 222]"
5058,89fdc23ccd0dca2c88037911b4c2574fd99bbba1.codex,384,841,datacopy/CodexGiga/89fdc23ccd0dca2c88037911b4c2574fd99bbba1.codex,"[16, 222]"
5059,fbf6c8f36a38f406951abe8b32123857b65eba44.codex,384,841,datacopy/CodexGiga/fbf6c8f36a38f406951abe8b32123857b65eba44.codex,"[16, 222]"
5060,4af3d41f1559dda87710a0c3cd5623b0f02d1f0f.codex,384,841,datacopy/CodexGiga/4af3d41f1559dda87710a0c3cd5623b0f02d1f0f.codex,"[16, 222]"
5061,607ea7662f2fee990ec4729d7c81b5391343dd55.codex,384,841,datacopy/CodexGiga/607ea7662f2fee990ec4729d7c81b5391343dd55.codex,"[16, 222]"
5062,d08508a7bedf068a7ecf47273e7c75da3913d445.codex,384,841,datacopy/CodexGiga/d08508a7bedf068a7ecf47273e7c75da3913d445.codex,"[16, 222]"
5063,040ec3cf3b3707209f8c53163efb1ffd226f4316.codex,384,841,datacopy/CodexGiga/040ec3cf3b3707209f8c53163efb1ffd226f4316.codex,"[16, 222]"
5064,b0a26f7c2580599e34d11c172badc3aa84cf4710.codex,384,841,datacopy/CodexGiga/b0a26f7c2580599e34d11c172badc3aa84cf4710.codex,"[16, 222]"
5065,b8269956b394dc9fedc665bf696f785ec1da916f.codex,384,841,datacopy/CodexGiga/b8269956b394dc9fedc665bf696f785ec1da916f.codex,"[16, 222]"
5066,b3ec52e16163299de9bd3bad92545a8c8902dc88.codex,384,54,datacopy/CodexGiga/b3ec52e16163299de9bd3bad92545a8c8902dc88.codex,"[16, 222]"
5067,e2c1d4e22db059a498d36ca98956c568f64c77c8.codex,384,841,datacopy/CodexGiga/e2c1d4e22db059a498d36ca98956c568f64c77c8.codex,"[16, 222]"
5068,312578a6511ded0f321d151812ce169e663547a1.codex,384,841,datacopy/CodexGiga/312578a6511ded0f321d151812ce169e663547a1.codex,"[16, 222]"
5069,b3951fa9375f4b1cd34b34ef52e795c6bdd62635.codex,384,841,datacopy/CodexGiga/b3951fa9375f4b1cd34b34ef52e795c6bdd62635.codex,"[16, 222]"
5070,aadbc451cfff086a8788a42e8670545982ba294d.codex,384,841,datacopy/CodexGiga/aadbc451cfff086a8788a42e8670545982ba294d.codex,"[16, 222]"
5071,02b4d79821abe1f6f1c53423addab07df5af2c8b.codex,384,841,datacopy/CodexGiga/02b4d79821abe1f6f1c53423addab07df5af2c8b.codex,"[16, 222]"
5072,bf1ec2cd55ff9dfc3df9572c975882b2a3e0e7a2.codex,384,841,datacopy/CodexGiga/bf1ec2cd55ff9dfc3df9572c975882b2a3e0e7a2.codex,"[16, 222]"
5073,55e2b59adee8713c623bc512e37bde4539ff1915.codex,384,841,datacopy/CodexGiga/55e2b59adee8713c623bc512e37bde4539ff1915.codex,"[16, 222]"
5074,8fc7b1b2553a2b7f64dd0db3a5a5385d5b09d087.codex,384,841,datacopy/CodexGiga/8fc7b1b2553a2b7f64dd0db3a5a5385d5b09d087.codex,"[16, 222]"
5075,f76fe10a44d49df0d33518d34ed017fd89eb109f.codex,384,841,datacopy/CodexGiga/f76fe10a44d49df0d33518d34ed017fd89eb109f.codex,"[16, 222]"
5076,8d70cd04ed89aaf5687eb8c08893b2713e0b2299.codex,384,841,datacopy/CodexGiga/8d70cd04ed89aaf5687eb8c08893b2713e0b2299.codex,"[16, 222]"
5077,0d9fd39212d390b7a9d32b840a9868c4641f55fa.codex,384,841,datacopy/CodexGiga/0d9fd39212d390b7a9d32b840a9868c4641f55fa.codex,"[16, 222]"
5078,15d80013786e8c15765b5856ad057d420422e414.codex,384,841,datacopy/CodexGiga/15d80013786e8c15765b5856ad057d420422e414.codex,"[16, 222]"
5079,09f5b1923461bf24fc201793dab59a4886a44af9.codex,384,841,datacopy/CodexGiga/09f5b1923461bf24fc201793dab59a4886a44af9.codex,"[16, 222]"
5080,cfba7d6ca87925ed6b4edc7ec1d98bd264e38545.codex,384,841,datacopy/CodexGiga/cfba7d6ca87925ed6b4edc7ec1d98bd264e38545.codex,"[16, 222]"
5081,a70c7ac93130d131b8e7a86965e9ddfe78770c57.codex,384,54,datacopy/CodexGiga/a70c7ac93130d131b8e7a86965e9ddfe78770c57.codex,"[16, 222]"
5082,1db3bb0a19963fcc8ac0536b784d5c42bde2332f.codex,384,841,datacopy/CodexGiga/1db3bb0a19963fcc8ac0536b784d5c42bde2332f.codex,"[16, 222]"
5083,07840c60abbdf7a11143cd581551a9142352a438.codex,384,54,datacopy/CodexGiga/07840c60abbdf7a11143cd581551a9142352a438.codex,"[16, 222]"
5084,096506179462f38845548c08a615ee728d6609c3.codex,384,841,datacopy/CodexGiga/096506179462f38845548c08a615ee728d6609c3.codex,"[16, 222]"
5085,53c75fa045c5a7fe0f56a21be57cbab6dd89c4e9.codex,384,841,datacopy/CodexGiga/53c75fa045c5a7fe0f56a21be57cbab6dd89c4e9.codex,"[16, 222]"
5086,4404aed05d009ebf6dae3e0aa4e08a3544409af0.codex,384,841,datacopy/CodexGiga/4404aed05d009ebf6dae3e0aa4e08a3544409af0.codex,"[16, 222]"
5087,a311777a002e82de4f07dac667dd9dd568e9bfbd.codex,384,841,datacopy/CodexGiga/a311777a002e82de4f07dac667dd9dd568e9bfbd.codex,"[16, 222]"
5088,d2ebdf0c9cb35b26cce308aaeab90bc5d0f4dfa8.codex,384,841,datacopy/CodexGiga/d2ebdf0c9cb35b26cce308aaeab90bc5d0f4dfa8.codex,"[16, 222]"
5089,2bb05cd23b6a63a639954cffdc53036286da9685.codex,384,841,datacopy/CodexGiga/2bb05cd23b6a63a639954cffdc53036286da9685.codex,"[16, 222]"
5090,cdba1fdc81b3e2a597eb39e28018fbe1189c6773.codex,384,841,datacopy/CodexGiga/cdba1fdc81b3e2a597eb39e28018fbe1189c6773.codex,"[16, 222]"
5091,dd56d78ac91e9fc43ddbcdbb6230c88870a1188f.codex,384,841,datacopy/CodexGiga/dd56d78ac91e9fc43ddbcdbb6230c88870a1188f.codex,"[16, 222]"
5092,feaddb5aa8354cf198ea2bbd907f4df4c00ac7ea.codex,384,841,datacopy/CodexGiga/feaddb5aa8354cf198ea2bbd907f4df4c00ac7ea.codex,"[16, 222]"
5093,96d4a90a49939a49b855bd0ab4422da8a4a551b9.codex,384,841,datacopy/CodexGiga/96d4a90a49939a49b855bd0ab4422da8a4a551b9.codex,"[16, 222]"
5094,0e3da2c3d60ab7739c02499e57f8823702d1fbcf.codex,384,841,datacopy/CodexGiga/0e3da2c3d60ab7739c02499e57f8823702d1fbcf.codex,"[16, 222]"
5095,c80344960a6776226dd090f38c7cfa59b3275a17.codex,384,841,datacopy/CodexGiga/c80344960a6776226dd090f38c7cfa59b3275a17.codex,"[16, 222]"
5096,13dfad6307dffcba9edace1bfb59b30c5b70f7ff.codex,384,841,datacopy/CodexGiga/13dfad6307dffcba9edace1bfb59b30c5b70f7ff.codex,"[16, 222]"
5097,ad24687dc37536ce0603f658f4a7f49ad991c9d8.codex,384,841,datacopy/CodexGiga/ad24687dc37536ce0603f658f4a7f49ad991c9d8.codex,"[16, 222]"
5098,fea6c82920ffafc372b7e070859ca9eb11a5f11e.codex,384,841,datacopy/CodexGiga/fea6c82920ffafc372b7e070859ca9eb11a5f11e.codex,"[16, 222]"
5099,b2db06e05b597971fe0bf4174c84c8e2e9a04cef.codex,384,841,datacopy/CodexGiga/b2db06e05b597971fe0bf4174c84c8e2e9a04cef.codex,"[16, 222]"
5100,a50e4ebf03d40d8f089aa3e905264d0a2906abca.codex,390,764,datacopy/CodexGiga/a50e4ebf03d40d8f089aa3e905264d0a2906abca.codex,[20]
5101,49895ed5706b929cac1aa9b7887b6aa39b2dd9e1.codex,390,764,datacopy/CodexGiga/49895ed5706b929cac1aa9b7887b6aa39b2dd9e1.codex,[20]
5102,21cde7e957147e926c326c25f701d5d3ddf77f93.codex,390,764,datacopy/CodexGiga/21cde7e957147e926c326c25f701d5d3ddf77f93.codex,[20]
5103,746e4fc304de0ce15330af8078f963327bc0fad0.codex,390,764,datacopy/CodexGiga/746e4fc304de0ce15330af8078f963327bc0fad0.codex,[20]
5104,92f9e75dd3a0ae1878a09de117797325bb8d1871.codex,390,764,datacopy/CodexGiga/92f9e75dd3a0ae1878a09de117797325bb8d1871.codex,[20]
5105,30d0943fe1ca39cd41c226f20e6c7fe8a054f097.codex,390,764,datacopy/CodexGiga/30d0943fe1ca39cd41c226f20e6c7fe8a054f097.codex,[20]
5106,315651ac6a85b15bf89b0ed0d42d87d6e0c99eff.codex,390,764,datacopy/CodexGiga/315651ac6a85b15bf89b0ed0d42d87d6e0c99eff.codex,[20]
5107,e8418b3f4c17fe06b5862254eaaa1af6cb49a0a3.codex,390,764,datacopy/CodexGiga/e8418b3f4c17fe06b5862254eaaa1af6cb49a0a3.codex,[20]
5108,2fc75d93b0c90e32fa93302f0cd7c3b2edfdc2dd.codex,390,764,datacopy/CodexGiga/2fc75d93b0c90e32fa93302f0cd7c3b2edfdc2dd.codex,[20]
5109,f9ba5ac1a514d63d5ffecbcd0af5e61b2e64a67b.codex,390,764,datacopy/CodexGiga/f9ba5ac1a514d63d5ffecbcd0af5e61b2e64a67b.codex,[20]
5110,f43ea69d922ae1efac720600617fec8417a776d6.codex,390,764,datacopy/CodexGiga/f43ea69d922ae1efac720600617fec8417a776d6.codex,[20]
5111,89764249eed015cb464827f91073c8e54b3404e9.codex,390,764,datacopy/CodexGiga/89764249eed015cb464827f91073c8e54b3404e9.codex,[20]
5112,319cc8c97cd4997b51f7dd26ce529649f9a62342.codex,390,764,datacopy/CodexGiga/319cc8c97cd4997b51f7dd26ce529649f9a62342.codex,[20]
5113,dff98d92e02c84d244e8bdea5705742bfacad775.codex,390,764,datacopy/CodexGiga/dff98d92e02c84d244e8bdea5705742bfacad775.codex,[20]
5114,603ab4a5b3c4f0a4bed6270f8f5acec2e4d01828.codex,390,764,datacopy/CodexGiga/603ab4a5b3c4f0a4bed6270f8f5acec2e4d01828.codex,[20]
5115,ad249e61f04f29fbcb46761330eef787aa881b00.codex,390,764,datacopy/CodexGiga/ad249e61f04f29fbcb46761330eef787aa881b00.codex,[20]
5116,c60965dedc7f321237353e1a5727d099235b6266.codex,390,764,datacopy/CodexGiga/c60965dedc7f321237353e1a5727d099235b6266.codex,[20]
5117,08631f3810aa0ceba297545f71535a4734902972.codex,390,764,datacopy/CodexGiga/08631f3810aa0ceba297545f71535a4734902972.codex,[20]
5118,5c8647fade4cf1301a7e0726a7816819b1099f1e.codex,390,764,datacopy/CodexGiga/5c8647fade4cf1301a7e0726a7816819b1099f1e.codex,[20]
5119,c8495709c98bdb06b0def938459e81c06dd7b412.codex,390,764,datacopy/CodexGiga/c8495709c98bdb06b0def938459e81c06dd7b412.codex,[20]
5120,a14df7354fc580daac5c364a3a333837a2fe4bbe.codex,390,764,datacopy/CodexGiga/a14df7354fc580daac5c364a3a333837a2fe4bbe.codex,[20]
5121,c456418b0a73cb719014d4632ac6623a4c8d81b4.codex,390,764,datacopy/CodexGiga/c456418b0a73cb719014d4632ac6623a4c8d81b4.codex,[20]
5122,d71fb89698a94ba74e41afac64efc47a5e96513f.codex,393,800,datacopy/CodexGiga/d71fb89698a94ba74e41afac64efc47a5e96513f.codex,"[1, 24]"
5123,1fc7e754ccd35051e46c19542ad2cf9e4e834b99.codex,393,800,datacopy/CodexGiga/1fc7e754ccd35051e46c19542ad2cf9e4e834b99.codex,"[1, 24]"
5124,0beb13df4a3c5ab343e3feca99377960aa528e1e.codex,393,20,datacopy/CodexGiga/0beb13df4a3c5ab343e3feca99377960aa528e1e.codex,"[1, 24]"
5125,58b72e4f2dfad2189ac5745e0adcb331c77f8123.bin,396,1005,datacopy/UCSB.JP/data_feed.geo_japan_6m_public_flag/5/8/b/58b72e4f2dfad2189ac5745e0adcb331c77f8123.bin,"[1, 1, 20]"
5126,38b8968b1c9d53d34ffbd8ca515fac649d8ecc8c.codex,396,935,datacopy/CodexGiga/38b8968b1c9d53d34ffbd8ca515fac649d8ecc8c.codex,"[1, 1, 20]"
5127,f8c65a724422c554f624ee3622cf984db116e525.codex,396,147,datacopy/CodexGiga/f8c65a724422c554f624ee3622cf984db116e525.codex,"[1, 1, 20]"
5128,f81e8ad156fe37af74b7748fe95ef9e8c01dc368.codex,396,1005,datacopy/CodexGiga/f81e8ad156fe37af74b7748fe95ef9e8c01dc368.codex,"[1, 1, 20]"
5129,7021daefd6b3e3d5f8104a602deb002afb9ade6b.codex,396,935,datacopy/CodexGiga/7021daefd6b3e3d5f8104a602deb002afb9ade6b.codex,"[1, 1, 20]"
5130,bef9d2c42450f9a4fc2713f2f7e957a94c136d23.codex,396,1005,datacopy/CodexGiga/bef9d2c42450f9a4fc2713f2f7e957a94c136d23.codex,"[1, 1, 20]"
5131,f4e2e0b7b57b378de485b2150d6fc2ca30649264.codex,408,846,datacopy/CodexGiga/f4e2e0b7b57b378de485b2150d6fc2ca30649264.codex,"[1, 24]"
5132,d2e94c5874c4405a7e6e96d03615028c300d3918.codex,408,439,datacopy/CodexGiga/d2e94c5874c4405a7e6e96d03615028c300d3918.codex,"[1, 24]"
5133,3acabfa71354f74d3580d3be3d9f6662393fbd16.codex,408,439,datacopy/CodexGiga/3acabfa71354f74d3580d3be3d9f6662393fbd16.codex,"[1, 24]"
5134,4d17234e131ff7e73110351875a4ba0a37a10d3c.codex,408,439,datacopy/CodexGiga/4d17234e131ff7e73110351875a4ba0a37a10d3c.codex,"[1, 24]"
5135,772d8fa0a1ead40828453a6f8ceae3852405dd22.codex,415,925,datacopy/CodexGiga/772d8fa0a1ead40828453a6f8ceae3852405dd22.codex,"[1, 1]"
5136,7949692e6152c64f4739609094f409ca545ea4e7.codex,415,838,datacopy/CodexGiga/7949692e6152c64f4739609094f409ca545ea4e7.codex,"[1, 1]"
5137,da96fd12386fc91946d54be8da00407bed1e8f17.codex,415,838,datacopy/CodexGiga/da96fd12386fc91946d54be8da00407bed1e8f17.codex,"[1, 1]"
5138,7f4eafe771fd3845c1c3dd2b31f141b05efa5609.codex,416,850,datacopy/CodexGiga/7f4eafe771fd3845c1c3dd2b31f141b05efa5609.codex,[1]
5139,a5539594703e8b8c4be38af8c092818d572757bd.codex,416,850,datacopy/CodexGiga/a5539594703e8b8c4be38af8c092818d572757bd.codex,[1]
5140,ac5ae9d2cee05c08759ca970399bb8bb54fb99cf.codex,416,850,datacopy/CodexGiga/ac5ae9d2cee05c08759ca970399bb8bb54fb99cf.codex,[1]
5141,e37e95c3965ddbc1c25eba3dda45f992c8cb3c83.codex,443,907,datacopy/CodexGiga/e37e95c3965ddbc1c25eba3dda45f992c8cb3c83.codex,"[1, 112]"
5142,4f86ae321b06fb3ef9fc4250d28c7a4f22866e0e.codex,443,907,datacopy/CodexGiga/4f86ae321b06fb3ef9fc4250d28c7a4f22866e0e.codex,"[1, 112]"
5143,d42aaf5306e684df7a12ce56105efa6a474b8f3e.codex,443,732,datacopy/CodexGiga/d42aaf5306e684df7a12ce56105efa6a474b8f3e.codex,"[1, 112]"
5144,31fd192f56a008dc375771f8a6fcf0fe7b885fa9.codex,449,925,datacopy/CodexGiga/31fd192f56a008dc375771f8a6fcf0fe7b885fa9.codex,"[1, 1]"
5145,d26eb2dc25b64c74adf1d1137c7915fea7787fd5.codex,449,925,datacopy/CodexGiga/d26eb2dc25b64c74adf1d1137c7915fea7787fd5.codex,"[1, 1]"
5146,5527fa20aadd94dc8afebcd815d55cb65d88e4c3.codex,449,838,datacopy/CodexGiga/5527fa20aadd94dc8afebcd815d55cb65d88e4c3.codex,"[1, 1]"
5147,2d05aaad88fd05e3fa37d340391258e272835784.codex,449,838,datacopy/CodexGiga/2d05aaad88fd05e3fa37d340391258e272835784.codex,"[1, 1]"
5148,a7994c2c97e53e8106aaf22a90365d7fca948cdb.codex,452,974,datacopy/CodexGiga/a7994c2c97e53e8106aaf22a90365d7fca948cdb.codex,[1]
5149,34c43354e1b8744ff51cd2d18bdc34c32880189d.codex,452,974,datacopy/CodexGiga/34c43354e1b8744ff51cd2d18bdc34c32880189d.codex,[1]
5150,7613b0ec2edd53dfe55aaa3363e71fa830e23fd5.codex,452,974,datacopy/CodexGiga/7613b0ec2edd53dfe55aaa3363e71fa830e23fd5.codex,[1]
5151,96f9a233563d9d515af4c947a7b93444c98f12e7.codex,455,844,datacopy/CodexGiga/96f9a233563d9d515af4c947a7b93444c98f12e7.codex,[1]
5152,171361822c4f886c59b133e7e5478eff24c4bbd8.codex,455,844,datacopy/CodexGiga/171361822c4f886c59b133e7e5478eff24c4bbd8.codex,[1]
5153,54dc602ad1066515e8f6bc3476785a1896d258f9.codex,455,844,datacopy/CodexGiga/54dc602ad1066515e8f6bc3476785a1896d258f9.codex,[1]
5154,760f859ecf7839f6a53015666b10adaae5007ddc.codex,455,844,datacopy/CodexGiga/760f859ecf7839f6a53015666b10adaae5007ddc.codex,[1]
5155,Comprovante-empresarial_11-11-2013.cpl,465,2,datacopy/BB/Files/2013-11-11/Comprovante-empresarial_11-11-2013.cpl,[2]
5156,Download-BOLETO-16-11-2013.cpl,465,2,datacopy/BB/Files/2013-11-18/Download-BOLETO-16-11-2013.cpl,[2]
5157,Comprovante-empresarial_25-11-2013.cpl,465,2,datacopy/BB/Files/2013-11-26/Comprovante-empresarial_25-11-2013.cpl,[2]
5158,PoliciaCivil.cpl,468,2,datacopy/BB/Files/2014-04-23/PoliciaCivil.cpl,"[2, 414]"
5159,INTIMACAO.PDF.cpl,468,2,datacopy/BB/Files/2014-05-06/INTIMACAO.PDF.cpl,"[2, 414]"
5160,NF-e-0001126.cpl,468,2,datacopy/BB/Files/2014-02-20/NF-e-0001126.cpl,"[2, 414]"
5161,ProcNfe.cpl,468,9,datacopy/BB/Files/2013-07-22/ProcNfe.cpl,"[2, 414]"
5162,Nota-Fiscal-00763.cpl,468,2,datacopy/BB/Files/2014-03-19/Nota-Fiscal-00763.cpl,"[2, 414]"
5163,Nota-Fiscal-009801.cpl,468,2,datacopy/BB/Files/2014-02-17/Nota-Fiscal-009801.cpl,"[2, 414]"
5164,Foto92700.cpl,468,2,datacopy/BB/Files/2014-04-03/Foto92700.cpl,"[2, 414]"
5165,DETALHAMENTO.cpl,468,2,datacopy/BB/Files/2014-03-24/DETALHAMENTO.cpl,"[2, 414]"
5166,ffice_install_atualizaÃ§ao.cpl,468,2,datacopy/BB/Files/2014-03-25/ffice_install_atualizaÃ§ao.cpl,"[2, 414]"
5167,Notafiscalbr3418_nfe.cpl,468,2,datacopy/BB/Files/2014-03-14/Notafiscalbr3418_nfe.cpl,"[2, 414]"
5168,Boleto-E005711.cpl,468,2,datacopy/BB/Files/2014-04-24/Boleto-E005711.cpl,"[2, 414]"
5169,ProcNfe.cpl,468,9,datacopy/BB/Files/2013-07-22/ProcNfe.cpl,"[2, 414]"
5170,Nota-Fiscal-00752.cpl,468,2,datacopy/BB/Files/2014-03-10/Nota-Fiscal-00752.cpl,"[2, 414]"
5171,download_297479.scr,470,2,datacopy/BB/Files/2012-04-10/download_297479.scr,"[2, 286]"
5172,Downloads_647021.scr,470,38,datacopy/BB/Files/2012-05-02/Downloads_647021.scr,"[2, 286]"
5173,nota_fiscais_pdf.com,470,2,datacopy/BB/Files/2012-04-05/nota_fiscais_pdf.com,"[2, 286]"
5174,visualizar_album.com,470,2,datacopy/BB/Files/2012-05-18/visualizar_album.com,"[2, 286]"
5175,abrir_arquivo_pdf.com,470,2,datacopy/BB/Files/2012-03-12/abrir_arquivo_pdf.com,"[2, 286]"
5176,Download_938996.scr,470,2,datacopy/BB/Files/2012-04-16/Download_938996.scr,"[2, 286]"
5177,download_899846.scr,470,38,datacopy/BB/Files/2012-04-16/download_899846.scr,"[2, 286]"
5178,Orcamento_Comercial.xls_129178.exe,472,3,datacopy/BB/Files/2017-04-17/Orcamento_Comercial.xls_129178.exe,"[3, 1, 10, 585]"
5179,oficio.exe,472,3,datacopy/BB/Files/2017-03-15/oficio.exe,"[3, 1, 10, 585]"
5180,ExtratoFGTS907617821M.exe,472,3,datacopy/BB/Files/2017-03-15/ExtratoFGTS907617821M.exe,"[3, 1, 10, 585]"
5181,NotaFiscalEletronica-547892.exe,472,3,datacopy/BB/Files/2017-03-24/NotaFiscalEletronica-547892.exe,"[3, 1, 10, 585]"
5182,001Segundavia_234sdfasfasdf.exe,472,170,datacopy/BB/Files/2017-04-05/001Segundavia_234sdfasfasdf.exe,"[3, 1, 10, 585]"
5183,m9n89y7.exe,472,3,datacopy/BB/Files/2017-03-22/m9n89y7.exe,"[3, 1, 10, 585]"
5184,documento2017528631007A6.pdf.exe,472,3,datacopy/BB/Files/2017-03-22/documento2017528631007A6.pdf.exe,"[3, 1, 10, 585]"
5185,conversa_do_whatsapp_PTT2017827.exe,472,170,datacopy/BB/Files/2017-04-11/conversa_do_whatsapp_PTT2017827.exe,"[3, 1, 10, 585]"
5186,Visualizar-Anexo310813083884.exe,472,3,datacopy/BB/Files/2017-04-11/Visualizar-Anexo310813083884.exe,"[3, 1, 10, 585]"
5187,SVia234_dsfgsdfgsg.exe,472,170,datacopy/BB/Files/2017-04-11/SVia234_dsfgsdfgsg.exe,"[3, 1, 10, 585]"
5188,Imagem_Comprovante.exe,472,15,datacopy/BB/Files/2017-04-11/Imagem_Comprovante.exe,"[3, 1, 10, 585]"
5189,iTunes_Apple.exe,472,585,datacopy/BB/Files/2017-03-16/iTunes_Apple.exe,"[3, 1, 10, 585]"
5190,002SegundaviaSDFGSDGSDFG.exe,472,170,datacopy/BB/Files/2017-04-06/002SegundaviaSDFGSDGSDFG.exe,"[3, 1, 10, 585]"
5191,Cupom-0504.exe,472,170,datacopy/BB/Files/2017-04-06/Cupom-0504.exe,"[3, 1, 10, 585]"
5192,11_segunda_via234fsdgfsgsg.exe,472,15,datacopy/BB/Files/2017-04-04/11_segunda_via234fsdgfsgsg.exe,"[3, 1, 10, 585]"
5193,Imprimir-pdf.exe,472,3,datacopy/BB/Files/2017-04-04/Imprimir-pdf.exe,"[3, 1, 10, 585]"
5194,via_boleto_.exe,474,2,datacopy/BB/Files/2012-04-30/via_boleto_.exe,"[2, 503]"
5195,2Via.Boletos(123).exe,474,2,datacopy/BB/Files/2012-04-23/2Via.Boletos(123).exe,"[2, 503]"
5196,feyshe.exe,474,10,datacopy/BB/Files/2015-06-26/feyshe.exe,"[2, 503]"
5197,2Via.Boleto.com,474,2,datacopy/BB/Files/2012-05-03/2Via.Boleto.com,"[2, 503]"
5198,3Â°notificaÃ§ao-cliente-833wss.cpl,475,2,datacopy/BB/Files/2014-01-07/3Â°notificaÃ§ao-cliente-833wss.cpl,"[2, 742]"
5199,Consulta_Debitos_Online.pdf.cpl,475,2,datacopy/BB/Files/2013-12-26/Consulta_Debitos_Online.pdf.cpl,"[2, 742]"
5200,Comprovante_debitos_0019200330039.pdf.cpl,475,2,datacopy/BB/Files/2014-01-09/Comprovante_debitos_0019200330039.pdf.cpl,"[2, 742]"
5201,Cheque001210111.jpg.cpl,475,1,datacopy/BB/Files/2013-12-24/Cheque001210111.jpg.cpl,"[2, 742]"
5202,Pedido-03452379973.cpl,479,2,datacopy/BB/Files/2013-07-31/Pedido-03452379973.cpl,"[2, 742]"
5203,ID.Anexo-Deposito.PDF.cpl,479,2,datacopy/BB/Files/2013-08-22/ID.Anexo-Deposito.PDF.cpl,"[2, 742]"
5204,Nota_Fiscal01234554.cpl,479,2,datacopy/BB/Files/2013-06-24/Nota_Fiscal01234554.cpl,"[2, 742]"
5205,W32Remover.cpl,479,2,datacopy/BB/Files/2013-08-08/W32Remover.cpl,"[2, 742]"
5206,comprovante564921.cpl,479,2,datacopy/BB/Files/2013-07-19/comprovante564921.cpl,"[2, 742]"
5207,Boleto2434c04.PDF.cpl,479,2,datacopy/BB/Files/2017-05-15/Boleto2434c04.PDF.cpl,"[2, 742]"
5208,Fatura84080.pdf.cpl,479,2,datacopy/BB/Files/2014-05-27/Fatura84080.pdf.cpl,"[2, 742]"
5209,Boleto_Cliente_000473845.PDF.cpl,479,1,datacopy/BB/Files/2013-07-26/Boleto_Cliente_000473845.PDF.cpl,"[2, 742]"
5210,Anexo.ID-2013.cpl,479,2,datacopy/BB/Files/2013-07-15/Anexo.ID-2013.cpl,"[2, 742]"
5211,NotaFiscal.6794125.xml.cpl,479,2,datacopy/BB/Files/2014-06-16/NotaFiscal.6794125.xml.cpl,"[2, 742]"
5212,Boleto2434c03.PDF.cpl,479,2,datacopy/BB/Files/2014-05-13/Boleto2434c03.PDF.cpl,"[2, 742]"
5213,ID.Anexo-Deposito.PDF.cpl,479,2,datacopy/BB/Files/2013-08-22/ID.Anexo-Deposito.PDF.cpl,"[2, 742]"
5214,SrÂ°Contribuinte6876.cpl,483,2,datacopy/BB/Files/2013-12-16/SrÂ°Contribuinte6876.cpl,[2]
5215,Extrato.pdf.cpl,483,2,datacopy/BB/Files/2013-12-13/Extrato.pdf.cpl,[2]
5216,2_Via_Boleto_de_Cobranca.pdf.cpl,483,2,datacopy/BB/Files/2013-12-11/2_Via_Boleto_de_Cobranca.pdf.cpl,[2]
5217,Notificacao.php.exe,483,2,datacopy/BB/Files/2013-12-12/Notificacao.php.exe,[2]
5218,NFS_eNo13275320016328.cpl,483,2,datacopy/BB/Files/2014-01-06/NFS_eNo13275320016328.cpl,[2]
5219,Nfe-download-18-12-2013.cpl,483,2,datacopy/BB/Files/2013-12-23/Nfe-download-18-12-2013.cpl,[2]
5220,2Â°VIABOLETO.cpl,483,2,datacopy/BB/Files/2013-12-24/2Â°VIABOLETO.cpl,[2]
5221,Curriculo_com_foto.cpl,486,2,datacopy/BB/Files/2012-04-02/Curriculo_com_foto.cpl,"[2, 1]"
5222,Nota_Fiscal_EletrÃ´nica-32841712.cpl,486,2,datacopy/BB/Files/2014-03-20/Nota_Fiscal_EletrÃ´nica-32841712.cpl,"[2, 1]"
5223,file_imagem_png.cpl,486,2,datacopy/BB/Files/2012-03-27/file_imagem_png.cpl,"[2, 1]"
5224,get.adobe.com_Adobe_Flash_Player12.cpl,486,2,datacopy/BB/Files/2014-02-13/get.adobe.com_Adobe_Flash_Player12.cpl,"[2, 1]"
5225,NF-e_00000001-29651248512014.cpl,486,2,datacopy/BB/Files/2014-02-03/NF-e_00000001-29651248512014.cpl,"[2, 1]"
5226,NFE1044721313022014.PDF.cpl,486,2,datacopy/BB/Files/2014-02-17/NFE1044721313022014.PDF.cpl,"[2, 1]"
5227,Cliente_Consultar_Extrato_Debitos_0201030001002000.cpl,486,193,datacopy/BB/Files/2014-03-14/Cliente_Consultar_Extrato_Debitos_0201030001002000.cpl,"[2, 1]"
5228,Saldo-Devedor-Banco-BV-Cliente_00020300002000-2014.cpl,486,193,datacopy/BB/Files/2014-03-31/Saldo-Devedor-Banco-BV-Cliente_00020300002000-2014.cpl,"[2, 1]"
5229,Extrato_Debitos_On-line_BV-Financeira-Boleto.cpl,486,2,datacopy/BB/Files/2014-02-18/Extrato_Debitos_On-line_BV-Financeira-Boleto.cpl,"[2, 1]"
5230,Fatura-Aberta-FEV2014.cpl,486,2,datacopy/BB/Files/2014-03-06/Fatura-Aberta-FEV2014.cpl,"[2, 1]"
5231,irmaos.cdc.exe,489,6,datacopy/BB/Files/2012-05-04/irmaos.cdc.exe,"[1, 503]"
5232,atrantica.wma.exe,489,6,datacopy/BB/Files/2012-02-13/atrantica.wma.exe,"[1, 503]"
5233,klapast.exe,489,10,datacopy/BB/Files/2013-01-21/klapast.exe,"[1, 503]"
5234,App-SEDEX-ID321000200000.scr,490,3,datacopy/BB/Files/2014-01-29/App-SEDEX-ID321000200000.scr,"[3, 503]"
5235,RASTREAMENTO_SEDEX10.scr,490,10,datacopy/BB/Files/2014-02-27/RASTREAMENTO_SEDEX10.scr,"[3, 503]"
5236,SEDEX-RASTREAMENTO03922839030039392.scr,490,3,datacopy/BB/Files/2014-04-07/SEDEX-RASTREAMENTO03922839030039392.scr,"[3, 503]"
5237,CasasBahia_Protocolo_8321000002.exe,490,3,datacopy/BB/Files/2013-12-05/CasasBahia_Protocolo_8321000002.exe,"[3, 503]"
5238,Protocolo20130512.exe,490,3,datacopy/BB/Files/2013-12-17/Protocolo20130512.exe,"[3, 503]"
5239,se13061303.EXE,497,60,datacopy/BB/Files/2013-06-13/se13061303.EXE,"[1, 155, 3, 742, 74, 295, 2]"
5240,quebra.exe,497,155,datacopy/BB/Files/2012-09-13/quebra.exe,"[1, 155, 3, 742, 74, 295, 2]"
5241,styyou.exe,497,60,datacopy/BB/Files/2014-07-04/styyou.exe,"[1, 155, 3, 742, 74, 295, 2]"
5242,file.622649.exe,497,3,datacopy/Honeypots/file.622649.exe,"[1, 155, 3, 742, 74, 295, 2]"
5243,file.622649.exe,497,3,datacopy/Honeypots/file.622649.exe,"[1, 155, 3, 742, 74, 295, 2]"
5244,novsisteleks.exe,497,60,datacopy/BB/Files/2014-04-02/novsisteleks.exe,"[1, 155, 3, 742, 74, 295, 2]"
5245,file.622649.exe,497,3,datacopy/Honeypots/file.622649.exe,"[1, 155, 3, 742, 74, 295, 2]"
5246,file.cpl,497,1,datacopy/BB/Files/2014-05-21/file.cpl,"[1, 155, 3, 742, 74, 295, 2]"
5247,xre.dll,497,60,datacopy/BB/Files/2018-02-08/xre.dll,"[1, 155, 3, 742, 74, 295, 2]"
5248,utilman.exe,497,51,datacopy/BB/Files/2017-12-19/utilman.exe,"[1, 155, 3, 742, 74, 295, 2]"
5249,caixa.cpl,497,1,datacopy/BB/Files/2014-06-06/caixa.cpl,"[1, 155, 3, 742, 74, 295, 2]"
5250,utilman.exe,497,51,datacopy/BB/Files/2017-12-19/utilman.exe,"[1, 155, 3, 742, 74, 295, 2]"
5251,Chorme.exe,497,0,datacopy/BB/Files/2014-02-17/Chorme.exe,"[1, 155, 3, 742, 74, 295, 2]"
5252,wcntiqav.exe,497,2,datacopy/BB/Files/2017-09-06/wcntiqav.exe,"[1, 155, 3, 742, 74, 295, 2]"
5253,qrp.exe,497,60,datacopy/BB/Files/2017-06-09/qrp.exe,"[1, 155, 3, 742, 74, 295, 2]"
5254,utilman.exe,497,51,datacopy/BB/Files/2017-12-19/utilman.exe,"[1, 155, 3, 742, 74, 295, 2]"
5255,utilman.exe,497,51,datacopy/BB/Files/2017-12-19/utilman.exe,"[1, 155, 3, 742, 74, 295, 2]"
5256,wcntiqav.exe,497,2,datacopy/BB/Files/2017-09-06/wcntiqav.exe,"[1, 155, 3, 742, 74, 295, 2]"
5257,utilman.exe,497,51,datacopy/BB/Files/2017-12-19/utilman.exe,"[1, 155, 3, 742, 74, 295, 2]"
5258,Easy-send.cpl,497,1,datacopy/BB/Files/2014-05-26/Easy-send.cpl,"[1, 155, 3, 742, 74, 295, 2]"
5259,wcntiqav.exe,497,2,datacopy/BB/Files/2017-09-06/wcntiqav.exe,"[1, 155, 3, 742, 74, 295, 2]"
5260,utilman.exe,497,51,datacopy/BB/Files/2017-12-19/utilman.exe,"[1, 155, 3, 742, 74, 295, 2]"
5261,3F374C.exe,497,3,datacopy/BB/Files/2012-03-29/3F374C.exe,"[1, 155, 3, 742, 74, 295, 2]"
5262,smartni-cd.cpl,497,60,datacopy/BB/Files/2013-12-17/smartni-cd.cpl,"[1, 155, 3, 742, 74, 295, 2]"
5263,file.622649.exe,497,3,datacopy/Honeypots/file.622649.exe,"[1, 155, 3, 742, 74, 295, 2]"
5264,wcntiqav.exe,497,2,datacopy/BB/Files/2017-09-06/wcntiqav.exe,"[1, 155, 3, 742, 74, 295, 2]"
5265,utilman.exe,497,51,datacopy/BB/Files/2017-12-19/utilman.exe,"[1, 155, 3, 742, 74, 295, 2]"
5266,sysmaloc.cpl,497,1,datacopy/BB/Files/2014-05-28/sysmaloc.cpl,"[1, 155, 3, 742, 74, 295, 2]"
5267,utilman.exe,497,51,datacopy/BB/Files/2017-12-19/utilman.exe,"[1, 155, 3, 742, 74, 295, 2]"
5268,OrÃ§amento-13062013-PDF.cpl,501,2,datacopy/BB/Files/2013-06-13/OrÃ§amento-13062013-PDF.cpl,"[2, 742]"
5269,Cheque-222300825463.cpl,501,1,datacopy/BB/Files/2013-06-17/Cheque-222300825463.cpl,"[2, 742]"
5270,1724002013-Nfe.Pdf.cpl,501,1,datacopy/BB/Files/2013-06-25/1724002013-Nfe.Pdf.cpl,"[2, 742]"
5271,Cobranca000011.cpl,502,2,datacopy/BB/Files/2013-01-08/Cobranca000011.cpl,"[2, 742, 38]"
5272,videio.cpl,502,1,datacopy/BB/Files/2012-09-13/videio.cpl,"[2, 742, 38]"
5273,formulariosubmarinoviagens.cpl,502,16,datacopy/BB/Files/2012-08-07/formulariosubmarinoviagens.cpl,"[2, 742, 38]"
5274,1B54CA8B4X5.cpl,502,1,datacopy/BB/Files/2012-07-31/1B54CA8B4X5.cpl,"[2, 742, 38]"
5275,4616_66883_directDownload_true.exe,502,2,datacopy/BB/Files/2012-07-31/4616_66883_directDownload_true.exe,"[2, 742, 38]"
5276,O5DO2DMV4FQZ.cpl,502,16,datacopy/BB/Files/2012-07-04/O5DO2DMV4FQZ.cpl,"[2, 742, 38]"
5277,GU1AJS06EMT1.cpl,502,1,datacopy/BB/Files/2012-08-20/GU1AJS06EMT1.cpl,"[2, 742, 38]"
5278,Comprovante_4483.cpl,502,2,datacopy/BB/Files/2012-09-26/Comprovante_4483.cpl,"[2, 742, 38]"
5279,FU2DP2CMW7HR.cpl,502,2,datacopy/BB/Files/2012-08-23/FU2DP2CMW7HR.cpl,"[2, 742, 38]"
5280,L18IS4DNV5DM.cpl,502,1,datacopy/BB/Files/2012-07-23/L18IS4DNV5DM.cpl,"[2, 742, 38]"
5281,retrospectivafotos2013.cpl,504,2,datacopy/BB/Files/2014-01-10/retrospectivafotos2013.cpl,"[2, 742]"
5282,Cupom_Fiscal.pdf.cpl,504,1,datacopy/BB/Files/2014-01-20/Cupom_Fiscal.pdf.cpl,"[2, 742]"
5283,install_flashplayer11x32_mssd_aaa_aih.cpl,504,1,datacopy/BB/Files/2013-12-03/install_flashplayer11x32_mssd_aaa_aih.cpl,"[2, 742]"
5284,1pZzC1XYNNc_Expires_1389967307.exe,504,1,datacopy/BB/Files/2014-01-17/1pZzC1XYNNc_Expires_1389967307.exe,"[2, 742]"
5285,czao.exe,506,3,datacopy/BB/Files/2012-09-12/czao.exe,"[3, 295]"
5286,g6jz.exe,506,0,datacopy/BB/Files/2012-09-25/g6jz.exe,"[3, 295]"
5287,9xao.exe,506,3,datacopy/BB/Files/2012-09-28/9xao.exe,"[3, 295]"
5288,0s7j.exe,506,3,datacopy/BB/Files/2012-09-24/0s7j.exe,"[3, 295]"
5289,qiga.exe,506,3,datacopy/BB/Files/2012-07-18/qiga.exe,"[3, 295]"
5290,b1ft.exe,506,3,datacopy/BB/Files/2012-09-26/b1ft.exe,"[3, 295]"
5291,pogf.exe,506,3,datacopy/BB/Files/2012-07-10/pogf.exe,"[3, 295]"
5292,d3hv.exe,506,3,datacopy/BB/Files/2012-09-14/d3hv.exe,"[3, 295]"
5293,msjet40.exe,515,2,datacopy/BB/Files/2013-05-16/msjet40.exe,"[2, 3]"
5294,dfrgui.exe,515,3,datacopy/BB/Files/2013-05-02/dfrgui.exe,"[2, 3]"
5295,wiaservc.exe,515,3,datacopy/BB/Files/2013-05-20/wiaservc.exe,"[2, 3]"
5296,wmpdxm.exe,515,3,datacopy/BB/Files/2013-05-07/wmpdxm.exe,"[2, 3]"
5297,modex.exe,515,3,datacopy/BB/Files/2013-05-24/modex.exe,"[2, 3]"
5298,shellstyle.exe,515,3,datacopy/BB/Files/2013-05-06/shellstyle.exe,"[2, 3]"
5299,aaclient.exe,515,2,datacopy/BB/Files/2013-05-06/aaclient.exe,"[2, 3]"
5300,23793-11329-00036-038289-031378-100855-5-9590000150000-NF-e-PDF.cpl,516,2,datacopy/BB/Files/2013-05-16/23793-11329-00036-038289-031378-100855-5-9590000150000-NF-e-PDF.cpl,[2]
5301,Nota-Fiscal-Eletronica-16-05-2013.cpl,516,2,datacopy/BB/Files/2013-05-16/Nota-Fiscal-Eletronica-16-05-2013.cpl,[2]
5302,NotaFE.pdf.cpl,516,2,datacopy/BB/Files/2013-05-16/NotaFE.pdf.cpl,[2]
5303,0021352-030.cpl,516,2,datacopy/BB/Files/2013-05-17/0021352-030.cpl,[2]
5304,B0021573721.cpl,516,2,datacopy/BB/Files/2013-05-15/B0021573721.cpl,[2]
5305,OrÑamento14052013_PDF.cpl,516,2,datacopy/BB/Files/2013-05-15/OrÑamento14052013_PDF.cpl,[2]
5306,duplicada.cpl,518,2,datacopy/BB/Files/2013-12-10/duplicada.cpl,[2]
5307,duplicata_vencida.cpl,518,2,datacopy/BB/Files/2013-12-11/duplicata_vencida.cpl,[2]
5308,Nota_fiscal.cpl,518,2,datacopy/BB/Files/2013-12-09/Nota_fiscal.cpl,[2]
5309,compravante.cpl,526,2,datacopy/BB/Files/2013-08-06/compravante.cpl,"[2, 742]"
5310,boleto004.cpl,526,2,datacopy/BB/Files/2013-07-18/boleto004.cpl,"[2, 742]"
5311,ReceitaFederal098.cpl,526,2,datacopy/BB/Files/2013-06-07/ReceitaFederal098.cpl,"[2, 742]"
5312,DDjFF_Lb.exe,526,1,datacopy/BB/Files/2013-06-03/DDjFF_Lb.exe,"[2, 742]"
5313,Fotos_curso_2013.php.exe,526,2,datacopy/BB/Files/2013-06-03/Fotos_curso_2013.php.exe,"[2, 742]"
5314,Titulo_Serasa200520134.cpl,526,2,datacopy/BB/Files/2013-07-23/Titulo_Serasa200520134.cpl,"[2, 742]"
5315,ChamadadeVoz.cpl,526,2,datacopy/BB/Files/2013-08-05/ChamadadeVoz.cpl,"[2, 742]"
5316,DividaAtivaSerasa.cpl,526,2,datacopy/BB/Files/2013-08-05/DividaAtivaSerasa.cpl,"[2, 742]"
5317,pagamento876.cpl,526,2,datacopy/BB/Files/2013-09-17/pagamento876.cpl,"[2, 742]"
5318,01Titulo_Serasa.cpl,526,2,datacopy/BB/Files/2013-08-02/01Titulo_Serasa.cpl,"[2, 742]"
5319,mZS4H9M8eW.cpl,530,2,datacopy/BB/Files/2015-02-03/mZS4H9M8eW.cpl,[2]
5320,2A01bQHh1q.cpl,530,2,datacopy/BB/Files/2015-02-05/2A01bQHh1q.cpl,[2]
5321,pUa37iVO20.cpl,530,2,datacopy/BB/Files/2015-02-23/pUa37iVO20.cpl,[2]
5322,AsYn47FgWt.cpl,530,2,datacopy/BB/Files/2015-02-19/AsYn47FgWt.cpl,[2]
5323,Rg3fNthXgA.cpl,530,2,datacopy/BB/Files/2015-02-02/Rg3fNthXgA.cpl,[2]
5324,WZIumIp9Q4.cpl,530,2,datacopy/BB/Files/2015-02-11/WZIumIp9Q4.cpl,[2]
5325,0y7U3ar16C.cpl,530,2,datacopy/BB/Files/2015-01-30/0y7U3ar16C.cpl,[2]
5326,s2o50d6Y7k.cpl,530,2,datacopy/BB/Files/2015-02-13/s2o50d6Y7k.cpl,[2]
5327,E8WRYFYMpY.cpl,530,2,datacopy/BB/Files/2015-02-12/E8WRYFYMpY.cpl,[2]
5328,4IgoJ2VN9V.cpl,530,2,datacopy/BB/Files/2015-02-10/4IgoJ2VN9V.cpl,[2]
5329,0B4C3ZRjdzmgbRU9janZ4Z0sweEk.exe,532,2,datacopy/BB/Files/2012-05-29/0B4C3ZRjdzmgbRU9janZ4Z0sweEk.exe,[2]
5330,0B7OyTqgJb8U5bVgxYnhyejdwRFk.exe,532,2,datacopy/BB/Files/2013-03-12/0B7OyTqgJb8U5bVgxYnhyejdwRFk.exe,[2]
5331,00NmM3LWJkOWQtNDQ1Mjc2ZmI4ZWY0.exe,532,2,datacopy/BB/Files/2013-03-12/00NmM3LWJkOWQtNDQ1Mjc2ZmI4ZWY0.exe,[2]
5332,0B1ufZxgbaXMvQXlJMmJGalpjOGc.exe,532,2,datacopy/BB/Files/2012-04-16/0B1ufZxgbaXMvQXlJMmJGalpjOGc.exe,[2]
5333,Download_03452435554.exe,533,2,datacopy/BB/Files/2017-03-20/Download_03452435554.exe,"[2, 295]"
5334,Download_03452435539.exe,533,2,datacopy/BB/Files/2017-03-20/Download_03452435539.exe,"[2, 295]"
5335,Download_03452435526.exe,533,0,datacopy/BB/Files/2017-03-20/Download_03452435526.exe,"[2, 295]"
5336,Download_03452435562.exe,533,2,datacopy/BB/Files/2017-03-20/Download_03452435562.exe,"[2, 295]"
5337,REP00100000-19.2014.8382772622.cpl,538,2,datacopy/BB/Files/2014-08-11/REP00100000-19.2014.8382772622.cpl,[2]
5338,Notificacao_Infracao_94551244.cpl,538,2,datacopy/BB/Files/2014-07-08/Notificacao_Infracao_94551244.cpl,[2]
5339,NFE-35432842163726471524751737126372451352164521643521364713621384234234234.cpl,538,2,datacopy/BB/Files/2014-08-06/NFE-35432842163726471524751737126372451352164521643521364713621384234234234.cpl,[2]
5340,Notificacao_Infracao_13877645.cpl,538,2,datacopy/BB/Files/2014-07-15/Notificacao_Infracao_13877645.cpl,[2]
5341,IMG_20140709_8233_3988433.jpg.cpl,538,2,datacopy/BB/Files/2014-07-14/IMG_20140709_8233_3988433.jpg.cpl,[2]
5342,clfsw32.dll,543,2,datacopy/BB/Files/2013-10-03/clfsw32.dll,"[2, 35]"
5343,api-ms-win-core-datetime-l1-1-0.dll,543,2,datacopy/BB/Files/2013-06-26/api-ms-win-core-datetime-l1-1-0.dll,"[2, 35]"
5344,msyuv.dll,543,2,datacopy/BB/Files/2013-06-07/msyuv.dll,"[2, 35]"
5345,tcpmonui.dll,543,2,datacopy/BB/Files/2013-06-17/tcpmonui.dll,"[2, 35]"
5346,webhits.dll,543,58,datacopy/BB/Files/2013-06-10/webhits.dll,"[2, 35]"
5347,Planilha-3982-Orcamento.Docx_.scr,546,2,datacopy/BB/Files/2014-01-16/Planilha-3982-Orcamento.Docx_.scr,"[2, 28]"
5348,Orcamento-403904.Docx_.scr,546,2,datacopy/BB/Files/2014-01-13/Orcamento-403904.Docx_.scr,"[2, 28]"
5349,Orcamento-430904.PDF_.scr,546,163,datacopy/BB/Files/2014-01-02/Orcamento-430904.PDF_.scr,"[2, 28]"
5350,fasas7_asÃ§flsvÃ§lm7_0.cpl,548,2,datacopy/BB/Files/2014-01-16/fasas7_asÃ§flsvÃ§lm7_0.cpl,[2]
5351,Llr4Dmlbergergr345634GtH8HziHAxTjA1ehXLgiLgAJhQSG9yTgGtH8A1ghABefQS+8HkDoXkpgWNHJSC.cpl,548,2,datacopy/BB/Files/2013-12-06/Llr4Dmlbergergr345634GtH8HziHAxTjA1ehXLgiLgAJhQSG9yTgGtH8A1ghABefQS+8HkDoXkpgWNHJSC.cpl,[2]
5352,casaASLd______003ssdkjnsojvsdojvnsdv_kvjsojvrvojon.cpl,548,2,datacopy/BB/Files/2013-12-06/casaASLd______003ssdkjnsojvsdojvnsdv_kvjsojvrvojon.cpl,[2]
5353,bambam.cpl,548,2,datacopy/BB/Files/2014-02-21/bambam.cpl,[2]
5354,MoAJn2gtbDwaKm1s+tGuT4qOy1kKxrz4444444444444444444444444444444444444444444BKlT3+mH5OxTa+DuYnYwC.cpl,548,2,datacopy/BB/Files/2013-12-13/MoAJn2gtbDwaKm1s+tGuT4qOy1kKxrz4444444444444444444444444444444444444444444BKlT3+mH5OxTa+DuYnYwC.cpl,[2]
5355,ArquProgramDataProgramDataivo.cpl,548,2,datacopy/BB/Files/2014-02-03/ArquProgramDataProgramDataivo.cpl,[2]
5356,aosijdoiqpwdAOJPSDazoixnasdj1o2390apdskodpoasd19230JIASDJoijiqeudUP18230120.cpl,548,2,datacopy/BB/Files/2014-02-05/aosijdoiqpwdAOJPSDazoixnasdj1o2390apdskodpoasd19230JIASDJoijiqeudUP18230120.cpl,[2]
5357,jaSDHJIASDHjasHDOSJJASDaSOD912__2183712372189_ahsdgAUSGD.cpl,548,2,datacopy/BB/Files/2013-12-23/jaSDHJIASDHjasHDOSJJASDaSOD912__2183712372189_ahsdgAUSGD.cpl,[2]
5358,loadr_2Fbambam.cpl,548,2,datacopy/BB/Files/2014-01-17/loadr_2Fbambam.cpl,[2]
5359,VideoMensagem028101206.cpl,551,2,datacopy/BB/Files/2014-05-08/VideoMensagem028101206.cpl,[2]
5360,VideoMensagem028501206.cpl,551,2,datacopy/BB/Files/2014-05-08/VideoMensagem028501206.cpl,[2]
5361,VideoMensagem028901206.cpl,551,2,datacopy/BB/Files/2014-05-12/VideoMensagem028901206.cpl,[2]
5362,KB201374.exe,552,3,datacopy/BB/Files/2013-11-05/KB201374.exe,[3]
5363,DSS0K44OPAO4.exe,552,3,datacopy/BB/Files/2013-10-24/DSS0K44OPAO4.exe,[3]
5364,AQYFCUGQI2RB.exe,552,3,datacopy/BB/Files/2013-11-18/AQYFCUGQI2RB.exe,[3]
5365,Saopauloprincipalll.exe,552,3,datacopy/BB/Files/2013-11-14/Saopauloprincipalll.exe,[3]
5366,YMJ8JHXJHEPG.exe,552,3,datacopy/BB/Files/2013-10-17/YMJ8JHXJHEPG.exe,[3]
5367,nethost.exe,552,3,datacopy/BB/Files/2013-10-14/nethost.exe,[3]
5368,Documento_Anexo_Planilha.DOCX_.scr,556,2,datacopy/BB/Files/2012-08-09/Documento_Anexo_Planilha.DOCX_.scr,"[2, 3]"
5369,Planilha_Documento_Anexo.scr,556,2,datacopy/BB/Files/2012-03-07/Planilha_Documento_Anexo.scr,"[2, 3]"
5370,Visualizar_Planilha_Documento.docx_.scr,556,2,datacopy/BB/Files/2012-08-28/Visualizar_Planilha_Documento.docx_.scr,"[2, 3]"
5371,Documento_Planilha_DOCX.scr,556,2,datacopy/BB/Files/2012-03-08/Documento_Planilha_DOCX.scr,"[2, 3]"
5372,Visualizar_Documento_anexo.docx_.scr,556,3,datacopy/BB/Files/2012-08-10/Visualizar_Documento_anexo.docx_.scr,"[2, 3]"
5373,Boleto_Vencido_Premium_Cobrancas.cpl,561,2,datacopy/BB/Files/2015-02-25/Boleto_Vencido_Premium_Cobrancas.cpl,[2]
5374,Notificacao_Autuacao_Transito_388477344533.cpl,561,2,datacopy/BB/Files/2015-01-20/Notificacao_Autuacao_Transito_388477344533.cpl,[2]
5375,BoletoFevereiro.cpl,561,2,datacopy/BB/Files/2015-02-06/BoletoFevereiro.cpl,[2]
5376,CopiaCheques.cpl,561,2,datacopy/BB/Files/2015-02-02/CopiaCheques.cpl,[2]
5377,Visualizar_Processo_MPF_000874732666213.cpl,561,2,datacopy/BB/Files/2015-03-06/Visualizar_Processo_MPF_000874732666213.cpl,[2]
5378,Notificacao_Infracao_7466899931.cpl,561,2,datacopy/BB/Files/2015-01-26/Notificacao_Infracao_7466899931.cpl,[2]
5379,INTIMACAO_TRT_83847474.cpl,561,2,datacopy/BB/Files/2015-01-09/INTIMACAO_TRT_83847474.cpl,[2]
5380,Cadastro_Cheque_2834743.cpl,561,2,datacopy/BB/Files/2015-01-07/Cadastro_Cheque_2834743.cpl,[2]
5381,Notificacao_Autuacao_de_Infracao_de_Transito_38776266.cpl,561,2,datacopy/BB/Files/2015-03-03/Notificacao_Autuacao_de_Infracao_de_Transito_38776266.cpl,[2]
5382,VISUALIZAR-PROCESSO-MPF-00088373-53.cpl,561,2,datacopy/BB/Files/2015-02-24/VISUALIZAR-PROCESSO-MPF-00088373-53.cpl,[2]
5383,NF-ID-94567692266.exe,563,133,datacopy/BB/Files/2012-12-10/NF-ID-94567692266.exe,[1]
5384,DSC271212.exe,563,133,datacopy/BB/Files/2012-12-10/DSC271212.exe,[1]
5385,WB-Boleto-Novembro.exe,563,133,datacopy/BB/Files/2012-12-12/WB-Boleto-Novembro.exe,[1]
5386,NF-ID-94567692267.exe,563,133,datacopy/BB/Files/2012-12-12/NF-ID-94567692267.exe,[1]
5387,NF-ID-94567692262.exe,563,133,datacopy/BB/Files/2012-12-05/NF-ID-94567692262.exe,[1]
5388,NF-ID-94567692258.exe,563,133,datacopy/BB/Files/2012-12-03/NF-ID-94567692258.exe,[1]
5389,Telegrama-ID-94567692243.exe,563,133,datacopy/BB/Files/2012-10-29/Telegrama-ID-94567692243.exe,[1]
5390,Comprovante-1817871198911233.CPL,564,2,datacopy/BB/Files/2012-12-10/Comprovante-1817871198911233.CPL,[2]
5391,FileMartinex.cpl,564,2,datacopy/BB/Files/2012-12-03/FileMartinex.cpl,[2]
5392,NotaFiscal.Doc.CPL,564,2,datacopy/BB/Files/2012-12-11/NotaFiscal.Doc.CPL,[2]
5393,Fatura_0288-0613.cpl,566,2,datacopy/BB/Files/2013-06-13/Fatura_0288-0613.cpl,"[2, 742]"
5394,Processo0912.cpl,566,1,datacopy/BB/Files/2013-06-24/Processo0912.cpl,"[2, 742]"
5395,Protestoreceita.ID1820072013.cpl,566,2,datacopy/BB/Files/2013-07-22/Protestoreceita.ID1820072013.cpl,"[2, 742]"
5396,Pagina.www.facebook.com.messages.cpl,566,1,datacopy/BB/Files/2013-06-06/Pagina.www.facebook.com.messages.cpl,"[2, 742]"
5397,PedidoNF09300.cpl,566,2,datacopy/BB/Files/2013-06-11/PedidoNF09300.cpl,"[2, 742]"
5398,Boleto-Atualizado=0963.cpl,566,2,datacopy/BB/Files/2013-06-25/Boleto-Atualizado=0963.cpl,"[2, 742]"
5399,TSE_PROTDOC07102013.cpl,566,2,datacopy/BB/Files/2013-10-29/TSE_PROTDOC07102013.cpl,"[2, 742]"
5400,blc9P4y6cGwth4eDclcIe6SuGnD7sI.exe,566,2,datacopy/BB/Files/2013-06-12/blc9P4y6cGwth4eDclcIe6SuGnD7sI.exe,"[2, 742]"
5401,098236777236662523_NF-E_product.cpl,570,2,datacopy/BB/Files/2013-12-06/098236777236662523_NF-E_product.cpl,[2]
5402,PbKs6c0X.exe,570,2,datacopy/BB/Files/2013-11-06/PbKs6c0X.exe,[2]
5403,FOTO.cpl,570,2,datacopy/BB/Files/2013-12-03/FOTO.cpl,[2]
5404,Download_01629264835.exe,578,2,datacopy/BB/Files/2017-03-23/Download_01629264835.exe,"[2, 295]"
5405,Download_01629264836.exe,578,2,datacopy/BB/Files/2017-03-23/Download_01629264836.exe,"[2, 295]"
5406,Download_258302818.exe,578,2,datacopy/BB/Files/2017-03-23/Download_258302818.exe,"[2, 295]"
5407,Download_01629264891.exe,578,0,datacopy/BB/Files/2017-03-23/Download_01629264891.exe,"[2, 295]"
5408,Download_01629264830.exe,578,2,datacopy/BB/Files/2017-03-23/Download_01629264830.exe,"[2, 295]"
5409,Download_01629264887.exe,578,0,datacopy/BB/Files/2017-03-23/Download_01629264887.exe,"[2, 295]"
5410,Download_01629264814.exe,578,0,datacopy/BB/Files/2017-03-23/Download_01629264814.exe,"[2, 295]"
5411,Download_01629264825.exe,578,0,datacopy/BB/Files/2017-03-23/Download_01629264825.exe,"[2, 295]"
5412,Download_01629264879.exe,578,0,datacopy/BB/Files/2017-03-24/Download_01629264879.exe,"[2, 295]"
5413,Download_01629264837.exe,578,2,datacopy/BB/Files/2017-03-24/Download_01629264837.exe,"[2, 295]"
5414,Download_01629264856.exe,578,2,datacopy/BB/Files/2017-03-24/Download_01629264856.exe,"[2, 295]"
5415,Download_043743895496.exe,579,2,datacopy/BB/Files/2017-03-23/Download_043743895496.exe,"[2, 295]"
5416,Download_043743895422.exe,579,2,datacopy/BB/Files/2017-03-21/Download_043743895422.exe,"[2, 295]"
5417,Download_043743895452.exe,579,2,datacopy/BB/Files/2017-03-21/Download_043743895452.exe,"[2, 295]"
5418,Download_043743895463.exe,579,2,datacopy/BB/Files/2017-03-21/Download_043743895463.exe,"[2, 295]"
5419,Download_043743895480.exe,579,0,datacopy/BB/Files/2017-03-21/Download_043743895480.exe,"[2, 295]"
5420,Download_043743895482.exe,579,2,datacopy/BB/Files/2017-03-21/Download_043743895482.exe,"[2, 295]"
5421,Download_043743895468.exe,579,0,datacopy/BB/Files/2017-03-21/Download_043743895468.exe,"[2, 295]"
5422,Download_043743895488.exe,579,0,datacopy/BB/Files/2017-03-21/Download_043743895488.exe,"[2, 295]"
5423,Download_043743895455.exe,579,2,datacopy/BB/Files/2017-03-21/Download_043743895455.exe,"[2, 295]"
5424,Download_043743895485.exe,579,2,datacopy/BB/Files/2017-03-22/Download_043743895485.exe,"[2, 295]"
5425,Download_043743895492.exe,579,0,datacopy/BB/Files/2017-03-22/Download_043743895492.exe,"[2, 295]"
5426,Download_04374389541.exe,579,2,datacopy/BB/Files/2017-03-22/Download_04374389541.exe,"[2, 295]"
5427,Download_043743895439.exe,579,2,datacopy/BB/Files/2017-03-22/Download_043743895439.exe,"[2, 295]"
5428,Download_043743895459.exe,579,0,datacopy/BB/Files/2017-03-22/Download_043743895459.exe,"[2, 295]"
5429,Download_043743895411.exe,579,0,datacopy/BB/Files/2017-03-22/Download_043743895411.exe,"[2, 295]"
5430,Download_043743895416.exe,579,0,datacopy/BB/Files/2017-03-22/Download_043743895416.exe,"[2, 295]"
5431,Download_043743895413.exe,579,0,datacopy/BB/Files/2017-03-22/Download_043743895413.exe,"[2, 295]"
5432,Download_043743895495.exe,579,0,datacopy/BB/Files/2017-03-22/Download_043743895495.exe,"[2, 295]"
5433,Download_043743895489.exe,579,0,datacopy/BB/Files/2017-03-22/Download_043743895489.exe,"[2, 295]"
5434,Download_043743895457.exe,579,0,datacopy/BB/Files/2017-03-22/Download_043743895457.exe,"[2, 295]"
5435,Download_043743895483.exe,579,0,datacopy/BB/Files/2017-03-22/Download_043743895483.exe,"[2, 295]"
5436,Download_043743895434.exe,579,0,datacopy/BB/Files/2017-03-22/Download_043743895434.exe,"[2, 295]"
5437,Download_043743895456.exe,579,0,datacopy/BB/Files/2017-03-22/Download_043743895456.exe,"[2, 295]"
5438,Download_043743895460.exe,579,0,datacopy/BB/Files/2017-03-22/Download_043743895460.exe,"[2, 295]"
5439,Download_043743895467.exe,579,2,datacopy/BB/Files/2017-03-22/Download_043743895467.exe,"[2, 295]"
5440,Download_043743895442.exe,579,0,datacopy/BB/Files/2017-03-22/Download_043743895442.exe,"[2, 295]"
5441,Download_043743895454.exe,579,0,datacopy/BB/Files/2017-03-22/Download_043743895454.exe,"[2, 295]"
5442,Depo-00000000000000234877540300.exe,580,2,datacopy/BB/Files/2014-08-29/Depo-00000000000000234877540300.exe,[2]
5443,Depo-00101000000000023440.com,580,2,datacopy/BB/Files/2014-09-01/Depo-00101000000000023440.com,[2]
5444,Dados_Serasa.com,580,2,datacopy/BB/Files/2014-09-01/Dados_Serasa.com,[2]
5445,prf.cpl,582,2,datacopy/BB/Files/2014-07-08/prf.cpl,"[2, 414]"
5446,VIDEO_FACEBOOK.cpl,582,9,datacopy/BB/Files/2013-01-23/VIDEO_FACEBOOK.cpl,"[2, 414]"
5447,policiafederal.cpl,582,2,datacopy/BB/Files/2014-07-09/policiafederal.cpl,"[2, 414]"
5448,tribunaldojuri.cpl,582,2,datacopy/BB/Files/2014-07-17/tribunaldojuri.cpl,"[2, 414]"
5449,Boleto_Cobranca_94877563.cpl,583,2,datacopy/BB/Files/2014-07-21/Boleto_Cobranca_94877563.cpl,[2]
5450,NFS-e-1837823.cpl,583,2,datacopy/BB/Files/2014-06-20/NFS-e-1837823.cpl,[2]
5451,Comprovante_Santander.cpl,583,2,datacopy/BB/Files/2014-06-20/Comprovante_Santander.cpl,[2]
5452,Notificacao_Infracao_934884.cpl,583,2,datacopy/BB/Files/2014-06-26/Notificacao_Infracao_934884.cpl,[2]
5453,91526efb5e0a4d3539d3_lgfp_3000.exe,586,2,datacopy/BB/Files/2015-10-01/91526efb5e0a4d3539d3_lgfp_3000.exe,[2]
5454,0B8uwq_xvuiGreV8xRnBRM2E4NFU_e_download.exe,586,2,datacopy/BB/Files/2015-10-01/0B8uwq_xvuiGreV8xRnBRM2E4NFU_e_download.exe,[2]
5455,38263854e6672ee7dec2_lgfp_3000.exe,586,2,datacopy/BB/Files/2015-09-30/38263854e6672ee7dec2_lgfp_3000.exe,[2]
5456,arquivo_PDF_XML.cpl,590,2,datacopy/BB/Files/2013-09-26/arquivo_PDF_XML.cpl,[2]
5457,arquivo022013_PDF.cpl,590,2,datacopy/BB/Files/2013-09-23/arquivo022013_PDF.cpl,[2]
5458,setembro2013.cpl,590,2,datacopy/BB/Files/2013-09-18/setembro2013.cpl,[2]
5459,DSC000159JPG.cpl,590,2,datacopy/BB/Files/2013-09-27/DSC000159JPG.cpl,[2]
5460,Pedido_PDF_527388.cpl,590,2,datacopy/BB/Files/2013-09-25/Pedido_PDF_527388.cpl,[2]
5461,dama.cpl,596,2,datacopy/BB/Files/2012-08-07/dama.cpl,[2]
5462,labiroba.cpl,596,2,datacopy/BB/Files/2012-07-31/labiroba.cpl,[2]
5463,YKT4FS2CLV5E.cpl,596,2,datacopy/BB/Files/2012-07-04/YKT4FS2CLV5E.cpl,[2]
5464,BEL.cpl,596,2,datacopy/BB/Files/2012-07-18/BEL.cpl,[2]
5465,P8HR3GQY7HQ0.cpl,596,2,datacopy/BB/Files/2012-07-23/P8HR3GQY7HQ0.cpl,[2]
5466,TMCxAStCv1.dll,598,3,datacopy/BB/Files/2017-06-28/TMCxAStCv1.dll,[3]
5467,Yt2C29OU.dll,598,3,datacopy/BB/Files/2017-06-27/Yt2C29OU.dll,[3]
5468,ceJqz9N.dll,598,3,datacopy/BB/Files/2017-06-16/ceJqz9N.dll,[3]
5469,dy0C4DiY3Y.dll,598,3,datacopy/BB/Files/2017-06-16/dy0C4DiY3Y.dll,[3]
5470,UCuKe7YFR.dll,598,3,datacopy/BB/Files/2017-06-14/UCuKe7YFR.dll,[3]
5471,0B_q1kIzk8hpcElrVTlHaDdldWM.exe,599,171,datacopy/BB/Files/2012-04-27/0B_q1kIzk8hpcElrVTlHaDdldWM.exe,"[1, 3, 503, 648]"
5472,SBV6G8QF17.exe,599,273,datacopy/BB/Files/2012-03-26/SBV6G8QF17.exe,"[1, 3, 503, 648]"
5473,aDAyek1vcjNSbFcwZXh4NnFGSGZOdw.exe,599,273,datacopy/BB/Files/2012-03-26/aDAyek1vcjNSbFcwZXh4NnFGSGZOdw.exe,"[1, 3, 503, 648]"
5474,0B_q1kIzk8hpbzl5aWxPTUlsWU0.exe,599,273,datacopy/BB/Files/2012-05-07/0B_q1kIzk8hpbzl5aWxPTUlsWU0.exe,"[1, 3, 503, 648]"
5475,0B_q1kIzk8hpRDliOFdlcEVXeFU.exe,599,273,datacopy/BB/Files/2012-04-17/0B_q1kIzk8hpRDliOFdlcEVXeFU.exe,"[1, 3, 503, 648]"
5476,QE7D1I29RT.exe,599,273,datacopy/BB/Files/2012-02-27/QE7D1I29RT.exe,"[1, 3, 503, 648]"
5477,00M2U0LWJlMjItNjExN2U3MzNiMzY4.exe,599,10,datacopy/BB/Files/2012-02-13/00M2U0LWJlMjItNjExN2U3MzNiMzY4.exe,"[1, 3, 503, 648]"
5478,msg2012_543532.exe,599,171,datacopy/BB/Files/2012-04-04/msg2012_543532.exe,"[1, 3, 503, 648]"
5479,TItZjRlZDg5ZDI1MGU0_e_download.exe,599,648,datacopy/BB/Files/2013-03-12/TItZjRlZDg5ZDI1MGU0_e_download.exe,"[1, 3, 503, 648]"
5480,Nota_Fiscal_EletrÃ´nica_.com,600,174,datacopy/BB/Files/2012-04-27/Nota_Fiscal_EletrÃ´nica_.com,"[1, 3, 259, 2]"
5481,0B7O5y6iZRNH4ZFFmYzgzMXJhdmc.exe,600,174,datacopy/BB/Files/2012-04-27/0B7O5y6iZRNH4ZFFmYzgzMXJhdmc.exe,"[1, 3, 259, 2]"
5482,ca_de_ServiÃ§os_nÂº._17240.com,600,3,datacopy/BB/Files/2012-05-15/ca_de_ServiÃ§os_nÂº._17240.com,"[1, 3, 259, 2]"
5483,Nota.Fiscal.PDF.com,600,259,datacopy/BB/Files/2012-04-26/Nota.Fiscal.PDF.com,"[1, 3, 259, 2]"
5484,0B3PTsNR4qJOyckZIT1hxMEdzbU0.exe,600,3,datacopy/BB/Files/2012-04-26/0B3PTsNR4qJOyckZIT1hxMEdzbU0.exe,"[1, 3, 259, 2]"
5485,Nfe.Eletronica.com_2F_4758.exe,600,2,datacopy/BB/Files/2012-05-10/Nfe.Eletronica.com_2F_4758.exe,"[1, 3, 259, 2]"
5486,ica_de_ServiÃ§os_nÂº345787.com,600,2,datacopy/BB/Files/2012-05-14/ica_de_ServiÃ§os_nÂº345787.com,"[1, 3, 259, 2]"
5487,rflcdm.cab.cpl,601,2,datacopy/BB/Files/2014-12-17/rflcdm.cab.cpl,[2]
5488,vtpckw.cab.cpl,601,2,datacopy/BB/Files/2014-12-19/vtpckw.cab.cpl,[2]
5489,pwkmjn.cab.cpl,601,2,datacopy/BB/Files/2014-12-19/pwkmjn.cab.cpl,[2]
5490,yuvhnm.cab.cpl,601,2,datacopy/BB/Files/2014-12-05/yuvhnm.cab.cpl,[2]
5491,clwtau.cab.cpl,601,2,datacopy/BB/Files/2014-12-18/clwtau.cab.cpl,[2]
5492,Comprovante.D5142158.Pdf.cpl,608,2,datacopy/BB/Files/2014-09-30/Comprovante.D5142158.Pdf.cpl,[2]
5493,fatura8835557537.cpl,608,2,datacopy/BB/Files/2014-10-23/fatura8835557537.cpl,[2]
5494,nfe-83672191-2014BR.fazenda.gov.br.cpl,608,2,datacopy/BB/Files/2014-08-21/nfe-83672191-2014BR.fazenda.gov.br.cpl,[2]
5495,fatura2504841507.cpl,608,2,datacopy/BB/Files/2014-10-31/fatura2504841507.cpl,[2]
5496,fatura4414281845.cpl,608,2,datacopy/BB/Files/2014-10-24/fatura4414281845.cpl,[2]
5497,Fatura-3127637662.PDF.cpl,608,2,datacopy/BB/Files/2014-09-09/Fatura-3127637662.PDF.cpl,[2]
5498,COMPID10102014-009384.cpl,608,2,datacopy/BB/Files/2014-10-10/COMPID10102014-009384.cpl,[2]
5499,Comprovante.PDF.1023546.cpl,608,2,datacopy/BB/Files/2014-09-10/Comprovante.PDF.1023546.cpl,[2]
5500,Fatura-8429805516.PDF.cpl,608,2,datacopy/BB/Files/2014-09-10/Fatura-8429805516.PDF.cpl,[2]
5501,Fatura-5901844070.PDF.cpl,608,2,datacopy/BB/Files/2014-09-11/Fatura-5901844070.PDF.cpl,[2]
5502,Fatura-6793965163.PDF.cpl,608,2,datacopy/BB/Files/2014-09-11/Fatura-6793965163.PDF.cpl,[2]
5503,Intimacao-JUS.exe,609,2,datacopy/BB/Files/2015-03-30/Intimacao-JUS.exe,[2]
5504,Zy04MlE_e_download_cli_Cliente.exe,609,2,datacopy/BB/Files/2015-03-31/Zy04MlE_e_download_cli_Cliente.exe,[2]
5505,documentos_processo.exe,609,2,datacopy/BB/Files/2015-03-31/documentos_processo.exe,[2]
5506,boleto2.cpl,616,2,datacopy/BB/Files/2013-09-23/boleto2.cpl,"[2, 503, 742]"
5507,2viacleosvaldo2014.cpl,616,2,datacopy/BB/Files/2013-10-02/2viacleosvaldo2014.cpl,"[2, 503, 742]"
5508,PDF-Multacleosvaldo2014.cpl,616,10,datacopy/BB/Files/2013-10-04/PDF-Multacleosvaldo2014.cpl,"[2, 503, 742]"
5509,155.654.856.325.Pdfcleosvaldo2014.cpl,616,1,datacopy/BB/Files/2013-10-08/155.654.856.325.Pdfcleosvaldo2014.cpl,"[2, 503, 742]"
5510,NotaFiscalcleosvaldo2014.cpl,616,1,datacopy/BB/Files/2013-10-10/NotaFiscalcleosvaldo2014.cpl,"[2, 503, 742]"
5511,NF-eletronica_mes-09-2013cleosvaldo2014.cpl,616,2,datacopy/BB/Files/2013-09-24/NF-eletronica_mes-09-2013cleosvaldo2014.cpl,"[2, 503, 742]"
5512,Visualizar_Documento.docx_.scr,620,2,datacopy/BB/Files/2013-04-08/Visualizar_Documento.docx_.scr,[2]
5513,Visualizar_Cotacao.docx_.scr,620,2,datacopy/BB/Files/2013-04-09/Visualizar_Cotacao.docx_.scr,[2]
5514,Documento_Visualizar_Cotacao.DOCX_.scr,620,2,datacopy/BB/Files/2013-04-10/Documento_Visualizar_Cotacao.DOCX_.scr,[2]
5515,Anexo-2via.Boleto.cpl,621,2,datacopy/BB/Files/2013-04-08/Anexo-2via.Boleto.cpl,[2]
5516,ComentarioDeVoz_.cpl,621,2,datacopy/BB/Files/2013-03-19/ComentarioDeVoz_.cpl,[2]
5517,videos001.cpl,621,2,datacopy/BB/Files/2013-03-26/videos001.cpl,[2]
5518,WER02901.scr,632,93,datacopy/BB/Files/2012-03-13/WER02901.scr,"[1, 3, 49, 30]"
5519,video_facebook_10.scr,632,3,datacopy/BB/Files/2012-04-05/video_facebook_10.scr,"[1, 3, 49, 30]"
5520,SSXRT00.scr,632,18,datacopy/BB/Files/2012-03-19/SSXRT00.scr,"[1, 3, 49, 30]"
5521,videofacebook0067.scr,632,267,datacopy/BB/Files/2012-04-25/videofacebook0067.scr,"[1, 3, 49, 30]"
5522,AQZX3314.exe,632,18,datacopy/BB/Files/2012-03-20/AQZX3314.exe,"[1, 3, 49, 30]"
5523,negatividade-nome-836bd.cpl,633,2,datacopy/BB/Files/2013-12-16/negatividade-nome-836bd.cpl,[2]
5524,negatividade-clien-33599211ssp.cpl,633,2,datacopy/BB/Files/2013-11-27/negatividade-clien-33599211ssp.cpl,[2]
5525,Video_Instagram.Avi.cpl,633,2,datacopy/BB/Files/2013-11-27/Video_Instagram.Avi.cpl,[2]
5526,z-negatividade-nome-836bd.cpl,633,2,datacopy/BB/Files/2013-12-13/z-negatividade-nome-836bd.cpl,[2]
5527,bola09831.cpl,633,2,datacopy/BB/Files/2013-11-18/bola09831.cpl,[2]
5528,Copia-cheque.cpl,633,2,datacopy/BB/Files/2013-11-28/Copia-cheque.cpl,[2]
5529,Extrato-Debito-Ativo_Cliente.pdf.cpl,633,2,datacopy/BB/Files/2013-11-20/Extrato-Debito-Ativo_Cliente.pdf.cpl,[2]
5530,Boleto_03_dez2013.pdf.cpl,633,2,datacopy/BB/Files/2013-12-04/Boleto_03_dez2013.pdf.cpl,[2]
5531,Relatorio01245.cpl,635,2,datacopy/BB/Files/2014-05-20/Relatorio01245.cpl,"[2, 742]"
5532,Boleto_22-05-2014.cpl,635,1,datacopy/BB/Files/2014-05-22/Boleto_22-05-2014.cpl,"[2, 742]"
5533,CURRICULO_VITAE_OUTLOOK_7383J2L2.cpl,635,1,datacopy/BB/Files/2014-05-19/CURRICULO_VITAE_OUTLOOK_7383J2L2.cpl,"[2, 742]"
5534,Abrir.cpl,635,1,datacopy/BB/Files/2014-05-16/Abrir.cpl,"[2, 742]"
5535,cotacao.pdf.cpl,636,121,datacopy/BB/Files/2014-05-08/cotacao.pdf.cpl,"[1, 3, 742]"
5536,2viafatura.cpl,636,3,datacopy/BB/Files/2014-05-20/2viafatura.cpl,"[1, 3, 742]"
5537,novo_boleto.pdf.cpl,636,121,datacopy/BB/Files/2014-05-06/novo_boleto.pdf.cpl,"[1, 3, 742]"
5538,formulario.cpl,636,121,datacopy/BB/Files/2014-05-06/formulario.cpl,"[1, 3, 742]"
5539,Fotos_Acidente.cpl,636,1,datacopy/BB/Files/2014-05-22/Fotos_Acidente.cpl,"[1, 3, 742]"
5540,MTh0STg_h_16653014193614665626.exe,639,2,datacopy/BB/Files/2013-08-29/MTh0STg_h_16653014193614665626.exe,[2]
5541,87URITSR.cpl,639,2,datacopy/BB/Files/2013-09-16/87URITSR.cpl,[2]
5542,Processo17958312012.cpl,639,2,datacopy/BB/Files/2013-07-11/Processo17958312012.cpl,[2]
5543,Comprovante_de_deposito.cpl,639,2,datacopy/BB/Files/2013-09-12/Comprovante_de_deposito.cpl,[2]
5544,Recibo_11-09-2013.cpl,639,2,datacopy/BB/Files/2013-09-24/Recibo_11-09-2013.cpl,[2]
5545,BOLETO.CPL,640,2,datacopy/BB/Files/2013-07-04/BOLETO.CPL,[2]
5546,Recibo_Nota.Fiscal.cpl,640,2,datacopy/BB/Files/2013-09-10/Recibo_Nota.Fiscal.cpl,[2]
5547,mandado.comparecimento.ministerio.cpl,640,2,datacopy/BB/Files/2013-09-12/mandado.comparecimento.ministerio.cpl,[2]
5548,imagen_conprovante.exe,641,2,datacopy/BB/Files/2012-12-24/imagen_conprovante.exe,[2]
5549,0B6Q_aknLRXInRDcydUFhUklGd28.exe,641,2,datacopy/BB/Files/2013-02-04/0B6Q_aknLRXInRDcydUFhUklGd28.exe,[2]
5550,WLMMF6P5HQUV.com,641,2,datacopy/BB/Files/2013-03-08/WLMMF6P5HQUV.com,[2]
5551,DANFE-64570133550990000025021000025027-18.08.2014.0505300038.exe,643,2,datacopy/BB/Files/2014-09-08/DANFE-64570133550990000025021000025027-18.08.2014.0505300038.exe,"[2, 286, 1]"
5552,1869_48739_directDownload_true.exe,643,38,datacopy/BB/Files/2014-09-03/1869_48739_directDownload_true.exe,"[2, 286, 1]"
5553,_721156622_directDownload_true.exe,643,38,datacopy/BB/Files/2014-09-03/_721156622_directDownload_true.exe,"[2, 286, 1]"
5554,NF88874.exe,643,38,datacopy/BB/Files/2014-08-15/NF88874.exe,"[2, 286, 1]"
5555,_692195179_directDownload_true.exe,643,2,datacopy/BB/Files/2014-08-15/_692195179_directDownload_true.exe,"[2, 286, 1]"
5556,0072_30689_directDownload_true.exe,643,2,datacopy/BB/Files/2014-09-24/0072_30689_directDownload_true.exe,"[2, 286, 1]"
5557,6b26c6a98e9c77c65e78aba2acb12d92b2655a7e703413f2e09e999a5b564d53,643,1196,datacopy/Stefano/6b26c6a98e9c77c65e78aba2acb12d92b2655a7e703413f2e09e999a5b564d53,"[2, 286, 1]"
5558,2b427a45425fa0853bbbc87dfbbb18d0c14e16204157086a3868ace7eacfdc62,643,1196,datacopy/Stefano/2b427a45425fa0853bbbc87dfbbb18d0c14e16204157086a3868ace7eacfdc62,"[2, 286, 1]"
5559,e1a3f1b07441e57c2ccd630d76bfeaf4b267827974f6386919b18d38c6045b78,643,1196,datacopy/Stefano/e1a3f1b07441e57c2ccd630d76bfeaf4b267827974f6386919b18d38c6045b78,"[2, 286, 1]"
5560,db6301e5319f66fa8bcb56f611b7c91208533fb2f1b49fc5f9d9688846604fb3,643,1196,datacopy/Stefano/db6301e5319f66fa8bcb56f611b7c91208533fb2f1b49fc5f9d9688846604fb3,"[2, 286, 1]"
5561,eed674e31b7a9ae8bbce5cf9ead7e3a4bc574de7571d6b58e82900f289df3e77,643,1196,datacopy/Stefano/eed674e31b7a9ae8bbce5cf9ead7e3a4bc574de7571d6b58e82900f289df3e77,"[2, 286, 1]"
5562,f103159c643e6a922b06001dc7ddbd7a79f1ec9fce7fcc212393ab300b376169,643,1196,datacopy/Stefano/f103159c643e6a922b06001dc7ddbd7a79f1ec9fce7fcc212393ab300b376169,"[2, 286, 1]"
5563,d7eeb005ccb352ebbed0b720d9133e2a0ceee6f8bd606347b52f47faf043ee74,643,1196,datacopy/Stefano/d7eeb005ccb352ebbed0b720d9133e2a0ceee6f8bd606347b52f47faf043ee74,"[2, 286, 1]"
5564,972516e71b510108023a77e439cd6c408b4845801cd0a1633e05b87b25c0e4fc,643,1196,datacopy/Stefano/972516e71b510108023a77e439cd6c408b4845801cd0a1633e05b87b25c0e4fc,"[2, 286, 1]"
5565,ec34b9060a75ef33daf611f30a181ec624c1303063a1f66cf2c9179421d1f6a5,643,1196,datacopy/Stefano/ec34b9060a75ef33daf611f30a181ec624c1303063a1f66cf2c9179421d1f6a5,"[2, 286, 1]"
5566,cf065f8fa17cfaa0e4539be7bd1ca6ac01354a7799a3cf793f57bf64046167e9,643,1196,datacopy/Stefano/cf065f8fa17cfaa0e4539be7bd1ca6ac01354a7799a3cf793f57bf64046167e9,"[2, 286, 1]"
5567,f7bb0425ba6c9d972267ef75811fd66be8414242df0c6c5b9db05afec70aef68,643,1196,datacopy/Stefano/f7bb0425ba6c9d972267ef75811fd66be8414242df0c6c5b9db05afec70aef68,"[2, 286, 1]"
5568,Video_Eduardo_campos.flv.cpl,644,2,datacopy/BB/Files/2014-09-08/Video_Eduardo_campos.flv.cpl,[2]
5569,072014CARTORIO1OFICIO-DUPLICAT.cpl,644,2,datacopy/BB/Files/2014-07-31/072014CARTORIO1OFICIO-DUPLICAT.cpl,[2]
5570,Boleto_29-05-2014.cpl,644,2,datacopy/BB/Files/2014-05-29/Boleto_29-05-2014.cpl,[2]
5571,SUB_NFPedido04_4589511.cpl,648,2,datacopy/BB/Files/2014-02-04/SUB_NFPedido04_4589511.cpl,[2]
5572,Processo-N-001000-19.2014.cpl,648,2,datacopy/BB/Files/2014-02-26/Processo-N-001000-19.2014.cpl,[2]
5573,Fotos_novas.cpl,648,2,datacopy/BB/Files/2014-02-10/Fotos_novas.cpl,[2]
5574,Seg-Via_Boleto.extraj.PDF.cpl,649,2,datacopy/BB/Files/2014-01-15/Seg-Via_Boleto.extraj.PDF.cpl,[2]
5575,NFE003893.PDF.cpl,649,2,datacopy/BB/Files/2013-10-24/NFE003893.PDF.cpl,[2]
5576,431305962069410003175500100-procNFe.cpl,649,2,datacopy/BB/Files/2013-11-18/431305962069410003175500100-procNFe.cpl,[2]
5577,Anexo_Deposito.PDF.cpl,649,2,datacopy/BB/Files/2014-02-27/Anexo_Deposito.PDF.cpl,[2]
5578,Boleto_Referente.cpl,649,2,datacopy/BB/Files/2013-09-18/Boleto_Referente.cpl,[2]
5579,NFS-e-No-27295.cpl,649,2,datacopy/BB/Files/2014-02-12/NFS-e-No-27295.cpl,[2]
5580,NTF_e-NÂº5940264.PDF.cpl,649,2,datacopy/BB/Files/2014-03-13/NTF_e-NÂº5940264.PDF.cpl,[2]
5581,inptT.dll,650,126,datacopy/BB/Files/2017-04-13/inptT.dll,[1]
5582,livnoxinc.dll,650,126,datacopy/BB/Files/2017-04-18/livnoxinc.dll,[1]
5583,Nota-Fiscal-No-54769809.cpl,654,2,datacopy/BB/Files/2013-07-04/Nota-Fiscal-No-54769809.cpl,"[2, 742]"
5584,D-P-F01.cpl,654,1,datacopy/BB/Files/2013-09-03/D-P-F01.cpl,"[2, 742]"
5585,doc-20-05-pdf-325224563.cpl,654,2,datacopy/BB/Files/2013-06-21/doc-20-05-pdf-325224563.cpl,"[2, 742]"
5586,Processo.cpl,654,2,datacopy/BB/Files/2013-07-03/Processo.cpl,"[2, 742]"
5587,Nota.Fiscal.26.08.2013.cpl,654,2,datacopy/BB/Files/2013-09-05/Nota.Fiscal.26.08.2013.cpl,"[2, 742]"
5588,Nota-Fiscal-No-28293031.cpl,654,2,datacopy/BB/Files/2013-07-01/Nota-Fiscal-No-28293031.cpl,"[2, 742]"
5589,Processo099.cpl,654,2,datacopy/BB/Files/2013-07-01/Processo099.cpl,"[2, 742]"
5590,DSC040.cpl,659,2,datacopy/BB/Files/2012-08-21/DSC040.cpl,[2]
5591,DSC020.cpl,659,2,datacopy/BB/Files/2012-08-28/DSC020.cpl,[2]
5592,DSC080.cpl,659,2,datacopy/BB/Files/2012-08-30/DSC080.cpl,[2]
5593,install_flashplayer.exe,660,3,datacopy/BB/Files/2012-08-06/install_flashplayer.exe,"[3, 2, 21]"
5594,SysP1972.exe,660,3,datacopy/BB/Files/2014-08-27/SysP1972.exe,"[3, 2, 21]"
5595,DSC_0019.com,660,2,datacopy/BB/Files/2012-04-04/DSC_0019.com,"[3, 2, 21]"
5596,IMG_7502.com,660,2,datacopy/BB/Files/2012-03-30/IMG_7502.com,"[3, 2, 21]"
5597,a76c64b56d2f51f869ee2876a360aa694c28146bee34702671b0fa98b94fd648,660,425,datacopy/Stefano/a76c64b56d2f51f869ee2876a360aa694c28146bee34702671b0fa98b94fd648,"[3, 2, 21]"
5598,tim01_mpg.exe,663,2,datacopy/BB/Files/2012-05-11/tim01_mpg.exe,[2]
5599,Nota_fisca.xml.pdf.com,663,2,datacopy/BB/Files/2013-03-22/Nota_fisca.xml.pdf.com,[2]
5600,Plugin_Video_tim.exe,663,2,datacopy/BB/Files/2012-05-08/Plugin_Video_tim.exe,[2]
5601,Foto34.com,665,2,datacopy/BB/Files/2012-03-15/Foto34.com,[2]
5602,Video_84829437.wmv.cmd.exe,665,2,datacopy/BB/Files/2012-03-28/Video_84829437.wmv.cmd.exe,[2]
5603,Video_64829441.wmv.com,665,2,datacopy/BB/Files/2012-04-04/Video_64829441.wmv.com,[2]
5604,w9.jpg,666,2,datacopy/BB/Files/2015-08-28/w9.jpg,[2]
5605,1t4.jpg,666,2,datacopy/BB/Files/2015-08-28/1t4.jpg,[2]
5606,nne5o4b.jpg,666,2,datacopy/BB/Files/2015-08-26/nne5o4b.jpg,[2]
5607,NFe-Municipal0029838912-4338.RTF_.scr,671,2,datacopy/BB/Files/2015-01-05/NFe-Municipal0029838912-4338.RTF_.scr,"[2, 559]"
5608,NFe-Municipal_40398829333-4382.RTF_.scr,671,2,datacopy/BB/Files/2015-01-05/NFe-Municipal_40398829333-4382.RTF_.scr,"[2, 559]"
5609,Documento-5029993.4992-2015.RTF_.scr,671,559,datacopy/BB/Files/2015-01-07/Documento-5029993.4992-2015.RTF_.scr,"[2, 559]"
5610,rt52.exe,672,3,datacopy/BB/Files/2016-11-21/rt52.exe,"[3, 35, 1]"
5611,p4r2..exe,672,3,datacopy/BB/Files/2016-11-21/p4r2..exe,"[3, 35, 1]"
5612,p4r2..exe,672,3,datacopy/BB/Files/2016-11-21/p4r2..exe,"[3, 35, 1]"
5613,jurg2.dll,672,58,datacopy/BB/Files/2016-11-29/jurg2.dll,"[3, 35, 1]"
5614,jurg2.dll,672,58,datacopy/BB/Files/2016-11-29/jurg2.dll,"[3, 35, 1]"
5615,xd4g2.dll,672,422,datacopy/BB/Files/2016-11-29/xd4g2.dll,"[3, 35, 1]"
5616,Intimacao-MPF-938892344.cpl,673,2,datacopy/BB/Files/2014-08-15/Intimacao-MPF-938892344.cpl,[2]
5617,NF-e-DTU38DNM8-1193574411.Docx.cpl,673,2,datacopy/BB/Files/2014-10-07/NF-e-DTU38DNM8-1193574411.Docx.cpl,[2]
5618,NFE-SP-3948477555.cpl,673,2,datacopy/BB/Files/2014-09-12/NFE-SP-3948477555.cpl,[2]
5619,arm.rar.exe,674,61,datacopy/BB/Files/2014-11-07/arm.rar.exe,"[1, 414]"
5620,h.rar.exe,674,9,datacopy/BB/Files/2014-10-20/h.rar.exe,"[1, 414]"
5621,Confirmacao-E-TICKET-Gol.cpl,676,2,datacopy/BB/Files/2014-01-20/Confirmacao-E-TICKET-Gol.cpl,[2]
5622,NFE_Anexo_PDF.cpl,676,2,datacopy/BB/Files/2014-01-20/NFE_Anexo_PDF.cpl,[2]
5623,NF-e-13803679-21012014.cpl,676,2,datacopy/BB/Files/2014-01-24/NF-e-13803679-21012014.cpl,[2]
5624,0B7GL_v41VtxbaEljYkhkeVF3c1E.exe,676,2,datacopy/BB/Files/2014-01-23/0B7GL_v41VtxbaEljYkhkeVF3c1E.exe,[2]
5625,NFE_Finalizada_PDF.cpl,676,2,datacopy/BB/Files/2014-01-21/NFE_Finalizada_PDF.cpl,[2]
5626,Curriculo_com_foto.cpl,680,2,datacopy/BB/Files/2012-04-02/Curriculo_com_foto.cpl,"[2, 742]"
5627,twitter_declaration.cpl,680,1,datacopy/BB/Files/2014-10-13/twitter_declaration.cpl,"[2, 742]"
5628,Compr08102014.pdf.cpl,680,1,datacopy/BB/Files/2014-10-07/Compr08102014.pdf.cpl,"[2, 742]"
5629,Curriculo_com_foto.cpl,680,2,datacopy/BB/Files/2012-04-02/Curriculo_com_foto.cpl,"[2, 742]"
5630,Curriculo_com_foto.cpl,680,2,datacopy/BB/Files/2012-04-02/Curriculo_com_foto.cpl,"[2, 742]"
5631,Documentos08102014.pdf.cpl,680,1,datacopy/BB/Files/2014-10-08/Documentos08102014.pdf.cpl,"[2, 742]"
5632,Documenos.PDF.cpl,680,1,datacopy/BB/Files/2014-10-14/Documenos.PDF.cpl,"[2, 742]"
5633,Anexo_Fiscal.pdf.cpl,680,1,datacopy/BB/Files/2014-10-10/Anexo_Fiscal.pdf.cpl,"[2, 742]"
5634,Fiscal_eletronico.pdf.cpl,680,1,datacopy/BB/Files/2014-10-10/Fiscal_eletronico.pdf.cpl,"[2, 742]"
5635,Intimacao_MPF.cpl,680,1,datacopy/BB/Files/2014-10-09/Intimacao_MPF.cpl,"[2, 742]"
5636,Documentos_09102014.pdf.cpl,680,1,datacopy/BB/Files/2014-10-09/Documentos_09102014.pdf.cpl,"[2, 742]"
5637,ProcessoRF.cpl,680,1,datacopy/BB/Files/2014-10-09/ProcessoRF.cpl,"[2, 742]"
5638,Boleto2014.cpl,680,1,datacopy/BB/Files/2014-10-17/Boleto2014.cpl,"[2, 742]"
5639,Doc.xml.Pdf.145.547.584cleosvaldo2014.cpl,681,2,datacopy/BB/Files/2013-09-23/Doc.xml.Pdf.145.547.584cleosvaldo2014.cpl,"[2, 503]"
5640,198.784.154.748359.cpl,681,10,datacopy/BB/Files/2013-09-27/198.784.154.748359.cpl,"[2, 503]"
5641,158.489.674.Doc.pdfcleosvaldo2014.cpl,681,10,datacopy/BB/Files/2013-09-25/158.489.674.Doc.pdfcleosvaldo2014.cpl,"[2, 503]"
5642,Comprovante79085732851696084452792481730docx.exe,685,3,datacopy/BB/Files/2018-03-07/Comprovante79085732851696084452792481730docx.exe,[3]
5643,Br7458utfpjhySE12Wwr.exe,685,3,datacopy/BB/Files/2018-02-23/Br7458utfpjhySE12Wwr.exe,[3]
5644,Aw7458RET75489AQ01.exe,685,3,datacopy/BB/Files/2018-03-12/Aw7458RET75489AQ01.exe,[3]
5645,aA1477QW74599622112ZA1.exe,685,3,datacopy/BB/Files/2018-03-08/aA1477QW74599622112ZA1.exe,[3]
5646,AEPVTEROIKTL01287PWQWI.exe,685,3,datacopy/BB/Files/2018-03-01/AEPVTEROIKTL01287PWQWI.exe,[3]
5647,Comprovante7908578324534159docx.exe,685,3,datacopy/BB/Files/2018-03-06/Comprovante7908578324534159docx.exe,[3]
5648,ID_YOUTUBE11_IMG.cpl,686,2,datacopy/BB/Files/2012-05-16/ID_YOUTUBE11_IMG.cpl,[2]
5649,NFE_Pdf.cpl,686,2,datacopy/BB/Files/2012-09-17/NFE_Pdf.cpl,[2]
5650,doc.xps.cpl,686,2,datacopy/BB/Files/2012-10-10/doc.xps.cpl,[2]
5651,Nota.Fiscal.Eletronicaemetida-14-2013.cpl,687,2,datacopy/BB/Files/2013-03-15/Nota.Fiscal.Eletronicaemetida-14-2013.cpl,[2]
5652,OrÃ§amento-14032012.cpl,687,2,datacopy/BB/Files/2013-03-19/OrÃ§amento-14032012.cpl,[2]
5653,OrÃ§amento-Planilha2013-PDF.cpl,687,2,datacopy/BB/Files/2013-03-19/OrÃ§amento-Planilha2013-PDF.cpl,[2]
5654,Nota-Fiscal-emetida-11-03.cpl,687,2,datacopy/BB/Files/2013-03-12/Nota-Fiscal-emetida-11-03.cpl,[2]
5655,Recibo_008472.cpl,687,2,datacopy/BB/Files/2013-03-13/Recibo_008472.cpl,[2]
5656,Reenvio_Curriculo-2015.exe,698,2,datacopy/BB/Files/2015-05-14/Reenvio_Curriculo-2015.exe,[2]
5657,CurriculumVitae-AnaClaudiaBorges-UNIFESP-20069430.exe,698,2,datacopy/BB/Files/2015-05-14/CurriculumVitae-AnaClaudiaBorges-UNIFESP-20069430.exe,[2]
5658,NTF-e_14-05-2015.exe,698,2,datacopy/BB/Files/2015-05-15/NTF-e_14-05-2015.exe,[2]
5659,OrÃ§amento-EletrÃ´nico-emetido-22-2013.cpl,700,2,datacopy/BB/Files/2013-03-22/OrÃ§amento-EletrÃ´nico-emetido-22-2013.cpl,[2]
5660,fotos-curriculo_jpg.cpl,700,2,datacopy/BB/Files/2013-03-25/fotos-curriculo_jpg.cpl,[2]
5661,2Via.de.boleto.cpl,700,2,datacopy/BB/Files/2013-03-25/2Via.de.boleto.cpl,[2]
5662,OrÃ§amento-EletrÃ´nico-emetido-29-2013.cpl,700,2,datacopy/BB/Files/2013-04-01/OrÃ§amento-EletrÃ´nico-emetido-29-2013.cpl,[2]
5663,Boleto__PDF.cpl,701,2,datacopy/BB/Files/2015-03-27/Boleto__PDF.cpl,[2]
5664,Debito_258642186.cpl,701,2,datacopy/BB/Files/2015-04-01/Debito_258642186.cpl,[2]
5665,NFS.156425145.pdf.cpl,701,2,datacopy/BB/Files/2015-03-23/NFS.156425145.pdf.cpl,[2]
5666,Processo_Intimacao_PDF.cpl,712,2,datacopy/BB/Files/2014-01-15/Processo_Intimacao_PDF.cpl,[2]
5667,Pedido_Faturado.cpl,712,2,datacopy/BB/Files/2014-02-21/Pedido_Faturado.cpl,[2]
5668,BBB14_Fotos_Picantes.cpl,712,2,datacopy/BB/Files/2014-01-23/BBB14_Fotos_Picantes.cpl,[2]
5669,PROCESSO_363.2342014.cpl,712,2,datacopy/BB/Files/2014-01-09/PROCESSO_363.2342014.cpl,[2]
5670,URGENTE.cpl,712,2,datacopy/BB/Files/2014-02-14/URGENTE.cpl,[2]
5671,Comprovante_de_Transferencia_93713.cpl,712,2,datacopy/BB/Files/2013-12-23/Comprovante_de_Transferencia_93713.cpl,[2]
5672,Comprovante_Transferencia_DOC.cpl,712,2,datacopy/BB/Files/2013-12-23/Comprovante_Transferencia_DOC.cpl,[2]
5673,Casas_Bahia_pedido_nÂº_120313.cpl,712,2,datacopy/BB/Files/2013-10-22/Casas_Bahia_pedido_nÂº_120313.cpl,[2]
5674,Planilha_Documento-Anexo.docx_.scr,714,2,datacopy/BB/Files/2013-07-16/Planilha_Documento-Anexo.docx_.scr,[2]
5675,Documento_Anexo-Planilha.docx_.scr,714,2,datacopy/BB/Files/2013-07-16/Documento_Anexo-Planilha.docx_.scr,[2]
5676,Visualizar_Planilha_Documento.docx_.scr,714,2,datacopy/BB/Files/2012-08-28/Visualizar_Planilha_Documento.docx_.scr,[2]
5677,8_14550054_directDownload_true.exe,718,47,datacopy/BB/Files/2014-04-04/8_14550054_directDownload_true.exe,"[1, 2, 3, 414, 9, 441, 1]"
5678,NF-e.exe,718,2,datacopy/BB/Files/2014-07-21/NF-e.exe,"[1, 2, 3, 414, 9, 441, 1]"
5679,Foto0166.exe,718,2,datacopy/BB/Files/2014-05-06/Foto0166.exe,"[1, 2, 3, 414, 9, 441, 1]"
5680,Ingressos_FIFA-2014.exe,718,3,datacopy/BB/Files/2014-06-02/Ingressos_FIFA-2014.exe,"[1, 2, 3, 414, 9, 441, 1]"
5681,cancelar.php.exe,718,9,datacopy/BB/Files/2014-04-28/cancelar.php.exe,"[1, 2, 3, 414, 9, 441, 1]"
5682,perfectmoney-1.0.exe,718,124,datacopy/BB/Files/2019-02-22/perfectmoney-1.0.exe,"[1, 2, 3, 414, 9, 441, 1]"
5683,Comprovante_3948201.exe,718,3,datacopy/BB/Files/2014-04-15/Comprovante_3948201.exe,"[1, 2, 3, 414, 9, 441, 1]"
5684,2_35880001_directDownload_true.exe,718,2,datacopy/BB/Files/2014-03-12/2_35880001_directDownload_true.exe,"[1, 2, 3, 414, 9, 441, 1]"
5685,jun014.exe,718,441,datacopy/BB/Files/2014-06-04/jun014.exe,"[1, 2, 3, 414, 9, 441, 1]"
5686,Comprovante_NOTA_713.exe,718,2,datacopy/BB/Files/2014-05-14/Comprovante_NOTA_713.exe,"[1, 2, 3, 414, 9, 441, 1]"
5687,install_flash_player_plugin.exe,718,9,datacopy/BB/Files/2015-05-21/install_flash_player_plugin.exe,"[1, 2, 3, 414, 9, 441, 1]"
5688,2_25507875_directDownload_true.exe,718,75,datacopy/BB/Files/2014-02-12/2_25507875_directDownload_true.exe,"[1, 2, 3, 414, 9, 441, 1]"
5689,8_06877217_directDownload_true.exe,718,3,datacopy/BB/Files/2014-02-12/8_06877217_directDownload_true.exe,"[1, 2, 3, 414, 9, 441, 1]"
5690,Comprovante_transferencia.pdf.exe,718,47,datacopy/BB/Files/2014-03-26/Comprovante_transferencia.pdf.exe,"[1, 2, 3, 414, 9, 441, 1]"
5691,FIJDJFVPQEIBTLGHTFNCHRPEXGJGLO.exe,718,47,datacopy/BB/Files/2014-03-26/FIJDJFVPQEIBTLGHTFNCHRPEXGJGLO.exe,"[1, 2, 3, 414, 9, 441, 1]"
5692,2_36125541_directDownload_true.exe,718,2,datacopy/BB/Files/2014-03-13/2_36125541_directDownload_true.exe,"[1, 2, 3, 414, 9, 441, 1]"
5693,8_06281824_directDownload_true.exe,718,2,datacopy/BB/Files/2014-02-14/8_06281824_directDownload_true.exe,"[1, 2, 3, 414, 9, 441, 1]"
5694,8_06635423_directDownload_true.exe,718,2,datacopy/BB/Files/2014-02-11/8_06635423_directDownload_true.exe,"[1, 2, 3, 414, 9, 441, 1]"
5695,debitos-receita.exe,718,9,datacopy/BB/Files/2014-02-11/debitos-receita.exe,"[1, 2, 3, 414, 9, 441, 1]"
5696,Recibo.0079298486.exe,719,2,datacopy/BB/Files/2017-03-29/Recibo.0079298486.exe,"[2, 295]"
5697,Recibo.0079298497.exe,719,0,datacopy/BB/Files/2017-03-29/Recibo.0079298497.exe,"[2, 295]"
5698,Recibo.0079298451.exe,719,0,datacopy/BB/Files/2017-03-29/Recibo.0079298451.exe,"[2, 295]"
5699,Recibo.0079298457.exe,719,0,datacopy/BB/Files/2017-03-29/Recibo.0079298457.exe,"[2, 295]"
5700,Recibo.0079298449.exe,719,0,datacopy/BB/Files/2017-03-29/Recibo.0079298449.exe,"[2, 295]"
5701,Recibo.007929847.exe,719,2,datacopy/BB/Files/2017-03-30/Recibo.007929847.exe,"[2, 295]"
5702,Recibo.0079298444.exe,719,2,datacopy/BB/Files/2017-03-30/Recibo.0079298444.exe,"[2, 295]"
5703,Recibo.0079298455.exe,719,2,datacopy/BB/Files/2017-03-30/Recibo.0079298455.exe,"[2, 295]"
5704,Recibo.0079298487.exe,719,2,datacopy/BB/Files/2017-03-30/Recibo.0079298487.exe,"[2, 295]"
5705,Recibo.007929843.exe,719,2,datacopy/BB/Files/2017-03-30/Recibo.007929843.exe,"[2, 295]"
5706,Recibo.0079298435.exe,719,2,datacopy/BB/Files/2017-03-30/Recibo.0079298435.exe,"[2, 295]"
5707,Recibo.0079298468.exe,719,2,datacopy/BB/Files/2017-03-30/Recibo.0079298468.exe,"[2, 295]"
5708,Arquivo.00982327.exe,719,2,datacopy/BB/Files/2017-03-30/Arquivo.00982327.exe,"[2, 295]"
5709,Recibo.0079298422.exe,719,0,datacopy/BB/Files/2017-03-30/Recibo.0079298422.exe,"[2, 295]"
5710,Recibo.0079298461.exe,719,0,datacopy/BB/Files/2017-03-30/Recibo.0079298461.exe,"[2, 295]"
5711,Recibo.0079298416.exe,719,2,datacopy/BB/Files/2017-03-30/Recibo.0079298416.exe,"[2, 295]"
5712,Recibo.0079298432.exe,719,2,datacopy/BB/Files/2017-03-30/Recibo.0079298432.exe,"[2, 295]"
5713,Recibo.0079298482.exe,719,2,datacopy/BB/Files/2017-03-30/Recibo.0079298482.exe,"[2, 295]"
5714,Recibo.0079298420.exe,719,0,datacopy/BB/Files/2017-03-30/Recibo.0079298420.exe,"[2, 295]"
5715,Arquivo.0098236.exe,719,2,datacopy/BB/Files/2017-03-31/Arquivo.0098236.exe,"[2, 295]"
5716,Arquivo.00982359.exe,719,2,datacopy/BB/Files/2017-03-31/Arquivo.00982359.exe,"[2, 295]"
5717,Download_01629264899.exe,721,2,datacopy/BB/Files/2017-03-24/Download_01629264899.exe,[2]
5718,Download_01629264862.exe,721,2,datacopy/BB/Files/2017-03-24/Download_01629264862.exe,[2]
5719,Download_01629264848.exe,721,2,datacopy/BB/Files/2017-03-24/Download_01629264848.exe,[2]
5720,Download_01629264838.exe,721,2,datacopy/BB/Files/2017-03-24/Download_01629264838.exe,[2]
5721,Download_01629264864.exe,721,2,datacopy/BB/Files/2017-03-24/Download_01629264864.exe,[2]
5722,Download_01629264894.exe,721,2,datacopy/BB/Files/2017-03-24/Download_01629264894.exe,[2]
5723,Download_01629264811.exe,721,2,datacopy/BB/Files/2017-03-24/Download_01629264811.exe,[2]
5724,Download_01629264871.exe,721,2,datacopy/BB/Files/2017-03-24/Download_01629264871.exe,[2]
5725,Download_01629264860.exe,721,2,datacopy/BB/Files/2017-03-24/Download_01629264860.exe,[2]
5726,Download_01629264841.exe,721,2,datacopy/BB/Files/2017-03-28/Download_01629264841.exe,[2]
5727,Download_01629264898.exe,721,2,datacopy/BB/Files/2017-03-28/Download_01629264898.exe,[2]
5728,Download_01629264812.exe,721,2,datacopy/BB/Files/2017-03-28/Download_01629264812.exe,[2]
5729,Download_01629264849.exe,721,2,datacopy/BB/Files/2017-03-28/Download_01629264849.exe,[2]
5730,Download_01629264877.exe,721,2,datacopy/BB/Files/2017-03-28/Download_01629264877.exe,[2]
5731,Download_01629264893.exe,721,2,datacopy/BB/Files/2017-03-30/Download_01629264893.exe,[2]
5732,Download_01629264884.exe,721,2,datacopy/BB/Files/2017-03-30/Download_01629264884.exe,[2]
5733,inti_29_10.cpl,723,2,datacopy/BB/Files/2013-10-30/inti_29_10.cpl,[2]
5734,outub_anex_.cpl,723,2,datacopy/BB/Files/2013-10-11/outub_anex_.cpl,[2]
5735,anex_outub.cpl,723,2,datacopy/BB/Files/2013-10-02/anex_outub.cpl,[2]
5736,anex_setem.cpl,723,2,datacopy/BB/Files/2013-10-14/anex_setem.cpl,[2]
5737,cheque-id-19453.cpl,730,2,datacopy/BB/Files/2013-06-26/cheque-id-19453.cpl,[2]
5738,Boleto_Contrato_Debitos.cpl,730,2,datacopy/BB/Files/2013-07-19/Boleto_Contrato_Debitos.cpl,[2]
5739,Boleto-id-2234445-cliente-222944.cpl,730,2,datacopy/BB/Files/2013-07-11/Boleto-id-2234445-cliente-222944.cpl,[2]
5740,Boletos.pdf.cpl,730,2,datacopy/BB/Files/2013-07-15/Boletos.pdf.cpl,[2]
5741,Img001992300.bmp.cpl,730,2,datacopy/BB/Files/2013-07-01/Img001992300.bmp.cpl,[2]
5742,Cheque-330004080009000010.pdf.cpl,730,2,datacopy/BB/Files/2013-07-01/Cheque-330004080009000010.pdf.cpl,[2]
5743,Cheque-229730002000000.pdf.cpl,730,2,datacopy/BB/Files/2013-06-28/Cheque-229730002000000.pdf.cpl,[2]
5744,Boleto_Abraz_Janeiro_2013_PDF.cpl,738,2,datacopy/BB/Files/2013-01-30/Boleto_Abraz_Janeiro_2013_PDF.cpl,[2]
5745,Video_Prefeito_Corrupto.cpl,738,2,datacopy/BB/Files/2012-09-26/Video_Prefeito_Corrupto.cpl,[2]
5746,IMG-239487293.cpl,738,2,datacopy/BB/Files/2012-12-27/IMG-239487293.cpl,[2]
5747,DSC0102711.cpl,739,2,datacopy/BB/Files/2012-12-12/DSC0102711.cpl,"[2, 414]"
5748,DSC0100511.cpl,739,9,datacopy/BB/Files/2012-11-06/DSC0100511.cpl,"[2, 414]"
5749,DSC0200511.cpl,739,2,datacopy/BB/Files/2012-11-06/DSC0200511.cpl,"[2, 414]"
5750,DSC060.cpl,739,9,datacopy/BB/Files/2012-10-17/DSC060.cpl,"[2, 414]"
5751,DSC0703011.cpl,739,2,datacopy/BB/Files/2012-12-03/DSC0703011.cpl,"[2, 414]"
5752,DSC0702510.cpl,739,2,datacopy/BB/Files/2012-10-29/DSC0702510.cpl,"[2, 414]"
5753,2_20113274_directDownload_true.exe,741,2,datacopy/BB/Files/2014-02-27/2_20113274_directDownload_true.exe,[2]
5754,2_29157871_directDownload_true.exe,741,2,datacopy/BB/Files/2014-02-25/2_29157871_directDownload_true.exe,[2]
5755,Comprovante324154.exe,741,2,datacopy/BB/Files/2014-02-14/Comprovante324154.exe,[2]
5756,FOTODSC567.cpl,746,2,datacopy/BB/Files/2013-11-13/FOTODSC567.cpl,"[2, 742]"
5757,CobranÃ§a_versÃ¡til.cpl,746,1,datacopy/BB/Files/2013-11-13/CobranÃ§a_versÃ¡til.cpl,"[2, 742]"
5758,protocolo.cpl,746,2,datacopy/BB/Files/2014-01-08/protocolo.cpl,"[2, 742]"
5759,NFe-431305962069410003175500100procNFe.pdf.cpl,746,2,datacopy/BB/Files/2013-11-19/NFe-431305962069410003175500100procNFe.pdf.cpl,"[2, 742]"
5760,comprovante_de_deposito_pdf.cpl,746,2,datacopy/BB/Files/2013-11-14/comprovante_de_deposito_pdf.cpl,"[2, 742]"
5761,IMG_52932_214223.cpl,747,2,datacopy/BB/Files/2014-01-23/IMG_52932_214223.cpl,[2]
5762,WATHSAPP29012014jpeg.cpl,747,2,datacopy/BB/Files/2014-02-03/WATHSAPP29012014jpeg.cpl,[2]
5763,DSC.6552242100209.JPG.cpl,747,2,datacopy/BB/Files/2013-12-17/DSC.6552242100209.JPG.cpl,[2]
5764,DSCS.5842140626239404898.JPG.cpl,747,2,datacopy/BB/Files/2013-11-26/DSCS.5842140626239404898.JPG.cpl,[2]
5765,copia_chequedevolvido.cpl,755,2,datacopy/BB/Files/2014-10-31/copia_chequedevolvido.cpl,[2]
5766,microfilmagen.pdf.cpl,755,2,datacopy/BB/Files/2014-11-21/microfilmagen.pdf.cpl,[2]
5767,LiveMailOutlookBaixarZip_987682923762_9876573O67855DER527.cpl,755,2,datacopy/BB/Files/2014-12-01/LiveMailOutlookBaixarZip_987682923762_9876573O67855DER527.cpl,[2]
5768,Visualizar.PDF.cpl,756,2,datacopy/BB/Files/2013-09-03/Visualizar.PDF.cpl,"[2, 742]"
5769,Pedido_50089605.cpl,756,1,datacopy/BB/Files/2013-09-09/Pedido_50089605.cpl,"[2, 742]"
5770,dowload_pdf.cpl,756,2,datacopy/BB/Files/2013-09-09/dowload_pdf.cpl,"[2, 742]"
5771,NF-doc.cpl,756,1,datacopy/BB/Files/2013-09-02/NF-doc.cpl,"[2, 742]"
5772,foto578_jpg.cpl,756,1,datacopy/BB/Files/2013-09-04/foto578_jpg.cpl,"[2, 742]"
5773,Nota.Fiscal-doc.cpl,756,1,datacopy/BB/Files/2013-09-06/Nota.Fiscal-doc.cpl,"[2, 742]"
5774,Comprovante_bancario_PDF.exe,757,2,datacopy/BB/Files/2015-06-16/Comprovante_bancario_PDF.exe,[2]
5775,notafiscal.pdf.scr,757,2,datacopy/BB/Files/2015-06-16/notafiscal.pdf.scr,[2]
5776,CURRICULUM.DOC.scr,757,2,datacopy/BB/Files/2015-06-16/CURRICULUM.DOC.scr,[2]
5777,akRFMkE_e_download_cli_Cliente.exe,757,2,datacopy/BB/Files/2015-06-15/akRFMkE_e_download_cli_Cliente.exe,[2]
5778,MPF.201510055.exe,757,2,datacopy/BB/Files/2015-06-17/MPF.201510055.exe,[2]
5779,Boleto_Acordo-bff00629.pdf______________________________.exe,757,2,datacopy/BB/Files/2015-06-17/Boleto_Acordo-bff00629.pdf______________________________.exe,[2]
5780,k8t0.html.exe,763,3,datacopy/BB/Files/2014-05-22/k8t0.html.exe,[3]
5781,k8t3.html.exe,763,3,datacopy/BB/Files/2014-05-27/k8t3.html.exe,[3]
5782,k8t4.html.exe,763,3,datacopy/BB/Files/2014-05-27/k8t4.html.exe,[3]
5783,k8t5.html.exe,763,3,datacopy/BB/Files/2014-05-28/k8t5.html.exe,[3]
5784,k8t8.html.exe,763,3,datacopy/BB/Files/2014-05-28/k8t8.html.exe,[3]
5785,k8t9.html.exe,763,3,datacopy/BB/Files/2014-05-28/k8t9.html.exe,[3]
5786,k8t7.html.exe,763,3,datacopy/BB/Files/2014-05-28/k8t7.html.exe,[3]
5787,k8t6.html.exe,763,3,datacopy/BB/Files/2014-05-28/k8t6.html.exe,[3]
5788,k8t1.html.exe,763,3,datacopy/BB/Files/2014-05-28/k8t1.html.exe,[3]
5789,Fatura2via.cpl,767,2,datacopy/BB/Files/2013-08-29/Fatura2via.cpl,[2]
5790,REF=PED1045213.cpl,767,2,datacopy/BB/Files/2013-09-19/REF=PED1045213.cpl,[2]
5791,Boleto-09-2013.cpl,767,2,datacopy/BB/Files/2013-08-28/Boleto-09-2013.cpl,[2]
5792,Fatura2viacasasbahia.cpl,767,2,datacopy/BB/Files/2013-08-30/Fatura2viacasasbahia.cpl,[2]
5793,boleto_vencido_me_11_2014_sera_enviado_serasa.cpl,770,2,datacopy/BB/Files/2014-11-28/boleto_vencido_me_11_2014_sera_enviado_serasa.cpl,[2]
5794,Comprovante-N.852741.cpl,770,2,datacopy/BB/Files/2014-12-05/Comprovante-N.852741.cpl,[2]
5795,Cheque-Devolvido.cpl,770,2,datacopy/BB/Files/2014-12-11/Cheque-Devolvido.cpl,[2]
5796,Ocorrencia.1BF.2014.cpl,771,2,datacopy/BB/Files/2014-03-24/Ocorrencia.1BF.2014.cpl,"[2, 3]"
5797,IntimaÃ§Ã£oSAFRE2014.cpl,771,3,datacopy/BB/Files/2014-04-14/IntimaÃ§Ã£oSAFRE2014.cpl,"[2, 3]"
5798,ocorrenciaspoliciais_blogspot.com.br.zip.cpl,771,2,datacopy/BB/Files/2014-05-13/ocorrenciaspoliciais_blogspot.com.br.zip.cpl,"[2, 3]"
5799,19-5065125806.exe,773,2,datacopy/BB/Files/2014-10-08/19-5065125806.exe,[2]
5800,Segunda-Via-Boleto-PDF.exe,773,2,datacopy/BB/Files/2014-10-02/Segunda-Via-Boleto-PDF.exe,[2]
5801,Nota.Fiscal.PDF...............................................................................exe,773,2,datacopy/BB/Files/2014-09-24/Nota.Fiscal.PDF...............................................................................exe,[2]
5802,740406986.exe,776,73,datacopy/BB/Files/2014-03-20/740406986.exe,"[1, 3, 286]"
5803,740410584.exe,776,3,datacopy/BB/Files/2014-03-17/740410584.exe,"[1, 3, 286]"
5804,740411401.exe,776,73,datacopy/BB/Files/2014-03-17/740411401.exe,"[1, 3, 286]"
5805,740408816.exe,776,3,datacopy/BB/Files/2014-03-17/740408816.exe,"[1, 3, 286]"
5806,740416212.exe,776,3,datacopy/BB/Files/2014-03-17/740416212.exe,"[1, 3, 286]"
5807,740453055.exe,776,73,datacopy/BB/Files/2014-03-17/740453055.exe,"[1, 3, 286]"
5808,698597565.exe,776,38,datacopy/BB/Files/2014-02-24/698597565.exe,"[1, 3, 286]"
5809,686018072.exe,776,38,datacopy/BB/Files/2014-02-24/686018072.exe,"[1, 3, 286]"
5810,686067781.exe,776,38,datacopy/BB/Files/2014-02-24/686067781.exe,"[1, 3, 286]"
5811,687884553.exe,776,38,datacopy/BB/Files/2014-02-24/687884553.exe,"[1, 3, 286]"
5812,686096362.exe,776,38,datacopy/BB/Files/2014-02-24/686096362.exe,"[1, 3, 286]"
5813,686050992.exe,776,38,datacopy/BB/Files/2014-02-24/686050992.exe,"[1, 3, 286]"
5814,698679498.exe,776,38,datacopy/BB/Files/2014-02-24/698679498.exe,"[1, 3, 286]"
5815,687782753.exe,776,38,datacopy/BB/Files/2014-02-24/687782753.exe,"[1, 3, 286]"
5816,687897305.exe,776,38,datacopy/BB/Files/2014-02-24/687897305.exe,"[1, 3, 286]"
5817,686063700.exe,776,38,datacopy/BB/Files/2014-02-24/686063700.exe,"[1, 3, 286]"
5818,686081708.exe,776,38,datacopy/BB/Files/2014-02-24/686081708.exe,"[1, 3, 286]"
5819,hmsmot2.exe,782,120,datacopy/BB/Files/2014-04-29/hmsmot2.exe,"[1, 469, 658]"
5820,andlogins.exe,782,469,datacopy/BB/Files/2014-03-24/andlogins.exe,"[1, 469, 658]"
5821,alming2.rar.exe,782,658,datacopy/BB/Files/2014-05-16/alming2.rar.exe,"[1, 469, 658]"
5822,Gerente-do-Departamento-Financeiro.exe,784,27,datacopy/BB/Files/2013-02-25/Gerente-do-Departamento-Financeiro.exe,"[1, 3, 1]"
5823,pje74448.scr,784,3,datacopy/BB/Files/2012-08-08/pje74448.scr,"[1, 3, 1]"
5824,0B1wFlfFXexPwczhTSXQ3dExSdG8.exe,784,93,datacopy/BB/Files/2012-08-31/0B1wFlfFXexPwczhTSXQ3dExSdG8.exe,"[1, 3, 1]"
5825,Deposito_Conf.com,794,2,datacopy/BB/Files/2012-08-08/Deposito_Conf.com,[2]
5826,Detalhes_Inclusao.com,794,2,datacopy/BB/Files/2012-08-20/Detalhes_Inclusao.com,[2]
5827,0BzP651qMoUsQRlBLWGhPMzdsRk0.exe,794,2,datacopy/BB/Files/2012-08-14/0BzP651qMoUsQRlBLWGhPMzdsRk0.exe,[2]
5828,Comprovante_15_08.com,794,2,datacopy/BB/Files/2012-08-16/Comprovante_15_08.com,[2]
5829,Centriners.cpl,796,2,datacopy/BB/Files/2014-07-03/Centriners.cpl,[2]
5830,erik.cpl,796,2,datacopy/BB/Files/2014-07-07/erik.cpl,[2]
5831,newoption.cpl,796,2,datacopy/BB/Files/2014-07-01/newoption.cpl,[2]
5832,Dsc_293.jpg.exe,797,2,datacopy/BB/Files/2012-03-01/Dsc_293.jpg.exe,"[2, 3]"
5833,Dsc_293.jpg.exe,797,2,datacopy/BB/Files/2012-03-01/Dsc_293.jpg.exe,"[2, 3]"
5834,kg.exe,797,3,datacopy/BB/Files/2019-05-13/kg.exe,"[2, 3]"
5835,REF490148734214.cpl,799,2,datacopy/BB/Files/2015-06-01/REF490148734214.cpl,[2]
5836,NF654654646baixa.cpl,799,2,datacopy/BB/Files/2015-06-22/NF654654646baixa.cpl,[2]
5837,REF_43294702348473.cpl,799,2,datacopy/BB/Files/2015-06-02/REF_43294702348473.cpl,[2]
5838,02551500006632-ProcNfe.PDF.cpl,799,2,datacopy/BB/Files/2015-05-29/02551500006632-ProcNfe.PDF.cpl,[2]
5839,NF897352935435.cpl,799,2,datacopy/BB/Files/2015-06-03/NF897352935435.cpl,[2]
5840,BOL_N564838920_PDF.exe,800,2,datacopy/BB/Files/2015-06-01/BOL_N564838920_PDF.exe,[2]
5841,BOLET_N_000684352_N000.exe,800,2,datacopy/BB/Files/2015-03-12/BOLET_N_000684352_N000.exe,[2]
5842,Curriculum_PDF....exe,800,2,datacopy/BB/Files/2015-04-24/Curriculum_PDF....exe,[2]
5843,Copia_Documento.exe,801,2,datacopy/BB/Files/2013-01-04/Copia_Documento.exe,[2]
5844,Proposta.com,801,2,datacopy/BB/Files/2012-12-03/Proposta.com,[2]
5845,Preco_tabela.exe,801,2,datacopy/BB/Files/2012-12-14/Preco_tabela.exe,[2]
5846,Cobranca-Arquivo-Extrato-10019200039100000001920019200000019200192002099010000.cpl,802,2,datacopy/BB/Files/2015-01-15/Cobranca-Arquivo-Extrato-10019200039100000001920019200000019200192002099010000.cpl,[2]
5847,Intimacao-Notificacao-PDF.cpl,802,2,datacopy/BB/Files/2015-01-14/Intimacao-Notificacao-PDF.cpl,[2]
5848,Comprovante92310101.rar.cpl,802,2,datacopy/BB/Files/2015-01-14/Comprovante92310101.rar.cpl,[2]
5849,Proposta.php.exe,821,2,datacopy/BB/Files/2012-02-24/Proposta.php.exe,[2]
5850,Santanderv4.6.exe,821,2,datacopy/BB/Files/2012-03-09/Santanderv4.6.exe,[2]
5851,comprovante_num84.pdf.exe,821,2,datacopy/BB/Files/2012-06-08/comprovante_num84.pdf.exe,[2]
5852,ringtdowntin.exe,824,164,datacopy/BB/Files/2013-05-02/ringtdowntin.exe,[1]
5853,chicthent3.exe,824,164,datacopy/BB/Files/2013-05-07/chicthent3.exe,[1]
5854,furkewwrst.exe,824,164,datacopy/BB/Files/2013-04-24/furkewwrst.exe,[1]
5855,Nota-Fiscal-De-Numero-0269.cpl,826,2,datacopy/BB/Files/2013-06-21/Nota-Fiscal-De-Numero-0269.cpl,[2]
5856,OrÃ§amento-18062013-PDF.cpl,826,2,datacopy/BB/Files/2013-06-18/OrÃ§amento-18062013-PDF.cpl,[2]
5857,nfe-prefeitura-sp-gov-br-nfe-aspx-ccm-92844758-nf-292410-cod-LG5U4PJY18062013.cpl,826,2,datacopy/BB/Files/2013-06-18/nfe-prefeitura-sp-gov-br-nfe-aspx-ccm-92844758-nf-292410-cod-LG5U4PJY18062013.cpl,[2]
5858,Visualizar_Documento.docx_.scr,829,2,datacopy/BB/Files/2013-04-08/Visualizar_Documento.docx_.scr,[2]
5859,Visualizar_Documento.docx_.scr,829,2,datacopy/BB/Files/2013-04-08/Visualizar_Documento.docx_.scr,[2]
5860,Visualizar_Documento.docx_.scr,829,2,datacopy/BB/Files/2013-04-08/Visualizar_Documento.docx_.scr,[2]
5861,pliebi1n.exe,833,2,datacopy/BB/Files/2013-06-11/pliebi1n.exe,"[2, 295]"
5862,6685.exe,833,2,datacopy/BB/Files/2013-06-14/6685.exe,"[2, 295]"
5863,yx66581qg.exe,833,0,datacopy/BB/Files/2013-06-12/yx66581qg.exe,"[2, 295]"
5864,8256582.exe,837,3,datacopy/BB/Files/2012-12-10/8256582.exe,[3]
5865,7509161.exe,837,3,datacopy/BB/Files/2012-12-26/7509161.exe,[3]
5866,7357160.exe,837,3,datacopy/BB/Files/2012-12-13/7357160.exe,[3]
5867,5998826.exe,837,3,datacopy/BB/Files/2012-12-14/5998826.exe,[3]
5868,documento20180032718644.exe,847,2,datacopy/BB/Files/2018-02-01/documento20180032718644.exe,[2]
5869,IMG20180WA64FT7788E4RT5415S.exe,847,2,datacopy/BB/Files/2018-01-23/IMG20180WA64FT7788E4RT5415S.exe,[2]
5870,IMG20180WA00412657921001477854.exe,847,2,datacopy/BB/Files/2018-01-22/IMG20180WA00412657921001477854.exe,[2]
5871,dcd6e5c1cb35b42d6bcf7e3e68a16be66079f68f.codex,871,821,datacopy/CodexGiga/dcd6e5c1cb35b42d6bcf7e3e68a16be66079f68f.codex,"[13, 1, 1098, 1, 1, 3, 11, 274, 122]"
5872,8566d3abd8c18cc0b3f2e5ecd2779fd0761c2161.codex,871,821,datacopy/CodexGiga/8566d3abd8c18cc0b3f2e5ecd2779fd0761c2161.codex,"[13, 1, 1098, 1, 1, 3, 11, 274, 122]"
5873,a265995327fa4584275706ee97c89be80971bcc7.codex,871,993,datacopy/CodexGiga/a265995327fa4584275706ee97c89be80971bcc7.codex,"[13, 1, 1098, 1, 1, 3, 11, 274, 122]"
5874,4562855f42b2e41b32b05d2aec5ff411d3058454.codex,871,1098,datacopy/CodexGiga/4562855f42b2e41b32b05d2aec5ff411d3058454.codex,"[13, 1, 1098, 1, 1, 3, 11, 274, 122]"
5875,99884c31dc2f266f94a143f1a5cd4f570a45910c.codex,871,925,datacopy/CodexGiga/99884c31dc2f266f94a143f1a5cd4f570a45910c.codex,"[13, 1, 1098, 1, 1, 3, 11, 274, 122]"
5876,4f68afd2370dc304d9f178f55b3d7a45a28febba.codex,871,821,datacopy/CodexGiga/4f68afd2370dc304d9f178f55b3d7a45a28febba.codex,"[13, 1, 1098, 1, 1, 3, 11, 274, 122]"
5877,97e775b6a18958d730cb467cab517877f803005f.codex,871,925,datacopy/CodexGiga/97e775b6a18958d730cb467cab517877f803005f.codex,"[13, 1, 1098, 1, 1, 3, 11, 274, 122]"
5878,64d7508cda0c1fd48cc587d3da6048e5639a35c2.codex,871,821,datacopy/CodexGiga/64d7508cda0c1fd48cc587d3da6048e5639a35c2.codex,"[13, 1, 1098, 1, 1, 3, 11, 274, 122]"
5879,cce2deac99da11b3b1ddd8d9a5aa5b4744e0c8fa.codex,871,838,datacopy/CodexGiga/cce2deac99da11b3b1ddd8d9a5aa5b4744e0c8fa.codex,"[13, 1, 1098, 1, 1, 3, 11, 274, 122]"
5880,cleosvaldo04868402.exe,871,3,datacopy/BB/Files/2015-01-07/cleosvaldo04868402.exe,"[13, 1, 1098, 1, 1, 3, 11, 274, 122]"
5881,hRJchV.exe,871,62,datacopy/BB/Files/2015-01-07/hRJchV.exe,"[13, 1, 1098, 1, 1, 3, 11, 274, 122]"
5882,NotaFiscal.JD9S-IM27-2299-SSD4download.exe,871,3,datacopy/BB/Files/2015-09-23/NotaFiscal.JD9S-IM27-2299-SSD4download.exe,"[13, 1, 1098, 1, 1, 3, 11, 274, 122]"
5883,freebb.exe,871,274,datacopy/BB/Files/2012-06-20/freebb.exe,"[13, 1, 1098, 1, 1, 3, 11, 274, 122]"
5884,83568dc3efa626d9b32cb143e8a4852de5b0c4a3fa6d6c149045f9030ea01cbb,871,130,datacopy/Stefano/83568dc3efa626d9b32cb143e8a4852de5b0c4a3fa6d6c149045f9030ea01cbb,"[13, 1, 1098, 1, 1, 3, 11, 274, 122]"
5885,Download_digitalizado_02.2017.00193781.exe,879,2,datacopy/BB/Files/2017-03-10/Download_digitalizado_02.2017.00193781.exe,"[2, 295]"
5886,Download_digitalizado_02.2017.00193716.exe,879,2,datacopy/BB/Files/2017-03-10/Download_digitalizado_02.2017.00193716.exe,"[2, 295]"
5887,Download_digitalizado_02.2017.00193798.exe,879,2,datacopy/BB/Files/2017-03-10/Download_digitalizado_02.2017.00193798.exe,"[2, 295]"
5888,Download_digitalizado_02.2017.00193771.exe,879,0,datacopy/BB/Files/2017-03-08/Download_digitalizado_02.2017.00193771.exe,"[2, 295]"
5889,Download_digitalizado_02.2017.00193766.exe,879,2,datacopy/BB/Files/2017-03-08/Download_digitalizado_02.2017.00193766.exe,"[2, 295]"
5890,Download_digitalizado_02.2017.00193745.exe,879,2,datacopy/BB/Files/2017-03-08/Download_digitalizado_02.2017.00193745.exe,"[2, 295]"
5891,Download_digitalizado_02.2017.00193763.exe,879,2,datacopy/BB/Files/2017-03-08/Download_digitalizado_02.2017.00193763.exe,"[2, 295]"
5892,FOTODSC2E309E7.cpl,880,2,datacopy/BB/Files/2013-12-16/FOTODSC2E309E7.cpl,[2]
5893,N_F_PDF.cpl,880,2,datacopy/BB/Files/2014-01-16/N_F_PDF.cpl,[2]
5894,Anexo.ID-Deposito.PDF.cpl,880,2,datacopy/BB/Files/2013-12-13/Anexo.ID-Deposito.PDF.cpl,[2]
5895,Comprovante-Fiscal-Digital.cpl,880,2,datacopy/BB/Files/2013-12-17/Comprovante-Fiscal-Digital.cpl,[2]
5896,Pedido0098.com,900,2,datacopy/BB/Files/2015-03-31/Pedido0098.com,[2]
5897,ComunicadoDebito_ReceitaFederal_KgH2214.exe,900,2,datacopy/BB/Files/2015-03-31/ComunicadoDebito_ReceitaFederal_KgH2214.exe,[2]
5898,ck1aRUU_e_download_cli_Cliente.exe,900,2,datacopy/BB/Files/2015-03-31/ck1aRUU_e_download_cli_Cliente.exe,[2]
5899,Intimacaopdf.rar.exe,900,2,datacopy/BB/Files/2015-03-31/Intimacaopdf.rar.exe,[2]
5900,lkimc.cpl,910,60,datacopy/BB/Files/2013-12-10/lkimc.cpl,"[1, 742]"
5901,livers.cpl,910,1,datacopy/BB/Files/2013-04-11/livers.cpl,"[1, 742]"
5902,2VIA-BOLETO.cpl,911,2,datacopy/BB/Files/2015-07-08/2VIA-BOLETO.cpl,[2]
5903,Boleto-827424214.cpl,911,2,datacopy/BB/Files/2015-06-24/Boleto-827424214.cpl,[2]
5904,Boleto-2via402384343248.cpl,911,2,datacopy/BB/Files/2015-06-24/Boleto-2via402384343248.cpl,[2]
5905,Boleto_2938784023.cpl,911,2,datacopy/BB/Files/2015-06-19/Boleto_2938784023.cpl,[2]
5906,Not_DER.zip.cpl,911,2,datacopy/BB/Files/2015-06-22/Not_DER.zip.cpl,[2]
5907,Boleto-49274423.cpl,911,2,datacopy/BB/Files/2015-06-22/Boleto-49274423.cpl,[2]
5908,Not_DER.cpl,911,2,datacopy/BB/Files/2015-06-23/Not_DER.cpl,[2]
5909,Boleto-91723-123.cpl,911,2,datacopy/BB/Files/2015-06-23/Boleto-91723-123.cpl,[2]
5910,NF_Boleto0056998750234534.cpl,911,2,datacopy/BB/Files/2015-06-15/NF_Boleto0056998750234534.cpl,[2]
5911,Boleto-8297423.cpl,911,2,datacopy/BB/Files/2015-06-17/Boleto-8297423.cpl,[2]
5912,Arquivo.00982320.exe,912,2,datacopy/BB/Files/2017-03-31/Arquivo.00982320.exe,[2]
5913,Arquivo.00982386.exe,912,2,datacopy/BB/Files/2017-03-31/Arquivo.00982386.exe,[2]
5914,Arquivo.00982341.exe,912,2,datacopy/BB/Files/2017-03-31/Arquivo.00982341.exe,[2]
5915,DFS-001205002302600006480-03112015.exe,913,2,datacopy/BB/Files/2015-11-04/DFS-001205002302600006480-03112015.exe,[2]
5916,DFS-BOLET0-001205689870002648000334580000230545800000.exe,913,2,datacopy/BB/Files/2015-11-04/DFS-BOLET0-001205689870002648000334580000230545800000.exe,[2]
5917,arqui-210309190843.exe,913,2,datacopy/BB/Files/2015-11-03/arqui-210309190843.exe,[2]
5918,NotaFiscal.xml.cpl,939,2,datacopy/BB/Files/2014-08-22/NotaFiscal.xml.cpl,[2]
5919,NFe.694851547.cpl,939,2,datacopy/BB/Files/2014-09-12/NFe.694851547.cpl,[2]
5920,download-planilha.cpl,939,2,datacopy/BB/Files/2014-09-11/download-planilha.cpl,[2]
5921,Nota.fisc_Eletronica.=cod0020.cpl,948,2,datacopy/BB/Files/2014-02-17/Nota.fisc_Eletronica.=cod0020.cpl,[2]
5922,Whastsapp.exe.cpl,948,2,datacopy/BB/Files/2014-02-18/Whastsapp.exe.cpl,[2]
5923,ChequeSemFundo.cpl,948,2,datacopy/BB/Files/2014-02-14/ChequeSemFundo.cpl,[2]
5924,IntimacaoN475869.exe,949,2,datacopy/BB/Files/2012-08-31/IntimacaoN475869.exe,[2]
5925,fatura2463.exe,949,2,datacopy/BB/Files/2012-09-04/fatura2463.exe,[2]
5926,OrcamentoN142536.exe,949,2,datacopy/BB/Files/2012-09-04/OrcamentoN142536.exe,[2]
5927,wrainpariz2.exe,950,61,datacopy/BB/Files/2013-12-17/wrainpariz2.exe,[1]
5928,winxtracj2.exe,950,61,datacopy/BB/Files/2013-12-23/winxtracj2.exe,[1]
5929,HIPERCARD.exe,958,461,datacopy/BB/Files/2012-07-10/HIPERCARD.exe,"[1, 3]"
5930,HIPER.exe,958,3,datacopy/BB/Files/2012-07-23/HIPER.exe,"[1, 3]"
5931,hipercard.exe_dl_1.exe,958,3,datacopy/BB/Files/2013-01-14/hipercard.exe_dl_1.exe,"[1, 3]"
5932,24f3f384051eacebb17a3e6a78f18e760b3c6748e7794cf75b1fac6d620d293b,973,1154,datacopy/Stefano/24f3f384051eacebb17a3e6a78f18e760b3c6748e7794cf75b1fac6d620d293b,[1]
5933,5117e6bade6dc69438cc1c333a1b7bf82aebb71e64a84bdedcc4dd4a52167900,973,1154,datacopy/Stefano/5117e6bade6dc69438cc1c333a1b7bf82aebb71e64a84bdedcc4dd4a52167900,[1]
5934,ced588bf9524b9be944d5c918b4dbeeaf4d5bf6fe8147018863aca4793dbd100,973,1154,datacopy/Stefano/ced588bf9524b9be944d5c918b4dbeeaf4d5bf6fe8147018863aca4793dbd100,[1]
5935,f5e438ee68e212efc08a8143748b06dcb65f4e13d176489d8906f0bf3ac047c7,973,1154,datacopy/Stefano/f5e438ee68e212efc08a8143748b06dcb65f4e13d176489d8906f0bf3ac047c7,[1]
5936,a84882bea6d2e52ae98dc8b15da4d438289dcc4b714b287c482e88f8a0482a7a,974,1183,datacopy/Stefano/a84882bea6d2e52ae98dc8b15da4d438289dcc4b714b287c482e88f8a0482a7a,[2]
5937,3a995878fa69bee70ea078f1507a0c2f58cde539f3b61630f84b71c62cb762db,974,1183,datacopy/Stefano/3a995878fa69bee70ea078f1507a0c2f58cde539f3b61630f84b71c62cb762db,[2]
5938,6967f591027ad6b0bbdae94b87e6e81d9066534f173d9a654b247efccb3eb521,974,1183,datacopy/Stefano/6967f591027ad6b0bbdae94b87e6e81d9066534f173d9a654b247efccb3eb521,[2]
5939,7be028b20cc6fb41fbb54d4978c7fc9799a1be43f4baec8bb4fc76c4789101a6,974,1183,datacopy/Stefano/7be028b20cc6fb41fbb54d4978c7fc9799a1be43f4baec8bb4fc76c4789101a6,[2]
5940,3767959f0d2005706fabcf7b582b6309641bbfd569ab49f026bdd36cda720be3,974,1183,datacopy/Stefano/3767959f0d2005706fabcf7b582b6309641bbfd569ab49f026bdd36cda720be3,[2]
5941,020c015fb6cfe3f1316625988f9b2ad94928042fcee034d7bef98eeb0fc5a07a,974,1183,datacopy/Stefano/020c015fb6cfe3f1316625988f9b2ad94928042fcee034d7bef98eeb0fc5a07a,[2]
5942,2e11bdf54cb4b5ed8349aa1f3171e4af045426fb49c75e7076067f75b73106f8,974,1183,datacopy/Stefano/2e11bdf54cb4b5ed8349aa1f3171e4af045426fb49c75e7076067f75b73106f8,[2]
5943,e5795aaf10ff19e772efd44c26980bca7baefb0eaea86cfb94317ebf0252d0ed,974,1183,datacopy/Stefano/e5795aaf10ff19e772efd44c26980bca7baefb0eaea86cfb94317ebf0252d0ed,[2]
5944,cc570be32ba3c08d261a11347aee92e81126562b0149ae106ac1dd7a55f3c24f,974,1183,datacopy/Stefano/cc570be32ba3c08d261a11347aee92e81126562b0149ae106ac1dd7a55f3c24f,[2]
5945,057f192eb0d7384a5af410bd7d0c7c18b30c5da6b13b364aded58f365dd5f34a,974,1183,datacopy/Stefano/057f192eb0d7384a5af410bd7d0c7c18b30c5da6b13b364aded58f365dd5f34a,[2]
5946,b8373c68ddeace0311d2556d176a1dea7df87723a70e8a873fb859436ddee82a,974,1183,datacopy/Stefano/b8373c68ddeace0311d2556d176a1dea7df87723a70e8a873fb859436ddee82a,[2]
5947,f80e3bd1b3e301ac003516726808554da393d7568061abfe751fe20750facb47,974,1183,datacopy/Stefano/f80e3bd1b3e301ac003516726808554da393d7568061abfe751fe20750facb47,[2]
5948,66ff81bdd36bfd3514c9bf75149bb27efa321b67e78e7d4a98df9de1a7458eea,974,1183,datacopy/Stefano/66ff81bdd36bfd3514c9bf75149bb27efa321b67e78e7d4a98df9de1a7458eea,[2]
5949,8bb331c8a172d767cce5a14c3606065f50a710723458457e050c09c950e0e16a,974,1183,datacopy/Stefano/8bb331c8a172d767cce5a14c3606065f50a710723458457e050c09c950e0e16a,[2]
5950,3a0d506ee8aaca50f7301c692645a8030030adf5f96fb0e922f96ed670cec78b,974,1183,datacopy/Stefano/3a0d506ee8aaca50f7301c692645a8030030adf5f96fb0e922f96ed670cec78b,[2]
5951,6b76d00c4208a7d14fa3ed8195fe56b655f4748b9830ab9aa9bbfc44bdb06919,974,1183,datacopy/Stefano/6b76d00c4208a7d14fa3ed8195fe56b655f4748b9830ab9aa9bbfc44bdb06919,[2]
5952,3c5b957ff47122652e1a66f93ccef6fb82220dc4219542fbd7090fc41e58f7b0,974,1183,datacopy/Stefano/3c5b957ff47122652e1a66f93ccef6fb82220dc4219542fbd7090fc41e58f7b0,[2]
5953,e0bee07c908f31a9579edd753a9db765050d9e26fef03643afffa3e851c261c1,974,1183,datacopy/Stefano/e0bee07c908f31a9579edd753a9db765050d9e26fef03643afffa3e851c261c1,[2]
5954,3fecb9df7ba673c19079e84ec8f3817359441b84ead0114b7d59d4c84fb4e533,974,1183,datacopy/Stefano/3fecb9df7ba673c19079e84ec8f3817359441b84ead0114b7d59d4c84fb4e533,[2]
5955,690b5b428a32a78b1198df8d2ab6502d6b279b91be06cf68da0cb2def4a27a69,974,1183,datacopy/Stefano/690b5b428a32a78b1198df8d2ab6502d6b279b91be06cf68da0cb2def4a27a69,[2]
5956,3592fb01f231b8102b211c4a3b24d542d2a55d042342e62956afcb3cbd74bef4,974,1183,datacopy/Stefano/3592fb01f231b8102b211c4a3b24d542d2a55d042342e62956afcb3cbd74bef4,[2]
5957,b894bafa53d328cdb5f1ae50cbd230ec5e4a73e7804d7fef1512e3144d3067cb,974,1183,datacopy/Stefano/b894bafa53d328cdb5f1ae50cbd230ec5e4a73e7804d7fef1512e3144d3067cb,[2]
5958,d86105b1924242caf9d03e79a94034eb03c4f901852e067a641d16e827df8278,974,1183,datacopy/Stefano/d86105b1924242caf9d03e79a94034eb03c4f901852e067a641d16e827df8278,[2]
5959,0db35948e0f223ae2d7c6017db48ddf54740b9693d811676b1f9b0df289f1223,974,1183,datacopy/Stefano/0db35948e0f223ae2d7c6017db48ddf54740b9693d811676b1f9b0df289f1223,[2]
5960,5a03559fedf2d115c988f3495533e2db5c4a375b7c050fda2a74506765137e95,974,1183,datacopy/Stefano/5a03559fedf2d115c988f3495533e2db5c4a375b7c050fda2a74506765137e95,[2]
5961,b8d808f213841fa586e5d4e76ca7a0dc86ceef1e26ff4937a3d5650530c837e1,974,1183,datacopy/Stefano/b8d808f213841fa586e5d4e76ca7a0dc86ceef1e26ff4937a3d5650530c837e1,[2]
5962,f56ebf6f4ce1a1220d4ad14ad51efb6c3e80f66da4beac6e89afc22ebf71b703,974,1183,datacopy/Stefano/f56ebf6f4ce1a1220d4ad14ad51efb6c3e80f66da4beac6e89afc22ebf71b703,[2]
5963,051ffe567e04ac0e657d7278e3967c4a620da3ea4077f0c1e570f7ab4e931b82,975,1188,datacopy/Stefano/051ffe567e04ac0e657d7278e3967c4a620da3ea4077f0c1e570f7ab4e931b82,"[4, 3, 61]"
5964,ac9a1f6ceccb678546d64326f2023ab5152f8ff9637f313bc716023e88d7524a,975,1188,datacopy/Stefano/ac9a1f6ceccb678546d64326f2023ab5152f8ff9637f313bc716023e88d7524a,"[4, 3, 61]"
5965,6cb2ee8a88677e5ca8a1003b5c0bb20d14dee7391dcb9fdc630fe3eb093e6dcf,975,3,datacopy/Stefano/6cb2ee8a88677e5ca8a1003b5c0bb20d14dee7391dcb9fdc630fe3eb093e6dcf,"[4, 3, 61]"
5966,3d6c39a3aeb3a7a253d7d253cab80204c3fd0619c1d8a9030cf88c6d1a13ddba,975,70,datacopy/Stefano/3d6c39a3aeb3a7a253d7d253cab80204c3fd0619c1d8a9030cf88c6d1a13ddba,"[4, 3, 61]"
5967,b5020e6bc62bbb8e8159684c8270ef35452e5af48fe9d1c31a204427422da3db,975,1188,datacopy/Stefano/b5020e6bc62bbb8e8159684c8270ef35452e5af48fe9d1c31a204427422da3db,"[4, 3, 61]"
5968,98049c1f6d2ba8b828c36b24b0f764dde657dcbbfdc7d5af03d6e2c9c5ca3b60,975,3,datacopy/Stefano/98049c1f6d2ba8b828c36b24b0f764dde657dcbbfdc7d5af03d6e2c9c5ca3b60,"[4, 3, 61]"
5969,f55bb0352e5dc9ebc101085865308ffdda54c6f0304954a738a772a26b60e32b,975,1188,datacopy/Stefano/f55bb0352e5dc9ebc101085865308ffdda54c6f0304954a738a772a26b60e32b,"[4, 3, 61]"
5970,fd20b7241ce2fc461cab00ff8b6e40b572bde2269e90ea11dc941c0c3e64714e,981,1192,datacopy/Stefano/fd20b7241ce2fc461cab00ff8b6e40b572bde2269e90ea11dc941c0c3e64714e,[1]
5971,0c119fd6582910ec28c049380ca4d9f612baf0100865aa2cb23802910b081c77,981,1192,datacopy/Stefano/0c119fd6582910ec28c049380ca4d9f612baf0100865aa2cb23802910b081c77,[1]
5972,a67faccf9807ef9ffd5ec153e54d8e8ec50768c33e3d6622525a803cb49da4a4,981,1192,datacopy/Stefano/a67faccf9807ef9ffd5ec153e54d8e8ec50768c33e3d6622525a803cb49da4a4,[1]
5973,cc38934221b7a504317369f7a7f568e94a77432374a89fecf688ff59d1a40c6f,981,1192,datacopy/Stefano/cc38934221b7a504317369f7a7f568e94a77432374a89fecf688ff59d1a40c6f,[1]
5974,f5f8de090fbc48850fcfcf6b94ec16f512fd599912b138a78fd6b9f0e423d5d7,981,1192,datacopy/Stefano/f5f8de090fbc48850fcfcf6b94ec16f512fd599912b138a78fd6b9f0e423d5d7,[1]
5975,f74539bf50676dabcac4ef5ad7fde6df7aab35e9186a89a1a196fae1e51f460e,981,1192,datacopy/Stefano/f74539bf50676dabcac4ef5ad7fde6df7aab35e9186a89a1a196fae1e51f460e,[1]
5976,e045978354e2c5b30c2729782f729f84e61686e7042dda9a682b5dabae15c93e,981,1192,datacopy/Stefano/e045978354e2c5b30c2729782f729f84e61686e7042dda9a682b5dabae15c93e,[1]
5977,3bc3a2b4207cfd0e49c9a37e5e552c639b3ab721b6a0d57aa8447db4ff7fcc8a,984,1215,datacopy/Stefano/3bc3a2b4207cfd0e49c9a37e5e552c639b3ab721b6a0d57aa8447db4ff7fcc8a,[1]
5978,46c060bd94d755713771854624d52f996b68291cf3d93e663bde5095c9068fc0,984,1215,datacopy/Stefano/46c060bd94d755713771854624d52f996b68291cf3d93e663bde5095c9068fc0,[1]
5979,2fd8f428068328200af4bf99f60f297eea3350b2c7f41b7448013965b860ff0b,984,1215,datacopy/Stefano/2fd8f428068328200af4bf99f60f297eea3350b2c7f41b7448013965b860ff0b,[1]
5980,50afb474ec47f47c8fec14823ee73ffc23e6cfd47c73bd20ec818b5a39dcaef3,984,1215,datacopy/Stefano/50afb474ec47f47c8fec14823ee73ffc23e6cfd47c73bd20ec818b5a39dcaef3,[1]
5981,6a396237094e4f185e6e89bc191d600356290943e36f8979852df818511df0f1,985,1171,datacopy/Stefano/6a396237094e4f185e6e89bc191d600356290943e36f8979852df818511df0f1,[1]
5982,8914cfcb9769c314b28f748c2e00e0851d709f13ea9b3eb435fb34dfef173105,985,1171,datacopy/Stefano/8914cfcb9769c314b28f748c2e00e0851d709f13ea9b3eb435fb34dfef173105,[1]
5983,1be10e286c28f6a72067e9ab95f29e022c8e1ac82be056827498b35acff53609,985,1171,datacopy/Stefano/1be10e286c28f6a72067e9ab95f29e022c8e1ac82be056827498b35acff53609,[1]
5984,2da91e1723497de5a24d814ac45cde90ad4ea12934adb62f8244b1d8350555b1,985,1171,datacopy/Stefano/2da91e1723497de5a24d814ac45cde90ad4ea12934adb62f8244b1d8350555b1,[1]
5985,2db7072f4c7b918343161e5df945e5c0b5061413e933fb429eafa5a7878989ec,985,1171,datacopy/Stefano/2db7072f4c7b918343161e5df945e5c0b5061413e933fb429eafa5a7878989ec,[1]
5986,f9aaa15312733963f184db8572afa4ef145124c5a73e21b7d973e5f82b36a320,985,1171,datacopy/Stefano/f9aaa15312733963f184db8572afa4ef145124c5a73e21b7d973e5f82b36a320,[1]
5987,5c0bf0e1546ce6dbf4642e7a163292ff1b8cb2fa832b9d3b163f1d1f3d5d2986,985,1171,datacopy/Stefano/5c0bf0e1546ce6dbf4642e7a163292ff1b8cb2fa832b9d3b163f1d1f3d5d2986,[1]
5988,292173f838997d501fe5de650b565705283e36ffe80c47aa966c435b6462fafa,985,1171,datacopy/Stefano/292173f838997d501fe5de650b565705283e36ffe80c47aa966c435b6462fafa,[1]
5989,c5c15a50822cc914f66699b26cbaa40aa3fcb743bff1188d2ce6ac9ab8d2cf35,985,1171,datacopy/Stefano/c5c15a50822cc914f66699b26cbaa40aa3fcb743bff1188d2ce6ac9ab8d2cf35,[1]
5990,44439c59848bfbb7898756a9875dd4301711130fcbf119bed6a3da7bf023227a,985,1171,datacopy/Stefano/44439c59848bfbb7898756a9875dd4301711130fcbf119bed6a3da7bf023227a,[1]
5991,0e175dfb29d3887c711233680a31d7714b92184627e8c02f82714e7119783b60,985,1171,datacopy/Stefano/0e175dfb29d3887c711233680a31d7714b92184627e8c02f82714e7119783b60,[1]
5992,ae3ae2ae43cfb7058ffa5c379b4cee08cf0da62b47e341758e6cc6faf28e8e94,985,1171,datacopy/Stefano/ae3ae2ae43cfb7058ffa5c379b4cee08cf0da62b47e341758e6cc6faf28e8e94,[1]
5993,570f19fa457370eac4607df78852f3251e8b68cc15a2184d7a798fc89c0554f7,985,1171,datacopy/Stefano/570f19fa457370eac4607df78852f3251e8b68cc15a2184d7a798fc89c0554f7,[1]
5994,9e85e4bb824f03c9148ced5413479691789fd7638ecf6fe94c403decc1eaeada,985,1171,datacopy/Stefano/9e85e4bb824f03c9148ced5413479691789fd7638ecf6fe94c403decc1eaeada,[1]
5995,cae424cba9a0b3b180cf176ee13077a01eed9093173ee90b048528687d01c65a,986,3,datacopy/Stefano/cae424cba9a0b3b180cf176ee13077a01eed9093173ee90b048528687d01c65a,[3]
5996,5db2923322204a34e94d2c5084abf776512c2f995622b32412565d5a1f3a0fe4,986,3,datacopy/Stefano/5db2923322204a34e94d2c5084abf776512c2f995622b32412565d5a1f3a0fe4,[3]
5997,bb51c3727ac8b1980f319613773565eab02a6952c45c504cda9c84f13a522dc2,986,3,datacopy/Stefano/bb51c3727ac8b1980f319613773565eab02a6952c45c504cda9c84f13a522dc2,[3]
5998,da2c7211e038a1e8aa4b1a103e2091384639a51e03fe082c6c271f497ded07cd,986,3,datacopy/Stefano/da2c7211e038a1e8aa4b1a103e2091384639a51e03fe082c6c271f497ded07cd,[3]
5999,dc5bb20e5b15253a9f1c0c4b19b7fef391be5dfe47df8a0c875bceb7cd6f5b87,988,89,datacopy/Stefano/dc5bb20e5b15253a9f1c0c4b19b7fef391be5dfe47df8a0c875bceb7cd6f5b87,[1]
6000,f3dfe1b741a9c41cdf0067d1141a56f3021bf3644e0cc907c9a4f931f50acd8a,988,89,datacopy/Stefano/f3dfe1b741a9c41cdf0067d1141a56f3021bf3644e0cc907c9a4f931f50acd8a,[1]
6001,f95125fb3618eed6b17758dda1f075be6facfc3f153564fbed2773d331b18a77,988,89,datacopy/Stefano/f95125fb3618eed6b17758dda1f075be6facfc3f153564fbed2773d331b18a77,[1]
6002,326b8d944a51ffdd57565b9e2e370ee304734dae08ab866b4917b9f387234d92,992,3,datacopy/Stefano/326b8d944a51ffdd57565b9e2e370ee304734dae08ab866b4917b9f387234d92,[3]
6003,fc912625d240c5ed444997f8d8872b19efee0da924fd77a79bc64d9db716714e,992,3,datacopy/Stefano/fc912625d240c5ed444997f8d8872b19efee0da924fd77a79bc64d9db716714e,[3]
6004,a06607dbae42d9866cbbb7b6132fa7fcf731d5bd6afb06f870b9e76ff7d1bd33,992,3,datacopy/Stefano/a06607dbae42d9866cbbb7b6132fa7fcf731d5bd6afb06f870b9e76ff7d1bd33,[3]
6005,685b671b8a57f28b668beb9b98b02575c5bb4d390727c10ace82acc46aeb4def,992,3,datacopy/Stefano/685b671b8a57f28b668beb9b98b02575c5bb4d390727c10ace82acc46aeb4def,[3]
6006,7bc6c779873cff8ca2a676eb4918b484aebc34d80dfe22d7f55ec89c64dd9c97,992,3,datacopy/Stefano/7bc6c779873cff8ca2a676eb4918b484aebc34d80dfe22d7f55ec89c64dd9c97,[3]
6007,5201485a8aaeb182690639416d590d1822c0a87827cb53e5aa6d0ae1ad520b60,992,3,datacopy/Stefano/5201485a8aaeb182690639416d590d1822c0a87827cb53e5aa6d0ae1ad520b60,[3]
6008,864387904e8ec935c08919b9a79cd20d88f2a3fb6a1c1e58619e999973d9b283,992,3,datacopy/Stefano/864387904e8ec935c08919b9a79cd20d88f2a3fb6a1c1e58619e999973d9b283,[3]
6009,9c89b53bf9ac070e214e3278f75e516c95b2f529467b03a56f220d7e535a657c,993,1243,datacopy/Stefano/9c89b53bf9ac070e214e3278f75e516c95b2f529467b03a56f220d7e535a657c,[1]
6010,71e6d05ec2f3c373e517d5aa02de7d1c927a64d07a666ff2c57e5afdc11f7118,993,1243,datacopy/Stefano/71e6d05ec2f3c373e517d5aa02de7d1c927a64d07a666ff2c57e5afdc11f7118,[1]
6011,216e6ee68bb21d9184eef3b7adc6fd6a1e7ce17d3b46a46518c7290c3b706301,993,1243,datacopy/Stefano/216e6ee68bb21d9184eef3b7adc6fd6a1e7ce17d3b46a46518c7290c3b706301,[1]
6012,0fb146d04f8cfee7d70d5652cd1967c1737f34aa328d2ae0fbf401134cc76255,993,1243,datacopy/Stefano/0fb146d04f8cfee7d70d5652cd1967c1737f34aa328d2ae0fbf401134cc76255,[1]
6013,908f0883267011ac721cf15c13e837a1b150a9e9fca4581015f5b39df606ab68,993,1243,datacopy/Stefano/908f0883267011ac721cf15c13e837a1b150a9e9fca4581015f5b39df606ab68,[1]
6014,97a6fbb9dbc358a258cfa0d02f94c994729a529c90af1130bdc89abdb8df69cc,993,1243,datacopy/Stefano/97a6fbb9dbc358a258cfa0d02f94c994729a529c90af1130bdc89abdb8df69cc,[1]
6015,876311c8eb0a8d0ca9127cdf525a2e762a97fa7b6a160c9233e1e569b29c5dcc,993,1243,datacopy/Stefano/876311c8eb0a8d0ca9127cdf525a2e762a97fa7b6a160c9233e1e569b29c5dcc,[1]
6016,6a06ce0d4418f576725e46a258616bb3fc65cb295a2200848b3e832ced800cb4,993,1243,datacopy/Stefano/6a06ce0d4418f576725e46a258616bb3fc65cb295a2200848b3e832ced800cb4,[1]
6017,3b78c13c01d16c252d0b797fe09e639f678565fcc55592d202e0c3e61d60218a,994,1174,datacopy/Stefano/3b78c13c01d16c252d0b797fe09e639f678565fcc55592d202e0c3e61d60218a,[1]
6018,a93f25bc8fc557290fdd1b3596bc7534370edbabe1ee6f8aac6ffedfe1356198,994,1174,datacopy/Stefano/a93f25bc8fc557290fdd1b3596bc7534370edbabe1ee6f8aac6ffedfe1356198,[1]
6019,8227012c96b7177355decee1e48647739d12340020db203a50ea2001bca9b9b0,994,1174,datacopy/Stefano/8227012c96b7177355decee1e48647739d12340020db203a50ea2001bca9b9b0,[1]
6020,cf6c1a5a3b7357fdd5f641d3da71c731308166dae4f0b696591376da961214a3,994,1174,datacopy/Stefano/cf6c1a5a3b7357fdd5f641d3da71c731308166dae4f0b696591376da961214a3,[1]
6021,080ee14cfbb3310b998544e99e95354c3dce7bd883b9bbf580d89dbc8759eadd,994,1174,datacopy/Stefano/080ee14cfbb3310b998544e99e95354c3dce7bd883b9bbf580d89dbc8759eadd,[1]
6022,5ce8d2d956103fb8968027abcd9e6c424172a639.bin,997,1217,datacopy/UCSB/5ce8d2d956103fb8968027abcd9e6c424172a639.bin,"[1, 1, 10, 6]"
6023,29d80e7410b8c8365a248545cd4c3d95a9b7233a083173902157b2239efeb8b7,997,799,datacopy/Stefano/29d80e7410b8c8365a248545cd4c3d95a9b7233a083173902157b2239efeb8b7,"[1, 1, 10, 6]"
6024,f5c296b7676bb0ff56956fcd77fc23d7103828cc4e3d550a2cae7764fc13d901,997,1155,datacopy/Stefano/f5c296b7676bb0ff56956fcd77fc23d7103828cc4e3d550a2cae7764fc13d901,"[1, 1, 10, 6]"
6025,4752e3001d858e67eebd409e78ca02fb1e3234de7e7f3ca3b24a2a8415ad64d3,997,799,datacopy/Stefano/4752e3001d858e67eebd409e78ca02fb1e3234de7e7f3ca3b24a2a8415ad64d3,"[1, 1, 10, 6]"
6026,0f29b1407e441088fddceb825704777f96b3560cf5eabc58a61f1d315714720a,997,1181,datacopy/Stefano/0f29b1407e441088fddceb825704777f96b3560cf5eabc58a61f1d315714720a,"[1, 1, 10, 6]"
6027,f9a72874419d7bb39a04e3db50aa3682d35ea3f529e175b1e99cf083501c84d1,997,1181,datacopy/Stefano/f9a72874419d7bb39a04e3db50aa3682d35ea3f529e175b1e99cf083501c84d1,"[1, 1, 10, 6]"
6028,7af450f1561663ccca188eb8ebcbb53252200deade51504193328aeffe5b5ac5,997,1181,datacopy/Stefano/7af450f1561663ccca188eb8ebcbb53252200deade51504193328aeffe5b5ac5,"[1, 1, 10, 6]"
6029,17ed69df07a17bf007c92135589824cf1c765278cbe4aaaccebd074c2aeae5e9,997,799,datacopy/Stefano/17ed69df07a17bf007c92135589824cf1c765278cbe4aaaccebd074c2aeae5e9,"[1, 1, 10, 6]"
6030,ffc5f7f7323303c8c8201422c937fe89148661dd7802b0ed858d60c0f02fc8c2,998,1192,datacopy/Stefano/ffc5f7f7323303c8c8201422c937fe89148661dd7802b0ed858d60c0f02fc8c2,[1]
6031,dae52ebf70cff4e8f81de9b5182920761963218867829bf5ba021f6ad822a60e,998,1192,datacopy/Stefano/dae52ebf70cff4e8f81de9b5182920761963218867829bf5ba021f6ad822a60e,[1]
6032,8a9877423476c3c8c15eb9f8d243aa26e37d4eacb90a9c7414de0232d4c312cc,998,1192,datacopy/Stefano/8a9877423476c3c8c15eb9f8d243aa26e37d4eacb90a9c7414de0232d4c312cc,[1]
6033,6776cf2f6bf1414000e61233fa154736dd0e0edb4507a5909c0efbe6e4e9ae43,998,1192,datacopy/Stefano/6776cf2f6bf1414000e61233fa154736dd0e0edb4507a5909c0efbe6e4e9ae43,[1]
6034,15dd9af67f5e5b83411874a315ac100160f6dda7c35af52652cef1158ec96e3b,998,1192,datacopy/Stefano/15dd9af67f5e5b83411874a315ac100160f6dda7c35af52652cef1158ec96e3b,[1]
6035,b095b4736b7c3cf2c5e7bed0d4d953304895b309ecfb5a51cba9c56601a6d740,998,1192,datacopy/Stefano/b095b4736b7c3cf2c5e7bed0d4d953304895b309ecfb5a51cba9c56601a6d740,[1]
6036,0ebdd20e56262856e045c2d78673d68becdf05aeaa7df1411bce7af3d04a68a4,998,1192,datacopy/Stefano/0ebdd20e56262856e045c2d78673d68becdf05aeaa7df1411bce7af3d04a68a4,[1]
6037,642a20f55a82fa522f969c812b889aa97308e17472530db06766e5c0a6162440,998,1192,datacopy/Stefano/642a20f55a82fa522f969c812b889aa97308e17472530db06766e5c0a6162440,[1]
6038,15ef588f8196193c83dbdbcef4a0c0754eb22219ad3c5895c1f28e93b07578fa,1000,1266,datacopy/Stefano/15ef588f8196193c83dbdbcef4a0c0754eb22219ad3c5895c1f28e93b07578fa,[1]
6039,bdef050a3d075fb8396be1e3cfb7472fca125181e9e952813d13fa03d2170319,1000,1266,datacopy/Stefano/bdef050a3d075fb8396be1e3cfb7472fca125181e9e952813d13fa03d2170319,[1]
6040,fac50894180ff1dcdd102b504276191e5478f69127b8a01ab9f2f245ebb2daa3,1000,1266,datacopy/Stefano/fac50894180ff1dcdd102b504276191e5478f69127b8a01ab9f2f245ebb2daa3,[1]
6041,6c91ee7ca0fa5c7238c5968ba4bd10119a7dc749421dc5ab394861e75ac0f956,1002,1256,datacopy/Stefano/6c91ee7ca0fa5c7238c5968ba4bd10119a7dc749421dc5ab394861e75ac0f956,[1]
6042,46c3622b94003b3ffeeba66d910a4fa694632fc395a8d79f6438ace27b271fbd,1002,1256,datacopy/Stefano/46c3622b94003b3ffeeba66d910a4fa694632fc395a8d79f6438ace27b271fbd,[1]
6043,b6147335951b6fa26a2251d46fe4a930db6696bc2cfbd300228b7c792a33d61a,1002,1256,datacopy/Stefano/b6147335951b6fa26a2251d46fe4a930db6696bc2cfbd300228b7c792a33d61a,[1]
6044,18a64df1c58fc60fe63142f409cb8e6467123b1d59d2d427a57e53e31e30f227,1002,1256,datacopy/Stefano/18a64df1c58fc60fe63142f409cb8e6467123b1d59d2d427a57e53e31e30f227,[1]
6045,eb1cff3ce03a3cc66f196ef5150168d1524ddd4489d894bb9033adff93760083,1002,1256,datacopy/Stefano/eb1cff3ce03a3cc66f196ef5150168d1524ddd4489d894bb9033adff93760083,[1]
6046,1115003109bf8ba3000316a589b3e46048bdc1c75c8ffa20368cab539d7797ef,1002,1256,datacopy/Stefano/1115003109bf8ba3000316a589b3e46048bdc1c75c8ffa20368cab539d7797ef,[1]
6047,36cdc0dfbfdf42711d041ae3b806ebf8bd0ea9a48f451fc1dda92ff68b875eb1,1003,1270,datacopy/Stefano/36cdc0dfbfdf42711d041ae3b806ebf8bd0ea9a48f451fc1dda92ff68b875eb1,[1]
6048,5fff9bfba3c7f001c5bb6a3bd3ff3ed815addb9200d2e30ef5e7d6bae7a97ab4,1003,1270,datacopy/Stefano/5fff9bfba3c7f001c5bb6a3bd3ff3ed815addb9200d2e30ef5e7d6bae7a97ab4,[1]
6049,a092890e0ccdb946ad7c9957b8eb70035b1c0fbe50f3c41646e5dece10fe286a,1003,1270,datacopy/Stefano/a092890e0ccdb946ad7c9957b8eb70035b1c0fbe50f3c41646e5dece10fe286a,[1]
6050,28e38cc0099b95731b54f80ff955a23255d0a9e48713f958317c8f18ffff0ca8,1005,1232,datacopy/Stefano/28e38cc0099b95731b54f80ff955a23255d0a9e48713f958317c8f18ffff0ca8,[1]
6051,e47b8a22868227b8c59cb4837c9082a5d86a715ddbae9dc572129d76ba8f34e1,1005,1232,datacopy/Stefano/e47b8a22868227b8c59cb4837c9082a5d86a715ddbae9dc572129d76ba8f34e1,[1]
6052,0f2daee7cfa972b02d6d352d63bf5f4c10f1635a9f11e25bfd77ee665eba21bd,1005,1232,datacopy/Stefano/0f2daee7cfa972b02d6d352d63bf5f4c10f1635a9f11e25bfd77ee665eba21bd,[1]
6053,14b13b41d0da4cd6f8426538263ff29e68b5941f9bf960f8cb12f8d57ebdc6ad,1005,1232,datacopy/Stefano/14b13b41d0da4cd6f8426538263ff29e68b5941f9bf960f8cb12f8d57ebdc6ad,[1]
6054,8b1406108ac1f575ce618440423802e8eb9a3179daeb787d7caa3316129badc5,1014,1252,datacopy/Stefano/8b1406108ac1f575ce618440423802e8eb9a3179daeb787d7caa3316129badc5,[1]
6055,c09cb6cb87ac8ffa61471e70089b544adfac482b0a4a0f5d6aa6a4d76e133175,1014,1252,datacopy/Stefano/c09cb6cb87ac8ffa61471e70089b544adfac482b0a4a0f5d6aa6a4d76e133175,[1]
6056,05c8ab29674c0d92c90b4807cf186d29f1a5338a67049a3391a764c685bb555f,1014,1252,datacopy/Stefano/05c8ab29674c0d92c90b4807cf186d29f1a5338a67049a3391a764c685bb555f,[1]
6057,482c77ada9ec75fb2609e768e4ededcf4bac5272be6112c624cf5468eb9e22f3,1014,1252,datacopy/Stefano/482c77ada9ec75fb2609e768e4ededcf4bac5272be6112c624cf5468eb9e22f3,[1]
6058,555458e95334b4dd2e4cf4a5f886afd6329a92a4091f34a5780cb37acbffe4c7,1014,1252,datacopy/Stefano/555458e95334b4dd2e4cf4a5f886afd6329a92a4091f34a5780cb37acbffe4c7,[1]
6059,c5b1aee257901d57f2e134549b3020abda40278b03f9f9334acd6eb918fd9ce9,1014,1252,datacopy/Stefano/c5b1aee257901d57f2e134549b3020abda40278b03f9f9334acd6eb918fd9ce9,[1]
6060,a9478481f07b3bac940901897a06f11349fa49dc912e34d0b17f9de209e4d4b8,1018,1192,datacopy/Stefano/a9478481f07b3bac940901897a06f11349fa49dc912e34d0b17f9de209e4d4b8,[1]
6061,7ad63e1029f407eb9b5bb39f6eb15869ed78168bdaa0fdea512a449f8006d5fa,1018,1192,datacopy/Stefano/7ad63e1029f407eb9b5bb39f6eb15869ed78168bdaa0fdea512a449f8006d5fa,[1]
6062,7d6ae00da5a14d5bcd5bb4fae10fbe2ea8b06e0dd472fb4e808b9c6ffa4b319b,1018,1192,datacopy/Stefano/7d6ae00da5a14d5bcd5bb4fae10fbe2ea8b06e0dd472fb4e808b9c6ffa4b319b,[1]
6063,97999fdf77f7d5a3083a5346b81ac202b162b2f03a236902bb318a755012c55a,1021,1304,datacopy/Stefano/97999fdf77f7d5a3083a5346b81ac202b162b2f03a236902bb318a755012c55a,"[1, 1443]"
6064,30127746555d4189efbefa04592005678c29c394f7fa5e73036e1b5a23334a26,1021,1304,datacopy/Stefano/30127746555d4189efbefa04592005678c29c394f7fa5e73036e1b5a23334a26,"[1, 1443]"
6065,ee14571393976abef68e40379dac6bc3823e31750e1e7a92929df86cb9b26e74,1021,1304,datacopy/Stefano/ee14571393976abef68e40379dac6bc3823e31750e1e7a92929df86cb9b26e74,"[1, 1443]"
6066,62ec07e12407333fd2658c70a635fdc0c482223d09e997234df2635310283b66,1021,1304,datacopy/Stefano/62ec07e12407333fd2658c70a635fdc0c482223d09e997234df2635310283b66,"[1, 1443]"
6067,7919b44e3ec12eb95c880f6c008452bf07e6f31382afd13018d9547f8c241384,1021,1304,datacopy/Stefano/7919b44e3ec12eb95c880f6c008452bf07e6f31382afd13018d9547f8c241384,"[1, 1443]"
6068,3ea90d825a3b4a0d318a102192d029fde359e53d2adf4902f2008f390eb72ab9,1021,1443,datacopy/Stefano/3ea90d825a3b4a0d318a102192d029fde359e53d2adf4902f2008f390eb72ab9,"[1, 1443]"
6069,f231bb3f120e4ab28eac46263641b89384cfecaa9e0edc5ea84a3a4386686604,1021,1304,datacopy/Stefano/f231bb3f120e4ab28eac46263641b89384cfecaa9e0edc5ea84a3a4386686604,"[1, 1443]"
6070,f81d25317c196d1f252adddb57db5d851daade4ab410539e8f25882ac9fc3b16,1021,1304,datacopy/Stefano/f81d25317c196d1f252adddb57db5d851daade4ab410539e8f25882ac9fc3b16,"[1, 1443]"
6071,686f543f6a82a28eae9ab59038195fd0f21aec60b33d460b5a684fa04db86ae6,1021,1304,datacopy/Stefano/686f543f6a82a28eae9ab59038195fd0f21aec60b33d460b5a684fa04db86ae6,"[1, 1443]"
6072,8408a8fc52d6fe19f7f5e753d653e0b4f0f12d50f2283157740bb25b5f954050,1026,1154,datacopy/Stefano/8408a8fc52d6fe19f7f5e753d653e0b4f0f12d50f2283157740bb25b5f954050,[1]
6073,10bfde297e87782824a12b487018e05066e8f1bb5411066a171d7df41345c0cd,1026,1154,datacopy/Stefano/10bfde297e87782824a12b487018e05066e8f1bb5411066a171d7df41345c0cd,[1]
6074,84de9a5ca50236e912247ce1e9ac26f112ac09862689197310ae8b965800208d,1026,1154,datacopy/Stefano/84de9a5ca50236e912247ce1e9ac26f112ac09862689197310ae8b965800208d,[1]
6075,7fe032639bc9522d6a2abf4d0107ccfbe92c8dc3c34b1be4671cebdc8f824633,1027,1289,datacopy/Stefano/7fe032639bc9522d6a2abf4d0107ccfbe92c8dc3c34b1be4671cebdc8f824633,[1]
6076,9a829fbf18c97473b9f4a090c6ef4840ae8591463a0baa47a20830233fea03e4,1027,1289,datacopy/Stefano/9a829fbf18c97473b9f4a090c6ef4840ae8591463a0baa47a20830233fea03e4,[1]
6077,d8a0d553c282c1c5f1b4d9d29573f10be990bc6d980f042adb46177bc47477d1,1027,1289,datacopy/Stefano/d8a0d553c282c1c5f1b4d9d29573f10be990bc6d980f042adb46177bc47477d1,[1]
6078,5c3ab8072ed40c68a11cc6207e43ef1ba1b147c32e810896cc8976d4a3c48544,1027,1289,datacopy/Stefano/5c3ab8072ed40c68a11cc6207e43ef1ba1b147c32e810896cc8976d4a3c48544,[1]
6079,1f026fa38e56129a66c35c0ed4a7c1bebff9a39a.bin,1030,1318,datacopy/UCSB/1f026fa38e56129a66c35c0ed4a7c1bebff9a39a.bin,[2]
6080,dff0aff8769ea3f9ee07bfcac18e688e5cf47b4b84aa0e5fcd48fb7d9eb1cf6b,1030,1318,datacopy/Stefano/dff0aff8769ea3f9ee07bfcac18e688e5cf47b4b84aa0e5fcd48fb7d9eb1cf6b,[2]
6081,0a8018e4acf3381dd535ded06d3bd6b4dace23e36d2372fd1110035f5d25c5c2,1030,1318,datacopy/Stefano/0a8018e4acf3381dd535ded06d3bd6b4dace23e36d2372fd1110035f5d25c5c2,[2]
6082,9a4296c28d5e78ef1797ea7d1f154c9a9c9f0fc45def70105701a7d910e409ab,1031,337,datacopy/Stefano/9a4296c28d5e78ef1797ea7d1f154c9a9c9f0fc45def70105701a7d910e409ab,"[1, 15]"
6083,d1319b515d5ac2136747250676b57ebcbd181abb2d6b74016df59074cedb66eb,1031,337,datacopy/Stefano/d1319b515d5ac2136747250676b57ebcbd181abb2d6b74016df59074cedb66eb,"[1, 15]"
6084,3251273c770254dacf4a751a16acf5c370b101bf5b4c523320f852ab2ca08ebb,1031,337,datacopy/Stefano/3251273c770254dacf4a751a16acf5c370b101bf5b4c523320f852ab2ca08ebb,"[1, 15]"
6085,084401d60d1318e7721b88f4f2aa6e17270a60f331005b30ae41b6b7389472fb,1031,985,datacopy/Stefano/084401d60d1318e7721b88f4f2aa6e17270a60f331005b30ae41b6b7389472fb,"[1, 15]"
6086,cc94d6190184aa579d9bfe8c281ea399e62b832fd6fd6b1befe7336f22d8fd83,1031,337,datacopy/Stefano/cc94d6190184aa579d9bfe8c281ea399e62b832fd6fd6b1befe7336f22d8fd83,"[1, 15]"
6087,a3d9a348f1888f434d9c6eadd0b0270a968c9ba20d4d453b3af8b0eef7bb6ee3,1031,337,datacopy/Stefano/a3d9a348f1888f434d9c6eadd0b0270a968c9ba20d4d453b3af8b0eef7bb6ee3,"[1, 15]"
6088,18768ac04082eef909d131c2683126f74352148dcd1dd982dd5629723a72a249,1031,337,datacopy/Stefano/18768ac04082eef909d131c2683126f74352148dcd1dd982dd5629723a72a249,"[1, 15]"
6089,4158359061a1833830622c2ed278bcc875409765e3f9c3b8887031cf9e905b59,1033,1192,datacopy/Stefano/4158359061a1833830622c2ed278bcc875409765e3f9c3b8887031cf9e905b59,[1]
6090,e8b431022294a7a16f2982b6f615e6e8bfd6204823bb324a6b5dc1da2522d9d6,1033,1192,datacopy/Stefano/e8b431022294a7a16f2982b6f615e6e8bfd6204823bb324a6b5dc1da2522d9d6,[1]
6091,664e19bbfd1dba21f8f46c06715cd1d414ddda0bb22a5261563fac9acf1d41b6,1033,1192,datacopy/Stefano/664e19bbfd1dba21f8f46c06715cd1d414ddda0bb22a5261563fac9acf1d41b6,[1]
6092,a635a26d495068d3265d2e8f345da81eacea4d869ad10fa8d0a1581c30ee8bcb,1033,1192,datacopy/Stefano/a635a26d495068d3265d2e8f345da81eacea4d869ad10fa8d0a1581c30ee8bcb,[1]
6093,62c8416f1fe8ab8059e24e2d21e2a98f7e92b2f18a3fcb6b42eb5a1a609144d5,1033,1192,datacopy/Stefano/62c8416f1fe8ab8059e24e2d21e2a98f7e92b2f18a3fcb6b42eb5a1a609144d5,[1]
6094,e58829905e5a6f9500c694e6a7949e021053cc786c946911a9594bfb724381a6,1033,1192,datacopy/Stefano/e58829905e5a6f9500c694e6a7949e021053cc786c946911a9594bfb724381a6,[1]
6095,c7a4762b50cf8de1bb2896a4dbbca40a5d47b2919e37622137d44619e94d28cf,1033,1192,datacopy/Stefano/c7a4762b50cf8de1bb2896a4dbbca40a5d47b2919e37622137d44619e94d28cf,[1]
6096,b646545f6435d0172a00614b739628897d67ff024d4aec23510fd41bd75d8dc8,1033,1192,datacopy/Stefano/b646545f6435d0172a00614b739628897d67ff024d4aec23510fd41bd75d8dc8,[1]
6097,1a3f900d0378ea97e1b76c6cb858d8efdb76ce951d2eed14701a15ccc141786f,1033,1192,datacopy/Stefano/1a3f900d0378ea97e1b76c6cb858d8efdb76ce951d2eed14701a15ccc141786f,[1]
6098,14fbe7e62fde027fb06b989a9c990233786ec703f53a013db18e37a305cb1140,1033,1192,datacopy/Stefano/14fbe7e62fde027fb06b989a9c990233786ec703f53a013db18e37a305cb1140,[1]
6099,fb3526bd40ab9d9aeb8939cc2b86dd84f20d5e3ae15444de83a37d9ada7c0ca4,1033,1192,datacopy/Stefano/fb3526bd40ab9d9aeb8939cc2b86dd84f20d5e3ae15444de83a37d9ada7c0ca4,[1]
6100,cb2d33acc68a3cf2af5affa8d1a6752eab1fd5b3fa68078ba42954cec4e40c3d,1033,1192,datacopy/Stefano/cb2d33acc68a3cf2af5affa8d1a6752eab1fd5b3fa68078ba42954cec4e40c3d,[1]
6101,e4655c34c1a08c478ce4b5186b64505aea9695dcfbc32ee29ed0e87b835fa545,1033,1192,datacopy/Stefano/e4655c34c1a08c478ce4b5186b64505aea9695dcfbc32ee29ed0e87b835fa545,[1]
6102,66ebb42858fbdaa787f7c80cea09c3d1543a3ce22687554d0a4b8967217b786e,1033,1192,datacopy/Stefano/66ebb42858fbdaa787f7c80cea09c3d1543a3ce22687554d0a4b8967217b786e,[1]
6103,b0cf3f097d77533d57f6d7ad9cdaa6c290b666752c78e5f2167f27808e6329ad,1033,1192,datacopy/Stefano/b0cf3f097d77533d57f6d7ad9cdaa6c290b666752c78e5f2167f27808e6329ad,[1]
6104,98af972e6609d9a1cecefff45142d5240737f90c4a342c052daba5212c4e6c75,1033,1192,datacopy/Stefano/98af972e6609d9a1cecefff45142d5240737f90c4a342c052daba5212c4e6c75,[1]
6105,f5a860eca9d76b98c74c9ecdf42fbdcd6a54c1f683c54aa59cd5860bfa97e270,1034,1192,datacopy/Stefano/f5a860eca9d76b98c74c9ecdf42fbdcd6a54c1f683c54aa59cd5860bfa97e270,[1]
6106,e363a09c3f662d729ae0e94b21875343041cda8636251249ebbbd658816b4fb6,1034,1192,datacopy/Stefano/e363a09c3f662d729ae0e94b21875343041cda8636251249ebbbd658816b4fb6,[1]
6107,64a73c8f1583e81035cfed8676750699f2ecdd5a4137d161e59db8ff4549b563,1034,1192,datacopy/Stefano/64a73c8f1583e81035cfed8676750699f2ecdd5a4137d161e59db8ff4549b563,[1]
6108,ff83bc818494031e46af67f26fa0f56c8e7435fa69fc5b3ab72c8231b2a82114,1034,1192,datacopy/Stefano/ff83bc818494031e46af67f26fa0f56c8e7435fa69fc5b3ab72c8231b2a82114,[1]
6109,5124298b8d25bfb2a16fb640b81a10ffdf8df70031ddc2118643cba450fca46f,1035,381,datacopy/Stefano/5124298b8d25bfb2a16fb640b81a10ffdf8df70031ddc2118643cba450fca46f,[1]
6110,4a913072573530142f89592be90512b0deff64e11871d889a424b1f3682e525e,1035,381,datacopy/Stefano/4a913072573530142f89592be90512b0deff64e11871d889a424b1f3682e525e,[1]
6111,ae9499459ac1a4a90632b4ca8ed7885f196fd136dc1a60c3645d496808c3d1ed,1035,381,datacopy/Stefano/ae9499459ac1a4a90632b4ca8ed7885f196fd136dc1a60c3645d496808c3d1ed,[1]
6112,876fe15d484d9d50355aa11fe1851e3adc5a5430fcf38442785817f6a29f9350,1035,381,datacopy/Stefano/876fe15d484d9d50355aa11fe1851e3adc5a5430fcf38442785817f6a29f9350,[1]
6113,88e97b088cf9350b564c28b0c5d6a8aa9672c5129fadf85b37075c4b21a678b1,1035,381,datacopy/Stefano/88e97b088cf9350b564c28b0c5d6a8aa9672c5129fadf85b37075c4b21a678b1,[1]
6114,16cf4c139707fe25e53be2082a6a9e042eada951f6b2a29e7fd16dbb5f0f9a57,1035,381,datacopy/Stefano/16cf4c139707fe25e53be2082a6a9e042eada951f6b2a29e7fd16dbb5f0f9a57,[1]
6115,a9e007e55ea1225183d4810058dea33f48a3fac82852a31c8a22a2662abbc783,1035,381,datacopy/Stefano/a9e007e55ea1225183d4810058dea33f48a3fac82852a31c8a22a2662abbc783,[1]
6116,398203ae087216829af6a3e013395f030a2644be30b0554e6b5cc1c04627a6b6,1035,381,datacopy/Stefano/398203ae087216829af6a3e013395f030a2644be30b0554e6b5cc1c04627a6b6,[1]
6117,5c0bb56f1bff948fd0a904a54fef4faa5c6a1bd7988a167414c5d5713e834dff,1035,381,datacopy/Stefano/5c0bb56f1bff948fd0a904a54fef4faa5c6a1bd7988a167414c5d5713e834dff,[1]
6118,eb192167f3fd6bde1ba2496626f0af171ffafb9db02ad03428e4546fd189a751,1035,381,datacopy/Stefano/eb192167f3fd6bde1ba2496626f0af171ffafb9db02ad03428e4546fd189a751,[1]
6119,e463aeb74afc8aa300cc522f049594a98d724319a397f784fa862bbea1ace037,1035,381,datacopy/Stefano/e463aeb74afc8aa300cc522f049594a98d724319a397f784fa862bbea1ace037,[1]
6120,362e0f86c6adc4644a2276558062d9e146c92433af725ee43af68c52b104cc53,1044,1237,datacopy/Stefano/362e0f86c6adc4644a2276558062d9e146c92433af725ee43af68c52b104cc53,"[1, 9]"
6121,f8fc60643de71f980aa107fc360cad501fb907be04b2f145896ecefcdda78252,1044,172,datacopy/Stefano/f8fc60643de71f980aa107fc360cad501fb907be04b2f145896ecefcdda78252,"[1, 9]"
6122,22285300553be48eaf0b6673126853003d9d006b0cc804ebdd419dd420049849,1044,1237,datacopy/Stefano/22285300553be48eaf0b6673126853003d9d006b0cc804ebdd419dd420049849,"[1, 9]"
6123,7c36bbb4ef2d347cc77979812dc98588b7635a77dee404a801cb747f6777117d,1045,1154,datacopy/Stefano/7c36bbb4ef2d347cc77979812dc98588b7635a77dee404a801cb747f6777117d,[1]
6124,25f533dd09fc3ccdb3a150cd9d3e9d1ebd56c4180999b092acf22ec75323c722,1045,1154,datacopy/Stefano/25f533dd09fc3ccdb3a150cd9d3e9d1ebd56c4180999b092acf22ec75323c722,[1]
6125,ab8fc86bfc54ae70446755319a10e7ac671e703590809c4b225667ac71c1e8f2,1045,1154,datacopy/Stefano/ab8fc86bfc54ae70446755319a10e7ac671e703590809c4b225667ac71c1e8f2,[1]
6126,c38feae0368d8e067dcf6a69086c874cf4fcc1891da6f23af743ddb02053248e,1045,1154,datacopy/Stefano/c38feae0368d8e067dcf6a69086c874cf4fcc1891da6f23af743ddb02053248e,[1]
6127,290cac4d7f5342ba0e41bf165e600f90ab9c2b2499c38a9b12f3ab7da221ef1f,1045,1154,datacopy/Stefano/290cac4d7f5342ba0e41bf165e600f90ab9c2b2499c38a9b12f3ab7da221ef1f,[1]
6128,db12c4cbc3aca3c982362e39d26ecbf7c7801ca0353ecf18484252c6e10412d6,1045,1154,datacopy/Stefano/db12c4cbc3aca3c982362e39d26ecbf7c7801ca0353ecf18484252c6e10412d6,[1]
6129,d36ef66e013a09c91c03bba4ac99e18090a510e65c6f537c3acef5374110fe00,1045,1154,datacopy/Stefano/d36ef66e013a09c91c03bba4ac99e18090a510e65c6f537c3acef5374110fe00,[1]
6130,9eca6d8dd15030937be4e36394afdcf1b0c971f4365e9a8e119304c1d710ff93,1046,337,datacopy/Stefano/9eca6d8dd15030937be4e36394afdcf1b0c971f4365e9a8e119304c1d710ff93,"[1, 15, 1]"
6131,e97732b4ec1456ad2d774ed4e9d2c6af42961755d11f33a6910413d834609e41,1046,985,datacopy/Stefano/e97732b4ec1456ad2d774ed4e9d2c6af42961755d11f33a6910413d834609e41,"[1, 15, 1]"
6132,9b277d26ad3195e4559ee5617a35aeae1bcf55faea6c3202455a2d51b0c1e506,1046,423,datacopy/Stefano/9b277d26ad3195e4559ee5617a35aeae1bcf55faea6c3202455a2d51b0c1e506,"[1, 15, 1]"
6133,9fccb82265d47da11696bb27efc0fb68071824e111d33d4ef6fa512be58442c1,1047,1238,datacopy/Stefano/9fccb82265d47da11696bb27efc0fb68071824e111d33d4ef6fa512be58442c1,[1]
6134,dcf83aeb2aada641f0ddd9c38f521ed9e7340fa1e39f950f4095a41c6f28016b,1047,1238,datacopy/Stefano/dcf83aeb2aada641f0ddd9c38f521ed9e7340fa1e39f950f4095a41c6f28016b,[1]
6135,0888a6448ad0af8bbf0ed11b8caf2876222db8c7cf63ad34f5c72bb23b0eed0f,1047,1238,datacopy/Stefano/0888a6448ad0af8bbf0ed11b8caf2876222db8c7cf63ad34f5c72bb23b0eed0f,[1]
6136,b5c09bb8d6d77f55a9aa12631f77cc493c3033c534aeebf4c631999e5197cbe2,1047,1238,datacopy/Stefano/b5c09bb8d6d77f55a9aa12631f77cc493c3033c534aeebf4c631999e5197cbe2,[1]
6137,4da55bd4103ed6e547ca3d588afe3509065ab74e3e47a706c509a898d55e6bda,1047,1238,datacopy/Stefano/4da55bd4103ed6e547ca3d588afe3509065ab74e3e47a706c509a898d55e6bda,[1]
6138,9e2c45aee4b16594b1a342375cb686a0b8059afb.bin,1050,1159,datacopy/UCSB.JP/data_feed.geo_japan_6m_public_flag/9/e/2/9e2c45aee4b16594b1a342375cb686a0b8059afb.bin,[1]
6139,63961fe3335ae2c14ade77dd1b3e4fd730a7b845.bin,1050,1159,datacopy/UCSB.JP/data_feed.geo_japan_6m_public_flag/6/3/9/63961fe3335ae2c14ade77dd1b3e4fd730a7b845.bin,[1]
6140,104e7ec8193f778b1d0447f17fd71a7d6483b6dea1cc6886fdf8e35161b2f9d4,1050,1159,datacopy/Stefano/104e7ec8193f778b1d0447f17fd71a7d6483b6dea1cc6886fdf8e35161b2f9d4,[1]
6141,448a1c3552951602983910b424d2fe1e3c8e2f97dabb2eb395634405282f273b,1050,1159,datacopy/Stefano/448a1c3552951602983910b424d2fe1e3c8e2f97dabb2eb395634405282f273b,[1]
6142,4612b2da481dc5ea8de84664514063e5f0d22a8c2b097d87c8ca94700f08dea9,1050,1159,datacopy/Stefano/4612b2da481dc5ea8de84664514063e5f0d22a8c2b097d87c8ca94700f08dea9,[1]
6143,609cbdd3a13965cd27ba061434ec921ccd4edc1cbfeeab11d0881dca78604652,1050,1159,datacopy/Stefano/609cbdd3a13965cd27ba061434ec921ccd4edc1cbfeeab11d0881dca78604652,[1]
6144,70d0a19cb576e0d3e867312e22516939c62f00361002641ff6e54036fc642c47,1050,1159,datacopy/Stefano/70d0a19cb576e0d3e867312e22516939c62f00361002641ff6e54036fc642c47,[1]
6145,2253883b7938aace38dfb2a447eb63df4f97e259421b2fd3655dcc60768dd4a6,1050,1159,datacopy/Stefano/2253883b7938aace38dfb2a447eb63df4f97e259421b2fd3655dcc60768dd4a6,[1]
6146,95262739997c7919e24b13e1d5965899aba8b589a66c289611726cd3c9f7902f,1050,1159,datacopy/Stefano/95262739997c7919e24b13e1d5965899aba8b589a66c289611726cd3c9f7902f,[1]
6147,8e909f89944527a7dda2f45809dd07f94f071f9fcf365ae95a577c3c7a215cb6,1050,1159,datacopy/Stefano/8e909f89944527a7dda2f45809dd07f94f071f9fcf365ae95a577c3c7a215cb6,[1]
6148,66a9c4780752954cbebd30e85fd6592374011ca281ff0791ca8cdeb75463e051,1050,1159,datacopy/Stefano/66a9c4780752954cbebd30e85fd6592374011ca281ff0791ca8cdeb75463e051,[1]
6149,c0b78bc20b418630aa14538e8887d37c1f220714e1d7b34d22916851f635ed6a,1051,715,datacopy/Stefano/c0b78bc20b418630aa14538e8887d37c1f220714e1d7b34d22916851f635ed6a,[1]
6150,9ba33b0cf254ac84903ae5db279321b0969353e36434dcbb1c028d3c2538422f,1051,715,datacopy/Stefano/9ba33b0cf254ac84903ae5db279321b0969353e36434dcbb1c028d3c2538422f,[1]
6151,dd60e7bb7b7c60ea5a776543c1398a8335c0a4e5abcd4948a7a28164f57c1b8d,1051,715,datacopy/Stefano/dd60e7bb7b7c60ea5a776543c1398a8335c0a4e5abcd4948a7a28164f57c1b8d,[1]
6152,fca8168111981ac5646904938638efa52373493f4d5f4cf5ebea5a272c3c8d17,1051,715,datacopy/Stefano/fca8168111981ac5646904938638efa52373493f4d5f4cf5ebea5a272c3c8d17,[1]
6153,85af28962d34322cdc3c2ed5df0339162d9ff63268a422c693a74f73c5b2df5f,1052,1154,datacopy/Stefano/85af28962d34322cdc3c2ed5df0339162d9ff63268a422c693a74f73c5b2df5f,[1]
6154,8382ace9c6d7293c8ed3ad78a5d474bd11c25f6a5dcb27d7534f7e1d6c757ad8,1052,1154,datacopy/Stefano/8382ace9c6d7293c8ed3ad78a5d474bd11c25f6a5dcb27d7534f7e1d6c757ad8,[1]
6155,fa3726f9ac0d024042aae7bb9288495298a61287f51923678716c436f2dfda9d,1052,1154,datacopy/Stefano/fa3726f9ac0d024042aae7bb9288495298a61287f51923678716c436f2dfda9d,[1]
6156,d8d5377296a0eb7599594726d0c93a4df085557a0ec51190904bf70291825582,1052,1154,datacopy/Stefano/d8d5377296a0eb7599594726d0c93a4df085557a0ec51190904bf70291825582,[1]
6157,350a1deccf111bcdca4dea8fe3a4370ddd0f229c.bin,1055,1815,datacopy/UCSB.JP/data_feed.geo_japan_6m_public_flag/3/5/0/350a1deccf111bcdca4dea8fe3a4370ddd0f229c.bin,"[6, 368]"
6158,bc2118de6b50f2b223c3bf714a91ebd9ec846647.bin,1055,1815,datacopy/UCSB/bc2118de6b50f2b223c3bf714a91ebd9ec846647.bin,"[6, 368]"
6159,a4f41db935373923e25f4c3ef6ff935ae99f8960.bin,1055,109,datacopy/UCSB/a4f41db935373923e25f4c3ef6ff935ae99f8960.bin,"[6, 368]"
6160,7c345b976cf4d4b524150220a4ef18ddfec32359.codex,1055,109,datacopy/CodexGiga/7c345b976cf4d4b524150220a4ef18ddfec32359.codex,"[6, 368]"
6161,12beaa490667d59b2bed123c36ce82175a3a8cea.codex,1055,109,datacopy/CodexGiga/12beaa490667d59b2bed123c36ce82175a3a8cea.codex,"[6, 368]"
6162,6736401e842919c163fc3d62b54d321e1bbc1205.codex,1055,109,datacopy/CodexGiga/6736401e842919c163fc3d62b54d321e1bbc1205.codex,"[6, 368]"
6163,1cd41f60f45b1f03ba316f826b7ffe9555c13a65a160deda0e36af2f08cd8525,1055,109,datacopy/Stefano/1cd41f60f45b1f03ba316f826b7ffe9555c13a65a160deda0e36af2f08cd8525,"[6, 368]"
6164,13759280bce1ad57480272b6020a9a3ae2cfcb8ad3e3e3b45926f14e56716694,21259,1459,datacopy/evasive-it/2019/13759280bce1ad57480272b6020a9a3ae2cfcb8ad3e3e3b45926f14e56716694,[3]
6165,13759280bce1ad57480272b6020a9a3ae2cfcb8ad3e3e3b45926f14e56716694,21259,1459,datacopy/evasive-it/2019/13759280bce1ad57480272b6020a9a3ae2cfcb8ad3e3e3b45926f14e56716694,[3]
6166,13759280bce1ad57480272b6020a9a3ae2cfcb8ad3e3e3b45926f14e56716694,21259,1459,datacopy/evasive-it/2019/13759280bce1ad57480272b6020a9a3ae2cfcb8ad3e3e3b45926f14e56716694,[3]
6167,13759280bce1ad57480272b6020a9a3ae2cfcb8ad3e3e3b45926f14e56716694,21259,1459,datacopy/evasive-it/2019/13759280bce1ad57480272b6020a9a3ae2cfcb8ad3e3e3b45926f14e56716694,[3]
6168,13759280bce1ad57480272b6020a9a3ae2cfcb8ad3e3e3b45926f14e56716694,21259,1459,datacopy/evasive-it/2019/13759280bce1ad57480272b6020a9a3ae2cfcb8ad3e3e3b45926f14e56716694,[3]
6169,79a07ef9978561a4403c0c7de656fa4276b9b51261ed68b063bee33e9617a7cc,21260,312,datacopy/evasive-it/2019/79a07ef9978561a4403c0c7de656fa4276b9b51261ed68b063bee33e9617a7cc,[1]
6170,79a07ef9978561a4403c0c7de656fa4276b9b51261ed68b063bee33e9617a7cc,21260,312,datacopy/evasive-it/2019/79a07ef9978561a4403c0c7de656fa4276b9b51261ed68b063bee33e9617a7cc,[1]
6171,79a07ef9978561a4403c0c7de656fa4276b9b51261ed68b063bee33e9617a7cc,21260,312,datacopy/evasive-it/2019/79a07ef9978561a4403c0c7de656fa4276b9b51261ed68b063bee33e9617a7cc,[1]
6172,79a07ef9978561a4403c0c7de656fa4276b9b51261ed68b063bee33e9617a7cc,21260,312,datacopy/evasive-it/2019/79a07ef9978561a4403c0c7de656fa4276b9b51261ed68b063bee33e9617a7cc,[1]
6173,79a07ef9978561a4403c0c7de656fa4276b9b51261ed68b063bee33e9617a7cc,21260,312,datacopy/evasive-it/2019/79a07ef9978561a4403c0c7de656fa4276b9b51261ed68b063bee33e9617a7cc,[1]
6174,62fd18964b5cdc8b9aa60bbe38d455eb72f2d3f805dd06d8daf0059e63967974,21262,1273,datacopy/evasive-it/2018/62fd18964b5cdc8b9aa60bbe38d455eb72f2d3f805dd06d8daf0059e63967974,[1]
6175,62fd18964b5cdc8b9aa60bbe38d455eb72f2d3f805dd06d8daf0059e63967974,21262,1273,datacopy/evasive-it/2018/62fd18964b5cdc8b9aa60bbe38d455eb72f2d3f805dd06d8daf0059e63967974,[1]
6176,62fd18964b5cdc8b9aa60bbe38d455eb72f2d3f805dd06d8daf0059e63967974,21262,1273,datacopy/evasive-it/2018/62fd18964b5cdc8b9aa60bbe38d455eb72f2d3f805dd06d8daf0059e63967974,[1]
6177,62fd18964b5cdc8b9aa60bbe38d455eb72f2d3f805dd06d8daf0059e63967974,21262,1273,datacopy/evasive-it/2018/62fd18964b5cdc8b9aa60bbe38d455eb72f2d3f805dd06d8daf0059e63967974,[1]
6178,62fd18964b5cdc8b9aa60bbe38d455eb72f2d3f805dd06d8daf0059e63967974,21262,1273,datacopy/evasive-it/2018/62fd18964b5cdc8b9aa60bbe38d455eb72f2d3f805dd06d8daf0059e63967974,[1]
6179,62fd18964b5cdc8b9aa60bbe38d455eb72f2d3f805dd06d8daf0059e63967974,21262,1273,datacopy/evasive-it/2018/62fd18964b5cdc8b9aa60bbe38d455eb72f2d3f805dd06d8daf0059e63967974,[1]
6180,Trojan-Spy.Win32.Stealer.debb-b58e634e48d4b316fae9c0b9b826aabaaf01276051e2a145985e22886b50461d,21265,1468,datacopy/evasive-it/2023/Trojan-Spy.Win32.Stealer.debb-b58e634e48d4b316fae9c0b9b826aabaaf01276051e2a145985e22886b50461d,[1]
6181,Trojan-Spy.Win32.Stealer.debb-b58e634e48d4b316fae9c0b9b826aabaaf01276051e2a145985e22886b50461d,21265,1468,datacopy/evasive-it/2023/Trojan-Spy.Win32.Stealer.debb-b58e634e48d4b316fae9c0b9b826aabaaf01276051e2a145985e22886b50461d,[1]
6182,Trojan-Spy.Win32.Stealer.debb-b58e634e48d4b316fae9c0b9b826aabaaf01276051e2a145985e22886b50461d,21265,1468,datacopy/evasive-it/2023/Trojan-Spy.Win32.Stealer.debb-b58e634e48d4b316fae9c0b9b826aabaaf01276051e2a145985e22886b50461d,[1]
6183,Trojan-Spy.Win32.Stealer.debb-b58e634e48d4b316fae9c0b9b826aabaaf01276051e2a145985e22886b50461d,21265,1468,datacopy/evasive-it/2023/Trojan-Spy.Win32.Stealer.debb-b58e634e48d4b316fae9c0b9b826aabaaf01276051e2a145985e22886b50461d,[1]
6184,Trojan-Spy.Win32.Stealer.debb-b58e634e48d4b316fae9c0b9b826aabaaf01276051e2a145985e22886b50461d,21265,1468,datacopy/evasive-it/2023/Trojan-Spy.Win32.Stealer.debb-b58e634e48d4b316fae9c0b9b826aabaaf01276051e2a145985e22886b50461d,[1]
6185,Trojan-Spy.Win32.Stealer.debb-b58e634e48d4b316fae9c0b9b826aabaaf01276051e2a145985e22886b50461d,21265,1468,datacopy/evasive-it/2023/Trojan-Spy.Win32.Stealer.debb-b58e634e48d4b316fae9c0b9b826aabaaf01276051e2a145985e22886b50461d,[1]
6186,8e6a001557ae4d090725c76a2b03487c5c6dabd4.bin,21267,1986,datacopy/UCSB.JP/data_feed.geo_japan_6m_public_flag/8/e/6/8e6a001557ae4d090725c76a2b03487c5c6dabd4.bin,[3]
6187,8e6a001557ae4d090725c76a2b03487c5c6dabd4.bin,21267,1986,datacopy/UCSB.JP/data_feed.geo_japan_6m_public_flag/8/e/6/8e6a001557ae4d090725c76a2b03487c5c6dabd4.bin,[3]
6188,8e6a001557ae4d090725c76a2b03487c5c6dabd4.bin,21267,1986,datacopy/UCSB.JP/data_feed.geo_japan_6m_public_flag/8/e/6/8e6a001557ae4d090725c76a2b03487c5c6dabd4.bin,[3]
6189,8e6a001557ae4d090725c76a2b03487c5c6dabd4.bin,21267,1986,datacopy/UCSB.JP/data_feed.geo_japan_6m_public_flag/8/e/6/8e6a001557ae4d090725c76a2b03487c5c6dabd4.bin,[3]
6190,8e6a001557ae4d090725c76a2b03487c5c6dabd4.bin,21267,1986,datacopy/UCSB.JP/data_feed.geo_japan_6m_public_flag/8/e/6/8e6a001557ae4d090725c76a2b03487c5c6dabd4.bin,[3]
6191,8e6a001557ae4d090725c76a2b03487c5c6dabd4.bin,21267,1986,datacopy/UCSB.JP/data_feed.geo_japan_6m_public_flag/8/e/6/8e6a001557ae4d090725c76a2b03487c5c6dabd4.bin,[3]
6192,8e6a001557ae4d090725c76a2b03487c5c6dabd4.bin,21267,1986,datacopy/UCSB.JP/data_feed.geo_japan_6m_public_flag/8/e/6/8e6a001557ae4d090725c76a2b03487c5c6dabd4.bin,[3]
6193,acde855f82379a91cb7f769f1046a5b3fc64691353db5f97e4a4df9f9ef63843,21269,1273,datacopy/evasive-it/2019/acde855f82379a91cb7f769f1046a5b3fc64691353db5f97e4a4df9f9ef63843,[1]
6194,acde855f82379a91cb7f769f1046a5b3fc64691353db5f97e4a4df9f9ef63843,21269,1273,datacopy/evasive-it/2019/acde855f82379a91cb7f769f1046a5b3fc64691353db5f97e4a4df9f9ef63843,[1]
6195,acde855f82379a91cb7f769f1046a5b3fc64691353db5f97e4a4df9f9ef63843,21269,1273,datacopy/evasive-it/2019/acde855f82379a91cb7f769f1046a5b3fc64691353db5f97e4a4df9f9ef63843,[1]
6196,acde855f82379a91cb7f769f1046a5b3fc64691353db5f97e4a4df9f9ef63843,21269,1273,datacopy/evasive-it/2019/acde855f82379a91cb7f769f1046a5b3fc64691353db5f97e4a4df9f9ef63843,[1]
6197,acde855f82379a91cb7f769f1046a5b3fc64691353db5f97e4a4df9f9ef63843,21269,1273,datacopy/evasive-it/2019/acde855f82379a91cb7f769f1046a5b3fc64691353db5f97e4a4df9f9ef63843,[1]
6198,2b337550dbcc817d4d71433cb2179657d99f90045d1ce0b6bcdac7e38f82faee,21273,1459,datacopy/evasive-it/2019/2b337550dbcc817d4d71433cb2179657d99f90045d1ce0b6bcdac7e38f82faee,[3]
6199,2b337550dbcc817d4d71433cb2179657d99f90045d1ce0b6bcdac7e38f82faee,21273,1459,datacopy/evasive-it/2019/2b337550dbcc817d4d71433cb2179657d99f90045d1ce0b6bcdac7e38f82faee,[3]
6200,2b337550dbcc817d4d71433cb2179657d99f90045d1ce0b6bcdac7e38f82faee,21273,1459,datacopy/evasive-it/2019/2b337550dbcc817d4d71433cb2179657d99f90045d1ce0b6bcdac7e38f82faee,[3]
6201,2b337550dbcc817d4d71433cb2179657d99f90045d1ce0b6bcdac7e38f82faee,21273,1459,datacopy/evasive-it/2019/2b337550dbcc817d4d71433cb2179657d99f90045d1ce0b6bcdac7e38f82faee,[3]
6202,2b337550dbcc817d4d71433cb2179657d99f90045d1ce0b6bcdac7e38f82faee,21273,1459,datacopy/evasive-it/2019/2b337550dbcc817d4d71433cb2179657d99f90045d1ce0b6bcdac7e38f82faee,[3]
6203,2b337550dbcc817d4d71433cb2179657d99f90045d1ce0b6bcdac7e38f82faee,21273,1459,datacopy/evasive-it/2019/2b337550dbcc817d4d71433cb2179657d99f90045d1ce0b6bcdac7e38f82faee,[3]
6204,Boleto_CB050200344198902_Documento.exe,44127,2,datacopy/BB/Files/2016-11-16/Boleto_CB050200344198902_Documento.exe,[2]
6205,Boleto_CB050200344198902_Documento.exe,44127,2,datacopy/BB/Files/2016-11-16/Boleto_CB050200344198902_Documento.exe,[2]
6206,Boleto_CB050200344198902_Documento.exe,44127,2,datacopy/BB/Files/2016-11-16/Boleto_CB050200344198902_Documento.exe,[2]
6207,2Via.Boletos.exe,46851,2,datacopy/BB/Files/2012-04-23/2Via.Boletos.exe,[2]
6208,2Via.Boletos.exe,46851,2,datacopy/BB/Files/2012-04-23/2Via.Boletos.exe,[2]
6209,2Via.Boletos.exe,46851,2,datacopy/BB/Files/2012-04-23/2Via.Boletos.exe,[2]
6210,2Via.Boletos.exe,46851,2,datacopy/BB/Files/2012-04-23/2Via.Boletos.exe,[2]
6211,2Via.Boletos.exe,46851,2,datacopy/BB/Files/2012-04-23/2Via.Boletos.exe,[2]
6212,boleto2via.exe,48391,2,datacopy/BB/Files/2012-05-23/boleto2via.exe,[2]
6213,boleto2via.exe,48391,2,datacopy/BB/Files/2012-05-23/boleto2via.exe,[2]
6214,boleto2via.exe,48391,2,datacopy/BB/Files/2012-05-23/boleto2via.exe,[2]
6215,boleto2via.exe,48391,2,datacopy/BB/Files/2012-05-23/boleto2via.exe,[2]
6216,DemostrativoExtrato.exe,48497,2,datacopy/BB/Files/2017-04-25/DemostrativoExtrato.exe,[2]
6217,DemostrativoExtrato.exe,48497,2,datacopy/BB/Files/2017-04-25/DemostrativoExtrato.exe,[2]
6218,DemostrativoExtrato.exe,48497,2,datacopy/BB/Files/2017-04-25/DemostrativoExtrato.exe,[2]
6219,DemostrativoExtrato.exe,48497,2,datacopy/BB/Files/2017-04-25/DemostrativoExtrato.exe,[2]
6220,DemostrativoExtrato.exe,48497,2,datacopy/BB/Files/2017-04-25/DemostrativoExtrato.exe,[2]
6221,Danielle_bonventura-Curriculum.exe,48701,2,datacopy/BB/Files/2015-01-20/Danielle_bonventura-Curriculum.exe,[2]
6222,Danielle_bonventura-Curriculum.exe,48701,2,datacopy/BB/Files/2015-01-20/Danielle_bonventura-Curriculum.exe,[2]
6223,Danielle_bonventura-Curriculum.exe,48701,2,datacopy/BB/Files/2015-01-20/Danielle_bonventura-Curriculum.exe,[2]
6224,Danielle_bonventura-Curriculum.exe,48701,2,datacopy/BB/Files/2015-01-20/Danielle_bonventura-Curriculum.exe,[2]
6225,Danielle_bonventura-Curriculum.exe,48701,2,datacopy/BB/Files/2015-01-20/Danielle_bonventura-Curriculum.exe,[2]
6226,Danielle_bonventura-Curriculum.exe,48701,2,datacopy/BB/Files/2015-01-20/Danielle_bonventura-Curriculum.exe,[2]
6227,Danielle_bonventura-Curriculum.exe,48701,2,datacopy/BB/Files/2015-01-20/Danielle_bonventura-Curriculum.exe,[2]
6228,Danielle_bonventura-Curriculum.exe,48701,2,datacopy/BB/Files/2015-01-20/Danielle_bonventura-Curriculum.exe,[2]
6229,Danielle_bonventura-Curriculum.exe,48701,2,datacopy/BB/Files/2015-01-20/Danielle_bonventura-Curriculum.exe,[2]
6230,Danielle_bonventura-Curriculum.exe,48701,2,datacopy/BB/Files/2015-01-20/Danielle_bonventura-Curriculum.exe,[2]
6231,gccheck_small.exe,48799,3,datacopy/BB/Files/2019-08-21/gccheck_small.exe,[3]
6232,gccheck_small.exe,48799,3,datacopy/BB/Files/2019-08-21/gccheck_small.exe,[3]
6233,gccheck_small.exe,48799,3,datacopy/BB/Files/2019-08-21/gccheck_small.exe,[3]
6234,gccheck_small.exe,48799,3,datacopy/BB/Files/2019-08-21/gccheck_small.exe,[3]
6235,gccheck_small.exe,48799,3,datacopy/BB/Files/2019-08-21/gccheck_small.exe,[3]
6236,Segunda_via-NotaFiscal.exe,48830,2,datacopy/BB/Files/2017-06-23/Segunda_via-NotaFiscal.exe,[2]
6237,Segunda_via-NotaFiscal.exe,48830,2,datacopy/BB/Files/2017-06-23/Segunda_via-NotaFiscal.exe,[2]
6238,Segunda_via-NotaFiscal.exe,48830,2,datacopy/BB/Files/2017-06-23/Segunda_via-NotaFiscal.exe,[2]
6239,VENDAS-cleosvaldo.cpl,49697,3,datacopy/BB/Files/2014-05-20/VENDAS-cleosvaldo.cpl,[3]
6240,VENDAS-cleosvaldo.cpl,49697,3,datacopy/BB/Files/2014-05-20/VENDAS-cleosvaldo.cpl,[3]
6241,VENDAS-cleosvaldo.cpl,49697,3,datacopy/BB/Files/2014-05-20/VENDAS-cleosvaldo.cpl,[3]
6242,VENDAS-cleosvaldo.cpl,49697,3,datacopy/BB/Files/2014-05-20/VENDAS-cleosvaldo.cpl,[3]
6243,View_Comunidado_Serasa.cpl,50468,2,datacopy/BB/Files/2013-08-20/View_Comunidado_Serasa.cpl,[2]
6244,View_Comunidado_Serasa.cpl,50468,2,datacopy/BB/Files/2013-08-20/View_Comunidado_Serasa.cpl,[2]
6245,View_Comunidado_Serasa.cpl,50468,2,datacopy/BB/Files/2013-08-20/View_Comunidado_Serasa.cpl,[2]
6246,Comprovante.com.exe,50613,129,datacopy/BB/Files/2014-05-09/Comprovante.com.exe,[1]
6247,Comprovante.com.exe,50613,129,datacopy/BB/Files/2014-05-09/Comprovante.com.exe,[1]
6248,tabela-de-orcamento.exe,50626,2,datacopy/BB/Files/2012-05-29/tabela-de-orcamento.exe,[2]
6249,tabela-de-orcamento.exe,50626,2,datacopy/BB/Files/2012-05-29/tabela-de-orcamento.exe,[2]
6250,tabela-de-orcamento.exe,50626,2,datacopy/BB/Files/2012-05-29/tabela-de-orcamento.exe,[2]
6251,tabela-de-orcamento.exe,50626,2,datacopy/BB/Files/2012-05-29/tabela-de-orcamento.exe,[2]
6252,tabela-de-orcamento.exe,50626,2,datacopy/BB/Files/2012-05-29/tabela-de-orcamento.exe,[2]
6253,msgrss.exe,50884,36,datacopy/BB/Files/2012-03-15/msgrss.exe,[1]
6254,msgrss.exe,50884,36,datacopy/BB/Files/2012-03-15/msgrss.exe,[1]
6255,msgrss.exe,50884,36,datacopy/BB/Files/2012-03-15/msgrss.exe,[1]
6256,chrome.exe_null.exe,51848,3,datacopy/BB/Files/2015-10-02/chrome.exe_null.exe,[3]
6257,chrome.exe_null.exe,51848,3,datacopy/BB/Files/2015-10-02/chrome.exe_null.exe,[3]
6258,chrome.exe_null.exe,51848,3,datacopy/BB/Files/2015-10-02/chrome.exe_null.exe,[3]
6259,chrome.exe_null.exe,51848,3,datacopy/BB/Files/2015-10-02/chrome.exe_null.exe,[3]
6260,chrome.exe_null.exe,51848,3,datacopy/BB/Files/2015-10-02/chrome.exe_null.exe,[3]
6261,Conversas_Historico.cpl,52962,104,datacopy/BB/Files/2012-07-18/Conversas_Historico.cpl,[1]
6262,Conversas_Historico.cpl,52962,104,datacopy/BB/Files/2012-07-18/Conversas_Historico.cpl,[1]
6263,Conversas_Historico.cpl,52962,104,datacopy/BB/Files/2012-07-18/Conversas_Historico.cpl,[1]
6264,Conversas_Historico.cpl,52962,104,datacopy/BB/Files/2012-07-18/Conversas_Historico.cpl,[1]
6265,Conversas_Historico.cpl,52962,104,datacopy/BB/Files/2012-07-18/Conversas_Historico.cpl,[1]
6266,Conversas_Historico.cpl,52962,104,datacopy/BB/Files/2012-07-18/Conversas_Historico.cpl,[1]
6267,atualizacaowindows.exe,53014,2,datacopy/BB/Files/2015-08-12/atualizacaowindows.exe,[2]
6268,atualizacaowindows.exe,53014,2,datacopy/BB/Files/2015-08-12/atualizacaowindows.exe,[2]
6269,atualizacaowindows.exe,53014,2,datacopy/BB/Files/2015-08-12/atualizacaowindows.exe,[2]
6270,atualizacaowindows.exe,53014,2,datacopy/BB/Files/2015-08-12/atualizacaowindows.exe,[2]
6271,atualizacaowindows.exe,53014,2,datacopy/BB/Files/2015-08-12/atualizacaowindows.exe,[2]
6272,atualizacaowindows.exe,53014,2,datacopy/BB/Files/2015-08-12/atualizacaowindows.exe,[2]
6273,NFe_pedido_10039427.XML.exe,53255,75,datacopy/BB/Files/2014-08-12/NFe_pedido_10039427.XML.exe,[1]
6274,NFe_pedido_10039427.XML.exe,53255,75,datacopy/BB/Files/2014-08-12/NFe_pedido_10039427.XML.exe,[1]
6275,Comunicado_Debito_ReceitaFederal.cpl,53359,2,datacopy/BB/Files/2014-12-04/Comunicado_Debito_ReceitaFederal.cpl,[2]
6276,Comunicado_Debito_ReceitaFederal.cpl,53359,2,datacopy/BB/Files/2014-12-04/Comunicado_Debito_ReceitaFederal.cpl,[2]
6277,Comunicado_Debito_ReceitaFederal.cpl,53359,2,datacopy/BB/Files/2014-12-04/Comunicado_Debito_ReceitaFederal.cpl,[2]
6278,Comunicado_Debito_ReceitaFederal.cpl,53359,2,datacopy/BB/Files/2014-12-04/Comunicado_Debito_ReceitaFederal.cpl,[2]
6279,Comunicado_Debito_ReceitaFederal.cpl,53359,2,datacopy/BB/Files/2014-12-04/Comunicado_Debito_ReceitaFederal.cpl,[2]
6280,Comunicado_Debito_ReceitaFederal.cpl,53359,2,datacopy/BB/Files/2014-12-04/Comunicado_Debito_ReceitaFederal.cpl,[2]
6281,Comunicado_Debito_ReceitaFederal.cpl,53359,2,datacopy/BB/Files/2014-12-04/Comunicado_Debito_ReceitaFederal.cpl,[2]
6282,Bra_Comprovante.pdf.exe,53771,2,datacopy/BB/Files/2015-02-03/Bra_Comprovante.pdf.exe,[2]
6283,Bra_Comprovante.pdf.exe,53771,2,datacopy/BB/Files/2015-02-03/Bra_Comprovante.pdf.exe,[2]
6284,Bra_Comprovante.pdf.exe,53771,2,datacopy/BB/Files/2015-02-03/Bra_Comprovante.pdf.exe,[2]
6285,Bra_Comprovante.pdf.exe,53771,2,datacopy/BB/Files/2015-02-03/Bra_Comprovante.pdf.exe,[2]
6286,Bra_Comprovante.pdf.exe,53771,2,datacopy/BB/Files/2015-02-03/Bra_Comprovante.pdf.exe,[2]
6287,Bra_Comprovante.pdf.exe,53771,2,datacopy/BB/Files/2015-02-03/Bra_Comprovante.pdf.exe,[2]
6288,Bra_Comprovante.pdf.exe,53771,2,datacopy/BB/Files/2015-02-03/Bra_Comprovante.pdf.exe,[2]
6289,Bra_Comprovante.pdf.exe,53771,2,datacopy/BB/Files/2015-02-03/Bra_Comprovante.pdf.exe,[2]
6290,Bra_Comprovante.pdf.exe,53771,2,datacopy/BB/Files/2015-02-03/Bra_Comprovante.pdf.exe,[2]
6291,Bra_Comprovante.pdf.exe,53771,2,datacopy/BB/Files/2015-02-03/Bra_Comprovante.pdf.exe,[2]
6292,Bra_Comprovante.pdf.exe,53771,2,datacopy/BB/Files/2015-02-03/Bra_Comprovante.pdf.exe,[2]
6293,Bra_Comprovante.pdf.exe,53771,2,datacopy/BB/Files/2015-02-03/Bra_Comprovante.pdf.exe,[2]
6294,Bra_Comprovante.pdf.exe,53771,2,datacopy/BB/Files/2015-02-03/Bra_Comprovante.pdf.exe,[2]
6295,notepad_protected1.tmp.exe,54821,3,datacopy/BB/Files/2012-05-21/notepad_protected1.tmp.exe,[3]
6296,notepad_protected1.tmp.exe,54821,3,datacopy/BB/Files/2012-05-21/notepad_protected1.tmp.exe,[3]
6297,notepad_protected1.tmp.exe,54821,3,datacopy/BB/Files/2012-05-21/notepad_protected1.tmp.exe,[3]
6298,notepad_protected1.tmp.exe,54821,3,datacopy/BB/Files/2012-05-21/notepad_protected1.tmp.exe,[3]
6299,notepad_protected1.tmp.exe,54821,3,datacopy/BB/Files/2012-05-21/notepad_protected1.tmp.exe,[3]
6300,if_down.exe,54939,3,datacopy/BB/Files/2012-12-10/if_down.exe,[3]
6301,if_down.exe,54939,3,datacopy/BB/Files/2012-12-10/if_down.exe,[3]
6302,if_down.exe,54939,3,datacopy/BB/Files/2012-12-10/if_down.exe,[3]
6303,if_down.exe,54939,3,datacopy/BB/Files/2012-12-10/if_down.exe,[3]
6304,isystem.exe,54960,3,datacopy/BB/Files/2014-04-04/isystem.exe,[3]
6305,isystem.exe,54960,3,datacopy/BB/Files/2014-04-04/isystem.exe,[3]
6306,isystem.exe,54960,3,datacopy/BB/Files/2014-04-04/isystem.exe,[3]
6307,isystem.exe,54960,3,datacopy/BB/Files/2014-04-04/isystem.exe,[3]
6308,isystem.exe,54960,3,datacopy/BB/Files/2014-04-04/isystem.exe,[3]
6309,isystem.exe,54960,3,datacopy/BB/Files/2014-04-04/isystem.exe,[3]
6310,Proposta_Negociacao.cmd.exe,54961,57,datacopy/BB/Files/2013-12-10/Proposta_Negociacao.cmd.exe,[1]
6311,Proposta_Negociacao.cmd.exe,54961,57,datacopy/BB/Files/2013-12-10/Proposta_Negociacao.cmd.exe,[1]
6312,Proposta_Negociacao.cmd.exe,54961,57,datacopy/BB/Files/2013-12-10/Proposta_Negociacao.cmd.exe,[1]
6313,0B7O5y6iZRNH4ZFFmYzgzMXJhdmc.exe,55352,174,datacopy/BB/Files/2012-04-27/0B7O5y6iZRNH4ZFFmYzgzMXJhdmc.exe,[1]
6314,0B7O5y6iZRNH4ZFFmYzgzMXJhdmc.exe,55352,174,datacopy/BB/Files/2012-04-27/0B7O5y6iZRNH4ZFFmYzgzMXJhdmc.exe,[1]
6315,0B7O5y6iZRNH4ZFFmYzgzMXJhdmc.exe,55352,174,datacopy/BB/Files/2012-04-27/0B7O5y6iZRNH4ZFFmYzgzMXJhdmc.exe,[1]
6316,0B7O5y6iZRNH4ZFFmYzgzMXJhdmc.exe,55352,174,datacopy/BB/Files/2012-04-27/0B7O5y6iZRNH4ZFFmYzgzMXJhdmc.exe,[1]
6317,0B7O5y6iZRNH4ZFFmYzgzMXJhdmc.exe,55352,174,datacopy/BB/Files/2012-04-27/0B7O5y6iZRNH4ZFFmYzgzMXJhdmc.exe,[1]
6318,0B7O5y6iZRNH4ZFFmYzgzMXJhdmc.exe,55352,174,datacopy/BB/Files/2012-04-27/0B7O5y6iZRNH4ZFFmYzgzMXJhdmc.exe,[1]
6319,0B7O5y6iZRNH4ZFFmYzgzMXJhdmc.exe,55352,174,datacopy/BB/Files/2012-04-27/0B7O5y6iZRNH4ZFFmYzgzMXJhdmc.exe,[1]
6320,0B7O5y6iZRNH4ZFFmYzgzMXJhdmc.exe,55352,174,datacopy/BB/Files/2012-04-27/0B7O5y6iZRNH4ZFFmYzgzMXJhdmc.exe,[1]
6321,0B7O5y6iZRNH4ZFFmYzgzMXJhdmc.exe,55352,174,datacopy/BB/Files/2012-04-27/0B7O5y6iZRNH4ZFFmYzgzMXJhdmc.exe,[1]
6322,atmlib.dll,55399,3,datacopy/BB/Files/2013-08-20/atmlib.dll,[3]
6323,atmlib.dll,55399,3,datacopy/BB/Files/2013-08-20/atmlib.dll,[3]
6324,atmlib.dll,55399,3,datacopy/BB/Files/2013-08-20/atmlib.dll,[3]
6325,atmlib.dll,55399,3,datacopy/BB/Files/2013-08-20/atmlib.dll,[3]
6326,atmlib.dll,55399,3,datacopy/BB/Files/2013-08-20/atmlib.dll,[3]
6327,atmlib.dll,55399,3,datacopy/BB/Files/2013-08-20/atmlib.dll,[3]
6328,atmlib.dll,55399,3,datacopy/BB/Files/2013-08-20/atmlib.dll,[3]
6329,atmlib.dll,55399,3,datacopy/BB/Files/2013-08-20/atmlib.dll,[3]
6330,atmlib.dll,55399,3,datacopy/BB/Files/2013-08-20/atmlib.dll,[3]
6331,atmlib.dll,55399,3,datacopy/BB/Files/2013-08-20/atmlib.dll,[3]
6332,atmlib.dll,55399,3,datacopy/BB/Files/2013-08-20/atmlib.dll,[3]
6333,atmlib.dll,55399,3,datacopy/BB/Files/2013-08-20/atmlib.dll,[3]
6334,atmlib.dll,55399,3,datacopy/BB/Files/2013-08-20/atmlib.dll,[3]
6335,atmlib.dll,55399,3,datacopy/BB/Files/2013-08-20/atmlib.dll,[3]
6336,atmlib.dll,55399,3,datacopy/BB/Files/2013-08-20/atmlib.dll,[3]
6337,atmlib.dll,55399,3,datacopy/BB/Files/2013-08-20/atmlib.dll,[3]
6338,install_flash.exe,55469,2,datacopy/BB/Files/2014-08-29/install_flash.exe,[2]
6339,install_flash.exe,55469,2,datacopy/BB/Files/2014-08-29/install_flash.exe,[2]
6340,install_flash.exe,55469,2,datacopy/BB/Files/2014-08-29/install_flash.exe,[2]
6341,install_flash.exe,55469,2,datacopy/BB/Files/2014-08-29/install_flash.exe,[2]
6342,install_flash.exe,55469,2,datacopy/BB/Files/2014-08-29/install_flash.exe,[2]
6343,install_flash.exe,55469,2,datacopy/BB/Files/2014-08-29/install_flash.exe,[2]
6344,install_flash.exe,55469,2,datacopy/BB/Files/2014-08-29/install_flash.exe,[2]
6345,Exibir-MeuVivoFatura_DocumentoAdobe.exe,55739,2,datacopy/BB/Files/2016-11-07/Exibir-MeuVivoFatura_DocumentoAdobe.exe,[2]
6346,Exibir-MeuVivoFatura_DocumentoAdobe.exe,55739,2,datacopy/BB/Files/2016-11-07/Exibir-MeuVivoFatura_DocumentoAdobe.exe,[2]
6347,Exibir-MeuVivoFatura_DocumentoAdobe.exe,55739,2,datacopy/BB/Files/2016-11-07/Exibir-MeuVivoFatura_DocumentoAdobe.exe,[2]
6348,Exibir-MeuVivoFatura_DocumentoAdobe.exe,55739,2,datacopy/BB/Files/2016-11-07/Exibir-MeuVivoFatura_DocumentoAdobe.exe,[2]
6349,Exibir-MeuVivoFatura_DocumentoAdobe.exe,55739,2,datacopy/BB/Files/2016-11-07/Exibir-MeuVivoFatura_DocumentoAdobe.exe,[2]
6350,Exibir-MeuVivoFatura_DocumentoAdobe.exe,55739,2,datacopy/BB/Files/2016-11-07/Exibir-MeuVivoFatura_DocumentoAdobe.exe,[2]
6351,Exibir-MeuVivoFatura_DocumentoAdobe.exe,55739,2,datacopy/BB/Files/2016-11-07/Exibir-MeuVivoFatura_DocumentoAdobe.exe,[2]
6352,2.via.boleto.imprimir.visualizar.com,55814,2,datacopy/BB/Files/2013-02-18/2.via.boleto.imprimir.visualizar.com,[2]
6353,2.via.boleto.imprimir.visualizar.com,55814,2,datacopy/BB/Files/2013-02-18/2.via.boleto.imprimir.visualizar.com,[2]
6354,2.via.boleto.imprimir.visualizar.com,55814,2,datacopy/BB/Files/2013-02-18/2.via.boleto.imprimir.visualizar.com,[2]
6355,2.via.boleto.imprimir.visualizar.com,55814,2,datacopy/BB/Files/2013-02-18/2.via.boleto.imprimir.visualizar.com,[2]
6356,Historicowhatsapp.exe,56043,2,datacopy/BB/Files/2015-10-14/Historicowhatsapp.exe,[2]
6357,Historicowhatsapp.exe,56043,2,datacopy/BB/Files/2015-10-14/Historicowhatsapp.exe,[2]
6358,Historicowhatsapp.exe,56043,2,datacopy/BB/Files/2015-10-14/Historicowhatsapp.exe,[2]
6359,Historicowhatsapp.exe,56043,2,datacopy/BB/Files/2015-10-14/Historicowhatsapp.exe,[2]
6360,Historicowhatsapp.exe,56043,2,datacopy/BB/Files/2015-10-14/Historicowhatsapp.exe,[2]
6361,ModuloBB_install.exe,56152,62,datacopy/BB/Files/2014-01-10/ModuloBB_install.exe,[11]
6362,ModuloBB_install.exe,56152,62,datacopy/BB/Files/2014-01-10/ModuloBB_install.exe,[11]
6363,ModuloBB_install.exe,56152,62,datacopy/BB/Files/2014-01-10/ModuloBB_install.exe,[11]
6364,ModuloBB_install.exe,56152,62,datacopy/BB/Files/2014-01-10/ModuloBB_install.exe,[11]
6365,ModuloBB_install.exe,56152,62,datacopy/BB/Files/2014-01-10/ModuloBB_install.exe,[11]
6366,ModuloBB_install.exe,56152,62,datacopy/BB/Files/2014-01-10/ModuloBB_install.exe,[11]
6367,ModuloBB_install.exe,56152,62,datacopy/BB/Files/2014-01-10/ModuloBB_install.exe,[11]
6368,ModuloBB_install.exe,56152,62,datacopy/BB/Files/2014-01-10/ModuloBB_install.exe,[11]
6369,ModuloBB_install.exe,56152,62,datacopy/BB/Files/2014-01-10/ModuloBB_install.exe,[11]
6370,ModuloBB_install.exe,56152,62,datacopy/BB/Files/2014-01-10/ModuloBB_install.exe,[11]
6371,ModuloBB_install.exe,56152,62,datacopy/BB/Files/2014-01-10/ModuloBB_install.exe,[11]
6372,ModuloBB_install.exe,56152,62,datacopy/BB/Files/2014-01-10/ModuloBB_install.exe,[11]
6373,ModuloBB_install.exe,56152,62,datacopy/BB/Files/2014-01-10/ModuloBB_install.exe,[11]
6374,midiawin.exe,56187,3,datacopy/BB/Files/2014-04-04/midiawin.exe,[3]
6375,midiawin.exe,56187,3,datacopy/BB/Files/2014-04-04/midiawin.exe,[3]
6376,midiawin.exe,56187,3,datacopy/BB/Files/2014-04-04/midiawin.exe,[3]
6377,midiawin.exe,56187,3,datacopy/BB/Files/2014-04-04/midiawin.exe,[3]
6378,midiawin.exe,56187,3,datacopy/BB/Files/2014-04-04/midiawin.exe,[3]
6379,midiawin.exe,56187,3,datacopy/BB/Files/2014-04-04/midiawin.exe,[3]
6380,midiawin.exe,56187,3,datacopy/BB/Files/2014-04-04/midiawin.exe,[3]
6381,midiawin.exe,56187,3,datacopy/BB/Files/2014-04-04/midiawin.exe,[3]
6382,midiawin.exe,56187,3,datacopy/BB/Files/2014-04-04/midiawin.exe,[3]
6383,midiawin.exe,56187,3,datacopy/BB/Files/2014-04-04/midiawin.exe,[3]
6384,midiawin.exe,56187,3,datacopy/BB/Files/2014-04-04/midiawin.exe,[3]
6385,midiawin.exe,56187,3,datacopy/BB/Files/2014-04-04/midiawin.exe,[3]
6386,midiawin.exe,56187,3,datacopy/BB/Files/2014-04-04/midiawin.exe,[3]
6387,midiawin.exe,56187,3,datacopy/BB/Files/2014-04-04/midiawin.exe,[3]
6388,midiawin.exe,56187,3,datacopy/BB/Files/2014-04-04/midiawin.exe,[3]
6389,midiawin.exe,56187,3,datacopy/BB/Files/2014-04-04/midiawin.exe,[3]
6390,midiawin.exe,56187,3,datacopy/BB/Files/2014-04-04/midiawin.exe,[3]
6391,midiawin.exe,56187,3,datacopy/BB/Files/2014-04-04/midiawin.exe,[3]
6392,midiawin.exe,56187,3,datacopy/BB/Files/2014-04-04/midiawin.exe,[3]
6393,midiawin.exe,56187,3,datacopy/BB/Files/2014-04-04/midiawin.exe,[3]
6394,midiawin.exe,56187,3,datacopy/BB/Files/2014-04-04/midiawin.exe,[3]
6395,midiawin.exe,56187,3,datacopy/BB/Files/2014-04-04/midiawin.exe,[3]
6396,midiawin.exe,56187,3,datacopy/BB/Files/2014-04-04/midiawin.exe,[3]
6397,midiawin.exe,56187,3,datacopy/BB/Files/2014-04-04/midiawin.exe,[3]
6398,midiawin.exe,56187,3,datacopy/BB/Files/2014-04-04/midiawin.exe,[3]
6399,midiawin.exe,56187,3,datacopy/BB/Files/2014-04-04/midiawin.exe,[3]
6400,midiawin.exe,56187,3,datacopy/BB/Files/2014-04-04/midiawin.exe,[3]
