,File_Name,Cluster_Label_A,Cluster_Label_B,File_Path,best_k_value
0,HEUR-Worm.Win32.Pluto.gen-8b86e05a29d3f5baf4e579364eb42f96746366bd1fab0435272f6b619be880d1,1,1459,datacopy/evasive-it/2022/HEUR-Worm.Win32.Pluto.gen-8b86e05a29d3f5baf4e579364eb42f96746366bd1fab0435272f6b619be880d1,3
1,0446c62360dc6624848a1482d3afbcc2d1febe0eab988cc40c523a39900ff7c9,1,1459,datacopy/evasive-it/2019/0446c62360dc6624848a1482d3afbcc2d1febe0eab988cc40c523a39900ff7c9,3
2,0aac654bbbc74f1b65d7aa9b15760209cabf08b4370b81eab536b4682a9d3f72,1,1459,datacopy/evasive-it/2019/0aac654bbbc74f1b65d7aa9b15760209cabf08b4370b81eab536b4682a9d3f72,3
3,401f1311820e9643f55a2a0de84bd122c7180575b8fde9a32a1977da8922816e,1,1459,datacopy/evasive-it/2018/401f1311820e9643f55a2a0de84bd122c7180575b8fde9a32a1977da8922816e,3
4,Trojan.Win32.Bublik.elhu-0cbefd9fa36902937cb5e57f8b7fb1a476498c6dd4fc0fcdee2bfbba5b0e9bce,2,312,datacopy/evasive-it/2022/Trojan.Win32.Bublik.elhu-0cbefd9fa36902937cb5e57f8b7fb1a476498c6dd4fc0fcdee2bfbba5b0e9bce,1
5,3352d58cf5fc633b53d1533f1eac4e43e5d30b6092b9e3bb6fd86538ef406a54,2,312,datacopy/evasive-it/2019/3352d58cf5fc633b53d1533f1eac4e43e5d30b6092b9e3bb6fd86538ef406a54,1
6,bb37698253ee83d6e0d88995e573a81a488b12901d33b24e2a59a54296dcac55,2,312,datacopy/evasive-it/2019/bb37698253ee83d6e0d88995e573a81a488b12901d33b24e2a59a54296dcac55,1
7,42f37e99d881d259151825dde0c53ee9a92fc100be83170c55ad203a5292fa32,4,1476,datacopy/evasive-it/2018/42f37e99d881d259151825dde0c53ee9a92fc100be83170c55ad203a5292fa32,9
8,0fb2d68700e9810079b05af555542765aaf0ea5e.bin,4,1476,datacopy/UCSB/0fb2d68700e9810079b05af555542765aaf0ea5e.bin,9
9,f5d95d1b2ae080cdf0a3b28d881d3f53aa79c100.bin,4,1476,datacopy/UCSB/f5d95d1b2ae080cdf0a3b28d881d3f53aa79c100.bin,9
10,44a4968f9148143cff3e5aaafbb663d3038ae580.bin,4,1476,datacopy/UCSB/44a4968f9148143cff3e5aaafbb663d3038ae580.bin,9
11,9e3520a7a2174b43450d277e1cf1d37c1f69674a.bin,4,1476,datacopy/UCSB/9e3520a7a2174b43450d277e1cf1d37c1f69674a.bin,9
12,ba792d3f1dd0e3bdf461d07edd3eaba09d0aeae9.bin,4,1476,datacopy/UCSB/ba792d3f1dd0e3bdf461d07edd3eaba09d0aeae9.bin,9
13,b8325a2d6bdf50f570f4ea18748f25362555e661.bin,4,1476,datacopy/UCSB/b8325a2d6bdf50f570f4ea18748f25362555e661.bin,9
14,cbc0b484a1faea65c4c6d1509c357a7fdb31213c.bin,4,406,datacopy/UCSB/cbc0b484a1faea65c4c6d1509c357a7fdb31213c.bin,9
15,ceb858ba463afd6c66aa24ea07ef68603780de51.bin,4,406,datacopy/UCSB/ceb858ba463afd6c66aa24ea07ef68603780de51.bin,9
16,57e2e8ba52a531d607a89baf737ba265ef76664a.bin,4,406,datacopy/UCSB/57e2e8ba52a531d607a89baf737ba265ef76664a.bin,9
17,2379689c173ed5091ddaf1036be164ec4b0a2cf4.bin,4,1476,datacopy/UCSB/2379689c173ed5091ddaf1036be164ec4b0a2cf4.bin,9
18,e396d761c2dc123d612241f16a8fa7554b11d7a0.bin,4,1476,datacopy/UCSB/e396d761c2dc123d612241f16a8fa7554b11d7a0.bin,9
19,4b2d73969be87b5e875f4c1e1bafb52e0aadc789.bin,4,1476,datacopy/UCSB/4b2d73969be87b5e875f4c1e1bafb52e0aadc789.bin,9
20,39fe3afbf52cabc68ae4c07903287409d9e03cb2.bin,4,1476,datacopy/UCSB/39fe3afbf52cabc68ae4c07903287409d9e03cb2.bin,9
21,4faf48e2c0d9836cc1dd7d08451ac0799d69e0d4.bin,4,406,datacopy/UCSB/4faf48e2c0d9836cc1dd7d08451ac0799d69e0d4.bin,9
22,3d2ae575fb7c6599fa45687209feb8c92c67ef08.bin,4,1476,datacopy/UCSB/3d2ae575fb7c6599fa45687209feb8c92c67ef08.bin,9
23,d4f7a97f8fc34e812ef613bb316bbd6d2c7c1fa6.bin,4,1476,datacopy/UCSB/d4f7a97f8fc34e812ef613bb316bbd6d2c7c1fa6.bin,9
24,cfb3a2d9fcb5dac66739e0621bae4037c555fb4b.bin,4,406,datacopy/UCSB/cfb3a2d9fcb5dac66739e0621bae4037c555fb4b.bin,9
25,6857b01b5587b789bd51b1a6eda2ade3adb5da07.bin,4,1476,datacopy/UCSB/6857b01b5587b789bd51b1a6eda2ade3adb5da07.bin,9
26,20e57740042a71beb2fab6ace125af011d937205.bin,4,1476,datacopy/UCSB/20e57740042a71beb2fab6ace125af011d937205.bin,9
27,cfea46b95dba2ede4fec4e56ee882e3d075959eb.bin,4,1476,datacopy/UCSB/cfea46b95dba2ede4fec4e56ee882e3d075959eb.bin,9
28,6a114809e810c6f90eb3767f7dfbe2cb63637638.bin,4,1476,datacopy/UCSB/6a114809e810c6f90eb3767f7dfbe2cb63637638.bin,9
29,2a4013be31ad5feabc523158b3e89bedf7fec8f8.bin,4,1476,datacopy/UCSB/2a4013be31ad5feabc523158b3e89bedf7fec8f8.bin,9
30,ae2764abdbf9f9b81c20c5a9f691846b05a61fb1.bin,4,1476,datacopy/UCSB/ae2764abdbf9f9b81c20c5a9f691846b05a61fb1.bin,9
31,613d6e92aaee6763b51d3a6ace7d0673415eea24.bin,4,1476,datacopy/UCSB/613d6e92aaee6763b51d3a6ace7d0673415eea24.bin,9
32,b503b28fca9a7c64d5bce010b161b96538b56a16.bin,4,1476,datacopy/UCSB/b503b28fca9a7c64d5bce010b161b96538b56a16.bin,9
33,868ab1bf7134a55245f2fc9f777ea11dcc94ae69.bin,4,406,datacopy/UCSB/868ab1bf7134a55245f2fc9f777ea11dcc94ae69.bin,9
34,88a590c465f49362d0c2f585ba8a780c4e87f491.bin,4,406,datacopy/UCSB/88a590c465f49362d0c2f585ba8a780c4e87f491.bin,9
35,e3e58b08d128c145b579e9ac92ba7502351f1b32.bin,4,1476,datacopy/UCSB/e3e58b08d128c145b579e9ac92ba7502351f1b32.bin,9
36,dce2ee0af402f66895c0ab44c0ecbd6829b78b8e.bin,4,406,datacopy/UCSB/dce2ee0af402f66895c0ab44c0ecbd6829b78b8e.bin,9
37,da5d7bf348f562ba29187a1ca8680852afda25dd.bin,4,1476,datacopy/UCSB/da5d7bf348f562ba29187a1ca8680852afda25dd.bin,9
38,dafa49e25aed95446fca70cd4c218471ac20edf8.bin,4,1476,datacopy/UCSB/dafa49e25aed95446fca70cd4c218471ac20edf8.bin,9
39,3a2f08a1e0b634c4e0aab4b4f006aaaaa07e057a.bin,4,406,datacopy/UCSB/3a2f08a1e0b634c4e0aab4b4f006aaaaa07e057a.bin,9
40,42db0da29c71945fd3ca213e9ad2ed70c11c69ba.bin,4,406,datacopy/UCSB/42db0da29c71945fd3ca213e9ad2ed70c11c69ba.bin,9
41,6260c188b1704f34849f1626ee04ba5f7bb7c4c4a5e54f23197d2c7c674832d0,5,715,datacopy/Stefano/6260c188b1704f34849f1626ee04ba5f7bb7c4c4a5e54f23197d2c7c674832d0,1
42,b610ba4243fc941bce383b2175931a47857938160b52d979ba4e5c3a526053e9,5,715,datacopy/Stefano/b610ba4243fc941bce383b2175931a47857938160b52d979ba4e5c3a526053e9,1
43,b4b4c711d16acf9411e2736d49db40287cb0247ecc779e22fb4436b59a66448a,5,715,datacopy/Stefano/b4b4c711d16acf9411e2736d49db40287cb0247ecc779e22fb4436b59a66448a,1
44,88eac7ab00a6b7bfac49998af93ea5cd1b2c1b7d.bin,6,1983,datacopy/UCSB.JP/data_feed.geo_japan_6m_public_flag/8/8/e/88eac7ab00a6b7bfac49998af93ea5cd1b2c1b7d.bin,1
45,0261bca7b9e415e0ef8ecdb7eb47f012c3822807.bin,6,1983,datacopy/UCSB.JP/data_feed.geo_japan_6m_public_flag/0/2/6/0261bca7b9e415e0ef8ecdb7eb47f012c3822807.bin,1
46,885715aa5186f9a28bd95ac5b94580b44f21b530.bin,8,1513,datacopy/UCSB.JP/data_feed.geo_japan_6m_public_flag/8/8/5/885715aa5186f9a28bd95ac5b94580b44f21b530.bin,3
47,8aa10c692b2fdd29d545cb3a0e58162dd0fcefaa.bin,8,1513,datacopy/UCSB.JP/data_feed.geo_japan_6m_public_flag/8/a/a/8aa10c692b2fdd29d545cb3a0e58162dd0fcefaa.bin,3
48,ab9b8afdf42f06674621b4e2f20c532f42b014c9.bin,8,1532,datacopy/UCSB.JP/data_feed.geo_japan_6m_public_flag/a/b/9/ab9b8afdf42f06674621b4e2f20c532f42b014c9.bin,3
49,e8f2079e3ca0cd77d5659f3dc4ab040abcf8f6ce.bin,8,1513,datacopy/UCSB.JP/data_feed.geo_japan_6m_public_flag/e/8/f/e8f2079e3ca0cd77d5659f3dc4ab040abcf8f6ce.bin,3
50,2830c2ab3e61acf7771a25889aa839c7eb85fbe7.bin,8,1532,datacopy/UCSB.JP/data_feed.geo_japan_6m_public_flag/2/8/3/2830c2ab3e61acf7771a25889aa839c7eb85fbe7.bin,3
51,5b9ad5f7e2b96c1cc26014b37f499d3bdba34422.bin,8,1513,datacopy/UCSB.JP/data_feed.geo_japan_6m_public_flag/5/b/9/5b9ad5f7e2b96c1cc26014b37f499d3bdba34422.bin,3
52,4cb02f6f0144bcc7c534e729d7df760cc3eefb21.bin,8,1532,datacopy/UCSB.JP/data_feed.geo_japan_6m_public_flag/4/c/b/4cb02f6f0144bcc7c534e729d7df760cc3eefb21.bin,3
53,da540fb181c53840db4b18e47a1abf38c1d38059.bin,9,267,datacopy/UCSB.JP/data_feed.geo_japan_6m_public_flag/d/a/5/da540fb181c53840db4b18e47a1abf38c1d38059.bin,30
54,8bd53305a613113964d5b4e4ebe95c98f95a0cb103173ad5d6e0cb0e9d22f5fb,9,857,datacopy/Stefano/8bd53305a613113964d5b4e4ebe95c98f95a0cb103173ad5d6e0cb0e9d22f5fb,30
55,8e6a001557ae4d090725c76a2b03487c5c6dabd4.bin,11,1986,datacopy/UCSB.JP/data_feed.geo_japan_6m_public_flag/8/e/6/8e6a001557ae4d090725c76a2b03487c5c6dabd4.bin,3
56,3952982e2de596d83c3dc7ed971ac59f0e2416f4.bin,11,1986,datacopy/UCSB.JP/data_feed.geo_japan_6m_public_flag/3/9/5/3952982e2de596d83c3dc7ed971ac59f0e2416f4.bin,3
57,505aa6d4a78915bc14c2721dffe6923fa5e0a2e6.bin,11,1986,datacopy/UCSB.JP/data_feed.geo_japan_6m_public_flag/5/0/5/505aa6d4a78915bc14c2721dffe6923fa5e0a2e6.bin,3
58,8b8e6bd47c5af98b6ab18c0778a3dcd22cdfa6ca.bin,12,3,datacopy/UCSB.JP/data_feed.geo_japan_6m_public_flag/8/b/8/8b8e6bd47c5af98b6ab18c0778a3dcd22cdfa6ca.bin,11
59,e7569654c22199f49b71f164207a532ffdc7997f.bin,12,3,datacopy/UCSB.JP/data_feed.geo_japan_6m_public_flag/e/7/5/e7569654c22199f49b71f164207a532ffdc7997f.bin,11
60,2f2689baf8d0cfd49a8d180535ee2fa7d8890c63.bin,12,1257,datacopy/UCSB.JP/data_feed.geo_japan_6m_public_flag/2/f/2/2f2689baf8d0cfd49a8d180535ee2fa7d8890c63.bin,11
61,2f6f4e20914e8c98ca174ee338d62b7a305dad13.bin,12,1257,datacopy/UCSB.JP/data_feed.geo_japan_6m_public_flag/2/f/6/2f6f4e20914e8c98ca174ee338d62b7a305dad13.bin,11
62,d22161331c9742926e3ff72b01556718cda3242e.bin,12,2092,datacopy/UCSB.JP/data_feed.geo_japan_6m_public_flag/d/2/2/d22161331c9742926e3ff72b01556718cda3242e.bin,11
63,dd988cd77e87037ee7dd00c8c74a78bd756985fa.bin,12,296,datacopy/UCSB.JP/data_feed.geo_japan_6m_public_flag/d/d/9/dd988cd77e87037ee7dd00c8c74a78bd756985fa.bin,11
64,19b51b0c260b166c926adec0dd6ec1a9f60e323d.bin,12,2097,datacopy/UCSB.JP/data_feed.geo_japan_6m_public_flag/1/9/b/19b51b0c260b166c926adec0dd6ec1a9f60e323d.bin,11
65,1f0495a37c13903a8b86696eec0e2af1cbc29094.bin,12,2101,datacopy/UCSB.JP/data_feed.geo_japan_6m_public_flag/1/f/0/1f0495a37c13903a8b86696eec0e2af1cbc29094.bin,11
66,52d6db5ef54a21d2b540719b951f915f6491afb4.bin,12,189,datacopy/UCSB/52d6db5ef54a21d2b540719b951f915f6491afb4.bin,11
67,95a02a33a02aaf4a03d66e775bb9d2ff2e8f665c.bin,12,189,datacopy/UCSB/95a02a33a02aaf4a03d66e775bb9d2ff2e8f665c.bin,11
68,4c71b7c42c40b6237b8aaf06ac64955814056f5d.bin,12,334,datacopy/UCSB/4c71b7c42c40b6237b8aaf06ac64955814056f5d.bin,11
69,relatorio_de_acessos_instagram.pdf.exe,12,3,datacopy/BB/Files/2017-12-19/relatorio_de_acessos_instagram.pdf.exe,11
70,73a2ce664239262401446f115e390e961663e2919f1eb0ee87684c9886b7a32b,12,386,datacopy/Stefano/73a2ce664239262401446f115e390e961663e2919f1eb0ee87684c9886b7a32b,11
71,6d4ee0da9d375e55841687816e8f64f68b9e86abff89551d536b13f97df2a165,12,3,datacopy/Stefano/6d4ee0da9d375e55841687816e8f64f68b9e86abff89551d536b13f97df2a165,11
72,9c4ec227170d9be46c951c25fccf010894af4469f7c033edb6e6a96e340f6bec,12,3,datacopy/Stefano/9c4ec227170d9be46c951c25fccf010894af4469f7c033edb6e6a96e340f6bec,11
73,a077b01ea16242d504bd04e9070ac23c7da277fd6dfd763df51fb90622341175,12,594,datacopy/Stefano/a077b01ea16242d504bd04e9070ac23c7da277fd6dfd763df51fb90622341175,11
74,c0a02eabfe348d10f84f1a7182863fa0e8d61e81ea45ca63f88bd9f2f8dab1cb,12,1379,datacopy/Stefano/c0a02eabfe348d10f84f1a7182863fa0e8d61e81ea45ca63f88bd9f2f8dab1cb,11
75,ea9abef9defd194bd5d9003a519ca0c203085fef3272a2c90c0e70cfeb06928d,12,556,datacopy/Stefano/ea9abef9defd194bd5d9003a519ca0c203085fef3272a2c90c0e70cfeb06928d,11
76,147e0e996840aab7c81b471850d1b26ca57644c628658d8dde7167d51159d97b,12,3,datacopy/Stefano/147e0e996840aab7c81b471850d1b26ca57644c628658d8dde7167d51159d97b,11
77,627d1c06226e00eaa536dd0762ffb982a2ac8be6a01867fae7e3169cf0de45bb,12,1379,datacopy/Stefano/627d1c06226e00eaa536dd0762ffb982a2ac8be6a01867fae7e3169cf0de45bb,11
78,dcf14d430a057cd4fae86194cba3b852c9f1bdbc31c5aa7ef2c2d5b11d3435d8,12,3,datacopy/Stefano/dcf14d430a057cd4fae86194cba3b852c9f1bdbc31c5aa7ef2c2d5b11d3435d8,11
79,e580b1b10ff7a1a5d40065a75926d9f6d583e293063a1d28a1667a9cf63da939,12,1453,datacopy/Stefano/e580b1b10ff7a1a5d40065a75926d9f6d583e293063a1d28a1667a9cf63da939,11
80,8be83e60260b6dbf6974b17c24c61b9df58aa95c.bin,13,130,datacopy/UCSB.JP/data_feed.geo_japan_6m_public_flag/8/b/e/8be83e60260b6dbf6974b17c24c61b9df58aa95c.bin,503
81,8c6a6169a204bdbf6565b27278afd300541af83d.bin,13,1149,datacopy/UCSB.JP/data_feed.geo_japan_6m_public_flag/8/c/6/8c6a6169a204bdbf6565b27278afd300541af83d.bin,503
82,86554d44e1e11cd32ab8bf9a3da8ccb68bbfe6f0.bin,13,991,datacopy/UCSB.JP/data_feed.geo_japan_6m_public_flag/8/6/5/86554d44e1e11cd32ab8bf9a3da8ccb68bbfe6f0.bin,503
83,874c0343d07ad7787c6ec77ab83e3b9cf38a118f.bin,13,1155,datacopy/UCSB.JP/data_feed.geo_japan_6m_public_flag/8/7/4/874c0343d07ad7787c6ec77ab83e3b9cf38a118f.bin,503
84,a91ea0adb7b99653625d4984ef8488809e36f894.bin,13,1162,datacopy/UCSB.JP/data_feed.geo_japan_6m_public_flag/a/9/1/a91ea0adb7b99653625d4984ef8488809e36f894.bin,503
85,a20b2e4c4ec0cbb86a072f4844c7cf5e58284059.bin,13,1155,datacopy/UCSB.JP/data_feed.geo_japan_6m_public_flag/a/2/0/a20b2e4c4ec0cbb86a072f4844c7cf5e58284059.bin,503
86,e8542c5c89f4f3c0a29eb921cb6e0ac6e2bc78cc.bin,13,1155,datacopy/UCSB.JP/data_feed.geo_japan_6m_public_flag/e/8/5/e8542c5c89f4f3c0a29eb921cb6e0ac6e2bc78cc.bin,503
87,e207793dbce60ffb88c55ff442d5563269c0e572.bin,13,1162,datacopy/UCSB.JP/data_feed.geo_japan_6m_public_flag/e/2/0/e207793dbce60ffb88c55ff442d5563269c0e572.bin,503
88,ec324569011012f47bded65899abbcfc8a08759c.bin,13,1155,datacopy/UCSB.JP/data_feed.geo_japan_6m_public_flag/e/c/3/ec324569011012f47bded65899abbcfc8a08759c.bin,503
89,bd4c3e060252aa6a9f1c8dcf2fdc83da790d099e.bin,13,1155,datacopy/UCSB.JP/data_feed.geo_japan_6m_public_flag/b/d/4/bd4c3e060252aa6a9f1c8dcf2fdc83da790d099e.bin,503
90,b1908e129368afcdd953a91a23989696ea5d27de.bin,13,1149,datacopy/UCSB.JP/data_feed.geo_japan_6m_public_flag/b/1/9/b1908e129368afcdd953a91a23989696ea5d27de.bin,503
91,33fb531b0f10edf00392b0c83d3eaf51e71e2655.bin,13,1162,datacopy/UCSB.JP/data_feed.geo_japan_6m_public_flag/3/3/f/33fb531b0f10edf00392b0c83d3eaf51e71e2655.bin,503
92,3cf56dbbcc336495f5f5799ccfea7b5e02e1b55f.bin,13,1158,datacopy/UCSB.JP/data_feed.geo_japan_6m_public_flag/3/c/f/3cf56dbbcc336495f5f5799ccfea7b5e02e1b55f.bin,503
93,3017a885426aca30e06ea05dbde935439b46f5e4.bin,13,1162,datacopy/UCSB.JP/data_feed.geo_japan_6m_public_flag/3/0/1/3017a885426aca30e06ea05dbde935439b46f5e4.bin,503
94,2b9c6a73db92573bb97d002beca89235e4967d61.bin,13,1155,datacopy/UCSB.JP/data_feed.geo_japan_6m_public_flag/2/b/9/2b9c6a73db92573bb97d002beca89235e4967d61.bin,503
95,21f12c70bed376a87a8a9be9ad926096e026e44f.bin,13,1149,datacopy/UCSB.JP/data_feed.geo_japan_6m_public_flag/2/1/f/21f12c70bed376a87a8a9be9ad926096e026e44f.bin,503
96,1e6952669d65aae22329b8d48c9000779d188be7.bin,13,1149,datacopy/UCSB.JP/data_feed.geo_japan_6m_public_flag/1/e/6/1e6952669d65aae22329b8d48c9000779d188be7.bin,503
97,1b33e63f3ab6ee95238b2331e853eaa2dba5e541.bin,13,1155,datacopy/UCSB.JP/data_feed.geo_japan_6m_public_flag/1/b/3/1b33e63f3ab6ee95238b2331e853eaa2dba5e541.bin,503
98,5bc02327333b3173a9d24e9f1e5442247b416b8a.bin,13,1155,datacopy/UCSB.JP/data_feed.geo_japan_6m_public_flag/5/b/c/5bc02327333b3173a9d24e9f1e5442247b416b8a.bin,503
99,5225367c011a6a1037275164f8f01f9428d0c9f0.bin,13,1155,datacopy/UCSB.JP/data_feed.geo_japan_6m_public_flag/5/2/2/5225367c011a6a1037275164f8f01f9428d0c9f0.bin,503
100,52439b0f75fe062a07bc2d9ebaa9049a5b3da9b5.bin,13,1158,datacopy/UCSB.JP/data_feed.geo_japan_6m_public_flag/5/2/4/52439b0f75fe062a07bc2d9ebaa9049a5b3da9b5.bin,503
101,573313f8b4f71fe201059e024bc996871c27a87e.bin,13,1155,datacopy/UCSB.JP/data_feed.geo_japan_6m_public_flag/5/7/3/573313f8b4f71fe201059e024bc996871c27a87e.bin,503
102,f930af96aba9138f9e60ded1562016303796ad64.bin,13,1162,datacopy/UCSB.JP/data_feed.geo_japan_6m_public_flag/f/9/3/f930af96aba9138f9e60ded1562016303796ad64.bin,503
103,fde200f71101e2c69134ffb03f8bf9ca50cb1802.bin,13,1155,datacopy/UCSB.JP/data_feed.geo_japan_6m_public_flag/f/d/e/fde200f71101e2c69134ffb03f8bf9ca50cb1802.bin,503
104,f037e788ef25e69c50eb9025792eba68b2ab0ea9.bin,13,1162,datacopy/UCSB.JP/data_feed.geo_japan_6m_public_flag/f/0/3/f037e788ef25e69c50eb9025792eba68b2ab0ea9.bin,503
105,f7d814db0a518973c0c077af7c7257be94f19380.bin,13,1162,datacopy/UCSB.JP/data_feed.geo_japan_6m_public_flag/f/7/d/f7d814db0a518973c0c077af7c7257be94f19380.bin,503
106,c9cf57906d5e56f3ebb3375a6ac099acce4ebf68.bin,13,1158,datacopy/UCSB.JP/data_feed.geo_japan_6m_public_flag/c/9/c/c9cf57906d5e56f3ebb3375a6ac099acce4ebf68.bin,503
107,c4df86fbe98f614694dfedad05418b011099f922.bin,13,130,datacopy/UCSB.JP/data_feed.geo_japan_6m_public_flag/c/4/d/c4df86fbe98f614694dfedad05418b011099f922.bin,503
108,49e34c6e9a19a5a078a6a0f0722c21af7f11be09.bin,13,1155,datacopy/UCSB.JP/data_feed.geo_japan_6m_public_flag/4/9/e/49e34c6e9a19a5a078a6a0f0722c21af7f11be09.bin,503
109,4f61d57a1df49ad3c3ae90e9e7c9d906fded2eb9.bin,13,1149,datacopy/UCSB.JP/data_feed.geo_japan_6m_public_flag/4/f/6/4f61d57a1df49ad3c3ae90e9e7c9d906fded2eb9.bin,503
110,4cdb43ae018310f78db24747afd96db30c9820c2.bin,13,1158,datacopy/UCSB.JP/data_feed.geo_japan_6m_public_flag/4/c/d/4cdb43ae018310f78db24747afd96db30c9820c2.bin,503
111,470264f7b486c6f9aac811c8d7579b8671128c6e.bin,13,130,datacopy/UCSB.JP/data_feed.geo_japan_6m_public_flag/4/7/0/470264f7b486c6f9aac811c8d7579b8671128c6e.bin,503
112,0303ca1a380527dd68668ae0b6c7dcaf7ea92ccc.bin,13,1155,datacopy/UCSB.JP/data_feed.geo_japan_6m_public_flag/0/3/0/0303ca1a380527dd68668ae0b6c7dcaf7ea92ccc.bin,503
113,0f1fbd7fb6abb614eeeb96d0e599d7dbf6fd0eba.bin,13,1155,datacopy/UCSB.JP/data_feed.geo_japan_6m_public_flag/0/f/1/0f1fbd7fb6abb614eeeb96d0e599d7dbf6fd0eba.bin,503
114,042fbdf8725844cc0a47271bc0d9e5a4ebd5db32.bin,13,1155,datacopy/UCSB.JP/data_feed.geo_japan_6m_public_flag/0/4/2/042fbdf8725844cc0a47271bc0d9e5a4ebd5db32.bin,503
115,064422beeedec1f37a4540643d79dcf10a4ee00c.bin,13,1149,datacopy/UCSB.JP/data_feed.geo_japan_6m_public_flag/0/6/4/064422beeedec1f37a4540643d79dcf10a4ee00c.bin,503
116,07d59b83126011b00594e26a180d7b621459d481.bin,13,1162,datacopy/UCSB.JP/data_feed.geo_japan_6m_public_flag/0/7/d/07d59b83126011b00594e26a180d7b621459d481.bin,503
117,6825ca603155ca1d00a269ac18bfb4fec8eadfe8.bin,13,130,datacopy/UCSB.JP/data_feed.geo_japan_6m_public_flag/6/8/2/6825ca603155ca1d00a269ac18bfb4fec8eadfe8.bin,503
118,6bbe74d18f0bd203aa2cc899e76a1392afdd858c.bin,13,1149,datacopy/UCSB.JP/data_feed.geo_japan_6m_public_flag/6/b/b/6bbe74d18f0bd203aa2cc899e76a1392afdd858c.bin,503
119,6938995d05c5411a9e889ad00a809c252f3c0037.bin,13,1162,datacopy/UCSB.JP/data_feed.geo_japan_6m_public_flag/6/9/3/6938995d05c5411a9e889ad00a809c252f3c0037.bin,503
120,7340ceb1fee4e0b2e1da759e72061f692de06e7b.bin,13,1155,datacopy/UCSB.JP/data_feed.geo_japan_6m_public_flag/7/3/4/7340ceb1fee4e0b2e1da759e72061f692de06e7b.bin,503
121,7224e063ce530537b755364af70d47567d48e7a4.bin,13,1155,datacopy/UCSB.JP/data_feed.geo_japan_6m_public_flag/7/2/2/7224e063ce530537b755364af70d47567d48e7a4.bin,503
122,7ce46dd94203c0b426e3e5ba201c1cb0ba0d8a52.bin,13,1155,datacopy/UCSB.JP/data_feed.geo_japan_6m_public_flag/7/c/e/7ce46dd94203c0b426e3e5ba201c1cb0ba0d8a52.bin,503
123,7442b1988deec5bf85cffbe2da14c43967d05baf.bin,13,1155,datacopy/UCSB.JP/data_feed.geo_japan_6m_public_flag/7/4/4/7442b1988deec5bf85cffbe2da14c43967d05baf.bin,503
124,05aa8e285bae93d685c4ae33209331c5b4c677a4.bin,13,1162,datacopy/UCSB/05aa8e285bae93d685c4ae33209331c5b4c677a4.bin,503
125,68776826f085182b73c5063c51555866d4f9a38f.bin,13,1162,datacopy/UCSB/68776826f085182b73c5063c51555866d4f9a38f.bin,503
126,ee91c7512d38dd810df6357d255ff4d11d449005.bin,13,1162,datacopy/UCSB/ee91c7512d38dd810df6357d255ff4d11d449005.bin,503
127,61af20d20e25fe578e8b993ba92385a1430fc8c1.bin,13,1162,datacopy/UCSB/61af20d20e25fe578e8b993ba92385a1430fc8c1.bin,503
128,b817cf922ba97627cf9bc8a54b635f4b6d69e3ff.bin,13,1162,datacopy/UCSB/b817cf922ba97627cf9bc8a54b635f4b6d69e3ff.bin,503
129,0e33e5bda20e9eedaddfe5ea5bb65ebd1032ea5c.bin,13,1162,datacopy/UCSB/0e33e5bda20e9eedaddfe5ea5bb65ebd1032ea5c.bin,503
130,019c2dfb28985069f10cfe301c153ef926b5b215.bin,13,1394,datacopy/UCSB/019c2dfb28985069f10cfe301c153ef926b5b215.bin,503
131,b6983cf5b0c6ffd1cdef5573776f29ae8705b931.bin,13,1162,datacopy/UCSB/b6983cf5b0c6ffd1cdef5573776f29ae8705b931.bin,503
132,288c69dc1a79f3ecb1de9593c0127d5680b49ff4.bin,13,1162,datacopy/UCSB/288c69dc1a79f3ecb1de9593c0127d5680b49ff4.bin,503
133,03e63ef9635960ff964afb1ac9eb63f9a8fb5fbe.bin,13,1162,datacopy/UCSB/03e63ef9635960ff964afb1ac9eb63f9a8fb5fbe.bin,503
134,b5b71607eb05f3aaa58036a7f6e0d4ad15845499.bin,13,1394,datacopy/UCSB/b5b71607eb05f3aaa58036a7f6e0d4ad15845499.bin,503
135,a244ec783dc7eb66778c245e0ec7f15b10aa0cc3.bin,13,1394,datacopy/UCSB/a244ec783dc7eb66778c245e0ec7f15b10aa0cc3.bin,503
136,0e3c228fea869308048f26ac2f095b7f09f16bf7.bin,13,1394,datacopy/UCSB/0e3c228fea869308048f26ac2f095b7f09f16bf7.bin,503
137,b629773f300d59ce279e9d0f5ce0411fbf9df4b6.bin,13,1162,datacopy/UCSB/b629773f300d59ce279e9d0f5ce0411fbf9df4b6.bin,503
138,4a1154296e0a067f0393a27743260d2fcc7ef2fb.bin,13,1162,datacopy/UCSB/4a1154296e0a067f0393a27743260d2fcc7ef2fb.bin,503
139,d55fc645eee4dfc31799bb2d2dcdcbb0ab47ead7.bin,13,1162,datacopy/UCSB/d55fc645eee4dfc31799bb2d2dcdcbb0ab47ead7.bin,503
140,da25f89838cb568ddfdabcf79bfc26790fc893ef.bin,13,1162,datacopy/UCSB/da25f89838cb568ddfdabcf79bfc26790fc893ef.bin,503
141,e1768e9211920bc21261c8280a6a5333436506d7.bin,13,1158,datacopy/UCSB/e1768e9211920bc21261c8280a6a5333436506d7.bin,503
142,559f4c92cd0b9497787453514183432021508017.bin,13,1149,datacopy/UCSB/559f4c92cd0b9497787453514183432021508017.bin,503
143,c15e7481584d6b167db65e66e36463e262242111.bin,13,1162,datacopy/UCSB/c15e7481584d6b167db65e66e36463e262242111.bin,503
144,9307e16d8c3609b998fc73bb4fb4719377c6f042.bin,13,1162,datacopy/UCSB/9307e16d8c3609b998fc73bb4fb4719377c6f042.bin,503
145,dd090ef415ebb6cd513eb5d2c8ae26465ce51093.bin,13,799,datacopy/UCSB/dd090ef415ebb6cd513eb5d2c8ae26465ce51093.bin,503
146,f629118f05a1c6b6b695aee57dc6eaf08e40add0.bin,13,1162,datacopy/UCSB/f629118f05a1c6b6b695aee57dc6eaf08e40add0.bin,503
147,9da37564feb4a03d5866a126d6b2424ccf9c6774.bin,13,1162,datacopy/UCSB/9da37564feb4a03d5866a126d6b2424ccf9c6774.bin,503
148,5f8ec7905481cf0e5100f9798948873ac6ebf438.bin,13,1162,datacopy/UCSB/5f8ec7905481cf0e5100f9798948873ac6ebf438.bin,503
149,6deea672e4f27080f3d20dfa4dc7584d96d6b932.bin,13,1162,datacopy/UCSB/6deea672e4f27080f3d20dfa4dc7584d96d6b932.bin,503
150,36f79e26dec6a95d736b1fbd0841b27c38b90ed6.bin,13,1162,datacopy/UCSB/36f79e26dec6a95d736b1fbd0841b27c38b90ed6.bin,503
151,646d6972bfa400ffd6c360e0113e969a9ffb2d0b.bin,13,1162,datacopy/UCSB/646d6972bfa400ffd6c360e0113e969a9ffb2d0b.bin,503
152,c5f244e6bc30d1588e7bd65a7aaae12934e641a0.bin,13,1162,datacopy/UCSB/c5f244e6bc30d1588e7bd65a7aaae12934e641a0.bin,503
153,85db973038c79d6d7129c20b81a98deb1670b117.bin,13,1162,datacopy/UCSB/85db973038c79d6d7129c20b81a98deb1670b117.bin,503
154,04bf76e32454be000023ac14670f801f135b8cd1.bin,13,1162,datacopy/UCSB/04bf76e32454be000023ac14670f801f135b8cd1.bin,503
155,a97d2e423568c2409590512310c0af63af3ea60f.bin,13,1162,datacopy/UCSB/a97d2e423568c2409590512310c0af63af3ea60f.bin,503
156,5f5df2b2710b052c306269c046df3aee6c4444dd.bin,13,1149,datacopy/UCSB/5f5df2b2710b052c306269c046df3aee6c4444dd.bin,503
157,643775dec938f9f0ea37db93fce976cefdf6fbee.bin,13,1162,datacopy/UCSB/643775dec938f9f0ea37db93fce976cefdf6fbee.bin,503
158,9c2e9ac1509d5f78ed65265d006ccc49e0e31f66.bin,13,1162,datacopy/UCSB/9c2e9ac1509d5f78ed65265d006ccc49e0e31f66.bin,503
159,08ebda226177696b5d522acc504104894916ebd4.bin,13,1162,datacopy/UCSB/08ebda226177696b5d522acc504104894916ebd4.bin,503
160,02dee81885a9cb0069b9c0c64a5850ca4e4c9408.bin,13,1162,datacopy/UCSB/02dee81885a9cb0069b9c0c64a5850ca4e4c9408.bin,503
161,f790b29c287f350ae518a2b51a880bcaa9072e87.bin,13,1162,datacopy/UCSB/f790b29c287f350ae518a2b51a880bcaa9072e87.bin,503
162,ca113c4ed8797671ab32cfe0726c1cb61e4c7aa0.bin,13,1162,datacopy/UCSB/ca113c4ed8797671ab32cfe0726c1cb61e4c7aa0.bin,503
163,bd617cc4e88ee3e0433a7736e130945ac4cf4244.bin,13,1162,datacopy/UCSB/bd617cc4e88ee3e0433a7736e130945ac4cf4244.bin,503
164,bd40a9185bebdabd6f2b1af51fd5be1927b545fa.bin,13,1162,datacopy/UCSB/bd40a9185bebdabd6f2b1af51fd5be1927b545fa.bin,503
165,24869b365e4bf2a4efd917e416cf7aba0c020006.bin,13,1158,datacopy/UCSB/24869b365e4bf2a4efd917e416cf7aba0c020006.bin,503
166,bd962a759fa84295efddebc10b727b24c563864e.bin,13,1394,datacopy/UCSB/bd962a759fa84295efddebc10b727b24c563864e.bin,503
167,ca730c2fcce57be805d661a1a370bd918250c37a.bin,13,1149,datacopy/UCSB/ca730c2fcce57be805d661a1a370bd918250c37a.bin,503
168,08d5316475480d6c954c804af0c193c0dcfaa4d5.bin,13,1162,datacopy/UCSB/08d5316475480d6c954c804af0c193c0dcfaa4d5.bin,503
169,f66ba957cb90aa0a26faa661ecd5c7429bb593d8.bin,13,1149,datacopy/UCSB/f66ba957cb90aa0a26faa661ecd5c7429bb593d8.bin,503
170,c2589a03940965fd5da3a49d0dcf329e754b0b5d.bin,13,1162,datacopy/UCSB/c2589a03940965fd5da3a49d0dcf329e754b0b5d.bin,503
171,08e2e8931dd3c9243cbb378bf6fd264973de2de4.bin,13,1149,datacopy/UCSB/08e2e8931dd3c9243cbb378bf6fd264973de2de4.bin,503
172,29f600cdd7ef5a2e74314d16d578b6ceef89d429.bin,13,1162,datacopy/UCSB/29f600cdd7ef5a2e74314d16d578b6ceef89d429.bin,503
173,259e585d0f0e1c61f1d3de7cf8be4f66ffd807e9.bin,13,1162,datacopy/UCSB/259e585d0f0e1c61f1d3de7cf8be4f66ffd807e9.bin,503
174,efb3f46aaddcdc099d08d12d4f9ea519649f2c3a.bin,13,1162,datacopy/UCSB/efb3f46aaddcdc099d08d12d4f9ea519649f2c3a.bin,503
175,4619eb809214d73faa89448687db92355fdb7593.bin,13,1158,datacopy/UCSB/4619eb809214d73faa89448687db92355fdb7593.bin,503
176,cf999f71c364e2db8da512b6d80d59a40e96b82c.bin,13,1162,datacopy/UCSB/cf999f71c364e2db8da512b6d80d59a40e96b82c.bin,503
177,821427e1bd1408216a0cd6f51180256d9e8f27b3.bin,13,1162,datacopy/UCSB/821427e1bd1408216a0cd6f51180256d9e8f27b3.bin,503
178,12dd5469c6794feafd1a35ba16332e907b166145.bin,13,3,datacopy/UCSB/12dd5469c6794feafd1a35ba16332e907b166145.bin,503
179,e782b1e43d6611b13a51abbf1cd3527998da1f17.bin,13,1208,datacopy/UCSB/e782b1e43d6611b13a51abbf1cd3527998da1f17.bin,503
180,8899f8ba22e64a2c01566c8d270a2274d3cf0685.bin,13,1158,datacopy/UCSB/8899f8ba22e64a2c01566c8d270a2274d3cf0685.bin,503
181,ae801e52b772af1df215a7a10e2934dd4d801b6f.bin,13,1162,datacopy/UCSB/ae801e52b772af1df215a7a10e2934dd4d801b6f.bin,503
182,0a9b5f729592ded4d55ba97af9b43ba840aa2165.bin,13,1162,datacopy/UCSB/0a9b5f729592ded4d55ba97af9b43ba840aa2165.bin,503
183,536f00ec3c0ee72f1ae4ae6318b084d92aeadcd0.bin,13,1162,datacopy/UCSB/536f00ec3c0ee72f1ae4ae6318b084d92aeadcd0.bin,503
184,61cd2f1827be5ce5357eebd952b54e27db520ef4.bin,13,1162,datacopy/UCSB/61cd2f1827be5ce5357eebd952b54e27db520ef4.bin,503
185,05dbe2374e7c9add79c192857441234deba0b6cb.bin,13,1149,datacopy/UCSB/05dbe2374e7c9add79c192857441234deba0b6cb.bin,503
186,dd78ac67371f390f612cfa58f624b8a4333446f7.bin,13,1162,datacopy/UCSB/dd78ac67371f390f612cfa58f624b8a4333446f7.bin,503
187,7b0b8da7b457608ed84da1789036d86a7bd54559.bin,13,1149,datacopy/UCSB/7b0b8da7b457608ed84da1789036d86a7bd54559.bin,503
188,acc2a4f2f140198ddbc79cf6f6d0c7950c7c671c.bin,13,1149,datacopy/UCSB/acc2a4f2f140198ddbc79cf6f6d0c7950c7c671c.bin,503
189,a575898492b04180e046db18a0d6a2a3bac6fa87.bin,13,1158,datacopy/UCSB/a575898492b04180e046db18a0d6a2a3bac6fa87.bin,503
190,8c62615c0ac3d3d8394d9594dd0249c089691c2c.bin,13,1162,datacopy/UCSB/8c62615c0ac3d3d8394d9594dd0249c089691c2c.bin,503
191,032b69ed9037f6d09e970eba29b9a7a0eb8175b3.bin,13,1162,datacopy/UCSB/032b69ed9037f6d09e970eba29b9a7a0eb8175b3.bin,503
192,9ff03f2708354ad14cd2969f14470cc4aafc30ad.bin,13,799,datacopy/UCSB/9ff03f2708354ad14cd2969f14470cc4aafc30ad.bin,503
193,e58dfd3607e83713049e88161c2fdc374507377f.bin,13,1394,datacopy/UCSB/e58dfd3607e83713049e88161c2fdc374507377f.bin,503
194,ff81941c92eaf5428b387962f79efa3f97f9e75c.bin,13,1162,datacopy/UCSB/ff81941c92eaf5428b387962f79efa3f97f9e75c.bin,503
195,dc8b1bd683fc46c6e44dc939a9938db03953b088.bin,13,1162,datacopy/UCSB/dc8b1bd683fc46c6e44dc939a9938db03953b088.bin,503
196,3a96f443517d77007baef703b8547aae85710eef.bin,13,1394,datacopy/UCSB/3a96f443517d77007baef703b8547aae85710eef.bin,503
197,5ce8d2d956103fb8968027abcd9e6c424172a639.bin,13,1217,datacopy/UCSB/5ce8d2d956103fb8968027abcd9e6c424172a639.bin,503
198,0dead276bd726b0acb8cdf63ca4a8de5ed2b52a2.bin,13,1149,datacopy/UCSB/0dead276bd726b0acb8cdf63ca4a8de5ed2b52a2.bin,503
199,809b6089d238895d861dc406b4c6c184eb8e152e.bin,13,1162,datacopy/UCSB/809b6089d238895d861dc406b4c6c184eb8e152e.bin,503
200,2c1256f2d708d8975d44d8f3f180a70a96b02a77.bin,13,1158,datacopy/UCSB/2c1256f2d708d8975d44d8f3f180a70a96b02a77.bin,503
201,417e41f84e371b9f64a62f6a1e200fa54de4ea7d.bin,13,1149,datacopy/UCSB/417e41f84e371b9f64a62f6a1e200fa54de4ea7d.bin,503
202,f412e27ca1083e8a81c17cbf5855787a38257fb8.bin,13,1149,datacopy/UCSB/f412e27ca1083e8a81c17cbf5855787a38257fb8.bin,503
203,fd8050db0371f04bc56f91a8f7f6527354e772ab.bin,13,1162,datacopy/UCSB/fd8050db0371f04bc56f91a8f7f6527354e772ab.bin,503
204,134f3e5b46f8dc173ac56db5fbab70dd9f5ffab2.bin,13,1394,datacopy/UCSB/134f3e5b46f8dc173ac56db5fbab70dd9f5ffab2.bin,503
205,f9c3a104544c634e8f1a8c75e5ca2caec439905b.bin,13,1162,datacopy/UCSB/f9c3a104544c634e8f1a8c75e5ca2caec439905b.bin,503
206,1803276b290fc69afab0d5de29b2aaecac294e88.bin,13,1162,datacopy/UCSB/1803276b290fc69afab0d5de29b2aaecac294e88.bin,503
207,191ab1fcf98cb7685b891d5cae0de4d8986258a7.bin,13,1149,datacopy/UCSB/191ab1fcf98cb7685b891d5cae0de4d8986258a7.bin,503
208,c92ca03eef1082c4603cb4032a232be405336cc1.bin,13,1162,datacopy/UCSB/c92ca03eef1082c4603cb4032a232be405336cc1.bin,503
209,a38dbf40b217db1668eb6d2651d02655b403f67a.bin,13,1208,datacopy/UCSB/a38dbf40b217db1668eb6d2651d02655b403f67a.bin,503
210,aaa0fbf6f3f2d5e4e9b5642b22b9169e15e8113d.bin,13,1149,datacopy/UCSB/aaa0fbf6f3f2d5e4e9b5642b22b9169e15e8113d.bin,503
211,42e1c82a67afbf863effc4deb84320a70ea83270.bin,13,1162,datacopy/UCSB/42e1c82a67afbf863effc4deb84320a70ea83270.bin,503
212,37859b0f28754cdde6d1dd269bd0c174543d8bed.bin,13,1158,datacopy/UCSB/37859b0f28754cdde6d1dd269bd0c174543d8bed.bin,503
213,db23f083cabe51570b6c1f4f29ccdccaa53aca6e.bin,13,1149,datacopy/UCSB/db23f083cabe51570b6c1f4f29ccdccaa53aca6e.bin,503
214,816e1d8a2e26a56ae0a2720827740f652bdd17bb.bin,13,1162,datacopy/UCSB/816e1d8a2e26a56ae0a2720827740f652bdd17bb.bin,503
215,4a306056c6c303cbf1c66607511751263e9ce42e.bin,13,1162,datacopy/UCSB/4a306056c6c303cbf1c66607511751263e9ce42e.bin,503
216,5484e7004853299f64a87cd9163e14f8fdd2486e.bin,13,1394,datacopy/UCSB/5484e7004853299f64a87cd9163e14f8fdd2486e.bin,503
217,925ed977cb5050052c95c958245dd6eaf04e1aae.bin,13,1149,datacopy/UCSB/925ed977cb5050052c95c958245dd6eaf04e1aae.bin,503
218,c17b9cc9a76eccfdf7d7ab247ab41b93e7c7d292.codex,13,310,datacopy/CodexGiga/c17b9cc9a76eccfdf7d7ab247ab41b93e7c7d292.codex,503
219,21103a624fb4fe8139241b7785c2ecb0985f43f3.codex,13,958,datacopy/CodexGiga/21103a624fb4fe8139241b7785c2ecb0985f43f3.codex,503
220,4cfe12ae73e816dcf17e19f6b6a0faf66d1122d2.codex,13,13,datacopy/CodexGiga/4cfe12ae73e816dcf17e19f6b6a0faf66d1122d2.codex,503
221,0fda3b6488c04eed5241f6021e25c5b0f822279d.codex,13,773,datacopy/CodexGiga/0fda3b6488c04eed5241f6021e25c5b0f822279d.codex,503
222,8fd187f166119dff0d75d8f6207e92538a808839.codex,13,773,datacopy/CodexGiga/8fd187f166119dff0d75d8f6207e92538a808839.codex,503
223,96946ff2522cd4ac20d8d1b4d6490e29592489de.codex,13,773,datacopy/CodexGiga/96946ff2522cd4ac20d8d1b4d6490e29592489de.codex,503
224,bfa0f535f2aa8386fb5cd3fe60d9056005958630.codex,13,911,datacopy/CodexGiga/bfa0f535f2aa8386fb5cd3fe60d9056005958630.codex,503
225,c696dc822e1f8af8479250595d5bec3c4fe05cef.codex,13,773,datacopy/CodexGiga/c696dc822e1f8af8479250595d5bec3c4fe05cef.codex,503
226,0B_DupyKcBjKmLU9pa2xoTzBfN1U_e_download.exe,13,3,datacopy/BB/Files/2015-09-28/0B_DupyKcBjKmLU9pa2xoTzBfN1U_e_download.exe,503
227,Boletim_Ocorrencia.exe,13,2,datacopy/BB/Files/2017-07-05/Boletim_Ocorrencia.exe,503
228,IntimacaoPDF2739102014BF07.exe,13,80,datacopy/BB/Files/2014-01-15/IntimacaoPDF2739102014BF07.exe,503
229,Extrato_de_Boleto.PDF.exe,13,143,datacopy/BB/Files/2013-02-25/Extrato_de_Boleto.PDF.exe,503
230,4dGBag8BiKVPul9qn8C_qZx0lvoPOc.exe,13,80,datacopy/BB/Files/2014-01-28/4dGBag8BiKVPul9qn8C_qZx0lvoPOc.exe,503
231,NFe35140909142446000206550010000003611790665415-procnfe_xml_pdf.com,13,10,datacopy/BB/Files/2014-10-22/NFe35140909142446000206550010000003611790665415-procnfe_xml_pdf.com,503
232,Extrato_de_Boleto.PDF.exe,13,143,datacopy/BB/Files/2013-02-25/Extrato_de_Boleto.PDF.exe,503
233,2eda33e44946c3b534a3164a463429558c0820859f2e24b50ec963d8fd515ea5,13,1155,datacopy/Stefano/2eda33e44946c3b534a3164a463429558c0820859f2e24b50ec963d8fd515ea5,503
234,9881c53ea71b790c4e521cb189cf348e29ec3b750bee7ad33f295460f29a620e,13,1162,datacopy/Stefano/9881c53ea71b790c4e521cb189cf348e29ec3b750bee7ad33f295460f29a620e,503
235,1e1baacb4f07e1d17aa9d12f2ecbbc50f8f8ef397e76cf313dd2f1ffef7a917a,13,1155,datacopy/Stefano/1e1baacb4f07e1d17aa9d12f2ecbbc50f8f8ef397e76cf313dd2f1ffef7a917a,503
236,3fb86fa326560dc44ca6c6390a4c47bbc9a3b5bf5ee99b870f691c34adc1904f,13,1155,datacopy/Stefano/3fb86fa326560dc44ca6c6390a4c47bbc9a3b5bf5ee99b870f691c34adc1904f,503
237,4345c53f29a650f53d242cd39a6feed2b15faf46018ec6684af042e43e9d1b97,13,1155,datacopy/Stefano/4345c53f29a650f53d242cd39a6feed2b15faf46018ec6684af042e43e9d1b97,503
238,c518c5e07820f4983f3fcf7d697e75d29a4a8d91c9184c51decbed57e2ba3b36,13,1155,datacopy/Stefano/c518c5e07820f4983f3fcf7d697e75d29a4a8d91c9184c51decbed57e2ba3b36,503
239,f3e6783bf087786292bca1339b692eaa9291cf7162b7f8f1518c88690749ca5e,13,1155,datacopy/Stefano/f3e6783bf087786292bca1339b692eaa9291cf7162b7f8f1518c88690749ca5e,503
240,1e07e457c8b25483ea461f26456b057305fead54fb6bd5f2b7e2a32afcc294f6,13,1158,datacopy/Stefano/1e07e457c8b25483ea461f26456b057305fead54fb6bd5f2b7e2a32afcc294f6,503
241,e9483bfc1430b9c9c1991c8060b05987e23bf3035dbb66db4f3c8cbc2ef31689,13,1162,datacopy/Stefano/e9483bfc1430b9c9c1991c8060b05987e23bf3035dbb66db4f3c8cbc2ef31689,503
242,5275e1dd1b95152c308c290fce8a21c14d140acafe832011c24309d4146fe357,13,1155,datacopy/Stefano/5275e1dd1b95152c308c290fce8a21c14d140acafe832011c24309d4146fe357,503
243,db1b008e5776e496f263359352def24977f5226c1fc7ba002f1320b9267a66af,13,54,datacopy/Stefano/db1b008e5776e496f263359352def24977f5226c1fc7ba002f1320b9267a66af,503
244,f931098346ff88572e2ed42231d48cc8297b63bc24492b4a89ff93d01ea3712a,13,1158,datacopy/Stefano/f931098346ff88572e2ed42231d48cc8297b63bc24492b4a89ff93d01ea3712a,503
245,7ebd90bcdce8bccbc0c292cacc4b7e7b327afafcb3a7102974a143188671df11,13,1149,datacopy/Stefano/7ebd90bcdce8bccbc0c292cacc4b7e7b327afafcb3a7102974a143188671df11,503
246,b18abe7a4678b92307f90e4a26d86891605bf5cd5e511bacd754f612781a0f1f,13,54,datacopy/Stefano/b18abe7a4678b92307f90e4a26d86891605bf5cd5e511bacd754f612781a0f1f,503
247,a780b73f4544b48281035ec666ea0a626e65bc8c7ce4540bb1e8d27b10432944,13,1155,datacopy/Stefano/a780b73f4544b48281035ec666ea0a626e65bc8c7ce4540bb1e8d27b10432944,503
248,b761cb5d637fa7a1197a50771806a5968234ff4f0ea0d458f3eb35405be04ad7,13,1158,datacopy/Stefano/b761cb5d637fa7a1197a50771806a5968234ff4f0ea0d458f3eb35405be04ad7,503
249,cd99612ec16a2a6f8edc93930f7af779688aa69ff38db98bc43e930b61ccf935,13,1162,datacopy/Stefano/cd99612ec16a2a6f8edc93930f7af779688aa69ff38db98bc43e930b61ccf935,503
250,cf7264d528670c6eae85a72e7cebdeb7669cbdacc33811a9c456ad2207cee783,13,1149,datacopy/Stefano/cf7264d528670c6eae85a72e7cebdeb7669cbdacc33811a9c456ad2207cee783,503
251,919a1d7c39624d5077980dc0682fe7cee0ac53326e37c2c40b7375fe59d2fe98,13,1149,datacopy/Stefano/919a1d7c39624d5077980dc0682fe7cee0ac53326e37c2c40b7375fe59d2fe98,503
252,62374c5f3d2d85ccb01c2f367c8f20ce57d43acb6811a49c7be0baabfcbeb33a,13,1149,datacopy/Stefano/62374c5f3d2d85ccb01c2f367c8f20ce57d43acb6811a49c7be0baabfcbeb33a,503
253,b314fc6ad09644f3a3dbf24f4af1fb3eac01abf2bbf57e87bc8c4eca1a8aa449,13,1149,datacopy/Stefano/b314fc6ad09644f3a3dbf24f4af1fb3eac01abf2bbf57e87bc8c4eca1a8aa449,503
254,ae89dbf3802a132743c52ec5aeaf7fa3463e96238ea90779fd72f943958e0fa6,13,1158,datacopy/Stefano/ae89dbf3802a132743c52ec5aeaf7fa3463e96238ea90779fd72f943958e0fa6,503
255,ffa1eb9d1a412e3b932ec7f007bb27ed2b841626cc85539658993b042d5385a8,13,1155,datacopy/Stefano/ffa1eb9d1a412e3b932ec7f007bb27ed2b841626cc85539658993b042d5385a8,503
256,7064982521c99c44cf6c93cde38a4a249018d8be711a0fc432cfe66357d51d18,13,1162,datacopy/Stefano/7064982521c99c44cf6c93cde38a4a249018d8be711a0fc432cfe66357d51d18,503
257,8f84e4d0163d40443a91b393c47431177583281f3f816470693fe44c3f4158b2,13,1155,datacopy/Stefano/8f84e4d0163d40443a91b393c47431177583281f3f816470693fe44c3f4158b2,503
258,3efe7007e36c5ac1210b7445ab49f0a5a74336915e817dc27ae1eb58164ae77c,13,1155,datacopy/Stefano/3efe7007e36c5ac1210b7445ab49f0a5a74336915e817dc27ae1eb58164ae77c,503
259,a3c895c6ef324ed724003957fa2cc75d6bd785cb17e7460facda9e8d6ccafbc1,13,1155,datacopy/Stefano/a3c895c6ef324ed724003957fa2cc75d6bd785cb17e7460facda9e8d6ccafbc1,503
260,442dd56f1883aadba79c4b2acb9932455766c4c48cf5e7fc5d9134ec7c71b8ec,13,1162,datacopy/Stefano/442dd56f1883aadba79c4b2acb9932455766c4c48cf5e7fc5d9134ec7c71b8ec,503
261,c65a5d23e240c991ec9afe227f0eeef2b020197d410e7dc3f548c3afe2396981,13,1155,datacopy/Stefano/c65a5d23e240c991ec9afe227f0eeef2b020197d410e7dc3f548c3afe2396981,503
262,cb44623f96d2e1ef2ba4b3ac2fe6672143714d197e805b52b6c8aff5b01a9138,13,1162,datacopy/Stefano/cb44623f96d2e1ef2ba4b3ac2fe6672143714d197e805b52b6c8aff5b01a9138,503
263,417dc90d6a459f0a9b8fc7482843d6107fe3db9aedef3813cb341bd61fc4cf6c,13,130,datacopy/Stefano/417dc90d6a459f0a9b8fc7482843d6107fe3db9aedef3813cb341bd61fc4cf6c,503
264,0946dfefb1b82d779caac41aead1976b9f7ec63acd9330a6c8cb60431f849cd8,13,1155,datacopy/Stefano/0946dfefb1b82d779caac41aead1976b9f7ec63acd9330a6c8cb60431f849cd8,503
265,65075c0ede17c82830eac689b44b59911c5dbea4515f1533c1fca6f2f9dbca5c,13,1155,datacopy/Stefano/65075c0ede17c82830eac689b44b59911c5dbea4515f1533c1fca6f2f9dbca5c,503
266,0b946bd2f751684bdef02207ce2996a707f05ea5733f4fa7672e3d113ac1c165,13,1155,datacopy/Stefano/0b946bd2f751684bdef02207ce2996a707f05ea5733f4fa7672e3d113ac1c165,503
267,18f29dd886fd12be4985ad77c9f0f08d21cb58aa8779789352eaecfecdd8e2fa,13,1158,datacopy/Stefano/18f29dd886fd12be4985ad77c9f0f08d21cb58aa8779789352eaecfecdd8e2fa,503
268,2cd87f180c7689dee7441f734fb6203a3232d3abaf3f3b560cb7b14b1df42967,13,1158,datacopy/Stefano/2cd87f180c7689dee7441f734fb6203a3232d3abaf3f3b560cb7b14b1df42967,503
269,da47ad3273b67adbaa72916e92681a193f365d776bcf26e361f7aabc145d0204,13,1155,datacopy/Stefano/da47ad3273b67adbaa72916e92681a193f365d776bcf26e361f7aabc145d0204,503
270,0880753ae8b82ae591bfded631cc72cbd8745260634b69b15ef17d24c3f1f660,13,1155,datacopy/Stefano/0880753ae8b82ae591bfded631cc72cbd8745260634b69b15ef17d24c3f1f660,503
271,29d80e7410b8c8365a248545cd4c3d95a9b7233a083173902157b2239efeb8b7,13,799,datacopy/Stefano/29d80e7410b8c8365a248545cd4c3d95a9b7233a083173902157b2239efeb8b7,503
272,8474c65b61e12908c35ba13bf02c2353662470f970b04f411e01d4dbf05c4607,13,1155,datacopy/Stefano/8474c65b61e12908c35ba13bf02c2353662470f970b04f411e01d4dbf05c4607,503
273,d75da38650fdf9db33ca33e7311783da6e19c870832e458c0706260f6547c91c,13,1162,datacopy/Stefano/d75da38650fdf9db33ca33e7311783da6e19c870832e458c0706260f6547c91c,503
274,33207eb457c3626fe8c6673580f3392ebe6b4334fb167e00c137f2afcf18ab06,13,1155,datacopy/Stefano/33207eb457c3626fe8c6673580f3392ebe6b4334fb167e00c137f2afcf18ab06,503
275,24e465be5eaddd6f0cf584d263a35109fd54bdc36fa7f5e251b33f00e392b067,13,1162,datacopy/Stefano/24e465be5eaddd6f0cf584d263a35109fd54bdc36fa7f5e251b33f00e392b067,503
276,f9b8d514d2190d54a861a501fb911a604f38408e083437dae9b056238e897336,13,1155,datacopy/Stefano/f9b8d514d2190d54a861a501fb911a604f38408e083437dae9b056238e897336,503
277,e814eaab91dd237081d634a6307f4aca7089daaeb5ecacbdbf4cc474230afebe,13,1162,datacopy/Stefano/e814eaab91dd237081d634a6307f4aca7089daaeb5ecacbdbf4cc474230afebe,503
278,1d66d081945e74a12edaff9b31bb819108e2cdd3a172eee231774c76e776b684,13,1155,datacopy/Stefano/1d66d081945e74a12edaff9b31bb819108e2cdd3a172eee231774c76e776b684,503
279,4c785f94dadb147983dc611461fed4ce38c1c643b966c9cb8e3ed7faaca7dac5,13,1158,datacopy/Stefano/4c785f94dadb147983dc611461fed4ce38c1c643b966c9cb8e3ed7faaca7dac5,503
280,8a411abfbc42a2506ae20bdf5aa67c96140a0b79bc5389dd3ade7c2968bda2f3,13,1155,datacopy/Stefano/8a411abfbc42a2506ae20bdf5aa67c96140a0b79bc5389dd3ade7c2968bda2f3,503
281,efe94ba42d88fec983220be949469e2a1c63c9f0b60357a6e23285a2ff816b6e,13,1149,datacopy/Stefano/efe94ba42d88fec983220be949469e2a1c63c9f0b60357a6e23285a2ff816b6e,503
282,79e9ad5e4cecc28f549388f9f1ca7ef636c666447cb8afe8e3c96a3673bea6c0,13,1155,datacopy/Stefano/79e9ad5e4cecc28f549388f9f1ca7ef636c666447cb8afe8e3c96a3673bea6c0,503
283,cadb6ab021e738bdaaa3d9b1e3c45c0d008edc5e64373fb9daa6254eed1d24e4,13,1149,datacopy/Stefano/cadb6ab021e738bdaaa3d9b1e3c45c0d008edc5e64373fb9daa6254eed1d24e4,503
284,7273be3d25607076a5482661950524b4cc34062f068fe5a09e6d053b53551a1b,13,1162,datacopy/Stefano/7273be3d25607076a5482661950524b4cc34062f068fe5a09e6d053b53551a1b,503
285,bd510d8a1005fcd249e0130456dfc3f42204da190c799fef23f202229c667604,13,1155,datacopy/Stefano/bd510d8a1005fcd249e0130456dfc3f42204da190c799fef23f202229c667604,503
286,f7e5048c430bead2fc1b4bccebd6c5c8c7428037d94e0193fae9f4a55d4a9917,13,54,datacopy/Stefano/f7e5048c430bead2fc1b4bccebd6c5c8c7428037d94e0193fae9f4a55d4a9917,503
287,ef97fd6970d13259602ec6ce74c6c6b2965e6bde9a8db1e123c0d1b9938f00c9,13,1155,datacopy/Stefano/ef97fd6970d13259602ec6ce74c6c6b2965e6bde9a8db1e123c0d1b9938f00c9,503
288,837010acd9647a0a6f3c0798ed1fc0695f3a4547096f1188abfcb93c4e8cbfeb,13,1155,datacopy/Stefano/837010acd9647a0a6f3c0798ed1fc0695f3a4547096f1188abfcb93c4e8cbfeb,503
289,1aa78fdf5cfc1efaf8ac854da846dd452f4ae507ae9c325e57fea7d6c78ac67c,13,1155,datacopy/Stefano/1aa78fdf5cfc1efaf8ac854da846dd452f4ae507ae9c325e57fea7d6c78ac67c,503
290,1f817ee5343fbb30c374622d25136a161ff31f04af456fb73b58ab5882362a78,13,54,datacopy/Stefano/1f817ee5343fbb30c374622d25136a161ff31f04af456fb73b58ab5882362a78,503
291,2d925dfb99012a2b7201bd4775d3c8d1618f4fd0fde3f5fcd1d0613f4610b626,13,1158,datacopy/Stefano/2d925dfb99012a2b7201bd4775d3c8d1618f4fd0fde3f5fcd1d0613f4610b626,503
292,17cab601edc3a7efe4d32240dce022268e36210c342c81bfc3b13487e9d126c4,13,991,datacopy/Stefano/17cab601edc3a7efe4d32240dce022268e36210c342c81bfc3b13487e9d126c4,503
293,be3d5a18eb92b7d83c45bf7b4b7493d2e35d85ec9dd6d49b91be8f2f61b16c81,13,1155,datacopy/Stefano/be3d5a18eb92b7d83c45bf7b4b7493d2e35d85ec9dd6d49b91be8f2f61b16c81,503
294,b6b6b15c83a6d72c034b2d717f4ecfdeeb55a6e2114272ad7a2be5b99ab52356,13,1162,datacopy/Stefano/b6b6b15c83a6d72c034b2d717f4ecfdeeb55a6e2114272ad7a2be5b99ab52356,503
295,af3f242c4944d754cd2aee84cca1931bd7f8f59838535160d2da22c06a15433f,13,1158,datacopy/Stefano/af3f242c4944d754cd2aee84cca1931bd7f8f59838535160d2da22c06a15433f,503
296,f9b270b90b0a1edcdcfa926a890501c5d507c005d909290065c632bb1768955f,13,1162,datacopy/Stefano/f9b270b90b0a1edcdcfa926a890501c5d507c005d909290065c632bb1768955f,503
297,f5c296b7676bb0ff56956fcd77fc23d7103828cc4e3d550a2cae7764fc13d901,13,1155,datacopy/Stefano/f5c296b7676bb0ff56956fcd77fc23d7103828cc4e3d550a2cae7764fc13d901,503
298,adb3676028bb869ab258f3fffa61035e3543d9484333f1f721cbbdb0add4ccee,13,1162,datacopy/Stefano/adb3676028bb869ab258f3fffa61035e3543d9484333f1f721cbbdb0add4ccee,503
299,41a868296982d93c17a383c8860fdc13ea54a34d54a87e3f2db330acb02205d7,13,1162,datacopy/Stefano/41a868296982d93c17a383c8860fdc13ea54a34d54a87e3f2db330acb02205d7,503
300,7b97e4b763a6dc70581a07591d5d1ce76550251b97127d2d4a6d3d09dd81c336,13,1155,datacopy/Stefano/7b97e4b763a6dc70581a07591d5d1ce76550251b97127d2d4a6d3d09dd81c336,503
301,400fd09abfeb7b6f497b5a36b010b9148f042ff4b72e37ba4184bdcf91755e81,13,1158,datacopy/Stefano/400fd09abfeb7b6f497b5a36b010b9148f042ff4b72e37ba4184bdcf91755e81,503
302,20d0d272d41ce5dd16e7fd7a17935b3378cc3baac83d4881184b36cfddc15cae,13,1155,datacopy/Stefano/20d0d272d41ce5dd16e7fd7a17935b3378cc3baac83d4881184b36cfddc15cae,503
303,154107390166d8d6fede4e05f1174f22bc99d57a65fde111295eafc13795ca30,13,1158,datacopy/Stefano/154107390166d8d6fede4e05f1174f22bc99d57a65fde111295eafc13795ca30,503
304,3c8bac7c4598b2ddfbf5baf872085e362a8db6ccfec8ec641636d456c5986477,13,1155,datacopy/Stefano/3c8bac7c4598b2ddfbf5baf872085e362a8db6ccfec8ec641636d456c5986477,503
305,a51cb23b849f4cbe0a5c7ccc8f724fb791fe7394ec4cfa1412fd4353cae06809,13,1155,datacopy/Stefano/a51cb23b849f4cbe0a5c7ccc8f724fb791fe7394ec4cfa1412fd4353cae06809,503
306,2cbca2cd2889ff9347f95949ccdcedffc6759a20a35827398a04c74d1e9f653f,13,1155,datacopy/Stefano/2cbca2cd2889ff9347f95949ccdcedffc6759a20a35827398a04c74d1e9f653f,503
307,4752e3001d858e67eebd409e78ca02fb1e3234de7e7f3ca3b24a2a8415ad64d3,13,799,datacopy/Stefano/4752e3001d858e67eebd409e78ca02fb1e3234de7e7f3ca3b24a2a8415ad64d3,503
308,c9dbff8053ebc60b260ab8fc1a85a1d5b02d3343a45edab2b053f349bdba2f64,13,1155,datacopy/Stefano/c9dbff8053ebc60b260ab8fc1a85a1d5b02d3343a45edab2b053f349bdba2f64,503
309,c8b8fb2cbaae053bbe4af56e2ea1f5118f0fa0f5f44de0ff8d8618a7091a4f1d,13,54,datacopy/Stefano/c8b8fb2cbaae053bbe4af56e2ea1f5118f0fa0f5f44de0ff8d8618a7091a4f1d,503
310,7b3f402c4ed0d4b2bf8563a271fcddf83c5a36ef17e400d183be8cebcfa270c0,13,54,datacopy/Stefano/7b3f402c4ed0d4b2bf8563a271fcddf83c5a36ef17e400d183be8cebcfa270c0,503
311,d910c3dc6af7282cd2256fe3a8c8387b664a9f82b732eed0967a92b18f8a4814,13,1155,datacopy/Stefano/d910c3dc6af7282cd2256fe3a8c8387b664a9f82b732eed0967a92b18f8a4814,503
312,9dc5a14da984b26a7d00190c564e0f3c887f38d73e8ad81872993117b0ba307a,13,1162,datacopy/Stefano/9dc5a14da984b26a7d00190c564e0f3c887f38d73e8ad81872993117b0ba307a,503
313,cb160927af42cc87db866ecd152a4881ff1954f1e4fae91231b396579fe77624,13,1155,datacopy/Stefano/cb160927af42cc87db866ecd152a4881ff1954f1e4fae91231b396579fe77624,503
314,066d8288029552c630f2f01150978c474ee5f403359c24c125f55366fa5dbbd3,13,1155,datacopy/Stefano/066d8288029552c630f2f01150978c474ee5f403359c24c125f55366fa5dbbd3,503
315,1a1dfcdf0258fb763a30a8fe475962c7e93589306f6652efa2a051159a107c38,13,1158,datacopy/Stefano/1a1dfcdf0258fb763a30a8fe475962c7e93589306f6652efa2a051159a107c38,503
316,3e31dc75e2bbca4914af51b9e6d6b5eb66c4e2366b327493511a76d2bfb1ed60,13,1149,datacopy/Stefano/3e31dc75e2bbca4914af51b9e6d6b5eb66c4e2366b327493511a76d2bfb1ed60,503
317,93819837fd198871d0b0092844dfe1b2d64d5de969c74b1e7de6d799fe824962,13,1181,datacopy/Stefano/93819837fd198871d0b0092844dfe1b2d64d5de969c74b1e7de6d799fe824962,503
318,3e42ea382c07bb21ada53f078e5fe550b99e4cb9498dc8e2f777ff3da224d16d,13,54,datacopy/Stefano/3e42ea382c07bb21ada53f078e5fe550b99e4cb9498dc8e2f777ff3da224d16d,503
319,9077d5206d9c5c3872067636b062cdf81af819cab2eff5fe9471b149ffa88541,13,1162,datacopy/Stefano/9077d5206d9c5c3872067636b062cdf81af819cab2eff5fe9471b149ffa88541,503
320,edd1fd9d5785032bf7b8fbf57a99b0dd7d2bf66479c792d2461b9df438479cc9,13,1155,datacopy/Stefano/edd1fd9d5785032bf7b8fbf57a99b0dd7d2bf66479c792d2461b9df438479cc9,503
321,eb591d96d497d72f90fbef6bf1d8ace473cc4e24ae1db9d8929123f98ce5f436,13,1155,datacopy/Stefano/eb591d96d497d72f90fbef6bf1d8ace473cc4e24ae1db9d8929123f98ce5f436,503
322,a080fef24548f76e6f0daead032aa50c1ae5b866ea7878c175f32826553f7362,13,1155,datacopy/Stefano/a080fef24548f76e6f0daead032aa50c1ae5b866ea7878c175f32826553f7362,503
323,2f3a37a63b5595acb7abbda54e4767f3e0f36b5c162047fa38bae067618344e4,13,1155,datacopy/Stefano/2f3a37a63b5595acb7abbda54e4767f3e0f36b5c162047fa38bae067618344e4,503
324,398a4b2f3c80ffc7162c5b3af5ad021d3cd1541d0418b4110ef50c4781f1cb24,13,1158,datacopy/Stefano/398a4b2f3c80ffc7162c5b3af5ad021d3cd1541d0418b4110ef50c4781f1cb24,503
325,93bcb83357567a8b3c089f4cd53876b3f4703ed784116611995199705ac174b8,13,1158,datacopy/Stefano/93bcb83357567a8b3c089f4cd53876b3f4703ed784116611995199705ac174b8,503
326,0e1d5a987466af628bba2764f2bbb215e302224d2010d53591664a0f874d0c16,13,1158,datacopy/Stefano/0e1d5a987466af628bba2764f2bbb215e302224d2010d53591664a0f874d0c16,503
327,f96429eee522c8d53e653df4b7846fee9c89962a968924435b4bc2566c31ec03,13,1158,datacopy/Stefano/f96429eee522c8d53e653df4b7846fee9c89962a968924435b4bc2566c31ec03,503
328,84fd0a72cebe59aebda4fc310d4d424441934df3c5164eba7bce4d8a8b4b6e25,13,1158,datacopy/Stefano/84fd0a72cebe59aebda4fc310d4d424441934df3c5164eba7bce4d8a8b4b6e25,503
329,1f7ec6033c8461243ad9f1336729d39a92d74cbc50f0d7d548f17f86fba8ca2c,13,130,datacopy/Stefano/1f7ec6033c8461243ad9f1336729d39a92d74cbc50f0d7d548f17f86fba8ca2c,503
330,6d0f87dc7ff2f0fe0ad231cfcb108b506e9544e63a6ede3999ca333600eeaf58,13,54,datacopy/Stefano/6d0f87dc7ff2f0fe0ad231cfcb108b506e9544e63a6ede3999ca333600eeaf58,503
331,9700cd7a33c53372c030a9c788057ba60f2949f657ae73b718465c7c3c6d7e22,13,1155,datacopy/Stefano/9700cd7a33c53372c030a9c788057ba60f2949f657ae73b718465c7c3c6d7e22,503
332,9fd9df9450dbc860309344780d4bb720549911254d6e10e9f35712369cdba80f,13,130,datacopy/Stefano/9fd9df9450dbc860309344780d4bb720549911254d6e10e9f35712369cdba80f,503
333,ce37571f4bb981c33a02d779a5fbbd6073712acd547b4973e0330473e0b92418,13,1162,datacopy/Stefano/ce37571f4bb981c33a02d779a5fbbd6073712acd547b4973e0330473e0b92418,503
334,9b21f9082fbc516be53a5122d67e2fa1adbaf6e14bdba0aeb55d948a5d547f6b,13,1302,datacopy/Stefano/9b21f9082fbc516be53a5122d67e2fa1adbaf6e14bdba0aeb55d948a5d547f6b,503
335,52b095c53ef69fb67fc6b3c2f995b794af2223569a0db5f1ab3818b0af2403ab,13,1155,datacopy/Stefano/52b095c53ef69fb67fc6b3c2f995b794af2223569a0db5f1ab3818b0af2403ab,503
336,b7189ddf1da8161185ddd377ae64b650f0f0725a7329860810e1b42aeed7bf0f,13,1158,datacopy/Stefano/b7189ddf1da8161185ddd377ae64b650f0f0725a7329860810e1b42aeed7bf0f,503
337,872f13db1153910c241b8df0089f9acf191b664b8a736f8408c3c9e4d5682b9e,13,1155,datacopy/Stefano/872f13db1153910c241b8df0089f9acf191b664b8a736f8408c3c9e4d5682b9e,503
338,bcf07ff7a73042e97011f1f53a534b62088f60a1b0d9b92c4d63f82e0a45d44d,13,1155,datacopy/Stefano/bcf07ff7a73042e97011f1f53a534b62088f60a1b0d9b92c4d63f82e0a45d44d,503
339,a5a47263dbdb18427ce626c790f5d154c49016cdbee26b87edec10d98820fe5d,13,1158,datacopy/Stefano/a5a47263dbdb18427ce626c790f5d154c49016cdbee26b87edec10d98820fe5d,503
340,71aff0fdd143e7c398d0e2e3107b585b87f315414e13e23fc68c4745b048c68a,13,1162,datacopy/Stefano/71aff0fdd143e7c398d0e2e3107b585b87f315414e13e23fc68c4745b048c68a,503
341,33005bad16a7b24980ff860b3cbac3154df5be8efc25d4c84106c7db86b60435,13,1158,datacopy/Stefano/33005bad16a7b24980ff860b3cbac3154df5be8efc25d4c84106c7db86b60435,503
342,559d4ceeab6dc8a570ce8f3b1d904fbd8291b26a797cccf32e4598228d8ca977,13,1155,datacopy/Stefano/559d4ceeab6dc8a570ce8f3b1d904fbd8291b26a797cccf32e4598228d8ca977,503
343,39d620f2520fd4fe7fe017e13cf10dc3be9702bf75330492c5ab31b3c4044a7f,13,1162,datacopy/Stefano/39d620f2520fd4fe7fe017e13cf10dc3be9702bf75330492c5ab31b3c4044a7f,503
344,40267954f06044c031ab92101a36ae0c7bcf1bd58ea947dcf33610e4c69a0c9e,13,1162,datacopy/Stefano/40267954f06044c031ab92101a36ae0c7bcf1bd58ea947dcf33610e4c69a0c9e,503
345,2f450f257de9693158f9c0e767a9818f5ea0988f971e5fe9bdecb2562299715c,13,1158,datacopy/Stefano/2f450f257de9693158f9c0e767a9818f5ea0988f971e5fe9bdecb2562299715c,503
346,631f42bf5146630e4681f0bc415e2dc9f14d5fd0cb54c728a4f32c0ec96dbdd4,13,1155,datacopy/Stefano/631f42bf5146630e4681f0bc415e2dc9f14d5fd0cb54c728a4f32c0ec96dbdd4,503
347,38471ba65ad547186c67c34bc93aa65176b6cc3919bc2436de8dba8a2fef2d89,13,1149,datacopy/Stefano/38471ba65ad547186c67c34bc93aa65176b6cc3919bc2436de8dba8a2fef2d89,503
348,28596fd5ecc82ffb25b9341aa090040f6a5855e04f502e82caa8ce5a6b593de4,13,1162,datacopy/Stefano/28596fd5ecc82ffb25b9341aa090040f6a5855e04f502e82caa8ce5a6b593de4,503
349,2873139f32eb3e5b61e86e2a71dfc26199a3c198a2ec0f6097b221c4b179db49,13,1155,datacopy/Stefano/2873139f32eb3e5b61e86e2a71dfc26199a3c198a2ec0f6097b221c4b179db49,503
350,12d1a4cad451c6ed14de2e448c41a8ed6607c5bf00cbc6a0c0f9198691659be4,13,1158,datacopy/Stefano/12d1a4cad451c6ed14de2e448c41a8ed6607c5bf00cbc6a0c0f9198691659be4,503
351,c360e4131310aa5c0144895a31c6d6878af271c9d4876c8d5c57660528af6222,13,1155,datacopy/Stefano/c360e4131310aa5c0144895a31c6d6878af271c9d4876c8d5c57660528af6222,503
352,0a06383f4e25ecc44f1c860f77151c8d8f3d6f0b41dc18fc61291fa3931d125a,13,1158,datacopy/Stefano/0a06383f4e25ecc44f1c860f77151c8d8f3d6f0b41dc18fc61291fa3931d125a,503
353,5be72182e4e91a605df7b1fae8bd504998b534854ce17135ca82f91b14581339,13,1158,datacopy/Stefano/5be72182e4e91a605df7b1fae8bd504998b534854ce17135ca82f91b14581339,503
354,74375a911e2166a00bea14db9fd9140257e0c91e549f93057cdf4e9c90815806,13,1155,datacopy/Stefano/74375a911e2166a00bea14db9fd9140257e0c91e549f93057cdf4e9c90815806,503
355,80f8bb20d1ed70247cb8c0540d00a8b75e42713f0bd41276354540eb82051efa,13,799,datacopy/Stefano/80f8bb20d1ed70247cb8c0540d00a8b75e42713f0bd41276354540eb82051efa,503
356,088181c9183bf6e5473f725768db1bd27161bfdb7b0c9ca0eb57e58742a0241a,13,1162,datacopy/Stefano/088181c9183bf6e5473f725768db1bd27161bfdb7b0c9ca0eb57e58742a0241a,503
357,4d788dd92db20bed465e8af5b1708f1686c906414a4589a06e0d1878b2fa5406,13,991,datacopy/Stefano/4d788dd92db20bed465e8af5b1708f1686c906414a4589a06e0d1878b2fa5406,503
358,93b25307eb33fc8ace0254cd6de003e2bc5bd675d0cd8cc1cc94254502a0c424,13,1155,datacopy/Stefano/93b25307eb33fc8ace0254cd6de003e2bc5bd675d0cd8cc1cc94254502a0c424,503
359,7fa1d6f898c7b8b9acf5cc555974bbd8eeb104ba09897a35acd12394d5fd4d07,13,991,datacopy/Stefano/7fa1d6f898c7b8b9acf5cc555974bbd8eeb104ba09897a35acd12394d5fd4d07,503
360,626e84b19498546e59e6ebbacfb2e8990af9347db40cd0d66ca407da8b3aafc2,13,1149,datacopy/Stefano/626e84b19498546e59e6ebbacfb2e8990af9347db40cd0d66ca407da8b3aafc2,503
361,e61a9473331c1dbe00657fac9b2a88ba97d599a87e4088458ccd2bc636c222b9,13,1149,datacopy/Stefano/e61a9473331c1dbe00657fac9b2a88ba97d599a87e4088458ccd2bc636c222b9,503
362,21fd5733ec270e8a08e2a3b24bf0eb49055ae0a2d8d20f21ec900cfdc527418a,13,1162,datacopy/Stefano/21fd5733ec270e8a08e2a3b24bf0eb49055ae0a2d8d20f21ec900cfdc527418a,503
363,0f63dede6d0cc4936f1774caab1f8095c089468213146d3f95b5c204ce59cd98,13,1158,datacopy/Stefano/0f63dede6d0cc4936f1774caab1f8095c089468213146d3f95b5c204ce59cd98,503
364,f51bdb794973e304ab9953a3b0e2525c743f89a5d56823c5fc4964299e0ece94,13,1149,datacopy/Stefano/f51bdb794973e304ab9953a3b0e2525c743f89a5d56823c5fc4964299e0ece94,503
365,0465e58f73aceb2e1aae98a47578074044fd227e28892bef815984b30c5ff429,13,1158,datacopy/Stefano/0465e58f73aceb2e1aae98a47578074044fd227e28892bef815984b30c5ff429,503
366,72db81665b0a3e55286fe26a81b2ea475f61fca1fa1db445ecb8b2318cdf7036,13,1155,datacopy/Stefano/72db81665b0a3e55286fe26a81b2ea475f61fca1fa1db445ecb8b2318cdf7036,503
367,17d354cd144d4431476f8bb29244dd826a01d1f75bbd1c105d4fc0288ea73bf7,13,54,datacopy/Stefano/17d354cd144d4431476f8bb29244dd826a01d1f75bbd1c105d4fc0288ea73bf7,503
368,e0d8b7f061089988f8d7c6477694e0c1017b746ec080ac3ed838e0b835342c05,13,1158,datacopy/Stefano/e0d8b7f061089988f8d7c6477694e0c1017b746ec080ac3ed838e0b835342c05,503
369,42c7b3b9beac5a58f3d36ff0774d1f3abcdcc51b2de0d6c53865758be6674bfc,13,1155,datacopy/Stefano/42c7b3b9beac5a58f3d36ff0774d1f3abcdcc51b2de0d6c53865758be6674bfc,503
370,1f9151d09debd12b298b946794d4a4738612af8807efa2410a08d4beb5a06521,13,1158,datacopy/Stefano/1f9151d09debd12b298b946794d4a4738612af8807efa2410a08d4beb5a06521,503
371,8e46f03a1a7e33160fee62565af4db8c677e67cd9a41a8c73d34f5115268139c,13,1158,datacopy/Stefano/8e46f03a1a7e33160fee62565af4db8c677e67cd9a41a8c73d34f5115268139c,503
372,531627b8b0f06444ca96a4dfccc92950aeaaee1ad4c6d39b3eaeb174ed3d2131,13,130,datacopy/Stefano/531627b8b0f06444ca96a4dfccc92950aeaaee1ad4c6d39b3eaeb174ed3d2131,503
373,1ec21e02bbc3c500d094b3c4641343b5f7172c9b618808e578f73f9d3109d777,13,1158,datacopy/Stefano/1ec21e02bbc3c500d094b3c4641343b5f7172c9b618808e578f73f9d3109d777,503
374,3c6451b07070104fd87d14adbcf5a17c20ce113bec065270de3cc8f3aff834e8,13,1162,datacopy/Stefano/3c6451b07070104fd87d14adbcf5a17c20ce113bec065270de3cc8f3aff834e8,503
375,1292f977eb64e1ee88213ec35b8e7d91e799fc351cf3eca36c198781fb4fd599,13,1155,datacopy/Stefano/1292f977eb64e1ee88213ec35b8e7d91e799fc351cf3eca36c198781fb4fd599,503
376,468f0f09f05b2371e05a6db732de1c9ed78e94c11301b02c4c88bc480e7daac9,13,1158,datacopy/Stefano/468f0f09f05b2371e05a6db732de1c9ed78e94c11301b02c4c88bc480e7daac9,503
377,7ccc4375ea7cf7cd1a687b314e8a6cb0ce6384a2542817ecba8aa3fc54f36a1f,13,130,datacopy/Stefano/7ccc4375ea7cf7cd1a687b314e8a6cb0ce6384a2542817ecba8aa3fc54f36a1f,503
378,4a2b2b65bfbd10a0bd1b772e3d087ba1bb0e8528825a2c29baf6578b94eecb25,13,1155,datacopy/Stefano/4a2b2b65bfbd10a0bd1b772e3d087ba1bb0e8528825a2c29baf6578b94eecb25,503
379,fe87f6fac0a78bba13617f01c5165fdb4e7c23341ac49bad9b2e07a827c1534d,13,991,datacopy/Stefano/fe87f6fac0a78bba13617f01c5165fdb4e7c23341ac49bad9b2e07a827c1534d,503
380,50517916f1bfa3a05770d27cbebd45da881752f39326554e2b00b530a4a20a85,13,1155,datacopy/Stefano/50517916f1bfa3a05770d27cbebd45da881752f39326554e2b00b530a4a20a85,503
381,bfc1bf94d18898b37d842bbaba5debe45823eb5858b233181098b63d15e148fd,13,1155,datacopy/Stefano/bfc1bf94d18898b37d842bbaba5debe45823eb5858b233181098b63d15e148fd,503
382,faa438c5090260f0a42707991df6a0355c0e2a4a958285af7b44ad9df824114d,13,1162,datacopy/Stefano/faa438c5090260f0a42707991df6a0355c0e2a4a958285af7b44ad9df824114d,503
383,c315b80b7f337c500a4694a904e8d031d6d62d39d6828a6d6059e811fd05db94,13,1162,datacopy/Stefano/c315b80b7f337c500a4694a904e8d031d6d62d39d6828a6d6059e811fd05db94,503
384,d4361722d85c5f4f1dbb5a338197f43c06e543fc744c1671cfb970ca3104509f,13,1162,datacopy/Stefano/d4361722d85c5f4f1dbb5a338197f43c06e543fc744c1671cfb970ca3104509f,503
385,4a4f69dafb270ee65c1e9e4efd13e9cd00603bfd5025bd18945f9a75445aa9fc,13,1162,datacopy/Stefano/4a4f69dafb270ee65c1e9e4efd13e9cd00603bfd5025bd18945f9a75445aa9fc,503
386,e6512a980f338b06eeb02fac2727898f0ddf6833a22776ff0ffe80a40777d1df,13,130,datacopy/Stefano/e6512a980f338b06eeb02fac2727898f0ddf6833a22776ff0ffe80a40777d1df,503
387,7df5b868a7a936001f1012d781bf0fd730be5ea0444fd63957f1ac607860a764,13,1162,datacopy/Stefano/7df5b868a7a936001f1012d781bf0fd730be5ea0444fd63957f1ac607860a764,503
388,9239ed417e3e1cb09d508b8d70eece986af2afb9ecf5ebcd36c09d7ae4c76215,13,1162,datacopy/Stefano/9239ed417e3e1cb09d508b8d70eece986af2afb9ecf5ebcd36c09d7ae4c76215,503
389,a2f7641b0665ed41e4ccaadf09e3373b788412f2f89826fca6e516d34fcab974,13,1155,datacopy/Stefano/a2f7641b0665ed41e4ccaadf09e3373b788412f2f89826fca6e516d34fcab974,503
390,2bcd300369fcf3d81bfd36853cc743da2aaeb387b354da153f67389f9b52af68,13,1162,datacopy/Stefano/2bcd300369fcf3d81bfd36853cc743da2aaeb387b354da153f67389f9b52af68,503
391,0f29b1407e441088fddceb825704777f96b3560cf5eabc58a61f1d315714720a,13,1181,datacopy/Stefano/0f29b1407e441088fddceb825704777f96b3560cf5eabc58a61f1d315714720a,503
392,184ae8377fb9af2ca963af9ec6d242acbff70c823d660214fea0ec080620ca7d,13,1158,datacopy/Stefano/184ae8377fb9af2ca963af9ec6d242acbff70c823d660214fea0ec080620ca7d,503
393,9d2ed237ce93a5cdaca0c0232f0dd8c1f826bb3af5c4aa65d54f029d8c085720,13,1155,datacopy/Stefano/9d2ed237ce93a5cdaca0c0232f0dd8c1f826bb3af5c4aa65d54f029d8c085720,503
394,bf3cc293e6888c5e0c8ccde5231dbf5cf78628c1319a77b29fe07e3442359a18,13,1149,datacopy/Stefano/bf3cc293e6888c5e0c8ccde5231dbf5cf78628c1319a77b29fe07e3442359a18,503
395,79f9c66a471936595aa3b7bfccc8eefb10909a0efd926a535ef8f0e19e723be2,13,1155,datacopy/Stefano/79f9c66a471936595aa3b7bfccc8eefb10909a0efd926a535ef8f0e19e723be2,503
396,34b02756fdf66104dc20b525753952146e340254f8b8fd1f6536084445af7e60,13,1149,datacopy/Stefano/34b02756fdf66104dc20b525753952146e340254f8b8fd1f6536084445af7e60,503
397,ee7865182e9da6e6f5e6f551285b77dc222b4a9353d755e034b9104eac1451ad,13,1155,datacopy/Stefano/ee7865182e9da6e6f5e6f551285b77dc222b4a9353d755e034b9104eac1451ad,503
398,5b61d33c4adc676df86e60c76e47a42b3d847aa8f81f196d9db1ef19f670e047,13,1155,datacopy/Stefano/5b61d33c4adc676df86e60c76e47a42b3d847aa8f81f196d9db1ef19f670e047,503
399,540ddba657577d5ab7350808b791cfdffd3dcdcec9662fcf8b6a17c72cd4af24,13,1162,datacopy/Stefano/540ddba657577d5ab7350808b791cfdffd3dcdcec9662fcf8b6a17c72cd4af24,503
400,e5c78e1f9fa64dd450320a040e30e8836b505847f7ff0dfcf0dbcc6f99883cef,13,1158,datacopy/Stefano/e5c78e1f9fa64dd450320a040e30e8836b505847f7ff0dfcf0dbcc6f99883cef,503
401,9608be6d047137e841e763664ba14f08d9b0c97df5ce833f2dbb54dcf4ad0949,13,1158,datacopy/Stefano/9608be6d047137e841e763664ba14f08d9b0c97df5ce833f2dbb54dcf4ad0949,503
402,5fd03a8261ff7d72f5dc1499af61970ff09c058ae580f28258feb7e7a3d8b9e4,13,1155,datacopy/Stefano/5fd03a8261ff7d72f5dc1499af61970ff09c058ae580f28258feb7e7a3d8b9e4,503
403,ad9a1a9ad76725275675cf24be6102bed7b9b0e63819f4a7e7347b2892722175,13,1155,datacopy/Stefano/ad9a1a9ad76725275675cf24be6102bed7b9b0e63819f4a7e7347b2892722175,503
404,bddf1c4205f49ded66d0c0936344c347ba5db388b5db64209a899152b253fc15,13,1201,datacopy/Stefano/bddf1c4205f49ded66d0c0936344c347ba5db388b5db64209a899152b253fc15,503
405,deedecd35f43baed8043bbcc05ea1bebf516275be5f94728429da25a8f3d40f2,13,1155,datacopy/Stefano/deedecd35f43baed8043bbcc05ea1bebf516275be5f94728429da25a8f3d40f2,503
406,396f8e34ad95d3f55da68a71fd4038d7bd34f14d273e8674cae26b0f5ec7f7f7,13,1162,datacopy/Stefano/396f8e34ad95d3f55da68a71fd4038d7bd34f14d273e8674cae26b0f5ec7f7f7,503
407,2a5501de3e1b41dbd2a74c2a14ecc4e6d98d8605d592dc6c8a82e462323264c3,13,1155,datacopy/Stefano/2a5501de3e1b41dbd2a74c2a14ecc4e6d98d8605d592dc6c8a82e462323264c3,503
408,107492ee4bd6e517b7cb3f40f42f40fae8677864d2a629b72136874af70fad39,13,1149,datacopy/Stefano/107492ee4bd6e517b7cb3f40f42f40fae8677864d2a629b72136874af70fad39,503
409,f5e75c1dd7235fe51453badf68580441dce18d754e602afb892c720cc3bb5556,13,1162,datacopy/Stefano/f5e75c1dd7235fe51453badf68580441dce18d754e602afb892c720cc3bb5556,503
410,99d048dceb146cda42c062b77c67f4d22f6c8a596f9e998a057787c1eb9d4ff3,13,1162,datacopy/Stefano/99d048dceb146cda42c062b77c67f4d22f6c8a596f9e998a057787c1eb9d4ff3,503
411,a374771f88cf1fa72e33dcac8b5bd28e29dccd650cc628cb4ee1e0686056d7b0,13,1149,datacopy/Stefano/a374771f88cf1fa72e33dcac8b5bd28e29dccd650cc628cb4ee1e0686056d7b0,503
412,469a50932fe72dfec9174b04aa415c18d05ce83451a3554d518282bea47ad6d7,13,1158,datacopy/Stefano/469a50932fe72dfec9174b04aa415c18d05ce83451a3554d518282bea47ad6d7,503
413,0a81aa059c88bb12e2b8ac6fc6edc90dcc6b466c63d508816a2d0b8982d6e8d7,13,1162,datacopy/Stefano/0a81aa059c88bb12e2b8ac6fc6edc90dcc6b466c63d508816a2d0b8982d6e8d7,503
414,58312f6ff2835a761003db4f309ac20b3d624f111c66a216ef6a622389d5db88,13,130,datacopy/Stefano/58312f6ff2835a761003db4f309ac20b3d624f111c66a216ef6a622389d5db88,503
415,904f9d0da536a7567aec509380be679951b1c308dfa81e6d1c909862d8c3c8cb,13,1156,datacopy/Stefano/904f9d0da536a7567aec509380be679951b1c308dfa81e6d1c909862d8c3c8cb,503
416,d21e4e9295b261d851983ebdd0e16d2a07ac883e26a36bfbe9dc1e5b872e1479,13,1162,datacopy/Stefano/d21e4e9295b261d851983ebdd0e16d2a07ac883e26a36bfbe9dc1e5b872e1479,503
417,0d698eef0ce04e3e819916d42142e0e06b3883f2c1c154d08c0f3c82c3fa109d,13,1149,datacopy/Stefano/0d698eef0ce04e3e819916d42142e0e06b3883f2c1c154d08c0f3c82c3fa109d,503
418,f92b5e877e8bf671cad8568cf3ee3088325ab2a3004065c19c040a970ae8cd35,13,991,datacopy/Stefano/f92b5e877e8bf671cad8568cf3ee3088325ab2a3004065c19c040a970ae8cd35,503
419,f9a72874419d7bb39a04e3db50aa3682d35ea3f529e175b1e99cf083501c84d1,13,1181,datacopy/Stefano/f9a72874419d7bb39a04e3db50aa3682d35ea3f529e175b1e99cf083501c84d1,503
420,a4e64f5289fa2e5868e6bfae4188f65af68645feb3ca6e01957302a4d9cca3e9,13,54,datacopy/Stefano/a4e64f5289fa2e5868e6bfae4188f65af68645feb3ca6e01957302a4d9cca3e9,503
421,88ab2d920db1ff6c4d3d5ab4cfe4414bcd71014fc41c58e9926a18e06bca47aa,13,1149,datacopy/Stefano/88ab2d920db1ff6c4d3d5ab4cfe4414bcd71014fc41c58e9926a18e06bca47aa,503
422,1e576e6f54c03ce854c212bf6636deeb7bee58a121e49015fab9c7936fca553b,13,1149,datacopy/Stefano/1e576e6f54c03ce854c212bf6636deeb7bee58a121e49015fab9c7936fca553b,503
423,d54bfa49cdbf8472dde6e15c448483412dcd075ca395eec33f624fb82d09d18c,13,1158,datacopy/Stefano/d54bfa49cdbf8472dde6e15c448483412dcd075ca395eec33f624fb82d09d18c,503
424,261ae9de1ec293be5ece19b70e788a197b501418f80e76d4183593a5f55112e8,13,1155,datacopy/Stefano/261ae9de1ec293be5ece19b70e788a197b501418f80e76d4183593a5f55112e8,503
425,a8dbad95b0474dbd6d65cf644edf3dce81ce6803a163dae8c54b098f40b40173,13,1149,datacopy/Stefano/a8dbad95b0474dbd6d65cf644edf3dce81ce6803a163dae8c54b098f40b40173,503
426,77570714f1a8ff25b1603267ecedad22541f1f43b0efc66e8c1cb06093bcd521,13,1155,datacopy/Stefano/77570714f1a8ff25b1603267ecedad22541f1f43b0efc66e8c1cb06093bcd521,503
427,6b3a39ba506654cd36b5204b5380107ff50a42b0a26b5da48b1757c620b9db3a,13,54,datacopy/Stefano/6b3a39ba506654cd36b5204b5380107ff50a42b0a26b5da48b1757c620b9db3a,503
428,b147fa3e69445a18cf2a231f8ebd140e0c21249ebbf6a66412a3ea1ee3c99d7e,13,1158,datacopy/Stefano/b147fa3e69445a18cf2a231f8ebd140e0c21249ebbf6a66412a3ea1ee3c99d7e,503
429,66abe0fc09814145b96e8a37f3ca007d0d8e40f62cbc074d69b7d582fafe8558,13,1162,datacopy/Stefano/66abe0fc09814145b96e8a37f3ca007d0d8e40f62cbc074d69b7d582fafe8558,503
430,d691cb9a2924f9ee98ef724da52b9a8a589decf9f69eae0d131d8e311ea4ae6b,13,1158,datacopy/Stefano/d691cb9a2924f9ee98ef724da52b9a8a589decf9f69eae0d131d8e311ea4ae6b,503
431,8b04e21d472ab1a41946723cab6c917445122b022a60fb27153db6bb31006fae,13,1158,datacopy/Stefano/8b04e21d472ab1a41946723cab6c917445122b022a60fb27153db6bb31006fae,503
432,271f194cb4cb29578e842cd0b1a6b64446e49a0070559550380563b28b3e5420,13,1158,datacopy/Stefano/271f194cb4cb29578e842cd0b1a6b64446e49a0070559550380563b28b3e5420,503
433,2c189c2a839a88d52ee8dd65d86bcbfdec1530885be9bbe2deee880249b02839,13,1158,datacopy/Stefano/2c189c2a839a88d52ee8dd65d86bcbfdec1530885be9bbe2deee880249b02839,503
434,bdfe6ecb0f583eb2f8445b70e8cb7314402d85fd7d19adab501e153a2c9fa89e,13,1162,datacopy/Stefano/bdfe6ecb0f583eb2f8445b70e8cb7314402d85fd7d19adab501e153a2c9fa89e,503
435,ff07e3ebf8056d4b5a57040f0b033532b11404a862fb7644b4da267f5d14902e,13,1158,datacopy/Stefano/ff07e3ebf8056d4b5a57040f0b033532b11404a862fb7644b4da267f5d14902e,503
436,b69dded7f1cb4bddd31dac0b09382a763ab51e4301cd420f8a1cbf0fb2ed7350,13,1162,datacopy/Stefano/b69dded7f1cb4bddd31dac0b09382a763ab51e4301cd420f8a1cbf0fb2ed7350,503
437,5b0027dc63b5346e32cc2112c74a620819ee217977ac6b0f64e8fd18fcf744d9,13,1162,datacopy/Stefano/5b0027dc63b5346e32cc2112c74a620819ee217977ac6b0f64e8fd18fcf744d9,503
438,48c4a3e6140b55bd9bb1645f283306e197a3a0d144acb7204c69062b93408232,13,1158,datacopy/Stefano/48c4a3e6140b55bd9bb1645f283306e197a3a0d144acb7204c69062b93408232,503
439,fc77376c4a44a3bee8b1b38a674b810edaf7af6ab5fe848ffa4d9eb8d205241d,13,1155,datacopy/Stefano/fc77376c4a44a3bee8b1b38a674b810edaf7af6ab5fe848ffa4d9eb8d205241d,503
440,f4f189baec8e6105a125ccdea2cf96909b14dcd380402560530f0c2a515e6ccc,13,1155,datacopy/Stefano/f4f189baec8e6105a125ccdea2cf96909b14dcd380402560530f0c2a515e6ccc,503
441,bf4b5fd884de72d254df1295c52870899029d54aa06a037c89a9977117a13288,13,1158,datacopy/Stefano/bf4b5fd884de72d254df1295c52870899029d54aa06a037c89a9977117a13288,503
442,519b20f3b17138b5a68d29571d70c2c09c22db6bd7ed3334e55c4455eabb7def,13,1162,datacopy/Stefano/519b20f3b17138b5a68d29571d70c2c09c22db6bd7ed3334e55c4455eabb7def,503
443,e8a0ead200299071fa0bc486fee424b734892e3d0f02a71622ee64e71f2aac04,13,1162,datacopy/Stefano/e8a0ead200299071fa0bc486fee424b734892e3d0f02a71622ee64e71f2aac04,503
444,eeeeb9a52cdf877e2273cc932fee73d60b0b23d5a27e2d39d04134d90064e401,13,1155,datacopy/Stefano/eeeeb9a52cdf877e2273cc932fee73d60b0b23d5a27e2d39d04134d90064e401,503
445,9a5b6316caed2b4a4f6f13c6c2113a1f2530f25e7c50cd7a41f57ee5d604520a,13,1162,datacopy/Stefano/9a5b6316caed2b4a4f6f13c6c2113a1f2530f25e7c50cd7a41f57ee5d604520a,503
446,6fea4833c76bfbae36e0f4b66e25d27398529913a14dbdd9c09ed6145b85967e,13,1158,datacopy/Stefano/6fea4833c76bfbae36e0f4b66e25d27398529913a14dbdd9c09ed6145b85967e,503
447,253f042722ce0931e6ad7ef06c9ea5dbeba8ec8d12b77802218a58a73e889b85,13,1158,datacopy/Stefano/253f042722ce0931e6ad7ef06c9ea5dbeba8ec8d12b77802218a58a73e889b85,503
448,2c21d99e1471f9bf23ba6ade6cc732204943e71c25d83431a6b0e8aee82dbcb0,13,1162,datacopy/Stefano/2c21d99e1471f9bf23ba6ade6cc732204943e71c25d83431a6b0e8aee82dbcb0,503
449,8997929b9ebb3a19f805e9bf28cc974ae3dca4ed386a9919eaa22b374cef617c,13,54,datacopy/Stefano/8997929b9ebb3a19f805e9bf28cc974ae3dca4ed386a9919eaa22b374cef617c,503
450,56cc7631e5aef43fb72bed0c05c798dc14be78729eb8e69442e4bad52ca80999,13,991,datacopy/Stefano/56cc7631e5aef43fb72bed0c05c798dc14be78729eb8e69442e4bad52ca80999,503
451,4446767833ddd46a769c545ec61fa1d9f453375003206252311f8ca84c246d0b,13,1149,datacopy/Stefano/4446767833ddd46a769c545ec61fa1d9f453375003206252311f8ca84c246d0b,503
452,296211df9212e8ab927a0efe00e6bf0b0b502d7f0a34e9778b581a723c17cbe8,13,1149,datacopy/Stefano/296211df9212e8ab927a0efe00e6bf0b0b502d7f0a34e9778b581a723c17cbe8,503
453,785c755c55a14635276269c9108b666deafaf4d688b99be6385fff95bbddd130,13,1162,datacopy/Stefano/785c755c55a14635276269c9108b666deafaf4d688b99be6385fff95bbddd130,503
454,660be397c4f6af679898bab60b4c35c214e21fd9927d03c46f3c493c510451c7,13,1162,datacopy/Stefano/660be397c4f6af679898bab60b4c35c214e21fd9927d03c46f3c493c510451c7,503
455,fb174350ccd98b7f4e7370853b221b1d532cad25f1797a586e185e5a8d757a08,13,1155,datacopy/Stefano/fb174350ccd98b7f4e7370853b221b1d532cad25f1797a586e185e5a8d757a08,503
456,d8592f1cfd7432fc58fe537b060689311e79cae49c0fb2e909e61d22b6983afd,13,1158,datacopy/Stefano/d8592f1cfd7432fc58fe537b060689311e79cae49c0fb2e909e61d22b6983afd,503
457,18bd7396c34598249461c0d50d0d1d7be1e5d175f3f33cb08be103c2f4bbc0ae,13,1162,datacopy/Stefano/18bd7396c34598249461c0d50d0d1d7be1e5d175f3f33cb08be103c2f4bbc0ae,503
458,73a7b2d9f5ffc2968ba5fdf339369ed9a70d45ecfc8d03c6bde2cfb8b5e2bf71,13,1155,datacopy/Stefano/73a7b2d9f5ffc2968ba5fdf339369ed9a70d45ecfc8d03c6bde2cfb8b5e2bf71,503
459,d28a16faa9e00d4dc710074cbde0e0e5f1fce388292025d800211d7ef91939b3,13,1155,datacopy/Stefano/d28a16faa9e00d4dc710074cbde0e0e5f1fce388292025d800211d7ef91939b3,503
460,b58e876407eb66875e55f9c3a17de32c710343e229e32c9c14aa93f776e5ad68,13,1149,datacopy/Stefano/b58e876407eb66875e55f9c3a17de32c710343e229e32c9c14aa93f776e5ad68,503
461,aa02b4ef181c16e71aa9a83653665f5c86ca89754540a992a6336bf9f007dd56,13,1155,datacopy/Stefano/aa02b4ef181c16e71aa9a83653665f5c86ca89754540a992a6336bf9f007dd56,503
462,001b49432c19c3952e2363b4aa6ecac89c99d7ad139127bb9104f20f4499e361,13,1155,datacopy/Stefano/001b49432c19c3952e2363b4aa6ecac89c99d7ad139127bb9104f20f4499e361,503
463,e03648a0328f815ed16e7aeac2ac69cab54a1c650bab0f0f5a6b1597dcde8882,13,1155,datacopy/Stefano/e03648a0328f815ed16e7aeac2ac69cab54a1c650bab0f0f5a6b1597dcde8882,503
464,2dc7b97c79fb1233a899a26da7cbe9d59d6a658eb983f4002404c33cd362144a,13,1155,datacopy/Stefano/2dc7b97c79fb1233a899a26da7cbe9d59d6a658eb983f4002404c33cd362144a,503
465,cb4de774ec8f4cc9b919e8c760330fca96716ca279d3c1aedba6582178451aa6,13,1149,datacopy/Stefano/cb4de774ec8f4cc9b919e8c760330fca96716ca279d3c1aedba6582178451aa6,503
466,bc9b8382ea2cf23177acc6894f81b92e3c70472db86640cc9fe160ac4c213dde,13,1155,datacopy/Stefano/bc9b8382ea2cf23177acc6894f81b92e3c70472db86640cc9fe160ac4c213dde,503
467,303ae8ba0ce0646f5289772d0941a98bc01fb4a7a3547adb1feb27770f888e75,13,54,datacopy/Stefano/303ae8ba0ce0646f5289772d0941a98bc01fb4a7a3547adb1feb27770f888e75,503
468,7f9f6731b814a7b1354e24792920985f954cf19609f9efd705d3a49e89154b14,13,54,datacopy/Stefano/7f9f6731b814a7b1354e24792920985f954cf19609f9efd705d3a49e89154b14,503
469,06cd734feae454736a37abcd327886b6b0111113501c965623f501d0e3fe7b39,13,1162,datacopy/Stefano/06cd734feae454736a37abcd327886b6b0111113501c965623f501d0e3fe7b39,503
470,96d868e2c52429d2e29f742e3d59110cf58e5222f6eeec009963685e1ba39b24,13,1162,datacopy/Stefano/96d868e2c52429d2e29f742e3d59110cf58e5222f6eeec009963685e1ba39b24,503
471,9f289ea11862f6ee212e5eb5f050e5abd771d7ce580fe62a493307478b8dfe9e,13,1149,datacopy/Stefano/9f289ea11862f6ee212e5eb5f050e5abd771d7ce580fe62a493307478b8dfe9e,503
472,250bb13d673d3fadab82115a340d39a8d8023a9413be9243393e4dd9d7edb56f,13,1162,datacopy/Stefano/250bb13d673d3fadab82115a340d39a8d8023a9413be9243393e4dd9d7edb56f,503
473,fa67ced0ad70f6cb12058feb161222327f48c8c37750a98bed537b33bdb1ac4a,13,1155,datacopy/Stefano/fa67ced0ad70f6cb12058feb161222327f48c8c37750a98bed537b33bdb1ac4a,503
474,21c82c4f57d41bde9c93f12acb09cf9c5a4632b155aabd4890a2c7b32b72b1ee,13,130,datacopy/Stefano/21c82c4f57d41bde9c93f12acb09cf9c5a4632b155aabd4890a2c7b32b72b1ee,503
475,22b23467151818794441280ce9a4087dd5bbd8ebef53a226f304508e7eb25b2d,13,1155,datacopy/Stefano/22b23467151818794441280ce9a4087dd5bbd8ebef53a226f304508e7eb25b2d,503
476,4ceacb0f7217b285ee7d35056138f36d0ef6745110cbd0e48fe57b6cc5b15ac0,13,1149,datacopy/Stefano/4ceacb0f7217b285ee7d35056138f36d0ef6745110cbd0e48fe57b6cc5b15ac0,503
477,02dea93edf44413d993bb12a99c5e8f6df79c3bba831782b0376001f837f0303,13,1158,datacopy/Stefano/02dea93edf44413d993bb12a99c5e8f6df79c3bba831782b0376001f837f0303,503
478,ee1510b043c57484299f9c2f6d6d532936a91abad2611dfc130b155bac39e0c3,13,1149,datacopy/Stefano/ee1510b043c57484299f9c2f6d6d532936a91abad2611dfc130b155bac39e0c3,503
479,bcb4fa5b41e3dceff9fa595c479a15cbd9a14aa2850868c9ca28130f71a0aa60,13,1149,datacopy/Stefano/bcb4fa5b41e3dceff9fa595c479a15cbd9a14aa2850868c9ca28130f71a0aa60,503
480,877806936afdea5f65ca548a838d63999837bfe70d94ae94ca43c1f4521e52e9,13,1158,datacopy/Stefano/877806936afdea5f65ca548a838d63999837bfe70d94ae94ca43c1f4521e52e9,503
481,0805aa95a72777ffc2c00fe2d50abaf474571946a1f979fd75c77417a02c7962,13,1155,datacopy/Stefano/0805aa95a72777ffc2c00fe2d50abaf474571946a1f979fd75c77417a02c7962,503
482,5ca8c083016e087a2b19a54f6267c0e49c388b4910f80fda65281f9b3a4c1f79,13,1149,datacopy/Stefano/5ca8c083016e087a2b19a54f6267c0e49c388b4910f80fda65281f9b3a4c1f79,503
483,6e044cce132957038af0f191476727dc2eba2e18248fbebad4ad67890ca44afc,13,1149,datacopy/Stefano/6e044cce132957038af0f191476727dc2eba2e18248fbebad4ad67890ca44afc,503
484,f62924400fca4e76738e96950c4e1919280e6fd86345f97428b07e7f500901bb,13,1162,datacopy/Stefano/f62924400fca4e76738e96950c4e1919280e6fd86345f97428b07e7f500901bb,503
485,7b46833b326378aaf764b488ec3098d99b845916e3dad9d59bfb3b7a5bb7fc16,13,1155,datacopy/Stefano/7b46833b326378aaf764b488ec3098d99b845916e3dad9d59bfb3b7a5bb7fc16,503
486,9d26209449f1bc0f490c64028e59dc321ef634933d532b650effb700f5fb880e,13,1158,datacopy/Stefano/9d26209449f1bc0f490c64028e59dc321ef634933d532b650effb700f5fb880e,503
487,fb0d061d0ba9896992c4f6a06eef2bf67aa6c1a7b6e55d76f2368a9e82f226fd,13,1162,datacopy/Stefano/fb0d061d0ba9896992c4f6a06eef2bf67aa6c1a7b6e55d76f2368a9e82f226fd,503
488,5b39b335605d3b874a4e0bbdc4fe63449cde40d9fd399fae38622e155f3bcd80,13,1162,datacopy/Stefano/5b39b335605d3b874a4e0bbdc4fe63449cde40d9fd399fae38622e155f3bcd80,503
489,151a88a715b4e433198d0f84921b71606709603b98898460511a0ebb9b7a4a40,13,1155,datacopy/Stefano/151a88a715b4e433198d0f84921b71606709603b98898460511a0ebb9b7a4a40,503
490,9c7e88edaa637d618e32f951ee78f79a3085c09b2f4f4229480e1637ea3e7ca9,13,1158,datacopy/Stefano/9c7e88edaa637d618e32f951ee78f79a3085c09b2f4f4229480e1637ea3e7ca9,503
491,02c9ead219800522be112720ef64ea085a45700b216bbb24a19e121e6395fa60,13,1162,datacopy/Stefano/02c9ead219800522be112720ef64ea085a45700b216bbb24a19e121e6395fa60,503
492,169d7c6cf227cc45275fe09a6159c30ca057ac5c7a15957fab70c19246e41b16,13,1162,datacopy/Stefano/169d7c6cf227cc45275fe09a6159c30ca057ac5c7a15957fab70c19246e41b16,503
493,11c5fd78ec2b959b9033e46896bf147f8dd80b1efdcfb24ecda676039ab87b8c,13,1158,datacopy/Stefano/11c5fd78ec2b959b9033e46896bf147f8dd80b1efdcfb24ecda676039ab87b8c,503
494,2abd3edf681820a121d9665f8a9ce4e88dc5ac3fac49c4a85fab6041cd88f96e,13,1155,datacopy/Stefano/2abd3edf681820a121d9665f8a9ce4e88dc5ac3fac49c4a85fab6041cd88f96e,503
495,402dc6ef04d51d41dd7c923ef443686029b520ea4b2d42a9dda94c3e1cea979d,13,1149,datacopy/Stefano/402dc6ef04d51d41dd7c923ef443686029b520ea4b2d42a9dda94c3e1cea979d,503
496,9e37d2f79aa40086b29d66804ea84c63de5726384b221d6ac2cbd4f70c7841e7,13,1149,datacopy/Stefano/9e37d2f79aa40086b29d66804ea84c63de5726384b221d6ac2cbd4f70c7841e7,503
497,96cd1a84f048966772f72e8af23de69aa4ce535a01298c91bc545578c7620927,13,1162,datacopy/Stefano/96cd1a84f048966772f72e8af23de69aa4ce535a01298c91bc545578c7620927,503
498,2176b7bd714f29b1fb67018eb1bdf2d63aca845d59bf56358b90fee333c4de71,13,1149,datacopy/Stefano/2176b7bd714f29b1fb67018eb1bdf2d63aca845d59bf56358b90fee333c4de71,503
499,a4b23deb7ff7e0d81212196885b71744e40dc19581fc7a0ff5ef21e840cd2fcc,13,1158,datacopy/Stefano/a4b23deb7ff7e0d81212196885b71744e40dc19581fc7a0ff5ef21e840cd2fcc,503
500,e0282662c2edaaf55f2d5857c2607d6be5aee3c0a3d0d756fcda59841818bd15,13,1158,datacopy/Stefano/e0282662c2edaaf55f2d5857c2607d6be5aee3c0a3d0d756fcda59841818bd15,503
501,cdb37436d3d59a413f1e7fdaa760cc18db501f4de9311a89aa3dc42be5be4640,13,1158,datacopy/Stefano/cdb37436d3d59a413f1e7fdaa760cc18db501f4de9311a89aa3dc42be5be4640,503
502,b5cc9bb03298b3d6313395442f8467ab29222469241d35cdf3e80a4bccca22d9,13,1155,datacopy/Stefano/b5cc9bb03298b3d6313395442f8467ab29222469241d35cdf3e80a4bccca22d9,503
503,7af450f1561663ccca188eb8ebcbb53252200deade51504193328aeffe5b5ac5,13,1181,datacopy/Stefano/7af450f1561663ccca188eb8ebcbb53252200deade51504193328aeffe5b5ac5,503
504,25ee0ecf823eebc85f3ef23b64703b6246a1ddbbcd88d58e80fe177d44c03f08,13,54,datacopy/Stefano/25ee0ecf823eebc85f3ef23b64703b6246a1ddbbcd88d58e80fe177d44c03f08,503
505,5b02f6a009337480567c4ac8ecbf39838bb148819587d29ce01136ea1895e115,13,54,datacopy/Stefano/5b02f6a009337480567c4ac8ecbf39838bb148819587d29ce01136ea1895e115,503
506,9e5acdd63b9698b9e2e96bda6df7a7625d6bb0f04efe8374ca3d08c06c9dfb70,13,1149,datacopy/Stefano/9e5acdd63b9698b9e2e96bda6df7a7625d6bb0f04efe8374ca3d08c06c9dfb70,503
507,4d278437bd95b80024a014ff974803a52594c768209e7ba8d18deee34e344f2f,13,1149,datacopy/Stefano/4d278437bd95b80024a014ff974803a52594c768209e7ba8d18deee34e344f2f,503
508,bd0a5f7066f9d822327588bfa444ca563e7ff75133d17fa4d9385b5f35e4cc7c,13,130,datacopy/Stefano/bd0a5f7066f9d822327588bfa444ca563e7ff75133d17fa4d9385b5f35e4cc7c,503
509,dc0961050e926db7813de6831536fddd5ae924ee1745356b3a87a8d221da1201,13,1155,datacopy/Stefano/dc0961050e926db7813de6831536fddd5ae924ee1745356b3a87a8d221da1201,503
510,d7856cbffe28cef90a50237d5cc1643de1cd882beeda047957ef7cd291f6c4c7,13,1155,datacopy/Stefano/d7856cbffe28cef90a50237d5cc1643de1cd882beeda047957ef7cd291f6c4c7,503
511,d06d0ba4125a9f9f05b8f2a6e8ea3f0f2cdd7fd96c8322cf47b3f32023fd9352,13,1155,datacopy/Stefano/d06d0ba4125a9f9f05b8f2a6e8ea3f0f2cdd7fd96c8322cf47b3f32023fd9352,503
512,3d8e3d998e4efc96126507d7125bb50a44db50c8481e4b154ef2813738ff371f,13,1149,datacopy/Stefano/3d8e3d998e4efc96126507d7125bb50a44db50c8481e4b154ef2813738ff371f,503
513,978ea1defe61eed803aa0330b67bbf831e67344a9c4dd92d3fd845dc6110db1f,13,1162,datacopy/Stefano/978ea1defe61eed803aa0330b67bbf831e67344a9c4dd92d3fd845dc6110db1f,503
514,1c7c9396a4817dbb8aeb55351f55115acb34350d32e5efdeae7574f6b1744618,13,1162,datacopy/Stefano/1c7c9396a4817dbb8aeb55351f55115acb34350d32e5efdeae7574f6b1744618,503
515,d1f4a15888c990378061371b30b8715672cee535e4bd477adf1ab100d6d614f8,13,1155,datacopy/Stefano/d1f4a15888c990378061371b30b8715672cee535e4bd477adf1ab100d6d614f8,503
516,bd2c5b7a010ce7313e3504ac94e1cf074afeb83e33ebec1af887f519fb397d09,13,1162,datacopy/Stefano/bd2c5b7a010ce7313e3504ac94e1cf074afeb83e33ebec1af887f519fb397d09,503
517,d9cae53e6e6771b25a8f7138a0a6b7ae61f04d72451eb0301943fde21213f310,13,1155,datacopy/Stefano/d9cae53e6e6771b25a8f7138a0a6b7ae61f04d72451eb0301943fde21213f310,503
518,34f58f4a7181448f78c0d4194f5fadd2917b3da5e302907ecbe2d8a40de27710,13,1155,datacopy/Stefano/34f58f4a7181448f78c0d4194f5fadd2917b3da5e302907ecbe2d8a40de27710,503
519,4a781a680ab95af57c5a47a8f6658a51c7935ea716d5dc749590114933c7cff2,13,1149,datacopy/Stefano/4a781a680ab95af57c5a47a8f6658a51c7935ea716d5dc749590114933c7cff2,503
520,3a247b283bd8870cefe77bbb9ff9aaaf2a7425b515d223ba55afd28e3044bd89,13,1158,datacopy/Stefano/3a247b283bd8870cefe77bbb9ff9aaaf2a7425b515d223ba55afd28e3044bd89,503
521,6ba3057c35bde713ba111b2c21506c5fe1aa30f98c44a76889d586e12b9d0e08,13,1158,datacopy/Stefano/6ba3057c35bde713ba111b2c21506c5fe1aa30f98c44a76889d586e12b9d0e08,503
522,21591bae88b512651feb8c75917927b735e684e8b45f658f68b2ee04265e3b21,13,1149,datacopy/Stefano/21591bae88b512651feb8c75917927b735e684e8b45f658f68b2ee04265e3b21,503
523,5a6b527f378eba8705920069c48ea85720e03266f69b6d60ea5dbe1648792012,13,1162,datacopy/Stefano/5a6b527f378eba8705920069c48ea85720e03266f69b6d60ea5dbe1648792012,503
524,94af5a8c51b12fd16e7e67bee86af6cb5ee58b7940c894fe5dd1b87117928071,13,1155,datacopy/Stefano/94af5a8c51b12fd16e7e67bee86af6cb5ee58b7940c894fe5dd1b87117928071,503
525,a7d55344484dfeffae058c31c22166ba8df58f6902f288a00a804585e50e1280,13,130,datacopy/Stefano/a7d55344484dfeffae058c31c22166ba8df58f6902f288a00a804585e50e1280,503
526,11fc84b88cda49487e28b7852c24ff401facc165a464ee3f1f686deb7fad2678,13,1155,datacopy/Stefano/11fc84b88cda49487e28b7852c24ff401facc165a464ee3f1f686deb7fad2678,503
527,78bb15982101c6a5b4e61e7aaa0d0383936ed6f986dba0fd1133690672e14bb6,13,1158,datacopy/Stefano/78bb15982101c6a5b4e61e7aaa0d0383936ed6f986dba0fd1133690672e14bb6,503
528,7e8cccc54def614a6ef79b4921e7846dbefb7a296f294a0c8ee24ce9e89c2377,13,1162,datacopy/Stefano/7e8cccc54def614a6ef79b4921e7846dbefb7a296f294a0c8ee24ce9e89c2377,503
529,a2182469c33a7cd37497f778ea5027ba31ec6c3f17e2dd55a3a5326c9369c107,13,54,datacopy/Stefano/a2182469c33a7cd37497f778ea5027ba31ec6c3f17e2dd55a3a5326c9369c107,503
530,aeb491505ef09bc3ba62d86936d8b7ba942e6d88f6bec7299f6aa8af6d9a9af3,13,130,datacopy/Stefano/aeb491505ef09bc3ba62d86936d8b7ba942e6d88f6bec7299f6aa8af6d9a9af3,503
531,788bc976957c0b71bfb6d94c4e43858735f6a91461867ffb04f9da174e0d3dac,13,1162,datacopy/Stefano/788bc976957c0b71bfb6d94c4e43858735f6a91461867ffb04f9da174e0d3dac,503
532,944accb78f3bf344a9b014c2b3fc19d6dfb3956500e08f6e669864bf5128463b,13,1158,datacopy/Stefano/944accb78f3bf344a9b014c2b3fc19d6dfb3956500e08f6e669864bf5128463b,503
533,03d36a7b4a94d7c2d194a8c5bf5f65e5e34f641922a190d4723742973250646e,13,1162,datacopy/Stefano/03d36a7b4a94d7c2d194a8c5bf5f65e5e34f641922a190d4723742973250646e,503
534,1bcc24b540cd9b01b803b8ed22b9a25cc265304eeb4dd70831f6ae633c93aa9d,13,1149,datacopy/Stefano/1bcc24b540cd9b01b803b8ed22b9a25cc265304eeb4dd70831f6ae633c93aa9d,503
535,49d87346a1383cf00eb07db982e5a0b569933306f60cfc59d2f7eefe69e8d854,13,1162,datacopy/Stefano/49d87346a1383cf00eb07db982e5a0b569933306f60cfc59d2f7eefe69e8d854,503
536,6188a2150f50868b945862842f179be75b932ea930b9dbb3ca080ba214196195,13,1149,datacopy/Stefano/6188a2150f50868b945862842f179be75b932ea930b9dbb3ca080ba214196195,503
537,bdb7775f1eb4075fe0601e84381adceb5aac5c20d36265f05f92697de9883a2e,13,1162,datacopy/Stefano/bdb7775f1eb4075fe0601e84381adceb5aac5c20d36265f05f92697de9883a2e,503
538,2924c6025933a3257158d19ee680be3c2627ed24f89e337357038ea00618b49b,13,1155,datacopy/Stefano/2924c6025933a3257158d19ee680be3c2627ed24f89e337357038ea00618b49b,503
539,b2eea39686c5d8f4c1048f799705804f0afb7123c89c2d243fe4f2fd3e9358d5,13,130,datacopy/Stefano/b2eea39686c5d8f4c1048f799705804f0afb7123c89c2d243fe4f2fd3e9358d5,503
540,0ad43abe71f1ffbaa0ee02d04568a5bc42dd0ed133c714f62fec3ac9b8e0a02b,13,1155,datacopy/Stefano/0ad43abe71f1ffbaa0ee02d04568a5bc42dd0ed133c714f62fec3ac9b8e0a02b,503
541,363a4c300030cd57345bbbd9418a7920b94287f0b52f51d6796bce0053693463,13,1149,datacopy/Stefano/363a4c300030cd57345bbbd9418a7920b94287f0b52f51d6796bce0053693463,503
542,6ae932058b7a3ff88eeab523bec5a87258e18837bb869403bb57b7cee8261375,13,1149,datacopy/Stefano/6ae932058b7a3ff88eeab523bec5a87258e18837bb869403bb57b7cee8261375,503
543,468de1807dd0412a67d321db3fa1f3068ef17127d08bd5f43f8dfdc1ba034843,13,1155,datacopy/Stefano/468de1807dd0412a67d321db3fa1f3068ef17127d08bd5f43f8dfdc1ba034843,503
544,c5e42205d48c636b99dadd8a3cf4d38722f81ea2826bde514c2191eb5fe383ab,13,1155,datacopy/Stefano/c5e42205d48c636b99dadd8a3cf4d38722f81ea2826bde514c2191eb5fe383ab,503
545,78c7650c0ca8d75df6e9cea2081680436028caf98846f312c7194727148f0ec6,13,1155,datacopy/Stefano/78c7650c0ca8d75df6e9cea2081680436028caf98846f312c7194727148f0ec6,503
546,98fdc8aa2e8e734de0fc1e5531ae0393f08e44c5fadfca2ac58cc4efe33ec25a,13,1149,datacopy/Stefano/98fdc8aa2e8e734de0fc1e5531ae0393f08e44c5fadfca2ac58cc4efe33ec25a,503
547,236527dc2d5f681411dec2fecbc3621678f655437046f28d7535514deff21ad0,13,1149,datacopy/Stefano/236527dc2d5f681411dec2fecbc3621678f655437046f28d7535514deff21ad0,503
548,7acefa981b15e5927aefa64980ef1fa70cd359395fb9c8b2edb3407e593ab383,13,1149,datacopy/Stefano/7acefa981b15e5927aefa64980ef1fa70cd359395fb9c8b2edb3407e593ab383,503
549,f0c8b7a95b0e14ba47b44ef1193bad9bf283af4acc5c99f795ba08717dcff657,13,54,datacopy/Stefano/f0c8b7a95b0e14ba47b44ef1193bad9bf283af4acc5c99f795ba08717dcff657,503
550,4ffe6ecc16c51f6ffb7dcd8ada708e65c74773b347c2a3a4da174bcb2315a61b,13,1162,datacopy/Stefano/4ffe6ecc16c51f6ffb7dcd8ada708e65c74773b347c2a3a4da174bcb2315a61b,503
551,cefbe29c1116212096cf9b82739ec2ce1bd5b2cb4cdeaccad814411ea346dc27,13,1162,datacopy/Stefano/cefbe29c1116212096cf9b82739ec2ce1bd5b2cb4cdeaccad814411ea346dc27,503
552,30bc8cccac990e072afb52fa7657e81e46ddd639087d99e4f44c5a9004e6dd3f,13,1162,datacopy/Stefano/30bc8cccac990e072afb52fa7657e81e46ddd639087d99e4f44c5a9004e6dd3f,503
553,7375022820581eebe4e3c821edd6acf720e4a5cca61e12075b8e3dd5d9a4fcb9,13,1149,datacopy/Stefano/7375022820581eebe4e3c821edd6acf720e4a5cca61e12075b8e3dd5d9a4fcb9,503
554,fc44a85818e393486d9624f17e2430bda58fad0075e7235d4a4d25a62c98351f,13,1149,datacopy/Stefano/fc44a85818e393486d9624f17e2430bda58fad0075e7235d4a4d25a62c98351f,503
555,06c27f17b68220037e3570e76681edd73ca30dd9e25c04cbd5965014264a3e4e,13,1155,datacopy/Stefano/06c27f17b68220037e3570e76681edd73ca30dd9e25c04cbd5965014264a3e4e,503
556,f035bf9af8e734d8c58325dc7ff6a99eb1f2d49d922b88125ff1bcf20f368f0c,13,991,datacopy/Stefano/f035bf9af8e734d8c58325dc7ff6a99eb1f2d49d922b88125ff1bcf20f368f0c,503
557,c0f2ba4f8b21861a34c2f473afb6227311c1726ca71bbc00fbac1880b38c22c0,13,1155,datacopy/Stefano/c0f2ba4f8b21861a34c2f473afb6227311c1726ca71bbc00fbac1880b38c22c0,503
558,90614b0f117bd01de13909bd2c9d1902133186c66f8681d0956c80854c02786c,13,1162,datacopy/Stefano/90614b0f117bd01de13909bd2c9d1902133186c66f8681d0956c80854c02786c,503
559,ef3558949167b1ec698a4168fb321888475ff861de0f540e77402e1698b30543,13,1155,datacopy/Stefano/ef3558949167b1ec698a4168fb321888475ff861de0f540e77402e1698b30543,503
560,80c14407f2e0a726eee69e475b1f11902881d86d90848f138e1cf8c9d42d8779,13,1162,datacopy/Stefano/80c14407f2e0a726eee69e475b1f11902881d86d90848f138e1cf8c9d42d8779,503
561,7929b770d2d9ece132ce668a794f800cbc8d2c13e592dd3baefe4bf16936dda3,13,1158,datacopy/Stefano/7929b770d2d9ece132ce668a794f800cbc8d2c13e592dd3baefe4bf16936dda3,503
562,2314306202682dfc6c583f815d79d04af38d000b5d8b5a72c027fa594f49590c,13,1162,datacopy/Stefano/2314306202682dfc6c583f815d79d04af38d000b5d8b5a72c027fa594f49590c,503
563,fdb05e7fe153e30261228def29e5b837ce0dc0db99e00c75e100bc73dda2013c,13,1155,datacopy/Stefano/fdb05e7fe153e30261228def29e5b837ce0dc0db99e00c75e100bc73dda2013c,503
564,9c32a2e95920f7865c6034fb35fcb197a25fae71132aefa832d2478b048021b3,13,1158,datacopy/Stefano/9c32a2e95920f7865c6034fb35fcb197a25fae71132aefa832d2478b048021b3,503
565,ec7937de79ccdd3fd1b5a986769d08b946ac318b1ef45e511f0a7ebb805263a6,13,1149,datacopy/Stefano/ec7937de79ccdd3fd1b5a986769d08b946ac318b1ef45e511f0a7ebb805263a6,503
566,6d31e130c2e1ec6dccaeef2f31c460a9aef45b375ef985becb6788e5d978ffa9,13,130,datacopy/Stefano/6d31e130c2e1ec6dccaeef2f31c460a9aef45b375ef985becb6788e5d978ffa9,503
567,ff5cd59616467949722da4b1fb1cf4fdb29a6b4b8ca32afc2f3ca1f0b88769a9,13,1162,datacopy/Stefano/ff5cd59616467949722da4b1fb1cf4fdb29a6b4b8ca32afc2f3ca1f0b88769a9,503
568,eefad83ffcb9b25aa0f00a452e52a5ebdfc780507e98e995b30ec1776be1704e,13,1162,datacopy/Stefano/eefad83ffcb9b25aa0f00a452e52a5ebdfc780507e98e995b30ec1776be1704e,503
569,b95d9900cbcaedf6a5adbbc886791963c9f5299ba75459239140fd2462cc1db4,13,1155,datacopy/Stefano/b95d9900cbcaedf6a5adbbc886791963c9f5299ba75459239140fd2462cc1db4,503
570,f96ae4476e598339c97cecf0cdb822cc2ee57651a6182751db4933f0b8ffd076,13,1149,datacopy/Stefano/f96ae4476e598339c97cecf0cdb822cc2ee57651a6182751db4933f0b8ffd076,503
571,7ac1904c10721210ba0d9262646dd391030c879cf45cc85e950aa7bd5d3ffa47,13,1158,datacopy/Stefano/7ac1904c10721210ba0d9262646dd391030c879cf45cc85e950aa7bd5d3ffa47,503
572,4273291f3898f86faca946824ddb498678ac9f2f941fb005420f18bd333a019a,13,130,datacopy/Stefano/4273291f3898f86faca946824ddb498678ac9f2f941fb005420f18bd333a019a,503
573,1552816f37896159c1b7384361099c2012ed5239a4abe33624ef227208777ba6,13,1162,datacopy/Stefano/1552816f37896159c1b7384361099c2012ed5239a4abe33624ef227208777ba6,503
574,54d4149efd6214da2ecef93ff9264e6da42ff7ba9a27734c386465feb2ad3caa,13,1149,datacopy/Stefano/54d4149efd6214da2ecef93ff9264e6da42ff7ba9a27734c386465feb2ad3caa,503
575,0a3d4520378885a989042318e46361125713aada75bd9e2578c2d6b2b46d7988,13,1162,datacopy/Stefano/0a3d4520378885a989042318e46361125713aada75bd9e2578c2d6b2b46d7988,503
576,90650290c73eceb30f0ba5afb4b45037b925bca8430fe089694c41372a0fc1c7,13,1155,datacopy/Stefano/90650290c73eceb30f0ba5afb4b45037b925bca8430fe089694c41372a0fc1c7,503
577,f33f693168e219502774c44d233a3aae4d3b1f5f05e0cfc94b70003f0e3612f0,13,1158,datacopy/Stefano/f33f693168e219502774c44d233a3aae4d3b1f5f05e0cfc94b70003f0e3612f0,503
578,b4376661e8087f1691d14496f1697909be8b2753d0efb41e291ea860500a8d7f,13,1149,datacopy/Stefano/b4376661e8087f1691d14496f1697909be8b2753d0efb41e291ea860500a8d7f,503
579,6e6df4998c3669522ca52b319bec37177748d9e7a8b63b133e83dcf65c6cb65d,13,991,datacopy/Stefano/6e6df4998c3669522ca52b319bec37177748d9e7a8b63b133e83dcf65c6cb65d,503
580,b1d58e90fb4a3353ea3e05d9573b4e0fc2b035e512b03266ffb5b2276d30265a,13,991,datacopy/Stefano/b1d58e90fb4a3353ea3e05d9573b4e0fc2b035e512b03266ffb5b2276d30265a,503
581,c948543008ee47eec3038ad99ae67534944d28520153bf290962231678a4bbfb,13,1149,datacopy/Stefano/c948543008ee47eec3038ad99ae67534944d28520153bf290962231678a4bbfb,503
582,fa3e398dd4609c11b2dd1f7de2d28fe2e7da5366ba467f7342efa41b4f1c8a85,13,1162,datacopy/Stefano/fa3e398dd4609c11b2dd1f7de2d28fe2e7da5366ba467f7342efa41b4f1c8a85,503
583,fee49f5d5567e2f0b7a9cf7243b9a50ae4ee3fce04a93cd5671ad57a84ce15fc,13,1155,datacopy/Stefano/fee49f5d5567e2f0b7a9cf7243b9a50ae4ee3fce04a93cd5671ad57a84ce15fc,503
584,29497678bd1bbd5da7591331b382bdf0485406313c80f8d33e5b739bbad305da,13,799,datacopy/Stefano/29497678bd1bbd5da7591331b382bdf0485406313c80f8d33e5b739bbad305da,503
585,421b72453d22dcaf73a19032f306cf0b9b6a4bd3b44c2eaec60c05e6bc6a16c5,13,1158,datacopy/Stefano/421b72453d22dcaf73a19032f306cf0b9b6a4bd3b44c2eaec60c05e6bc6a16c5,503
586,188bd5b5d95b9874d91968155e338ef0b6b01305001516a91e48db449ae4fa19,13,1149,datacopy/Stefano/188bd5b5d95b9874d91968155e338ef0b6b01305001516a91e48db449ae4fa19,503
587,8d230ad99ad297223f0b49d67e948eab9ebaca0b582931dde4ed385de7cf2a3a,13,1155,datacopy/Stefano/8d230ad99ad297223f0b49d67e948eab9ebaca0b582931dde4ed385de7cf2a3a,503
588,e20e4a053761f5a36fc5f664d74624fc10fb32ea44733b082fa89808ecb08091,13,1158,datacopy/Stefano/e20e4a053761f5a36fc5f664d74624fc10fb32ea44733b082fa89808ecb08091,503
589,da9cb695acd0750981861c7b6b5715aa1b0d0bfb3f2cf64266aa4402b5e8387c,13,1158,datacopy/Stefano/da9cb695acd0750981861c7b6b5715aa1b0d0bfb3f2cf64266aa4402b5e8387c,503
590,3477474eb660bcabfb484eac5d8eb09eac0a0ec3f6dc7f6378b8b022f577a59f,13,1162,datacopy/Stefano/3477474eb660bcabfb484eac5d8eb09eac0a0ec3f6dc7f6378b8b022f577a59f,503
591,9d81af7dd0f49fb11a4fbb49581d662e40c55443195a40bfb837eda446eb706f,13,1155,datacopy/Stefano/9d81af7dd0f49fb11a4fbb49581d662e40c55443195a40bfb837eda446eb706f,503
592,8ba6a90347b713e51eeab774c98af9f8b29720105cca91eea696f11dae96efe3,13,991,datacopy/Stefano/8ba6a90347b713e51eeab774c98af9f8b29720105cca91eea696f11dae96efe3,503
593,0042f4c1ef970ab39cd02ba3c340ea01d3a6f7a7c3ea2773ba410073a71ec07d,13,1155,datacopy/Stefano/0042f4c1ef970ab39cd02ba3c340ea01d3a6f7a7c3ea2773ba410073a71ec07d,503
594,a2631a6f49caae08effe78c681d64c3e43c51028f6bcac844a4d9e69c19c6c86,13,54,datacopy/Stefano/a2631a6f49caae08effe78c681d64c3e43c51028f6bcac844a4d9e69c19c6c86,503
595,37ef4cfe9948a66353f0e24a9d775f14b739f1de2633c07321a207b07c9d9bc8,13,130,datacopy/Stefano/37ef4cfe9948a66353f0e24a9d775f14b739f1de2633c07321a207b07c9d9bc8,503
596,a143f2715d067665f77ca06b17b8e120b3bfb3c46c6b18c9dd410cd9ff1254cd,13,1149,datacopy/Stefano/a143f2715d067665f77ca06b17b8e120b3bfb3c46c6b18c9dd410cd9ff1254cd,503
597,57f5b98c3ed56f8b41877bdf6c37aa0d911676c8459e7fb48171f7f7d3b53ea0,13,1149,datacopy/Stefano/57f5b98c3ed56f8b41877bdf6c37aa0d911676c8459e7fb48171f7f7d3b53ea0,503
598,757f465ee4e555f566579b15e6fa284988cfabdcb5d85d08680ca0a349a1627f,13,1162,datacopy/Stefano/757f465ee4e555f566579b15e6fa284988cfabdcb5d85d08680ca0a349a1627f,503
599,3f47d4e78af99471464df8850c31061aaabaf85955f16e65987a1fae59671e8c,13,991,datacopy/Stefano/3f47d4e78af99471464df8850c31061aaabaf85955f16e65987a1fae59671e8c,503
600,c2a8e801e229b64a249ebc6f7964de23e2f01cd5fb2507ad11eebc56902e10fe,13,1158,datacopy/Stefano/c2a8e801e229b64a249ebc6f7964de23e2f01cd5fb2507ad11eebc56902e10fe,503
601,e00e41baa4bd96b282a44d69479180949ce8734eab53b122c522e2c965e72804,13,1155,datacopy/Stefano/e00e41baa4bd96b282a44d69479180949ce8734eab53b122c522e2c965e72804,503
602,913384273d1f6a8322ff68dc8fbc5e6f0c24b4127c0bad347b7dd187ea7951d9,13,1149,datacopy/Stefano/913384273d1f6a8322ff68dc8fbc5e6f0c24b4127c0bad347b7dd187ea7951d9,503
603,2030f6abd524c38e5d17f46078094840e376e3bcef3f3d3e292b8ad58b8db670,13,1155,datacopy/Stefano/2030f6abd524c38e5d17f46078094840e376e3bcef3f3d3e292b8ad58b8db670,503
604,b7b8d9871cf860410624b4459f9fdd8512b99fb144dad984f915534a805cc1b6,13,1162,datacopy/Stefano/b7b8d9871cf860410624b4459f9fdd8512b99fb144dad984f915534a805cc1b6,503
605,7e9fad2e0a13739b8bbd65d14f21546fdb759423ad784233a69e1e7252f0b43a,13,1158,datacopy/Stefano/7e9fad2e0a13739b8bbd65d14f21546fdb759423ad784233a69e1e7252f0b43a,503
606,b00835f2649610b8ab257a28265d6e2aa3240bf50dc43e7c7d56dd2d7d59b416,13,1162,datacopy/Stefano/b00835f2649610b8ab257a28265d6e2aa3240bf50dc43e7c7d56dd2d7d59b416,503
607,67c6c305e2d19f752385e5d9fe0d7b92c44d67d3f51d3d3b7d6a63f92b593bff,13,1155,datacopy/Stefano/67c6c305e2d19f752385e5d9fe0d7b92c44d67d3f51d3d3b7d6a63f92b593bff,503
608,51165c1eac7ad55b7eff014b6f8f2a1e102a592db27fb84f101492345bb00fbd,13,54,datacopy/Stefano/51165c1eac7ad55b7eff014b6f8f2a1e102a592db27fb84f101492345bb00fbd,503
609,fd28aea087fc5aef1648f7b041068af6593ccdf71840cb63928e1902c69a4ef1,13,1155,datacopy/Stefano/fd28aea087fc5aef1648f7b041068af6593ccdf71840cb63928e1902c69a4ef1,503
610,c32bdfeaadefffc09c6eaca6ae90e36f35c3b8b7a6e9c367e7046f61fcd79917,13,1158,datacopy/Stefano/c32bdfeaadefffc09c6eaca6ae90e36f35c3b8b7a6e9c367e7046f61fcd79917,503
611,b85e6fa5390be0ac1486c811cd86b9f75e9d6b6bd9d52f9601d6d0400b1ead66,13,1155,datacopy/Stefano/b85e6fa5390be0ac1486c811cd86b9f75e9d6b6bd9d52f9601d6d0400b1ead66,503
612,e27d5cff1a79dd33d7e2fdb5488e631bbb8ccc17a6786dc09613cd48552e9008,13,1415,datacopy/Stefano/e27d5cff1a79dd33d7e2fdb5488e631bbb8ccc17a6786dc09613cd48552e9008,503
613,928d2ceb42eae425ca7a35e7a97541cf6bb28c85033aec5717e1151d468116e3,13,1158,datacopy/Stefano/928d2ceb42eae425ca7a35e7a97541cf6bb28c85033aec5717e1151d468116e3,503
614,ca21dff1e5911d15830986aeeb9915ff0201a93eaec1db370beabd0c1a73f604,13,1158,datacopy/Stefano/ca21dff1e5911d15830986aeeb9915ff0201a93eaec1db370beabd0c1a73f604,503
615,1ec539401efcb32f9ead956e4b90c2e9bd377da8656a9da08d13f0e6762b207b,13,1158,datacopy/Stefano/1ec539401efcb32f9ead956e4b90c2e9bd377da8656a9da08d13f0e6762b207b,503
616,3b0d1835cccdb204f10901e230e0b1d9b037997b83e7ed7114176ce529d4e59a,13,1155,datacopy/Stefano/3b0d1835cccdb204f10901e230e0b1d9b037997b83e7ed7114176ce529d4e59a,503
617,a06ad226da67a5db5118c5f4dcd81c8ce698c571344a390c1936222c864e89f0,13,130,datacopy/Stefano/a06ad226da67a5db5118c5f4dcd81c8ce698c571344a390c1936222c864e89f0,503
618,8cf3b1faa5453ceeee92e46445ab5d258e8d1fdc280d808e86a04f1e8be82201,13,1155,datacopy/Stefano/8cf3b1faa5453ceeee92e46445ab5d258e8d1fdc280d808e86a04f1e8be82201,503
619,7ee7c736f338c6f3525dcde942dfd3d93432a59ec9f6e01c1bb8bbfbc4b03499,13,1155,datacopy/Stefano/7ee7c736f338c6f3525dcde942dfd3d93432a59ec9f6e01c1bb8bbfbc4b03499,503
620,3ef29f3197a310fab7f802b8888975e5305757644d32ecb69f4dc9a364c128b0,13,1162,datacopy/Stefano/3ef29f3197a310fab7f802b8888975e5305757644d32ecb69f4dc9a364c128b0,503
621,0a4414680fc2653bfc62e0bbce5320851676dacc1ea4614343b15c64944b3063,13,1155,datacopy/Stefano/0a4414680fc2653bfc62e0bbce5320851676dacc1ea4614343b15c64944b3063,503
622,dcdd18b5693cb3dd24426535c4c8d60ce5cba8992f0d36b670ac82543956a51d,13,1155,datacopy/Stefano/dcdd18b5693cb3dd24426535c4c8d60ce5cba8992f0d36b670ac82543956a51d,503
623,8ac38a407decc58c1730299c3b12940809f773aaac1e7f48067a18427769911a,13,1149,datacopy/Stefano/8ac38a407decc58c1730299c3b12940809f773aaac1e7f48067a18427769911a,503
624,8a8cad731357e67427e5b0478a716e47fa598f3382ed0453177ba5c0d34c6a92,13,1149,datacopy/Stefano/8a8cad731357e67427e5b0478a716e47fa598f3382ed0453177ba5c0d34c6a92,503
625,16c30abf32282c12d5e5f1b274840876e8912e5118903a868037ff0f6c9a60e9,13,1149,datacopy/Stefano/16c30abf32282c12d5e5f1b274840876e8912e5118903a868037ff0f6c9a60e9,503
626,1c07d5433ae67f9747b03c9f99ae10d479fe451f56107ccfb79d98eda6b4bd94,13,1162,datacopy/Stefano/1c07d5433ae67f9747b03c9f99ae10d479fe451f56107ccfb79d98eda6b4bd94,503
627,1198df3c1f87e12d814f4d5a1aa7d8187eb9fc3013f670a2c712a86188582b23,13,1158,datacopy/Stefano/1198df3c1f87e12d814f4d5a1aa7d8187eb9fc3013f670a2c712a86188582b23,503
628,40319003fbcc5580065d716cfbd22c67d330808f4990a399aa71695dc87a5441,13,1162,datacopy/Stefano/40319003fbcc5580065d716cfbd22c67d330808f4990a399aa71695dc87a5441,503
629,c1809245e6c05c0098935cf2e9a385989717607e53039bc80cc0530961293383,13,1158,datacopy/Stefano/c1809245e6c05c0098935cf2e9a385989717607e53039bc80cc0530961293383,503
630,97ff3c99948d8c4f4d436f49c29b3683ecac5d039e05bc688ad89fca32632fa6,13,1155,datacopy/Stefano/97ff3c99948d8c4f4d436f49c29b3683ecac5d039e05bc688ad89fca32632fa6,503
631,4ec8b9ef55690a544ece679912a9ab5a45c6d2f8949168140eb18fd3c34c91f4,13,1149,datacopy/Stefano/4ec8b9ef55690a544ece679912a9ab5a45c6d2f8949168140eb18fd3c34c91f4,503
632,c78ea97aac3c1dee13f244a91a958e0fe12f1e7cb5e86580ba105a3c6d89a5c1,13,1158,datacopy/Stefano/c78ea97aac3c1dee13f244a91a958e0fe12f1e7cb5e86580ba105a3c6d89a5c1,503
633,8514d4a4c7685e4b9a1144af0cb669fe9fd1a65e9d241fd21725bb73f6c59228,13,1158,datacopy/Stefano/8514d4a4c7685e4b9a1144af0cb669fe9fd1a65e9d241fd21725bb73f6c59228,503
634,613c067d2c7655743302970f8bfdbd0739745d3aec78bf86cbcbf94744cf0913,13,1155,datacopy/Stefano/613c067d2c7655743302970f8bfdbd0739745d3aec78bf86cbcbf94744cf0913,503
635,b280395e9205b8255e57e9f960851d88eb81fe6e0ed7d5affa020bd57108ed05,13,1155,datacopy/Stefano/b280395e9205b8255e57e9f960851d88eb81fe6e0ed7d5affa020bd57108ed05,503
636,e5e6bc73fce66b00bc9c94439d18ecdf0684b1acbd4ec5e2e71618ef00134e0c,13,1158,datacopy/Stefano/e5e6bc73fce66b00bc9c94439d18ecdf0684b1acbd4ec5e2e71618ef00134e0c,503
637,96df2b7fa2b10c745271cd437fe550425da1bd119ed19abd7e5d82071ba91b5c,13,1149,datacopy/Stefano/96df2b7fa2b10c745271cd437fe550425da1bd119ed19abd7e5d82071ba91b5c,503
638,fec26abad8c40e4331423ec55fd8f9d45b3160c355cc9cb7dd2fb50bfb803a06,13,1158,datacopy/Stefano/fec26abad8c40e4331423ec55fd8f9d45b3160c355cc9cb7dd2fb50bfb803a06,503
639,ce4391528ad9a75cdc59fb7b9ec70d3f553f20646ec8b49f632dd71fa2a3585d,13,54,datacopy/Stefano/ce4391528ad9a75cdc59fb7b9ec70d3f553f20646ec8b49f632dd71fa2a3585d,503
640,bb83498cd9a3a799965ed354e535f0a6cceae1305028ba34a88a8c8d178bfab5,13,1149,datacopy/Stefano/bb83498cd9a3a799965ed354e535f0a6cceae1305028ba34a88a8c8d178bfab5,503
641,6e1ee7c91e8985837d768af2700c7c83d7bfdfa390aeebf42cf87b9fac9ef716,13,799,datacopy/Stefano/6e1ee7c91e8985837d768af2700c7c83d7bfdfa390aeebf42cf87b9fac9ef716,503
642,57e36e6393c2ed426e347c38495e062930d4d5395d253db4cf6d6b05ce715331,13,1158,datacopy/Stefano/57e36e6393c2ed426e347c38495e062930d4d5395d253db4cf6d6b05ce715331,503
643,796653d8f11766151cc3727d14c9789b133319e9f778e0b3a13bd31848e01d0a,13,1155,datacopy/Stefano/796653d8f11766151cc3727d14c9789b133319e9f778e0b3a13bd31848e01d0a,503
644,72d14d28c9737124775142d04571c20cf014db6b7980d5480852670e0ec9702e,13,1155,datacopy/Stefano/72d14d28c9737124775142d04571c20cf014db6b7980d5480852670e0ec9702e,503
645,185fc4cfd8dfecfdd0bb1fc98607daa09970dc46a4992b211dcb4d28af57edde,13,1149,datacopy/Stefano/185fc4cfd8dfecfdd0bb1fc98607daa09970dc46a4992b211dcb4d28af57edde,503
646,181cc389a84145fd3c4bd760a919b1fb46f13c5927f86247cbaf8179c536baf3,13,1162,datacopy/Stefano/181cc389a84145fd3c4bd760a919b1fb46f13c5927f86247cbaf8179c536baf3,503
647,b48c28a718751b955afa8a80fcd286cdda0ab1f667d951e5a3970e0816a3eaa5,13,1155,datacopy/Stefano/b48c28a718751b955afa8a80fcd286cdda0ab1f667d951e5a3970e0816a3eaa5,503
648,62e36d53b654956f4a4c2f36785775d4b1cc1cc94fee3e4d63d7e03558b9f547,13,1162,datacopy/Stefano/62e36d53b654956f4a4c2f36785775d4b1cc1cc94fee3e4d63d7e03558b9f547,503
649,7cb61f7066c017bd06f1f8f19e9c01814f1ee971050cc73c74f05f768e26f2e4,13,1162,datacopy/Stefano/7cb61f7066c017bd06f1f8f19e9c01814f1ee971050cc73c74f05f768e26f2e4,503
650,833bdb1108fd2db678c68932415eedec29a69ca9657e58092e0a0527663276bb,13,1162,datacopy/Stefano/833bdb1108fd2db678c68932415eedec29a69ca9657e58092e0a0527663276bb,503
651,30c55d96ab50f2720d1903351f9336a022aa5eaeadee47d8fb1bba3ca1277e54,13,1155,datacopy/Stefano/30c55d96ab50f2720d1903351f9336a022aa5eaeadee47d8fb1bba3ca1277e54,503
652,ac72851197fbef375fe7a4e2c4ef021e55cee922e9e9e485723ec87165730024,13,1149,datacopy/Stefano/ac72851197fbef375fe7a4e2c4ef021e55cee922e9e9e485723ec87165730024,503
653,d73ff059e958e5d3f2cecb1348fec411b1fbd2cbfa8f494c67be6998f30246f8,13,1155,datacopy/Stefano/d73ff059e958e5d3f2cecb1348fec411b1fbd2cbfa8f494c67be6998f30246f8,503
654,35edd11008c611c60d570b90e34ff8f1c2da488930468a229fec80a2139b0ae4,13,1162,datacopy/Stefano/35edd11008c611c60d570b90e34ff8f1c2da488930468a229fec80a2139b0ae4,503
655,58c2d5fa903757e59d836f30abad761e73f8129891690900e19d62b7b64d9a16,13,1149,datacopy/Stefano/58c2d5fa903757e59d836f30abad761e73f8129891690900e19d62b7b64d9a16,503
656,62758a0c4526248836157a8c21bc62be860c1da420d053bb50074f7f0d6be0f6,13,1155,datacopy/Stefano/62758a0c4526248836157a8c21bc62be860c1da420d053bb50074f7f0d6be0f6,503
657,b1e72ebd357d7250096a4345fe907e5d3251a6a9e1f9e2d4495de99699258c44,13,130,datacopy/Stefano/b1e72ebd357d7250096a4345fe907e5d3251a6a9e1f9e2d4495de99699258c44,503
658,fd5d2c7609a41b3294538291229d0fdd697e8825b061c7d5198be981ede327fa,13,1149,datacopy/Stefano/fd5d2c7609a41b3294538291229d0fdd697e8825b061c7d5198be981ede327fa,503
659,84877d8c2626e8588e5d04154b15d9c3d8fd95e78efd75ccd811ae5098e251ed,13,1149,datacopy/Stefano/84877d8c2626e8588e5d04154b15d9c3d8fd95e78efd75ccd811ae5098e251ed,503
660,018b29b51ffa85397491bb5ed770f2c5214aca61dc6359744596cf8cd2dadc1e,13,1162,datacopy/Stefano/018b29b51ffa85397491bb5ed770f2c5214aca61dc6359744596cf8cd2dadc1e,503
661,a278989cd4ac213d7393cdd161c5d5012eb201f4a91da13a33b9779f4eadd4ba,13,1162,datacopy/Stefano/a278989cd4ac213d7393cdd161c5d5012eb201f4a91da13a33b9779f4eadd4ba,503
662,6a2c700aa604403e348ba8aee0c2f8fedd9eaaa15cd486715c6980e9d6153ab7,13,1149,datacopy/Stefano/6a2c700aa604403e348ba8aee0c2f8fedd9eaaa15cd486715c6980e9d6153ab7,503
663,f6e4124a36c1b2fe051203ece660ae028f02855cd15b47668fe9d7d1210d8764,13,54,datacopy/Stefano/f6e4124a36c1b2fe051203ece660ae028f02855cd15b47668fe9d7d1210d8764,503
664,3098cbc402840ccb64d20e916d24f638baca46167991f6e2e548ad7ebb0c9725,13,1149,datacopy/Stefano/3098cbc402840ccb64d20e916d24f638baca46167991f6e2e548ad7ebb0c9725,503
665,4ded201b4fc3a5e6f35d30562a942b06eb3ecf65711c72dd147e21021b4b9f9c,13,1158,datacopy/Stefano/4ded201b4fc3a5e6f35d30562a942b06eb3ecf65711c72dd147e21021b4b9f9c,503
666,774c04a15f7873f0935373686969e5e5809c33a6a90905b9e970ca1959ec55c8,13,1155,datacopy/Stefano/774c04a15f7873f0935373686969e5e5809c33a6a90905b9e970ca1959ec55c8,503
667,39f4e009523f29dd510f86cbef25fc6386848eea6d509e4602cccf9e6684b02c,13,1162,datacopy/Stefano/39f4e009523f29dd510f86cbef25fc6386848eea6d509e4602cccf9e6684b02c,503
668,11bc3ec315a5b5467aea20dcbf626fdffd092c76033c63e108a89bf1fb4c8ac4,13,1149,datacopy/Stefano/11bc3ec315a5b5467aea20dcbf626fdffd092c76033c63e108a89bf1fb4c8ac4,503
669,5ab17f1cb07295255f343380a0498a2076e4159b9d2e8b63fd78ec2174460f3d,13,1158,datacopy/Stefano/5ab17f1cb07295255f343380a0498a2076e4159b9d2e8b63fd78ec2174460f3d,503
670,a4b37524a78359a50349d2a4f04038abe49c20aec0c29df1070040ca60ea390a,13,1149,datacopy/Stefano/a4b37524a78359a50349d2a4f04038abe49c20aec0c29df1070040ca60ea390a,503
671,244b09efe85fdc7b3cc02e30cc38c8e73b1ca532714aa797c1541bc3cae1e6fc,13,54,datacopy/Stefano/244b09efe85fdc7b3cc02e30cc38c8e73b1ca532714aa797c1541bc3cae1e6fc,503
672,0dc136fc2615eb7e608f8ea35663a117334f730b1bb54be56a81fd02791949be,13,1155,datacopy/Stefano/0dc136fc2615eb7e608f8ea35663a117334f730b1bb54be56a81fd02791949be,503
673,a04beb83fb36e4a515dacb85f3b7a24f16e0cb96eae168aa63f0b96d63bb4750,13,1158,datacopy/Stefano/a04beb83fb36e4a515dacb85f3b7a24f16e0cb96eae168aa63f0b96d63bb4750,503
674,fe4401e2e98dbe568fb411b389a144200e9c7c52969c0958308312ebf07f2503,13,54,datacopy/Stefano/fe4401e2e98dbe568fb411b389a144200e9c7c52969c0958308312ebf07f2503,503
675,c4aca10736b2b7b961239e5b2c339090c135ddec6e0f59f9be15d05e20258cb9,13,1155,datacopy/Stefano/c4aca10736b2b7b961239e5b2c339090c135ddec6e0f59f9be15d05e20258cb9,503
676,35137c683d9bb537111cc158f5804885ad0e9961897cbd75b3baa56a5edb9bf6,13,1162,datacopy/Stefano/35137c683d9bb537111cc158f5804885ad0e9961897cbd75b3baa56a5edb9bf6,503
677,c3a34f4f1d66a2cf17ac6355b06597aebf800c593c4497304515b58079c17934,13,1149,datacopy/Stefano/c3a34f4f1d66a2cf17ac6355b06597aebf800c593c4497304515b58079c17934,503
678,f16c65dc074a229320f2891fc4df228091078f89d6164e1618f07719aea8b722,13,1149,datacopy/Stefano/f16c65dc074a229320f2891fc4df228091078f89d6164e1618f07719aea8b722,503
679,11dd6f26ae1f591330fd7f0452dabd576e1a84f26ec8e9330727daee028edc44,13,1149,datacopy/Stefano/11dd6f26ae1f591330fd7f0452dabd576e1a84f26ec8e9330727daee028edc44,503
680,eb3e36e804fb070a6f272f99cbcc174cf2f193c54ef45706fc304947f09b2d83,13,1149,datacopy/Stefano/eb3e36e804fb070a6f272f99cbcc174cf2f193c54ef45706fc304947f09b2d83,503
681,f16330fdd04279d3548784bec643fcadd2b7e4fb83d05444d459f0824e5e37b4,13,1155,datacopy/Stefano/f16330fdd04279d3548784bec643fcadd2b7e4fb83d05444d459f0824e5e37b4,503
682,d2025b180c57735857ff78a6079135d2ce740881b898dbda28e12d5f8a83dbab,13,1155,datacopy/Stefano/d2025b180c57735857ff78a6079135d2ce740881b898dbda28e12d5f8a83dbab,503
683,8ac280e21dec3390fb4d03abc7acd5d1f0500db0173c4a834a082bb49c16253c,13,1149,datacopy/Stefano/8ac280e21dec3390fb4d03abc7acd5d1f0500db0173c4a834a082bb49c16253c,503
684,17a83f396a091ff51be2e92b5c7804c0920786fa5e3dd7c3adce58c153f7d78c,13,1162,datacopy/Stefano/17a83f396a091ff51be2e92b5c7804c0920786fa5e3dd7c3adce58c153f7d78c,503
685,8e1dc492a408d7c31d3d799a5096101bba6078be0252161e46e579436766eb83,13,1162,datacopy/Stefano/8e1dc492a408d7c31d3d799a5096101bba6078be0252161e46e579436766eb83,503
686,c16ce96f81778ef4d4a388c9a44510cf810306cee23b1f04e5fc3c8c573a4ac1,13,1155,datacopy/Stefano/c16ce96f81778ef4d4a388c9a44510cf810306cee23b1f04e5fc3c8c573a4ac1,503
687,80cc633a15393b1e099e7b79eb48a8deffa22f5a6cbc323960207add3df35b98,13,1162,datacopy/Stefano/80cc633a15393b1e099e7b79eb48a8deffa22f5a6cbc323960207add3df35b98,503
688,eb714086053de137fcbb9b478d283fb004e68d226c1880c516ccc79be388a15f,13,1158,datacopy/Stefano/eb714086053de137fcbb9b478d283fb004e68d226c1880c516ccc79be388a15f,503
689,3b89231f936eaaa27dcb58f454e5f8715af9ac41c1a5155052439063db041628,13,1158,datacopy/Stefano/3b89231f936eaaa27dcb58f454e5f8715af9ac41c1a5155052439063db041628,503
690,94dab62cf554c835c62fddd282de231c95fe260b604b02a367868001812f6370,13,1155,datacopy/Stefano/94dab62cf554c835c62fddd282de231c95fe260b604b02a367868001812f6370,503
691,418ceb7c41ad08f24ec242dce4793b3358e9e475f40bb8de1012b40ca78b984d,13,1158,datacopy/Stefano/418ceb7c41ad08f24ec242dce4793b3358e9e475f40bb8de1012b40ca78b984d,503
692,2eee7c2dbfeba5f4c2a6cc27c35dde2003c37d71263f4a3bb640c6266f3a9a20,13,1155,datacopy/Stefano/2eee7c2dbfeba5f4c2a6cc27c35dde2003c37d71263f4a3bb640c6266f3a9a20,503
693,b3a42ddbc41511442ab31afd9018f1ad2c0b4d46b53dd4e954ccd0f6c3beef0b,13,130,datacopy/Stefano/b3a42ddbc41511442ab31afd9018f1ad2c0b4d46b53dd4e954ccd0f6c3beef0b,503
694,9df4489a5dcb20403d864c8878b7a42cd4c585fb6c2109f2e68b0554a3b4afdd,13,1155,datacopy/Stefano/9df4489a5dcb20403d864c8878b7a42cd4c585fb6c2109f2e68b0554a3b4afdd,503
695,e99d2ac937d1b6a7b9f7d261d6951b170bd42e26b65f49a234cdd1cd30da3614,13,1158,datacopy/Stefano/e99d2ac937d1b6a7b9f7d261d6951b170bd42e26b65f49a234cdd1cd30da3614,503
696,5cfee3b2ed5ddba9107694c4832f9730fee81522b372fbc0c5b493ebb38768c0,13,1162,datacopy/Stefano/5cfee3b2ed5ddba9107694c4832f9730fee81522b372fbc0c5b493ebb38768c0,503
697,bdbadd79a24f5b925591b317c28bba18782152a83f222df56d2bc9584af235be,13,1155,datacopy/Stefano/bdbadd79a24f5b925591b317c28bba18782152a83f222df56d2bc9584af235be,503
698,57edfd27c24608a76ee4755715cb10ff7b72435deaf9b32acbf59b7516c124de,13,1162,datacopy/Stefano/57edfd27c24608a76ee4755715cb10ff7b72435deaf9b32acbf59b7516c124de,503
699,24f0ebebfbf7548f5321a864c843c380dfb1fe8c146b506028b6b0ab947a85d8,13,1158,datacopy/Stefano/24f0ebebfbf7548f5321a864c843c380dfb1fe8c146b506028b6b0ab947a85d8,503
700,1baa58688f07d1bffafa2bf1261cd0cab41907881cae6a30268155c849d080b1,13,1155,datacopy/Stefano/1baa58688f07d1bffafa2bf1261cd0cab41907881cae6a30268155c849d080b1,503
701,2a051c4988557f40d486e003e724e7a4b91697a628a48e87d24de23b27bfa4a1,13,1302,datacopy/Stefano/2a051c4988557f40d486e003e724e7a4b91697a628a48e87d24de23b27bfa4a1,503
702,69e1928dc574316785b459ff1136d695547a4b603465f0d069e1fe591b1fff68,13,1149,datacopy/Stefano/69e1928dc574316785b459ff1136d695547a4b603465f0d069e1fe591b1fff68,503
703,b279cd9355c3b1f806352772475d0f5f12dc502e22ded6d6054b98c56e213987,13,1155,datacopy/Stefano/b279cd9355c3b1f806352772475d0f5f12dc502e22ded6d6054b98c56e213987,503
704,f7f3ed96aa149c06d3ac8b3aed22011dc6a96d61f6b3f7687957c92af1166a63,13,1158,datacopy/Stefano/f7f3ed96aa149c06d3ac8b3aed22011dc6a96d61f6b3f7687957c92af1166a63,503
705,c7263b06c163c6f428bc87eb37c42b1c62825842df446e00a1552c72e9ed9f63,13,1394,datacopy/Stefano/c7263b06c163c6f428bc87eb37c42b1c62825842df446e00a1552c72e9ed9f63,503
706,54192be640e5da3d76952fc59ffeaba2fde79fb2e057ac2e9860d96c59d8105b,13,1162,datacopy/Stefano/54192be640e5da3d76952fc59ffeaba2fde79fb2e057ac2e9860d96c59d8105b,503
707,17ed69df07a17bf007c92135589824cf1c765278cbe4aaaccebd074c2aeae5e9,13,799,datacopy/Stefano/17ed69df07a17bf007c92135589824cf1c765278cbe4aaaccebd074c2aeae5e9,503
708,0b6db307f987ce9525dec98054ee2b26d5579782436f57d39a7ed3a321f196ea,13,1158,datacopy/Stefano/0b6db307f987ce9525dec98054ee2b26d5579782436f57d39a7ed3a321f196ea,503
709,ba071a284f4bb5b4a7f327f77e3ebb8d251b5d75289aaa9be6e1a9575658b525,13,1162,datacopy/Stefano/ba071a284f4bb5b4a7f327f77e3ebb8d251b5d75289aaa9be6e1a9575658b525,503
710,1f5cb54cfd4f03110388923c049af86096affe8cc4613336c382342e3cac0ed7,13,1155,datacopy/Stefano/1f5cb54cfd4f03110388923c049af86096affe8cc4613336c382342e3cac0ed7,503
711,7c581f66e82a4d4234a3a36ddd4adc841344c6f1f2245edafbe31a85cc6ab648,13,1162,datacopy/Stefano/7c581f66e82a4d4234a3a36ddd4adc841344c6f1f2245edafbe31a85cc6ab648,503
712,b1d217ef4329ead33887cc87dfe4f0c1e58d88678e6f34cdad1a53554848c87d,13,1155,datacopy/Stefano/b1d217ef4329ead33887cc87dfe4f0c1e58d88678e6f34cdad1a53554848c87d,503
713,ee011de1d3950cb3c1044390d5d9a38507665e777132f8c7ce1f6c89669ed6f2,13,1158,datacopy/Stefano/ee011de1d3950cb3c1044390d5d9a38507665e777132f8c7ce1f6c89669ed6f2,503
714,7aec401dbd01cbab7bfc733deca0a781f960c78b52ac3b909eb6b982ef0daeef,13,1158,datacopy/Stefano/7aec401dbd01cbab7bfc733deca0a781f960c78b52ac3b909eb6b982ef0daeef,503
715,eea26fafbd385532d42b101a226d6ebd0214fe79ab8cb886ee640dffb45c0eae,13,1162,datacopy/Stefano/eea26fafbd385532d42b101a226d6ebd0214fe79ab8cb886ee640dffb45c0eae,503
716,93e2e2891209b8de0039255d17b89b881658e77f07772aac0b55154cdeeeb97e,13,54,datacopy/Stefano/93e2e2891209b8de0039255d17b89b881658e77f07772aac0b55154cdeeeb97e,503
717,3e80f8935dac905f0d3710f242fe64dcf1fdf98874407b7e0b96b78c6eaf4c2b,13,1155,datacopy/Stefano/3e80f8935dac905f0d3710f242fe64dcf1fdf98874407b7e0b96b78c6eaf4c2b,503
718,415fa60211b6372d450324519623e7ad658b080dce2ab726c2ddc9d1609d3d5c,13,1162,datacopy/Stefano/415fa60211b6372d450324519623e7ad658b080dce2ab726c2ddc9d1609d3d5c,503
719,8b7e5f903ca7805f35124d1a2bdeb2766361ad58.bin,15,1944,datacopy/UCSB.JP/data_feed.geo_japan_6m_public_flag/8/b/7/8b7e5f903ca7805f35124d1a2bdeb2766361ad58.bin,7
720,8991b1981aa4f200b8b2af567148539cc3444ee2.bin,15,1524,datacopy/UCSB.JP/data_feed.geo_japan_6m_public_flag/8/9/9/8991b1981aa4f200b8b2af567148539cc3444ee2.bin,7
721,829991a925839d4fbf780fc5a0ddcbfba07f7ee8.bin,15,1524,datacopy/UCSB.JP/data_feed.geo_japan_6m_public_flag/8/2/9/829991a925839d4fbf780fc5a0ddcbfba07f7ee8.bin,7
722,8d819c5740592857b6c46571e3a3e0ad2e8670f4.bin,15,341,datacopy/UCSB.JP/data_feed.geo_japan_6m_public_flag/8/d/8/8d819c5740592857b6c46571e3a3e0ad2e8670f4.bin,7
723,8dee9b0e5fe5a4be049da62132e4d23086154b02.bin,15,1944,datacopy/UCSB.JP/data_feed.geo_japan_6m_public_flag/8/d/e/8dee9b0e5fe5a4be049da62132e4d23086154b02.bin,7
724,8d256f65d31e7336ec2a27197d3cdbe6b287756a.bin,15,1944,datacopy/UCSB.JP/data_feed.geo_japan_6m_public_flag/8/d/2/8d256f65d31e7336ec2a27197d3cdbe6b287756a.bin,7
725,8533956bfb9a6488c0c3cddd976aaaeda0201c9d.bin,15,1944,datacopy/UCSB.JP/data_feed.geo_japan_6m_public_flag/8/5/3/8533956bfb9a6488c0c3cddd976aaaeda0201c9d.bin,7
726,85d0114ba619b46e43262a841dc578a9fb7e66c2.bin,15,1524,datacopy/UCSB.JP/data_feed.geo_japan_6m_public_flag/8/5/d/85d0114ba619b46e43262a841dc578a9fb7e66c2.bin,7
727,800b42996330c1382e4bc22b1972bc7799ad4aa7.bin,15,1944,datacopy/UCSB.JP/data_feed.geo_japan_6m_public_flag/8/0/0/800b42996330c1382e4bc22b1972bc7799ad4aa7.bin,7
728,861e5fb432517a175be34f4af80061b687a47f80.bin,15,1944,datacopy/UCSB.JP/data_feed.geo_japan_6m_public_flag/8/6/1/861e5fb432517a175be34f4af80061b687a47f80.bin,7
729,87ac98a7d16dfe6776368a3c61d2e51801369f68.bin,15,1944,datacopy/UCSB.JP/data_feed.geo_japan_6m_public_flag/8/7/a/87ac98a7d16dfe6776368a3c61d2e51801369f68.bin,7
730,87ade3ff1318193b6e15617329a47bd35c6f89be.bin,15,1524,datacopy/UCSB.JP/data_feed.geo_japan_6m_public_flag/8/7/a/87ade3ff1318193b6e15617329a47bd35c6f89be.bin,7
731,877822feb68409f62e1718262db4e0a6083e2625.bin,15,1524,datacopy/UCSB.JP/data_feed.geo_japan_6m_public_flag/8/7/7/877822feb68409f62e1718262db4e0a6083e2625.bin,7
732,ab39766f19f37531af488088276de2c039e18e46.bin,15,341,datacopy/UCSB.JP/data_feed.geo_japan_6m_public_flag/a/b/3/ab39766f19f37531af488088276de2c039e18e46.bin,7
733,ab29de4aab6c38f041ab0ecfad507b5168de1bbd.bin,15,284,datacopy/UCSB.JP/data_feed.geo_japan_6m_public_flag/a/b/2/ab29de4aab6c38f041ab0ecfad507b5168de1bbd.bin,7
734,ab5e0dd5e76045b6eedb745ac4f4368fc7153436.bin,15,1944,datacopy/UCSB.JP/data_feed.geo_japan_6m_public_flag/a/b/5/ab5e0dd5e76045b6eedb745ac4f4368fc7153436.bin,7
735,ab6b5feeedc50ee8f93674fe508a984b0490cda2.bin,15,1944,datacopy/UCSB.JP/data_feed.geo_japan_6m_public_flag/a/b/6/ab6b5feeedc50ee8f93674fe508a984b0490cda2.bin,7
736,a11a960cf70335331d14299a3a62c3c3f97ecd2e.bin,15,1944,datacopy/UCSB.JP/data_feed.geo_japan_6m_public_flag/a/1/1/a11a960cf70335331d14299a3a62c3c3f97ecd2e.bin,7
737,af46274c882a06a95f7584ca8c0ee23c989e24a3.bin,15,1944,datacopy/UCSB.JP/data_feed.geo_japan_6m_public_flag/a/f/4/af46274c882a06a95f7584ca8c0ee23c989e24a3.bin,7
738,af07ad9d8a9dee4b2cf409b0acb4483bac1599e2.bin,15,1524,datacopy/UCSB.JP/data_feed.geo_japan_6m_public_flag/a/f/0/af07ad9d8a9dee4b2cf409b0acb4483bac1599e2.bin,7
739,a0478bd4e126d13c1f122417b04a67e79f1bcdef.bin,15,1944,datacopy/UCSB.JP/data_feed.geo_japan_6m_public_flag/a/0/4/a0478bd4e126d13c1f122417b04a67e79f1bcdef.bin,7
740,a62b7de2e57e3e69c067878fe58a331b5390916b.bin,15,1944,datacopy/UCSB.JP/data_feed.geo_japan_6m_public_flag/a/6/2/a62b7de2e57e3e69c067878fe58a331b5390916b.bin,7
741,a66e76b45fb21ec01a39e9ac196121c49ddc85bb.bin,15,1524,datacopy/UCSB.JP/data_feed.geo_japan_6m_public_flag/a/6/6/a66e76b45fb21ec01a39e9ac196121c49ddc85bb.bin,7
742,a7ab1801505b89e5664b74dd13ce1d4f06ebef94.bin,15,1524,datacopy/UCSB.JP/data_feed.geo_japan_6m_public_flag/a/7/a/a7ab1801505b89e5664b74dd13ce1d4f06ebef94.bin,7
743,a702eb0929ee3a326c18947337a9fc142b0956b2.bin,15,1944,datacopy/UCSB.JP/data_feed.geo_japan_6m_public_flag/a/7/0/a702eb0929ee3a326c18947337a9fc142b0956b2.bin,7
744,eea70ec2633ea56e393f85465a435e1d4eee906f.bin,15,1944,datacopy/UCSB.JP/data_feed.geo_japan_6m_public_flag/e/e/a/eea70ec2633ea56e393f85465a435e1d4eee906f.bin,7
745,eeb53848b1583dd181d75317e0cf2fa27426422a.bin,15,1944,datacopy/UCSB.JP/data_feed.geo_japan_6m_public_flag/e/e/b/eeb53848b1583dd181d75317e0cf2fa27426422a.bin,7
746,ee31edfa52c523f9aa43160b2780fcb182909a30.bin,15,1524,datacopy/UCSB.JP/data_feed.geo_japan_6m_public_flag/e/e/3/ee31edfa52c523f9aa43160b2780fcb182909a30.bin,7
747,eed50d73cc273ee77b5860ff7168569e487182d4.bin,15,1944,datacopy/UCSB.JP/data_feed.geo_japan_6m_public_flag/e/e/d/eed50d73cc273ee77b5860ff7168569e487182d4.bin,7
748,eb3ac1828049630d2ce012972c58f4f3a1c97087.bin,15,1944,datacopy/UCSB.JP/data_feed.geo_japan_6m_public_flag/e/b/3/eb3ac1828049630d2ce012972c58f4f3a1c97087.bin,7
749,e361aa900198176d1708ef60c4ca3f03588f1371.bin,15,1944,datacopy/UCSB.JP/data_feed.geo_japan_6m_public_flag/e/3/6/e361aa900198176d1708ef60c4ca3f03588f1371.bin,7
750,e98fef9e6c327459d883f76e08cb4bfb79243db4.bin,15,341,datacopy/UCSB.JP/data_feed.geo_japan_6m_public_flag/e/9/8/e98fef9e6c327459d883f76e08cb4bfb79243db4.bin,7
751,e21d13b03853efb635d23f8af52cd039180368bd.bin,15,1524,datacopy/UCSB.JP/data_feed.geo_japan_6m_public_flag/e/2/1/e21d13b03853efb635d23f8af52cd039180368bd.bin,7
752,e0031193e112c9ffa27f29144a5fb139cced1780.bin,15,1524,datacopy/UCSB.JP/data_feed.geo_japan_6m_public_flag/e/0/0/e0031193e112c9ffa27f29144a5fb139cced1780.bin,7
753,e6a40ed01e2e625f54d05bf27ba58f81da4c23ac.bin,15,1524,datacopy/UCSB.JP/data_feed.geo_japan_6m_public_flag/e/6/a/e6a40ed01e2e625f54d05bf27ba58f81da4c23ac.bin,7
754,e7c879bf1ace6373684deec14a4daf296519ca18.bin,15,1944,datacopy/UCSB.JP/data_feed.geo_japan_6m_public_flag/e/7/c/e7c879bf1ace6373684deec14a4daf296519ca18.bin,7
755,b339628c646b44c2030372a6c8704da2fb6eb8e8.bin,15,1524,datacopy/UCSB.JP/data_feed.geo_japan_6m_public_flag/b/3/3/b339628c646b44c2030372a6c8704da2fb6eb8e8.bin,7
756,b9bd6fbca38133dfd6d0567c1aad5c3d97a4dbbc.bin,15,341,datacopy/UCSB.JP/data_feed.geo_japan_6m_public_flag/b/9/b/b9bd6fbca38133dfd6d0567c1aad5c3d97a4dbbc.bin,7
757,b9dd780db1f6494675928ab3c8c3afaedff3fe04.bin,15,1944,datacopy/UCSB.JP/data_feed.geo_japan_6m_public_flag/b/9/d/b9dd780db1f6494675928ab3c8c3afaedff3fe04.bin,7
758,bdf430ebef39506120b5e554f89b4b47b6d98ae5.bin,15,1944,datacopy/UCSB.JP/data_feed.geo_japan_6m_public_flag/b/d/f/bdf430ebef39506120b5e554f89b4b47b6d98ae5.bin,7
759,bd7401c91c8a489ad2ea946883f6ea7398005965.bin,15,1524,datacopy/UCSB.JP/data_feed.geo_japan_6m_public_flag/b/d/7/bd7401c91c8a489ad2ea946883f6ea7398005965.bin,7
760,b5bf2466a54d078a7b5211663135be2ee31e6340.bin,15,341,datacopy/UCSB.JP/data_feed.geo_japan_6m_public_flag/b/5/b/b5bf2466a54d078a7b5211663135be2ee31e6340.bin,7
761,b5446ead283df797b32ebc5b8177aa77dd5d604e.bin,15,1944,datacopy/UCSB.JP/data_feed.geo_japan_6m_public_flag/b/5/4/b5446ead283df797b32ebc5b8177aa77dd5d604e.bin,7
762,bc2775b23a5839e3ee9608ed80a124f88ce55f8f.bin,15,1944,datacopy/UCSB.JP/data_feed.geo_japan_6m_public_flag/b/c/2/bc2775b23a5839e3ee9608ed80a124f88ce55f8f.bin,7
763,b44210431beb4761b08b33c432afcc5638caa3f1.bin,15,1524,datacopy/UCSB.JP/data_feed.geo_japan_6m_public_flag/b/4/4/b44210431beb4761b08b33c432afcc5638caa3f1.bin,7
764,b0f868bc48153e143fb6312412f17df4d4774e73.bin,15,1944,datacopy/UCSB.JP/data_feed.geo_japan_6m_public_flag/b/0/f/b0f868bc48153e143fb6312412f17df4d4774e73.bin,7
765,38ba7af5ca25399cd875b900e5d92685e8c9186f.bin,15,1944,datacopy/UCSB.JP/data_feed.geo_japan_6m_public_flag/3/8/b/38ba7af5ca25399cd875b900e5d92685e8c9186f.bin,7
766,3af8f07031e0a69e20a47fc82a0320f5ca1c578a.bin,15,341,datacopy/UCSB.JP/data_feed.geo_japan_6m_public_flag/3/a/f/3af8f07031e0a69e20a47fc82a0320f5ca1c578a.bin,7
767,3a7ca17a5055c21b768f692af66c48db00ac4704.bin,15,341,datacopy/UCSB.JP/data_feed.geo_japan_6m_public_flag/3/a/7/3a7ca17a5055c21b768f692af66c48db00ac4704.bin,7
768,3930aa7cafe5a13f8f367687df5384cce8809158.bin,15,284,datacopy/UCSB.JP/data_feed.geo_japan_6m_public_flag/3/9/3/3930aa7cafe5a13f8f367687df5384cce8809158.bin,7
769,326f1d4ce153a422fc4ec67b3091a8d253aae5b4.bin,15,1524,datacopy/UCSB.JP/data_feed.geo_japan_6m_public_flag/3/2/6/326f1d4ce153a422fc4ec67b3091a8d253aae5b4.bin,7
770,3fbac67b6d45202e3751bad0e0e242c7113818a1.bin,15,1944,datacopy/UCSB.JP/data_feed.geo_japan_6m_public_flag/3/f/b/3fbac67b6d45202e3751bad0e0e242c7113818a1.bin,7
771,3f31e96ad931f6a49c7183a28808fbb24cb48679.bin,15,1524,datacopy/UCSB.JP/data_feed.geo_japan_6m_public_flag/3/f/3/3f31e96ad931f6a49c7183a28808fbb24cb48679.bin,7
772,3c0c036e0b9f864b900195badae74a35fb7e768b.bin,15,1944,datacopy/UCSB.JP/data_feed.geo_japan_6m_public_flag/3/c/0/3c0c036e0b9f864b900195badae74a35fb7e768b.bin,7
773,34b471ddaf157bdb9574d7ab11d7f8579a41cff2.bin,15,1944,datacopy/UCSB.JP/data_feed.geo_japan_6m_public_flag/3/4/b/34b471ddaf157bdb9574d7ab11d7f8579a41cff2.bin,7
774,30e654e680da46b103eeb1df1ec8483dddacd74d.bin,15,1524,datacopy/UCSB.JP/data_feed.geo_japan_6m_public_flag/3/0/e/30e654e680da46b103eeb1df1ec8483dddacd74d.bin,7
775,302ebdfe75598293ed1c3ca66c5a147750257f92.bin,15,1944,datacopy/UCSB.JP/data_feed.geo_japan_6m_public_flag/3/0/2/302ebdfe75598293ed1c3ca66c5a147750257f92.bin,7
776,981b0b0dc074c3cb893d4e4eed07e63aedd44ec3.bin,15,1944,datacopy/UCSB.JP/data_feed.geo_japan_6m_public_flag/9/8/1/981b0b0dc074c3cb893d4e4eed07e63aedd44ec3.bin,7
777,98610526e0f75a12237642ca05270a7a9234437f.bin,15,1944,datacopy/UCSB.JP/data_feed.geo_japan_6m_public_flag/9/8/6/98610526e0f75a12237642ca05270a7a9234437f.bin,7
778,9aab0df11e592565d748a5f039976e902e7c5656.bin,15,1944,datacopy/UCSB.JP/data_feed.geo_japan_6m_public_flag/9/a/a/9aab0df11e592565d748a5f039976e902e7c5656.bin,7
779,9a34aecd5fabc72ed2eb235b425c6157777db633.bin,15,1944,datacopy/UCSB.JP/data_feed.geo_japan_6m_public_flag/9/a/3/9a34aecd5fabc72ed2eb235b425c6157777db633.bin,7
780,9a4bb63b2f845d5de97de47ce7307f4083b4d532.bin,15,1944,datacopy/UCSB.JP/data_feed.geo_japan_6m_public_flag/9/a/4/9a4bb63b2f845d5de97de47ce7307f4083b4d532.bin,7
781,9be807c822e504aa7a22db31bfd867afa3503e35.bin,15,1944,datacopy/UCSB.JP/data_feed.geo_japan_6m_public_flag/9/b/e/9be807c822e504aa7a22db31bfd867afa3503e35.bin,7
782,93b4c799e4aaee531dad80bab1ce90b23efb77e5.bin,15,1944,datacopy/UCSB.JP/data_feed.geo_japan_6m_public_flag/9/3/b/93b4c799e4aaee531dad80bab1ce90b23efb77e5.bin,7
783,99cb4450c60d6b03a2711f04893a66fa47fa8e86.bin,15,1944,datacopy/UCSB.JP/data_feed.geo_japan_6m_public_flag/9/9/c/99cb4450c60d6b03a2711f04893a66fa47fa8e86.bin,7
784,92ab02074dfb90556cee26fb5122158c9c65e48e.bin,15,1944,datacopy/UCSB.JP/data_feed.geo_japan_6m_public_flag/9/2/a/92ab02074dfb90556cee26fb5122158c9c65e48e.bin,7
785,95a88a9328f5a0ce6ccb02174ae0ff5b5a98ad26.bin,15,1524,datacopy/UCSB.JP/data_feed.geo_japan_6m_public_flag/9/5/a/95a88a9328f5a0ce6ccb02174ae0ff5b5a98ad26.bin,7
786,956b68d78d26d1e5c241a46b214c6b9a57e57eb8.bin,15,1944,datacopy/UCSB.JP/data_feed.geo_japan_6m_public_flag/9/5/6/956b68d78d26d1e5c241a46b214c6b9a57e57eb8.bin,7
787,9cabf77fd455147ca9b286b6e7940a0facc8f928.bin,15,284,datacopy/UCSB.JP/data_feed.geo_japan_6m_public_flag/9/c/a/9cabf77fd455147ca9b286b6e7940a0facc8f928.bin,7
788,9cee9e7c67da072469565bbacb5eea0fe985ab77.bin,15,1524,datacopy/UCSB.JP/data_feed.geo_japan_6m_public_flag/9/c/e/9cee9e7c67da072469565bbacb5eea0fe985ab77.bin,7
789,94cfd3dbb7c0b9ea81d2f2790562e66c683f04d2.bin,15,1524,datacopy/UCSB.JP/data_feed.geo_japan_6m_public_flag/9/4/c/94cfd3dbb7c0b9ea81d2f2790562e66c683f04d2.bin,7
790,9077fdba1279cfb750afeb092caa583a9a9f5fba.bin,15,1944,datacopy/UCSB.JP/data_feed.geo_japan_6m_public_flag/9/0/7/9077fdba1279cfb750afeb092caa583a9a9f5fba.bin,7
791,97839bfddaae188b7f279582e7939283bda62a8b.bin,15,1944,datacopy/UCSB.JP/data_feed.geo_japan_6m_public_flag/9/7/8/97839bfddaae188b7f279582e7939283bda62a8b.bin,7
792,974d7cfee38e33e6778914c8021bf67c43e47e5c.bin,15,1944,datacopy/UCSB.JP/data_feed.geo_japan_6m_public_flag/9/7/4/974d7cfee38e33e6778914c8021bf67c43e47e5c.bin,7
793,97024bca02cb90ae8128e9b70f8a20b04c9919c0.bin,15,1944,datacopy/UCSB.JP/data_feed.geo_japan_6m_public_flag/9/7/0/97024bca02cb90ae8128e9b70f8a20b04c9919c0.bin,7
794,234c2f703b78146db3f627de342eb8f6a0416fb8.bin,15,341,datacopy/UCSB.JP/data_feed.geo_japan_6m_public_flag/2/3/4/234c2f703b78146db3f627de342eb8f6a0416fb8.bin,7
795,29eace9f243dd506519422689f4c049026423c71.bin,15,1944,datacopy/UCSB.JP/data_feed.geo_japan_6m_public_flag/2/9/e/29eace9f243dd506519422689f4c049026423c71.bin,7
796,22eaaea37bbebe604e1d909b7730b1ac1560fb3f.bin,15,1524,datacopy/UCSB.JP/data_feed.geo_japan_6m_public_flag/2/2/e/22eaaea37bbebe604e1d909b7730b1ac1560fb3f.bin,7
797,22029cb59c9cd4fb14537771047dad155cc66ab8.bin,15,1944,datacopy/UCSB.JP/data_feed.geo_japan_6m_public_flag/2/2/0/22029cb59c9cd4fb14537771047dad155cc66ab8.bin,7
798,21b3b7b4765b50b86e1b623353a21d5123d360f9.bin,15,1944,datacopy/UCSB.JP/data_feed.geo_japan_6m_public_flag/2/1/b/21b3b7b4765b50b86e1b623353a21d5123d360f9.bin,7
799,217d5c822d7652296941164d71911488f0b6120c.bin,15,1524,datacopy/UCSB.JP/data_feed.geo_japan_6m_public_flag/2/1/7/217d5c822d7652296941164d71911488f0b6120c.bin,7
800,2cfe8929db5f9ec6d2d6776b1d8bb02e177eafda.bin,15,1524,datacopy/UCSB.JP/data_feed.geo_japan_6m_public_flag/2/c/f/2cfe8929db5f9ec6d2d6776b1d8bb02e177eafda.bin,7
801,24f54481826a8de1b76e835d1368864dae834c7b.bin,15,1944,datacopy/UCSB.JP/data_feed.geo_japan_6m_public_flag/2/4/f/24f54481826a8de1b76e835d1368864dae834c7b.bin,7
802,24c72d608458444dbe9a7e15a4a4934007de5349.bin,15,1944,datacopy/UCSB.JP/data_feed.geo_japan_6m_public_flag/2/4/c/24c72d608458444dbe9a7e15a4a4934007de5349.bin,7
803,24635cf29fe699ad095b0772d4c4cdb72ab58534.bin,15,1944,datacopy/UCSB.JP/data_feed.geo_japan_6m_public_flag/2/4/6/24635cf29fe699ad095b0772d4c4cdb72ab58534.bin,7
804,203f774ea2c1e61dfb373c95d65e2ce50c1e572e.bin,15,1944,datacopy/UCSB.JP/data_feed.geo_japan_6m_public_flag/2/0/3/203f774ea2c1e61dfb373c95d65e2ce50c1e572e.bin,7
805,268ee1073d4300a9af81bad2582efe784dd0653c.bin,15,1524,datacopy/UCSB.JP/data_feed.geo_japan_6m_public_flag/2/6/8/268ee1073d4300a9af81bad2582efe784dd0653c.bin,7
806,26e04832e947a0e7838b099b83eb572dbbe58f72.bin,15,1524,datacopy/UCSB.JP/data_feed.geo_japan_6m_public_flag/2/6/e/26e04832e947a0e7838b099b83eb572dbbe58f72.bin,7
807,27778064bd48c68816e3fe7138f80b423a3effeb.bin,15,1524,datacopy/UCSB.JP/data_feed.geo_japan_6m_public_flag/2/7/7/27778064bd48c68816e3fe7138f80b423a3effeb.bin,7
808,da870ed78a668c73217e319fc2ace9a91b91b728.bin,15,1944,datacopy/UCSB.JP/data_feed.geo_japan_6m_public_flag/d/a/8/da870ed78a668c73217e319fc2ace9a91b91b728.bin,7
809,db72d59f8662c676c5e0c7dd48fd9df37e2a5578.bin,15,1944,datacopy/UCSB.JP/data_feed.geo_japan_6m_public_flag/d/b/7/db72d59f8662c676c5e0c7dd48fd9df37e2a5578.bin,7
810,d1e39f9ac63d4bd1523c3e7ca899481cea262698.bin,15,1944,datacopy/UCSB.JP/data_feed.geo_japan_6m_public_flag/d/1/e/d1e39f9ac63d4bd1523c3e7ca899481cea262698.bin,7
811,d15735ff0e3eaa05f6abe16ae4ac5c62d52ed2bd.bin,15,1524,datacopy/UCSB.JP/data_feed.geo_japan_6m_public_flag/d/1/5/d15735ff0e3eaa05f6abe16ae4ac5c62d52ed2bd.bin,7
812,dfe465ce7b89a44962982b7e24410e03dd4f8890.bin,15,1524,datacopy/UCSB.JP/data_feed.geo_japan_6m_public_flag/d/f/e/dfe465ce7b89a44962982b7e24410e03dd4f8890.bin,7
813,df5e73e04e5a26f7013bfd0f531ea7c8b199c92b.bin,15,1944,datacopy/UCSB.JP/data_feed.geo_japan_6m_public_flag/d/f/5/df5e73e04e5a26f7013bfd0f531ea7c8b199c92b.bin,7
814,df560f0f99c4cad34183786f5145351fdeb48d21.bin,15,1944,datacopy/UCSB.JP/data_feed.geo_japan_6m_public_flag/d/f/5/df560f0f99c4cad34183786f5145351fdeb48d21.bin,7
815,d46ab2a2c1259cd0c8a98bc5b309735c3c4de0a9.bin,15,1524,datacopy/UCSB.JP/data_feed.geo_japan_6m_public_flag/d/4/6/d46ab2a2c1259cd0c8a98bc5b309735c3c4de0a9.bin,7
816,d08e2ecfd3d576bc18de38585d9420e2f13bad5b.bin,15,284,datacopy/UCSB.JP/data_feed.geo_japan_6m_public_flag/d/0/8/d08e2ecfd3d576bc18de38585d9420e2f13bad5b.bin,7
817,d6a4820eb2237b3069b4fe6d30bcdbdaf42b1be1.bin,15,1944,datacopy/UCSB.JP/data_feed.geo_japan_6m_public_flag/d/6/a/d6a4820eb2237b3069b4fe6d30bcdbdaf42b1be1.bin,7
818,182b914cf1ee9babb2df5603f0433fd85ddf5925.bin,15,1524,datacopy/UCSB.JP/data_feed.geo_japan_6m_public_flag/1/8/2/182b914cf1ee9babb2df5603f0433fd85ddf5925.bin,7
819,1e9571c0829e0a0cdcaf99b9c320c8f37b816847.bin,15,1944,datacopy/UCSB.JP/data_feed.geo_japan_6m_public_flag/1/e/9/1e9571c0829e0a0cdcaf99b9c320c8f37b816847.bin,7
820,1e2cb375716a61621a69bba11fb8c88ff6ce0cb3.bin,15,1944,datacopy/UCSB.JP/data_feed.geo_japan_6m_public_flag/1/e/2/1e2cb375716a61621a69bba11fb8c88ff6ce0cb3.bin,7
821,1e582944fe5b5ac209d45e911f91677cc00f595d.bin,15,1944,datacopy/UCSB.JP/data_feed.geo_japan_6m_public_flag/1/e/5/1e582944fe5b5ac209d45e911f91677cc00f595d.bin,7
822,1b52ebff16ee889f6e47ffefb3a278b06ef148a2.bin,15,1944,datacopy/UCSB.JP/data_feed.geo_japan_6m_public_flag/1/b/5/1b52ebff16ee889f6e47ffefb3a278b06ef148a2.bin,7
823,13a703bdc0b0cf8f5762800c01f2cb9d27ad3f04.bin,15,1524,datacopy/UCSB.JP/data_feed.geo_japan_6m_public_flag/1/3/a/13a703bdc0b0cf8f5762800c01f2cb9d27ad3f04.bin,7
824,135ea674c9641dbbdc48c9a54cebfbc3781412e7.bin,15,1524,datacopy/UCSB.JP/data_feed.geo_japan_6m_public_flag/1/3/5/135ea674c9641dbbdc48c9a54cebfbc3781412e7.bin,7
825,136d57493ebb091cca92bf3f52e678c45d23cefb.bin,15,1524,datacopy/UCSB.JP/data_feed.geo_japan_6m_public_flag/1/3/6/136d57493ebb091cca92bf3f52e678c45d23cefb.bin,7
826,19654e88d70ab843b4aa76d06fe292f254720b30.bin,15,1944,datacopy/UCSB.JP/data_feed.geo_japan_6m_public_flag/1/9/6/19654e88d70ab843b4aa76d06fe292f254720b30.bin,7
827,12749595ff41a9a7887fbe261a99b83268064456.bin,15,1944,datacopy/UCSB.JP/data_feed.geo_japan_6m_public_flag/1/2/7/12749595ff41a9a7887fbe261a99b83268064456.bin,7
828,15dc2b99b596320f704c8421d722d38812aa46bc.bin,15,1524,datacopy/UCSB.JP/data_feed.geo_japan_6m_public_flag/1/5/d/15dc2b99b596320f704c8421d722d38812aa46bc.bin,7
829,1fdc3daca08c7a1d9f35b7405651cda0af2867eb.bin,15,1524,datacopy/UCSB.JP/data_feed.geo_japan_6m_public_flag/1/f/d/1fdc3daca08c7a1d9f35b7405651cda0af2867eb.bin,7
830,10bad35e35e9ae7717be85b6abdca4c464ef7a18.bin,15,341,datacopy/UCSB.JP/data_feed.geo_japan_6m_public_flag/1/0/b/10bad35e35e9ae7717be85b6abdca4c464ef7a18.bin,7
831,167a34ecc1494e7b6dd172286fe9f75b1ed32fc2.bin,15,1944,datacopy/UCSB.JP/data_feed.geo_japan_6m_public_flag/1/6/7/167a34ecc1494e7b6dd172286fe9f75b1ed32fc2.bin,7
832,58f71691febca0e42a8e2ca9fdcb4f7410073fa6.bin,15,1944,datacopy/UCSB.JP/data_feed.geo_japan_6m_public_flag/5/8/f/58f71691febca0e42a8e2ca9fdcb4f7410073fa6.bin,7
833,5be2ffa54b2f798667aa68754081cfb4a24f1b72.bin,15,1944,datacopy/UCSB.JP/data_feed.geo_japan_6m_public_flag/5/b/e/5be2ffa54b2f798667aa68754081cfb4a24f1b72.bin,7
834,5b34cdf52817f3fb79ae7a7d18d0c5d9239df045.bin,15,1944,datacopy/UCSB.JP/data_feed.geo_japan_6m_public_flag/5/b/3/5b34cdf52817f3fb79ae7a7d18d0c5d9239df045.bin,7
835,5b91f59b44e448adf4bba7e5ff894b8942bc6704.bin,15,1524,datacopy/UCSB.JP/data_feed.geo_japan_6m_public_flag/5/b/9/5b91f59b44e448adf4bba7e5ff894b8942bc6704.bin,7
836,53f3dab7b84621c3edeee46b2fd4be5db1f88c2a.bin,15,1524,datacopy/UCSB.JP/data_feed.geo_japan_6m_public_flag/5/3/f/53f3dab7b84621c3edeee46b2fd4be5db1f88c2a.bin,7
837,53c547ab73ff6d7d62a455dc793aa42ad10ead25.bin,15,284,datacopy/UCSB.JP/data_feed.geo_japan_6m_public_flag/5/3/c/53c547ab73ff6d7d62a455dc793aa42ad10ead25.bin,7
838,5d20db2eee9b0aab148cc7b0dcde3a6c2d395f86.bin,15,1944,datacopy/UCSB.JP/data_feed.geo_japan_6m_public_flag/5/d/2/5d20db2eee9b0aab148cc7b0dcde3a6c2d395f86.bin,7
839,5d5f66e11784b1f336da9e325f05ea70f06c68e7.bin,15,341,datacopy/UCSB.JP/data_feed.geo_japan_6m_public_flag/5/d/5/5d5f66e11784b1f336da9e325f05ea70f06c68e7.bin,7
840,5187ca9c395457ae4bfb5f28f21b1833c6b5d9db.bin,15,1524,datacopy/UCSB.JP/data_feed.geo_japan_6m_public_flag/5/1/8/5187ca9c395457ae4bfb5f28f21b1833c6b5d9db.bin,7
841,5106a29cc242a9cfe227d0e326f392b14e342721.bin,15,1524,datacopy/UCSB.JP/data_feed.geo_japan_6m_public_flag/5/1/0/5106a29cc242a9cfe227d0e326f392b14e342721.bin,7
842,567bcbeaad2244ff53f6be9d9f1ad60de3c4e261.bin,15,341,datacopy/UCSB.JP/data_feed.geo_japan_6m_public_flag/5/6/7/567bcbeaad2244ff53f6be9d9f1ad60de3c4e261.bin,7
843,567e09b24e7676dc3ac7a94a02955fe39f51e0cd.bin,15,1944,datacopy/UCSB.JP/data_feed.geo_japan_6m_public_flag/5/6/7/567e09b24e7676dc3ac7a94a02955fe39f51e0cd.bin,7
844,f878cfff718448d54a21f0e9b5345316564d3183.bin,15,284,datacopy/UCSB.JP/data_feed.geo_japan_6m_public_flag/f/8/7/f878cfff718448d54a21f0e9b5345316564d3183.bin,7
845,fea5261b51da83716afb4644526c6448a1f1d63e.bin,15,1944,datacopy/UCSB.JP/data_feed.geo_japan_6m_public_flag/f/e/a/fea5261b51da83716afb4644526c6448a1f1d63e.bin,7
846,fe5ee05bfb7497c6e7c840a3d94d9ae5bd738953.bin,15,284,datacopy/UCSB.JP/data_feed.geo_japan_6m_public_flag/f/e/5/fe5ee05bfb7497c6e7c840a3d94d9ae5bd738953.bin,7
847,fe09f01d698110c3a6d48958b5bcc6f9c18e014b.bin,15,1524,datacopy/UCSB.JP/data_feed.geo_japan_6m_public_flag/f/e/0/fe09f01d698110c3a6d48958b5bcc6f9c18e014b.bin,7
848,fe6cf63c5287019e77ba28345962289f213184d7.bin,15,1944,datacopy/UCSB.JP/data_feed.geo_japan_6m_public_flag/f/e/6/fe6cf63c5287019e77ba28345962289f213184d7.bin,7
849,fbe603432747a07558a329a18652d0bf2bfdca1d.bin,15,284,datacopy/UCSB.JP/data_feed.geo_japan_6m_public_flag/f/b/e/fbe603432747a07558a329a18652d0bf2bfdca1d.bin,7
850,fb7b952d30ee020eeea7ae9e606e56d338e72270.bin,15,341,datacopy/UCSB.JP/data_feed.geo_japan_6m_public_flag/f/b/7/fb7b952d30ee020eeea7ae9e606e56d338e72270.bin,7
851,f3c95b9a1f079cac1ec2ae6a8805d14d57653c91.bin,15,1524,datacopy/UCSB.JP/data_feed.geo_japan_6m_public_flag/f/3/c/f3c95b9a1f079cac1ec2ae6a8805d14d57653c91.bin,7
852,f99025aa1dbad78db74e69cc18cb76cc83bf7473.bin,15,1944,datacopy/UCSB.JP/data_feed.geo_japan_6m_public_flag/f/9/9/f99025aa1dbad78db74e69cc18cb76cc83bf7473.bin,7
853,fd215f8c796ffac308adab675e74c8196d8f2dba.bin,15,1944,datacopy/UCSB.JP/data_feed.geo_japan_6m_public_flag/f/d/2/fd215f8c796ffac308adab675e74c8196d8f2dba.bin,7
854,fff20d2d0c74deca06858a4fdb953d36c40ad927.bin,15,1524,datacopy/UCSB.JP/data_feed.geo_japan_6m_public_flag/f/f/f/fff20d2d0c74deca06858a4fdb953d36c40ad927.bin,7
855,fc8084d394e3133e914ad9a026873bd81b22d058.bin,15,1524,datacopy/UCSB.JP/data_feed.geo_japan_6m_public_flag/f/c/8/fc8084d394e3133e914ad9a026873bd81b22d058.bin,7
856,f43bb6b1f11fbb99784188d84040b103ba2cffb7.bin,15,341,datacopy/UCSB.JP/data_feed.geo_japan_6m_public_flag/f/4/3/f43bb6b1f11fbb99784188d84040b103ba2cffb7.bin,7
857,f408a3b06e187e55913c2f30a6dc06f7f35a71f3.bin,15,1524,datacopy/UCSB.JP/data_feed.geo_japan_6m_public_flag/f/4/0/f408a3b06e187e55913c2f30a6dc06f7f35a71f3.bin,7
858,f03623d10b3093c4499cc68f874ea581f11581f8.bin,15,284,datacopy/UCSB.JP/data_feed.geo_japan_6m_public_flag/f/0/3/f03623d10b3093c4499cc68f874ea581f11581f8.bin,7
859,ca770801ce081dc99689dd153309fcc693d9af71.bin,15,1944,datacopy/UCSB.JP/data_feed.geo_japan_6m_public_flag/c/a/7/ca770801ce081dc99689dd153309fcc693d9af71.bin,7
860,cbd91f8ea688e58a06777b6da9fab756cfa97fb0.bin,15,1944,datacopy/UCSB.JP/data_feed.geo_japan_6m_public_flag/c/b/d/cbd91f8ea688e58a06777b6da9fab756cfa97fb0.bin,7
861,c3b98d8a0b6650cf3f66c150053536ca0263dd32.bin,15,1944,datacopy/UCSB.JP/data_feed.geo_japan_6m_public_flag/c/3/b/c3b98d8a0b6650cf3f66c150053536ca0263dd32.bin,7
862,cd1035c4d55062d7435e444db874c6de234beeee.bin,15,1944,datacopy/UCSB.JP/data_feed.geo_japan_6m_public_flag/c/d/1/cd1035c4d55062d7435e444db874c6de234beeee.bin,7
863,cd73fbcb2e82415f95ab235d9207daa8d809c6f3.bin,15,1524,datacopy/UCSB.JP/data_feed.geo_japan_6m_public_flag/c/d/7/cd73fbcb2e82415f95ab235d9207daa8d809c6f3.bin,7
864,c585917aa9d1082661cd5c5cc831a6f4f7552d41.bin,15,1944,datacopy/UCSB.JP/data_feed.geo_japan_6m_public_flag/c/5/8/c585917aa9d1082661cd5c5cc831a6f4f7552d41.bin,7
865,c5c136cf025c319076f4a15b1758041535bc153a.bin,15,1944,datacopy/UCSB.JP/data_feed.geo_japan_6m_public_flag/c/5/c/c5c136cf025c319076f4a15b1758041535bc153a.bin,7
866,c0ef81fda8214ec915200defdebf173d8a9f403c.bin,15,1944,datacopy/UCSB.JP/data_feed.geo_japan_6m_public_flag/c/0/e/c0ef81fda8214ec915200defdebf173d8a9f403c.bin,7
867,4af34b677038770bc1270581668f6bf7033e39b0.bin,15,1944,datacopy/UCSB.JP/data_feed.geo_japan_6m_public_flag/4/a/f/4af34b677038770bc1270581668f6bf7033e39b0.bin,7
868,4e3b0cdf5b0e8127828506d84455c33ae9dbbd32.bin,15,1944,datacopy/UCSB.JP/data_feed.geo_japan_6m_public_flag/4/e/3/4e3b0cdf5b0e8127828506d84455c33ae9dbbd32.bin,7
869,496044b994f81e80dd97a3e03771bdeb60ce6216.bin,15,1944,datacopy/UCSB.JP/data_feed.geo_japan_6m_public_flag/4/9/6/496044b994f81e80dd97a3e03771bdeb60ce6216.bin,7
870,42e8c8e911fb2b5d8da26065fbfe3ccce73576b5.bin,15,1944,datacopy/UCSB.JP/data_feed.geo_japan_6m_public_flag/4/2/e/42e8c8e911fb2b5d8da26065fbfe3ccce73576b5.bin,7
871,4dbe226225dc978546c0603af1819c741abf1752.bin,15,1944,datacopy/UCSB.JP/data_feed.geo_japan_6m_public_flag/4/d/b/4dbe226225dc978546c0603af1819c741abf1752.bin,7
872,4d4af8c84f120d8f3c54858008925b667579c1b6.bin,15,1944,datacopy/UCSB.JP/data_feed.geo_japan_6m_public_flag/4/d/4/4d4af8c84f120d8f3c54858008925b667579c1b6.bin,7
873,4c4204a1c9bcbe1635949df3c6808b28cc15a1c0.bin,15,1524,datacopy/UCSB.JP/data_feed.geo_japan_6m_public_flag/4/c/4/4c4204a1c9bcbe1635949df3c6808b28cc15a1c0.bin,7
874,46d14b0bc3fd759a5e0459f3852d414084407fed.bin,15,1944,datacopy/UCSB.JP/data_feed.geo_japan_6m_public_flag/4/6/d/46d14b0bc3fd759a5e0459f3852d414084407fed.bin,7
875,0ebe261fb64d5fadf56cd1a08aeb32d7dc5b757c.bin,15,1944,datacopy/UCSB.JP/data_feed.geo_japan_6m_public_flag/0/e/b/0ebe261fb64d5fadf56cd1a08aeb32d7dc5b757c.bin,7
876,030d90f756e41d1ed69c83687d3b7ebb95a64685.bin,15,1944,datacopy/UCSB.JP/data_feed.geo_japan_6m_public_flag/0/3/0/030d90f756e41d1ed69c83687d3b7ebb95a64685.bin,7
877,02a13fe2b991cbc403a0b084cf00aebab6edf746.bin,15,1524,datacopy/UCSB.JP/data_feed.geo_japan_6m_public_flag/0/2/a/02a13fe2b991cbc403a0b084cf00aebab6edf746.bin,7
878,025717002cfa0f10ed95ea5c0468776875ac4d36.bin,15,1524,datacopy/UCSB.JP/data_feed.geo_japan_6m_public_flag/0/2/5/025717002cfa0f10ed95ea5c0468776875ac4d36.bin,7
879,0d53591b87c0d1eb82b0ec5d6f259e1ee5ad6087.bin,15,1944,datacopy/UCSB.JP/data_feed.geo_japan_6m_public_flag/0/d/5/0d53591b87c0d1eb82b0ec5d6f259e1ee5ad6087.bin,7
880,0d07f0e4779a6965cbf1f63534acaf6adfddf26a.bin,15,1944,datacopy/UCSB.JP/data_feed.geo_japan_6m_public_flag/0/d/0/0d07f0e4779a6965cbf1f63534acaf6adfddf26a.bin,7
881,0f1c63cf27b9e5c8a78542a4ee1263ddef84ef64.bin,15,1524,datacopy/UCSB.JP/data_feed.geo_japan_6m_public_flag/0/f/1/0f1c63cf27b9e5c8a78542a4ee1263ddef84ef64.bin,7
882,0cb931e4c932c77f1b5cbe006796397a9699155c.bin,15,1944,datacopy/UCSB.JP/data_feed.geo_japan_6m_public_flag/0/c/b/0cb931e4c932c77f1b5cbe006796397a9699155c.bin,7
883,00a05668f4a75d9437eb24ed275fabcc50213bf5.bin,15,1524,datacopy/UCSB.JP/data_feed.geo_japan_6m_public_flag/0/0/a/00a05668f4a75d9437eb24ed275fabcc50213bf5.bin,7
884,009cad21a772dd400ecede6717b65d322eca0aa7.bin,15,1944,datacopy/UCSB.JP/data_feed.geo_japan_6m_public_flag/0/0/9/009cad21a772dd400ecede6717b65d322eca0aa7.bin,7
885,6a3ae861bde249d48db592459cf9173cf80f2b74.bin,15,1944,datacopy/UCSB.JP/data_feed.geo_japan_6m_public_flag/6/a/3/6a3ae861bde249d48db592459cf9173cf80f2b74.bin,7
886,6e1256529e76a41f44ada484aa2bc5fcfd0266e1.bin,15,1524,datacopy/UCSB.JP/data_feed.geo_japan_6m_public_flag/6/e/1/6e1256529e76a41f44ada484aa2bc5fcfd0266e1.bin,7
887,6368e289f4a075548fa5a7ab3991c346fa76ba96.bin,15,1944,datacopy/UCSB.JP/data_feed.geo_japan_6m_public_flag/6/3/6/6368e289f4a075548fa5a7ab3991c346fa76ba96.bin,7
888,69bcec0f8d9afd7d998379a56fb0d4f398c30a35.bin,15,1944,datacopy/UCSB.JP/data_feed.geo_japan_6m_public_flag/6/9/b/69bcec0f8d9afd7d998379a56fb0d4f398c30a35.bin,7
889,695b8d8caf3e4884f84be9b574719186d364d8ef.bin,15,1944,datacopy/UCSB.JP/data_feed.geo_japan_6m_public_flag/6/9/5/695b8d8caf3e4884f84be9b574719186d364d8ef.bin,7
890,65d525277625fbd92bdadac9137b8d490523d436.bin,15,1524,datacopy/UCSB.JP/data_feed.geo_japan_6m_public_flag/6/5/d/65d525277625fbd92bdadac9137b8d490523d436.bin,7
891,6fc05c1cc68218b6a4986c939162429ef84bf60b.bin,15,1524,datacopy/UCSB.JP/data_feed.geo_japan_6m_public_flag/6/f/c/6fc05c1cc68218b6a4986c939162429ef84bf60b.bin,7
892,6caaedc6718300d90ef67359ff3e9bad732bc2a4.bin,15,1524,datacopy/UCSB.JP/data_feed.geo_japan_6m_public_flag/6/c/a/6caaedc6718300d90ef67359ff3e9bad732bc2a4.bin,7
893,6cdcf9c506fd253c52a5173f5b1f3c3a2c932dbc.bin,15,1524,datacopy/UCSB.JP/data_feed.geo_japan_6m_public_flag/6/c/d/6cdcf9c506fd253c52a5173f5b1f3c3a2c932dbc.bin,7
894,6cc219fe59d2886a7568ebfc3f3d96d4bf9b9e1f.bin,15,1524,datacopy/UCSB.JP/data_feed.geo_japan_6m_public_flag/6/c/c/6cc219fe59d2886a7568ebfc3f3d96d4bf9b9e1f.bin,7
895,64ccb52ed4be7e0f2eb3ef1ed4f77e78affe9e7c.bin,15,1944,datacopy/UCSB.JP/data_feed.geo_japan_6m_public_flag/6/4/c/64ccb52ed4be7e0f2eb3ef1ed4f77e78affe9e7c.bin,7
896,60bf46a041272bcc0597661aa6528592c47e77e0.bin,15,1524,datacopy/UCSB.JP/data_feed.geo_japan_6m_public_flag/6/0/b/60bf46a041272bcc0597661aa6528592c47e77e0.bin,7
897,66a395cf53dc1e650b247a096206f4f1cc900d07.bin,15,1944,datacopy/UCSB.JP/data_feed.geo_japan_6m_public_flag/6/6/a/66a395cf53dc1e650b247a096206f4f1cc900d07.bin,7
898,67b493be8b1982b2e3fc3faf02d53ff0e04a2070.bin,15,1944,datacopy/UCSB.JP/data_feed.geo_japan_6m_public_flag/6/7/b/67b493be8b1982b2e3fc3faf02d53ff0e04a2070.bin,7
899,78b6a2fe66e544a4074a266ec6ba7822a469ac3a.bin,15,1524,datacopy/UCSB.JP/data_feed.geo_japan_6m_public_flag/7/8/b/78b6a2fe66e544a4074a266ec6ba7822a469ac3a.bin,7
900,7e10631db2f95049f746d369024afa0bed8f4904.bin,15,1524,datacopy/UCSB.JP/data_feed.geo_japan_6m_public_flag/7/e/1/7e10631db2f95049f746d369024afa0bed8f4904.bin,7
901,79829256936ea3abda84227a9319ffdb7b4e061e.bin,15,1524,datacopy/UCSB.JP/data_feed.geo_japan_6m_public_flag/7/9/8/79829256936ea3abda84227a9319ffdb7b4e061e.bin,7
902,72bbf858baf0a2075ebe8ac414302598a24c2f2c.bin,15,1524,datacopy/UCSB.JP/data_feed.geo_japan_6m_public_flag/7/2/b/72bbf858baf0a2075ebe8ac414302598a24c2f2c.bin,7
903,7fc48b7eb1218523368dcc955c9cb7e1bd329444.bin,15,1944,datacopy/UCSB.JP/data_feed.geo_japan_6m_public_flag/7/f/c/7fc48b7eb1218523368dcc955c9cb7e1bd329444.bin,7
904,7f7b015e7d22e1c210a0651774cd723e030a384a.bin,15,1524,datacopy/UCSB.JP/data_feed.geo_japan_6m_public_flag/7/f/7/7f7b015e7d22e1c210a0651774cd723e030a384a.bin,7
905,7cf2b5abfcc09bd5d17b5624819af9c768ebb263.bin,15,1944,datacopy/UCSB.JP/data_feed.geo_japan_6m_public_flag/7/c/f/7cf2b5abfcc09bd5d17b5624819af9c768ebb263.bin,7
906,8b7fccb6301e9bb4ddb1f66b0d79daeb247727d2.bin,16,203,datacopy/UCSB.JP/data_feed.geo_japan_6m_public_flag/8/b/7/8b7fccb6301e9bb4ddb1f66b0d79daeb247727d2.bin,61
907,bcc3bea376722ca4b9c48a95ec7e3d4be64285de.bin,16,3,datacopy/UCSB.JP/data_feed.geo_japan_6m_public_flag/b/c/c/bcc3bea376722ca4b9c48a95ec7e3d4be64285de.bin,61
908,b4a56f57a0a273ff0e311abe0719276d1389131c.bin,16,3,datacopy/UCSB.JP/data_feed.geo_japan_6m_public_flag/b/4/a/b4a56f57a0a273ff0e311abe0719276d1389131c.bin,61
909,58a0308265207c49ce0e7b2707dffcccae0107c6.bin,16,1815,datacopy/UCSB.JP/data_feed.geo_japan_6m_public_flag/5/8/a/58a0308265207c49ce0e7b2707dffcccae0107c6.bin,61
910,43af8572aac24f14f051e99496a91892e08c71e3.bin,16,3,datacopy/UCSB.JP/data_feed.geo_japan_6m_public_flag/4/3/a/43af8572aac24f14f051e99496a91892e08c71e3.bin,61
911,640713140638dfb5d9d67f1ff965ef41d9039ffa.bin,16,3,datacopy/UCSB.JP/data_feed.geo_japan_6m_public_flag/6/4/0/640713140638dfb5d9d67f1ff965ef41d9039ffa.bin,61
912,2c96f88b284180405508dc3dbdc316b8de754bcd.bin,16,1485,datacopy/UCSB/2c96f88b284180405508dc3dbdc316b8de754bcd.bin,61
913,797fe3cf2ebde3bd9520dae81c688a70eea00464.bin,16,3,datacopy/UCSB/797fe3cf2ebde3bd9520dae81c688a70eea00464.bin,61
914,101649e62d356e084ca2a76b2c5e3b9a002682d0.bin,16,720,datacopy/UCSB/101649e62d356e084ca2a76b2c5e3b9a002682d0.bin,61
915,873b4a28e0720175f4c1b21c142bfaf5c3a7a81c.bin,16,1018,datacopy/UCSB/873b4a28e0720175f4c1b21c142bfaf5c3a7a81c.bin,61
916,f52e06e1c70c8b44d47b334a661d2e00f89dbee9.bin,16,1663,datacopy/UCSB/f52e06e1c70c8b44d47b334a661d2e00f89dbee9.bin,61
917,b2509cdc11d0cec9f0b3d1ab55cff4bedbbf06d6.bin,16,1624,datacopy/UCSB/b2509cdc11d0cec9f0b3d1ab55cff4bedbbf06d6.bin,61
918,f73d0870142b55ef4107c7ab0727d1ec61f14278.bin,16,3,datacopy/UCSB/f73d0870142b55ef4107c7ab0727d1ec61f14278.bin,61
919,c0cf04c71df52ae375fb8432c75eb71910403ebf.bin,16,3,datacopy/UCSB/c0cf04c71df52ae375fb8432c75eb71910403ebf.bin,61
920,4ab182b0cbe6fe509735cc7d6178bf80bcaa038a.bin,16,13,datacopy/UCSB/4ab182b0cbe6fe509735cc7d6178bf80bcaa038a.bin,61
921,e220c9f27086a68be347d1fbf8dda7be7e3641f9.bin,16,13,datacopy/UCSB/e220c9f27086a68be347d1fbf8dda7be7e3641f9.bin,61
922,d4efcf681579ec5c4b167c66393f7853be22517c.bin,16,13,datacopy/UCSB/d4efcf681579ec5c4b167c66393f7853be22517c.bin,61
923,3cf4bec745b95e5f2c71223e3748c3f55f085810.bin,16,1365,datacopy/UCSB/3cf4bec745b95e5f2c71223e3748c3f55f085810.bin,61
924,e856ed72f122b797714b705383c8707f7bad1ee9.bin,16,1837,datacopy/UCSB/e856ed72f122b797714b705383c8707f7bad1ee9.bin,61
925,7a27ea14f23ce86cdad1b386ae1b1c7a321dddf0.bin,16,1937,datacopy/UCSB/7a27ea14f23ce86cdad1b386ae1b1c7a321dddf0.bin,61
926,lnfkalgaerkeg.exe,16,3,datacopy/BB/Files/2018-03-27/lnfkalgaerkeg.exe,61
927,Curriculum_Vitae_Marcela.exe,16,3,datacopy/BB/Files/2017-12-19/Curriculum_Vitae_Marcela.exe,61
928,wcntiqav.exe,16,2,datacopy/BB/Files/2017-09-06/wcntiqav.exe,61
929,Doc647587636473746388.exe,16,3,datacopy/BB/Files/2018-03-22/Doc647587636473746388.exe,61
930,GphEwKrdO.exe,16,3,datacopy/BB/Files/2018-03-22/QUINTA0187362/GphEwKrdO.exe,61
931,29092017-3652875633.exe,16,30,datacopy/BB/Files/2017-09-29/29092017-3652875633.exe,61
932,faturamento.php.exe,16,3,datacopy/BB/Files/2018-01-26/faturamento.php.exe,61
933,CURRRICUL2018D1kJNVI7paEwDVM.exe,16,3,datacopy/BB/Files/2018-03-09/CURRRICUL2018D1kJNVI7paEwDVM/CURRRICUL2018D1kJNVI7paEwDVM.exe,61
934,CURRRICULy5MfZw7f3N.exe,16,3,datacopy/BB/Files/2018-03-09/CURRRICULy5MfZw7f3N/CURRRICULy5MfZw7f3N.exe,61
935,Arquivo_solicitado2013566.exe,16,3,datacopy/BB/Files/2018-01-25/Arquivo_solicitado2013566.exe,61
936,NIS-NF_ONLINE.exe,16,2,datacopy/BB/Files/2017-12-13/NIS-NF_ONLINE.exe,61
937,Nota_Fiscal_Online.exe,16,3,datacopy/BB/Files/2017-12-12/Nota_Fiscal_Online.exe,61
938,2via649785345603265909847-0.exe,16,3,datacopy/BB/Files/2017-12-12/2via649785345603265909847-0.exe,61
939,98985646797646796496.exe,16,2,datacopy/BB/Files/2017-10-05/98985646797646796496.exe,61
940,3301664nfsef55979517846240.exe,16,3,datacopy/BB/Files/2018-02-05/3301664nfsef55979517846240.exe,61
941,nfsecm3301664&nf55979&codTKLY.exe,16,3,datacopy/BB/Files/2018-02-05/nfsecm3301664&nf55979&codTKLY.exe,61
942,visualizar_bole.exe,16,3,datacopy/BB/Files/2017-09-05/Visualizar-Bole/visualizar_bole.exe,61
943,10025467941400056487.exe,16,3,datacopy/BB/Files/2017-09-18/10025467941400056487.exe,61
944,98653321478235422.exe,16,2,datacopy/BB/Files/2017-09-28/98653321478235422.exe,61
945,Fat-BMfxCN32.exe,16,3,datacopy/BB/Files/2017-09-12/Fat-BMfxCN32.exe,61
946,Atualizado.boleto20092017.exe_raw_true.exe,16,3,datacopy/BB/Files/2017-09-20/Atualizado.boleto20092017.exe_raw_true.exe,61
947,2.viaBoletoNr0456321789.exe,16,3,datacopy/BB/Files/2017-09-20/2.viaBoletoNr0456321789.exe,61
948,339893392.exe,16,424,datacopy/BB/Files/2017-09-11/339893392.exe,61
949,NF472334034532.exe,16,2,datacopy/BB/Files/2017-12-26/NF472334034532.exe,61
950,lvIs.exe,16,3,datacopy/BB/Files/2017-07-06/lvIs.exe,61
951,0099898787671923.exe,16,124,datacopy/BB/Files/2017-12-20/0099898787671923.exe,61
952,Fatura_Pendente-VIVO-EFDC82C.exe,16,3,datacopy/BB/Files/2017-12-20/Fatura_Pendente-VIVO-EFDC82C.exe,61
953,RECEITA-FEDERAL-2017-.exe,16,2,datacopy/BB/Files/2018-03-01/RECEITA-FEDERAL-2017-.exe,61
954,Ordemlp2xx20dpLs.exe,16,3,datacopy/BB/Files/2018-03-01/Ordemlp2xx20dpLs.exe,61
955,IMG20180225WA0018.JPG.exe,16,3,datacopy/BB/Files/2018-01-19/IMG20180225WA0018.JPG.exe,61
956,092384TR2L23RT36ET33.EXE,16,3,datacopy/BB/Files/2017-10-16/092384TR2L23RT36ET33.EXE,61
957,sVjfANHP5kVe8n.exe,16,3,datacopy/BB/Files/2018-03-26/SEXTA00272636/sVjfANHP5kVe8n.exe,61
958,Nfe237920282960007.exe,16,3,datacopy/BB/Files/2018-02-27/Nfe237920282960007.exe,61
959,1082315051BR.exe,16,3,datacopy/BB/Files/2018-02-27/1082315051BR.exe,61
960,Atualizado_boleto_25824511.exe_raw_true.exe,16,124,datacopy/BB/Files/2017-09-22/Atualizado_boleto_25824511.exe_raw_true.exe,61
961,NF-BR4398=MIEUWH433434.exe,16,3,datacopy/BB/Files/2017-09-22/NF-BR4398=MIEUWH433434.exe,61
962,leto_135156110321.exe_raw_true.exe,16,124,datacopy/BB/Files/2017-09-22/leto_135156110321.exe_raw_true.exe,61
963,CurriculoFabiane2018.pdf.exe,16,30,datacopy/BB/Files/2018-03-21/CurriculoFabiane2018.pdf.exe,61
964,NIF-NotaFiscalOnline.exe,16,3,datacopy/BB/Files/2017-12-11/NIF-NotaFiscalOnline.exe,61
965,6565658845558554585455548555.exe,16,3,datacopy/BB/Files/2017-12-11/6565658845558554585455548555.exe,61
966,arquivo.php.exe,16,70,datacopy/BB/Files/2017-08-17/arquivo.php.exe,61
967,DESATIVADOR__PLUS000000091520079811.exe,16,219,datacopy/BB/Files/2017-07-04/DESATIVADOR__PLUS000000091520079811.exe,61
968,vaifilho.php.exe,16,3,datacopy/BB/Files/2018-01-18/vaifilho.php.exe,61
969,lpk.exe,16,3,datacopy/BB/Files/2017-07-10/lpk.exe,61
970,RF-Boleto01.exe,16,3,datacopy/BB/Files/2018-01-30/RF-Boleto01.exe,61
971,RF-Boleto03.exe,16,3,datacopy/BB/Files/2018-01-30/RF-Boleto03.exe,61
972,_NFe-REF1BRATC21B8E4AT1O7N.exe,16,3,datacopy/BB/Files/2017-12-27/_NFe-REF1BRATC21B8E4AT1O7N.exe,61
973,DER-Detalhamento_de_Multas_pdf.exe,16,159,datacopy/BB/Files/2018-02-09/DER-Detalhamento_de_Multas_pdf.exe,61
974,003364002536785.exe,16,3,datacopy/BB/Files/2018-04-03/003364002536785.exe,61
975,SPC20180327.exe,16,3,datacopy/BB/Files/2018-03-29/SPC20180327.exe,61
976,2zQVkDp.exe,16,3,datacopy/BB/Files/2017-12-06/2zQVkDp.exe,61
977,42696881000177Documentofi.exe,16,3,datacopy/BB/Files/2018-02-21/42696881000177Documentofi.exe,61
978,NF-FATURAMENTO.exe,16,3,datacopy/BB/Files/2017-12-18/NF-FATURAMENTO.exe,61
979,Extrato-Detalhado-Nr2011203479.exe,16,3,datacopy/BB/Files/2017-12-18/Extrato-Detalhado-Nr2011203479.exe,61
980,BOLETO-VENCIDA.exe,16,2,datacopy/BB/Files/2018-02-22/BOLETO-VENCIDA.exe,61
981,NF4729304940932.exe,16,2,datacopy/BB/Files/2017-12-22/NF4729304940932.exe,61
982,YnsExtrato%Debitos.exe,16,13,datacopy/BB/Files/2018-02-26/YnsExtrato%Debitos.exe,61
983,DownloadExtratoDВbitos.exe,16,13,datacopy/BB/Files/2018-02-26/DownloadExtratoDВbitos.exe,61
984,e5a2a7d411cd7f90c5b7987b3f6290bbdf4d54e7d48a7aa8ae6ada618c89857b,16,3,datacopy/Stefano/e5a2a7d411cd7f90c5b7987b3f6290bbdf4d54e7d48a7aa8ae6ada618c89857b,61
985,eafbe1a0b9b80ecb7b322ac42ec53ad12da3eb7ec115fc16b58b8adc128f6f2d,16,360,datacopy/Stefano/eafbe1a0b9b80ecb7b322ac42ec53ad12da3eb7ec115fc16b58b8adc128f6f2d,61
986,a091a3dcb196b0ef94d502c2ebb92e4c11c53386128ea381eadbabb1db577a08,16,3,datacopy/Stefano/a091a3dcb196b0ef94d502c2ebb92e4c11c53386128ea381eadbabb1db577a08,61
987,25ce34aa2852ed55ae6e9919fb4f882e5c530b89d00871d2ed64f153e99389ed,16,3,datacopy/Stefano/25ce34aa2852ed55ae6e9919fb4f882e5c530b89d00871d2ed64f153e99389ed,61
988,f11fb0cba37d75ef592cf42f5f2b015b533e9f81a15cf40ba327d0951a714dee,16,3,datacopy/Stefano/f11fb0cba37d75ef592cf42f5f2b015b533e9f81a15cf40ba327d0951a714dee,61
989,df04312bf1fc18749e45a5e423b004d1da58447a3d85f8e67aeada055a96fe32,16,3,datacopy/Stefano/df04312bf1fc18749e45a5e423b004d1da58447a3d85f8e67aeada055a96fe32,61
990,82b397ecfb78454deb483ba9f5a1a0572d0102d4.bin,19,1161,datacopy/UCSB.JP/data_feed.geo_japan_6m_public_flag/8/2/b/82b397ecfb78454deb483ba9f5a1a0572d0102d4.bin,12
991,a069ecca28f44210061967818b16b15df1684ae3.bin,19,1161,datacopy/UCSB.JP/data_feed.geo_japan_6m_public_flag/a/0/6/a069ecca28f44210061967818b16b15df1684ae3.bin,12
992,3f1625f19e55ee0091001a4fccbe65a58b25a02b.bin,19,1161,datacopy/UCSB.JP/data_feed.geo_japan_6m_public_flag/3/f/1/3f1625f19e55ee0091001a4fccbe65a58b25a02b.bin,12
993,9438564ed820e4c1ae4ce879d08605f70b2bca88.bin,19,1161,datacopy/UCSB.JP/data_feed.geo_japan_6m_public_flag/9/4/3/9438564ed820e4c1ae4ce879d08605f70b2bca88.bin,12
994,2e42b0cc51cdc822479a8be16ca761e8eac47e0b.bin,19,1161,datacopy/UCSB.JP/data_feed.geo_japan_6m_public_flag/2/e/4/2e42b0cc51cdc822479a8be16ca761e8eac47e0b.bin,12
995,12feb7bc82d51056735de4092f539dd4d083e06f.bin,19,1161,datacopy/UCSB.JP/data_feed.geo_japan_6m_public_flag/1/2/f/12feb7bc82d51056735de4092f539dd4d083e06f.bin,12
996,1d9655b523ed63314a4918d7dff75d4d1e0ec696.bin,19,1161,datacopy/UCSB.JP/data_feed.geo_japan_6m_public_flag/1/d/9/1d9655b523ed63314a4918d7dff75d4d1e0ec696.bin,12
997,f589f31fe1c54f9da1e296ac32c1fea3cbf0a2d4.bin,19,1161,datacopy/UCSB.JP/data_feed.geo_japan_6m_public_flag/f/5/8/f589f31fe1c54f9da1e296ac32c1fea3cbf0a2d4.bin,12
998,c38bb87d76ce34e7213f4b5ef761d4acf936e058.bin,19,1161,datacopy/UCSB.JP/data_feed.geo_japan_6m_public_flag/c/3/8/c38bb87d76ce34e7213f4b5ef761d4acf936e058.bin,12
999,0853a310e0d6eadabb210fb2f5201c3cb66bd674.bin,19,1161,datacopy/UCSB.JP/data_feed.geo_japan_6m_public_flag/0/8/5/0853a310e0d6eadabb210fb2f5201c3cb66bd674.bin,12
1000,0a59a96d5ba0de6c6c2fa73a17a00be0fc7e2a00.bin,19,1161,datacopy/UCSB.JP/data_feed.geo_japan_6m_public_flag/0/a/5/0a59a96d5ba0de6c6c2fa73a17a00be0fc7e2a00.bin,12
1001,0b8b63c38139a1c446c75a53914fc73ee92b9f46.bin,19,1161,datacopy/UCSB.JP/data_feed.geo_japan_6m_public_flag/0/b/8/0b8b63c38139a1c446c75a53914fc73ee92b9f46.bin,12
1002,6a6c9d9967a0380a06f88597d70d60c181d7ad64.bin,19,1161,datacopy/UCSB.JP/data_feed.geo_japan_6m_public_flag/6/a/6/6a6c9d9967a0380a06f88597d70d60c181d7ad64.bin,12
1003,70357d03767fd3d9ca25111757d0e6332e8ffd8e.bin,19,1161,datacopy/UCSB.JP/data_feed.geo_japan_6m_public_flag/7/0/3/70357d03767fd3d9ca25111757d0e6332e8ffd8e.bin,12
1004,2c6a7c4c2a93f82b8ae5dc700fd7eccad9e5d3f6.bin,19,1161,datacopy/UCSB/2c6a7c4c2a93f82b8ae5dc700fd7eccad9e5d3f6.bin,12
1005,7f501eafd82d2e315edf62ecae58dbd9d8110c7d.bin,19,1161,datacopy/UCSB/7f501eafd82d2e315edf62ecae58dbd9d8110c7d.bin,12
1006,1a3c8c683b05a55a418138ba3f22f7fa4b8345c2.bin,19,1161,datacopy/UCSB/1a3c8c683b05a55a418138ba3f22f7fa4b8345c2.bin,12
1007,1a8668ad15520112ec6d2b2ded03a2c9e78d13fb.bin,19,1161,datacopy/UCSB/1a8668ad15520112ec6d2b2ded03a2c9e78d13fb.bin,12
1008,33b42666b383744753b48f63f853e9b876ff10d6.bin,19,1161,datacopy/UCSB/33b42666b383744753b48f63f853e9b876ff10d6.bin,12
1009,1ae1eec8faec50aeebaaa37539e8fcc74923ff3f.bin,19,1161,datacopy/UCSB/1ae1eec8faec50aeebaaa37539e8fcc74923ff3f.bin,12
1010,6693e7e86c6619f147c38a399504aa9cfbd45195.bin,19,1161,datacopy/UCSB/6693e7e86c6619f147c38a399504aa9cfbd45195.bin,12
1011,a97a9bf2d2316bbc80eeaa3717d3eaf8c02a190f.bin,19,1161,datacopy/UCSB/a97a9bf2d2316bbc80eeaa3717d3eaf8c02a190f.bin,12
1012,cd3864db7715080a6013c36d3c220250146c5783.bin,19,1161,datacopy/UCSB/cd3864db7715080a6013c36d3c220250146c5783.bin,12
1013,0281e8eca5a85a905f567e20198db903486e7fd5.bin,19,1161,datacopy/UCSB/0281e8eca5a85a905f567e20198db903486e7fd5.bin,12
1014,33ddcd54f66b7fa5b55add306f326a458d6c90bf.bin,19,1161,datacopy/UCSB/33ddcd54f66b7fa5b55add306f326a458d6c90bf.bin,12
1015,0b66edfc5624ebf0e85f98a59cd3d2ef00ec4574.bin,19,1161,datacopy/UCSB/0b66edfc5624ebf0e85f98a59cd3d2ef00ec4574.bin,12
1016,8159d78403cb0cca38e34410466cfa4b972ad6d1.bin,19,1161,datacopy/UCSB/8159d78403cb0cca38e34410466cfa4b972ad6d1.bin,12
1017,9a263e082e47291f92f7ee335e94dd1f878e3c88.bin,19,1161,datacopy/UCSB/9a263e082e47291f92f7ee335e94dd1f878e3c88.bin,12
1018,e2cbd66b1611d94a71700c56f65a6107bbac22bb.bin,19,1161,datacopy/UCSB/e2cbd66b1611d94a71700c56f65a6107bbac22bb.bin,12
1019,23e42bf08b9bc233e403b9fc3a116ebc045e2964.bin,19,1161,datacopy/UCSB/23e42bf08b9bc233e403b9fc3a116ebc045e2964.bin,12
1020,7f0d6eb696104f0fa99ecd0e356b8bbabad48c2a.bin,19,1161,datacopy/UCSB/7f0d6eb696104f0fa99ecd0e356b8bbabad48c2a.bin,12
1021,aff4e4b4667c0ea2b39373be4f7d9500e3374ddd.bin,19,1161,datacopy/UCSB/aff4e4b4667c0ea2b39373be4f7d9500e3374ddd.bin,12
1022,4f2d26ead32f3155f03e665ee553e7af245e4c53.bin,19,1161,datacopy/UCSB/4f2d26ead32f3155f03e665ee553e7af245e4c53.bin,12
1023,409ed5517470a0262f0c3b33a498344f84243a70.bin,19,1161,datacopy/UCSB/409ed5517470a0262f0c3b33a498344f84243a70.bin,12
1024,3b70b6275b65c3be65d80e1bfa55bb20ede748eb.bin,19,1161,datacopy/UCSB/3b70b6275b65c3be65d80e1bfa55bb20ede748eb.bin,12
1025,b1cb0778192762183de6b38f2f0e26e31f6e38e6.bin,19,1161,datacopy/UCSB/b1cb0778192762183de6b38f2f0e26e31f6e38e6.bin,12
1026,d2eba81f5e4c92f1dd80b016e675f45e20373b40.bin,19,1161,datacopy/UCSB/d2eba81f5e4c92f1dd80b016e675f45e20373b40.bin,12
1027,7d2d0fc7592afd342bef74af08fc31d61a958b45.bin,19,1816,datacopy/UCSB/7d2d0fc7592afd342bef74af08fc31d61a958b45.bin,12
1028,4fa44b6bbd7645da631dd858b2fa9a172376345f.bin,19,1161,datacopy/UCSB/4fa44b6bbd7645da631dd858b2fa9a172376345f.bin,12
1029,52d6befa568897865002084c77d8234a1135f655.bin,19,1161,datacopy/UCSB/52d6befa568897865002084c77d8234a1135f655.bin,12
1030,86128504f199d25961921edda057a872c5aa9a56.bin,19,1161,datacopy/UCSB/86128504f199d25961921edda057a872c5aa9a56.bin,12
1031,164234f98ff24571c5dc383a94e278d3474010da.bin,19,1161,datacopy/UCSB/164234f98ff24571c5dc383a94e278d3474010da.bin,12
1032,1216b6cb9da6bcb9ce06adc0134c18bd35f917e6.bin,19,1161,datacopy/UCSB/1216b6cb9da6bcb9ce06adc0134c18bd35f917e6.bin,12
1033,7b8b835a5c4a219f7c8e70122cc500548b8a1f45.bin,19,1161,datacopy/UCSB/7b8b835a5c4a219f7c8e70122cc500548b8a1f45.bin,12
1034,c00a997ac8a0c47694072e22dbcebe3a96f7d601.bin,19,1161,datacopy/UCSB/c00a997ac8a0c47694072e22dbcebe3a96f7d601.bin,12
1035,261b34f495cd476f7fe1498060cc4f558353b41a.bin,19,1161,datacopy/UCSB/261b34f495cd476f7fe1498060cc4f558353b41a.bin,12
1036,e36b57980ccfad20bd99c5f7c11b6b62b649004a.bin,19,1161,datacopy/UCSB/e36b57980ccfad20bd99c5f7c11b6b62b649004a.bin,12
1037,9cabb6a909a9792934c753a3b56592858d03a49e.bin,19,1161,datacopy/UCSB/9cabb6a909a9792934c753a3b56592858d03a49e.bin,12
1038,5e39dc311132c8ed71dd65fcbc8e929f837ae747.bin,19,1161,datacopy/UCSB/5e39dc311132c8ed71dd65fcbc8e929f837ae747.bin,12
1039,00b4c2ae2606b9547595f17468ed772097348d32.bin,19,1161,datacopy/UCSB/00b4c2ae2606b9547595f17468ed772097348d32.bin,12
1040,5fb7c9bfe5ebef281cb4806576acbca1631fc451.bin,19,1161,datacopy/UCSB/5fb7c9bfe5ebef281cb4806576acbca1631fc451.bin,12
1041,d0205ba16b0252f0c3829c7c4c8585cfeb971c02.bin,19,1161,datacopy/UCSB/d0205ba16b0252f0c3829c7c4c8585cfeb971c02.bin,12
1042,c6925a60eecbb1148235ace459a1d24b3e2a0dc1.bin,19,1161,datacopy/UCSB/c6925a60eecbb1148235ace459a1d24b3e2a0dc1.bin,12
1043,d7fbbecbf23ae619d1aebaa6adf2bcd997dc69c8.bin,19,1161,datacopy/UCSB/d7fbbecbf23ae619d1aebaa6adf2bcd997dc69c8.bin,12
1044,70a1f52ba5f8fb0c7921cb85532c8edbe2555c28.bin,19,1161,datacopy/UCSB/70a1f52ba5f8fb0c7921cb85532c8edbe2555c28.bin,12
1045,dd6f1a8db5dace149f528dbaa0eb38b831468b2f.bin,19,1161,datacopy/UCSB/dd6f1a8db5dace149f528dbaa0eb38b831468b2f.bin,12
1046,10ed3975ded0fd490e7523bdd41a12b1b6ae8807b6136441cf6f8b9557b44c97,19,1161,datacopy/Stefano/10ed3975ded0fd490e7523bdd41a12b1b6ae8807b6136441cf6f8b9557b44c97,12
1047,e7082b786ec20c26ba891dc86c7a8a94520526c7528023ae928fb80f1b5d7db8,19,1161,datacopy/Stefano/e7082b786ec20c26ba891dc86c7a8a94520526c7528023ae928fb80f1b5d7db8,12
1048,b474de435d6e4af2d9177005b0e24693e9f933203c2518aee4aa36b202be562a,19,1161,datacopy/Stefano/b474de435d6e4af2d9177005b0e24693e9f933203c2518aee4aa36b202be562a,12
1049,be7079bff1327cc9dac0327489e5ed28ba1e7010c6fa5b01c44ab71cc2e89b2a,19,1161,datacopy/Stefano/be7079bff1327cc9dac0327489e5ed28ba1e7010c6fa5b01c44ab71cc2e89b2a,12
1050,87c9a912efdb2fd9cf52caa7c4d773d4992285f6337b0e7cfd2fe0e46badba2b,19,1161,datacopy/Stefano/87c9a912efdb2fd9cf52caa7c4d773d4992285f6337b0e7cfd2fe0e46badba2b,12
1051,2500c9a85abc904def40af1df32c632b5bf485816ff7af97e131bde79e328906,19,1161,datacopy/Stefano/2500c9a85abc904def40af1df32c632b5bf485816ff7af97e131bde79e328906,12
1052,9a41ff90153e41a87705dded44ecbba1fccd2ebb90547d865587accf4c45ff3d,19,1161,datacopy/Stefano/9a41ff90153e41a87705dded44ecbba1fccd2ebb90547d865587accf4c45ff3d,12
1053,44514cdf909a97536ef0b0669a57df2909248d13197e95eb4e798321db06faeb,19,1161,datacopy/Stefano/44514cdf909a97536ef0b0669a57df2909248d13197e95eb4e798321db06faeb,12
1054,ddcb338c04d441346c4d83014d49faffdc04d1342ebfb12fe75b6e43143e8ab3,19,1161,datacopy/Stefano/ddcb338c04d441346c4d83014d49faffdc04d1342ebfb12fe75b6e43143e8ab3,12
1055,abb7c1c4e1778c6648e0898ac3cd1574fd8cd9a1c64328836b5b27fb76fcea64,19,1161,datacopy/Stefano/abb7c1c4e1778c6648e0898ac3cd1574fd8cd9a1c64328836b5b27fb76fcea64,12
1056,501b6926c46380fb6cc5fb11b523782a25227ac0f1ddffb0c8e4a41a951b722c,19,1161,datacopy/Stefano/501b6926c46380fb6cc5fb11b523782a25227ac0f1ddffb0c8e4a41a951b722c,12
1057,6ffb868e20189c8dc918bfb9ac13cd79d1f83f8d019e9a7e342a4c14506c99c4,19,1161,datacopy/Stefano/6ffb868e20189c8dc918bfb9ac13cd79d1f83f8d019e9a7e342a4c14506c99c4,12
1058,73965f46671433dd21047029d748c65dccacc0121696ca6dd48342e225ce74cb,19,1161,datacopy/Stefano/73965f46671433dd21047029d748c65dccacc0121696ca6dd48342e225ce74cb,12
1059,0f8424059006267bb4d80f925c27487e31be273e8709403845966012b340e073,19,1161,datacopy/Stefano/0f8424059006267bb4d80f925c27487e31be273e8709403845966012b340e073,12
1060,b876474cbc63a93807573a5d7f5b198abe91646420e1f2fdf6f4effd380e39f6,19,1161,datacopy/Stefano/b876474cbc63a93807573a5d7f5b198abe91646420e1f2fdf6f4effd380e39f6,12
1061,1c2ff4ef8f1dd908691dd988559cc84783b8a9ffb45e71d440d5967f48554cc4,19,1161,datacopy/Stefano/1c2ff4ef8f1dd908691dd988559cc84783b8a9ffb45e71d440d5967f48554cc4,12
1062,adbc05195278bb7e8fe96e5010f947d444ad955ddec93a1b7898ab7615dd9133,19,1161,datacopy/Stefano/adbc05195278bb7e8fe96e5010f947d444ad955ddec93a1b7898ab7615dd9133,12
1063,b474b0338185dc388ff90992c4ec409e4982bf3ca3c1984a954fe77892035da0,19,1161,datacopy/Stefano/b474b0338185dc388ff90992c4ec409e4982bf3ca3c1984a954fe77892035da0,12
1064,376d061be8b0b7e40a742bc0d7de8d7d632295e2ded3c0e5c127ccba0bfe25db,19,1161,datacopy/Stefano/376d061be8b0b7e40a742bc0d7de8d7d632295e2ded3c0e5c127ccba0bfe25db,12
1065,75953544e72dbf503ed6f0ef5c288b900648b085731102d5252939569d92af42,19,1161,datacopy/Stefano/75953544e72dbf503ed6f0ef5c288b900648b085731102d5252939569d92af42,12
1066,06c5375d63711c1f7142899f78f265576391b1aed006a1b82235cb72f9ef3ee6,19,1161,datacopy/Stefano/06c5375d63711c1f7142899f78f265576391b1aed006a1b82235cb72f9ef3ee6,12
1067,eee0507946b964391ae5b1d02af21d94ae71bed58f15886350bba67c64f1a251,19,1161,datacopy/Stefano/eee0507946b964391ae5b1d02af21d94ae71bed58f15886350bba67c64f1a251,12
1068,ac980bb4f84d4c381c23065ab1c1e397ae97dfbe756efda1fe563b2e6183b617,19,1161,datacopy/Stefano/ac980bb4f84d4c381c23065ab1c1e397ae97dfbe756efda1fe563b2e6183b617,12
1069,22d3d4e05fad92aee245e2b354e1b7e9e6a3e9ba5b8d943e6e346a51dc520ff6,19,1161,datacopy/Stefano/22d3d4e05fad92aee245e2b354e1b7e9e6a3e9ba5b8d943e6e346a51dc520ff6,12
1070,1b51606f53713742c3358c1dae0efb3ae67943d1085a398fbee9a21ae3d5598d,19,1161,datacopy/Stefano/1b51606f53713742c3358c1dae0efb3ae67943d1085a398fbee9a21ae3d5598d,12
1071,4198d2b4142ec82cce33538fbcf02c7cf207df25a6d092c792564f4c8b15692f,19,1161,datacopy/Stefano/4198d2b4142ec82cce33538fbcf02c7cf207df25a6d092c792564f4c8b15692f,12
1072,8027e790fd8cd43054f20f76728eb0fb0e2428fa.bin,20,203,datacopy/UCSB.JP/data_feed.geo_japan_6m_public_flag/8/0/2/8027e790fd8cd43054f20f76728eb0fb0e2428fa.bin,1
1073,bdf4d95eba22ffc710f7387dc041372fd51aebd9.bin,20,203,datacopy/UCSB.JP/data_feed.geo_japan_6m_public_flag/b/d/f/bdf4d95eba22ffc710f7387dc041372fd51aebd9.bin,1
1074,df48908954ebf24a3364af62bba8cd783f185516.bin,20,203,datacopy/UCSB.JP/data_feed.geo_japan_6m_public_flag/d/f/4/df48908954ebf24a3364af62bba8cd783f185516.bin,1
1075,139546deeff0b96b80adfc540b5f65deaaf3b767.bin,20,203,datacopy/UCSB.JP/data_feed.geo_japan_6m_public_flag/1/3/9/139546deeff0b96b80adfc540b5f65deaaf3b767.bin,1
1076,f04ee2265fed1cea77f312457127b2c311300216.bin,20,203,datacopy/UCSB.JP/data_feed.geo_japan_6m_public_flag/f/0/4/f04ee2265fed1cea77f312457127b2c311300216.bin,1
1077,06cf48fc668f463831ab8eb41c52a3fd70339924.bin,20,203,datacopy/UCSB.JP/data_feed.geo_japan_6m_public_flag/0/6/c/06cf48fc668f463831ab8eb41c52a3fd70339924.bin,1
1078,70de66494cc640277532486bd7a95f56d560bb06.bin,20,203,datacopy/UCSB.JP/data_feed.geo_japan_6m_public_flag/7/0/d/70de66494cc640277532486bd7a95f56d560bb06.bin,1
1079,8d939cf075d629bd83ecd678cf6931204d10c520.bin,21,467,datacopy/UCSB.JP/data_feed.geo_japan_6m_public_flag/8/d/9/8d939cf075d629bd83ecd678cf6931204d10c520.bin,222
1080,81964745ded336b8e60b8ad302aab6b363a5b08a.bin,21,3,datacopy/UCSB.JP/data_feed.geo_japan_6m_public_flag/8/1/9/81964745ded336b8e60b8ad302aab6b363a5b08a.bin,222
1081,803f4357890647cb6cdef90bffd666b743e6ee5c.bin,21,189,datacopy/UCSB.JP/data_feed.geo_japan_6m_public_flag/8/0/3/803f4357890647cb6cdef90bffd666b743e6ee5c.bin,222
1082,aafc3b240ccff5f171918cd5354f172638374650.bin,21,951,datacopy/UCSB.JP/data_feed.geo_japan_6m_public_flag/a/a/f/aafc3b240ccff5f171918cd5354f172638374650.bin,222
1083,a17544e52b3f396f8ed79ed4ec84a3bc7fa4c89b.bin,21,3,datacopy/UCSB.JP/data_feed.geo_japan_6m_public_flag/a/1/7/a17544e52b3f396f8ed79ed4ec84a3bc7fa4c89b.bin,222
1084,afa15c100cf0d7239378244c6aa6dd513b1d73d9.bin,21,321,datacopy/UCSB.JP/data_feed.geo_japan_6m_public_flag/a/f/a/afa15c100cf0d7239378244c6aa6dd513b1d73d9.bin,222
1085,e91a66046ea6d54795c3ea4494ff0924cd194d1c.bin,21,467,datacopy/UCSB.JP/data_feed.geo_japan_6m_public_flag/e/9/1/e91a66046ea6d54795c3ea4494ff0924cd194d1c.bin,222
1086,be0bbb67bc5a1290cf3f03821f700f87bf112f3b.bin,21,2040,datacopy/UCSB.JP/data_feed.geo_japan_6m_public_flag/b/e/0/be0bbb67bc5a1290cf3f03821f700f87bf112f3b.bin,222
1087,b606856a91d3de89702eb51695225e776a1e5d6f.bin,21,467,datacopy/UCSB.JP/data_feed.geo_japan_6m_public_flag/b/6/0/b606856a91d3de89702eb51695225e776a1e5d6f.bin,222
1088,392fb19d7fa3bfb6e73996106e48f7c6ceca198e.bin,21,96,datacopy/UCSB.JP/data_feed.geo_japan_6m_public_flag/3/9/2/392fb19d7fa3bfb6e73996106e48f7c6ceca198e.bin,222
1089,3c4a6a67b6a19ed9b26a53b2768e34cd8403236e.bin,21,129,datacopy/UCSB.JP/data_feed.geo_japan_6m_public_flag/3/c/4/3c4a6a67b6a19ed9b26a53b2768e34cd8403236e.bin,222
1090,95abb39e7b27351c401c62a07359acec850f702f.bin,21,3,datacopy/UCSB.JP/data_feed.geo_japan_6m_public_flag/9/5/a/95abb39e7b27351c401c62a07359acec850f702f.bin,222
1091,95fcdcc91f562dc8b2e8083011781d25e3886a5f.bin,21,3,datacopy/UCSB.JP/data_feed.geo_japan_6m_public_flag/9/5/f/95fcdcc91f562dc8b2e8083011781d25e3886a5f.bin,222
1092,dd559bc3194b30ca043fd1079f539eaf55d62907.bin,21,467,datacopy/UCSB.JP/data_feed.geo_japan_6m_public_flag/d/d/5/dd559bc3194b30ca043fd1079f539eaf55d62907.bin,222
1093,d5be357273a82eecb6b4f9199291ba9f8786ad5b.bin,21,467,datacopy/UCSB.JP/data_feed.geo_japan_6m_public_flag/d/5/b/d5be357273a82eecb6b4f9199291ba9f8786ad5b.bin,222
1094,dc7b46b830f12da736865c69ace89d5b05a1dc79.bin,21,467,datacopy/UCSB.JP/data_feed.geo_japan_6m_public_flag/d/c/7/dc7b46b830f12da736865c69ace89d5b05a1dc79.bin,222
1095,d734e2d512cd0081afc96da3226c1922d83c04ac.bin,21,16,datacopy/UCSB.JP/data_feed.geo_japan_6m_public_flag/d/7/3/d734e2d512cd0081afc96da3226c1922d83c04ac.bin,222
1096,1de75051e2cf8d24ad797ba28387f7d7d3251d94.bin,21,467,datacopy/UCSB.JP/data_feed.geo_japan_6m_public_flag/1/d/e/1de75051e2cf8d24ad797ba28387f7d7d3251d94.bin,222
1097,5df447547a12a8147c7f611e58b23ed967b5dc39.bin,21,467,datacopy/UCSB.JP/data_feed.geo_japan_6m_public_flag/5/d/f/5df447547a12a8147c7f611e58b23ed967b5dc39.bin,222
1098,c69c7bab493feda5167b205605ca34874e93ccb1.bin,21,579,datacopy/UCSB.JP/data_feed.geo_japan_6m_public_flag/c/6/9/c69c7bab493feda5167b205605ca34874e93ccb1.bin,222
1099,08d58c90af54209f7706d750ce5581697f7b39d8.bin,21,321,datacopy/UCSB.JP/data_feed.geo_japan_6m_public_flag/0/8/d/08d58c90af54209f7706d750ce5581697f7b39d8.bin,222
1100,08c0a296a54ab41c370c7059cd63040965e2589c.bin,21,129,datacopy/UCSB.JP/data_feed.geo_japan_6m_public_flag/0/8/c/08c0a296a54ab41c370c7059cd63040965e2589c.bin,222
1101,091c91ef255223348130148814d3889f73c1ad9e.bin,21,467,datacopy/UCSB.JP/data_feed.geo_japan_6m_public_flag/0/9/1/091c91ef255223348130148814d3889f73c1ad9e.bin,222
1102,6258f3fbccf981cdef5b3d979b355147bbea73b2.bin,21,467,datacopy/UCSB.JP/data_feed.geo_japan_6m_public_flag/6/2/5/6258f3fbccf981cdef5b3d979b355147bbea73b2.bin,222
1103,8b544832523a7c79f180e559a7dee417dedd89ee.bin,21,129,datacopy/UCSB/8b544832523a7c79f180e559a7dee417dedd89ee.bin,222
1104,2f7c00aac32c3c66381e656048fd7f7f5812c433.bin,21,467,datacopy/UCSB/2f7c00aac32c3c66381e656048fd7f7f5812c433.bin,222
1105,d120836379ba8a11b559f5b1fb2320b9fc866689.bin,21,467,datacopy/UCSB/d120836379ba8a11b559f5b1fb2320b9fc866689.bin,222
1106,bcf465631ac5191c08ea60e176684fff5a017a52.bin,21,467,datacopy/UCSB/bcf465631ac5191c08ea60e176684fff5a017a52.bin,222
1107,9d548907959bbc5ebcc153162015236b0e91fb70.bin,21,467,datacopy/UCSB/9d548907959bbc5ebcc153162015236b0e91fb70.bin,222
1108,648c969f680532a75286087d9a3570208f52c5e0.bin,21,467,datacopy/UCSB/648c969f680532a75286087d9a3570208f52c5e0.bin,222
1109,9d2d4e670320e4324cb805985ea187d3e2885f45.bin,21,254,datacopy/UCSB/9d2d4e670320e4324cb805985ea187d3e2885f45.bin,222
1110,dabb8d42c0d14233bc6158a7c75d4c9060189268.bin,21,467,datacopy/UCSB/dabb8d42c0d14233bc6158a7c75d4c9060189268.bin,222
1111,a8e9a429254f6c32c6b8a2d33c0f23f7794f45e4.bin,21,467,datacopy/UCSB/a8e9a429254f6c32c6b8a2d33c0f23f7794f45e4.bin,222
1112,a5de94896794a5362ac0be3f4f2d619302b27a70.bin,21,467,datacopy/UCSB/a5de94896794a5362ac0be3f4f2d619302b27a70.bin,222
1113,4b7164e68443db0a90b2434745551b53251ed29e.bin,21,467,datacopy/UCSB/4b7164e68443db0a90b2434745551b53251ed29e.bin,222
1114,97967da88e196b3f02b923d6a0bdc8eda0b39958.bin,21,467,datacopy/UCSB/97967da88e196b3f02b923d6a0bdc8eda0b39958.bin,222
1115,d56a008f00abd38266ef81daad2609299742a1a3.bin,21,467,datacopy/UCSB/d56a008f00abd38266ef81daad2609299742a1a3.bin,222
1116,921501d549df455250b5e232b5b7e6eeb544520b.bin,21,467,datacopy/UCSB/921501d549df455250b5e232b5b7e6eeb544520b.bin,222
1117,0143a16fbc8c6d9c10796495933b05937ea1e6d4.bin,21,254,datacopy/UCSB/0143a16fbc8c6d9c10796495933b05937ea1e6d4.bin,222
1118,f6a2c14f3a0c507662fdd62943cb8a6e3df16744.bin,21,467,datacopy/UCSB/f6a2c14f3a0c507662fdd62943cb8a6e3df16744.bin,222
1119,4bb1167ec0daf72035d07c07ae0e2fdff64ecae3.bin,21,467,datacopy/UCSB/4bb1167ec0daf72035d07c07ae0e2fdff64ecae3.bin,222
1120,4c56abdb5a397f2aaae5824a2881529ebe565cd6.bin,21,467,datacopy/UCSB/4c56abdb5a397f2aaae5824a2881529ebe565cd6.bin,222
1121,6a692df2a6a7ec40981b3e496c1648e7d31f9937.bin,21,467,datacopy/UCSB/6a692df2a6a7ec40981b3e496c1648e7d31f9937.bin,222
1122,a8356c5e6df7c26b663a889b63e0d21383628278.bin,21,129,datacopy/UCSB/a8356c5e6df7c26b663a889b63e0d21383628278.bin,222
1123,2cc63ee73c4661055705b014926253c43ca48c6e.bin,21,254,datacopy/UCSB/2cc63ee73c4661055705b014926253c43ca48c6e.bin,222
1124,e1b01cbace9de42d56afe628c96486437c2bcecc.bin,21,129,datacopy/UCSB/e1b01cbace9de42d56afe628c96486437c2bcecc.bin,222
1125,262c0d0264f06030b92640172e1ea60fed23cb9c.bin,21,467,datacopy/UCSB/262c0d0264f06030b92640172e1ea60fed23cb9c.bin,222
1126,48357b3270f0f7b6d9e20dc4c80a6dcef364df9e.bin,21,129,datacopy/UCSB/48357b3270f0f7b6d9e20dc4c80a6dcef364df9e.bin,222
1127,1eb4a8be3a39082da49027759629bbdf38b5e373.bin,21,467,datacopy/UCSB/1eb4a8be3a39082da49027759629bbdf38b5e373.bin,222
1128,01e6c6b68e845bc17cbca784cf27e6174ecee296.bin,21,254,datacopy/UCSB/01e6c6b68e845bc17cbca784cf27e6174ecee296.bin,222
1129,e4d55a5e2772709fca80e97187e5f85ffcb31301.bin,21,467,datacopy/UCSB/e4d55a5e2772709fca80e97187e5f85ffcb31301.bin,222
1130,c92781ae6accb3d341dac9d9f845d94f77fcb5ce.bin,21,129,datacopy/UCSB/c92781ae6accb3d341dac9d9f845d94f77fcb5ce.bin,222
1131,73c05cbce6926b80a27b9a37fda70b985060c594.bin,21,129,datacopy/UCSB/73c05cbce6926b80a27b9a37fda70b985060c594.bin,222
1132,2aeced0f2a30c34d17c311bb99983668f453f703.bin,21,129,datacopy/UCSB/2aeced0f2a30c34d17c311bb99983668f453f703.bin,222
1133,38d946f4358db86686e6550e4c409af94907f96c.bin,21,467,datacopy/UCSB/38d946f4358db86686e6550e4c409af94907f96c.bin,222
1134,c231b320c470612b11c128090c8e49ff0bf031a2.bin,21,467,datacopy/UCSB/c231b320c470612b11c128090c8e49ff0bf031a2.bin,222
1135,7dc9f08203d64080b5be8c2048c17509a207f72b.bin,21,467,datacopy/UCSB/7dc9f08203d64080b5be8c2048c17509a207f72b.bin,222
1136,fe22f601b75ee19d7ebb3032133f974bba791a2d.bin,21,467,datacopy/UCSB/fe22f601b75ee19d7ebb3032133f974bba791a2d.bin,222
1137,51ba82536477ebafd51f3d1b19d5acd8893cd65a.bin,21,310,datacopy/UCSB/51ba82536477ebafd51f3d1b19d5acd8893cd65a.bin,222
1138,93605f8996d29d66008e6c163c92cc2dce5a537a.bin,21,467,datacopy/UCSB/93605f8996d29d66008e6c163c92cc2dce5a537a.bin,222
1139,1b1ccc7383f11fd0b05fdf2ff0e7a15b7e71c910.bin,21,3,datacopy/UCSB/1b1ccc7383f11fd0b05fdf2ff0e7a15b7e71c910.bin,222
1140,14ef841214817161acca37ad0fcb077fe18d7a27.bin,21,254,datacopy/UCSB/14ef841214817161acca37ad0fcb077fe18d7a27.bin,222
1141,ac7153c89fb7e664268c3dd0b0c25e51660bdb0b.bin,21,467,datacopy/UCSB/ac7153c89fb7e664268c3dd0b0c25e51660bdb0b.bin,222
1142,cad49f594e5452a89484dfa271f6fd567b1112f3.bin,21,467,datacopy/UCSB/cad49f594e5452a89484dfa271f6fd567b1112f3.bin,222
1143,b1e18550de0d7e868c34f453aea7886168c063a3.bin,21,467,datacopy/UCSB/b1e18550de0d7e868c34f453aea7886168c063a3.bin,222
1144,9a3083cc1fc176e7e6af1b324673983bec2d06be.bin,21,467,datacopy/UCSB/9a3083cc1fc176e7e6af1b324673983bec2d06be.bin,222
1145,3908ee5b186b271babee65e56c7513057fff4fc5.bin,21,129,datacopy/UCSB/3908ee5b186b271babee65e56c7513057fff4fc5.bin,222
1146,454756a26f78f59fb01f4fe798ccbea7ab5d5757.bin,21,467,datacopy/UCSB/454756a26f78f59fb01f4fe798ccbea7ab5d5757.bin,222
1147,7de5213666bf707bd8e196342f6e222debd36d68.bin,21,254,datacopy/UCSB/7de5213666bf707bd8e196342f6e222debd36d68.bin,222
1148,2bd1676903fd3408baab3a109c1909a3c238c04e.bin,21,129,datacopy/UCSB/2bd1676903fd3408baab3a109c1909a3c238c04e.bin,222
1149,1db3d32a7ad46f769a4bd3c44463b06222036a6f.bin,21,467,datacopy/UCSB/1db3d32a7ad46f769a4bd3c44463b06222036a6f.bin,222
1150,bea33a8eebe15de5e5e3ccbe414621aea3d5029d.bin,21,129,datacopy/UCSB/bea33a8eebe15de5e5e3ccbe414621aea3d5029d.bin,222
1151,7cacb37052c2ff501090417d35f8bfdb3c25756e.bin,21,467,datacopy/UCSB/7cacb37052c2ff501090417d35f8bfdb3c25756e.bin,222
1152,8aa307fc0497c059ebb66103718be1f29b9da7ea.bin,21,467,datacopy/UCSB/8aa307fc0497c059ebb66103718be1f29b9da7ea.bin,222
1153,99679f3786cf8deb6e1e9e95adaa4f89d230559b.bin,21,467,datacopy/UCSB/99679f3786cf8deb6e1e9e95adaa4f89d230559b.bin,222
1154,e884c8a91aef2430723554e657592d4ef412cc04.bin,21,467,datacopy/UCSB/e884c8a91aef2430723554e657592d4ef412cc04.bin,222
1155,733fac6bfaf3281e923332c947248f5550ab1735.bin,21,129,datacopy/UCSB/733fac6bfaf3281e923332c947248f5550ab1735.bin,222
1156,4a3360cae4046489aff2e85b1a85dfd0693c548f.bin,21,467,datacopy/UCSB/4a3360cae4046489aff2e85b1a85dfd0693c548f.bin,222
1157,bb85070252ab5ffe6ff07ada324e1003d97ec243.bin,21,129,datacopy/UCSB/bb85070252ab5ffe6ff07ada324e1003d97ec243.bin,222
1158,d0cad8cdcfe527ba22280e7facd228cd0f5a1de5.bin,21,467,datacopy/UCSB/d0cad8cdcfe527ba22280e7facd228cd0f5a1de5.bin,222
1159,6fa8e407db60b603f07c76ab75ee0e6b61a45554.bin,21,467,datacopy/UCSB/6fa8e407db60b603f07c76ab75ee0e6b61a45554.bin,222
1160,c8397ddd05c816cea1ada11674f87f6340e411ab.bin,21,1489,datacopy/UCSB/c8397ddd05c816cea1ada11674f87f6340e411ab.bin,222
1161,55aeda6d6d747fc82fa2384828190542d3845088.bin,21,129,datacopy/UCSB/55aeda6d6d747fc82fa2384828190542d3845088.bin,222
1162,e4acde17cdc5b05be8bc4c224d3aabeba3db8f34.bin,21,467,datacopy/UCSB/e4acde17cdc5b05be8bc4c224d3aabeba3db8f34.bin,222
1163,887639f8e204985c10d46520e445a2073fe7d71a.bin,21,467,datacopy/UCSB/887639f8e204985c10d46520e445a2073fe7d71a.bin,222
1164,fe2142896681d61a218d8506e794a3e56b385f02.bin,21,467,datacopy/UCSB/fe2142896681d61a218d8506e794a3e56b385f02.bin,222
1165,24f1e80f9203845b9591532a82d3c411de6f70a8.bin,21,129,datacopy/UCSB/24f1e80f9203845b9591532a82d3c411de6f70a8.bin,222
1166,5065cfb7510f4ff783dcd79e166a33324c3ae11d.bin,21,467,datacopy/UCSB/5065cfb7510f4ff783dcd79e166a33324c3ae11d.bin,222
1167,dcbb9ef88df6f7a173b55b5cea7cd3ac52972eb5.bin,21,129,datacopy/UCSB/dcbb9ef88df6f7a173b55b5cea7cd3ac52972eb5.bin,222
1168,20d51b1997d37a25ba727bce1b1c22a4521e829a.bin,21,1001,datacopy/UCSB/20d51b1997d37a25ba727bce1b1c22a4521e829a.bin,222
1169,1651b9d5441f66b8b9256c58d095c50920b1a33d.bin,21,254,datacopy/UCSB/1651b9d5441f66b8b9256c58d095c50920b1a33d.bin,222
1170,ef74b97b6f704bd0440b9907dca0a6eebf19036b.bin,21,467,datacopy/UCSB/ef74b97b6f704bd0440b9907dca0a6eebf19036b.bin,222
1171,cee23c37ed9b64ba3a8c4b89a72412b57c7ca340.bin,21,467,datacopy/UCSB/cee23c37ed9b64ba3a8c4b89a72412b57c7ca340.bin,222
1172,6252c8f0af6836130eae13f0356465ea83af61ed.bin,21,129,datacopy/UCSB/6252c8f0af6836130eae13f0356465ea83af61ed.bin,222
1173,6f1fd216962bab369367127c725d1ccce04957db.bin,21,130,datacopy/UCSB/6f1fd216962bab369367127c725d1ccce04957db.bin,222
1174,853d6705b4f9ef2e1af0cfc36d4fefc22a80a6d2.bin,21,254,datacopy/UCSB/853d6705b4f9ef2e1af0cfc36d4fefc22a80a6d2.bin,222
1175,04f351ae304d13148bb4a4353515e0010f24d95f.bin,21,129,datacopy/UCSB/04f351ae304d13148bb4a4353515e0010f24d95f.bin,222
1176,e29f1f12683b019d999870c0809378455ed94a30.bin,21,467,datacopy/UCSB/e29f1f12683b019d999870c0809378455ed94a30.bin,222
1177,162298b080ddd7bd1ea887ba7a9baf65863a2958.bin,21,1840,datacopy/UCSB/162298b080ddd7bd1ea887ba7a9baf65863a2958.bin,222
1178,19671d35bc3f9a8418a63c209d4f3d5c67a28a2c.bin,21,467,datacopy/UCSB/19671d35bc3f9a8418a63c209d4f3d5c67a28a2c.bin,222
1179,9e8c99ae7167643f9b1fccfeedcc2460de39f8b6.bin,21,467,datacopy/UCSB/9e8c99ae7167643f9b1fccfeedcc2460de39f8b6.bin,222
1180,09a14758eb9223cf40628ce6740763d48a098c7c.bin,21,467,datacopy/UCSB/09a14758eb9223cf40628ce6740763d48a098c7c.bin,222
1181,d2f9b871d58cee55cd8ddbc23fa051eefdb11275.bin,21,467,datacopy/UCSB/d2f9b871d58cee55cd8ddbc23fa051eefdb11275.bin,222
1182,a9597bd1645db2290071e57b309fcca5cd5bc230.bin,21,129,datacopy/UCSB/a9597bd1645db2290071e57b309fcca5cd5bc230.bin,222
1183,bc62dd38bc7616458969db94bae172f28c851ddc.bin,21,467,datacopy/UCSB/bc62dd38bc7616458969db94bae172f28c851ddc.bin,222
1184,1f6b83e5fcd7e1634283aeaef90750c0a34e5cd5.bin,21,467,datacopy/UCSB/1f6b83e5fcd7e1634283aeaef90750c0a34e5cd5.bin,222
1185,0ff7fee09d7e415b5a541ad291cf661aad6f0296.bin,21,467,datacopy/UCSB/0ff7fee09d7e415b5a541ad291cf661aad6f0296.bin,222
1186,c0edad67afe45b7b039626114c636fea82616b71.bin,21,467,datacopy/UCSB/c0edad67afe45b7b039626114c636fea82616b71.bin,222
1187,4336fc6cced07b024901b6e1fa1733aeb5e4fd67.bin,21,467,datacopy/UCSB/4336fc6cced07b024901b6e1fa1733aeb5e4fd67.bin,222
1188,1e0b89c1b2585c76e758e9141b846ed4477b0662.bin,21,467,datacopy/UCSB/1e0b89c1b2585c76e758e9141b846ed4477b0662.bin,222
1189,1ca51e530c7f549ab68516566cf3ae88c2bbe2b7.bin,21,129,datacopy/UCSB/1ca51e530c7f549ab68516566cf3ae88c2bbe2b7.bin,222
1190,99541413023570c00dca5a505baf8ae811175670.bin,21,467,datacopy/UCSB/99541413023570c00dca5a505baf8ae811175670.bin,222
1191,eaebeff28c5eb0f5e0dcc6300a62dcf8b3a8ab1d.bin,21,467,datacopy/UCSB/eaebeff28c5eb0f5e0dcc6300a62dcf8b3a8ab1d.bin,222
1192,04bfb07375c5283c9c9aa55fc0ed40d64ab0d483.bin,21,467,datacopy/UCSB/04bfb07375c5283c9c9aa55fc0ed40d64ab0d483.bin,222
1193,41a1aae5251e15c42051192522a9c37b04d8ab7f.bin,21,467,datacopy/UCSB/41a1aae5251e15c42051192522a9c37b04d8ab7f.bin,222
1194,200463abfcd533252ff7d5f38533568aa67dc620.bin,21,129,datacopy/UCSB/200463abfcd533252ff7d5f38533568aa67dc620.bin,222
1195,f59400e8a55c4ea1fa7dfbca3f2d35697cc822da.bin,21,467,datacopy/UCSB/f59400e8a55c4ea1fa7dfbca3f2d35697cc822da.bin,222
1196,934e54f5ff316f94eb2477fa9622694ba7bc4e19.bin,21,467,datacopy/UCSB/934e54f5ff316f94eb2477fa9622694ba7bc4e19.bin,222
1197,52ccff7225fbe9edce8ef1b6b03ae5af0c730871.bin,21,467,datacopy/UCSB/52ccff7225fbe9edce8ef1b6b03ae5af0c730871.bin,222
1198,0a1ba02334beb6140a61d57a302b73e76a0475c6.bin,21,129,datacopy/UCSB/0a1ba02334beb6140a61d57a302b73e76a0475c6.bin,222
1199,69abab8032dc47f72ea2e36edbf6d83f4bb2eb25.bin,21,467,datacopy/UCSB/69abab8032dc47f72ea2e36edbf6d83f4bb2eb25.bin,222
1200,7675c8823bb5d5e48c9e186b549fab0df06e5ae5.bin,21,254,datacopy/UCSB/7675c8823bb5d5e48c9e186b549fab0df06e5ae5.bin,222
1201,d53452fa7ad9e9e72d3791ed4b188ca10cddbc05.bin,21,467,datacopy/UCSB/d53452fa7ad9e9e72d3791ed4b188ca10cddbc05.bin,222
1202,15f8143356ab2929a056e0d13dd636881be75580.bin,21,254,datacopy/UCSB/15f8143356ab2929a056e0d13dd636881be75580.bin,222
1203,459f2364575da6ff6bea2a9183ab1b2e057b3a29.bin,21,3,datacopy/UCSB/459f2364575da6ff6bea2a9183ab1b2e057b3a29.bin,222
1204,5a0f74a9dd00451e96c94dfb5c936bb7f2a7d98a.bin,21,129,datacopy/UCSB/5a0f74a9dd00451e96c94dfb5c936bb7f2a7d98a.bin,222
1205,b99d815949501b039d88af3113fb71ae0c95d3bf.bin,21,467,datacopy/UCSB/b99d815949501b039d88af3113fb71ae0c95d3bf.bin,222
1206,265bdee70ea2aa947558e58d273ac7c4fc7e7ecc.bin,21,467,datacopy/UCSB/265bdee70ea2aa947558e58d273ac7c4fc7e7ecc.bin,222
1207,efee111720b04f7d8f161390822b03a4762ad152.bin,21,467,datacopy/UCSB/efee111720b04f7d8f161390822b03a4762ad152.bin,222
1208,bfdde84f5540d4da9351fbbac3bed908beadc79d.bin,21,467,datacopy/UCSB/bfdde84f5540d4da9351fbbac3bed908beadc79d.bin,222
1209,fac2ca5cb09fc3caa5242a5fe5449633a45010d2.bin,21,467,datacopy/UCSB/fac2ca5cb09fc3caa5242a5fe5449633a45010d2.bin,222
1210,da5d33c29a532ec5435147f4fd3a30a8830ff053.bin,21,467,datacopy/UCSB/da5d33c29a532ec5435147f4fd3a30a8830ff053.bin,222
1211,4625f24b0be0cf7d59891779166ce370c3acb35c.bin,21,129,datacopy/UCSB/4625f24b0be0cf7d59891779166ce370c3acb35c.bin,222
1212,65b415767fe13301c0e3f25bbb864fcbc4f07c32.bin,21,129,datacopy/UCSB/65b415767fe13301c0e3f25bbb864fcbc4f07c32.bin,222
1213,faea162a009047734d4756978a93fba8c53d927c.bin,21,129,datacopy/UCSB/faea162a009047734d4756978a93fba8c53d927c.bin,222
1214,a57cbf6b969ec377132ddc847c3795c5556755e1.bin,21,129,datacopy/UCSB/a57cbf6b969ec377132ddc847c3795c5556755e1.bin,222
1215,f94abb87bb210f54816e6f662e847d885bffa8ac.bin,21,129,datacopy/UCSB/f94abb87bb210f54816e6f662e847d885bffa8ac.bin,222
1216,2302d006e3fb378622f2f1e8e948843613f98e69.bin,21,467,datacopy/UCSB/2302d006e3fb378622f2f1e8e948843613f98e69.bin,222
1217,044a938fd6ef13f70f139943ed60e3ec5e83352d.bin,21,467,datacopy/UCSB/044a938fd6ef13f70f139943ed60e3ec5e83352d.bin,222
1218,249c67b8a2abc98bd8f53c470e3085c5c5a3ef62.bin,21,467,datacopy/UCSB/249c67b8a2abc98bd8f53c470e3085c5c5a3ef62.bin,222
1219,5793e5acf44724f22a10946d1778bcbecfba93e8.bin,21,467,datacopy/UCSB/5793e5acf44724f22a10946d1778bcbecfba93e8.bin,222
1220,e696f9eb98867b8e0f3de09b6d5b57be51c69347.bin,21,467,datacopy/UCSB/e696f9eb98867b8e0f3de09b6d5b57be51c69347.bin,222
1221,1c1d7c2666067d496438013a36c899539db9d112.bin,21,467,datacopy/UCSB/1c1d7c2666067d496438013a36c899539db9d112.bin,222
1222,fe31630e4252cda188d4ee3d06d5a4aa4f330ca8.bin,21,129,datacopy/UCSB/fe31630e4252cda188d4ee3d06d5a4aa4f330ca8.bin,222
1223,c60fcd81fb9a96267300defad6e6160d2854b0cf.bin,21,129,datacopy/UCSB/c60fcd81fb9a96267300defad6e6160d2854b0cf.bin,222
1224,d86522bbc0e0a5122348878135ee86e1fbef7782.bin,21,129,datacopy/UCSB/d86522bbc0e0a5122348878135ee86e1fbef7782.bin,222
1225,dff555fc363b99d202e78d652f6609262c53e583.bin,21,467,datacopy/UCSB/dff555fc363b99d202e78d652f6609262c53e583.bin,222
1226,ec687b48e51b7a365d680aba8e6ab1966a00305b.bin,21,467,datacopy/UCSB/ec687b48e51b7a365d680aba8e6ab1966a00305b.bin,222
1227,3124841cd846c8e14ad784e8affa03de592edb0e.bin,21,467,datacopy/UCSB/3124841cd846c8e14ad784e8affa03de592edb0e.bin,222
1228,a1d9e838c86ff3b8aab954f27b89827db4512412.bin,21,129,datacopy/UCSB/a1d9e838c86ff3b8aab954f27b89827db4512412.bin,222
1229,e697edfe72dd05bb9715c43e11677857bccf3838.bin,21,467,datacopy/UCSB/e697edfe72dd05bb9715c43e11677857bccf3838.bin,222
1230,da396499b6f95dce1d69769446a831335bc9d7a9.bin,21,467,datacopy/UCSB/da396499b6f95dce1d69769446a831335bc9d7a9.bin,222
1231,5ba54baf61ed71043bc94d8b59e12bb18dabe1ae.bin,21,467,datacopy/UCSB/5ba54baf61ed71043bc94d8b59e12bb18dabe1ae.bin,222
1232,729b63d5bac74fbb25193f162508695967eefe68.bin,21,254,datacopy/UCSB/729b63d5bac74fbb25193f162508695967eefe68.bin,222
1233,926c46005ad8df3159ea2acd4c4cc455477c1248.bin,21,254,datacopy/UCSB/926c46005ad8df3159ea2acd4c4cc455477c1248.bin,222
1234,file.449525.exe,21,467,datacopy/Honeypots/file.449525.exe,222
1235,41ff7efc03f95f5c4df9969cf7795917dc40ea44.codex,21,813,datacopy/CodexGiga/41ff7efc03f95f5c4df9969cf7795917dc40ea44.codex,222
1236,4ca74ff39facdaa0435e0e3ade148dd5bc2d439d.codex,21,310,datacopy/CodexGiga/4ca74ff39facdaa0435e0e3ade148dd5bc2d439d.codex,222
1237,d52aa825d96267ffeb152e33f5d0ea3d8247490a.codex,21,804,datacopy/CodexGiga/d52aa825d96267ffeb152e33f5d0ea3d8247490a.codex,222
1238,76bd1f70c642d856e41cccc6294b1f5e9bc1e923.codex,21,310,datacopy/CodexGiga/76bd1f70c642d856e41cccc6294b1f5e9bc1e923.codex,222
1239,74e2d3a912227bbda563b82778f0b0d8cfb9d00a.codex,21,310,datacopy/CodexGiga/74e2d3a912227bbda563b82778f0b0d8cfb9d00a.codex,222
1240,13327e528892b9f4e247b4f58f884926ae5bd811.codex,21,804,datacopy/CodexGiga/13327e528892b9f4e247b4f58f884926ae5bd811.codex,222
1241,39f8d35754a57cf28cc460abf9bfb1b51123f3cd.codex,21,736,datacopy/CodexGiga/39f8d35754a57cf28cc460abf9bfb1b51123f3cd.codex,222
1242,314e5545fce1fd1787367216e2ac51c38b24baeb.codex,21,729,datacopy/CodexGiga/314e5545fce1fd1787367216e2ac51c38b24baeb.codex,222
1243,f68e392a30af253d0f43d6ba6b70454f45728310.codex,21,1018,datacopy/CodexGiga/f68e392a30af253d0f43d6ba6b70454f45728310.codex,222
1244,0f7acf49dafa8ee8be48e687c04c406ea38f3bc5.codex,21,729,datacopy/CodexGiga/0f7acf49dafa8ee8be48e687c04c406ea38f3bc5.codex,222
1245,a8812a6473f78440a31976441581a4774a4879de.codex,21,1056,datacopy/CodexGiga/a8812a6473f78440a31976441581a4774a4879de.codex,222
1246,51d3ab881c84a64e6414aeb4ffb879859b6c62b9.codex,21,3,datacopy/CodexGiga/51d3ab881c84a64e6414aeb4ffb879859b6c62b9.codex,222
1247,344f8ee2534896b42095dd7c9380731e9819ca8a.codex,21,1065,datacopy/CodexGiga/344f8ee2534896b42095dd7c9380731e9819ca8a.codex,222
1248,efa499354b533739c7ab867a29e3c5003cfec259.codex,21,729,datacopy/CodexGiga/efa499354b533739c7ab867a29e3c5003cfec259.codex,222
1249,2c2d01db80d32c9cc4b224ca7a219b30fc99f083.codex,21,1065,datacopy/CodexGiga/2c2d01db80d32c9cc4b224ca7a219b30fc99f083.codex,222
1250,e9827157fa4b39db8894968e670c16a5f932d692.codex,21,729,datacopy/CodexGiga/e9827157fa4b39db8894968e670c16a5f932d692.codex,222
1251,f758ed50bd65f36d52f4552fc2581d55a1ed9a68.codex,21,729,datacopy/CodexGiga/f758ed50bd65f36d52f4552fc2581d55a1ed9a68.codex,222
1252,15d0d760857c3fe122e32b150acd80502c17bea1.codex,21,729,datacopy/CodexGiga/15d0d760857c3fe122e32b150acd80502c17bea1.codex,222
1253,7bba9639541c4a7fbc7715cbfc18a39d01fe0217.codex,21,728,datacopy/CodexGiga/7bba9639541c4a7fbc7715cbfc18a39d01fe0217.codex,222
1254,a97e0501fb48f4cc7bbd766f7e3b50993e97459f.codex,21,310,datacopy/CodexGiga/a97e0501fb48f4cc7bbd766f7e3b50993e97459f.codex,222
1255,NFE11042013_PDF.cpl,21,2,datacopy/BB/Files/2013-04-12/NFE11042013_PDF.cpl,222
1256,Pedido-03452379973.cpl,21,2,datacopy/BB/Files/2013-07-31/Pedido-03452379973.cpl,222
1257,ID.Anexo-Deposito.PDF.cpl,21,2,datacopy/BB/Files/2013-08-22/ID.Anexo-Deposito.PDF.cpl,222
1258,fevereiro2012.exe,21,2,datacopy/BB/Files/2012-03-23/fevereiro2012.exe,222
1259,Comprovante.com.exe,21,129,datacopy/BB/Files/2014-05-09/Comprovante.com.exe,222
1260,runouce.exe,21,129,datacopy/BB/Files/2014-05-09/runouce.exe,222
1261,Nota_Fiscal01234554.cpl,21,2,datacopy/BB/Files/2013-06-24/Nota_Fiscal01234554.cpl,222
1262,boleto_mes11_01.exe,21,2,datacopy/BB/Files/2012-02-03/boleto_mes11_01.exe,222
1263,134934.exe,21,17,datacopy/BB/Files/2012-02-06/134934.exe,222
1264,BOLETO_2VIA_01_2012.PDF.exe,21,2,datacopy/BB/Files/2012-01-26/BOLETO_2VIA_01_2012.PDF.exe,222
1265,0B97zy7Cp1BwwMGFCVHViOUdSeW8.exe,21,2,datacopy/BB/Files/2013-03-27/0B97zy7Cp1BwwMGFCVHViOUdSeW8.exe,222
1266,Seg-Via_Boleto.extraj.PDF.cpl,21,2,datacopy/BB/Files/2014-01-15/Seg-Via_Boleto.extraj.PDF.cpl,222
1267,W32Remover.cpl,21,2,datacopy/BB/Files/2013-08-08/W32Remover.cpl,222
1268,apxy.exe,21,3,datacopy/BB/Files/2012-05-07/apxy.exe,222
1269,NFE003893.PDF.cpl,21,2,datacopy/BB/Files/2013-10-24/NFE003893.PDF.cpl,222
1270,Suporte_NetEmpresa.exe,21,3,datacopy/BB/Files/2012-03-19/Suporte_NetEmpresa.exe,222
1271,431305962069410003175500100-procNFe.cpl,21,2,datacopy/BB/Files/2013-11-18/431305962069410003175500100-procNFe.cpl,222
1272,Anexo_Deposito.PDF.cpl,21,2,datacopy/BB/Files/2014-02-27/Anexo_Deposito.PDF.cpl,222
1273,NF_5435893.cpl,21,2,datacopy/BB/Files/2013-04-18/NF_5435893.cpl,222
1274,SkypeConnection.exe,21,3,datacopy/BB/Files/2014-01-23/SkypeConnection.exe,222
1275,ComoReconhecerPeriguete.html.exe,21,2,datacopy/BB/Files/2012-08-13/ComoReconhecerPeriguete.html.exe,222
1276,ID201306-Comprovante.cpl,21,2,datacopy/BB/Files/2013-04-09/ID201306-Comprovante.cpl,222
1277,comprovante564921.cpl,21,2,datacopy/BB/Files/2013-07-19/comprovante564921.cpl,222
1278,Boleto_Referente.cpl,21,2,datacopy/BB/Files/2013-09-18/Boleto_Referente.cpl,222
1279,pluguiin.exe,21,3,datacopy/BB/Files/2014-06-04/pluguiin.exe,222
1280,ARQUIVO_PDF.cpl,21,2,datacopy/BB/Files/2013-10-04/ARQUIVO_PDF.cpl,222
1281,Boleto2434c04.PDF.cpl,21,2,datacopy/BB/Files/2017-05-15/Boleto2434c04.PDF.cpl,222
1282,nfeletronica.EXE,21,467,datacopy/BB/Files/2014-11-19/nfeletronica.EXE,222
1283,boleto122011.exe,21,2,datacopy/BB/Files/2012-01-30/boleto122011.exe,222
1284,atualizado.ref.46954678546.exe,21,467,datacopy/BB/Files/2015-12-04/atualizado.ref.46954678546.exe,222
1285,2012_02.exe,21,3,datacopy/BB/Files/2012-03-21/2012_02.exe,222
1286,Fatura84080.pdf.cpl,21,2,datacopy/BB/Files/2014-05-27/Fatura84080.pdf.cpl,222
1287,ExtratoBoleto.PDF.cpl,21,2,datacopy/BB/Files/2013-04-03/ExtratoBoleto.PDF.cpl,222
1288,dlHoslT.exe,21,3,datacopy/BB/Files/2014-06-18/dlHoslT.exe,222
1289,Anexo_Dep.PDF.cpl,21,2,datacopy/BB/Files/2014-01-09/Anexo_Dep.PDF.cpl,222
1290,NFS-e-No-27295.cpl,21,2,datacopy/BB/Files/2014-02-12/NFS-e-No-27295.cpl,222
1291,Nota-Fiscal-Eletronica-011-04-2013.cpl,21,2,datacopy/BB/Files/2013-04-11/Nota-Fiscal-Eletronica-011-04-2013.cpl,222
1292,Anexo.ID-2013.cpl,21,2,datacopy/BB/Files/2013-07-15/Anexo.ID-2013.cpl,222
1293,NotaFiscal.6794125.xml.cpl,21,2,datacopy/BB/Files/2014-06-16/NotaFiscal.6794125.xml.cpl,222
1294,NTF_e-NÂº5940264.PDF.cpl,21,2,datacopy/BB/Files/2014-03-13/NTF_e-NÂº5940264.PDF.cpl,222
1295,Boleto2434c03.PDF.cpl,21,2,datacopy/BB/Files/2014-05-13/Boleto2434c03.PDF.cpl,222
1296,Boleto_e_NotaFe.exe,21,467,datacopy/BB/Files/2015-11-13/Boleto_e_NotaFe.exe,222
1297,ID.Anexo-Deposito.PDF.cpl,21,2,datacopy/BB/Files/2013-08-22/ID.Anexo-Deposito.PDF.cpl,222
1298,298559ec5ba07701f348f4cf6005162a2a041bc994af5f1f29514499351323b8,21,1150,datacopy/Stefano/298559ec5ba07701f348f4cf6005162a2a041bc994af5f1f29514499351323b8,222
1299,3505ac44f696042f8c716fd78a6a610af72f836388915402a3e3e7f84899d301,21,1156,datacopy/Stefano/3505ac44f696042f8c716fd78a6a610af72f836388915402a3e3e7f84899d301,222
1300,e6a0afc86ce5cca16ce003b4ddbf061986af266d85945f17b2f9206a727190ca,21,54,datacopy/Stefano/e6a0afc86ce5cca16ce003b4ddbf061986af266d85945f17b2f9206a727190ca,222
1301,15e72c3bb32040192cb3655bc5b154ef3bea0511fe372ec30ecc0d569b37c18b,21,467,datacopy/Stefano/15e72c3bb32040192cb3655bc5b154ef3bea0511fe372ec30ecc0d569b37c18b,222
1302,8699d422bbc5c5ef7244fe0be5c58ad28f43f0a65b9226ec45e5c171b1a80357,21,54,datacopy/Stefano/8699d422bbc5c5ef7244fe0be5c58ad28f43f0a65b9226ec45e5c171b1a80357,222
1303,dac12d4132fb85fef3e2ee4324672d55641b92719fcd08c858a5942816c9e8d8,21,3,datacopy/Stefano/dac12d4132fb85fef3e2ee4324672d55641b92719fcd08c858a5942816c9e8d8,222
1304,f1c3ad469195405c688042f0036b99c72e297caf68d5072135ef1b11f02173c3,21,467,datacopy/Stefano/f1c3ad469195405c688042f0036b99c72e297caf68d5072135ef1b11f02173c3,222
1305,d94ed898dd7ff938b58adfb00ddd648a9d04a976a5f4387aa98f73f1c43b12f1,21,467,datacopy/Stefano/d94ed898dd7ff938b58adfb00ddd648a9d04a976a5f4387aa98f73f1c43b12f1,222
1306,41ae9a8a2f9ea2c627b84d40c574e2039c4853a88757282bf8daf74b5e9654b0,21,3,datacopy/Stefano/41ae9a8a2f9ea2c627b84d40c574e2039c4853a88757282bf8daf74b5e9654b0,222
1307,d809c7394168a8a1427a9c2eb0b6f08a808a98b0faba76a91b1ab656e1dd498d,21,129,datacopy/Stefano/d809c7394168a8a1427a9c2eb0b6f08a808a98b0faba76a91b1ab656e1dd498d,222
1308,0aa9914a7b6d73ccc2df67f754114380baad61c6ceb69c121a5dd6cb96ebd9af,21,54,datacopy/Stefano/0aa9914a7b6d73ccc2df67f754114380baad61c6ceb69c121a5dd6cb96ebd9af,222
1309,82b0fbc97bc0e8f239e611b92a692308b1c486a8656d0bce86c67aeb9712fd0e,21,467,datacopy/Stefano/82b0fbc97bc0e8f239e611b92a692308b1c486a8656d0bce86c67aeb9712fd0e,222
1310,1ee36a74d650d9f6bf1abd141b2be83830a73214c4c82ff9a3625aad26ada413,21,54,datacopy/Stefano/1ee36a74d650d9f6bf1abd141b2be83830a73214c4c82ff9a3625aad26ada413,222
1311,92b0ae0240b17bebf830b29b4244556e91c83672d7caaa95fe401b8e0c3b3ffc,21,467,datacopy/Stefano/92b0ae0240b17bebf830b29b4244556e91c83672d7caaa95fe401b8e0c3b3ffc,222
1312,d4490870790962f28f7aa7020581106660ab7ca3a5bb04ee18172ecab0016502,21,467,datacopy/Stefano/d4490870790962f28f7aa7020581106660ab7ca3a5bb04ee18172ecab0016502,222
1313,dc8407aa1eabc66e2c9ef86ed8c9484e52b25a090b7d24493de9b42fd1946db7,21,129,datacopy/Stefano/dc8407aa1eabc66e2c9ef86ed8c9484e52b25a090b7d24493de9b42fd1946db7,222
1314,fb468a86cbc04279e1a866863887a9107be77a9c5788cd3115c3e4fe70bf8071,21,467,datacopy/Stefano/fb468a86cbc04279e1a866863887a9107be77a9c5788cd3115c3e4fe70bf8071,222
1315,207147a395f36cef51ed50a35406341492d56f2e3184f89d890aff0b2010fe0e,21,3,datacopy/Stefano/207147a395f36cef51ed50a35406341492d56f2e3184f89d890aff0b2010fe0e,222
1316,f469a4ee00c2d17272dec98ae3cfa075cf74221d0d777ca58d03d1e26afeb817,21,467,datacopy/Stefano/f469a4ee00c2d17272dec98ae3cfa075cf74221d0d777ca58d03d1e26afeb817,222
1317,618cfd4821110f58b3245b01f74eb5c361488abc6129373bc55b308f2baf0a38,21,129,datacopy/Stefano/618cfd4821110f58b3245b01f74eb5c361488abc6129373bc55b308f2baf0a38,222
1318,6bbb5af9a20c9006d7ecdc21c1847f36d89cc243f65e84f53ba50533078b4b4e,21,467,datacopy/Stefano/6bbb5af9a20c9006d7ecdc21c1847f36d89cc243f65e84f53ba50533078b4b4e,222
1319,19ec40c69ea99ed6fd57eff315952a86241e33da2fd80ee63ea174e9bed7f5d5,21,129,datacopy/Stefano/19ec40c69ea99ed6fd57eff315952a86241e33da2fd80ee63ea174e9bed7f5d5,222
1320,2cc3b3405e5cd23841b96e618f322f729f8eb81729dd129f6f6e5ca374c93780,21,467,datacopy/Stefano/2cc3b3405e5cd23841b96e618f322f729f8eb81729dd129f6f6e5ca374c93780,222
1321,71c866da5076cedd4475cfa0a2113bf387a8fb50cf5443b4f4f1f3297805f8f7,21,54,datacopy/Stefano/71c866da5076cedd4475cfa0a2113bf387a8fb50cf5443b4f4f1f3297805f8f7,222
1322,81f81a01bc9f86f84ff40f083a9a458f377d69a2e2858cb28639a8c7b2bc6341,21,467,datacopy/Stefano/81f81a01bc9f86f84ff40f083a9a458f377d69a2e2858cb28639a8c7b2bc6341,222
1323,3f07befbe269dc6833343b395c45e1137903beecb08f093ff0a8e7b7de48a9ce,21,467,datacopy/Stefano/3f07befbe269dc6833343b395c45e1137903beecb08f093ff0a8e7b7de48a9ce,222
1324,a2ec3ad156643272ad4ea5d35a86c07f5a092287e2e6729512305d35f531396d,21,129,datacopy/Stefano/a2ec3ad156643272ad4ea5d35a86c07f5a092287e2e6729512305d35f531396d,222
1325,93177d2191f60ef201e5ae39033fff673fea33612916bd49cdada7647968802c,21,467,datacopy/Stefano/93177d2191f60ef201e5ae39033fff673fea33612916bd49cdada7647968802c,222
1326,1b4e30e5d498a27b173a21c0eea5e743b6a5712f44397e86c72d16df7b3dc1e6,21,54,datacopy/Stefano/1b4e30e5d498a27b173a21c0eea5e743b6a5712f44397e86c72d16df7b3dc1e6,222
1327,91afef0fcb789489e17a791990d3d2a62ed678928a7c92bdb1d592fbe1e561c0,21,129,datacopy/Stefano/91afef0fcb789489e17a791990d3d2a62ed678928a7c92bdb1d592fbe1e561c0,222
1328,656cbb4f94cb78d9592f44ba05cd3003ec5f378112c1e5c2c9151f1ad303e38d,21,129,datacopy/Stefano/656cbb4f94cb78d9592f44ba05cd3003ec5f378112c1e5c2c9151f1ad303e38d,222
1329,ebd85211599ecb4d5da83106787dc993222580add077ad5604c0343b64e38439,21,129,datacopy/Stefano/ebd85211599ecb4d5da83106787dc993222580add077ad5604c0343b64e38439,222
1330,cb759b049ca36a0408c5f05d9dcd2d3ab432671a8337427c8023524eed1a1f08,21,467,datacopy/Stefano/cb759b049ca36a0408c5f05d9dcd2d3ab432671a8337427c8023524eed1a1f08,222
1331,70e1986853d918110860d47c7deceff7fe9b4c3825f3570b1a5b2db3f11b7f7b,21,129,datacopy/Stefano/70e1986853d918110860d47c7deceff7fe9b4c3825f3570b1a5b2db3f11b7f7b,222
1332,1db7013c71c590b9a74f6e8abc0acdf082704326bdcc38a124064f9e30432377,21,1169,datacopy/Stefano/1db7013c71c590b9a74f6e8abc0acdf082704326bdcc38a124064f9e30432377,222
1333,0c147d57ab617b76c72c7fde8090c71654f65ece79cf11d960355fbdb200b5e1,21,1169,datacopy/Stefano/0c147d57ab617b76c72c7fde8090c71654f65ece79cf11d960355fbdb200b5e1,222
1334,43307b9abd908eb8c7aca13d494a56d789d9c3a9cd3ce6f77473462bdfbdaa55,21,467,datacopy/Stefano/43307b9abd908eb8c7aca13d494a56d789d9c3a9cd3ce6f77473462bdfbdaa55,222
1335,ba4c7b25c1be41eae037f63ef02508aaff3e2ebef413d4e1b8ced577423d3e70,21,129,datacopy/Stefano/ba4c7b25c1be41eae037f63ef02508aaff3e2ebef413d4e1b8ced577423d3e70,222
1336,e4e1be740dbe66ba19fcb099e16a5c223f5246dc1492d6bb957db266fed76dd6,21,467,datacopy/Stefano/e4e1be740dbe66ba19fcb099e16a5c223f5246dc1492d6bb957db266fed76dd6,222
1337,397fff4081a21ef99f847049a7248ac7e464e96cc62d48399f77fedde80c0110,21,129,datacopy/Stefano/397fff4081a21ef99f847049a7248ac7e464e96cc62d48399f77fedde80c0110,222
1338,3f41f158b897582df42659423fbfae6d59b4d7173077c15d4d6541f2a8421fba,21,54,datacopy/Stefano/3f41f158b897582df42659423fbfae6d59b4d7173077c15d4d6541f2a8421fba,222
1339,ccc11064df4862f418d304ba8006cf77f7e2e84da3442a7c26ade61ec9d156cc,21,467,datacopy/Stefano/ccc11064df4862f418d304ba8006cf77f7e2e84da3442a7c26ade61ec9d156cc,222
1340,26546052ae7f48b23277acde858a661328774b757e381e958152d7dcdb6bca01,21,129,datacopy/Stefano/26546052ae7f48b23277acde858a661328774b757e381e958152d7dcdb6bca01,222
1341,21b1ef4a6921c936a51d11a2dbe201c08f5d0df5bad0066717dd4b588c66ad64,21,54,datacopy/Stefano/21b1ef4a6921c936a51d11a2dbe201c08f5d0df5bad0066717dd4b588c66ad64,222
1342,7cca45c65e2b8db591957792702acee067f6c87e2be0e1da35441ff3e6756651,21,467,datacopy/Stefano/7cca45c65e2b8db591957792702acee067f6c87e2be0e1da35441ff3e6756651,222
1343,e8772ca46189ffaff5c823ce1b747a9f3f7c6e17b722ab01c11ef439fa3c2398,21,467,datacopy/Stefano/e8772ca46189ffaff5c823ce1b747a9f3f7c6e17b722ab01c11ef439fa3c2398,222
1344,9b8c77007e790abd7e36616f88f2bfd9d241dc9bd1a7cca7e86ceabe28dddcf2,21,467,datacopy/Stefano/9b8c77007e790abd7e36616f88f2bfd9d241dc9bd1a7cca7e86ceabe28dddcf2,222
1345,95de46ad427acbcea369a809cd23e687bc714fe788b5267511dcf97cf35f0073,21,467,datacopy/Stefano/95de46ad427acbcea369a809cd23e687bc714fe788b5267511dcf97cf35f0073,222
1346,303d7125e423bc22ab619e48c59958ef03a37d41316a0e3503a47a911736a630,21,1358,datacopy/Stefano/303d7125e423bc22ab619e48c59958ef03a37d41316a0e3503a47a911736a630,222
1347,ed4cdde0f476540337fa74b9b9e745251f031536fe2ac404947c99f018a812ce,21,467,datacopy/Stefano/ed4cdde0f476540337fa74b9b9e745251f031536fe2ac404947c99f018a812ce,222
1348,123825af2b72d77cafbe56b30514a2dff45382f8e50c3ac8d5ef0a04889f848c,21,129,datacopy/Stefano/123825af2b72d77cafbe56b30514a2dff45382f8e50c3ac8d5ef0a04889f848c,222
1349,bb3d5c6590a77b2abf2fab66026c9a60954ec089c466ad3e4989e60662d4091d,21,467,datacopy/Stefano/bb3d5c6590a77b2abf2fab66026c9a60954ec089c466ad3e4989e60662d4091d,222
1350,b55454e828b55831bf881705517ecc9acd1254b57b4bbb9f4f4db5a295c3107f,21,467,datacopy/Stefano/b55454e828b55831bf881705517ecc9acd1254b57b4bbb9f4f4db5a295c3107f,222
1351,cdbd2397e873989a98728c60b970a0fc31b37d668dd09539d4b8390cbb7d99ab,21,3,datacopy/Stefano/cdbd2397e873989a98728c60b970a0fc31b37d668dd09539d4b8390cbb7d99ab,222
1352,f8681bdf3dbc74216013f563bf8d49e81cb570edfef5fff14377e62287eedbc2,21,96,datacopy/Stefano/f8681bdf3dbc74216013f563bf8d49e81cb570edfef5fff14377e62287eedbc2,222
1353,4989b2c7538306b2ae1d9dc594a7ab9466ae616a7297aa8ec09ebf8d137b289a,21,129,datacopy/Stefano/4989b2c7538306b2ae1d9dc594a7ab9466ae616a7297aa8ec09ebf8d137b289a,222
1354,a322dda5680f1cd3353f0ff15ada1d3e8a2756a5544dcb8c3f64f09754e752e0,21,3,datacopy/Stefano/a322dda5680f1cd3353f0ff15ada1d3e8a2756a5544dcb8c3f64f09754e752e0,222
1355,b2f642bd93b8b35e47d99e8a95cf064bd2e8316d99c65157614036dd16f7e505,21,467,datacopy/Stefano/b2f642bd93b8b35e47d99e8a95cf064bd2e8316d99c65157614036dd16f7e505,222
1356,064cd3d7499272cfa3256997fb794667cb4db69ffb2c77aed29958c0d94d448e,21,54,datacopy/Stefano/064cd3d7499272cfa3256997fb794667cb4db69ffb2c77aed29958c0d94d448e,222
1357,c2b8f0a639ecefb11c88550ae87f23c451535ebe354fbfa3e463e2d186aeea65,21,467,datacopy/Stefano/c2b8f0a639ecefb11c88550ae87f23c451535ebe354fbfa3e463e2d186aeea65,222
1358,a4b24cbc9fc3080de1a02125674f9fb96b13d4e77f31c55ddbe5f76e71b91efd,21,129,datacopy/Stefano/a4b24cbc9fc3080de1a02125674f9fb96b13d4e77f31c55ddbe5f76e71b91efd,222
1359,ec5ccc04999d577b2913316e155704d5a7b6c9f8442940d2d3ea7433d071151e,21,467,datacopy/Stefano/ec5ccc04999d577b2913316e155704d5a7b6c9f8442940d2d3ea7433d071151e,222
1360,4a7126a065bff4604840be59216c30e2260321b4d006513c46ea711246920f7c,21,54,datacopy/Stefano/4a7126a065bff4604840be59216c30e2260321b4d006513c46ea711246920f7c,222
1361,db622770c1a9203bda504de3f2bfb0435c0436c5f57717ecff8cb8e82261e3d0,21,54,datacopy/Stefano/db622770c1a9203bda504de3f2bfb0435c0436c5f57717ecff8cb8e82261e3d0,222
1362,b1fd73a589d5340b2efae5192a4e7ec2bae2332afb9022bb3c6111c029261e8e,21,467,datacopy/Stefano/b1fd73a589d5340b2efae5192a4e7ec2bae2332afb9022bb3c6111c029261e8e,222
1363,ff2f76f7b1e8f1970be37e64abcdec771f731a361587553cca7a0636aca34885,21,467,datacopy/Stefano/ff2f76f7b1e8f1970be37e64abcdec771f731a361587553cca7a0636aca34885,222
1364,e550502ba19e5f8885cb60d27a9eaf1f69fd18798bd66f1145f89addb51e3ce8,21,54,datacopy/Stefano/e550502ba19e5f8885cb60d27a9eaf1f69fd18798bd66f1145f89addb51e3ce8,222
1365,a4d566b38bdd21119176ccea769d0188ca10c8269e31cb8db8ff78a726680848,21,467,datacopy/Stefano/a4d566b38bdd21119176ccea769d0188ca10c8269e31cb8db8ff78a726680848,222
1366,7cee90e984901eece78d944ba4dcf2d0a07644e1a144295bd485398dbdaa0f00,21,467,datacopy/Stefano/7cee90e984901eece78d944ba4dcf2d0a07644e1a144295bd485398dbdaa0f00,222
1367,92faea13242a8738ba9f1e7669ed074d2399fabf0f27e52d001cf7af1158a0d9,21,3,datacopy/Stefano/92faea13242a8738ba9f1e7669ed074d2399fabf0f27e52d001cf7af1158a0d9,222
1368,a0c440dae0d35490a6d13b1af1c1cc41b50895d4980e5b57a7875beee2f3185c,21,467,datacopy/Stefano/a0c440dae0d35490a6d13b1af1c1cc41b50895d4980e5b57a7875beee2f3185c,222
1369,756aa68429196b9ff02975e851681a02bdc953588fc39b80fc86ea86a63b5229,21,467,datacopy/Stefano/756aa68429196b9ff02975e851681a02bdc953588fc39b80fc86ea86a63b5229,222
1370,cd707eb1f006b18f168abc46827a5f936b4395b39f144beb706f64c3c41b88fe,21,467,datacopy/Stefano/cd707eb1f006b18f168abc46827a5f936b4395b39f144beb706f64c3c41b88fe,222
1371,4bfb000c04008db007a49f0b4437b7b677a4a905045284e142462a50ab30d218,21,1391,datacopy/Stefano/4bfb000c04008db007a49f0b4437b7b677a4a905045284e142462a50ab30d218,222
1372,d1e8570d0f63b42238b1823600718f73549d470ecf94fd9265728c99c4a348b6,21,129,datacopy/Stefano/d1e8570d0f63b42238b1823600718f73549d470ecf94fd9265728c99c4a348b6,222
1373,87a42ff64b84abfea0be864fd12391a0957ec03fdaabea9a3daae2057d819406,21,467,datacopy/Stefano/87a42ff64b84abfea0be864fd12391a0957ec03fdaabea9a3daae2057d819406,222
1374,8d8080aa677ff34990e1a2dad6b937b38dca311cb39a92cda0f797fb427ec17f,21,54,datacopy/Stefano/8d8080aa677ff34990e1a2dad6b937b38dca311cb39a92cda0f797fb427ec17f,222
1375,3d22091a6d768c46eb193b81711f7325ea5b0b278e14c9408df1976176c9ac77,21,54,datacopy/Stefano/3d22091a6d768c46eb193b81711f7325ea5b0b278e14c9408df1976176c9ac77,222
1376,4f68f8fb2ebee2ef2bab68214e415ae146f857455d1436de67b3b4a146e8d314,21,1156,datacopy/Stefano/4f68f8fb2ebee2ef2bab68214e415ae146f857455d1436de67b3b4a146e8d314,222
1377,0c040ecffb18820e9d284dd7b798f49b8dbff2720ea9e4542200af09741963ae,21,3,datacopy/Stefano/0c040ecffb18820e9d284dd7b798f49b8dbff2720ea9e4542200af09741963ae,222
1378,cdcda547c0c1620e48e9e6e71a4f36d1453a4b61c54acd5cf8f35877cebc0018,21,467,datacopy/Stefano/cdcda547c0c1620e48e9e6e71a4f36d1453a4b61c54acd5cf8f35877cebc0018,222
1379,9bfc7b6423cbe52395e2dbb70b6a634188eddccdf57e607ebbe0ac528f511148,21,467,datacopy/Stefano/9bfc7b6423cbe52395e2dbb70b6a634188eddccdf57e607ebbe0ac528f511148,222
1380,5c47fb8b93590b3422538c91966f92857bf746504e09137bff1a9145828f7fd3,21,1257,datacopy/Stefano/5c47fb8b93590b3422538c91966f92857bf746504e09137bff1a9145828f7fd3,222
1381,811b7ccbea4c36c5c8296ebc82e35cbf3a2d04cec9d330adfdeb10d8515a3b65,21,467,datacopy/Stefano/811b7ccbea4c36c5c8296ebc82e35cbf3a2d04cec9d330adfdeb10d8515a3b65,222
1382,8a633fa5c3288363ca357e70c93f7a4ddf603fa8286be9008f42bbf567c7f5de,21,54,datacopy/Stefano/8a633fa5c3288363ca357e70c93f7a4ddf603fa8286be9008f42bbf567c7f5de,222
1383,7b347120cbb6d8651bd9ebc120ba496da5a862ecdda5b031cafee0550e89ea0d,21,129,datacopy/Stefano/7b347120cbb6d8651bd9ebc120ba496da5a862ecdda5b031cafee0550e89ea0d,222
1384,a98d9e5354f2da3175289d188fc0489cd31d529b8b3ea8097c23fa933a99d2c7,21,54,datacopy/Stefano/a98d9e5354f2da3175289d188fc0489cd31d529b8b3ea8097c23fa933a99d2c7,222
1385,9f05b5ca049aee1d87bac8d7884f88512dd25de7e0200124214931ba87dffb23,21,467,datacopy/Stefano/9f05b5ca049aee1d87bac8d7884f88512dd25de7e0200124214931ba87dffb23,222
1386,f0e170a42e494a01c2f99e8e23a32dd7193c8088cd32ef4125590207b6838fca,21,467,datacopy/Stefano/f0e170a42e494a01c2f99e8e23a32dd7193c8088cd32ef4125590207b6838fca,222
1387,b22e3007e91401a20619fa3f8a8525a9ffd8872daa51fc1ee001d2da1726b648,21,129,datacopy/Stefano/b22e3007e91401a20619fa3f8a8525a9ffd8872daa51fc1ee001d2da1726b648,222
1388,1e4b2d09662e84e973b0ac8fea3a7040ea72841d859b2bc142c2e29d8a334c8d,21,54,datacopy/Stefano/1e4b2d09662e84e973b0ac8fea3a7040ea72841d859b2bc142c2e29d8a334c8d,222
1389,e76d440cd213ba100686353ae85473a370e55de12e2e713da00e094c9b1eae91,21,467,datacopy/Stefano/e76d440cd213ba100686353ae85473a370e55de12e2e713da00e094c9b1eae91,222
1390,46fb7f9d49bf9b13db6fe3192bff102406c2075f2b0f89729208c895e832b736,21,129,datacopy/Stefano/46fb7f9d49bf9b13db6fe3192bff102406c2075f2b0f89729208c895e832b736,222
1391,45b805211ebed2cda154d1b4ad8a6eb9cf7973466b7c03b3b9192cf9fd321bdc,21,1169,datacopy/Stefano/45b805211ebed2cda154d1b4ad8a6eb9cf7973466b7c03b3b9192cf9fd321bdc,222
1392,d73dfa46e2031b22729308f5759dd626db58152c634b04e2aa74721cb15b0526,21,129,datacopy/Stefano/d73dfa46e2031b22729308f5759dd626db58152c634b04e2aa74721cb15b0526,222
1393,e1f8d47fdcaa81337aeb59eeb17e2eeca821153f95f0795367896f313aa19af2,21,54,datacopy/Stefano/e1f8d47fdcaa81337aeb59eeb17e2eeca821153f95f0795367896f313aa19af2,222
1394,0848d2fc494371d5ff1eb02d799f4bd668fcf243016dd9c0184aa7c45b314af0,21,1169,datacopy/Stefano/0848d2fc494371d5ff1eb02d799f4bd668fcf243016dd9c0184aa7c45b314af0,222
1395,d6b8afdf4e87a3b15c58854964353e989d530ca7b835e687d496ef375e7f4887,21,467,datacopy/Stefano/d6b8afdf4e87a3b15c58854964353e989d530ca7b835e687d496ef375e7f4887,222
1396,e04c471afa6295f543092ef91a365b60cbfc6c443ae0ca11afb4629758e22693,21,1439,datacopy/Stefano/e04c471afa6295f543092ef91a365b60cbfc6c443ae0ca11afb4629758e22693,222
1397,66a3791ca429bf25065622574f1715c28335add66a100356b9dd92a5fa1290a5,21,54,datacopy/Stefano/66a3791ca429bf25065622574f1715c28335add66a100356b9dd92a5fa1290a5,222
1398,d1c39c4f7507854177d47c51eddab47bb49f353ca5f87dfe3c35b7760b1ec839,21,3,datacopy/Stefano/d1c39c4f7507854177d47c51eddab47bb49f353ca5f87dfe3c35b7760b1ec839,222
1399,f50a9a4a88d7577aaaa74a288c08cfe9e8ed1f76f5f8a83bd174502c9974ae3d,21,467,datacopy/Stefano/f50a9a4a88d7577aaaa74a288c08cfe9e8ed1f76f5f8a83bd174502c9974ae3d,222
1400,bb461b897fcb5f67e8cb6fa18443e36ef735ccb0911e4dc8e95a7f862ea0c733,21,219,datacopy/Stefano/bb461b897fcb5f67e8cb6fa18443e36ef735ccb0911e4dc8e95a7f862ea0c733,222
1401,7cdecdde96a8d55bb07282e3ee4c8dd816f81ee126961b45f9476bd3b78d64e3,21,54,datacopy/Stefano/7cdecdde96a8d55bb07282e3ee4c8dd816f81ee126961b45f9476bd3b78d64e3,222
1402,cd81d4f3d0dea810ea51acd64be66728eb641e679602e22cd939af53d8a8a171,21,54,datacopy/Stefano/cd81d4f3d0dea810ea51acd64be66728eb641e679602e22cd939af53d8a8a171,222
1403,e81720edcfa0a8d6be6cf41685f2946c2093aa94eb3c23b706bc8e458c9e3f4b,21,54,datacopy/Stefano/e81720edcfa0a8d6be6cf41685f2946c2093aa94eb3c23b706bc8e458c9e3f4b,222
1404,a8f99d58af3016cd6db7c206da3f66db299010d386c669b2a335e8bc5588dcce,21,467,datacopy/Stefano/a8f99d58af3016cd6db7c206da3f66db299010d386c669b2a335e8bc5588dcce,222
1405,7398657de67dd507c4370d2ec425d65efe00ede4da67eadf222e80b5d6af5f17,21,467,datacopy/Stefano/7398657de67dd507c4370d2ec425d65efe00ede4da67eadf222e80b5d6af5f17,222
1406,0669821e91512cd87de2b1229431448da3f825c70c2450ac9bb9226b3f502489,21,1169,datacopy/Stefano/0669821e91512cd87de2b1229431448da3f825c70c2450ac9bb9226b3f502489,222
1407,11c1f632f905f970b5a5146cbc491c40e1092a5affb92a5a08cd68582a58c6fe,21,1169,datacopy/Stefano/11c1f632f905f970b5a5146cbc491c40e1092a5affb92a5a08cd68582a58c6fe,222
1408,b9d385ae52d90b73ce17b041f2ce4aa675ea678ba753c1c04f952406ab2c84db,21,3,datacopy/Stefano/b9d385ae52d90b73ce17b041f2ce4aa675ea678ba753c1c04f952406ab2c84db,222
1409,810c19e6e2285c08daf6aa892915e37bf640cdac.bin,24,477,datacopy/UCSB.JP/data_feed.geo_japan_6m_public_flag/8/1/0/810c19e6e2285c08daf6aa892915e37bf640cdac.bin,170
1410,a4452594eade4942776f8b76b0a9aa764cbc14b4.bin,24,477,datacopy/UCSB.JP/data_feed.geo_japan_6m_public_flag/a/4/4/a4452594eade4942776f8b76b0a9aa764cbc14b4.bin,170
1411,a46a1f57e76f8aff9fb9b69525ceee20244d18f4.bin,24,477,datacopy/UCSB.JP/data_feed.geo_japan_6m_public_flag/a/4/6/a46a1f57e76f8aff9fb9b69525ceee20244d18f4.bin,170
1412,b47211a7975283bb44a7949b179ed9d5b5123b13.bin,24,477,datacopy/UCSB.JP/data_feed.geo_japan_6m_public_flag/b/4/7/b47211a7975283bb44a7949b179ed9d5b5123b13.bin,170
1413,3687faaaed2263d510405e200e2b8fc17f06b675.bin,24,477,datacopy/UCSB.JP/data_feed.geo_japan_6m_public_flag/3/6/8/3687faaaed2263d510405e200e2b8fc17f06b675.bin,170
1414,95caa0eac8859436152dd3b57c343e40de811b12.bin,24,477,datacopy/UCSB.JP/data_feed.geo_japan_6m_public_flag/9/5/c/95caa0eac8859436152dd3b57c343e40de811b12.bin,170
1415,1505a1c51722ba8261db3107bcc9451170b5488d.bin,24,477,datacopy/UCSB.JP/data_feed.geo_japan_6m_public_flag/1/5/0/1505a1c51722ba8261db3107bcc9451170b5488d.bin,170
1416,c22bf80b6fa227e493d4147fbe977ff51470c78e.bin,24,477,datacopy/UCSB.JP/data_feed.geo_japan_6m_public_flag/c/2/2/c22bf80b6fa227e493d4147fbe977ff51470c78e.bin,170
1417,08f181dd216f4db691aacfe48b9b05a5a179c2c4.bin,24,477,datacopy/UCSB.JP/data_feed.geo_japan_6m_public_flag/0/8/f/08f181dd216f4db691aacfe48b9b05a5a179c2c4.bin,170
1418,62067b7db7a766f00b6f66240bea9543cdcbedb1.bin,24,477,datacopy/UCSB.JP/data_feed.geo_japan_6m_public_flag/6/2/0/62067b7db7a766f00b6f66240bea9543cdcbedb1.bin,170
1419,656b33750ebdfc3849608dfcad60af7afbfd6b34.bin,24,477,datacopy/UCSB.JP/data_feed.geo_japan_6m_public_flag/6/5/6/656b33750ebdfc3849608dfcad60af7afbfd6b34.bin,170
1420,deda38a346ca255cd62bbba787eac602afa77157.bin,24,477,datacopy/UCSB/deda38a346ca255cd62bbba787eac602afa77157.bin,170
1421,633a1a7efeb4d36c8abb9edad2b6296070f12e38.bin,24,477,datacopy/UCSB/633a1a7efeb4d36c8abb9edad2b6296070f12e38.bin,170
1422,fbbc8911de143a8a17fe4999e4565c1d6e516ab9.bin,24,477,datacopy/UCSB/fbbc8911de143a8a17fe4999e4565c1d6e516ab9.bin,170
1423,72efa8f5364723cd81285c0251129060cb7dc4a9.bin,24,477,datacopy/UCSB/72efa8f5364723cd81285c0251129060cb7dc4a9.bin,170
1424,b0ab5f51ac12c16c033f3bf926ef57a02e5c9bda.bin,24,477,datacopy/UCSB/b0ab5f51ac12c16c033f3bf926ef57a02e5c9bda.bin,170
1425,7265ada82da7609d612ce3ac511a7f500553338e.bin,24,477,datacopy/UCSB/7265ada82da7609d612ce3ac511a7f500553338e.bin,170
1426,5c2efae2dce927aece2a150f69f1d4f369fd77e9.bin,24,477,datacopy/UCSB/5c2efae2dce927aece2a150f69f1d4f369fd77e9.bin,170
1427,b8d12392e9dc0819a7795b4e9b30406259cccea4.bin,24,477,datacopy/UCSB/b8d12392e9dc0819a7795b4e9b30406259cccea4.bin,170
1428,8836171483fcb12d6fb08661afa951eaf97d189807db2f3ff1013cf4f1e93039,24,1197,datacopy/evasive-it/2019/8836171483fcb12d6fb08661afa951eaf97d189807db2f3ff1013cf4f1e93039,170
1429,Trojan-PSW.Win32.Rhadamanthus.z-140f170d8b83611cb8897164be174495dc51961dc34fbccc9a714917cc341b8f,24,1466,datacopy/evasive-it/2023/Trojan-PSW.Win32.Rhadamanthus.z-140f170d8b83611cb8897164be174495dc51961dc34fbccc9a714917cc341b8f,170
1430,0446c62360dc6624848a1482d3afbcc2d1febe0eab988cc40c523a39900ff7c9,24,1459,datacopy/evasive-it/2019/0446c62360dc6624848a1482d3afbcc2d1febe0eab988cc40c523a39900ff7c9,170
1431,3977e3b6dd94db9e29808fed212dc4f1c3355bbee03195dd6fd6be2b92353d17,24,670,datacopy/evasive-it/2018/3977e3b6dd94db9e29808fed212dc4f1c3355bbee03195dd6fd6be2b92353d17,170
1432,HEUR-Trojan.Win32.Wofith.gen-7c8f444757a013aa7fd3578a16842d19e7e9d7828aa47c3ce2032ee58cd4b8c4,24,1458,datacopy/evasive-it/2022/HEUR-Trojan.Win32.Wofith.gen-7c8f444757a013aa7fd3578a16842d19e7e9d7828aa47c3ce2032ee58cd4b8c4,170
1433,8e6a001557ae4d090725c76a2b03487c5c6dabd4.bin,24,1986,datacopy/UCSB.JP/data_feed.geo_japan_6m_public_flag/8/e/6/8e6a001557ae4d090725c76a2b03487c5c6dabd4.bin,170
1434,Trojan.Win32.DelShad.icm-08565f345878369fdbbcf4a064d9f4762f4549f67d1e2aa3907a112a5e5322b6,24,1457,datacopy/evasive-it/2022/Trojan.Win32.DelShad.icm-08565f345878369fdbbcf4a064d9f4762f4549f67d1e2aa3907a112a5e5322b6,170
1435,b9c705cedc02d6ef6ea1764f6dfb0724ce66c878f5c033d5187b9b877fc926e1,24,312,datacopy/evasive-it/2021/b9c705cedc02d6ef6ea1764f6dfb0724ce66c878f5c033d5187b9b877fc926e1,170
1436,4149f025cfce38098d9b8a048c169651a38d312ed6e026b59f034252bdbca5e6,24,1046,datacopy/evasive-it/2021/4149f025cfce38098d9b8a048c169651a38d312ed6e026b59f034252bdbca5e6,170
1437,HEUR-Trojan.Win32.Wofith.gen-7c8f444757a013aa7fd3578a16842d19e7e9d7828aa47c3ce2032ee58cd4b8c4,24,1458,datacopy/evasive-it/2022/HEUR-Trojan.Win32.Wofith.gen-7c8f444757a013aa7fd3578a16842d19e7e9d7828aa47c3ce2032ee58cd4b8c4,170
1438,21fc6ae8f7c0619af4c03ce300bb271f3d3ec43cd196bb04250839dd9700ecad,24,1454,datacopy/evasive-it/2021/21fc6ae8f7c0619af4c03ce300bb271f3d3ec43cd196bb04250839dd9700ecad,170
1439,82b397ecfb78454deb483ba9f5a1a0572d0102d4.bin,24,1161,datacopy/UCSB.JP/data_feed.geo_japan_6m_public_flag/8/2/b/82b397ecfb78454deb483ba9f5a1a0572d0102d4.bin,170
1440,eba896af2ead7e0e3030244f388f5fcd4aab1c1d9f30cbf1506d2e4aeb1ce582,24,1197,datacopy/evasive-it/2019/eba896af2ead7e0e3030244f388f5fcd4aab1c1d9f30cbf1506d2e4aeb1ce582,170
1441,1303679e1b62b14f24307a92a4b4b5ae18267675ceb6ff800493f65648dc0a51,24,1046,datacopy/evasive-it/2019/1303679e1b62b14f24307a92a4b4b5ae18267675ceb6ff800493f65648dc0a51,170
1442,ddfcd8635271a01c98d29fce4c227a87d093647d47f95ee9a7566805780074ef,24,1046,datacopy/evasive-it/2021/ddfcd8635271a01c98d29fce4c227a87d093647d47f95ee9a7566805780074ef,170
1443,Trojan.Win32.XRed.aff-cdc95392f7aaf04457256258571c08966e093503028339eeeb586a3d1d2903e0,24,1471,datacopy/evasive-it/2023/Trojan.Win32.XRed.aff-cdc95392f7aaf04457256258571c08966e093503028339eeeb586a3d1d2903e0,170
1444,HEUR-Worm.Win32.Pluto.gen-8b86e05a29d3f5baf4e579364eb42f96746366bd1fab0435272f6b619be880d1,24,1459,datacopy/evasive-it/2022/HEUR-Worm.Win32.Pluto.gen-8b86e05a29d3f5baf4e579364eb42f96746366bd1fab0435272f6b619be880d1,170
1445,acde855f82379a91cb7f769f1046a5b3fc64691353db5f97e4a4df9f9ef63843,24,1273,datacopy/evasive-it/2019/acde855f82379a91cb7f769f1046a5b3fc64691353db5f97e4a4df9f9ef63843,170
1446,Trojan.Win32.Bublik.elhu-0cbefd9fa36902937cb5e57f8b7fb1a476498c6dd4fc0fcdee2bfbba5b0e9bce,24,312,datacopy/evasive-it/2022/Trojan.Win32.Bublik.elhu-0cbefd9fa36902937cb5e57f8b7fb1a476498c6dd4fc0fcdee2bfbba5b0e9bce,170
1447,4680b729788986872608aa10ba00f75bcee18ba81cbf6c79845652014bc8383a,24,312,datacopy/evasive-it/2019/4680b729788986872608aa10ba00f75bcee18ba81cbf6c79845652014bc8383a,170
1448,4149f025cfce38098d9b8a048c169651a38d312ed6e026b59f034252bdbca5e6,24,1046,datacopy/evasive-it/2021/4149f025cfce38098d9b8a048c169651a38d312ed6e026b59f034252bdbca5e6,170
1449,6b0365cf585ab70937ea56e3516c41513c318e478b9ea61d4fbfc689047a6c66,24,1290,datacopy/evasive-it/2018/6b0365cf585ab70937ea56e3516c41513c318e478b9ea61d4fbfc689047a6c66,170
1450,ce46e8fd19e006eb7dd8c14c64050025d8771fc092097f8b3824ece04c7064ef,24,1046,datacopy/evasive-it/2021/ce46e8fd19e006eb7dd8c14c64050025d8771fc092097f8b3824ece04c7064ef,170
1451,429f04f08bd9cb77e7c85d1a0476dbfb0f5a257ed1ca4cefca3f25b47b48efed,24,1162,datacopy/evasive-it/2020/429f04f08bd9cb77e7c85d1a0476dbfb0f5a257ed1ca4cefca3f25b47b48efed,170
1452,HEUR-Trojan.Win32.Darkgate.gen-301158ffb44a9824deeec16bdc7dabdc328b9f3ecde0df048741218285d8bcc8,24,1469,datacopy/evasive-it/2023/HEUR-Trojan.Win32.Darkgate.gen-301158ffb44a9824deeec16bdc7dabdc328b9f3ecde0df048741218285d8bcc8,170
1453,1303679e1b62b14f24307a92a4b4b5ae18267675ceb6ff800493f65648dc0a51,24,1046,datacopy/evasive-it/2019/1303679e1b62b14f24307a92a4b4b5ae18267675ceb6ff800493f65648dc0a51,170
1454,68f22901ca321609823c5211354ef8946432d77be3315077b808b5e0fd015562,24,83,datacopy/evasive-it/2021/68f22901ca321609823c5211354ef8946432d77be3315077b808b5e0fd015562,170
1455,VHO-Trojan.Win32.Llac.gen-741280ecfc868faa37e9deafa2d6359cc08390e36a5eb37853669045befc068b,24,312,datacopy/evasive-it/2022/VHO-Trojan.Win32.Llac.gen-741280ecfc868faa37e9deafa2d6359cc08390e36a5eb37853669045befc068b,170
1456,ce46e8fd19e006eb7dd8c14c64050025d8771fc092097f8b3824ece04c7064ef,24,1046,datacopy/evasive-it/2021/ce46e8fd19e006eb7dd8c14c64050025d8771fc092097f8b3824ece04c7064ef,170
1457,2b337550dbcc817d4d71433cb2179657d99f90045d1ce0b6bcdac7e38f82faee,24,1459,datacopy/evasive-it/2019/2b337550dbcc817d4d71433cb2179657d99f90045d1ce0b6bcdac7e38f82faee,170
1458,ce46e8fd19e006eb7dd8c14c64050025d8771fc092097f8b3824ece04c7064ef,24,1046,datacopy/evasive-it/2021/ce46e8fd19e006eb7dd8c14c64050025d8771fc092097f8b3824ece04c7064ef,170
1459,2b81bcbc4e1b8e1c6f7ab1eca090887c0710a73e4fd4179627f2580418d40a4c,24,1455,datacopy/evasive-it/2021/2b81bcbc4e1b8e1c6f7ab1eca090887c0710a73e4fd4179627f2580418d40a4c,170
1460,8e6a001557ae4d090725c76a2b03487c5c6dabd4.bin,24,1986,datacopy/UCSB.JP/data_feed.geo_japan_6m_public_flag/8/e/6/8e6a001557ae4d090725c76a2b03487c5c6dabd4.bin,170
1461,8836171483fcb12d6fb08661afa951eaf97d189807db2f3ff1013cf4f1e93039,24,1197,datacopy/evasive-it/2019/8836171483fcb12d6fb08661afa951eaf97d189807db2f3ff1013cf4f1e93039,170
1462,Trojan-PSW.Win32.Rhadamanthus.z-140f170d8b83611cb8897164be174495dc51961dc34fbccc9a714917cc341b8f,24,1466,datacopy/evasive-it/2023/Trojan-PSW.Win32.Rhadamanthus.z-140f170d8b83611cb8897164be174495dc51961dc34fbccc9a714917cc341b8f,170
1463,0446c62360dc6624848a1482d3afbcc2d1febe0eab988cc40c523a39900ff7c9,24,1459,datacopy/evasive-it/2019/0446c62360dc6624848a1482d3afbcc2d1febe0eab988cc40c523a39900ff7c9,170
1464,3977e3b6dd94db9e29808fed212dc4f1c3355bbee03195dd6fd6be2b92353d17,24,670,datacopy/evasive-it/2018/3977e3b6dd94db9e29808fed212dc4f1c3355bbee03195dd6fd6be2b92353d17,170
1465,HEUR-Trojan.Win32.Wofith.gen-7c8f444757a013aa7fd3578a16842d19e7e9d7828aa47c3ce2032ee58cd4b8c4,24,1458,datacopy/evasive-it/2022/HEUR-Trojan.Win32.Wofith.gen-7c8f444757a013aa7fd3578a16842d19e7e9d7828aa47c3ce2032ee58cd4b8c4,170
1466,8e6a001557ae4d090725c76a2b03487c5c6dabd4.bin,24,1986,datacopy/UCSB.JP/data_feed.geo_japan_6m_public_flag/8/e/6/8e6a001557ae4d090725c76a2b03487c5c6dabd4.bin,170
1467,Trojan.Win32.DelShad.icm-08565f345878369fdbbcf4a064d9f4762f4549f67d1e2aa3907a112a5e5322b6,24,1457,datacopy/evasive-it/2022/Trojan.Win32.DelShad.icm-08565f345878369fdbbcf4a064d9f4762f4549f67d1e2aa3907a112a5e5322b6,170
1468,b9c705cedc02d6ef6ea1764f6dfb0724ce66c878f5c033d5187b9b877fc926e1,24,312,datacopy/evasive-it/2021/b9c705cedc02d6ef6ea1764f6dfb0724ce66c878f5c033d5187b9b877fc926e1,170
1469,8b87a6d1bcd040f5d5add7ab7a044a0a6a35ca70.bin,24,604,datacopy/UCSB.JP/data_feed.geo_japan_6m_public_flag/8/b/8/8b87a6d1bcd040f5d5add7ab7a044a0a6a35ca70.bin,170
1470,4149f025cfce38098d9b8a048c169651a38d312ed6e026b59f034252bdbca5e6,24,1046,datacopy/evasive-it/2021/4149f025cfce38098d9b8a048c169651a38d312ed6e026b59f034252bdbca5e6,170
1471,HEUR-Trojan.Win32.Wofith.gen-7c8f444757a013aa7fd3578a16842d19e7e9d7828aa47c3ce2032ee58cd4b8c4,24,1458,datacopy/evasive-it/2022/HEUR-Trojan.Win32.Wofith.gen-7c8f444757a013aa7fd3578a16842d19e7e9d7828aa47c3ce2032ee58cd4b8c4,170
1472,21fc6ae8f7c0619af4c03ce300bb271f3d3ec43cd196bb04250839dd9700ecad,24,1454,datacopy/evasive-it/2021/21fc6ae8f7c0619af4c03ce300bb271f3d3ec43cd196bb04250839dd9700ecad,170
1473,82b397ecfb78454deb483ba9f5a1a0572d0102d4.bin,24,1161,datacopy/UCSB.JP/data_feed.geo_japan_6m_public_flag/8/2/b/82b397ecfb78454deb483ba9f5a1a0572d0102d4.bin,170
1474,eba896af2ead7e0e3030244f388f5fcd4aab1c1d9f30cbf1506d2e4aeb1ce582,24,1197,datacopy/evasive-it/2019/eba896af2ead7e0e3030244f388f5fcd4aab1c1d9f30cbf1506d2e4aeb1ce582,170
1475,0f6094d11540d02405591452d2278a34dc84cdecf0e5ac3bb95abc3dc9449438,24,803,datacopy/evasive-it/2019/0f6094d11540d02405591452d2278a34dc84cdecf0e5ac3bb95abc3dc9449438,170
1476,1303679e1b62b14f24307a92a4b4b5ae18267675ceb6ff800493f65648dc0a51,24,1046,datacopy/evasive-it/2019/1303679e1b62b14f24307a92a4b4b5ae18267675ceb6ff800493f65648dc0a51,170
1477,ddfcd8635271a01c98d29fce4c227a87d093647d47f95ee9a7566805780074ef,24,1046,datacopy/evasive-it/2021/ddfcd8635271a01c98d29fce4c227a87d093647d47f95ee9a7566805780074ef,170
1478,Trojan.Win32.XRed.aff-cdc95392f7aaf04457256258571c08966e093503028339eeeb586a3d1d2903e0,24,1471,datacopy/evasive-it/2023/Trojan.Win32.XRed.aff-cdc95392f7aaf04457256258571c08966e093503028339eeeb586a3d1d2903e0,170
1479,HEUR-Worm.Win32.Pluto.gen-8b86e05a29d3f5baf4e579364eb42f96746366bd1fab0435272f6b619be880d1,24,1459,datacopy/evasive-it/2022/HEUR-Worm.Win32.Pluto.gen-8b86e05a29d3f5baf4e579364eb42f96746366bd1fab0435272f6b619be880d1,170
1480,acde855f82379a91cb7f769f1046a5b3fc64691353db5f97e4a4df9f9ef63843,24,1273,datacopy/evasive-it/2019/acde855f82379a91cb7f769f1046a5b3fc64691353db5f97e4a4df9f9ef63843,170
1481,Trojan.Win32.Bublik.elhu-0cbefd9fa36902937cb5e57f8b7fb1a476498c6dd4fc0fcdee2bfbba5b0e9bce,24,312,datacopy/evasive-it/2022/Trojan.Win32.Bublik.elhu-0cbefd9fa36902937cb5e57f8b7fb1a476498c6dd4fc0fcdee2bfbba5b0e9bce,170
1482,4680b729788986872608aa10ba00f75bcee18ba81cbf6c79845652014bc8383a,24,312,datacopy/evasive-it/2019/4680b729788986872608aa10ba00f75bcee18ba81cbf6c79845652014bc8383a,170
1483,4149f025cfce38098d9b8a048c169651a38d312ed6e026b59f034252bdbca5e6,24,1046,datacopy/evasive-it/2021/4149f025cfce38098d9b8a048c169651a38d312ed6e026b59f034252bdbca5e6,170
1484,6b0365cf585ab70937ea56e3516c41513c318e478b9ea61d4fbfc689047a6c66,24,1290,datacopy/evasive-it/2018/6b0365cf585ab70937ea56e3516c41513c318e478b9ea61d4fbfc689047a6c66,170
1485,ce46e8fd19e006eb7dd8c14c64050025d8771fc092097f8b3824ece04c7064ef,24,1046,datacopy/evasive-it/2021/ce46e8fd19e006eb7dd8c14c64050025d8771fc092097f8b3824ece04c7064ef,170
1486,429f04f08bd9cb77e7c85d1a0476dbfb0f5a257ed1ca4cefca3f25b47b48efed,24,1162,datacopy/evasive-it/2020/429f04f08bd9cb77e7c85d1a0476dbfb0f5a257ed1ca4cefca3f25b47b48efed,170
1487,HEUR-Trojan.Win32.Darkgate.gen-301158ffb44a9824deeec16bdc7dabdc328b9f3ecde0df048741218285d8bcc8,24,1469,datacopy/evasive-it/2023/HEUR-Trojan.Win32.Darkgate.gen-301158ffb44a9824deeec16bdc7dabdc328b9f3ecde0df048741218285d8bcc8,170
1488,1303679e1b62b14f24307a92a4b4b5ae18267675ceb6ff800493f65648dc0a51,24,1046,datacopy/evasive-it/2019/1303679e1b62b14f24307a92a4b4b5ae18267675ceb6ff800493f65648dc0a51,170
1489,68f22901ca321609823c5211354ef8946432d77be3315077b808b5e0fd015562,24,83,datacopy/evasive-it/2021/68f22901ca321609823c5211354ef8946432d77be3315077b808b5e0fd015562,170
1490,VHO-Trojan.Win32.Llac.gen-741280ecfc868faa37e9deafa2d6359cc08390e36a5eb37853669045befc068b,24,312,datacopy/evasive-it/2022/VHO-Trojan.Win32.Llac.gen-741280ecfc868faa37e9deafa2d6359cc08390e36a5eb37853669045befc068b,170
1491,2b337550dbcc817d4d71433cb2179657d99f90045d1ce0b6bcdac7e38f82faee,24,1459,datacopy/evasive-it/2019/2b337550dbcc817d4d71433cb2179657d99f90045d1ce0b6bcdac7e38f82faee,170
1492,ce46e8fd19e006eb7dd8c14c64050025d8771fc092097f8b3824ece04c7064ef,24,1046,datacopy/evasive-it/2021/ce46e8fd19e006eb7dd8c14c64050025d8771fc092097f8b3824ece04c7064ef,170
1493,2b81bcbc4e1b8e1c6f7ab1eca090887c0710a73e4fd4179627f2580418d40a4c,24,1455,datacopy/evasive-it/2021/2b81bcbc4e1b8e1c6f7ab1eca090887c0710a73e4fd4179627f2580418d40a4c,170
1494,8e6a001557ae4d090725c76a2b03487c5c6dabd4.bin,24,1986,datacopy/UCSB.JP/data_feed.geo_japan_6m_public_flag/8/e/6/8e6a001557ae4d090725c76a2b03487c5c6dabd4.bin,170
1495,82b397ecfb78454deb483ba9f5a1a0572d0102d4.bin,24,1161,datacopy/UCSB.JP/data_feed.geo_japan_6m_public_flag/8/2/b/82b397ecfb78454deb483ba9f5a1a0572d0102d4.bin,170
1496,ddfcd8635271a01c98d29fce4c227a87d093647d47f95ee9a7566805780074ef,24,1046,datacopy/evasive-it/2021/ddfcd8635271a01c98d29fce4c227a87d093647d47f95ee9a7566805780074ef,170
1497,HEUR-Worm.Win32.Pluto.gen-8b86e05a29d3f5baf4e579364eb42f96746366bd1fab0435272f6b619be880d1,24,1459,datacopy/evasive-it/2022/HEUR-Worm.Win32.Pluto.gen-8b86e05a29d3f5baf4e579364eb42f96746366bd1fab0435272f6b619be880d1,170
1498,4680b729788986872608aa10ba00f75bcee18ba81cbf6c79845652014bc8383a,24,312,datacopy/evasive-it/2019/4680b729788986872608aa10ba00f75bcee18ba81cbf6c79845652014bc8383a,170
1499,ce46e8fd19e006eb7dd8c14c64050025d8771fc092097f8b3824ece04c7064ef,24,1046,datacopy/evasive-it/2021/ce46e8fd19e006eb7dd8c14c64050025d8771fc092097f8b3824ece04c7064ef,170
1500,HEUR-Trojan.Win32.Darkgate.gen-301158ffb44a9824deeec16bdc7dabdc328b9f3ecde0df048741218285d8bcc8,24,1469,datacopy/evasive-it/2023/HEUR-Trojan.Win32.Darkgate.gen-301158ffb44a9824deeec16bdc7dabdc328b9f3ecde0df048741218285d8bcc8,170
1501,68f22901ca321609823c5211354ef8946432d77be3315077b808b5e0fd015562,24,83,datacopy/evasive-it/2021/68f22901ca321609823c5211354ef8946432d77be3315077b808b5e0fd015562,170
1502,ce46e8fd19e006eb7dd8c14c64050025d8771fc092097f8b3824ece04c7064ef,24,1046,datacopy/evasive-it/2021/ce46e8fd19e006eb7dd8c14c64050025d8771fc092097f8b3824ece04c7064ef,170
1503,2b337550dbcc817d4d71433cb2179657d99f90045d1ce0b6bcdac7e38f82faee,24,1459,datacopy/evasive-it/2019/2b337550dbcc817d4d71433cb2179657d99f90045d1ce0b6bcdac7e38f82faee,170
1504,8836171483fcb12d6fb08661afa951eaf97d189807db2f3ff1013cf4f1e93039,24,1197,datacopy/evasive-it/2019/8836171483fcb12d6fb08661afa951eaf97d189807db2f3ff1013cf4f1e93039,170
1505,13759280bce1ad57480272b6020a9a3ae2cfcb8ad3e3e3b45926f14e56716694,24,1459,datacopy/evasive-it/2019/13759280bce1ad57480272b6020a9a3ae2cfcb8ad3e3e3b45926f14e56716694,170
1506,Trojan-PSW.Win32.Rhadamanthus.z-140f170d8b83611cb8897164be174495dc51961dc34fbccc9a714917cc341b8f,24,1466,datacopy/evasive-it/2023/Trojan-PSW.Win32.Rhadamanthus.z-140f170d8b83611cb8897164be174495dc51961dc34fbccc9a714917cc341b8f,170
1507,0446c62360dc6624848a1482d3afbcc2d1febe0eab988cc40c523a39900ff7c9,24,1459,datacopy/evasive-it/2019/0446c62360dc6624848a1482d3afbcc2d1febe0eab988cc40c523a39900ff7c9,170
1508,3977e3b6dd94db9e29808fed212dc4f1c3355bbee03195dd6fd6be2b92353d17,24,670,datacopy/evasive-it/2018/3977e3b6dd94db9e29808fed212dc4f1c3355bbee03195dd6fd6be2b92353d17,170
1509,HEUR-Trojan.Win32.Wofith.gen-7c8f444757a013aa7fd3578a16842d19e7e9d7828aa47c3ce2032ee58cd4b8c4,24,1458,datacopy/evasive-it/2022/HEUR-Trojan.Win32.Wofith.gen-7c8f444757a013aa7fd3578a16842d19e7e9d7828aa47c3ce2032ee58cd4b8c4,170
1510,8e6a001557ae4d090725c76a2b03487c5c6dabd4.bin,24,1986,datacopy/UCSB.JP/data_feed.geo_japan_6m_public_flag/8/e/6/8e6a001557ae4d090725c76a2b03487c5c6dabd4.bin,170
1511,Trojan.Win32.DelShad.icm-08565f345878369fdbbcf4a064d9f4762f4549f67d1e2aa3907a112a5e5322b6,24,1457,datacopy/evasive-it/2022/Trojan.Win32.DelShad.icm-08565f345878369fdbbcf4a064d9f4762f4549f67d1e2aa3907a112a5e5322b6,170
1512,b9c705cedc02d6ef6ea1764f6dfb0724ce66c878f5c033d5187b9b877fc926e1,24,312,datacopy/evasive-it/2021/b9c705cedc02d6ef6ea1764f6dfb0724ce66c878f5c033d5187b9b877fc926e1,170
1513,8b87a6d1bcd040f5d5add7ab7a044a0a6a35ca70.bin,24,604,datacopy/UCSB.JP/data_feed.geo_japan_6m_public_flag/8/b/8/8b87a6d1bcd040f5d5add7ab7a044a0a6a35ca70.bin,170
1514,4149f025cfce38098d9b8a048c169651a38d312ed6e026b59f034252bdbca5e6,24,1046,datacopy/evasive-it/2021/4149f025cfce38098d9b8a048c169651a38d312ed6e026b59f034252bdbca5e6,170
1515,HEUR-Trojan.Win32.Wofith.gen-7c8f444757a013aa7fd3578a16842d19e7e9d7828aa47c3ce2032ee58cd4b8c4,24,1458,datacopy/evasive-it/2022/HEUR-Trojan.Win32.Wofith.gen-7c8f444757a013aa7fd3578a16842d19e7e9d7828aa47c3ce2032ee58cd4b8c4,170
1516,21fc6ae8f7c0619af4c03ce300bb271f3d3ec43cd196bb04250839dd9700ecad,24,1454,datacopy/evasive-it/2021/21fc6ae8f7c0619af4c03ce300bb271f3d3ec43cd196bb04250839dd9700ecad,170
1517,82b397ecfb78454deb483ba9f5a1a0572d0102d4.bin,24,1161,datacopy/UCSB.JP/data_feed.geo_japan_6m_public_flag/8/2/b/82b397ecfb78454deb483ba9f5a1a0572d0102d4.bin,170
1518,eba896af2ead7e0e3030244f388f5fcd4aab1c1d9f30cbf1506d2e4aeb1ce582,24,1197,datacopy/evasive-it/2019/eba896af2ead7e0e3030244f388f5fcd4aab1c1d9f30cbf1506d2e4aeb1ce582,170
1519,0f6094d11540d02405591452d2278a34dc84cdecf0e5ac3bb95abc3dc9449438,24,803,datacopy/evasive-it/2019/0f6094d11540d02405591452d2278a34dc84cdecf0e5ac3bb95abc3dc9449438,170
1520,1303679e1b62b14f24307a92a4b4b5ae18267675ceb6ff800493f65648dc0a51,24,1046,datacopy/evasive-it/2019/1303679e1b62b14f24307a92a4b4b5ae18267675ceb6ff800493f65648dc0a51,170
1521,ddfcd8635271a01c98d29fce4c227a87d093647d47f95ee9a7566805780074ef,24,1046,datacopy/evasive-it/2021/ddfcd8635271a01c98d29fce4c227a87d093647d47f95ee9a7566805780074ef,170
1522,Trojan.Win32.XRed.aff-cdc95392f7aaf04457256258571c08966e093503028339eeeb586a3d1d2903e0,24,1471,datacopy/evasive-it/2023/Trojan.Win32.XRed.aff-cdc95392f7aaf04457256258571c08966e093503028339eeeb586a3d1d2903e0,170
1523,HEUR-Worm.Win32.Pluto.gen-8b86e05a29d3f5baf4e579364eb42f96746366bd1fab0435272f6b619be880d1,24,1459,datacopy/evasive-it/2022/HEUR-Worm.Win32.Pluto.gen-8b86e05a29d3f5baf4e579364eb42f96746366bd1fab0435272f6b619be880d1,170
1524,acde855f82379a91cb7f769f1046a5b3fc64691353db5f97e4a4df9f9ef63843,24,1273,datacopy/evasive-it/2019/acde855f82379a91cb7f769f1046a5b3fc64691353db5f97e4a4df9f9ef63843,170
1525,Trojan.Win32.Bublik.elhu-0cbefd9fa36902937cb5e57f8b7fb1a476498c6dd4fc0fcdee2bfbba5b0e9bce,24,312,datacopy/evasive-it/2022/Trojan.Win32.Bublik.elhu-0cbefd9fa36902937cb5e57f8b7fb1a476498c6dd4fc0fcdee2bfbba5b0e9bce,170
1526,4680b729788986872608aa10ba00f75bcee18ba81cbf6c79845652014bc8383a,24,312,datacopy/evasive-it/2019/4680b729788986872608aa10ba00f75bcee18ba81cbf6c79845652014bc8383a,170
1527,4149f025cfce38098d9b8a048c169651a38d312ed6e026b59f034252bdbca5e6,24,1046,datacopy/evasive-it/2021/4149f025cfce38098d9b8a048c169651a38d312ed6e026b59f034252bdbca5e6,170
1528,ce46e8fd19e006eb7dd8c14c64050025d8771fc092097f8b3824ece04c7064ef,24,1046,datacopy/evasive-it/2021/ce46e8fd19e006eb7dd8c14c64050025d8771fc092097f8b3824ece04c7064ef,170
1529,429f04f08bd9cb77e7c85d1a0476dbfb0f5a257ed1ca4cefca3f25b47b48efed,24,1162,datacopy/evasive-it/2020/429f04f08bd9cb77e7c85d1a0476dbfb0f5a257ed1ca4cefca3f25b47b48efed,170
1530,HEUR-Trojan.Win32.Darkgate.gen-301158ffb44a9824deeec16bdc7dabdc328b9f3ecde0df048741218285d8bcc8,24,1469,datacopy/evasive-it/2023/HEUR-Trojan.Win32.Darkgate.gen-301158ffb44a9824deeec16bdc7dabdc328b9f3ecde0df048741218285d8bcc8,170
1531,1303679e1b62b14f24307a92a4b4b5ae18267675ceb6ff800493f65648dc0a51,24,1046,datacopy/evasive-it/2019/1303679e1b62b14f24307a92a4b4b5ae18267675ceb6ff800493f65648dc0a51,170
1532,68f22901ca321609823c5211354ef8946432d77be3315077b808b5e0fd015562,24,83,datacopy/evasive-it/2021/68f22901ca321609823c5211354ef8946432d77be3315077b808b5e0fd015562,170
1533,VHO-Trojan.Win32.Llac.gen-741280ecfc868faa37e9deafa2d6359cc08390e36a5eb37853669045befc068b,24,312,datacopy/evasive-it/2022/VHO-Trojan.Win32.Llac.gen-741280ecfc868faa37e9deafa2d6359cc08390e36a5eb37853669045befc068b,170
1534,ce46e8fd19e006eb7dd8c14c64050025d8771fc092097f8b3824ece04c7064ef,24,1046,datacopy/evasive-it/2021/ce46e8fd19e006eb7dd8c14c64050025d8771fc092097f8b3824ece04c7064ef,170
1535,2b337550dbcc817d4d71433cb2179657d99f90045d1ce0b6bcdac7e38f82faee,24,1459,datacopy/evasive-it/2019/2b337550dbcc817d4d71433cb2179657d99f90045d1ce0b6bcdac7e38f82faee,170
1536,ce46e8fd19e006eb7dd8c14c64050025d8771fc092097f8b3824ece04c7064ef,24,1046,datacopy/evasive-it/2021/ce46e8fd19e006eb7dd8c14c64050025d8771fc092097f8b3824ece04c7064ef,170
1537,2b81bcbc4e1b8e1c6f7ab1eca090887c0710a73e4fd4179627f2580418d40a4c,24,1455,datacopy/evasive-it/2021/2b81bcbc4e1b8e1c6f7ab1eca090887c0710a73e4fd4179627f2580418d40a4c,170
1538,8836171483fcb12d6fb08661afa951eaf97d189807db2f3ff1013cf4f1e93039,24,1197,datacopy/evasive-it/2019/8836171483fcb12d6fb08661afa951eaf97d189807db2f3ff1013cf4f1e93039,170
1539,13759280bce1ad57480272b6020a9a3ae2cfcb8ad3e3e3b45926f14e56716694,24,1459,datacopy/evasive-it/2019/13759280bce1ad57480272b6020a9a3ae2cfcb8ad3e3e3b45926f14e56716694,170
1540,Trojan-PSW.Win32.Rhadamanthus.z-140f170d8b83611cb8897164be174495dc51961dc34fbccc9a714917cc341b8f,24,1466,datacopy/evasive-it/2023/Trojan-PSW.Win32.Rhadamanthus.z-140f170d8b83611cb8897164be174495dc51961dc34fbccc9a714917cc341b8f,170
1541,0446c62360dc6624848a1482d3afbcc2d1febe0eab988cc40c523a39900ff7c9,24,1459,datacopy/evasive-it/2019/0446c62360dc6624848a1482d3afbcc2d1febe0eab988cc40c523a39900ff7c9,170
1542,3977e3b6dd94db9e29808fed212dc4f1c3355bbee03195dd6fd6be2b92353d17,24,670,datacopy/evasive-it/2018/3977e3b6dd94db9e29808fed212dc4f1c3355bbee03195dd6fd6be2b92353d17,170
1543,HEUR-Trojan.Win32.Wofith.gen-7c8f444757a013aa7fd3578a16842d19e7e9d7828aa47c3ce2032ee58cd4b8c4,24,1458,datacopy/evasive-it/2022/HEUR-Trojan.Win32.Wofith.gen-7c8f444757a013aa7fd3578a16842d19e7e9d7828aa47c3ce2032ee58cd4b8c4,170
1544,8e6a001557ae4d090725c76a2b03487c5c6dabd4.bin,24,1986,datacopy/UCSB.JP/data_feed.geo_japan_6m_public_flag/8/e/6/8e6a001557ae4d090725c76a2b03487c5c6dabd4.bin,170
1545,Trojan.Win32.DelShad.icm-08565f345878369fdbbcf4a064d9f4762f4549f67d1e2aa3907a112a5e5322b6,24,1457,datacopy/evasive-it/2022/Trojan.Win32.DelShad.icm-08565f345878369fdbbcf4a064d9f4762f4549f67d1e2aa3907a112a5e5322b6,170
1546,b9c705cedc02d6ef6ea1764f6dfb0724ce66c878f5c033d5187b9b877fc926e1,24,312,datacopy/evasive-it/2021/b9c705cedc02d6ef6ea1764f6dfb0724ce66c878f5c033d5187b9b877fc926e1,170
1547,8b87a6d1bcd040f5d5add7ab7a044a0a6a35ca70.bin,24,604,datacopy/UCSB.JP/data_feed.geo_japan_6m_public_flag/8/b/8/8b87a6d1bcd040f5d5add7ab7a044a0a6a35ca70.bin,170
1548,4149f025cfce38098d9b8a048c169651a38d312ed6e026b59f034252bdbca5e6,24,1046,datacopy/evasive-it/2021/4149f025cfce38098d9b8a048c169651a38d312ed6e026b59f034252bdbca5e6,170
1549,HEUR-Trojan.Win32.Wofith.gen-7c8f444757a013aa7fd3578a16842d19e7e9d7828aa47c3ce2032ee58cd4b8c4,24,1458,datacopy/evasive-it/2022/HEUR-Trojan.Win32.Wofith.gen-7c8f444757a013aa7fd3578a16842d19e7e9d7828aa47c3ce2032ee58cd4b8c4,170
1550,21fc6ae8f7c0619af4c03ce300bb271f3d3ec43cd196bb04250839dd9700ecad,24,1454,datacopy/evasive-it/2021/21fc6ae8f7c0619af4c03ce300bb271f3d3ec43cd196bb04250839dd9700ecad,170
1551,82b397ecfb78454deb483ba9f5a1a0572d0102d4.bin,24,1161,datacopy/UCSB.JP/data_feed.geo_japan_6m_public_flag/8/2/b/82b397ecfb78454deb483ba9f5a1a0572d0102d4.bin,170
1552,eba896af2ead7e0e3030244f388f5fcd4aab1c1d9f30cbf1506d2e4aeb1ce582,24,1197,datacopy/evasive-it/2019/eba896af2ead7e0e3030244f388f5fcd4aab1c1d9f30cbf1506d2e4aeb1ce582,170
1553,0f6094d11540d02405591452d2278a34dc84cdecf0e5ac3bb95abc3dc9449438,24,803,datacopy/evasive-it/2019/0f6094d11540d02405591452d2278a34dc84cdecf0e5ac3bb95abc3dc9449438,170
1554,1303679e1b62b14f24307a92a4b4b5ae18267675ceb6ff800493f65648dc0a51,24,1046,datacopy/evasive-it/2019/1303679e1b62b14f24307a92a4b4b5ae18267675ceb6ff800493f65648dc0a51,170
1555,ddfcd8635271a01c98d29fce4c227a87d093647d47f95ee9a7566805780074ef,24,1046,datacopy/evasive-it/2021/ddfcd8635271a01c98d29fce4c227a87d093647d47f95ee9a7566805780074ef,170
1556,Trojan.Win32.XRed.aff-cdc95392f7aaf04457256258571c08966e093503028339eeeb586a3d1d2903e0,24,1471,datacopy/evasive-it/2023/Trojan.Win32.XRed.aff-cdc95392f7aaf04457256258571c08966e093503028339eeeb586a3d1d2903e0,170
1557,HEUR-Worm.Win32.Pluto.gen-8b86e05a29d3f5baf4e579364eb42f96746366bd1fab0435272f6b619be880d1,24,1459,datacopy/evasive-it/2022/HEUR-Worm.Win32.Pluto.gen-8b86e05a29d3f5baf4e579364eb42f96746366bd1fab0435272f6b619be880d1,170
1558,acde855f82379a91cb7f769f1046a5b3fc64691353db5f97e4a4df9f9ef63843,24,1273,datacopy/evasive-it/2019/acde855f82379a91cb7f769f1046a5b3fc64691353db5f97e4a4df9f9ef63843,170
1559,Trojan.Win32.Bublik.elhu-0cbefd9fa36902937cb5e57f8b7fb1a476498c6dd4fc0fcdee2bfbba5b0e9bce,24,312,datacopy/evasive-it/2022/Trojan.Win32.Bublik.elhu-0cbefd9fa36902937cb5e57f8b7fb1a476498c6dd4fc0fcdee2bfbba5b0e9bce,170
1560,4149f025cfce38098d9b8a048c169651a38d312ed6e026b59f034252bdbca5e6,24,1046,datacopy/evasive-it/2021/4149f025cfce38098d9b8a048c169651a38d312ed6e026b59f034252bdbca5e6,170
1561,6b0365cf585ab70937ea56e3516c41513c318e478b9ea61d4fbfc689047a6c66,24,1290,datacopy/evasive-it/2018/6b0365cf585ab70937ea56e3516c41513c318e478b9ea61d4fbfc689047a6c66,170
1562,ce46e8fd19e006eb7dd8c14c64050025d8771fc092097f8b3824ece04c7064ef,24,1046,datacopy/evasive-it/2021/ce46e8fd19e006eb7dd8c14c64050025d8771fc092097f8b3824ece04c7064ef,170
1563,429f04f08bd9cb77e7c85d1a0476dbfb0f5a257ed1ca4cefca3f25b47b48efed,24,1162,datacopy/evasive-it/2020/429f04f08bd9cb77e7c85d1a0476dbfb0f5a257ed1ca4cefca3f25b47b48efed,170
1564,HEUR-Trojan.Win32.Darkgate.gen-301158ffb44a9824deeec16bdc7dabdc328b9f3ecde0df048741218285d8bcc8,24,1469,datacopy/evasive-it/2023/HEUR-Trojan.Win32.Darkgate.gen-301158ffb44a9824deeec16bdc7dabdc328b9f3ecde0df048741218285d8bcc8,170
1565,1303679e1b62b14f24307a92a4b4b5ae18267675ceb6ff800493f65648dc0a51,24,1046,datacopy/evasive-it/2019/1303679e1b62b14f24307a92a4b4b5ae18267675ceb6ff800493f65648dc0a51,170
1566,68f22901ca321609823c5211354ef8946432d77be3315077b808b5e0fd015562,24,83,datacopy/evasive-it/2021/68f22901ca321609823c5211354ef8946432d77be3315077b808b5e0fd015562,170
1567,VHO-Trojan.Win32.Llac.gen-741280ecfc868faa37e9deafa2d6359cc08390e36a5eb37853669045befc068b,24,312,datacopy/evasive-it/2022/VHO-Trojan.Win32.Llac.gen-741280ecfc868faa37e9deafa2d6359cc08390e36a5eb37853669045befc068b,170
1568,ce46e8fd19e006eb7dd8c14c64050025d8771fc092097f8b3824ece04c7064ef,24,1046,datacopy/evasive-it/2021/ce46e8fd19e006eb7dd8c14c64050025d8771fc092097f8b3824ece04c7064ef,170
1569,2b337550dbcc817d4d71433cb2179657d99f90045d1ce0b6bcdac7e38f82faee,24,1459,datacopy/evasive-it/2019/2b337550dbcc817d4d71433cb2179657d99f90045d1ce0b6bcdac7e38f82faee,170
1570,ce46e8fd19e006eb7dd8c14c64050025d8771fc092097f8b3824ece04c7064ef,24,1046,datacopy/evasive-it/2021/ce46e8fd19e006eb7dd8c14c64050025d8771fc092097f8b3824ece04c7064ef,170
1571,2b81bcbc4e1b8e1c6f7ab1eca090887c0710a73e4fd4179627f2580418d40a4c,24,1455,datacopy/evasive-it/2021/2b81bcbc4e1b8e1c6f7ab1eca090887c0710a73e4fd4179627f2580418d40a4c,170
1572,8836171483fcb12d6fb08661afa951eaf97d189807db2f3ff1013cf4f1e93039,24,1197,datacopy/evasive-it/2019/8836171483fcb12d6fb08661afa951eaf97d189807db2f3ff1013cf4f1e93039,170
1573,13759280bce1ad57480272b6020a9a3ae2cfcb8ad3e3e3b45926f14e56716694,24,1459,datacopy/evasive-it/2019/13759280bce1ad57480272b6020a9a3ae2cfcb8ad3e3e3b45926f14e56716694,170
1574,Trojan-PSW.Win32.Rhadamanthus.z-140f170d8b83611cb8897164be174495dc51961dc34fbccc9a714917cc341b8f,24,1466,datacopy/evasive-it/2023/Trojan-PSW.Win32.Rhadamanthus.z-140f170d8b83611cb8897164be174495dc51961dc34fbccc9a714917cc341b8f,170
1575,0446c62360dc6624848a1482d3afbcc2d1febe0eab988cc40c523a39900ff7c9,24,1459,datacopy/evasive-it/2019/0446c62360dc6624848a1482d3afbcc2d1febe0eab988cc40c523a39900ff7c9,170
1576,3977e3b6dd94db9e29808fed212dc4f1c3355bbee03195dd6fd6be2b92353d17,24,670,datacopy/evasive-it/2018/3977e3b6dd94db9e29808fed212dc4f1c3355bbee03195dd6fd6be2b92353d17,170
1577,HEUR-Trojan.Win32.Wofith.gen-7c8f444757a013aa7fd3578a16842d19e7e9d7828aa47c3ce2032ee58cd4b8c4,24,1458,datacopy/evasive-it/2022/HEUR-Trojan.Win32.Wofith.gen-7c8f444757a013aa7fd3578a16842d19e7e9d7828aa47c3ce2032ee58cd4b8c4,170
1578,8e6a001557ae4d090725c76a2b03487c5c6dabd4.bin,24,1986,datacopy/UCSB.JP/data_feed.geo_japan_6m_public_flag/8/e/6/8e6a001557ae4d090725c76a2b03487c5c6dabd4.bin,170
1579,Trojan.Win32.DelShad.icm-08565f345878369fdbbcf4a064d9f4762f4549f67d1e2aa3907a112a5e5322b6,24,1457,datacopy/evasive-it/2022/Trojan.Win32.DelShad.icm-08565f345878369fdbbcf4a064d9f4762f4549f67d1e2aa3907a112a5e5322b6,170
1580,b9c705cedc02d6ef6ea1764f6dfb0724ce66c878f5c033d5187b9b877fc926e1,24,312,datacopy/evasive-it/2021/b9c705cedc02d6ef6ea1764f6dfb0724ce66c878f5c033d5187b9b877fc926e1,170
1581,8b87a6d1bcd040f5d5add7ab7a044a0a6a35ca70.bin,24,604,datacopy/UCSB.JP/data_feed.geo_japan_6m_public_flag/8/b/8/8b87a6d1bcd040f5d5add7ab7a044a0a6a35ca70.bin,170
1582,4149f025cfce38098d9b8a048c169651a38d312ed6e026b59f034252bdbca5e6,24,1046,datacopy/evasive-it/2021/4149f025cfce38098d9b8a048c169651a38d312ed6e026b59f034252bdbca5e6,170
1583,HEUR-Trojan.Win32.Wofith.gen-7c8f444757a013aa7fd3578a16842d19e7e9d7828aa47c3ce2032ee58cd4b8c4,24,1458,datacopy/evasive-it/2022/HEUR-Trojan.Win32.Wofith.gen-7c8f444757a013aa7fd3578a16842d19e7e9d7828aa47c3ce2032ee58cd4b8c4,170
1584,21fc6ae8f7c0619af4c03ce300bb271f3d3ec43cd196bb04250839dd9700ecad,24,1454,datacopy/evasive-it/2021/21fc6ae8f7c0619af4c03ce300bb271f3d3ec43cd196bb04250839dd9700ecad,170
1585,82b397ecfb78454deb483ba9f5a1a0572d0102d4.bin,24,1161,datacopy/UCSB.JP/data_feed.geo_japan_6m_public_flag/8/2/b/82b397ecfb78454deb483ba9f5a1a0572d0102d4.bin,170
1586,eba896af2ead7e0e3030244f388f5fcd4aab1c1d9f30cbf1506d2e4aeb1ce582,24,1197,datacopy/evasive-it/2019/eba896af2ead7e0e3030244f388f5fcd4aab1c1d9f30cbf1506d2e4aeb1ce582,170
1587,0f6094d11540d02405591452d2278a34dc84cdecf0e5ac3bb95abc3dc9449438,24,803,datacopy/evasive-it/2019/0f6094d11540d02405591452d2278a34dc84cdecf0e5ac3bb95abc3dc9449438,170
1588,1303679e1b62b14f24307a92a4b4b5ae18267675ceb6ff800493f65648dc0a51,24,1046,datacopy/evasive-it/2019/1303679e1b62b14f24307a92a4b4b5ae18267675ceb6ff800493f65648dc0a51,170
1589,ddfcd8635271a01c98d29fce4c227a87d093647d47f95ee9a7566805780074ef,24,1046,datacopy/evasive-it/2021/ddfcd8635271a01c98d29fce4c227a87d093647d47f95ee9a7566805780074ef,170
1590,Trojan.Win32.XRed.aff-cdc95392f7aaf04457256258571c08966e093503028339eeeb586a3d1d2903e0,24,1471,datacopy/evasive-it/2023/Trojan.Win32.XRed.aff-cdc95392f7aaf04457256258571c08966e093503028339eeeb586a3d1d2903e0,170
1591,HEUR-Worm.Win32.Pluto.gen-8b86e05a29d3f5baf4e579364eb42f96746366bd1fab0435272f6b619be880d1,24,1459,datacopy/evasive-it/2022/HEUR-Worm.Win32.Pluto.gen-8b86e05a29d3f5baf4e579364eb42f96746366bd1fab0435272f6b619be880d1,170
1592,acde855f82379a91cb7f769f1046a5b3fc64691353db5f97e4a4df9f9ef63843,24,1273,datacopy/evasive-it/2019/acde855f82379a91cb7f769f1046a5b3fc64691353db5f97e4a4df9f9ef63843,170
1593,Trojan.Win32.Bublik.elhu-0cbefd9fa36902937cb5e57f8b7fb1a476498c6dd4fc0fcdee2bfbba5b0e9bce,24,312,datacopy/evasive-it/2022/Trojan.Win32.Bublik.elhu-0cbefd9fa36902937cb5e57f8b7fb1a476498c6dd4fc0fcdee2bfbba5b0e9bce,170
1594,4680b729788986872608aa10ba00f75bcee18ba81cbf6c79845652014bc8383a,24,312,datacopy/evasive-it/2019/4680b729788986872608aa10ba00f75bcee18ba81cbf6c79845652014bc8383a,170
1595,4149f025cfce38098d9b8a048c169651a38d312ed6e026b59f034252bdbca5e6,24,1046,datacopy/evasive-it/2021/4149f025cfce38098d9b8a048c169651a38d312ed6e026b59f034252bdbca5e6,170
1596,6b0365cf585ab70937ea56e3516c41513c318e478b9ea61d4fbfc689047a6c66,24,1290,datacopy/evasive-it/2018/6b0365cf585ab70937ea56e3516c41513c318e478b9ea61d4fbfc689047a6c66,170
1597,ce46e8fd19e006eb7dd8c14c64050025d8771fc092097f8b3824ece04c7064ef,24,1046,datacopy/evasive-it/2021/ce46e8fd19e006eb7dd8c14c64050025d8771fc092097f8b3824ece04c7064ef,170
1598,429f04f08bd9cb77e7c85d1a0476dbfb0f5a257ed1ca4cefca3f25b47b48efed,24,1162,datacopy/evasive-it/2020/429f04f08bd9cb77e7c85d1a0476dbfb0f5a257ed1ca4cefca3f25b47b48efed,170
1599,HEUR-Trojan.Win32.Darkgate.gen-301158ffb44a9824deeec16bdc7dabdc328b9f3ecde0df048741218285d8bcc8,24,1469,datacopy/evasive-it/2023/HEUR-Trojan.Win32.Darkgate.gen-301158ffb44a9824deeec16bdc7dabdc328b9f3ecde0df048741218285d8bcc8,170
1600,1303679e1b62b14f24307a92a4b4b5ae18267675ceb6ff800493f65648dc0a51,24,1046,datacopy/evasive-it/2019/1303679e1b62b14f24307a92a4b4b5ae18267675ceb6ff800493f65648dc0a51,170
1601,68f22901ca321609823c5211354ef8946432d77be3315077b808b5e0fd015562,24,83,datacopy/evasive-it/2021/68f22901ca321609823c5211354ef8946432d77be3315077b808b5e0fd015562,170
1602,VHO-Trojan.Win32.Llac.gen-741280ecfc868faa37e9deafa2d6359cc08390e36a5eb37853669045befc068b,24,312,datacopy/evasive-it/2022/VHO-Trojan.Win32.Llac.gen-741280ecfc868faa37e9deafa2d6359cc08390e36a5eb37853669045befc068b,170
1603,ce46e8fd19e006eb7dd8c14c64050025d8771fc092097f8b3824ece04c7064ef,24,1046,datacopy/evasive-it/2021/ce46e8fd19e006eb7dd8c14c64050025d8771fc092097f8b3824ece04c7064ef,170
1604,2b337550dbcc817d4d71433cb2179657d99f90045d1ce0b6bcdac7e38f82faee,24,1459,datacopy/evasive-it/2019/2b337550dbcc817d4d71433cb2179657d99f90045d1ce0b6bcdac7e38f82faee,170
1605,ce46e8fd19e006eb7dd8c14c64050025d8771fc092097f8b3824ece04c7064ef,24,1046,datacopy/evasive-it/2021/ce46e8fd19e006eb7dd8c14c64050025d8771fc092097f8b3824ece04c7064ef,170
1606,2b81bcbc4e1b8e1c6f7ab1eca090887c0710a73e4fd4179627f2580418d40a4c,24,1455,datacopy/evasive-it/2021/2b81bcbc4e1b8e1c6f7ab1eca090887c0710a73e4fd4179627f2580418d40a4c,170
1607,5b611e6eee202dee976d5dfeb7bdae0a8e86a3824394783b8c16796490d8857a,24,477,datacopy/Stefano/5b611e6eee202dee976d5dfeb7bdae0a8e86a3824394783b8c16796490d8857a,170
1608,40eb9318e42fb2c3153967428abfcaf7231140a37652cf51657512d751830211,24,477,datacopy/Stefano/40eb9318e42fb2c3153967428abfcaf7231140a37652cf51657512d751830211,170
1609,c0dbf89108cdee73600a471271236277bffe94b95c75849361cfc820d99e4d92,24,477,datacopy/Stefano/c0dbf89108cdee73600a471271236277bffe94b95c75849361cfc820d99e4d92,170
1610,e6f458a59738caaa52d09c78275c75b9ca781b60e6c9416b1476174482c4ae85,24,477,datacopy/Stefano/e6f458a59738caaa52d09c78275c75b9ca781b60e6c9416b1476174482c4ae85,170
1611,d5fb6536541f8581a8f177ebc6bbfdaa18ebc5967c8f0a3c2acfba2b73543481,24,477,datacopy/Stefano/d5fb6536541f8581a8f177ebc6bbfdaa18ebc5967c8f0a3c2acfba2b73543481,170
1612,e8b16df1bdb3427efce54029bc9d0363d7f286120b1523e5c1c28a629b1ce92e,24,477,datacopy/Stefano/e8b16df1bdb3427efce54029bc9d0363d7f286120b1523e5c1c28a629b1ce92e,170
1613,88b16796212dbbca8e120cb12f9c3fb93a8a28d8.bin,25,1544,datacopy/UCSB.JP/data_feed.geo_japan_6m_public_flag/8/8/b/88b16796212dbbca8e120cb12f9c3fb93a8a28d8.bin,6
1614,1168bbb1faacf9414fe8807a1663104327b3898f.bin,25,1544,datacopy/UCSB.JP/data_feed.geo_japan_6m_public_flag/1/1/6/1168bbb1faacf9414fe8807a1663104327b3898f.bin,6
1615,f4973a1199a9cb0ad5adb133ba8c843e1245375e.bin,25,1544,datacopy/UCSB.JP/data_feed.geo_japan_6m_public_flag/f/4/9/f4973a1199a9cb0ad5adb133ba8c843e1245375e.bin,6
1616,f0386fc8e8649a8b28f635f71cb4c5fd0abfa829.bin,25,1544,datacopy/UCSB.JP/data_feed.geo_japan_6m_public_flag/f/0/3/f0386fc8e8649a8b28f635f71cb4c5fd0abfa829.bin,6
1617,4d4587ad65b0e4f606e79ae87097e394a7b6a1af.bin,25,1544,datacopy/UCSB.JP/data_feed.geo_japan_6m_public_flag/4/d/4/4d4587ad65b0e4f606e79ae87097e394a7b6a1af.bin,6
1618,628845337a637e1f0d4bc0ca719a420d8c206bc0.bin,25,1544,datacopy/UCSB.JP/data_feed.geo_japan_6m_public_flag/6/2/8/628845337a637e1f0d4bc0ca719a420d8c206bc0.bin,6
1619,7e43c7c1a98452d3665a5547f547bd489a431f43.bin,25,1544,datacopy/UCSB.JP/data_feed.geo_japan_6m_public_flag/7/e/4/7e43c7c1a98452d3665a5547f547bd489a431f43.bin,6
1620,33c46c1112e6e8ff0d49b9f494db4942f7f25114.bin,29,1786,datacopy/UCSB.JP/data_feed.geo_japan_6m_public_flag/3/3/c/33c46c1112e6e8ff0d49b9f494db4942f7f25114.bin,1
1621,86fc30b52a00dbcb68f633a2f12f64fc5d4e152b.bin,30,1179,datacopy/UCSB.JP/data_feed.geo_japan_6m_public_flag/8/6/f/86fc30b52a00dbcb68f633a2f12f64fc5d4e152b.bin,1
1622,edc31f78e4c75e74501c1390c6945f8845bff753.bin,30,1179,datacopy/UCSB/edc31f78e4c75e74501c1390c6945f8845bff753.bin,1
1623,f1e966d84ec5d622664ada767be153173cf27db5.bin,30,1179,datacopy/UCSB/f1e966d84ec5d622664ada767be153173cf27db5.bin,1
1624,ced4e34a0d63d19551a42d558d6ea90e0a4e02e8.bin,30,1179,datacopy/UCSB/ced4e34a0d63d19551a42d558d6ea90e0a4e02e8.bin,1
1625,e783965af4dad99e4ced8d5475a6ae337b0f674c.bin,30,1179,datacopy/UCSB/e783965af4dad99e4ced8d5475a6ae337b0f674c.bin,1
1626,f580d6cca71a73b078c8669d3163287ee0496237.bin,30,1179,datacopy/UCSB/f580d6cca71a73b078c8669d3163287ee0496237.bin,1
1627,ccd371485b2ca40735ca5e3245566acca4784052.bin,30,1179,datacopy/UCSB/ccd371485b2ca40735ca5e3245566acca4784052.bin,1
1628,42531d22177ed06475e2f92375ddbd3c5e092081.bin,30,1179,datacopy/UCSB/42531d22177ed06475e2f92375ddbd3c5e092081.bin,1
1629,8660399289694caca823c454a98405dd136371ef.bin,31,194,datacopy/UCSB.JP/data_feed.geo_japan_6m_public_flag/8/6/6/8660399289694caca823c454a98405dd136371ef.bin,15
1630,a34d7fd1d1de115fedfeede6baa9d9867dc3e78b.bin,31,194,datacopy/UCSB.JP/data_feed.geo_japan_6m_public_flag/a/3/4/a34d7fd1d1de115fedfeede6baa9d9867dc3e78b.bin,15
1631,a96937ec69c9add48c2416ed97052c263df400bb.bin,31,194,datacopy/UCSB.JP/data_feed.geo_japan_6m_public_flag/a/9/6/a96937ec69c9add48c2416ed97052c263df400bb.bin,15
1632,a1818054b40ec9e28bebe518ecc92f4eceaffef4.bin,31,194,datacopy/UCSB.JP/data_feed.geo_japan_6m_public_flag/a/1/8/a1818054b40ec9e28bebe518ecc92f4eceaffef4.bin,15
1633,e84ded6e4e11ea0987e6442812e550d6e4a8c716.bin,31,194,datacopy/UCSB.JP/data_feed.geo_japan_6m_public_flag/e/8/4/e84ded6e4e11ea0987e6442812e550d6e4a8c716.bin,15
1634,b9ce098e5172542fc9c76d62848b2e9291af46be.bin,31,194,datacopy/UCSB.JP/data_feed.geo_japan_6m_public_flag/b/9/c/b9ce098e5172542fc9c76d62848b2e9291af46be.bin,15
1635,b079ad82c2341e9178ced0b6a62a484a12075b56.bin,31,194,datacopy/UCSB.JP/data_feed.geo_japan_6m_public_flag/b/0/7/b079ad82c2341e9178ced0b6a62a484a12075b56.bin,15
1636,28558f1ca825049a5d16f86b4b8815930af56d0f.bin,31,194,datacopy/UCSB.JP/data_feed.geo_japan_6m_public_flag/2/8/5/28558f1ca825049a5d16f86b4b8815930af56d0f.bin,15
1637,220f4451f7ec2de03b482ddcf28c6ecda3e5366f.bin,31,194,datacopy/UCSB.JP/data_feed.geo_japan_6m_public_flag/2/2/0/220f4451f7ec2de03b482ddcf28c6ecda3e5366f.bin,15
1638,d83ea2498937079b58a9e337f57c1cc51f29d671.bin,31,194,datacopy/UCSB.JP/data_feed.geo_japan_6m_public_flag/d/8/3/d83ea2498937079b58a9e337f57c1cc51f29d671.bin,15
1639,d618abf74712f8730fbad1d0988d1c30e1ec036b.bin,31,194,datacopy/UCSB.JP/data_feed.geo_japan_6m_public_flag/d/6/1/d618abf74712f8730fbad1d0988d1c30e1ec036b.bin,15
1640,18c5eabf078539334efe3e4aa7679d4e7322cad8.bin,31,194,datacopy/UCSB.JP/data_feed.geo_japan_6m_public_flag/1/8/c/18c5eabf078539334efe3e4aa7679d4e7322cad8.bin,15
1641,587a9b7e2b9b6ac7337572bc14358a4d0da5bd29.bin,31,194,datacopy/UCSB.JP/data_feed.geo_japan_6m_public_flag/5/8/7/587a9b7e2b9b6ac7337572bc14358a4d0da5bd29.bin,15
1642,5edd2159b5d5bea99604c11e79ce645472adbd42.bin,31,194,datacopy/UCSB.JP/data_feed.geo_japan_6m_public_flag/5/e/d/5edd2159b5d5bea99604c11e79ce645472adbd42.bin,15
1643,51e4307093f8ca8854359c0ac882ddca427a813c.bin,31,194,datacopy/UCSB.JP/data_feed.geo_japan_6m_public_flag/5/1/e/51e4307093f8ca8854359c0ac882ddca427a813c.bin,15
1644,5f2d71f1b947fa8c8dc5b58cfafba55b6cc51e22.bin,31,194,datacopy/UCSB.JP/data_feed.geo_japan_6m_public_flag/5/f/2/5f2d71f1b947fa8c8dc5b58cfafba55b6cc51e22.bin,15
1645,faac12c7091e4b53b5d33286e26f5818c9819c53.bin,31,194,datacopy/UCSB.JP/data_feed.geo_japan_6m_public_flag/f/a/a/faac12c7091e4b53b5d33286e26f5818c9819c53.bin,15
1646,f7c1a3b4e856eb523ae35eebcb7e9847ccda19e5.bin,31,194,datacopy/UCSB.JP/data_feed.geo_japan_6m_public_flag/f/7/c/f7c1a3b4e856eb523ae35eebcb7e9847ccda19e5.bin,15
1647,c9bb3651c9d54f11547394cc00d4c6cbfbc380d4.bin,31,194,datacopy/UCSB.JP/data_feed.geo_japan_6m_public_flag/c/9/b/c9bb3651c9d54f11547394cc00d4c6cbfbc380d4.bin,15
1648,cf60fa60d2f461dddfdfcebf16368e6b539cd9ba.bin,31,194,datacopy/UCSB.JP/data_feed.geo_japan_6m_public_flag/c/f/6/cf60fa60d2f461dddfdfcebf16368e6b539cd9ba.bin,15
1649,47f3accd7e244c2bff46b04fedd4c8606fb7828c.bin,31,194,datacopy/UCSB.JP/data_feed.geo_japan_6m_public_flag/4/7/f/47f3accd7e244c2bff46b04fedd4c8606fb7828c.bin,15
1650,093b3916ee1bea0442278d0aa87be5703207e627.bin,31,194,datacopy/UCSB.JP/data_feed.geo_japan_6m_public_flag/0/9/3/093b3916ee1bea0442278d0aa87be5703207e627.bin,15
1651,64e7fa5e6e3eddc9c237a4e2f82ba4ba50df151d.bin,31,194,datacopy/UCSB/64e7fa5e6e3eddc9c237a4e2f82ba4ba50df151d.bin,15
1652,1561f84dfe35a907f2fd9dfff2b056a3dc0ffd8e.bin,31,194,datacopy/UCSB/1561f84dfe35a907f2fd9dfff2b056a3dc0ffd8e.bin,15
1653,f2d91393fb5d13699d4f7dc792750a27b0722849.bin,31,194,datacopy/UCSB/f2d91393fb5d13699d4f7dc792750a27b0722849.bin,15
1654,e1d89fc97de6d110bb3af32da420d320958b9965.bin,31,194,datacopy/UCSB/e1d89fc97de6d110bb3af32da420d320958b9965.bin,15
1655,e884794c11b113550d36c025e25ad1375329ec72.bin,31,194,datacopy/UCSB/e884794c11b113550d36c025e25ad1375329ec72.bin,15
1656,f8abaf20156c2f31dfa014f0a2ffac22318a819a.bin,31,194,datacopy/UCSB/f8abaf20156c2f31dfa014f0a2ffac22318a819a.bin,15
1657,ae69d710e055479ec3d686a9e7cf566bba080dc5.bin,31,194,datacopy/UCSB/ae69d710e055479ec3d686a9e7cf566bba080dc5.bin,15
1658,5789025b841ac7daf84c54a68b61555c01edfea5.bin,31,194,datacopy/UCSB/5789025b841ac7daf84c54a68b61555c01edfea5.bin,15
1659,354f136fab00f9ed9f9b3c9578939d8f51caa9a6.bin,31,194,datacopy/UCSB/354f136fab00f9ed9f9b3c9578939d8f51caa9a6.bin,15
1660,2f7a4e464a6026e27faed7f94991d3794726d456.bin,31,194,datacopy/UCSB/2f7a4e464a6026e27faed7f94991d3794726d456.bin,15
1661,7d5832348faf5b9fc1d186aa9477e280129f2ad5.bin,31,194,datacopy/UCSB/7d5832348faf5b9fc1d186aa9477e280129f2ad5.bin,15
1662,8e5a232cef281e4f98c30b5679a4ddbde042894d.bin,31,194,datacopy/UCSB/8e5a232cef281e4f98c30b5679a4ddbde042894d.bin,15
1663,06aaed91fdb33e9b33d1f377ead64e467bc5dca4.bin,31,194,datacopy/UCSB/06aaed91fdb33e9b33d1f377ead64e467bc5dca4.bin,15
1664,4995a2e8fb8dfd165a365e79eaaf0311cb96d674.bin,31,194,datacopy/UCSB/4995a2e8fb8dfd165a365e79eaaf0311cb96d674.bin,15
1665,0c3fdd9e9b395fc24d687b1b5442a21fc5ae0242.bin,31,194,datacopy/UCSB/0c3fdd9e9b395fc24d687b1b5442a21fc5ae0242.bin,15
1666,53317cfe77bf39904819e7c1dae5b0d0bc5b20fd.bin,31,194,datacopy/UCSB/53317cfe77bf39904819e7c1dae5b0d0bc5b20fd.bin,15
1667,4dc7cb669c1989dc2cab409d40f52c3e9f5c8489.bin,31,194,datacopy/UCSB/4dc7cb669c1989dc2cab409d40f52c3e9f5c8489.bin,15
1668,e751e9f99ed9375e2c5edcd990354838bc928aa5.bin,31,194,datacopy/UCSB/e751e9f99ed9375e2c5edcd990354838bc928aa5.bin,15
1669,a5b6fae7eabbbc52d3514b0af036dd5fe9134eed.bin,31,194,datacopy/UCSB/a5b6fae7eabbbc52d3514b0af036dd5fe9134eed.bin,15
1670,ba2df188cc3b3e5cd4f47fc33e2c70861c6b9df0.bin,31,194,datacopy/UCSB/ba2df188cc3b3e5cd4f47fc33e2c70861c6b9df0.bin,15
1671,37b91eadc85259d644fe1869c76ac04676f996de.bin,31,194,datacopy/UCSB/37b91eadc85259d644fe1869c76ac04676f996de.bin,15
1672,f6cf5d48966c2e36f276ee23b88d2d6e0b77f0d9.bin,31,194,datacopy/UCSB/f6cf5d48966c2e36f276ee23b88d2d6e0b77f0d9.bin,15
1673,9d190c6113ab466a9966ce550d40682e065479e7.bin,31,194,datacopy/UCSB/9d190c6113ab466a9966ce550d40682e065479e7.bin,15
1674,0b2ad75ecdedd088058b0b140e66901f2a55db67.bin,31,194,datacopy/UCSB/0b2ad75ecdedd088058b0b140e66901f2a55db67.bin,15
1675,3571a6c8c5f9eb76a246f1bcb7a274fb4f1cec7a.bin,31,194,datacopy/UCSB/3571a6c8c5f9eb76a246f1bcb7a274fb4f1cec7a.bin,15
1676,03598b83ac42db9c846f244a06995660ba34f8c6.bin,31,194,datacopy/UCSB/03598b83ac42db9c846f244a06995660ba34f8c6.bin,15
1677,fdd870ee89e5b91cc50e790dd98ec192339c8db0.bin,31,194,datacopy/UCSB/fdd870ee89e5b91cc50e790dd98ec192339c8db0.bin,15
1678,7add1a756666e38c421bf6b91ad0e3327a8af465.bin,31,194,datacopy/UCSB/7add1a756666e38c421bf6b91ad0e3327a8af465.bin,15
1679,263a409ae6f0adf553b5d651cd231c4aa7d63fc6.bin,31,194,datacopy/UCSB/263a409ae6f0adf553b5d651cd231c4aa7d63fc6.bin,15
1680,0112210644576458aef06be3f879bc50d422ca8d.bin,31,194,datacopy/UCSB/0112210644576458aef06be3f879bc50d422ca8d.bin,15
1681,b5ab194f289511f93fad779eaa7de6b4b6c4445f.bin,31,194,datacopy/UCSB/b5ab194f289511f93fad779eaa7de6b4b6c4445f.bin,15
1682,15c463d271cb1c66c4904847b8ed9cf31b1ed389.bin,31,194,datacopy/UCSB/15c463d271cb1c66c4904847b8ed9cf31b1ed389.bin,15
1683,c7297533e6aa1a9f0506eb27aa0b8c4e6b1ce736.bin,31,194,datacopy/UCSB/c7297533e6aa1a9f0506eb27aa0b8c4e6b1ce736.bin,15
1684,97039519e4c29f497c44bfb62bb76f3ebd67b34e.bin,31,194,datacopy/UCSB/97039519e4c29f497c44bfb62bb76f3ebd67b34e.bin,15
1685,a460fd52b1eee90acf8c331b047f57924741125e.bin,31,194,datacopy/UCSB/a460fd52b1eee90acf8c331b047f57924741125e.bin,15
1686,2e584062e4f731a155b6de89cdaa226937360d4c.bin,31,194,datacopy/UCSB/2e584062e4f731a155b6de89cdaa226937360d4c.bin,15
1687,fa7f8f8218f64afe8fb8079e61d489e04bfbeabf.bin,31,194,datacopy/UCSB/fa7f8f8218f64afe8fb8079e61d489e04bfbeabf.bin,15
1688,425142fa1fe022bc7cd2a2f686869bfafff73036.bin,31,194,datacopy/UCSB/425142fa1fe022bc7cd2a2f686869bfafff73036.bin,15
1689,17f73c499338e4ea7a41dbb4010ab3e7e721ec74.bin,31,194,datacopy/UCSB/17f73c499338e4ea7a41dbb4010ab3e7e721ec74.bin,15
1690,0054ccb61af77772eb1f11fb2558f50b5fa7b9de.bin,31,194,datacopy/UCSB/0054ccb61af77772eb1f11fb2558f50b5fa7b9de.bin,15
1691,3497d9c6fef990b9ef231f9b3fd9520ab4c72747.bin,31,194,datacopy/UCSB/3497d9c6fef990b9ef231f9b3fd9520ab4c72747.bin,15
1692,7b21330eb098b7aaad6d230c64299b53be04dd97.bin,31,194,datacopy/UCSB/7b21330eb098b7aaad6d230c64299b53be04dd97.bin,15
1693,aba943ac8527504c4c231eb7c4eb179ecbdee761.bin,31,194,datacopy/UCSB/aba943ac8527504c4c231eb7c4eb179ecbdee761.bin,15
1694,73167b9e009d41fe524a4c3e7a04021dc61514b1.bin,31,194,datacopy/UCSB/73167b9e009d41fe524a4c3e7a04021dc61514b1.bin,15
1695,54e4c6ff885e118918d59166d1afb2d5478a0e1d.bin,31,194,datacopy/UCSB/54e4c6ff885e118918d59166d1afb2d5478a0e1d.bin,15
1696,0fd1656d9d17a4004194473a7638a279f5c7bdbf.bin,31,194,datacopy/UCSB/0fd1656d9d17a4004194473a7638a279f5c7bdbf.bin,15
1697,f94d3f9219df5be4a7ea8241d4938553c0a40dba.bin,31,194,datacopy/UCSB/f94d3f9219df5be4a7ea8241d4938553c0a40dba.bin,15
1698,750161a74198779ffa11762faacadad1634206e0.bin,31,194,datacopy/UCSB/750161a74198779ffa11762faacadad1634206e0.bin,15
1699,f64e5f34be4cb8672203ce1c4382ad3563a17021.bin,31,194,datacopy/UCSB/f64e5f34be4cb8672203ce1c4382ad3563a17021.bin,15
1700,9e49750624f488e9ec5c38e7afd00edcda4f6146.bin,31,194,datacopy/UCSB/9e49750624f488e9ec5c38e7afd00edcda4f6146.bin,15
1701,dd2e760938b0efde08b7f1d91c29366d62a88784.bin,31,194,datacopy/UCSB/dd2e760938b0efde08b7f1d91c29366d62a88784.bin,15
1702,b32dced617786f1da56b8f66b0ad1f73b58146c8.bin,31,194,datacopy/UCSB/b32dced617786f1da56b8f66b0ad1f73b58146c8.bin,15
1703,5bb8000280f229c250715c781ce826823dfd2ebd.bin,31,194,datacopy/UCSB/5bb8000280f229c250715c781ce826823dfd2ebd.bin,15
1704,7844343cb62fc7ced2fb832761557bcaabd24994.bin,31,194,datacopy/UCSB/7844343cb62fc7ced2fb832761557bcaabd24994.bin,15
1705,f9fb1623e84b55df84e987f28914756371a5ae37.bin,31,194,datacopy/UCSB/f9fb1623e84b55df84e987f28914756371a5ae37.bin,15
1706,fcecffd07c4d0405a7bea3460edc59f3967be0d6.bin,31,194,datacopy/UCSB/fcecffd07c4d0405a7bea3460edc59f3967be0d6.bin,15
1707,d568a9b7477014db3993815742303409e58b63ba.bin,31,194,datacopy/UCSB/d568a9b7477014db3993815742303409e58b63ba.bin,15
1708,0c9ebf253a699693619747cecd6ba3c3a3d06d42.bin,31,194,datacopy/UCSB/0c9ebf253a699693619747cecd6ba3c3a3d06d42.bin,15
1709,39044a8822dae3d1f74c19f6a7d7c4ff864ab190.bin,31,194,datacopy/UCSB/39044a8822dae3d1f74c19f6a7d7c4ff864ab190.bin,15
1710,0cb15e82edd7f27fd398ed07eba0ffef321b780e.bin,31,194,datacopy/UCSB/0cb15e82edd7f27fd398ed07eba0ffef321b780e.bin,15
1711,3d07128c5586d9ed7b20a3f747d051080a056112.bin,31,194,datacopy/UCSB/3d07128c5586d9ed7b20a3f747d051080a056112.bin,15
1712,de37a2135b3f0341240b6fad9f739d08ef3e3614.bin,31,194,datacopy/UCSB/de37a2135b3f0341240b6fad9f739d08ef3e3614.bin,15
1713,2012885eb5b3beb78ff0d532936d1c71b1fac51b.bin,31,194,datacopy/UCSB/2012885eb5b3beb78ff0d532936d1c71b1fac51b.bin,15
1714,7d8b3ed19ef0e296abb85024f15d60864aed6693.bin,31,194,datacopy/UCSB/7d8b3ed19ef0e296abb85024f15d60864aed6693.bin,15
1715,8ec9642b5bfaeddc926f3cc4659d997b45c28d14.bin,31,194,datacopy/UCSB/8ec9642b5bfaeddc926f3cc4659d997b45c28d14.bin,15
1716,5740516e27c2f5097e2a8490c586ff72d353edcd.bin,31,194,datacopy/UCSB/5740516e27c2f5097e2a8490c586ff72d353edcd.bin,15
1717,c5e6c97e27331b6d38717e156ba89df1387d94f7.bin,31,194,datacopy/UCSB/c5e6c97e27331b6d38717e156ba89df1387d94f7.bin,15
1718,1ba5c40bcd29fe219061583d9874cea609a52e3c.bin,31,194,datacopy/UCSB/1ba5c40bcd29fe219061583d9874cea609a52e3c.bin,15
1719,56f61e48ab435639625a9f82289ee29134d8b26e.bin,31,194,datacopy/UCSB/56f61e48ab435639625a9f82289ee29134d8b26e.bin,15
1720,bde35ff8a7284e65a2dbbb753d93c1c9d93f0f6d.bin,31,194,datacopy/UCSB/bde35ff8a7284e65a2dbbb753d93c1c9d93f0f6d.bin,15
1721,4606aae14280904ef3b74e15c38f639fe940c67f.bin,31,194,datacopy/UCSB/4606aae14280904ef3b74e15c38f639fe940c67f.bin,15
1722,7c2235d17a272d8a741099979ce5e22ea9ad9124.bin,31,194,datacopy/UCSB/7c2235d17a272d8a741099979ce5e22ea9ad9124.bin,15
1723,7bb2ddb37f2259e254edf37af5d2446fb286ae44.bin,31,194,datacopy/UCSB/7bb2ddb37f2259e254edf37af5d2446fb286ae44.bin,15
1724,01f9caceb30a0caad4caca5525d786ac174ebd4a.bin,31,194,datacopy/UCSB/01f9caceb30a0caad4caca5525d786ac174ebd4a.bin,15
1725,5e04af7d7224986a812b141c94e55162f267f0a6.bin,31,194,datacopy/UCSB/5e04af7d7224986a812b141c94e55162f267f0a6.bin,15
1726,5b3ff21ea51bbb48e1c8ddb4593c8f8aa26c6f5f.bin,31,194,datacopy/UCSB/5b3ff21ea51bbb48e1c8ddb4593c8f8aa26c6f5f.bin,15
1727,9c06f29ed63d6ac24689ee5b6a846aaa2bd7489c.bin,31,194,datacopy/UCSB/9c06f29ed63d6ac24689ee5b6a846aaa2bd7489c.bin,15
1728,2ebf9148e2e3837d069b8e4cf117a167bf482e03.bin,31,194,datacopy/UCSB/2ebf9148e2e3837d069b8e4cf117a167bf482e03.bin,15
1729,b689dde481bcde85aca6a96fa29ce09e30d9afad.bin,31,194,datacopy/UCSB/b689dde481bcde85aca6a96fa29ce09e30d9afad.bin,15
1730,d9a9ed54ab890ea4484f7cf4280628140e747d5f.bin,31,194,datacopy/UCSB/d9a9ed54ab890ea4484f7cf4280628140e747d5f.bin,15
1731,966f5aad1cfc01f11089733caebd5dbc6fb276a4.bin,31,194,datacopy/UCSB/966f5aad1cfc01f11089733caebd5dbc6fb276a4.bin,15
1732,87fdefdbc289fcf98f263423809be8d263abe37c.bin,31,194,datacopy/UCSB/87fdefdbc289fcf98f263423809be8d263abe37c.bin,15
1733,14b6e4439ef3f25fa6fb0e4ac816fdb17b1fda8d.bin,31,194,datacopy/UCSB/14b6e4439ef3f25fa6fb0e4ac816fdb17b1fda8d.bin,15
1734,77e8cb9e00f2c3fbe610b6470fe1935ee59e1ba9.bin,31,194,datacopy/UCSB/77e8cb9e00f2c3fbe610b6470fe1935ee59e1ba9.bin,15
1735,f5668747dac3d2bf250bf68fb1284f54a6ae8afe.bin,31,194,datacopy/UCSB/f5668747dac3d2bf250bf68fb1284f54a6ae8afe.bin,15
1736,5a1d601558cbced078401c459eab7be5d3404dcf.bin,31,194,datacopy/UCSB/5a1d601558cbced078401c459eab7be5d3404dcf.bin,15
1737,5edd5b700b71bf1ad1e84b05fd147ad4f1073678.bin,31,194,datacopy/UCSB/5edd5b700b71bf1ad1e84b05fd147ad4f1073678.bin,15
1738,92efe677341951477f40c2b1345f1579ecd609ab.bin,31,194,datacopy/UCSB/92efe677341951477f40c2b1345f1579ecd609ab.bin,15
1739,4c7f6f2237cd93cc59a819d70ca40e64ca2c082b.bin,31,194,datacopy/UCSB/4c7f6f2237cd93cc59a819d70ca40e64ca2c082b.bin,15
1740,b9bd5afd6855e12368248c4d0809bd6210e647ca.bin,31,194,datacopy/UCSB/b9bd5afd6855e12368248c4d0809bd6210e647ca.bin,15
1741,0abfd5540112a93a1ade92d446048e66bf9cd844.bin,31,194,datacopy/UCSB/0abfd5540112a93a1ade92d446048e66bf9cd844.bin,15
1742,a82155dc4c0041d29ae36b3f31d3489a33ffbefc.bin,31,194,datacopy/UCSB/a82155dc4c0041d29ae36b3f31d3489a33ffbefc.bin,15
1743,2223dd1ac29835fcf26a7e5f799460412254e1e5.bin,31,194,datacopy/UCSB/2223dd1ac29835fcf26a7e5f799460412254e1e5.bin,15
1744,2633bbc63f9d9420fe543c42131bb3b0e49d6a98.bin,31,194,datacopy/UCSB/2633bbc63f9d9420fe543c42131bb3b0e49d6a98.bin,15
1745,a2595fb45feb70b4aca3ed4e6204fa1983127741.bin,31,194,datacopy/UCSB/a2595fb45feb70b4aca3ed4e6204fa1983127741.bin,15
1746,76e82e21f3a6b6c96097121800496d904cdde861.bin,31,194,datacopy/UCSB/76e82e21f3a6b6c96097121800496d904cdde861.bin,15
1747,5d8fb77a3f93bad2d13d237d1407f5757371ece3.bin,31,194,datacopy/UCSB/5d8fb77a3f93bad2d13d237d1407f5757371ece3.bin,15
1748,4a3b0e488fa4c0bf9d33a10ef8a9b5bf779daab5.bin,31,194,datacopy/UCSB/4a3b0e488fa4c0bf9d33a10ef8a9b5bf779daab5.bin,15
1749,8d571517c5081e78058a7f5b77346995319e802e.bin,31,194,datacopy/UCSB/8d571517c5081e78058a7f5b77346995319e802e.bin,15
1750,970738b9221414e237b354df4ff96c295718684f.bin,31,194,datacopy/UCSB/970738b9221414e237b354df4ff96c295718684f.bin,15
1751,83e8ca1d63a38a3276b7d4e92a768b2b4ebffcd8.bin,32,3,datacopy/UCSB.JP/data_feed.geo_japan_6m_public_flag/8/3/e/83e8ca1d63a38a3276b7d4e92a768b2b4ebffcd8.bin,1
1752,871d8e5584dbf62cfd9820559d54fd1061044514.bin,32,3,datacopy/UCSB.JP/data_feed.geo_japan_6m_public_flag/8/7/1/871d8e5584dbf62cfd9820559d54fd1061044514.bin,1
1753,e3b4ffaf69060565fa9e6980791913cff6a1df27.bin,32,3,datacopy/UCSB.JP/data_feed.geo_japan_6m_public_flag/e/3/b/e3b4ffaf69060565fa9e6980791913cff6a1df27.bin,1
1754,bc658b0a2774983c07f2dc661691780b961a9e26.bin,32,3,datacopy/UCSB.JP/data_feed.geo_japan_6m_public_flag/b/c/6/bc658b0a2774983c07f2dc661691780b961a9e26.bin,1
1755,d68a1512312cd040c213080160815ee4912ff7d9.bin,32,3,datacopy/UCSB.JP/data_feed.geo_japan_6m_public_flag/d/6/8/d68a1512312cd040c213080160815ee4912ff7d9.bin,1
1756,a85e64324a49d00242052db2eb858e287a847a0b.bin,34,203,datacopy/UCSB.JP/data_feed.geo_japan_6m_public_flag/a/8/5/a85e64324a49d00242052db2eb858e287a847a0b.bin,1
1757,a11ae66f9144870ad37b4700ea41b3fd05ed8282.bin,34,203,datacopy/UCSB.JP/data_feed.geo_japan_6m_public_flag/a/1/1/a11ae66f9144870ad37b4700ea41b3fd05ed8282.bin,1
1758,e329749aea60d1a5434b781640f85cf4d0d9db65.bin,34,203,datacopy/UCSB.JP/data_feed.geo_japan_6m_public_flag/e/3/2/e329749aea60d1a5434b781640f85cf4d0d9db65.bin,1
1759,e2107b1cfeb55f88ab759a1ef4f061919ea62fca.bin,34,203,datacopy/UCSB.JP/data_feed.geo_japan_6m_public_flag/e/2/1/e2107b1cfeb55f88ab759a1ef4f061919ea62fca.bin,1
1760,bb8827df97088d45d97788d34c4090c6ffb93551.bin,34,203,datacopy/UCSB.JP/data_feed.geo_japan_6m_public_flag/b/b/8/bb8827df97088d45d97788d34c4090c6ffb93551.bin,1
1761,9fc954d63c5ea108215c96bb10c899841998512f.bin,34,203,datacopy/UCSB.JP/data_feed.geo_japan_6m_public_flag/9/f/c/9fc954d63c5ea108215c96bb10c899841998512f.bin,1
1762,568fa2a5b3d7d39e76bbcefa30cf8c25575ec559.bin,34,203,datacopy/UCSB.JP/data_feed.geo_japan_6m_public_flag/5/6/8/568fa2a5b3d7d39e76bbcefa30cf8c25575ec559.bin,1
1763,6ba4a916d0a77bed63ff83185d9436ce371f13be.bin,34,203,datacopy/UCSB.JP/data_feed.geo_japan_6m_public_flag/6/b/a/6ba4a916d0a77bed63ff83185d9436ce371f13be.bin,1
1764,793a2a00f3b6ea61af597875e8d678d23ea74684.bin,34,203,datacopy/UCSB.JP/data_feed.geo_japan_6m_public_flag/7/9/3/793a2a00f3b6ea61af597875e8d678d23ea74684.bin,1
1765,70b2b643133597f21609c687767724c1fd88c351.bin,34,203,datacopy/UCSB.JP/data_feed.geo_japan_6m_public_flag/7/0/b/70b2b643133597f21609c687767724c1fd88c351.bin,1
1766,7055935be2e06aebe57bcd7bc0fe753422667f53.bin,34,203,datacopy/UCSB.JP/data_feed.geo_japan_6m_public_flag/7/0/5/7055935be2e06aebe57bcd7bc0fe753422667f53.bin,1
1767,fe118a817d24d5aafcff8ba5f51195cdbcd76c7c.bin,34,203,datacopy/UCSB/fe118a817d24d5aafcff8ba5f51195cdbcd76c7c.bin,1
1768,aa544cc26c82159e4d788ce01fb43cd85f84c12b.bin,35,3,datacopy/UCSB.JP/data_feed.geo_japan_6m_public_flag/a/a/5/aa544cc26c82159e4d788ce01fb43cd85f84c12b.bin,1
1769,35de373cf8b94594671fe52db35cd7222eecb1d7.bin,35,1485,datacopy/UCSB/35de373cf8b94594671fe52db35cd7222eecb1d7.bin,1
1770,aafba6592104ce86120308873e85526d8bac3e23.bin,36,1209,datacopy/UCSB.JP/data_feed.geo_japan_6m_public_flag/a/a/f/aafba6592104ce86120308873e85526d8bac3e23.bin,114
1771,a417e5524fbadf925d1e698cc4ed8ac3684cb67d.bin,36,3,datacopy/UCSB.JP/data_feed.geo_japan_6m_public_flag/a/4/1/a417e5524fbadf925d1e698cc4ed8ac3684cb67d.bin,114
1772,e49dabd2e41a5b22c5da3e49793a883682f276b4.bin,36,1062,datacopy/UCSB.JP/data_feed.geo_japan_6m_public_flag/e/4/9/e49dabd2e41a5b22c5da3e49793a883682f276b4.bin,114
1773,36ad9aeae1436873ea5c1e739ac14e6fcd42fb65.bin,36,535,datacopy/UCSB.JP/data_feed.geo_japan_6m_public_flag/3/6/a/36ad9aeae1436873ea5c1e739ac14e6fcd42fb65.bin,114
1774,982eec39ec997cfca85e79f5738fc61fbf55c0bb.bin,36,124,datacopy/UCSB.JP/data_feed.geo_japan_6m_public_flag/9/8/2/982eec39ec997cfca85e79f5738fc61fbf55c0bb.bin,114
1775,2e7e1eebdd7cebaec127d75e4a1d8fdf60a143c2.bin,36,3,datacopy/UCSB.JP/data_feed.geo_japan_6m_public_flag/2/e/7/2e7e1eebdd7cebaec127d75e4a1d8fdf60a143c2.bin,114
1776,21727f1c1c536634adb4cffa98deb4e371ebf8dc.bin,36,1209,datacopy/UCSB.JP/data_feed.geo_japan_6m_public_flag/2/1/7/21727f1c1c536634adb4cffa98deb4e371ebf8dc.bin,114
1777,d84a592b89a4638be315a5f094aa033f8fce1767.bin,36,477,datacopy/UCSB.JP/data_feed.geo_japan_6m_public_flag/d/8/4/d84a592b89a4638be315a5f094aa033f8fce1767.bin,114
1778,1ef0fe0d107b86a7b6a88ce7f9b12aa1e623a754.bin,36,3,datacopy/UCSB.JP/data_feed.geo_japan_6m_public_flag/1/e/f/1ef0fe0d107b86a7b6a88ce7f9b12aa1e623a754.bin,114
1779,58e78a9e9600a43b1f97730504fa3827d144bfbb.bin,36,124,datacopy/UCSB.JP/data_feed.geo_japan_6m_public_flag/5/8/e/58e78a9e9600a43b1f97730504fa3827d144bfbb.bin,114
1780,5e76274ee316a99f7fb404f6c2e44d2e3756b7f6.bin,36,124,datacopy/UCSB.JP/data_feed.geo_japan_6m_public_flag/5/e/7/5e76274ee316a99f7fb404f6c2e44d2e3756b7f6.bin,114
1781,598079ae0d985e295e640b1781007d85f3a612d3.bin,36,1508,datacopy/UCSB.JP/data_feed.geo_japan_6m_public_flag/5/9/8/598079ae0d985e295e640b1781007d85f3a612d3.bin,114
1782,fe05d40bc6cb3ae1497ea2e783fa63b24f0e34c1.bin,36,3,datacopy/UCSB.JP/data_feed.geo_japan_6m_public_flag/f/e/0/fe05d40bc6cb3ae1497ea2e783fa63b24f0e34c1.bin,114
1783,c877974a5a9b2e16aa5741b037bce28e798f5d97.bin,36,30,datacopy/UCSB.JP/data_feed.geo_japan_6m_public_flag/c/8/7/c877974a5a9b2e16aa5741b037bce28e798f5d97.bin,114
1784,c77aaa4b8a0c892dcf9e35171659d6bf52a0778d.bin,36,1209,datacopy/UCSB.JP/data_feed.geo_japan_6m_public_flag/c/7/7/c77aaa4b8a0c892dcf9e35171659d6bf52a0778d.bin,114
1785,4abaceb364fac523211c7d89eec1c050bbe541fb.bin,36,3,datacopy/UCSB.JP/data_feed.geo_japan_6m_public_flag/4/a/b/4abaceb364fac523211c7d89eec1c050bbe541fb.bin,114
1786,4686b03aff9e69026bd73ba2ca4b0f92c6fbeb53.bin,36,203,datacopy/UCSB.JP/data_feed.geo_japan_6m_public_flag/4/6/8/4686b03aff9e69026bd73ba2ca4b0f92c6fbeb53.bin,114
1787,0e534d44bf7e86d47b7e912a9c49d73c4ae40be8.bin,36,271,datacopy/UCSB.JP/data_feed.geo_japan_6m_public_flag/0/e/5/0e534d44bf7e86d47b7e912a9c49d73c4ae40be8.bin,114
1788,01ebd0e1b7f854f03c5e1ad36c486f7afb9e8fe6.bin,36,161,datacopy/UCSB.JP/data_feed.geo_japan_6m_public_flag/0/1/e/01ebd0e1b7f854f03c5e1ad36c486f7afb9e8fe6.bin,114
1789,05cabe1c0f7e1ca8dc8872317d2a24417084d158.bin,36,1820,datacopy/UCSB.JP/data_feed.geo_japan_6m_public_flag/0/5/c/05cabe1c0f7e1ca8dc8872317d2a24417084d158.bin,114
1790,67a33569e74a8a9a49c0aa242c77aa431c833303.bin,36,1209,datacopy/UCSB.JP/data_feed.geo_japan_6m_public_flag/6/7/a/67a33569e74a8a9a49c0aa242c77aa431c833303.bin,114
1791,71fd5cbad0938c2ec03bb30d4bcb18e6b3c75163.bin,36,3,datacopy/UCSB.JP/data_feed.geo_japan_6m_public_flag/7/1/f/71fd5cbad0938c2ec03bb30d4bcb18e6b3c75163.bin,114
1792,744a7cd0b3baa5cc19b3facdf8b418df7c71281a.bin,36,203,datacopy/UCSB.JP/data_feed.geo_japan_6m_public_flag/7/4/4/744a7cd0b3baa5cc19b3facdf8b418df7c71281a.bin,114
1793,5d2b88fe54d8eeaca07846db14019d9391596494.bin,36,3,datacopy/UCSB/5d2b88fe54d8eeaca07846db14019d9391596494.bin,114
1794,287d39209c960bd84cc783e55278160201303131.bin,36,203,datacopy/UCSB/287d39209c960bd84cc783e55278160201303131.bin,114
1795,c87ece37ada027f5cdece74bf0298813945cca5d.bin,36,203,datacopy/UCSB/c87ece37ada027f5cdece74bf0298813945cca5d.bin,114
1796,603eee7ac932f1518f8bb25b5f57b82d0c005b81.bin,36,477,datacopy/UCSB/603eee7ac932f1518f8bb25b5f57b82d0c005b81.bin,114
1797,30f5f74ecb7d53a6ee72395dd1578174217d48d2.bin,36,64,datacopy/UCSB/30f5f74ecb7d53a6ee72395dd1578174217d48d2.bin,114
1798,648b615a9222343f94d072248e484d3c54fbca33.bin,36,203,datacopy/UCSB/648b615a9222343f94d072248e484d3c54fbca33.bin,114
1799,39841e645518085734604c006c79d95eca83ba0a.bin,36,124,datacopy/UCSB/39841e645518085734604c006c79d95eca83ba0a.bin,114
1800,4ec26a59b4b70f60bc82d1ebe7183e09264cdc80.bin,36,203,datacopy/UCSB/4ec26a59b4b70f60bc82d1ebe7183e09264cdc80.bin,114
1801,498073295a31817e0ca63ca650be656b633735ff.bin,36,1837,datacopy/UCSB/498073295a31817e0ca63ca650be656b633735ff.bin,114
1802,92a8453ae03465faa60489e8f656571fcfb0afbd.bin,36,124,datacopy/UCSB/92a8453ae03465faa60489e8f656571fcfb0afbd.bin,114
1803,89ccf74a4277eabd8b4f58c09cf649508090a376.bin,36,3,datacopy/UCSB/89ccf74a4277eabd8b4f58c09cf649508090a376.bin,114
1804,759fbb3e1926a126bc40200a5f364af297c79012.bin,36,124,datacopy/UCSB/759fbb3e1926a126bc40200a5f364af297c79012.bin,114
1805,d9192e38412faf1f9281dda9dd7161f67f3cedc0.bin,36,124,datacopy/UCSB/d9192e38412faf1f9281dda9dd7161f67f3cedc0.bin,114
1806,14d09d67dc983492abffdc48a4ad5a08c7e9bfab.bin,36,477,datacopy/UCSB/14d09d67dc983492abffdc48a4ad5a08c7e9bfab.bin,114
1807,outlookmail.exe,36,3,datacopy/BB/Files/2014-08-01/outlookmail.exe,114
1808,xzqyetcascx.exe,36,113,datacopy/BB/Files/2014-12-17/xzqyetcascx.exe,114
1809,websnapservices.exe,36,3,datacopy/BB/Files/2015-03-30/websnapservices.exe,114
1810,informacoes.05.04.2015LJGNLJ54545548878SDFG4867SGS878DFSDG88448ESF.exe,36,52,datacopy/BB/Files/2015-04-08/informacoes.05.04.2015LJGNLJ54545548878SDFG4867SGS878DFSDG88448ESF.exe,114
1811,xztqhwfxadfcv.exe,36,113,datacopy/BB/Files/2014-11-11/xztqhwfxadfcv.exe,114
1812,15_06_homer.txt.exe,36,3,datacopy/BB/Files/2014-06-20/15_06_homer.txt.exe,114
1813,xuzytedcas.exe,36,113,datacopy/BB/Files/2014-10-27/xuzytedcas.exe,114
1814,zxzxcyqhgcads.exe,36,113,datacopy/BB/Files/2014-10-27/zxzxcyqhgcads.exe,114
1815,haika.exe,36,113,datacopy/BB/Files/2014-10-27/haika.exe,114
1816,Comprovante_html.exe,36,3,datacopy/BB/Files/2014-10-13/Comprovante_html.exe,114
1817,updateie.exe,36,3,datacopy/BB/Files/2014-10-13/updateie.exe,114
1818,Visualizar_DebitoReceitaFederalAgosto.com,36,3,datacopy/BB/Files/2014-08-06/Visualizar_DebitoReceitaFederalAgosto.com,114
1819,bab.exe,36,203,datacopy/BB/Files/2016-09-20/bab.exe,114
1820,expiorer.exe,36,217,datacopy/BB/Files/2014-08-08/expiorer.exe,114
1821,intimacao.scr,36,2,datacopy/BB/Files/2014-05-15/intimacao.scr,114
1822,FrestyServe.exe,36,3,datacopy/BB/Files/2015-05-14/FrestyServe.exe,114
1823,FullScreen.exe,36,3,datacopy/BB/Files/2015-05-18/FullScreen.exe,114
1824,NETFXRepair.exe,36,3,datacopy/BB/Files/2015-05-18/NETFXRepair.exe,114
1825,IAStorlcon.exe,36,3,datacopy/BB/Files/2015-05-18/IAStorlcon.exe,114
1826,pega.rar.exe,36,3,datacopy/BB/Files/2015-04-30/pega.rar.exe,114
1827,1_24289387_directDownload_true.exe,36,3,datacopy/BB/Files/2014-02-27/1_24289387_directDownload_true.exe,114
1828,NFeletronica.exe,36,3,datacopy/BB/Files/2014-02-27/NFeletronica.exe,114
1829,JTZNTD.exe,36,124,datacopy/BB/Files/2019-02-22/JTZNTD.exe,114
1830,wds.exe,36,3,datacopy/BB/Files/2015-05-26/wds.exe,114
1831,adobe_acrobat_pro_pdf.exe,36,113,datacopy/BB/Files/2014-11-04/adobe_acrobat_pro_pdf.exe,114
1832,backup.exe,36,64,datacopy/BB/Files/2014-05-22/backup.exe,114
1833,transacao_772372998naf-0837429pdf.exe,36,3,datacopy/BB/Files/2014-10-08/transacao_772372998naf-0837429pdf.exe,114
1834,Comp.Trasacao_html.exe,36,3,datacopy/BB/Files/2014-10-14/Comp.Trasacao_html.exe,114
1835,555660.exe,36,3,datacopy/BB/Files/2014-10-03/555660.exe,114
1836,GBBradesco.exe,36,3,datacopy/BB/Files/2014-10-03/GBBradesco.exe,114
1837,MGSMPC.exe,36,124,datacopy/BB/Files/2019-03-01/MGSMPC.exe,114
1838,julho2014.exe,36,2,datacopy/BB/Files/2014-07-03/julho2014.exe,114
1839,JavaSERuntime.exe,36,3,datacopy/BB/Files/2015-04-16/JavaSERuntime.exe,114
1840,JwvStart7047.exe,36,3,datacopy/BB/Files/2015-05-25/JwvStart7047.exe,114
1841,NotaFiscal.pdf.exe,36,2,datacopy/BB/Files/2014-05-26/NotaFiscal.pdf.exe,114
1842,zgxyatecfahd.exe,36,113,datacopy/BB/Files/2014-10-24/zgxyatecfahd.exe,114
1843,xytwdac.exe,36,113,datacopy/BB/Files/2014-10-24/xytwdac.exe,114
1844,Alternate.exe,36,3,datacopy/BB/Files/2015-05-20/Alternate.exe,114
1845,usuario1.exe,36,3,datacopy/BB/Files/2014-08-05/usuario1.exe,114
1846,usuario2.exe,36,3,datacopy/BB/Files/2014-08-05/usuario2.exe,114
1847,Texto.rar.exe,36,3,datacopy/BB/Files/2015-05-06/Texto.rar.exe,114
1848,gwdevice.exe,36,3,datacopy/BB/Files/2015-05-06/gwdevice.exe,114
1849,pegas.rar.exe,36,3,datacopy/BB/Files/2015-05-13/pegas.rar.exe,114
1850,k11.rar.exe,36,3,datacopy/BB/Files/2015-05-13/k11.rar.exe,114
1851,xczqyedsdcxas.exe,36,113,datacopy/BB/Files/2014-11-21/xczqyedsdcxas.exe,114
1852,csvcho.exe,36,3,datacopy/BB/Files/2014-06-26/csvcho.exe,114
1853,Cheque-N011214402102014.exe,36,3,datacopy/BB/Files/2014-10-02/Cheque-N011214402102014.exe,114
1854,SunJavaScript.exe,36,3,datacopy/BB/Files/2015-05-21/SunJavaScript.exe,114
1855,winhlp.exe,36,3,datacopy/BB/Files/2015-05-21/winhlp.exe,114
1856,scrax.exe,36,3,datacopy/BB/Files/2014-05-27/scrax.exe,114
1857,TemNil.exe,36,3,datacopy/BB/Files/2015-05-19/TemNil.exe,114
1858,supply.exe,36,3,datacopy/BB/Files/2014-07-09/supply.exe,114
1859,StoreHost.exe,36,3,datacopy/BB/Files/2015-05-15/StoreHost.exe,114
1860,wlsetup.exe,36,3,datacopy/BB/Files/2015-04-10/wlsetup.exe,114
1861,homer1103.exe,36,64,datacopy/BB/Files/2014-03-13/homer1103.exe,114
1862,DSG308910.exe,36,3,datacopy/BB/Files/2014-05-19/DSG308910.exe,114
1863,AtivosBB_N2014578754.exe,36,64,datacopy/BB/Files/2014-04-08/AtivosBB_N2014578754.exe,114
1864,REGULAR_CPF_PROTODOC0102014.exe,36,3,datacopy/BB/Files/2014-10-28/REGULAR_CPF_PROTODOC0102014.exe,114
1865,xzvtegdafc.exe,36,113,datacopy/BB/Files/2014-11-05/xzvtegdafc.exe,114
1866,EMAIL-301510101215150101.exe,36,3,datacopy/BB/Files/2014-05-13/EMAIL-301510101215150101.exe,114
1867,Controlsys.exe,36,3,datacopy/BB/Files/2015-04-29/Controlsys.exe,114
1868,Comprovante_trf1024884.pdf.exe,36,2,datacopy/BB/Files/2014-05-28/Comprovante_trf1024884.pdf.exe,114
1869,_640578471_directDownload_true.exe,36,694,datacopy/BB/Files/2014-05-29/_640578471_directDownload_true.exe,114
1870,pache.exe,36,3,datacopy/BB/Files/2014-08-13/pache.exe,114
1871,Planilha-OrÃ§amento.cmd,36,64,datacopy/BB/Files/2015-04-27/Planilha-OrÃ§amento.cmd,114
1872,applive.exe,36,3,datacopy/BB/Files/2015-04-27/applive.exe,114
1873,62d68652d6f4ae5a441504da8aa58ffc34be8357f7b50a2ea513078371b9447c,36,3,datacopy/Stefano/62d68652d6f4ae5a441504da8aa58ffc34be8357f7b50a2ea513078371b9447c,114
1874,fed3a4a93bbcd615ea8b71f8b5c1183e33450ba35d154de74b3da47b7ee83838,36,113,datacopy/Stefano/fed3a4a93bbcd615ea8b71f8b5c1183e33450ba35d154de74b3da47b7ee83838,114
1875,1fbe46c3e651ed2259d5ebb56a2a7cc5c91fd051.bin,37,1983,datacopy/UCSB.JP/data_feed.geo_japan_6m_public_flag/1/f/b/1fbe46c3e651ed2259d5ebb56a2a7cc5c91fd051.bin,1
1876,a9ec72c93e162bf73052f8ca441cb6f004e09e1d.bin,38,556,datacopy/UCSB.JP/data_feed.geo_japan_6m_public_flag/a/9/e/a9ec72c93e162bf73052f8ca441cb6f004e09e1d.bin,1
1877,bacc4ecb1988b1e1a6e1e3c0759d88fbaaff7cc0.bin,38,1714,datacopy/UCSB.JP/data_feed.geo_japan_6m_public_flag/b/a/c/bacc4ecb1988b1e1a6e1e3c0759d88fbaaff7cc0.bin,1
1878,a1d4d4b4e7f0392ab5d770fdccf3a1208b923baf.bin,42,1152,datacopy/UCSB.JP/data_feed.geo_japan_6m_public_flag/a/1/d/a1d4d4b4e7f0392ab5d770fdccf3a1208b923baf.bin,1
1879,c5461eaf306fbe65abddc4cc04f493f86b91fb42.bin,42,1152,datacopy/UCSB.JP/data_feed.geo_japan_6m_public_flag/c/5/4/c5461eaf306fbe65abddc4cc04f493f86b91fb42.bin,1
1880,4f30951b43e4f7033ff27b9f3b19c11da5df7e10782e102165ed6b61fe3dc02d,42,1152,datacopy/Stefano/4f30951b43e4f7033ff27b9f3b19c11da5df7e10782e102165ed6b61fe3dc02d,1
1881,a11d6186b7d58054266c80ec372c7b4afd61cd39a6194f37848a576d4cebb765,42,1152,datacopy/Stefano/a11d6186b7d58054266c80ec372c7b4afd61cd39a6194f37848a576d4cebb765,1
1882,fa3511d8f877c76a075a000b041702b9e60ab44458135745f54758661073fb29,42,1152,datacopy/Stefano/fa3511d8f877c76a075a000b041702b9e60ab44458135745f54758661073fb29,1
1883,2560efdb113346c2a9d1580ba21a5edb8eb21e867a22717914cc13ee3f90ae17,42,1152,datacopy/Stefano/2560efdb113346c2a9d1580ba21a5edb8eb21e867a22717914cc13ee3f90ae17,1
1884,9454529d22ef236c666f98b5eb5d4928921bbb36481d312bcd6cee49205efea3,42,1152,datacopy/Stefano/9454529d22ef236c666f98b5eb5d4928921bbb36481d312bcd6cee49205efea3,1
1885,2855856b3923f9f1b4ccfd717e55ffda87f2048c7d736b2e9f2a04756f03af1d,42,1152,datacopy/Stefano/2855856b3923f9f1b4ccfd717e55ffda87f2048c7d736b2e9f2a04756f03af1d,1
1886,accd5ae93fd31b9670e2b7d38f45b9739df6f58dee3f48fbaddc151b12981bdb,42,1152,datacopy/Stefano/accd5ae93fd31b9670e2b7d38f45b9739df6f58dee3f48fbaddc151b12981bdb,1
1887,e5fd67941cabcd48a029ea38a980f19ee41cadd5007ec2f0212fad996d0878ea,42,1152,datacopy/Stefano/e5fd67941cabcd48a029ea38a980f19ee41cadd5007ec2f0212fad996d0878ea,1
1888,6c22d9e0b94c1924478c1678ce4ead3480a3661adffc551693aee5254ef7015f,42,1152,datacopy/Stefano/6c22d9e0b94c1924478c1678ce4ead3480a3661adffc551693aee5254ef7015f,1
1889,a5900c59b2ab46731b7c89593646d41592d4d057.bin,43,1541,datacopy/UCSB.JP/data_feed.geo_japan_6m_public_flag/a/5/9/a5900c59b2ab46731b7c89593646d41592d4d057.bin,3
1890,e221e890fcf5e50c1b23d01c0328bbdd726bf087.bin,43,1532,datacopy/UCSB.JP/data_feed.geo_japan_6m_public_flag/e/2/2/e221e890fcf5e50c1b23d01c0328bbdd726bf087.bin,3
1891,38719ee10065ebe2cbec42ffe7c6f1f90652bb48.bin,43,3,datacopy/UCSB.JP/data_feed.geo_japan_6m_public_flag/3/8/7/38719ee10065ebe2cbec42ffe7c6f1f90652bb48.bin,3
1892,1bbbb6996fed61e6df327ba41c824bd2756444e0.bin,43,1513,datacopy/UCSB.JP/data_feed.geo_japan_6m_public_flag/1/b/b/1bbbb6996fed61e6df327ba41c824bd2756444e0.bin,3
1893,c161241f39ad0b1d50664f9f08f4ef7d070f0b6d.bin,43,1541,datacopy/UCSB.JP/data_feed.geo_japan_6m_public_flag/c/1/6/c161241f39ad0b1d50664f9f08f4ef7d070f0b6d.bin,3
1894,4eddf9aa9263fc19461511b3c01a5f72fd863eb4.bin,43,1513,datacopy/UCSB.JP/data_feed.geo_japan_6m_public_flag/4/e/d/4eddf9aa9263fc19461511b3c01a5f72fd863eb4.bin,3
1895,081fa3d6e08be25a727df104ff8d67b276fcd4ff.bin,43,2025,datacopy/UCSB.JP/data_feed.geo_japan_6m_public_flag/0/8/1/081fa3d6e08be25a727df104ff8d67b276fcd4ff.bin,3
1896,040cace83fadc0f6bc56a791fbfe77ff23cedace.bin,43,1532,datacopy/UCSB.JP/data_feed.geo_japan_6m_public_flag/0/4/0/040cace83fadc0f6bc56a791fbfe77ff23cedace.bin,3
1897,7cc8f6fa6aa415d042548e938e4a25c6252e3e21.bin,43,1532,datacopy/UCSB/7cc8f6fa6aa415d042548e938e4a25c6252e3e21.bin,3
1898,fb88c5988c0a6dbcfdeebb3c58ea38b38977a14c.bin,43,1541,datacopy/UCSB/fb88c5988c0a6dbcfdeebb3c58ea38b38977a14c.bin,3
1899,5cdd14226ed5710b34b27f32136f7145582124f7.bin,43,1788,datacopy/UCSB/5cdd14226ed5710b34b27f32136f7145582124f7.bin,3
1900,881dccac41f7b7122e04ad6f227b87ba0a3f6944.bin,43,1541,datacopy/UCSB/881dccac41f7b7122e04ad6f227b87ba0a3f6944.bin,3
1901,2ca170d81a8f0eecd9b40c13fefa51f5520728a6.bin,43,3,datacopy/UCSB/2ca170d81a8f0eecd9b40c13fefa51f5520728a6.bin,3
1902,ff7ccf72ba340b6c0baa1d2bddd289bf5d84c848.bin,43,1788,datacopy/UCSB/ff7ccf72ba340b6c0baa1d2bddd289bf5d84c848.bin,3
1903,2c8498e2fb8293cfdc1d875cb3b63590a3d5d78a.bin,43,1541,datacopy/UCSB/2c8498e2fb8293cfdc1d875cb3b63590a3d5d78a.bin,3
1904,9ac1ecac86c28630ca4085ed6f78c1e6c8f9b331.bin,44,1544,datacopy/UCSB.JP/data_feed.geo_japan_6m_public_flag/9/a/c/9ac1ecac86c28630ca4085ed6f78c1e6c8f9b331.bin,6
1905,f9acf054a3d6d9b5dad76e9ab540fca41a156dcf.bin,44,1544,datacopy/UCSB.JP/data_feed.geo_japan_6m_public_flag/f/9/a/f9acf054a3d6d9b5dad76e9ab540fca41a156dcf.bin,6
1906,f56e7785065a9ea074a23f73fea2d44797720ec9.bin,44,1544,datacopy/UCSB.JP/data_feed.geo_japan_6m_public_flag/f/5/6/f56e7785065a9ea074a23f73fea2d44797720ec9.bin,6
1907,a4a7e6ccf5859e4031a8b7774c33ad2c265d6458.bin,47,3,datacopy/UCSB.JP/data_feed.geo_japan_6m_public_flag/a/4/a/a4a7e6ccf5859e4031a8b7774c33ad2c265d6458.bin,1
1908,ed65e2baf92c29e9c186ba25c94e8b36c234e852.bin,47,3,datacopy/UCSB.JP/data_feed.geo_japan_6m_public_flag/e/d/6/ed65e2baf92c29e9c186ba25c94e8b36c234e852.bin,1
1909,3f40bfd6b2faf790abf96d10fd45a683657131d4.bin,47,3,datacopy/UCSB.JP/data_feed.geo_japan_6m_public_flag/3/f/4/3f40bfd6b2faf790abf96d10fd45a683657131d4.bin,1
1910,7f59ed4d3c0d5572dbd4baea9693abd6cb1c6c59.bin,47,556,datacopy/UCSB.JP/data_feed.geo_japan_6m_public_flag/7/f/5/7f59ed4d3c0d5572dbd4baea9693abd6cb1c6c59.bin,1
1911,e1425b576242bb49a947c184ba7437b5d709bc98.bin,49,3,datacopy/UCSB.JP/data_feed.geo_japan_6m_public_flag/e/1/4/e1425b576242bb49a947c184ba7437b5d709bc98.bin,1
1912,2f6c7d083dbb6092b64d2e914ae82e0bc978f1c4.bin,49,3,datacopy/UCSB.JP/data_feed.geo_japan_6m_public_flag/2/f/6/2f6c7d083dbb6092b64d2e914ae82e0bc978f1c4.bin,1
1913,1e9b3f5a83c0167ffe3b72df5d45e20fe68b3a62.bin,49,3,datacopy/UCSB.JP/data_feed.geo_japan_6m_public_flag/1/e/9/1e9b3f5a83c0167ffe3b72df5d45e20fe68b3a62.bin,1
1914,011bb1fa41f1ca8fffe623d6c4f492b2161fa15e.bin,49,3,datacopy/UCSB/011bb1fa41f1ca8fffe623d6c4f492b2161fa15e.bin,1
1915,3f54b1785f1213314f9aa5ec089eea3156e2b41f.bin,50,1029,datacopy/UCSB.JP/data_feed.geo_japan_6m_public_flag/3/f/5/3f54b1785f1213314f9aa5ec089eea3156e2b41f.bin,7
1916,e7f4a262927324d76a82e322c7d99b4e4923814b.codex,50,341,datacopy/CodexGiga/e7f4a262927324d76a82e322c7d99b4e4923814b.codex,7
1917,95a17b683f3861dc576a63d55731a805ee1736ea978080b3248b883d5e5fffb8,50,69,datacopy/Stefano/95a17b683f3861dc576a63d55731a805ee1736ea978080b3248b883d5e5fffb8,7
1918,ea6b606f2fa18f8a09c51c0c4367f80152365c97.bin,53,2005,datacopy/UCSB.JP/data_feed.geo_japan_6m_public_flag/e/a/6/ea6b606f2fa18f8a09c51c0c4367f80152365c97.bin,28
1919,393003abacd8753500c75052033669e359aca834.bin,53,163,datacopy/UCSB.JP/data_feed.geo_japan_6m_public_flag/3/9/3/393003abacd8753500c75052033669e359aca834.bin,28
1920,69772df8ce1816997a0d025d5a813d87d7742a55.bin,53,3,datacopy/UCSB.JP/data_feed.geo_japan_6m_public_flag/6/9/7/69772df8ce1816997a0d025d5a813d87d7742a55.bin,28
1921,6520c60759b5ba89766991944dd66758394d00f8.bin,53,1973,datacopy/UCSB.JP/data_feed.geo_japan_6m_public_flag/6/5/2/6520c60759b5ba89766991944dd66758394d00f8.bin,28
1922,88dab5248a4927c82f06d52292948d34eabd598d.bin,53,1400,datacopy/UCSB/88dab5248a4927c82f06d52292948d34eabd598d.bin,28
1923,b583ab7d156bee105b238b4dae4c985391f6aeae.codex,53,771,datacopy/CodexGiga/b583ab7d156bee105b238b4dae4c985391f6aeae.codex,28
1924,6a615b894408aa40fbeed36d1375598d188f3f98.codex,53,878,datacopy/CodexGiga/6a615b894408aa40fbeed36d1375598d188f3f98.codex,28
1925,131811.exe,53,62,datacopy/BB/Files/2012-12-10/131811.exe,28
1926,114807.exe,53,252,datacopy/BB/Files/2013-02-20/114807.exe,28
1927,install_AdobeFlashPlayer11.exe,53,382,datacopy/BB/Files/2013-05-17/install_AdobeFlashPlayer11.exe,28
1928,105029.exe,53,62,datacopy/BB/Files/2012-12-05/105029.exe,28
1929,142928.exe,53,62,datacopy/BB/Files/2013-01-11/142928.exe,28
1930,CADIN_938475467_Receita_Federal.exe,53,3,datacopy/BB/Files/2014-05-30/CADIN_938475467_Receita_Federal.exe,28
1931,145002.exe,53,62,datacopy/BB/Files/2012-12-07/145002.exe,28
1932,112325.exe,53,62,datacopy/BB/Files/2013-01-14/112325.exe,28
1933,82652c7e28df1a09da8661a813bd4df5a8dde9370ac6180faaf503570df7b688,53,124,datacopy/Stefano/82652c7e28df1a09da8661a813bd4df5a8dde9370ac6180faaf503570df7b688,28
1934,9bdd7e6c392dbf3cd4e927e443f237cb6462e4481bf696ade0f669dd716fd1d0,53,720,datacopy/Stefano/9bdd7e6c392dbf3cd4e927e443f237cb6462e4481bf696ade0f669dd716fd1d0,28
1935,8b6fab859f0c02200241f1435317cdad1687920d5599479d83970c5bde25f8b3,53,3,datacopy/Stefano/8b6fab859f0c02200241f1435317cdad1687920d5599479d83970c5bde25f8b3,28
1936,9031e24ebe1dee774373b36f8d931f8d1297b90790297caf0bcff700b81d43ca,53,3,datacopy/Stefano/9031e24ebe1dee774373b36f8d931f8d1297b90790297caf0bcff700b81d43ca,28
1937,0bc530b2337e68fc086af23c8f028f3f452b6201d2134abc9c5325ae3ac45b34,53,3,datacopy/Stefano/0bc530b2337e68fc086af23c8f028f3f452b6201d2134abc9c5325ae3ac45b34,28
1938,42bca18ee973600f0c363541c57a28ab517e89fa.bin,54,203,datacopy/UCSB.JP/data_feed.geo_japan_6m_public_flag/4/2/b/42bca18ee973600f0c363541c57a28ab517e89fa.bin,1
1939,4761e794ed59748d590ac8fb11de039b76b4a7c2.bin,54,203,datacopy/UCSB/4761e794ed59748d590ac8fb11de039b76b4a7c2.bin,1
1940,ea6e282997d5f473d7e29e33d81c65f6c0d889c3.bin,55,1157,datacopy/UCSB.JP/data_feed.geo_japan_6m_public_flag/e/a/6/ea6e282997d5f473d7e29e33d81c65f6c0d889c3.bin,5
1941,397e3b0bbbf9cdee67a47fd0a130f39d14f90f13.bin,55,1157,datacopy/UCSB.JP/data_feed.geo_japan_6m_public_flag/3/9/7/397e3b0bbbf9cdee67a47fd0a130f39d14f90f13.bin,5
1942,7040eddb299d28cb8ba56164521eb34d75d88ea7.bin,55,1157,datacopy/UCSB/7040eddb299d28cb8ba56164521eb34d75d88ea7.bin,5
1943,5a5edc6d925b64c7f99cadc239e726ba74a9dd7c.bin,55,1157,datacopy/UCSB/5a5edc6d925b64c7f99cadc239e726ba74a9dd7c.bin,5
1944,5fae4e46048970e1c6701ddf0ee123bb37048599.bin,55,1157,datacopy/UCSB/5fae4e46048970e1c6701ddf0ee123bb37048599.bin,5
1945,d980ada5782b039a3a35e0809809adc0ce71ba03.bin,55,1157,datacopy/UCSB/d980ada5782b039a3a35e0809809adc0ce71ba03.bin,5
1946,c6b4cc6a6900ccf5adba49a7efa11a50ca0fe215.bin,55,1157,datacopy/UCSB/c6b4cc6a6900ccf5adba49a7efa11a50ca0fe215.bin,5
1947,19aa497f341fed7388617d5a3b11b621ff5983ac.bin,55,1157,datacopy/UCSB/19aa497f341fed7388617d5a3b11b621ff5983ac.bin,5
1948,929c1360cc3b61ba03dfc1f37553447d60e5618e.bin,55,1157,datacopy/UCSB/929c1360cc3b61ba03dfc1f37553447d60e5618e.bin,5
1949,ce9678a38e5e8f9cf7be8ae93bf387a488523f09.bin,55,1157,datacopy/UCSB/ce9678a38e5e8f9cf7be8ae93bf387a488523f09.bin,5
1950,af34545bad5dead05cf48c2bc91cf7f04ee9b4e9.bin,55,1157,datacopy/UCSB/af34545bad5dead05cf48c2bc91cf7f04ee9b4e9.bin,5
1951,af746d5aacb6615032f53fd1aa15f79efca4d8a4.bin,55,1157,datacopy/UCSB/af746d5aacb6615032f53fd1aa15f79efca4d8a4.bin,5
1952,be2360fc10ec2b825367d214a5e594f8de06eb22.bin,55,1157,datacopy/UCSB/be2360fc10ec2b825367d214a5e594f8de06eb22.bin,5
1953,791fdffbcb44872f80a9186db36acc1a791d48b6.bin,55,1157,datacopy/UCSB/791fdffbcb44872f80a9186db36acc1a791d48b6.bin,5
1954,c405616ddf981e5fba86efc0e0554dc033e24249.bin,55,1157,datacopy/UCSB/c405616ddf981e5fba86efc0e0554dc033e24249.bin,5
1955,cc34975f680949181a87125ed0f5f0d7243cb2e2.bin,55,1157,datacopy/UCSB/cc34975f680949181a87125ed0f5f0d7243cb2e2.bin,5
1956,e78a94ec8a791453e306baf19d8e151a8efdc471.bin,55,1157,datacopy/UCSB/e78a94ec8a791453e306baf19d8e151a8efdc471.bin,5
1957,a90daa13491cd01297d29cf9eaec47010696a4ee.bin,55,1157,datacopy/UCSB/a90daa13491cd01297d29cf9eaec47010696a4ee.bin,5
1958,022b6b86a0143ff7e38ab93505ca4c9211335341.bin,55,1157,datacopy/UCSB/022b6b86a0143ff7e38ab93505ca4c9211335341.bin,5
1959,fefe392a268348450a7e6e9073011c27f8086960.bin,55,1157,datacopy/UCSB/fefe392a268348450a7e6e9073011c27f8086960.bin,5
1960,b6562ab8667efc2da230e095a89ae006560f6cb3.bin,55,1157,datacopy/UCSB/b6562ab8667efc2da230e095a89ae006560f6cb3.bin,5
1961,83dad9b140b5558773ee6fbe81db71ba1ff44dfd.bin,55,1157,datacopy/UCSB/83dad9b140b5558773ee6fbe81db71ba1ff44dfd.bin,5
1962,2959915d6dd28e07654bc8c89f99f171fc8340f5.bin,55,1157,datacopy/UCSB/2959915d6dd28e07654bc8c89f99f171fc8340f5.bin,5
1963,6d0627429c691e29c2153fcccfc337c29f1a9d2e.bin,55,1157,datacopy/UCSB/6d0627429c691e29c2153fcccfc337c29f1a9d2e.bin,5
1964,1d15429f3e2cedeae44d9d5244996d14ee685c07.bin,55,1157,datacopy/UCSB/1d15429f3e2cedeae44d9d5244996d14ee685c07.bin,5
1965,63e8e2f23c91ae85612f345f06e4f2f87284dbeb.bin,55,1157,datacopy/UCSB/63e8e2f23c91ae85612f345f06e4f2f87284dbeb.bin,5
1966,10d8926dd0f93815ec59f5400c9a6524c50d157d.bin,55,1157,datacopy/UCSB/10d8926dd0f93815ec59f5400c9a6524c50d157d.bin,5
1967,f068cbd3d0fec57d6549b0a15064f079588b1ff8.bin,55,1157,datacopy/UCSB/f068cbd3d0fec57d6549b0a15064f079588b1ff8.bin,5
1968,2dd0b3d98fe75b490fd5df417b1e76f889f8837a452219287000299b4f58b80a,55,1157,datacopy/Stefano/2dd0b3d98fe75b490fd5df417b1e76f889f8837a452219287000299b4f58b80a,5
1969,943f70d1aca696ebaa67f218ad2e996a680f7ad3c8c0f9638014d07e04adcb68,55,1157,datacopy/Stefano/943f70d1aca696ebaa67f218ad2e996a680f7ad3c8c0f9638014d07e04adcb68,5
1970,2447e21924cf7f08327cc499769b172003e038688926304ead4edc49dfc0d96e,55,1157,datacopy/Stefano/2447e21924cf7f08327cc499769b172003e038688926304ead4edc49dfc0d96e,5
1971,d7fde50bf2624d3e037e15acb948f48c2fad77beb9aa955a94e3ec283863be5d,55,1157,datacopy/Stefano/d7fde50bf2624d3e037e15acb948f48c2fad77beb9aa955a94e3ec283863be5d,5
1972,ee8f463b59e1e0a53ab5bf380d1df052e4a52023.bin,56,1993,datacopy/UCSB.JP/data_feed.geo_japan_6m_public_flag/e/e/8/ee8f463b59e1e0a53ab5bf380d1df052e4a52023.bin,1
1973,e7aea0556f30d85ef24eadcdf407540d6c82d800.bin,56,2035,datacopy/UCSB.JP/data_feed.geo_japan_6m_public_flag/e/7/a/e7aea0556f30d85ef24eadcdf407540d6c82d800.bin,1
1974,e7675bbe542d526d6b127f9d62aa2d9c163a333b.bin,56,2035,datacopy/UCSB.JP/data_feed.geo_japan_6m_public_flag/e/7/6/e7675bbe542d526d6b127f9d62aa2d9c163a333b.bin,1
1975,b1db1045dff8c4cefd2ae896f271196528a2a9c8.bin,56,1350,datacopy/UCSB.JP/data_feed.geo_japan_6m_public_flag/b/1/d/b1db1045dff8c4cefd2ae896f271196528a2a9c8.bin,1
1976,3b56c548c1983617a1c1911ac245a7c587b092bb.bin,56,3,datacopy/UCSB.JP/data_feed.geo_japan_6m_public_flag/3/b/5/3b56c548c1983617a1c1911ac245a7c587b092bb.bin,1
1977,34c35cce80e7c51883e504d9d45b5168a30d60f8.bin,56,1993,datacopy/UCSB.JP/data_feed.geo_japan_6m_public_flag/3/4/c/34c35cce80e7c51883e504d9d45b5168a30d60f8.bin,1
1978,9af44d59fccfdc476a9b75c78c56a1c462db2e9e.bin,56,1993,datacopy/UCSB.JP/data_feed.geo_japan_6m_public_flag/9/a/f/9af44d59fccfdc476a9b75c78c56a1c462db2e9e.bin,1
1979,9c8ffe32bdb9dc0ab4b3157be53ccf813b709885.bin,56,1993,datacopy/UCSB.JP/data_feed.geo_japan_6m_public_flag/9/c/8/9c8ffe32bdb9dc0ab4b3157be53ccf813b709885.bin,1
1980,2b7dddd0d44661f6a54aefa7fe315e612e0b6d9d.bin,56,3,datacopy/UCSB.JP/data_feed.geo_japan_6m_public_flag/2/b/7/2b7dddd0d44661f6a54aefa7fe315e612e0b6d9d.bin,1
1981,23f8d8d597a4bf8039c6e2c0bcddb5cc9ab2de5d.bin,56,3,datacopy/UCSB.JP/data_feed.geo_japan_6m_public_flag/2/3/f/23f8d8d597a4bf8039c6e2c0bcddb5cc9ab2de5d.bin,1
1982,2169136c292304c451cebef40ac23f0a2c2f9f77.bin,56,1993,datacopy/UCSB.JP/data_feed.geo_japan_6m_public_flag/2/1/6/2169136c292304c451cebef40ac23f0a2c2f9f77.bin,1
1983,dd5983504cfa639ea2c27cb6fb71774bc287ddfb.bin,56,1993,datacopy/UCSB.JP/data_feed.geo_japan_6m_public_flag/d/d/5/dd5983504cfa639ea2c27cb6fb71774bc287ddfb.bin,1
1984,dce3af266d205a3fae5c7589bdaff038bf08a9e1.bin,56,1993,datacopy/UCSB.JP/data_feed.geo_japan_6m_public_flag/d/c/e/dce3af266d205a3fae5c7589bdaff038bf08a9e1.bin,1
1985,d643a5263e162d6a64f50b04198d816d926b938c.bin,56,1350,datacopy/UCSB.JP/data_feed.geo_japan_6m_public_flag/d/6/4/d643a5263e162d6a64f50b04198d816d926b938c.bin,1
1986,54e104e8fd85c3723e56d76a71453128e3f9b322.bin,56,1993,datacopy/UCSB.JP/data_feed.geo_japan_6m_public_flag/5/4/e/54e104e8fd85c3723e56d76a71453128e3f9b322.bin,1
1987,fa400ab63eae6e822f8244082aa961709efbf1bc.bin,56,1993,datacopy/UCSB.JP/data_feed.geo_japan_6m_public_flag/f/a/4/fa400ab63eae6e822f8244082aa961709efbf1bc.bin,1
1988,f0863af15b28c8a396e43626958213bd4c6b229c.bin,56,1350,datacopy/UCSB.JP/data_feed.geo_japan_6m_public_flag/f/0/8/f0863af15b28c8a396e43626958213bd4c6b229c.bin,1
1989,c24f162156f9cad53c56184231b869114d499c0c.bin,56,3,datacopy/UCSB.JP/data_feed.geo_japan_6m_public_flag/c/2/4/c24f162156f9cad53c56184231b869114d499c0c.bin,1
1990,46a3658147af5ebe56ce831d4b495dd6b2bf7b5d.bin,56,3,datacopy/UCSB.JP/data_feed.geo_japan_6m_public_flag/4/6/a/46a3658147af5ebe56ce831d4b495dd6b2bf7b5d.bin,1
1991,4781d40dbce7a32a4defe56ca236d285fa66bbc7.bin,56,1993,datacopy/UCSB.JP/data_feed.geo_japan_6m_public_flag/4/7/8/4781d40dbce7a32a4defe56ca236d285fa66bbc7.bin,1
1992,008732c3616a6c0be2a46a0f8813e95487a0b242.bin,56,3,datacopy/UCSB.JP/data_feed.geo_japan_6m_public_flag/0/0/8/008732c3616a6c0be2a46a0f8813e95487a0b242.bin,1
1993,6e93b6c133c332bf25a17a6c143bba38a7a9210c.bin,56,3,datacopy/UCSB.JP/data_feed.geo_japan_6m_public_flag/6/e/9/6e93b6c133c332bf25a17a6c143bba38a7a9210c.bin,1
1994,63d358f56a186b5bbc66d96cc3cb080432353e0a.bin,56,3,datacopy/UCSB.JP/data_feed.geo_japan_6m_public_flag/6/3/d/63d358f56a186b5bbc66d96cc3cb080432353e0a.bin,1
1995,6dc26f48e4c055d2dfa558dff88dd4ab631956dd.bin,56,3,datacopy/UCSB.JP/data_feed.geo_japan_6m_public_flag/6/d/c/6dc26f48e4c055d2dfa558dff88dd4ab631956dd.bin,1
1996,6fcaa279fa81ba0a7f6ce4c2eacd0229e62ac605.bin,56,1993,datacopy/UCSB.JP/data_feed.geo_japan_6m_public_flag/6/f/c/6fcaa279fa81ba0a7f6ce4c2eacd0229e62ac605.bin,1
1997,60e80b42d6441bb2aac9cce013f1b8569108bf10.bin,56,1993,datacopy/UCSB.JP/data_feed.geo_japan_6m_public_flag/6/0/e/60e80b42d6441bb2aac9cce013f1b8569108bf10.bin,1
1998,67a5f779c4b394a1ad7a5a5f975586e02b62b380.bin,56,3,datacopy/UCSB.JP/data_feed.geo_japan_6m_public_flag/6/7/a/67a5f779c4b394a1ad7a5a5f975586e02b62b380.bin,1
1999,7ee3fe08f48a33e2fcd46726c226f17515b8287e.bin,56,3,datacopy/UCSB.JP/data_feed.geo_japan_6m_public_flag/7/e/e/7ee3fe08f48a33e2fcd46726c226f17515b8287e.bin,1
2000,e940820760be6984b9715938c469223cb17bef85.bin,58,244,datacopy/UCSB.JP/data_feed.geo_japan_6m_public_flag/e/9/4/e940820760be6984b9715938c469223cb17bef85.bin,20
2001,d11e4725a09f4cb54a6366c25fbeb6b6106d7a2c.bin,58,244,datacopy/UCSB.JP/data_feed.geo_japan_6m_public_flag/d/1/1/d11e4725a09f4cb54a6366c25fbeb6b6106d7a2c.bin,20
2002,fa16fe69952e20aff7c472f176d034e1f48bff35.bin,58,1652,datacopy/UCSB.JP/data_feed.geo_japan_6m_public_flag/f/a/1/fa16fe69952e20aff7c472f176d034e1f48bff35.bin,20
2003,c69bc50fe9bc4bccd92b5071c3f54ff7cfc0e1c8.bin,58,244,datacopy/UCSB.JP/data_feed.geo_japan_6m_public_flag/c/6/9/c69bc50fe9bc4bccd92b5071c3f54ff7cfc0e1c8.bin,20
2004,6b977d56da48079ce488e3852fa31e5095e71f97.bin,58,244,datacopy/UCSB.JP/data_feed.geo_japan_6m_public_flag/6/b/9/6b977d56da48079ce488e3852fa31e5095e71f97.bin,20
2005,3ab77a306ee189863570da1577bf4f115777f0e5.bin,58,1652,datacopy/UCSB/3ab77a306ee189863570da1577bf4f115777f0e5.bin,20
2006,2eec17ffc1c49d4115c4b25938c1ce264b72ccdd.bin,58,1652,datacopy/UCSB/2eec17ffc1c49d4115c4b25938c1ce264b72ccdd.bin,20
2007,af1af7f14a15cf8615c86f2aed1a4259854aaf8e.bin,58,244,datacopy/UCSB/af1af7f14a15cf8615c86f2aed1a4259854aaf8e.bin,20
2008,3a29aa0f070410bbc1a71d961c5c8d5ec683de49.bin,58,244,datacopy/UCSB/3a29aa0f070410bbc1a71d961c5c8d5ec683de49.bin,20
2009,9cf8359db0c3ceb8fda016bff299203dac8639a6.bin,58,244,datacopy/UCSB/9cf8359db0c3ceb8fda016bff299203dac8639a6.bin,20
2010,9d6069ca362f62bb5185be7e51402be5b1739e3d.bin,58,1652,datacopy/UCSB/9d6069ca362f62bb5185be7e51402be5b1739e3d.bin,20
2011,ed74f55367f5587918aa9feba0c7b559172cb100.bin,58,244,datacopy/UCSB/ed74f55367f5587918aa9feba0c7b559172cb100.bin,20
2012,47c4e4ecea6ed0fccefa9669d6f2416f6ec21f31.bin,58,1652,datacopy/UCSB/47c4e4ecea6ed0fccefa9669d6f2416f6ec21f31.bin,20
2013,d953189840c5b144a9a64fb91233efc283381a02.bin,58,1652,datacopy/UCSB/d953189840c5b144a9a64fb91233efc283381a02.bin,20
2014,b7a403c98e270c8841a1c1c1da358b49f095d9f9.bin,58,1652,datacopy/UCSB/b7a403c98e270c8841a1c1c1da358b49f095d9f9.bin,20
2015,736ef5b381dc80929bb92bed0a2cd0553f873c82.bin,58,1652,datacopy/UCSB/736ef5b381dc80929bb92bed0a2cd0553f873c82.bin,20
2016,8e140d90da9dd96c502579a720b9eac66d8626ce.bin,58,1652,datacopy/UCSB/8e140d90da9dd96c502579a720b9eac66d8626ce.bin,20
2017,e9216ce6c2669460102dcdd53fe99505932deb16e5ad5d00d356f5c2a49629a5,58,279,datacopy/Stefano/e9216ce6c2669460102dcdd53fe99505932deb16e5ad5d00d356f5c2a49629a5,20
2018,f890812936cb26917e48a72572a60022b66337dd9a6bf16517fa9baa940dbfc4,58,279,datacopy/Stefano/f890812936cb26917e48a72572a60022b66337dd9a6bf16517fa9baa940dbfc4,20
2019,0173be03ac67e2891643ad1dffa4f0a00809a9591463396076e829766719004b,58,244,datacopy/Stefano/0173be03ac67e2891643ad1dffa4f0a00809a9591463396076e829766719004b,20
2020,f9dabf9a1c78a5fd28227b71684fc5182a570569a1522fdafce75fc5d9f95a5d,58,244,datacopy/Stefano/f9dabf9a1c78a5fd28227b71684fc5182a570569a1522fdafce75fc5d9f95a5d,20
2021,e11c5ae948bbe6397f5bdb83c6cfcce145b03836.bin,61,3,datacopy/UCSB.JP/data_feed.geo_japan_6m_public_flag/e/1/1/e11c5ae948bbe6397f5bdb83c6cfcce145b03836.bin,1
2022,51addfededfb24d967788b5854d1ec9668882566.bin,61,3,datacopy/UCSB.JP/data_feed.geo_japan_6m_public_flag/5/1/a/51addfededfb24d967788b5854d1ec9668882566.bin,1
2023,69debfaa6310609c1ab89728f4f7266bf2992397.bin,61,3,datacopy/UCSB.JP/data_feed.geo_japan_6m_public_flag/6/9/d/69debfaa6310609c1ab89728f4f7266bf2992397.bin,1
2024,e1f47c318cb2eadcabe94b9b49189bfecec327cf.bin,62,1983,datacopy/UCSB.JP/data_feed.geo_japan_6m_public_flag/e/1/f/e1f47c318cb2eadcabe94b9b49189bfecec327cf.bin,1
2025,2413b1b3c6f4989760edfe6a92f05a3bfb6c43f3.bin,63,1601,datacopy/UCSB.JP/data_feed.geo_japan_6m_public_flag/2/4/1/2413b1b3c6f4989760edfe6a92f05a3bfb6c43f3.bin,12
2026,d358d9ea47a487ca2ba107f00622d2127d33546f.bin,63,1601,datacopy/UCSB.JP/data_feed.geo_japan_6m_public_flag/d/3/5/d358d9ea47a487ca2ba107f00622d2127d33546f.bin,12
2027,6de483fdbd9f3c4f2ac7cc93355f0eb78141bb1b.bin,63,1601,datacopy/UCSB.JP/data_feed.geo_japan_6m_public_flag/6/d/e/6de483fdbd9f3c4f2ac7cc93355f0eb78141bb1b.bin,12
2028,7c988a47f3a2b5dc7f89eccd102ae4850d185e9f.bin,63,1601,datacopy/UCSB.JP/data_feed.geo_japan_6m_public_flag/7/c/9/7c988a47f3a2b5dc7f89eccd102ae4850d185e9f.bin,12
2029,583c3ad3cb926d7185dd7202ccc4d76186058a4f.bin,63,203,datacopy/UCSB/583c3ad3cb926d7185dd7202ccc4d76186058a4f.bin,12
2030,42a45f8fe70390cd46ccc0b1f11b6402588d743e.bin,63,1601,datacopy/UCSB/42a45f8fe70390cd46ccc0b1f11b6402588d743e.bin,12
2031,2a762e053c7f927967eac8144978f6121db76adb.bin,63,1601,datacopy/UCSB/2a762e053c7f927967eac8144978f6121db76adb.bin,12
2032,6bddbf889ea52fc36886764d9af645e739d44e8c.bin,63,1601,datacopy/UCSB/6bddbf889ea52fc36886764d9af645e739d44e8c.bin,12
2033,b81301496efb0b42049100a123891d5447a4b2b5.bin,66,3,datacopy/UCSB.JP/data_feed.geo_japan_6m_public_flag/b/8/1/b81301496efb0b42049100a123891d5447a4b2b5.bin,1
2034,8e9c211cf9d924aaa4b06888754ce551696b0c379c5ccfc8651f9f42bbe389a2,66,1173,datacopy/Stefano/8e9c211cf9d924aaa4b06888754ce551696b0c379c5ccfc8651f9f42bbe389a2,1
2035,31b061a169b54564128b9cfc02f7b4243ed87043d395260fd7648e58274a89c2,66,1173,datacopy/Stefano/31b061a169b54564128b9cfc02f7b4243ed87043d395260fd7648e58274a89c2,1
2036,d58218d074435bf4cc949c494edc9742dc8c45c6c1f5fd9da788425b4369689b,66,1173,datacopy/Stefano/d58218d074435bf4cc949c494edc9742dc8c45c6c1f5fd9da788425b4369689b,1
2037,643c26ae5f3eb04fc8bdc1d73356acdca1dd982321ae2cb2bea9fe1cef05c6d8,66,1173,datacopy/Stefano/643c26ae5f3eb04fc8bdc1d73356acdca1dd982321ae2cb2bea9fe1cef05c6d8,1
2038,78565c73668241a7e692f0733992c1d17cafcaeec1699deaa1ce472dac69e5c8,66,1173,datacopy/Stefano/78565c73668241a7e692f0733992c1d17cafcaeec1699deaa1ce472dac69e5c8,1
2039,d63106db5ffda1702cd1fb40adbd3ac357cf281e632eaacf3eff4a160dcce1f6,66,1173,datacopy/Stefano/d63106db5ffda1702cd1fb40adbd3ac357cf281e632eaacf3eff4a160dcce1f6,1
2040,7783a341ed84c881f702f543a3e5d5ae0c89700d122a4c248ae738acc2fb5725,66,1173,datacopy/Stefano/7783a341ed84c881f702f543a3e5d5ae0c89700d122a4c248ae738acc2fb5725,1
2041,babb1fb625e18d32173eaeeff1b1d444e24ed392.bin,67,3,datacopy/UCSB.JP/data_feed.geo_japan_6m_public_flag/b/a/b/babb1fb625e18d32173eaeeff1b1d444e24ed392.bin,1
2042,57a73e2b3883213b0811c01f92741580b5dc14c1.bin,67,1257,datacopy/UCSB.JP/data_feed.geo_japan_6m_public_flag/5/7/a/57a73e2b3883213b0811c01f92741580b5dc14c1.bin,1
2043,c1f8c8b348481de1c32d747760dec04d7e2ae7f4.bin,67,3,datacopy/UCSB.JP/data_feed.geo_japan_6m_public_flag/c/1/f/c1f8c8b348481de1c32d747760dec04d7e2ae7f4.bin,1
2044,4a789f444d990b4d6dd745ca607b453d0e313fdb.bin,67,1257,datacopy/UCSB.JP/data_feed.geo_japan_6m_public_flag/4/a/7/4a789f444d990b4d6dd745ca607b453d0e313fdb.bin,1
2045,0288390b8257641f19068b5cee385998f99c2df1.bin,67,2145,datacopy/UCSB.JP/data_feed.geo_japan_6m_public_flag/0/2/8/0288390b8257641f19068b5cee385998f99c2df1.bin,1
2046,71c8da6d362bddaaad06287ce2c90b2802949276.bin,67,1257,datacopy/UCSB.JP/data_feed.geo_japan_6m_public_flag/7/1/c/71c8da6d362bddaaad06287ce2c90b2802949276.bin,1
2047,Dsc_293.jpg.exe,67,2,datacopy/BB/Files/2012-03-01/Dsc_293.jpg.exe,1
2048,ac908747824911aef2e842c8390ce9f67ab96f63.bin,68,296,datacopy/UCSB.JP/data_feed.geo_japan_6m_public_flag/a/c/9/ac908747824911aef2e842c8390ce9f67ab96f63.bin,1
2049,badac32ef3d7ea9b180de81de834b7139a0e64ac.bin,68,296,datacopy/UCSB.JP/data_feed.geo_japan_6m_public_flag/b/a/d/badac32ef3d7ea9b180de81de834b7139a0e64ac.bin,1
2050,bbe9d7b90cfd6e9a61165270e189b3ad7d4ea6cb.bin,68,296,datacopy/UCSB.JP/data_feed.geo_japan_6m_public_flag/b/b/e/bbe9d7b90cfd6e9a61165270e189b3ad7d4ea6cb.bin,1
2051,ba55341efa72d15678dadea559ed24a504c53dfa.bin,69,3,datacopy/UCSB.JP/data_feed.geo_japan_6m_public_flag/b/a/5/ba55341efa72d15678dadea559ed24a504c53dfa.bin,1
2052,M_dulo_de_Seguran_a.exe,69,2,datacopy/BB/Files/2017-05-24/M_dulo_de_Seguran_a.exe,1
2053,bbb18.mp4.exe,69,2,datacopy/BB/Files/2018-02-19/bbb18.mp4.exe,1
2054,e12df75c0eb5d434b3b43525533e485a5501915384e46ee78384a1316f205ce9,69,3,datacopy/Stefano/e12df75c0eb5d434b3b43525533e485a5501915384e46ee78384a1316f205ce9,1
2055,b37b311abd86be8afaf57322fdc9a3fdb9d58e24.bin,71,203,datacopy/UCSB.JP/data_feed.geo_japan_6m_public_flag/b/3/7/b37b311abd86be8afaf57322fdc9a3fdb9d58e24.bin,1
2056,06c64dc51a630592660baf68e30b5cc87102ea0b.bin,71,203,datacopy/UCSB.JP/data_feed.geo_japan_6m_public_flag/0/6/c/06c64dc51a630592660baf68e30b5cc87102ea0b.bin,1
2057,6ef18a8590fc8aa4874ec16a3682123624eafbd8.bin,71,203,datacopy/UCSB.JP/data_feed.geo_japan_6m_public_flag/6/e/f/6ef18a8590fc8aa4874ec16a3682123624eafbd8.bin,1
2058,b19972bfde16e59abeec0e509910bdee33acf0ec.bin,73,3,datacopy/UCSB.JP/data_feed.geo_japan_6m_public_flag/b/1/9/b19972bfde16e59abeec0e509910bdee33acf0ec.bin,1
2059,1295e29811d083b2206bd4abbf3a9d51a30f9103.codex,73,3,datacopy/CodexGiga/1295e29811d083b2206bd4abbf3a9d51a30f9103.codex,1
2060,Imprimir.2.Boleto.exe,73,2,datacopy/BB/Files/2015-12-14/Imprimir.2.Boleto.exe,1
2061,70b53615015040fcc984_lgfp_3000.exe,73,2,datacopy/BB/Files/2016-09-12/70b53615015040fcc984_lgfp_3000.exe,1
2062,IMG_boleto.exe,73,2,datacopy/BB/Files/2015-12-16/IMG_boleto.exe,1
2063,2.Boleto.pdf.exe,73,2,datacopy/BB/Files/2015-12-17/2.Boleto.pdf.exe,1
2064,b5a4b03bc09cf0f8e44f7f66029c382e3b1a086a.bin,74,312,datacopy/UCSB.JP/data_feed.geo_japan_6m_public_flag/b/5/a/b5a4b03bc09cf0f8e44f7f66029c382e3b1a086a.bin,1
2065,3be8e77d111ae1df6e1610bcef27d5a27f3770e6.bin,74,312,datacopy/UCSB.JP/data_feed.geo_japan_6m_public_flag/3/b/e/3be8e77d111ae1df6e1610bcef27d5a27f3770e6.bin,1
2066,4fd7dda9d9e03214df1df9d77af695c0b6b1cdf0.bin,74,312,datacopy/UCSB.JP/data_feed.geo_japan_6m_public_flag/4/f/d/4fd7dda9d9e03214df1df9d77af695c0b6b1cdf0.bin,1
2067,09140b96063c18e81bf1e23ca6ae264fb2bb7db5.bin,77,387,datacopy/UCSB/09140b96063c18e81bf1e23ca6ae264fb2bb7db5.bin,28
2068,512524c68aed415a106cafe0285f6196828b5c33.bin,77,387,datacopy/UCSB/512524c68aed415a106cafe0285f6196828b5c33.bin,28
2069,bc8d5f0df66b3724477901eca39c9271e74b304e.bin,78,3,datacopy/UCSB.JP/data_feed.geo_japan_6m_public_flag/b/c/8/bc8d5f0df66b3724477901eca39c9271e74b304e.bin,1
2070,386961b7d0f37b0c931d6022e3360f6d58b51816.bin,78,2056,datacopy/UCSB.JP/data_feed.geo_japan_6m_public_flag/3/8/6/386961b7d0f37b0c931d6022e3360f6d58b51816.bin,1
2071,c75f5aca2df03cc05f0f153632cac566a04fbe04.bin,78,3,datacopy/UCSB.JP/data_feed.geo_japan_6m_public_flag/c/7/5/c75f5aca2df03cc05f0f153632cac566a04fbe04.bin,1
2072,08d40e68e96f6fe641aa738ad9e75a6a83e8510a.bin,78,3,datacopy/UCSB.JP/data_feed.geo_japan_6m_public_flag/0/8/d/08d40e68e96f6fe641aa738ad9e75a6a83e8510a.bin,1
2073,7c5615088f59e9adfd03ada91a95c4df1bfeecd1.bin,78,2056,datacopy/UCSB.JP/data_feed.geo_japan_6m_public_flag/7/c/5/7c5615088f59e9adfd03ada91a95c4df1bfeecd1.bin,1
2074,b4290fe4cd86a44db9b6e0602d844ac77fc77990.bin,79,1636,datacopy/UCSB.JP/data_feed.geo_japan_6m_public_flag/b/4/2/b4290fe4cd86a44db9b6e0602d844ac77fc77990.bin,114
2075,b7d624d144777c071c267f908a2e42d7adcab3d3.bin,79,3,datacopy/UCSB.JP/data_feed.geo_japan_6m_public_flag/b/7/d/b7d624d144777c071c267f908a2e42d7adcab3d3.bin,114
2076,4ad10b5160880c986f81de25a80004258b7bed28.bin,79,2135,datacopy/UCSB.JP/data_feed.geo_japan_6m_public_flag/4/a/d/4ad10b5160880c986f81de25a80004258b7bed28.bin,114
2077,0aa11dfc9520516a4ab8a419ef5cec201449aff6.bin,79,118,datacopy/UCSB.JP/data_feed.geo_japan_6m_public_flag/0/a/a/0aa11dfc9520516a4ab8a419ef5cec201449aff6.bin,114
2078,60c8f8e80eeea96494c87674d13cc0478ab0b0d0.bin,79,212,datacopy/UCSB.JP/data_feed.geo_japan_6m_public_flag/6/0/c/60c8f8e80eeea96494c87674d13cc0478ab0b0d0.bin,114
2079,728bc8b22a01e16acb93414b7c6ba5497993da90.bin,79,1721,datacopy/UCSB.JP/data_feed.geo_japan_6m_public_flag/7/2/8/728bc8b22a01e16acb93414b7c6ba5497993da90.bin,114
2080,715dcd0fa4966cc9d8876f5b5fb29bd36af38b40.bin,79,3,datacopy/UCSB.JP/data_feed.geo_japan_6m_public_flag/7/1/5/715dcd0fa4966cc9d8876f5b5fb29bd36af38b40.bin,114
2081,4f48fc80b9d94b1b72ab2036822bdfb0f1ff042a.bin,79,3,datacopy/UCSB/4f48fc80b9d94b1b72ab2036822bdfb0f1ff042a.bin,114
2082,733c8e06338be2f3032d8bb94276aac1792a3b6c.bin,79,3,datacopy/UCSB/733c8e06338be2f3032d8bb94276aac1792a3b6c.bin,114
2083,f5271881cf26318d6c5ec04d838055df8a7693e6.bin,79,3,datacopy/UCSB/f5271881cf26318d6c5ec04d838055df8a7693e6.bin,114
2084,00e421ae9874351607fb22421359d74dadf8a501.bin,79,799,datacopy/UCSB/00e421ae9874351607fb22421359d74dadf8a501.bin,114
2085,118a4000255f5841b5899f7046e73b794da4c56d.bin,79,268,datacopy/UCSB/118a4000255f5841b5899f7046e73b794da4c56d.bin,114
2086,30ecc930a63ab693310e8dc51fdf74692703b103.bin,79,3,datacopy/UCSB/30ecc930a63ab693310e8dc51fdf74692703b103.bin,114
2087,bef1435aaf8f5a645576578ddc51dfaeddef2777.bin,79,1632,datacopy/UCSB/bef1435aaf8f5a645576578ddc51dfaeddef2777.bin,114
2088,6cbb00c96dfd71a7d5fd883896d3430b79a696ed.bin,79,477,datacopy/UCSB/6cbb00c96dfd71a7d5fd883896d3430b79a696ed.bin,114
2089,f151ceb0cb37c44110eebd2892dfaf3a7a0e4f45.bin,79,1636,datacopy/UCSB/f151ceb0cb37c44110eebd2892dfaf3a7a0e4f45.bin,114
2090,a93a4a13cd4d6f61306e467d8267436a41292762.bin,79,477,datacopy/UCSB/a93a4a13cd4d6f61306e467d8267436a41292762.bin,114
2091,9f718f9e55cfb2605c865156140ecc9a2bfa1f4e.bin,79,607,datacopy/UCSB/9f718f9e55cfb2605c865156140ecc9a2bfa1f4e.bin,114
2092,3ab21bda048136845ebaaf2ab506de3ba3f089c8.bin,79,1026,datacopy/UCSB/3ab21bda048136845ebaaf2ab506de3ba3f089c8.bin,114
2093,4be92e272cb88a1edccf7fdd48184b49f73cd122.bin,79,268,datacopy/UCSB/4be92e272cb88a1edccf7fdd48184b49f73cd122.bin,114
2094,93f46b91d70a741d292eedb2760ec27dccceacce.bin,79,3,datacopy/UCSB/93f46b91d70a741d292eedb2760ec27dccceacce.bin,114
2095,7cc87e56ffa1501e9a0fd1e4fd0c11660aa963aa.bin,79,3,datacopy/UCSB/7cc87e56ffa1501e9a0fd1e4fd0c11660aa963aa.bin,114
2096,0412d59555878e0f5ae55e2efb5e5a166a3c43a8.bin,79,3,datacopy/UCSB/0412d59555878e0f5ae55e2efb5e5a166a3c43a8.bin,114
2097,e506175ac35b250592276397ddf03485a7edddb9.bin,79,268,datacopy/UCSB/e506175ac35b250592276397ddf03485a7edddb9.bin,114
2098,80e02102bebdc0e5ebf0ddf92747a8c2f35be732.bin,79,118,datacopy/UCSB/80e02102bebdc0e5ebf0ddf92747a8c2f35be732.bin,114
2099,17e38cc785481595479f6f60c47ce7f18de656c9.bin,79,477,datacopy/UCSB/17e38cc785481595479f6f60c47ce7f18de656c9.bin,114
2100,d5340a7b88298b45849944abd13edd27c7680e56.bin,79,113,datacopy/UCSB/d5340a7b88298b45849944abd13edd27c7680e56.bin,114
2101,130573e59b76a244dfa8f9bd290229b0e9fd7c3c.bin,79,1779,datacopy/UCSB/130573e59b76a244dfa8f9bd290229b0e9fd7c3c.bin,114
2102,c0b501bbb2f2ffed3cf3b17d75aad2f108b4a482.bin,79,1173,datacopy/UCSB/c0b501bbb2f2ffed3cf3b17d75aad2f108b4a482.bin,114
2103,32e8942999f935a5480b539b3b36dc1a70a25322.bin,79,50,datacopy/UCSB/32e8942999f935a5480b539b3b36dc1a70a25322.bin,114
2104,9a78c39bed9ca9495cd6be6db5ef7be7dc4874a2.bin,79,1455,datacopy/UCSB/9a78c39bed9ca9495cd6be6db5ef7be7dc4874a2.bin,114
2105,122994e7e535181b4ba2ac106dbe836b1d4728c6.bin,79,50,datacopy/UCSB/122994e7e535181b4ba2ac106dbe836b1d4728c6.bin,114
2106,1b554cd9788c05c4277d09a60f77aa599fa7c553.bin,79,124,datacopy/UCSB/1b554cd9788c05c4277d09a60f77aa599fa7c553.bin,114
2107,a088bb5122b850baf20d0e1e36466863d1cb722d.bin,79,3,datacopy/UCSB/a088bb5122b850baf20d0e1e36466863d1cb722d.bin,114
2108,b15acc0a5d398b7e9d529f0679d965d932112d13.bin,79,3,datacopy/UCSB/b15acc0a5d398b7e9d529f0679d965d932112d13.bin,114
2109,bdbd94845a3be85206665dda9584fdfba5048aa0.bin,79,3,datacopy/UCSB/bdbd94845a3be85206665dda9584fdfba5048aa0.bin,114
2110,958dabe9c1624c5375226b2f3c1e2e426d9d7588.bin,79,124,datacopy/UCSB/958dabe9c1624c5375226b2f3c1e2e426d9d7588.bin,114
2111,78e888e895c24ef8cc7df42501d161b3ed32a18a.bin,79,1913,datacopy/UCSB/78e888e895c24ef8cc7df42501d161b3ed32a18a.bin,114
2112,3fb2a22af4002c63f196e4737c9a939df8862395.bin,79,477,datacopy/UCSB/3fb2a22af4002c63f196e4737c9a939df8862395.bin,114
2113,dotz.exe,79,3,datacopy/BB/Files/2013-07-31/dotz.exe,114
2114,1234423werwe.exe,79,3,datacopy/BB/Files/2014-04-04/1234423werwe.exe,114
2115,tops.exe,79,3,datacopy/BB/Files/2014-01-10/tops.exe,114
2116,flashplayer11.0484.2013.exe,79,64,datacopy/BB/Files/2014-01-10/flashplayer11.0484.2013.exe,114
2117,Fatura-1195931.pdf.exe,79,2,datacopy/BB/Files/2014-02-07/Fatura-1195931.pdf.exe,114
2118,Fjrs.exe,79,70,datacopy/BB/Files/2014-03-20/Fjrs.exe,114
2119,SFsx.exe,79,3,datacopy/BB/Files/2014-03-20/SFsx.exe,114
2120,JavaRuntime.exe,79,18,datacopy/BB/Files/2013-08-20/JavaRuntime.exe,114
2121,BoletimOcorrencia-.exe,79,92,datacopy/BB/Files/2015-06-08/BoletimOcorrencia-.exe,114
2122,wst.exe,79,3,datacopy/BB/Files/2014-02-19/wst.exe,114
2123,framework.exe,79,3,datacopy/BB/Files/2014-08-11/framework.exe,114
2124,Boleto-imagem0093-PDF.exe,79,2,datacopy/BB/Files/2014-08-11/Boleto-imagem0093-PDF.exe,114
2125,Aprovacao_de_PedidoN452803052013.exe,79,124,datacopy/BB/Files/2013-11-05/Aprovacao_de_PedidoN452803052013.exe,114
2126,YpmwCBf.exe,79,3,datacopy/BB/Files/2015-08-14/YpmwCBf.exe,114
2127,Nota-Fiscal-00872.exe,79,3,datacopy/BB/Files/2014-08-29/Nota-Fiscal-00872.exe,114
2128,BOLETO_PDF-00872.exe,79,2,datacopy/BB/Files/2014-08-29/BOLETO_PDF-00872.exe,114
2129,JavaRuntime.exe,79,18,datacopy/BB/Files/2013-08-20/JavaRuntime.exe,114
2130,3980008.exe,79,18,datacopy/BB/Files/2013-04-23/3980008.exe,114
2131,iexplor.exe,79,2,datacopy/BB/Files/2014-08-22/iexplor.exe,114
2132,Youtube_Videos_2118974385673498563485633965413.exe,79,3,datacopy/BB/Files/2014-08-22/Youtube_Videos_2118974385673498563485633965413.exe,114
2133,swapfile.exe,79,3,datacopy/BB/Files/2014-08-22/swapfile.exe,114
2134,bes5dt.exe,79,3,datacopy/BB/Files/2015-10-06/bes5dt.exe,114
2135,BOLETO_ATUALIZADO_PDF_7cb3fc4543d3ec69caf4543650efe95785.exe,79,3,datacopy/BB/Files/2015-12-07/BOLETO_ATUALIZADO_PDF_7cb3fc4543d3ec69caf4543650efe95785.exe,114
2136,csvchost.exe,79,3,datacopy/BB/Files/2014-07-04/csvchost.exe,114
2137,ContratoCielo.exe,79,18,datacopy/BB/Files/2013-04-17/ContratoCielo.exe,114
2138,file.382691.exe,79,718,datacopy/Honeypots/file.382691.exe,114
2139,file.382691.exe,79,718,datacopy/Honeypots/file.382691.exe,114
2140,rooaming.exe,79,3,datacopy/BB/Files/2014-06-27/rooaming.exe,114
2141,Windows-Activion.exe,79,3,datacopy/BB/Files/2014-07-18/Windows-Activion.exe,114
2142,Module.exe,79,217,datacopy/BB/Files/2014-07-18/Module.exe,114
2143,NF-E744873076398755300-3259431769310-XML.exe,79,2,datacopy/BB/Files/2014-09-04/NF-E744873076398755300-3259431769310-XML.exe,114
2144,NF-E31574070398786300-122431769380-PDF.exe,79,2,datacopy/BB/Files/2014-09-03/NF-E31574070398786300-122431769380-PDF.exe,114
2145,Visualizar-Cheques-5823151794080-XML.exe,79,2,datacopy/BB/Files/2014-09-03/Visualizar-Cheques-5823151794080-XML.exe,114
2146,Licensing.exe,79,2,datacopy/BB/Files/2014-09-03/Licensing.exe,114
2147,file.382691.exe,79,718,datacopy/Honeypots/file.382691.exe,114
2148,NotaFiscal-e_44210003218970121374.pdf.exe,79,2,datacopy/BB/Files/2015-01-05/NotaFiscal-e_44210003218970121374.pdf.exe,114
2149,safehome.exe,79,3,datacopy/BB/Files/2014-08-15/safehome.exe,114
2150,Boleto_Moura.exe,79,3,datacopy/BB/Files/2014-08-15/Boleto_Moura.exe,114
2151,Flash_Player_x86.exe,79,2,datacopy/BB/Files/2013-09-23/Flash_Player_x86.exe,114
2152,WindowsX86.exe,79,80,datacopy/BB/Files/2013-09-23/WindowsX86.exe,114
2153,notepard.exe,79,3,datacopy/BB/Files/2013-09-23/notepard.exe,114
2154,FlashPlayer_x64.exe,79,80,datacopy/BB/Files/2013-09-23/FlashPlayer_x64.exe,114
2155,MentirasEsfarrapadas.pps.exe,79,64,datacopy/BB/Files/2013-09-23/MentirasEsfarrapadas.pps.exe,114
2156,WindowsNT.exe,79,64,datacopy/BB/Files/2013-09-23/WindowsNT.exe,114
2157,Adobe_x86.2.1.exe,79,64,datacopy/BB/Files/2013-09-23/Adobe_x86.2.1.exe,114
2158,adobe_x86.exe,79,64,datacopy/BB/Files/2013-09-23/adobe_x86.exe,114
2159,jooml.exe,79,3,datacopy/BB/Files/2014-08-06/jooml.exe,114
2160,292926883712.exe,79,27,datacopy/BB/Files/2013-03-15/292926883712.exe,114
2161,Comprovante_Transferencia_000053554.exe,79,2,datacopy/BB/Files/2015-01-13/Comprovante_Transferencia_000053554.exe,114
2162,Bradesco_12012015_15431254654.pdf.exe,79,2,datacopy/BB/Files/2015-01-13/Bradesco_12012015_15431254654.pdf.exe,114
2163,NotaFiscalonline.exe,79,64,datacopy/BB/Files/2013-11-19/NotaFiscalonline.exe,114
2164,DocumentaÃ§ao_N._10051010511050101.exe,79,2,datacopy/BB/Files/2013-11-19/DocumentaÃ§ao_N._10051010511050101.exe,114
2165,Anexo-Boleto-1600.exe,79,295,datacopy/BB/Files/2014-08-08/Anexo-Boleto-1600.exe,114
2166,visualizacomprovante.exe,79,3,datacopy/BB/Files/2013-06-19/visualizacomprovante.exe,114
2167,mjse.exe,79,3,datacopy/BB/Files/2014-02-20/mjse.exe,114
2168,NF-Email-1409e351209051515180001s4440550020003070251003070256-xml.exe,79,143,datacopy/BB/Files/2012-09-17/NF-Email-1409e351209051515180001s4440550020003070251003070256-xml.exe,114
2169,dwsync.exe,79,3,datacopy/BB/Files/2014-08-07/dwsync.exe,114
2170,firefx.exe,79,3,datacopy/BB/Files/2014-08-07/firefx.exe,114
2171,all.jpg.exe,79,212,datacopy/BB/Files/2014-08-07/all.jpg.exe,114
2172,RELATÃRIO-20141097651RL----------------------------.exe,79,3,datacopy/BB/Files/2014-08-07/RELATÃRIO-20141097651RL----------------------------.exe,114
2173,NASvc.exe,79,64,datacopy/BB/Files/2013-10-28/NASvc.exe,114
2174,extenmm.exe,79,3,datacopy/BB/Files/2014-05-21/extenmm.exe,114
2175,ASCTray.exe,79,64,datacopy/BB/Files/2013-11-04/ASCTray.exe,114
2176,Documentos_Boleto_eletronico_email.exe,79,2,datacopy/BB/Files/2013-11-04/Documentos_Boleto_eletronico_email.exe,114
2177,msconfige.exe,79,3,datacopy/BB/Files/2014-02-27/msconfige.exe,114
2178,mswconfi.exe,79,3,datacopy/BB/Files/2014-02-27/mswconfi.exe,114
2179,002123240-99800.exe,79,18,datacopy/BB/Files/2013-04-18/002123240-99800.exe,114
2180,Nota-Fiscalonline.exe,79,3,datacopy/BB/Files/2013-11-14/Nota-Fiscalonline.exe,114
2181,UpdateAdobe.exe,79,3,datacopy/BB/Files/2013-08-01/UpdateAdobe.exe,114
2182,file.382691.exe,79,718,datacopy/Honeypots/file.382691.exe,114
2183,Iphost.exe,79,310,datacopy/BB/Files/2013-09-03/Iphost.exe,114
2184,FlashPlayer11.2.exe,79,18,datacopy/BB/Files/2013-09-03/FlashPlayer11.2.exe,114
2185,Baixarki.exe,79,64,datacopy/BB/Files/2013-09-03/Baixarki.exe,114
2186,JavaOracle.exe,79,18,datacopy/BB/Files/2013-09-03/JavaOracle.exe,114
2187,videos_fotos.exe,79,18,datacopy/BB/Files/2013-09-03/videos_fotos.exe,114
2188,C0E9D7B1.exe,79,124,datacopy/BB/Files/2013-06-04/C0E9D7B1.exe,114
2189,Atualizacao2014.exe,79,3,datacopy/BB/Files/2014-04-15/Atualizacao2014.exe,114
2190,Nota-Fiscal-N0091132.exe,79,3,datacopy/BB/Files/2014-07-22/Nota-Fiscal-N0091132.exe,114
2191,jow.exe,79,3,datacopy/BB/Files/2014-07-22/jow.exe,114
2192,Tempdown.exe,79,3,datacopy/BB/Files/2014-07-22/Tempdown.exe,114
2193,kuxrptl4.exe,79,3,datacopy/BB/Files/2015-08-26/kuxrptl4.exe,114
2194,coresmarty.exe,79,64,datacopy/BB/Files/2014-08-26/coresmarty.exe,114
2195,vxXJgrMK.exe,79,312,datacopy/BB/Files/2012-08-28/vxXJgrMK.exe,114
2196,SFx.exe,79,3,datacopy/BB/Files/2014-03-19/SFx.exe,114
2197,Winfile.exe,79,3,datacopy/BB/Files/2014-03-19/Winfile.exe,114
2198,Boleto-07-2012.com,79,2,datacopy/BB/Files/2012-07-26/Boleto-07-2012.com,114
2199,Soft.exe,79,216,datacopy/BB/Files/2014-03-17/Soft.exe,114
2200,sytiemdr.exe,79,3,datacopy/BB/Files/2014-08-20/sytiemdr.exe,114
2201,loix.exe,79,3,datacopy/BB/Files/2014-08-20/loix.exe,114
2202,amijo.exe,79,3,datacopy/BB/Files/2014-04-07/amijo.exe,114
2203,Tarandinha.exe,79,27,datacopy/BB/Files/2013-03-11/Tarandinha.exe,114
2204,KB4356788.exe,79,3,datacopy/BB/Files/2013-03-11/KB4356788.exe,114
2205,Documetos_Boleto_Eletronico.exe,79,3,datacopy/BB/Files/2013-11-06/Documetos_Boleto_Eletronico.exe,114
2206,comprovante1002003001.exe,79,64,datacopy/BB/Files/2013-11-06/comprovante1002003001.exe,114
2207,aws4ed5r.exe,79,3,datacopy/BB/Files/2015-10-15/aws4ed5r.exe,114
2208,exploit.exe,79,219,datacopy/BB/Files/2017-02-08/exploit.exe,114
2209,Updateh.exe,79,3,datacopy/BB/Files/2013-04-30/Updateh.exe,114
2210,Documentos..PDF..............................................................................exe,79,3,datacopy/BB/Files/2015-04-13/Documentos..PDF..............................................................................exe,114
2211,Extrato-Completo.exe,79,52,datacopy/BB/Files/2015-04-13/Extrato-Completo.exe,114
2212,file.382691.exe,79,718,datacopy/Honeypots/file.382691.exe,114
2213,Localizador-Mercadoria.exe,79,3,datacopy/BB/Files/2015-12-10/Localizador-Mercadoria.exe,114
2214,Formulario_Reserva.exe,79,64,datacopy/BB/Files/2013-08-23/Formulario_Reserva.exe,114
2215,file.382691.exe,79,718,datacopy/Honeypots/file.382691.exe,114
2216,Scaner-4389488.exe,79,3,datacopy/BB/Files/2013-04-04/Scaner-4389488.exe,114
2217,file.382691.exe,79,718,datacopy/Honeypots/file.382691.exe,114
2218,file.382691.exe,79,718,datacopy/Honeypots/file.382691.exe,114
2219,file.382691.exe,79,718,datacopy/Honeypots/file.382691.exe,114
2220,serviceword.exe,79,309,datacopy/BB/Files/2017-04-26/serviceword.exe,114
2221,file.382691.exe,79,718,datacopy/Honeypots/file.382691.exe,114
2222,taelord.exe,79,3,datacopy/BB/Files/2013-09-13/taelord.exe,114
2223,voucherupdate.exe,79,387,datacopy/BB/Files/2015-01-19/voucherupdate.exe,114
2224,c4.gif.exe,79,509,datacopy/BB/Files/2013-03-04/c4.gif.exe,114
2225,Boleto.Acordo.Pendente.exe,79,510,datacopy/BB/Files/2013-07-23/Boleto.Acordo.Pendente.exe,114
2226,2viaDuplicata.com,79,2,datacopy/BB/Files/2012-03-21/2viaDuplicata.com,114
2227,Foto_imagem0776316.exe,79,3,datacopy/BB/Files/2014-08-05/Foto_imagem0776316.exe,114
2228,Timefields.exe,79,3,datacopy/BB/Files/2014-08-05/Timefields.exe,114
2229,file.382691.exe,79,718,datacopy/Honeypots/file.382691.exe,114
2230,VisualizarComprovante.exe,79,3,datacopy/BB/Files/2015-04-17/VisualizarComprovante.exe,114
2231,Visualizador_Debito.exe,79,534,datacopy/BB/Files/2015-04-17/Visualizador_Debito.exe,114
2232,Anexo-Comprovante-Encaminhado.dox.exe,79,534,datacopy/BB/Files/2015-04-17/Anexo-Comprovante-Encaminhado.dox.exe,114
2233,file.382691.exe,79,718,datacopy/Honeypots/file.382691.exe,114
2234,Song.exe,79,3,datacopy/BB/Files/2014-03-14/Song.exe,114
2235,Son.exe,79,3,datacopy/BB/Files/2014-03-14/Son.exe,114
2236,NOTA-FISCAL-5521.exe,79,3,datacopy/BB/Files/2013-12-03/NOTA-FISCAL-5521.exe,114
2237,Tempftp.exe,79,3,datacopy/BB/Files/2014-07-28/Tempftp.exe,114
2238,mailruhomesearch.exe,79,381,datacopy/BB/Files/2019-02-12/mailruhomesearch.exe,114
2239,Sysini.exe,79,3,datacopy/BB/Files/2013-11-13/Sysini.exe,114
2240,ProcessSwi.exe,79,3,datacopy/BB/Files/2012-02-23/ProcessSwi.exe,114
2241,_922905307_directDownload_true.exe,79,2,datacopy/BB/Files/2015-01-07/_922905307_directDownload_true.exe,114
2242,radF225E.tmp.server.exe,79,113,datacopy/BB/Files/2014-10-02/radF225E.tmp.server.exe,114
2243,serviceword.exe,79,309,datacopy/BB/Files/2017-04-26/serviceword.exe,114
2244,dowbox.exe,79,113,datacopy/BB/Files/2014-09-16/dowbox.exe,114
2245,RELATORIO-20141097651RL.pdf-----------------------------------------------------------.exe,79,2,datacopy/BB/Files/2014-08-18/RELATORIO-20141097651RL.pdf-----------------------------------------------------------.exe,114
2246,RELATORIO-20141097651RL.exe,79,2,datacopy/BB/Files/2014-08-18/RELATORIO-20141097651RL.exe,114
2247,zelao.exe,79,3,datacopy/BB/Files/2014-08-18/zelao.exe,114
2248,video-amador.scr,79,3,datacopy/BB/Files/2012-05-25/video-amador.scr,114
2249,contrato_0123879412.pdf.exe,79,2,datacopy/BB/Files/2013-11-26/contrato_0123879412.pdf.exe,114
2250,Adobeflash_player.exe,79,2,datacopy/BB/Files/2013-10-21/Adobeflash_player.exe,114
2251,file.382691.exe,79,718,datacopy/Honeypots/file.382691.exe,114
2252,Boleto600.exe,79,3,datacopy/BB/Files/2014-07-16/Boleto600.exe,114
2253,layout.png.exe,79,212,datacopy/BB/Files/2014-07-09/layout.png.exe,114
2254,BOLETO-0052701.exe,79,3,datacopy/BB/Files/2014-03-31/BOLETO-0052701.exe,114
2255,Codin.exe,79,3,datacopy/BB/Files/2014-03-31/Codin.exe,114
2256,pedido.pdf_.exe,79,387,datacopy/BB/Files/2012-12-28/pedido.pdf_.exe,114
2257,Anexo-Boleto-PDF0093872.exe,79,3,datacopy/BB/Files/2014-08-19/Anexo-Boleto-PDF0093872.exe,114
2258,Anexo-Boleto-FDP0093871.exe,79,3,datacopy/BB/Files/2014-08-19/Anexo-Boleto-FDP0093871.exe,114
2259,Seller.exe,79,3,datacopy/BB/Files/2014-08-19/Seller.exe,114
2260,P1020415.JPG.exe,79,3,datacopy/BB/Files/2013-07-15/P1020415.JPG.exe,114
2261,visualizador.exe,79,161,datacopy/BB/Files/2012-07-03/visualizador.exe,114
2262,boletim2012-8927489.exe,79,212,datacopy/BB/Files/2012-07-03/boletim2012-8927489.exe,114
2263,Documento-31973179.exe,79,3,datacopy/BB/Files/2015-12-02/Documento-31973179.exe,114
2264,Informe-Rastreio.exe,79,3,datacopy/BB/Files/2015-12-02/Informe-Rastreio.exe,114
2265,file.382691.exe,79,718,datacopy/Honeypots/file.382691.exe,114
2266,comprovante.pdfi.exe,79,2,datacopy/BB/Files/2014-09-29/comprovante.pdfi.exe,114
2267,svhostr.exe,79,64,datacopy/BB/Files/2013-11-12/svhostr.exe,114
2268,asd123.exe,79,50,datacopy/BB/Files/2013-07-01/asd123.exe,114
2269,Anexo_Nota-Fiscal-PDF.exe,79,2,datacopy/BB/Files/2014-08-27/Anexo_Nota-Fiscal-PDF.exe,114
2270,vedatop.exe,79,3,datacopy/BB/Files/2014-08-27/vedatop.exe,114
2271,RBD.3GP.exe,79,2,datacopy/BB/Files/2014-01-06/RBD.3GP.exe,114
2272,NOTAFISCAL-P6652-PDF.exe,79,3,datacopy/BB/Files/2013-12-30/NOTAFISCAL-P6652-PDF.exe,114
2273,seuloader.exe,79,2,datacopy/BB/Files/2014-12-30/seuloader.exe,114
2274,Arquivo_Emitido_19_10_2015.exe,79,3,datacopy/BB/Files/2015-10-21/Arquivo_Emitido_19_10_2015.exe,114
2275,let1.exe,79,70,datacopy/BB/Files/2014-07-11/let1.exe,114
2276,mailruhomesearch.exe,79,381,datacopy/BB/Files/2019-02-12/mailruhomesearch.exe,114
2277,file.382691.exe,79,718,datacopy/Honeypots/file.382691.exe,114
2278,Sysini.exe,79,3,datacopy/BB/Files/2013-11-13/Sysini.exe,114
2279,let2.exe,79,3,datacopy/BB/Files/2014-07-11/let2.exe,114
2280,Vwo9JQXB.exe,79,3,datacopy/BB/Files/2017-04-12/Vwo9JQXB.exe,114
2281,DSC_1709235674JPG_.exe,79,2,datacopy/BB/Files/2014-09-01/DSC_1709235674JPG_.exe,114
2282,EnemDesbloqueioNOTA2015.exe,79,2,datacopy/BB/Files/2015-01-16/EnemDesbloqueioNOTA2015.exe,114
2283,aswer4.exe,79,3,datacopy/BB/Files/2015-10-19/aswer4.exe,114
2284,NOTA-FISCAL-09.exe,79,3,datacopy/BB/Files/2013-12-09/NOTA-FISCAL-09.exe,114
2285,NOTA-FISCAL-009.exe,79,3,datacopy/BB/Files/2013-12-09/NOTA-FISCAL-009.exe,114
2286,Nota_Fiscal_Eletronico_0027519805122PDF.exe,79,2,datacopy/BB/Files/2014-09-15/Nota_Fiscal_Eletronico_0027519805122PDF.exe,114
2287,TELR93448.exe,79,3,datacopy/BB/Files/2013-04-16/TELR93448.exe,114
2288,smartx.exe,79,113,datacopy/BB/Files/2014-09-12/smartx.exe,114
2289,Anexo_Boleto-PDF983C1Y.exe,79,2,datacopy/BB/Files/2014-09-12/Anexo_Boleto-PDF983C1Y.exe,114
2290,explorrer.exe,79,113,datacopy/BB/Files/2014-09-11/explorrer.exe,114
2291,FGTSEXTRAT_CAIXADAT0317-AUTORIgcB3l99gTNsXNjS1zTGb.exe,79,2,datacopy/BB/Files/2017-03-10/FGTSEXTRAT_CAIXADAT0317-AUTORIgcB3l99gTNsXNjS1zTGb.exe,114
2292,Boleto-28733752102-PDF.exe,79,2,datacopy/BB/Files/2014-09-11/Boleto-28733752102-PDF.exe,114
2293,spip.exe,79,113,datacopy/BB/Files/2014-09-11/spip.exe,114
2294,178049_164458637020766_386915014_o.jpg.exe,79,64,datacopy/BB/Files/2013-11-01/178049_164458637020766_386915014_o.jpg.exe,114
2295,Z4NEZGJq.exe,79,3,datacopy/BB/Files/2013-11-01/Z4NEZGJq.exe,114
2296,Resumo-NF.exe,79,2,datacopy/BB/Files/2013-12-23/Resumo-NF.exe,114
2297,tranpot_nfe_online.exe,79,3,datacopy/BB/Files/2013-12-23/tranpot_nfe_online.exe,114
2298,Jawn.exe,79,3,datacopy/BB/Files/2014-03-06/Jawn.exe,114
2299,msj.exe,79,3,datacopy/BB/Files/2014-03-06/msj.exe,114
2300,Crypter.exe,79,161,datacopy/BB/Files/2014-07-17/Crypter.exe,114
2301,BOLETO-PDF-0093728776.exe,79,3,datacopy/BB/Files/2014-07-17/BOLETO-PDF-0093728776.exe,114
2302,Join.exe,79,3,datacopy/BB/Files/2014-07-17/Join.exe,114
2303,fatura_.pdf.exe,79,387,datacopy/BB/Files/2012-10-01/fatura_.pdf.exe,114
2304,Boleto_.pdf.exe,79,161,datacopy/BB/Files/2012-10-01/Boleto_.pdf.exe,114
2305,alskdf.exe,79,2,datacopy/BB/Files/2013-04-01/alskdf.exe,114
2306,BOLETO-PDF-01600.exe,79,3,datacopy/BB/Files/2014-07-30/BOLETO-PDF-01600.exe,114
2307,Ativos_ExtraJudicial.exe,79,64,datacopy/BB/Files/2013-10-22/Ativos_ExtraJudicial.exe,114
2308,66cdbaa24ccbae9787abb2d70a081fe7df79004abe4c11b679e243f67d9d6298,79,3,datacopy/Stefano/66cdbaa24ccbae9787abb2d70a081fe7df79004abe4c11b679e243f67d9d6298,114
2309,c23ad1fbf4355f713d406cdef5870d5e57775e7a10c3443db2195356752d3782,79,3,datacopy/Stefano/c23ad1fbf4355f713d406cdef5870d5e57775e7a10c3443db2195356752d3782,114
2310,f8717bb628d69414220e19e8b6cc5d99f2b67bab04f37ac19b7babc8f6f818be,79,513,datacopy/Stefano/f8717bb628d69414220e19e8b6cc5d99f2b67bab04f37ac19b7babc8f6f818be,114
2311,963fe2ccce92e0f6f1aaab80c8077f5d9638f5072c4357bf5ee925ab4e08fba9,79,3,datacopy/Stefano/963fe2ccce92e0f6f1aaab80c8077f5d9638f5072c4357bf5ee925ab4e08fba9,114
2312,35f4512f50fc93f8dfbb440853fbbfccae7027e27ee1885d1ec69c048d50bbc5,79,1001,datacopy/Stefano/35f4512f50fc93f8dfbb440853fbbfccae7027e27ee1885d1ec69c048d50bbc5,114
2313,a4d7f2427390e63d4c54e88ae8aa7b183f451fd265863f20f1d452540d9ab9b3,79,3,datacopy/Stefano/a4d7f2427390e63d4c54e88ae8aa7b183f451fd265863f20f1d452540d9ab9b3,114
2314,b764d639e8903a2b11f9188bddb37b82774e8fd1.bin,81,1216,datacopy/UCSB.JP/data_feed.geo_japan_6m_public_flag/b/7/6/b764d639e8903a2b11f9188bddb37b82774e8fd1.bin,3
2315,70e93fa6b9e98cf985e1ac47eadc5aee04f571c4.bin,81,1216,datacopy/UCSB.JP/data_feed.geo_japan_6m_public_flag/7/0/e/70e93fa6b9e98cf985e1ac47eadc5aee04f571c4.bin,3
2316,2918eddc2565a821a75dd0ec1769306b9fbda7ee.bin,81,1216,datacopy/UCSB/2918eddc2565a821a75dd0ec1769306b9fbda7ee.bin,3
2317,b32163375e6200eefd69dcdecfec08192da9e390.bin,81,1216,datacopy/UCSB/b32163375e6200eefd69dcdecfec08192da9e390.bin,3
2318,ac444de2d53866e17a86c3ab73a72cee7285eb96.bin,81,1216,datacopy/UCSB/ac444de2d53866e17a86c3ab73a72cee7285eb96.bin,3
2319,826bd357602ec9f5c85cdc3b3cdd77a297fa2ed9.bin,81,1216,datacopy/UCSB/826bd357602ec9f5c85cdc3b3cdd77a297fa2ed9.bin,3
2320,721fe735bddf3045cf91da642657731cadacb99f.bin,81,1216,datacopy/UCSB/721fe735bddf3045cf91da642657731cadacb99f.bin,3
2321,841a67735cb60388f2234137651a573fc22edc7e.bin,81,1216,datacopy/UCSB/841a67735cb60388f2234137651a573fc22edc7e.bin,3
2322,5b857a97c41146b7d582ce570e54552092e0e79a.bin,81,1216,datacopy/UCSB/5b857a97c41146b7d582ce570e54552092e0e79a.bin,3
2323,a2eeadefa26806a369fa275e7b6ba2ce84b7364e.bin,81,1216,datacopy/UCSB/a2eeadefa26806a369fa275e7b6ba2ce84b7364e.bin,3
2324,1ac3b55d1f5dc03a6efdf159d6590d593c523f09.bin,81,1216,datacopy/UCSB/1ac3b55d1f5dc03a6efdf159d6590d593c523f09.bin,3
2325,9de47f95fccde1e0920865201383b0b1aa252c51.bin,81,1216,datacopy/UCSB/9de47f95fccde1e0920865201383b0b1aa252c51.bin,3
2326,31f72418ed907c177ec7acff883186dfcfd4366a.bin,81,1216,datacopy/UCSB/31f72418ed907c177ec7acff883186dfcfd4366a.bin,3
2327,b76a7e78292b5306fb8949d1c51c3b6c69095e4a.bin,81,1216,datacopy/UCSB/b76a7e78292b5306fb8949d1c51c3b6c69095e4a.bin,3
2328,84bf90abb42af96cc1bc8d4dd8c02de4fdecfbca.bin,81,1216,datacopy/UCSB/84bf90abb42af96cc1bc8d4dd8c02de4fdecfbca.bin,3
2329,59233019e074332ae4b589b3c85f34105facafcf.bin,81,1216,datacopy/UCSB/59233019e074332ae4b589b3c85f34105facafcf.bin,3
2330,341721d02c7cb4d94e583fb9e4b2b95606242add.bin,81,1216,datacopy/UCSB/341721d02c7cb4d94e583fb9e4b2b95606242add.bin,3
2331,6f17d56c5db2784e20f530f8c55d876b876e4df6.bin,81,1216,datacopy/UCSB/6f17d56c5db2784e20f530f8c55d876b876e4df6.bin,3
2332,2d4f84f6443b82bdcab50da61a864689f1d35bb9.bin,81,1216,datacopy/UCSB/2d4f84f6443b82bdcab50da61a864689f1d35bb9.bin,3
2333,1af6673c2dc19bc9aca7081b48d45e5585d69120.bin,81,1216,datacopy/UCSB/1af6673c2dc19bc9aca7081b48d45e5585d69120.bin,3
2334,5bcabaef61adc522b990dc1d54678097e876bcb3.bin,81,1216,datacopy/UCSB/5bcabaef61adc522b990dc1d54678097e876bcb3.bin,3
2335,a6e91b7fb4a4f042b454afd32365872141109161.bin,81,1216,datacopy/UCSB/a6e91b7fb4a4f042b454afd32365872141109161.bin,3
2336,6af29827f62cf381ca650d43b7c8e78d5248598a.bin,81,1216,datacopy/UCSB/6af29827f62cf381ca650d43b7c8e78d5248598a.bin,3
2337,b593fcd289dd36f41be81b26b5685f1e59da38c2.bin,81,1216,datacopy/UCSB/b593fcd289dd36f41be81b26b5685f1e59da38c2.bin,3
2338,fa587d561ab78ce424822c23e00cd95f9f4a3a20.bin,81,1216,datacopy/UCSB/fa587d561ab78ce424822c23e00cd95f9f4a3a20.bin,3
2339,97cc271f86070275f1f2a42f3028ac01fc8fad74.bin,81,1216,datacopy/UCSB/97cc271f86070275f1f2a42f3028ac01fc8fad74.bin,3
2340,09cc23a58894ce013286dbede631a04624d737bcd128d233743342fdab3208bd,81,1216,datacopy/Stefano/09cc23a58894ce013286dbede631a04624d737bcd128d233743342fdab3208bd,3
2341,cd1ab7768af8646c5a2ee58bf31d86a273f9645fc8bb78ce11fa5c2f9061570b,81,1216,datacopy/Stefano/cd1ab7768af8646c5a2ee58bf31d86a273f9645fc8bb78ce11fa5c2f9061570b,3
2342,d1d2a21cf06a0d91a6d88be466a7dff29e60715b6787c1b52553a2135e141cc5,81,1216,datacopy/Stefano/d1d2a21cf06a0d91a6d88be466a7dff29e60715b6787c1b52553a2135e141cc5,3
2343,457859ab972d789bfed78da82fbc54aaccebb1e7ef1002410253239fec341e7a,81,1216,datacopy/Stefano/457859ab972d789bfed78da82fbc54aaccebb1e7ef1002410253239fec341e7a,3
2344,88c8fe8a6d9b9b46cf75093403cc45c154db1f02003b52258cf3ddbbea0db9ab,81,1216,datacopy/Stefano/88c8fe8a6d9b9b46cf75093403cc45c154db1f02003b52258cf3ddbbea0db9ab,3
2345,7800695ef764a1ef8a7d3f506c0fe7ee5a67f44be7eb0135fe7fcde304e47997,81,1216,datacopy/Stefano/7800695ef764a1ef8a7d3f506c0fe7ee5a67f44be7eb0135fe7fcde304e47997,3
2346,b2f30eb060848b07bde3ee5d00dfed0065fbbc3069b5f98b263f2128ef0ff3f8,81,1216,datacopy/Stefano/b2f30eb060848b07bde3ee5d00dfed0065fbbc3069b5f98b263f2128ef0ff3f8,3
2347,4df55d2230a51c954bf7cb5eeea89559df56b71d5b0ee2af57eb770fa0508bcc,81,1216,datacopy/Stefano/4df55d2230a51c954bf7cb5eeea89559df56b71d5b0ee2af57eb770fa0508bcc,3
2348,ff8f29a282f86efff9bb755ff608842e0e05ce372454ed073e8fc85c99044818,81,1216,datacopy/Stefano/ff8f29a282f86efff9bb755ff608842e0e05ce372454ed073e8fc85c99044818,3
2349,3aa7d02bef485987d92fa65208c8d06bd6029077.bin,83,3,datacopy/UCSB.JP/data_feed.geo_japan_6m_public_flag/3/a/a/3aa7d02bef485987d92fa65208c8d06bd6029077.bin,1
2350,33bb329902a97bcab9f96a275043bf22ce6a2f1a.codex,83,814,datacopy/CodexGiga/33bb329902a97bcab9f96a275043bf22ce6a2f1a.codex,1
2351,cf4625c42d00ddfa38dcd3b2f226f8ba0af5f539.codex,83,922,datacopy/CodexGiga/cf4625c42d00ddfa38dcd3b2f226f8ba0af5f539.codex,1
2352,3ac6cbe4982afbf0143309f4d8e9ceaa053b61d1.bin,85,1944,datacopy/UCSB.JP/data_feed.geo_japan_6m_public_flag/3/a/c/3ac6cbe4982afbf0143309f4d8e9ceaa053b61d1.bin,7
2353,9dcf2e81e0858ff789064514164c8aa54e2bae59.bin,85,1944,datacopy/UCSB.JP/data_feed.geo_japan_6m_public_flag/9/d/c/9dcf2e81e0858ff789064514164c8aa54e2bae59.bin,7
2354,2ae2a8016c64152769d356efed7be5b4021ea26f.bin,85,2080,datacopy/UCSB.JP/data_feed.geo_japan_6m_public_flag/2/a/e/2ae2a8016c64152769d356efed7be5b4021ea26f.bin,7
2355,2c4e5a0049d30f014ea6908e47258613b1985c1f.bin,85,284,datacopy/UCSB.JP/data_feed.geo_japan_6m_public_flag/2/c/4/2c4e5a0049d30f014ea6908e47258613b1985c1f.bin,7
2356,14d1d5efa2aa717c62f20c63722511ceadad5acf.bin,85,2080,datacopy/UCSB.JP/data_feed.geo_japan_6m_public_flag/1/4/d/14d1d5efa2aa717c62f20c63722511ceadad5acf.bin,7
2357,f0ba55855d66e041aa332ccd7de4664108756043.bin,85,1944,datacopy/UCSB.JP/data_feed.geo_japan_6m_public_flag/f/0/b/f0ba55855d66e041aa332ccd7de4664108756043.bin,7
2358,cdc99368e3e6a8cf1a9fb44c953fed9c295b001d.bin,85,2080,datacopy/UCSB.JP/data_feed.geo_japan_6m_public_flag/c/d/c/cdc99368e3e6a8cf1a9fb44c953fed9c295b001d.bin,7
2359,cc9a98e2d4bbd125d671ba7f4c8fedc01f1c44f8.bin,85,1944,datacopy/UCSB.JP/data_feed.geo_japan_6m_public_flag/c/c/9/cc9a98e2d4bbd125d671ba7f4c8fedc01f1c44f8.bin,7
2360,0aa69326c177c5b3e19c402c8e08ea73a562f61f.bin,85,1944,datacopy/UCSB.JP/data_feed.geo_japan_6m_public_flag/0/a/a/0aa69326c177c5b3e19c402c8e08ea73a562f61f.bin,7
2361,0eed3bc7dd30fda2bd38f29ee79c6c0916afa509.bin,85,2080,datacopy/UCSB.JP/data_feed.geo_japan_6m_public_flag/0/e/e/0eed3bc7dd30fda2bd38f29ee79c6c0916afa509.bin,7
2362,74c957ccf2a3d13765c0e6495ee0dd54778c2b14.bin,85,1944,datacopy/UCSB.JP/data_feed.geo_japan_6m_public_flag/7/4/c/74c957ccf2a3d13765c0e6495ee0dd54778c2b14.bin,7
2363,541541a263a661316da5dcd68cf18307c43002ce.bin,88,1983,datacopy/UCSB.JP/data_feed.geo_japan_6m_public_flag/5/4/1/541541a263a661316da5dcd68cf18307c43002ce.bin,1
2364,3486f837bb6e9cc97bf6868f20233be4e90cd894.bin,90,1341,datacopy/UCSB.JP/data_feed.geo_japan_6m_public_flag/3/4/8/3486f837bb6e9cc97bf6868f20233be4e90cd894.bin,1
2365,d7a1c152c434aee9f30042025ff2f36272d8e9d1.bin,90,1341,datacopy/UCSB.JP/data_feed.geo_japan_6m_public_flag/d/7/a/d7a1c152c434aee9f30042025ff2f36272d8e9d1.bin,1
2366,5252bf33c3e723087a91b94170378218ab72944f.bin,90,1341,datacopy/UCSB.JP/data_feed.geo_japan_6m_public_flag/5/2/5/5252bf33c3e723087a91b94170378218ab72944f.bin,1
2367,50025a2ba1cb32c7921fe9cabafb691b673e85ff.bin,90,1341,datacopy/UCSB.JP/data_feed.geo_japan_6m_public_flag/5/0/0/50025a2ba1cb32c7921fe9cabafb691b673e85ff.bin,1
2368,49d96ea10145976d3bab65ee6065c4f189483636.bin,90,1341,datacopy/UCSB.JP/data_feed.geo_japan_6m_public_flag/4/9/d/49d96ea10145976d3bab65ee6065c4f189483636.bin,1
2369,7fe1c9d12c4a367f8266273d2faf302434549eb0.bin,90,1341,datacopy/UCSB.JP/data_feed.geo_japan_6m_public_flag/7/f/e/7fe1c9d12c4a367f8266273d2faf302434549eb0.bin,1
2370,343df05d77b3c250637b2429daa7a6760c202e29.bin,91,203,datacopy/UCSB.JP/data_feed.geo_japan_6m_public_flag/3/4/3/343df05d77b3c250637b2429daa7a6760c202e29.bin,1
2371,9114cad9d7223df0fd2f447daf5edd4f629369c2.bin,91,203,datacopy/UCSB.JP/data_feed.geo_japan_6m_public_flag/9/1/1/9114cad9d7223df0fd2f447daf5edd4f629369c2.bin,1
2372,6d6547f6ce35e134faa9d56e16c67468c034a4a3.bin,91,203,datacopy/UCSB.JP/data_feed.geo_japan_6m_public_flag/6/d/6/6d6547f6ce35e134faa9d56e16c67468c034a4a3.bin,1
2373,6ebd501aeffadbe15ba471a21b46d07432adf182.bin,92,203,datacopy/UCSB.JP/data_feed.geo_japan_6m_public_flag/6/e/b/6ebd501aeffadbe15ba471a21b46d07432adf182.bin,1
2374,7b9b2840cf5a7531d0d8a5a40be0a86a6f4a18b1.bin,92,203,datacopy/UCSB.JP/data_feed.geo_japan_6m_public_flag/7/b/9/7b9b2840cf5a7531d0d8a5a40be0a86a6f4a18b1.bin,1
2375,c82eb18cf2b52b796d329fae76b9882646852d6b.bin,93,1786,datacopy/UCSB.JP/data_feed.geo_japan_6m_public_flag/c/8/2/c82eb18cf2b52b796d329fae76b9882646852d6b.bin,1
2376,0306e78559bbb124c61e977b5bcd3b5dbac02601.bin,95,1983,datacopy/UCSB.JP/data_feed.geo_japan_6m_public_flag/0/3/0/0306e78559bbb124c61e977b5bcd3b5dbac02601.bin,1
2377,a916faabcb7b1cd921ef29334377456af7d913f4.bin,97,1532,datacopy/UCSB.JP/data_feed.geo_japan_6m_public_flag/a/9/1/a916faabcb7b1cd921ef29334377456af7d913f4.bin,3
2378,d6c27032866504097b9468a63333a6eda1e658ba.bin,97,1532,datacopy/UCSB.JP/data_feed.geo_japan_6m_public_flag/d/6/c/d6c27032866504097b9468a63333a6eda1e658ba.bin,3
2379,c79e6e3f51c877eaff715e892bc4ed07822cc24c.bin,97,1532,datacopy/UCSB.JP/data_feed.geo_japan_6m_public_flag/c/7/9/c79e6e3f51c877eaff715e892bc4ed07822cc24c.bin,3
2380,bcbb9fb71f0b8a94d8b7d7c42f6ae6275d1c8a5f.bin,97,1532,datacopy/UCSB/bcbb9fb71f0b8a94d8b7d7c42f6ae6275d1c8a5f.bin,3
2381,ac018ea9f73a42ecca818cd3b1b19c8adc4d2269.bin,97,1532,datacopy/UCSB/ac018ea9f73a42ecca818cd3b1b19c8adc4d2269.bin,3
2382,d3c837a2ff52e620d70d65801d9581424ea462b3.bin,97,1532,datacopy/UCSB/d3c837a2ff52e620d70d65801d9581424ea462b3.bin,3
2383,4cb0a3ac795f282d956c34439565d0141757dd59.bin,97,1513,datacopy/UCSB/4cb0a3ac795f282d956c34439565d0141757dd59.bin,3
2384,b4193d9a3e0df4e626c1784449c99a848af380c2.bin,97,1532,datacopy/UCSB/b4193d9a3e0df4e626c1784449c99a848af380c2.bin,3
2385,9801d70518ab054afa941b61ede5d5fb2b43aa55.bin,98,203,datacopy/UCSB.JP/data_feed.geo_japan_6m_public_flag/9/8/0/9801d70518ab054afa941b61ede5d5fb2b43aa55.bin,1
2386,94218cfece6395a84e3a318afc1a5af9c8fd1ae0.bin,98,203,datacopy/UCSB.JP/data_feed.geo_japan_6m_public_flag/9/4/2/94218cfece6395a84e3a318afc1a5af9c8fd1ae0.bin,1
2387,4a10d59bafaace4fab601e48e1f04db85de59b38.bin,98,203,datacopy/UCSB.JP/data_feed.geo_japan_6m_public_flag/4/a/1/4a10d59bafaace4fab601e48e1f04db85de59b38.bin,1
2388,c2613694133bc56c34b19d2cb77456bb36ff7c77.bin,101,203,datacopy/UCSB.JP/data_feed.geo_japan_6m_public_flag/c/2/6/c2613694133bc56c34b19d2cb77456bb36ff7c77.bin,1
2389,9142019621d2540a3f0c00650bb14305bdd23526.bin,102,3,datacopy/UCSB.JP/data_feed.geo_japan_6m_public_flag/9/1/4/9142019621d2540a3f0c00650bb14305bdd23526.bin,286
2390,074058a20bfd62a83e96b4b7f6f332b29d3f000b.bin,102,3,datacopy/UCSB/074058a20bfd62a83e96b4b7f6f332b29d3f000b.bin,286
2391,1d8dae03a65f355bcdb213a38f996f78b2838833.bin,102,3,datacopy/UCSB/1d8dae03a65f355bcdb213a38f996f78b2838833.bin,286
2392,b32f00e0fd7ccfa1af49b6e3134e0893f8e9bf27.bin,102,3,datacopy/UCSB/b32f00e0fd7ccfa1af49b6e3134e0893f8e9bf27.bin,286
2393,6e6627c70e0de1536baffbc34f3dc6c709ccc7ce.bin,102,1670,datacopy/UCSB/6e6627c70e0de1536baffbc34f3dc6c709ccc7ce.bin,286
2394,HdDLfV.exe,102,3,datacopy/BB/Files/2014-10-30/HdDLfV.exe,286
2395,DETALHES_SCR_DOC.exe,102,3,datacopy/BB/Files/2014-10-30/DETALHES_SCR_DOC.exe,286
2396,Comprovante_nfe.exe,102,2,datacopy/BB/Files/2014-10-30/Comprovante_nfe.exe,286
2397,cleosvaldo2061.exe,102,3,datacopy/BB/Files/2015-08-12/cleosvaldo2061.exe,286
2398,vsNDv.exe.exe,102,3,datacopy/BB/Files/2015-08-12/vsNDv.exe.exe,286
2399,Visualizar_Debito_ReceitaFederal-221451_2015.exe,102,3,datacopy/BB/Files/2015-08-12/Visualizar_Debito_ReceitaFederal-221451_2015.exe,286
2400,cleosvaldo9913.exe,102,3,datacopy/BB/Files/2015-08-12/cleosvaldo9913.exe,286
2401,adobereader.exe,102,3,datacopy/BB/Files/2015-01-12/adobereader.exe,286
2402,wissytem.exe,102,3,datacopy/BB/Files/2015-01-12/wissytem.exe,286
2403,ReciboTAM0394A_136144856.exe,102,2,datacopy/BB/Files/2015-02-03/ReciboTAM0394A_136144856.exe,286
2404,Vale-Presente0007317319.exe,102,110,datacopy/BB/Files/2015-04-28/Vale-Presente0007317319.exe,286
2405,Adblocks.exe,102,111,datacopy/BB/Files/2015-04-28/Adblocks.exe,286
2406,wZQbewlUJ.exe,102,3,datacopy/BB/Files/2015-02-05/wZQbewlUJ.exe,286
2407,systendrive.exe,102,113,datacopy/BB/Files/2015-02-05/systendrive.exe,286
2408,Recibo3940A0C4_99726345278643849247816009.exe,102,2,datacopy/BB/Files/2015-02-05/Recibo3940A0C4_99726345278643849247816009.exe,286
2409,mthBrLmsh.exe,102,2,datacopy/BB/Files/2015-02-05/mthBrLmsh.exe,286
2410,Cupom_Promocional.exe,102,2,datacopy/BB/Files/2015-01-22/Cupom_Promocional.exe,286
2411,update_java.exe,102,3,datacopy/BB/Files/2015-01-22/update_java.exe,286
2412,18_01_moto.zip.exe,102,2,datacopy/BB/Files/2015-01-22/18_01_moto.zip.exe,286
2413,Depoimento-004-987.exe,102,2,datacopy/BB/Files/2015-02-23/Depoimento-004-987.exe,286
2414,Documentos.PDF..........................................................................exe,102,2,datacopy/BB/Files/2014-12-02/Documentos.PDF..........................................................................exe,286
2415,defm.exe,102,3,datacopy/BB/Files/2017-05-11/defm.exe,286
2416,cleosvaldo5416.exe,102,64,datacopy/BB/Files/2015-08-14/cleosvaldo5416.exe,286
2417,cleosvaldo6021.exe,102,64,datacopy/BB/Files/2015-08-14/cleosvaldo6021.exe,286
2418,Visualizar-NF-Eletronica007832611032_rnd.exe,102,2,datacopy/BB/Files/2015-01-20/Visualizar-NF-Eletronica007832611032_rnd.exe,286
2419,rViprXNHXceN.exe,102,3,datacopy/BB/Files/2015-05-22/rViprXNHXceN.exe,286
2420,Comprovante-TransaÃ§ao.exe,102,3,datacopy/BB/Files/2015-05-22/Comprovante-TransaÃ§ao.exe,286
2421,CwYCBoV.exe.exe,102,3,datacopy/BB/Files/2015-10-01/CwYCBoV.exe.exe,286
2422,Comprovante_Fiscal_093892000001.exe,102,157,datacopy/BB/Files/2015-10-01/Comprovante_Fiscal_093892000001.exe,286
2423,windnt.exe,102,3,datacopy/BB/Files/2015-10-01/windnt.exe,286
2424,2_via_do_seu_boleto.exe,102,2,datacopy/BB/Files/2015-10-01/2_via_do_seu_boleto.exe,286
2425,Boleto-09861.exe,102,2,datacopy/BB/Files/2014-12-17/Boleto-09861.exe,286
2426,14_12_homer.zip.exe,102,3,datacopy/BB/Files/2014-12-17/14_12_homer.zip.exe,286
2427,sisvc.exe,102,3,datacopy/BB/Files/2014-12-17/sisvc.exe,286
2428,N2014050177_pdf02.exe.EXE,102,2,datacopy/BB/Files/2014-12-17/N2014050177_pdf02.exe.EXE,286
2429,Cobranca_protesto.exe,102,176,datacopy/BB/Files/2014-08-22/Cobranca_protesto.exe,286
2430,1869_82441_directDownload_true.exe,102,2,datacopy/BB/Files/2014-08-22/1869_82441_directDownload_true.exe,286
2431,LLbPNELo.exe,102,3,datacopy/BB/Files/2015-05-04/LLbPNELo.exe,286
2432,NF_Eletronica_0013533PDF.exe,102,2,datacopy/BB/Files/2014-09-30/NF_Eletronica_0013533PDF.exe,286
2433,WattVideoCh002.mp4.exe,102,2,datacopy/BB/Files/2015-09-16/WattVideoCh002.mp4.exe,286
2434,oJFSz.exe,102,3,datacopy/BB/Files/2014-12-04/oJFSz.exe,286
2435,jfURJh.exe,102,3,datacopy/BB/Files/2014-12-04/jfURJh.exe,286
2436,qwQuxxIms.exe,102,3,datacopy/BB/Files/2014-12-04/qwQuxxIms.exe,286
2437,INTIMACAO-MPF.SCRHUAHUAMKSIAJUAHSJKKAJJSAHUA.exe,102,2,datacopy/BB/Files/2014-12-04/INTIMACAO-MPF.SCRHUAHUAMKSIAJUAHSJKKAJJSAHUA.exe,286
2438,(e-Ticket)957-2499931817.exe,102,2,datacopy/BB/Files/2014-12-04/(e-Ticket)957-2499931817.exe,286
2439,Orcamento-Planilha.com,102,2,datacopy/BB/Files/2014-09-02/Orcamento-Planilha.com,286
2440,Planilha-orcamento.com,102,2,datacopy/BB/Files/2014-09-02/Planilha-orcamento.com,286
2441,NF-e_981031_xml.exe,102,2,datacopy/BB/Files/2014-10-15/NF-e_981031_xml.exe,286
2442,NF-e_13533.exe,102,2,datacopy/BB/Files/2014-10-15/NF-e_13533.exe,286
2443,CONSULTA.exe,102,38,datacopy/BB/Files/2014-10-15/CONSULTA.exe,286
2444,wndsxxp.exe,102,111,datacopy/BB/Files/2015-03-11/wndsxxp.exe,286
2445,Intimacao-Tribunal-Regional-Trabalhista-Processo-20019200000149400394599990302990001920003900040490000.com,102,2,datacopy/BB/Files/2015-03-11/Intimacao-Tribunal-Regional-Trabalhista-Processo-20019200000149400394599990302990001920003900040490000.com,286
2446,TcqNezoPmmWRBw.exe,102,3,datacopy/BB/Files/2014-11-07/TcqNezoPmmWRBw.exe,286
2447,04_11_homer.jpg.exe,102,3,datacopy/BB/Files/2014-11-07/04_11_homer.jpg.exe,286
2448,XnhvNaoHuPAyDC.exe,102,3,datacopy/BB/Files/2015-06-09/XnhvNaoHuPAyDC.exe,286
2449,Nota_fiscal_Eletronica_0974_pdf.exe,102,2,datacopy/BB/Files/2015-03-13/Nota_fiscal_Eletronica_0974_pdf.exe,286
2450,Vencimento_Hoje.PDF.exe,102,2,datacopy/BB/Files/2015-03-13/Vencimento_Hoje.PDF.exe,286
2451,ÃO_AUTO_E_RESIDENCIA.PDF.exe,102,101,datacopy/BB/Files/2015-03-13/ÃO_AUTO_E_RESIDENCIA.PDF.exe,286
2452,03_11_homer2.exe,102,3,datacopy/BB/Files/2014-11-10/03_11_homer2.exe,286
2453,03_11_homer.exe,102,70,datacopy/BB/Files/2014-11-10/03_11_homer.exe,286
2454,Nota-Fiscal-PDF0093302501R.exe,102,2,datacopy/BB/Files/2014-11-11/Nota-Fiscal-PDF0093302501R.exe,286
2455,Intimacao_Comparecimento.exe,102,2,datacopy/BB/Files/2014-11-11/Intimacao_Comparecimento.exe,286
2456,serasa201400298344.exe,102,2,datacopy/BB/Files/2014-09-08/serasa201400298344.exe,286
2457,_722698544_directDownload_true.exe,102,2,datacopy/BB/Files/2014-09-08/_722698544_directDownload_true.exe,286
2458,_722559454_directDownload_true.exe,102,2,datacopy/BB/Files/2014-09-08/_722559454_directDownload_true.exe,286
2459,MONTANAMAN.exe,102,3,datacopy/BB/Files/2015-03-26/MONTANAMAN.exe,286
2460,cleosvaldo1228.exe,102,64,datacopy/BB/Files/2015-07-28/cleosvaldo1228.exe,286
2461,2Via_Boleto_23102014.com,102,3,datacopy/BB/Files/2014-10-27/2Via_Boleto_23102014.com,286
2462,flashplayerplugin1.exe,102,3,datacopy/BB/Files/2014-10-13/flashplayerplugin1.exe,286
2463,processo_112014.exe,102,2,datacopy/BB/Files/2014-10-13/processo_112014.exe,286
2464,cleosvaldoadobeacrobat.exe,102,3,datacopy/BB/Files/2015-01-15/cleosvaldoadobeacrobat.exe,286
2465,armsvc.zip.exe,102,3,datacopy/BB/Files/2015-01-15/armsvc.zip.exe,286
2466,fpxCUjlAhkxBf.exe,102,3,datacopy/BB/Files/2015-06-25/fpxCUjlAhkxBf.exe,286
2467,CgeGJeGgBG.exe,102,3,datacopy/BB/Files/2015-06-25/CgeGJeGgBG.exe,286
2468,nfe-pendente.pdf.exe,102,3,datacopy/BB/Files/2015-07-13/nfe-pendente.pdf.exe,286
2469,cleosvaldo5776.exe,102,3,datacopy/BB/Files/2015-09-29/cleosvaldo5776.exe,286
2470,Imprimir-Vale_Cupon-009392191.exe,102,2,datacopy/BB/Files/2015-01-13/Imprimir-Vale_Cupon-009392191.exe,286
2471,Unity.exe,102,3,datacopy/BB/Files/2015-01-13/Unity.exe,286
2472,cleosvaldonews1.exe,102,3,datacopy/BB/Files/2015-01-08/cleosvaldonews1.exe,286
2473,NBpfOLaqJkHhs.exe,102,3,datacopy/BB/Files/2014-11-25/NBpfOLaqJkHhs.exe,286
2474,vyjrMaRJTwAc.exe.exe,102,3,datacopy/BB/Files/2015-08-20/vyjrMaRJTwAc.exe.exe,286
2475,cleosvaldo1794.exe,102,64,datacopy/BB/Files/2015-08-20/cleosvaldo1794.exe,286
2476,cbskhTnng.exe.exe,102,3,datacopy/BB/Files/2015-08-20/cbskhTnng.exe.exe,286
2477,NFe_EletrÃ´nica.PDF.exe,102,3,datacopy/BB/Files/2015-08-20/NFe_EletrÃ´nica.PDF.exe,286
2478,cleosvaldosmsss.exe,102,3,datacopy/BB/Files/2015-05-14/cleosvaldosmsss.exe,286
2479,Visualizar_Fotos.jpg.exe,102,2,datacopy/BB/Files/2015-01-20/Visualizar_Fotos.jpg.exe,286
2480,Extrato_de_pendencias.zip.exe,102,2,datacopy/BB/Files/2015-03-27/Extrato_de_pendencias.zip.exe,286
2481,jLcCfrjPnI.exe,102,3,datacopy/BB/Files/2015-05-18/jLcCfrjPnI.exe,286
2482,Comunicado_Debito_ReceitaFederal2015998475.exe,102,3,datacopy/BB/Files/2015-05-18/Comunicado_Debito_ReceitaFederal2015998475.exe,286
2483,KksBUjxdqKxTV.exe,102,3,datacopy/BB/Files/2015-05-18/KksBUjxdqKxTV.exe,286
2484,NF-e.09892238932.PDF.exe,102,3,datacopy/BB/Files/2015-05-18/NF-e.09892238932.PDF.exe,286
2485,NumpCun.exe,102,3,datacopy/BB/Files/2015-05-18/NumpCun.exe,286
2486,stats.exe,102,3,datacopy/BB/Files/2015-04-30/stats.exe,286
2487,reserva.exe,102,312,datacopy/BB/Files/2015-06-11/reserva.exe,286
2488,cleosvaldo8063.exe,102,64,datacopy/BB/Files/2015-06-11/cleosvaldo8063.exe,286
2489,BOL_NF_00056471.exe,102,3,datacopy/BB/Files/2015-06-11/BOL_NF_00056471.exe,286
2490,WinTR.exe,102,3,datacopy/BB/Files/2014-11-13/WinTR.exe,286
2491,N_fiscaleletronica.exe,102,3,datacopy/BB/Files/2014-11-13/N_fiscaleletronica.exe,286
2492,os.zip.exe,102,3,datacopy/BB/Files/2015-04-01/os.zip.exe,286
2493,M3.exe,102,3,datacopy/BB/Files/2015-04-01/M3.exe,286
2494,dellsetup.exe,102,2,datacopy/BB/Files/2015-03-25/dellsetup.exe,286
2495,psRgpjhbgBV.exe,102,3,datacopy/BB/Files/2015-03-25/psRgpjhbgBV.exe,286
2496,Imprimir_Cupom00702401.exe,102,3,datacopy/BB/Files/2015-04-06/Imprimir_Cupom00702401.exe,286
2497,2ViaBoleto.exe,102,124,datacopy/BB/Files/2015-08-17/2ViaBoleto.exe,286
2498,jOgChzyBSG.exe.exe,102,347,datacopy/BB/Files/2015-08-17/jOgChzyBSG.exe.exe,286
2499,tLKHhlYxsD.exe,102,3,datacopy/BB/Files/2015-10-02/tLKHhlYxsD.exe,286
2500,NF-908721.exe,102,2,datacopy/BB/Files/2015-10-02/NF-908721.exe,286
2501,nfe-21376135-02991123.pdf.exe,102,3,datacopy/BB/Files/2015-06-26/nfe-21376135-02991123.pdf.exe,286
2502,busibel.gif.exe,102,64,datacopy/BB/Files/2015-06-26/busibel.gif.exe,286
2503,Ifwfm.exe,102,3,datacopy/BB/Files/2015-06-26/Ifwfm.exe,286
2504,ID201506250039-ComprovantePG-pdf-02003290439954.exe,102,3,datacopy/BB/Files/2015-06-26/ID201506250039-ComprovantePG-pdf-02003290439954.exe,286
2505,Planilha_OrÃ§amento-julho-2015.exe,102,3,datacopy/BB/Files/2015-07-29/Planilha_OrÃ§amento-julho-2015.exe,286
2506,sptyAzlEx.exe,102,3,datacopy/BB/Files/2015-07-29/sptyAzlEx.exe,286
2507,cleosvaldo6779.exe,102,64,datacopy/BB/Files/2015-07-29/cleosvaldo6779.exe,286
2508,0B61JYILCaQeSS01iZ2JPeG5jX3M_e_download.exe,102,64,datacopy/BB/Files/2015-07-29/0B61JYILCaQeSS01iZ2JPeG5jX3M_e_download.exe,286
2509,gUJCUYCCWnawU.exe,102,3,datacopy/BB/Files/2015-03-05/gUJCUYCCWnawU.exe,286
2510,Debito_ReceitaIRPF2015-55421.exe,102,2,datacopy/BB/Files/2015-05-26/Debito_ReceitaIRPF2015-55421.exe,286
2511,cleosvaldoputty.exe,102,3,datacopy/BB/Files/2015-05-26/cleosvaldoputty.exe,286
2512,BOLETO_832019784901725097120DOC.exe,102,2,datacopy/BB/Files/2015-05-26/BOLETO_832019784901725097120DOC.exe,286
2513,Rt.exe,102,3,datacopy/BB/Files/2014-11-04/Rt.exe,286
2514,Nota-Fiscal-PDF007660302.exe,102,2,datacopy/BB/Files/2014-11-04/Nota-Fiscal-PDF007660302.exe,286
2515,HnPFQNyhtEf.exe,102,3,datacopy/BB/Files/2015-07-07/HnPFQNyhtEf.exe,286
2516,planilha-2598318-7934651.xls.exe,102,3,datacopy/BB/Files/2015-07-07/planilha-2598318-7934651.xls.exe,286
2517,cleosvaldo1752.exe,102,64,datacopy/BB/Files/2015-08-07/cleosvaldo1752.exe,286
2518,1869_03545_directDownload_true.exe,102,2,datacopy/BB/Files/2014-08-25/1869_03545_directDownload_true.exe,286
2519,70464665_file_NF_e_1244785.exe,102,2,datacopy/BB/Files/2014-08-25/70464665_file_NF_e_1244785.exe,286
2520,zSwMEVdhTvbxCl.exe.exe,102,3,datacopy/BB/Files/2015-09-09/zSwMEVdhTvbxCl.exe.exe,286
2521,UGSuj.exe.exe,102,3,datacopy/BB/Files/2015-09-09/UGSuj.exe.exe,286
2522,Boleto-09092015-PDF.exe,102,3,datacopy/BB/Files/2015-09-09/Boleto-09092015-PDF.exe,286
2523,cleosvaldo9310.exe,102,64,datacopy/BB/Files/2015-09-09/cleosvaldo9310.exe,286
2524,wYknl.exe.exe,102,3,datacopy/BB/Files/2015-09-09/wYknl.exe.exe,286
2525,cleosvaldo4894.exe,102,64,datacopy/BB/Files/2015-09-09/cleosvaldo4894.exe,286
2526,IXBRWDSrmoSIAW.exe,102,3,datacopy/BB/Files/2014-11-26/IXBRWDSrmoSIAW.exe,286
2527,eVIPwLPXo.exe,102,3,datacopy/BB/Files/2014-11-26/eVIPwLPXo.exe,286
2528,_723413527_directDownload_true.exe,102,2,datacopy/BB/Files/2014-09-19/_723413527_directDownload_true.exe,286
2529,Pedido00012992761_RastreamentoSF03188327BRCorreios.exe,102,379,datacopy/BB/Files/2014-09-19/Pedido00012992761_RastreamentoSF03188327BRCorreios.exe,286
2530,_616279886_directDownload_true.exe,102,379,datacopy/BB/Files/2014-09-19/_616279886_directDownload_true.exe,286
2531,DANFE-95487533550990000025021000025027-15.09.2014.0505331548.exe,102,379,datacopy/BB/Files/2014-09-19/DANFE-95487533550990000025021000025027-15.09.2014.0505331548.exe,286
2532,CotacaodePreco0909empresa.exe,102,2,datacopy/BB/Files/2014-09-19/CotacaodePreco0909empresa.exe,286
2533,Reserva.exe,102,161,datacopy/BB/Files/2015-06-16/Reserva.exe,286
2534,Duplicata.pdf.exe,102,3,datacopy/BB/Files/2015-06-16/Duplicata.pdf.exe,286
2535,Orcamento-PDF-20150825.exe,102,3,datacopy/BB/Files/2015-08-26/Orcamento-PDF-20150825.exe,286
2536,UHvQthiqweT.exe.exe,102,3,datacopy/BB/Files/2015-08-26/UHvQthiqweT.exe.exe,286
2537,vmapp4894.exe,102,3,datacopy/BB/Files/2015-09-03/vmapp4894.exe,286
2538,HC.exe,102,3,datacopy/BB/Files/2014-08-26/HC.exe,286
2539,Sedex-SI131847575BR.exe,102,2,datacopy/BB/Files/2014-08-26/Sedex-SI131847575BR.exe,286
2540,1869_10503_directDownload_true.exe,102,2,datacopy/BB/Files/2014-08-26/1869_10503_directDownload_true.exe,286
2541,_721546301_directDownload_true.exe,102,2,datacopy/BB/Files/2014-08-26/_721546301_directDownload_true.exe,286
2542,panther.doc.exe,102,3,datacopy/BB/Files/2014-11-28/panther.doc.exe,286
2543,sWlXOndIZ.exe,102,3,datacopy/BB/Files/2014-11-28/sWlXOndIZ.exe,286
2544,KRiWadziUBtFE.exe,102,3,datacopy/BB/Files/2014-11-28/KRiWadziUBtFE.exe,286
2545,NF-Eletronico-PDF0093192.exe,102,2,datacopy/BB/Files/2014-10-08/NF-Eletronico-PDF0093192.exe,286
2546,DSC-BOLETO05001328319_PDF.exe,102,2,datacopy/BB/Files/2014-12-10/DSC-BOLETO05001328319_PDF.exe,286
2547,21_01_magro.zip.exe,102,2,datacopy/BB/Files/2015-01-23/21_01_magro.zip.exe,286
2548,21_01_homer.zip.exe,102,2,datacopy/BB/Files/2015-01-23/21_01_homer.zip.exe,286
2549,14_12_homer.zip.exe,102,3,datacopy/BB/Files/2014-12-17/14_12_homer.zip.exe,286
2550,comentariodevoz.exe.exe,102,2,datacopy/BB/Files/2014-12-19/comentariodevoz.exe.exe,286
2551,''Foto_008''.exe,102,2,datacopy/BB/Files/2014-10-14/''Foto_008''.exe,286
2552,slider.zip.exe,102,3,datacopy/BB/Files/2015-03-06/slider.zip.exe,286
2553,ciscs.exe,102,3,datacopy/BB/Files/2015-01-21/ciscs.exe,286
2554,Visualizar-NF-eletronica007532611032_rnd.exe,102,2,datacopy/BB/Files/2015-01-21/Visualizar-NF-eletronica007532611032_rnd.exe,286
2555,NF-e-0073241009.exe,102,2,datacopy/BB/Files/2015-11-16/NF-e-0073241009.exe,286
2556,NovoBoleto.exe,102,2,datacopy/BB/Files/2014-09-22/NovoBoleto.exe,286
2557,UpMicro.exe,102,3,datacopy/BB/Files/2014-09-22/UpMicro.exe,286
2558,Nota-Fiscal08443093010_rnd.exe,102,2,datacopy/BB/Files/2015-03-02/Nota-Fiscal08443093010_rnd.exe,286
2559,cDGenerate.exe,102,3,datacopy/BB/Files/2015-10-15/cDGenerate.exe,286
2560,PlayerClassic.exe,102,3,datacopy/BB/Files/2014-11-03/PlayerClassic.exe,286
2561,Contabilidade_xls.exe,102,2,datacopy/BB/Files/2015-06-01/Contabilidade_xls.exe,286
2562,Nb.exe,102,453,datacopy/BB/Files/2015-06-01/Nb.exe,286
2563,fFJ0feZIdqwgCo82gUPxJBY1NsAn1B.exe,102,3,datacopy/BB/Files/2015-06-01/fFJ0feZIdqwgCo82gUPxJBY1NsAn1B.exe,286
2564,LvGHHLmmsXM.exe,102,3,datacopy/BB/Files/2015-06-01/LvGHHLmmsXM.exe,286
2565,SaUhlLc.exe,102,3,datacopy/BB/Files/2015-06-01/SaUhlLc.exe,286
2566,rnrnJjjgtwzbnz.exe,102,3,datacopy/BB/Files/2015-04-16/rnrnJjjgtwzbnz.exe,286
2567,NotaFiscal01938190309.exe,102,2,datacopy/BB/Files/2014-10-31/NotaFiscal01938190309.exe,286
2568,Nota-Fiscal-002550172_rnd.exe,102,3,datacopy/BB/Files/2015-04-13/Nota-Fiscal-002550172_rnd.exe,286
2569,B40023490.exe,102,3,datacopy/BB/Files/2015-10-28/B40023490.exe,286
2570,cleosvaldo1439.exe,102,64,datacopy/BB/Files/2015-06-24/cleosvaldo1439.exe,286
2571,Visualizar_Nota_Fiscaleletronica-008223015_rnd.exe,102,2,datacopy/BB/Files/2015-01-27/Visualizar_Nota_Fiscaleletronica-008223015_rnd.exe,286
2572,Active.exe,102,2,datacopy/BB/Files/2015-01-27/Active.exe,286
2573,aAzRiWxAk.exe,102,3,datacopy/BB/Files/2014-09-25/aAzRiWxAk.exe,286
2574,zLKFH.exe,102,2,datacopy/BB/Files/2014-09-25/zLKFH.exe,286
2575,zdyxARKwfTaqei.exe,102,3,datacopy/BB/Files/2014-12-12/zdyxARKwfTaqei.exe,286
2576,UNlCegLG.exe,102,3,datacopy/BB/Files/2014-12-12/UNlCegLG.exe,286
2577,INTIMACAO-MPFSCRHAUSJAHSPWIEUWSKKSLAJAHSKANAJSKAKAHDS.exe,102,2,datacopy/BB/Files/2014-12-12/INTIMACAO-MPFSCRHAUSJAHSPWIEUWSKKSLAJAHSKANAJSKAKAHDS.exe,286
2578,hzhcAPRn.exe,102,3,datacopy/BB/Files/2014-12-12/hzhcAPRn.exe,286
2579,QCuxkdFBobcdXI.exe,102,3,datacopy/BB/Files/2015-04-24/QCuxkdFBobcdXI.exe,286
2580,nIwdFOOomoSz.exe,102,3,datacopy/BB/Files/2014-12-09/nIwdFOOomoSz.exe,286
2581,Documentos.PDF.exe,102,3,datacopy/BB/Files/2015-11-17/Documentos.PDF.exe,286
2582,Imprimir-Voucher-170800506.exe,102,2,datacopy/BB/Files/2015-11-26/Imprimir-Voucher-170800506.exe,286
2583,DANFE-64570133550990000025021000025027-15.09.2014.0505300038..exe,102,2,datacopy/BB/Files/2014-09-26/DANFE-64570133550990000025021000025027-15.09.2014.0505300038..exe,286
2584,sp=Confirma-Iniciar-Comprovante-de-pagamento.exe,102,2,datacopy/BB/Files/2014-09-26/sp=Confirma-Iniciar-Comprovante-de-pagamento.exe,286
2585,Planilha_OrÃ§amento.scr,102,3,datacopy/BB/Files/2015-10-14/Planilha_OrÃ§amento.scr,286
2586,supt.exe,102,3,datacopy/BB/Files/2016-08-24/supt.exe,286
2587,B83292753298705823J237.exe,102,64,datacopy/BB/Files/2015-10-27/B83292753298705823J237.exe,286
2588,Visualizar-Cupom_rnd.exe,102,2,datacopy/BB/Files/2015-01-19/Visualizar-Cupom_rnd.exe,286
2589,XKxEfRJPSEtMvn.exe,102,2,datacopy/BB/Files/2015-01-19/XKxEfRJPSEtMvn.exe,286
2590,Boleto-PDF-20150722.exe,102,3,datacopy/BB/Files/2015-08-03/Boleto-PDF-20150722.exe,286
2591,ZyAFAjRE.exe,102,219,datacopy/BB/Files/2015-08-03/ZyAFAjRE.exe,286
2592,NF-ELETRONICA-PDF002812030.exe,102,2,datacopy/BB/Files/2014-10-24/NF-ELETRONICA-PDF002812030.exe,286
2593,2Via_Boleto_23102014.exe,102,2,datacopy/BB/Files/2014-10-24/2Via_Boleto_23102014.exe,286
2594,ReciboCVC6A049C00AF_433264241849411711168131108.exe,102,2,datacopy/BB/Files/2015-02-13/ReciboCVC6A049C00AF_433264241849411711168131108.exe,286
2595,syscprotocolo.exe,102,518,datacopy/BB/Files/2015-02-13/syscprotocolo.exe,286
2596,svhoslt.exe,102,3,datacopy/BB/Files/2015-09-14/svhoslt.exe,286
2597,INT-02920-MJF.exe,102,13,datacopy/BB/Files/2017-10-16/INT-02920-MJF.exe,286
2598,CjSQstu.exe.exe,102,3,datacopy/BB/Files/2015-09-15/CjSQstu.exe.exe,286
2599,MWmljUcglkQnQ.exe.exe,102,3,datacopy/BB/Files/2015-09-15/MWmljUcglkQnQ.exe.exe,286
2600,nfs_ver90.8223025991439733-pdf.exe,102,3,datacopy/BB/Files/2015-09-15/nfs_ver90.8223025991439733-pdf.exe,286
2601,wi.php.exe,102,3,datacopy/BB/Files/2015-09-15/wi.php.exe,286
2602,Notafiscal_03540074rnd.exe,102,3,datacopy/BB/Files/2015-03-23/Notafiscal_03540074rnd.exe,286
2603,Notafiscal_0322019.exe,102,3,datacopy/BB/Files/2015-03-23/Notafiscal_0322019.exe,286
2604,0B_DupyKcBjKmMjRneUZJTTdPcmM_e_download.exe,102,2,datacopy/BB/Files/2015-09-21/0B_DupyKcBjKmMjRneUZJTTdPcmM_e_download.exe,286
2605,WhatsAppInstall.exe,102,2,datacopy/BB/Files/2015-03-17/WhatsAppInstall.exe,286
2606,00019203940003940000291000.com,102,2,datacopy/BB/Files/2015-03-17/00019203940003940000291000.com,286
2607,Visualizar-Boleto0045502_rnd.exe,102,2,datacopy/BB/Files/2015-03-17/Visualizar-Boleto0045502_rnd.exe,286
2608,16.zip.exe,102,3,datacopy/BB/Files/2015-03-17/16.zip.exe,286
2609,Zkgcuc.exe,102,3,datacopy/BB/Files/2015-03-17/Zkgcuc.exe,286
2610,Imprimir-Vale-Presente-170800524.exe,102,2,datacopy/BB/Files/2015-11-24/Imprimir-Vale-Presente-170800524.exe,286
2611,06.zip.exe,102,3,datacopy/BB/Files/2015-03-09/06.zip.exe,286
2612,xiquepaisucxzas.exe,102,64,datacopy/BB/Files/2015-04-17/xiquepaisucxzas.exe,286
2613,rgMBVvCKdbIn.exe,102,3,datacopy/BB/Files/2015-04-17/rgMBVvCKdbIn.exe,286
2614,Boleto_contrato_3348010875829000261.PDF.exe,102,379,datacopy/BB/Files/2014-10-10/Boleto_contrato_3348010875829000261.PDF.exe,286
2615,flashplayerplugin1502020.exe,102,3,datacopy/BB/Files/2014-10-10/flashplayerplugin1502020.exe,286
2616,NOB1.exe,102,3,datacopy/BB/Files/2014-10-10/NOB1.exe,286
2617,cob_debito.exe,102,353,datacopy/BB/Files/2015-01-19/cob_debito.exe,286
2618,M4rp19N46N.exe,102,3,datacopy/BB/Files/2015-10-29/M4rp19N46N.exe,286
2619,B434.exe,102,64,datacopy/BB/Files/2015-10-29/B434.exe,286
2620,NF_94389000941.exe,102,2,datacopy/BB/Files/2015-05-27/NF_94389000941.exe,286
2621,SUyCpppTdh.exe,102,3,datacopy/BB/Files/2015-05-06/SUyCpppTdh.exe,286
2622,Planilha_de_OrÃ§amento-06-05-2015.exe,102,2,datacopy/BB/Files/2015-05-06/Planilha_de_OrÃ§amento-06-05-2015.exe,286
2623,RFANgyttnR.exe,102,3,datacopy/BB/Files/2015-05-06/RFANgyttnR.exe,286
2624,boleto_vencido_juro_multa_protesto.exe,102,3,datacopy/BB/Files/2015-05-13/boleto_vencido_juro_multa_protesto.exe,286
2625,1305.exe,102,111,datacopy/BB/Files/2015-05-13/1305.exe,286
2626,Helpermst.exe,102,111,datacopy/BB/Files/2015-05-13/Helpermst.exe,286
2627,cleosvaldo3583.exe,102,64,datacopy/BB/Files/2015-09-10/cleosvaldo3583.exe,286
2628,cltRpGqfQH.exe.exe,102,3,datacopy/BB/Files/2015-09-10/cltRpGqfQH.exe.exe,286
2629,xueyqfwsascxz.exe,102,111,datacopy/BB/Files/2015-05-12/xueyqfwsascxz.exe,286
2630,Nota-Fiscal-PDF-Sefaz_rnd.exe,102,2,datacopy/BB/Files/2014-11-21/Nota-Fiscal-PDF-Sefaz_rnd.exe,286
2631,firef.exe,102,3,datacopy/BB/Files/2014-11-21/firef.exe,286
2632,DhnhmIaZIXTedl.exe,102,3,datacopy/BB/Files/2014-11-21/DhnhmIaZIXTedl.exe,286
2633,Recibo-AlertaRef45611BR.exe,102,2,datacopy/BB/Files/2014-11-21/Recibo-AlertaRef45611BR.exe,286
2634,Imprimir-Cupom-1803.exe,102,518,datacopy/BB/Files/2015-04-07/Imprimir-Cupom-1803.exe,286
2635,Boleto__PDF.exe,102,3,datacopy/BB/Files/2015-04-02/Boleto__PDF.exe,286
2636,Notafiscal-007381104.exe,102,3,datacopy/BB/Files/2015-04-02/Notafiscal-007381104.exe,286
2637,avEFiwHey.exe,102,3,datacopy/BB/Files/2015-03-03/avEFiwHey.exe,286
2638,jeNUh.exe,102,564,datacopy/BB/Files/2015-03-03/jeNUh.exe,286
2639,UrASVamewAcYM.exe,102,268,datacopy/BB/Files/2015-03-03/UrASVamewAcYM.exe,286
2640,otEUCqnIPYG.exe,102,3,datacopy/BB/Files/2015-02-20/otEUCqnIPYG.exe,286
2641,sysvloader1files.exe,102,2,datacopy/BB/Files/2014-10-02/sysvloader1files.exe,286
2642,Nfe-Palistana_itauseguros_autoeresidencia.PDF.exe,102,2,datacopy/BB/Files/2014-12-05/Nfe-Palistana_itauseguros_autoeresidencia.PDF.exe,286
2643,0072_05553_directDownload_true.exe,102,2,datacopy/BB/Files/2014-09-16/0072_05553_directDownload_true.exe,286
2644,cleosvaldo6869.exe,102,64,datacopy/BB/Files/2015-07-09/cleosvaldo6869.exe,286
2645,acordo-2via-fatura.exe,102,3,datacopy/BB/Files/2015-05-21/acordo-2via-fatura.exe,286
2646,iObnGIo.exe,102,219,datacopy/BB/Files/2015-05-21/iObnGIo.exe,286
2647,cleosvaldo6190.exe,102,64,datacopy/BB/Files/2015-06-30/cleosvaldo6190.exe,286
2648,abcww.exe,102,477,datacopy/BB/Files/2015-05-19/abcww.exe,286
2649,Nf-e.N20112216000065037871.exe,102,2,datacopy/BB/Files/2014-12-18/Nf-e.N20112216000065037871.exe,286
2650,Limg_top.jpg.exe,102,3,datacopy/BB/Files/2014-11-20/Limg_top.jpg.exe,286
2651,Visualizar_Debito_ReceitaFederal.com,102,592,datacopy/BB/Files/2014-09-10/Visualizar_Debito_ReceitaFederal.com,286
2652,Notafiscal-00723301_rnd.exe,102,2,datacopy/BB/Files/2015-03-24/Notafiscal-00723301_rnd.exe,286
2653,Notafiscal-00743301_rnd.exe,102,3,datacopy/BB/Files/2015-03-24/Notafiscal-00743301_rnd.exe,286
2654,NF-Eletronica-0018207704.exe,102,2,datacopy/BB/Files/2014-10-09/NF-Eletronica-0018207704.exe,286
2655,JXPCwSWkTrZLWq.exe.exe,102,3,datacopy/BB/Files/2015-09-18/JXPCwSWkTrZLWq.exe.exe,286
2656,encomenda.txt.exe,102,3,datacopy/BB/Files/2015-03-31/encomenda.txt.exe,286
2657,Yqtrx.exe,102,3,datacopy/BB/Files/2015-03-31/Yqtrx.exe,286
2658,cHmUQheJo.exe,102,3,datacopy/BB/Files/2015-05-15/cHmUQheJo.exe,286
2659,xdLnxBtDUD.exe,102,3,datacopy/BB/Files/2015-05-15/xdLnxBtDUD.exe,286
2660,aPDORH.exe,102,3,datacopy/BB/Files/2015-05-15/aPDORH.exe,286
2661,divhZTO.exe.exe,102,3,datacopy/BB/Files/2015-09-01/divhZTO.exe.exe,286
2662,Comprovante-PDF119487294_.exe,102,2,datacopy/BB/Files/2015-10-22/Comprovante-PDF119487294_.exe,286
2663,_ynUFzs688x2Stxi1Oj5G.exe,102,256,datacopy/BB/Files/2015-10-22/_ynUFzs688x2Stxi1Oj5G.exe,286
2664,TtoYpxixmboE.exe,102,3,datacopy/BB/Files/2014-11-18/TtoYpxixmboE.exe,286
2665,LKQcyPYFjfr.exe,102,3,datacopy/BB/Files/2014-11-18/LKQcyPYFjfr.exe,286
2666,kfTyG.exe,102,3,datacopy/BB/Files/2014-11-18/kfTyG.exe,286
2667,WLzHHOQpIJUfIG.exe,102,3,datacopy/BB/Files/2014-11-18/WLzHHOQpIJUfIG.exe,286
2668,TCfDWWDbzn.exe,102,3,datacopy/BB/Files/2014-11-18/TCfDWWDbzn.exe,286
2669,DSC0036267.JPG_JPG.exe,102,2,datacopy/BB/Files/2014-11-18/DSC0036267.JPG_JPG.exe,286
2670,NotaFiscal_13533.exe,102,2,datacopy/BB/Files/2014-11-24/NotaFiscal_13533.exe,286
2671,PROTESTO019838192839282UUHAHHUAUHHUHAHAHAUHAHAH.exe,102,2,datacopy/BB/Files/2014-11-24/PROTESTO019838192839282UUHAHHUAUHHUHAHAHAUHAHAH.exe,286
2672,Documento_Para_ImpressÃ£o.pdf.exe,102,2,datacopy/BB/Files/2014-11-24/Documento_Para_ImpressÃ£o.pdf.exe,286
2673,PROTESTO019838192839282UHAHUHUAHUAHAH.exe,102,2,datacopy/BB/Files/2014-11-24/PROTESTO019838192839282UHAHUHUAHUAHAH.exe,286
2674,YcEbUDbDLSQU.exe,102,3,datacopy/BB/Files/2014-11-24/YcEbUDbDLSQU.exe,286
2675,mNZAsRyQKXF.exe,102,3,datacopy/BB/Files/2014-11-24/mNZAsRyQKXF.exe,286
2676,NotaFiscal-0072381980_.exe,102,2,datacopy/BB/Files/2014-11-24/NotaFiscal-0072381980_.exe,286
2677,YPmE.exe,102,2,datacopy/BB/Files/2014-09-29/YPmE.exe,286
2678,cleosvaldo3294.exe,102,64,datacopy/BB/Files/2015-08-13/cleosvaldo3294.exe,286
2679,fAsOS.exe.exe,102,3,datacopy/BB/Files/2015-08-24/fAsOS.exe.exe,286
2680,ibmmaster.exe,102,2,datacopy/BB/Files/2015-02-10/ibmmaster.exe,286
2681,1869_26804_directDownload_true.exe,102,2,datacopy/BB/Files/2014-08-27/1869_26804_directDownload_true.exe,286
2682,AJpyIg.exe,102,3,datacopy/BB/Files/2015-06-02/AJpyIg.exe,286
2683,GlGdjhUJft.exe,102,3,datacopy/BB/Files/2015-06-02/GlGdjhUJft.exe,286
2684,Foxit.exe,102,3,datacopy/BB/Files/2015-05-29/Foxit.exe,286
2685,gyn.exe,102,3,datacopy/BB/Files/2017-02-09/gyn.exe,286
2686,duplicata_6002842.pdf.exe,102,3,datacopy/BB/Files/2015-06-03/duplicata_6002842.pdf.exe,286
2687,cleosvaldo4883.exe,102,3,datacopy/BB/Files/2015-06-03/cleosvaldo4883.exe,286
2688,"tvb0,7668835.exe",102,3,"datacopy/BB/Files/2015-09-23/tvb0,7668835.exe",286
2689,"bfsvc0,1962048.exe",102,3,"datacopy/BB/Files/2015-09-23/bfsvc0,1962048.exe",286
2690,"y_0,9341961.exe",102,3,"datacopy/BB/Files/2015-09-22/y_0,9341961.exe",286
2691,yeah.exe,102,3,datacopy/BB/Files/2015-09-22/yeah.exe,286
2692,liveservice.exe,102,3,datacopy/BB/Files/2015-03-18/liveservice.exe,286
2693,Assine-AQUI.exe,102,2,datacopy/BB/Files/2015-03-18/Assine-AQUI.exe,286
2694,INTIMACAO-MPFSCRRHUHUAHUUHAUHHUAHHAHUAUHAHUHU.exe,102,2,datacopy/BB/Files/2015-03-18/INTIMACAO-MPFSCRRHUHUAHUUHAUHHUAHHAHUAUHAHUHU.exe,286
2695,xiquepaisucxzasx.exe,102,3,datacopy/BB/Files/2015-03-19/xiquepaisucxzasx.exe,286
2696,ComprovanteExtorno16032015.exe,102,2,datacopy/BB/Files/2015-03-19/ComprovanteExtorno16032015.exe,286
2697,PDF-NF-20-outubro-2015.exe,102,3,datacopy/BB/Files/2015-10-21/PDF-NF-20-outubro-2015.exe,286
2698,Boleto-PDF-20150723.exe,102,3,datacopy/BB/Files/2015-07-24/Boleto-PDF-20150723.exe,286
2699,ODuxl.exe,102,3,datacopy/BB/Files/2015-07-24/ODuxl.exe,286
2700,ConversaBate-Papo-Facebook.jpg_..exe,102,2,datacopy/BB/Files/2014-12-16/ConversaBate-Papo-Facebook.jpg_..exe,286
2701,comentariodevoz.exe.exe,102,2,datacopy/BB/Files/2014-12-19/comentariodevoz.exe.exe,286
2702,kkjvL.exe,102,3,datacopy/BB/Files/2014-12-16/kkjvL.exe,286
2703,000320976588215001000052842100029338-ProcNfe.exe,102,2,datacopy/BB/Files/2014-12-16/000320976588215001000052842100029338-ProcNfe.exe,286
2704,INTIMACAOMPFSCRJIOKAKJISJIAJAJJAJJJAIJIS.exe,102,2,datacopy/BB/Files/2014-12-16/INTIMACAOMPFSCRJIOKAKJISJIAJAJJAJJJAIJIS.exe,286
2705,Planilha_Orcamental_Clientes-07895475814.exe,102,113,datacopy/BB/Files/2015-05-11/Planilha_Orcamental_Clientes-07895475814.exe,286
2706,Vale-Cupom-CacauShow-0077371895.exe,102,518,datacopy/BB/Files/2015-05-05/Vale-Cupom-CacauShow-0077371895.exe,286
2707,pSUtRIWxqWJwaT.exe,102,3,datacopy/BB/Files/2015-05-05/pSUtRIWxqWJwaT.exe,286
2708,QmUYVsWJOtNqaL.exe,102,3,datacopy/BB/Files/2014-11-05/QmUYVsWJOtNqaL.exe,286
2709,Comprovante-Deposito-11032014.com,102,2,datacopy/BB/Files/2014-11-05/Comprovante-Deposito-11032014.com,286
2710,nvscsc.exe,102,3,datacopy/BB/Files/2014-11-05/nvscsc.exe,286
2711,Nota-Fisca_00831278Rnd.exe,102,2,datacopy/BB/Files/2014-11-05/Nota-Fisca_00831278Rnd.exe,286
2712,IMG-20141104-WA0111.exe,102,2,datacopy/BB/Files/2014-11-05/IMG-20141104-WA0111.exe,286
2713,Visualizar-Boleto00387123901.exe,102,518,datacopy/BB/Files/2015-04-15/Visualizar-Boleto00387123901.exe,286
2714,ghzQWUJPROvAA.exe,102,3,datacopy/BB/Files/2015-04-15/ghzQWUJPROvAA.exe,286
2715,wLAPTnXHeIEu.exe,102,3,datacopy/BB/Files/2015-04-15/wLAPTnXHeIEu.exe,286
2716,tabs_left.gif.exe,102,3,datacopy/BB/Files/2014-11-27/tabs_left.gif.exe,286
2717,xuqyecaxc.exe,102,3,datacopy/BB/Files/2014-11-27/xuqyecaxc.exe,286
2718,Orcamento-Planilha.exe,102,2,datacopy/BB/Files/2014-09-01/Orcamento-Planilha.exe,286
2719,WINNTK.exe,102,64,datacopy/BB/Files/2015-06-23/WINNTK.exe,286
2720,cleosvaldo5417.exe,102,64,datacopy/BB/Files/2015-06-23/cleosvaldo5417.exe,286
2721,dream.exe,102,2,datacopy/BB/Files/2015-01-16/dream.exe,286
2722,XCtkNtNlvaZDV.exe.exe,102,3,datacopy/BB/Files/2015-09-04/XCtkNtNlvaZDV.exe.exe,286
2723,cleosvaldo6246.exe,102,64,datacopy/BB/Files/2015-09-04/cleosvaldo6246.exe,286
2724,Comprovante-N0093120391.exe,102,2,datacopy/BB/Files/2015-10-19/Comprovante-N0093120391.exe,286
2725,_whTN0eB7V11I56cI07Z6.exe,102,3,datacopy/BB/Files/2015-10-19/_whTN0eB7V11I56cI07Z6.exe,286
2726,hAfIc.exe,102,3,datacopy/BB/Files/2015-04-29/hAfIc.exe,286
2727,MZKwgPrnalxX.exe.exe,102,3,datacopy/BB/Files/2015-08-19/MZKwgPrnalxX.exe.exe,286
2728,1734_66517_directDownload_true.exe,102,2,datacopy/BB/Files/2014-09-11/1734_66517_directDownload_true.exe,286
2729,qSYpfVvsc.exe,102,3,datacopy/BB/Files/2014-09-11/qSYpfVvsc.exe,286
2730,euPcboD.exe,102,3,datacopy/BB/Files/2014-09-11/euPcboD.exe,286
2731,NF-ELETRONICA-PDF03912030.exe,102,2,datacopy/BB/Files/2014-10-21/NF-ELETRONICA-PDF03912030.exe,286
2732,ReciboTAM1AA039B701_488125290.exe,102,2,datacopy/BB/Files/2015-02-04/ReciboTAM1AA039B701_488125290.exe,286
2733,Â°Planilha_OrÃ§amento.PDF.exe,102,219,datacopy/BB/Files/2015-07-30/Â°Planilha_OrÃ§amento.PDF.exe,286
2734,cleosvaldo1963.exe,102,64,datacopy/BB/Files/2015-07-30/cleosvaldo1963.exe,286
2735,HexEN.exe,102,3,datacopy/BB/Files/2015-07-30/HexEN.exe,286
2736,0B_Pfw26UXvkgMDlfYTBIb2czcFU.exe,102,2,datacopy/BB/Files/2014-12-01/0B_Pfw26UXvkgMDlfYTBIb2czcFU.exe,286
2737,ZhmtRPH.exe,102,3,datacopy/BB/Files/2015-07-06/ZhmtRPH.exe,286
2738,boleto-010923-0123-0123123.xls.exe,102,3,datacopy/BB/Files/2015-07-06/boleto-010923-0123-0123123.xls.exe,286
2739,cleosvaldo4047.exe,102,64,datacopy/BB/Files/2015-07-06/cleosvaldo4047.exe,286
2740,NF_e-64784637.exe,102,2,datacopy/BB/Files/2014-10-17/NF_e-64784637.exe,286
2741,VoiceMessenger.exe,102,2,datacopy/BB/Files/2014-12-03/VoiceMessenger.exe,286
2742,Visualizar_Fotos.PNG.exe,102,2,datacopy/BB/Files/2014-12-03/Visualizar_Fotos.PNG.exe,286
2743,Rtop_up.jpg.exe,102,3,datacopy/BB/Files/2014-12-03/Rtop_up.jpg.exe,286
2744,INTIMACAO-MPFSCRGAGRTUIOSJDNSOAHDMLOSJPJS.exe,102,2,datacopy/BB/Files/2014-12-03/INTIMACAO-MPFSCRGAGRTUIOSJDNSOAHDMLOSJPJS.exe,286
2745,aprendiz.jmp.exe,102,3,datacopy/BB/Files/2014-12-11/aprendiz.jmp.exe,286
2746,lqsfwCPGwxddf.exe,102,3,datacopy/BB/Files/2014-12-11/lqsfwCPGwxddf.exe,286
2747,baSfrJZcacSh.exe,102,3,datacopy/BB/Files/2015-06-10/baSfrJZcacSh.exe,286
2748,ScrollsSkyrim.exe,102,64,datacopy/BB/Files/2015-04-27/ScrollsSkyrim.exe,286
2749,01-333130133745743-NF-e-Emitida.PDF.html.exe,102,3,datacopy/BB/Files/2015-06-17/01-333130133745743-NF-e-Emitida.PDF.html.exe,286
2750,b50fd9388b21e8d14d055cb022f154a4b60e42fdc1cd7c9437fb812b1e9619bf,102,477,datacopy/Stefano/b50fd9388b21e8d14d055cb022f154a4b60e42fdc1cd7c9437fb812b1e9619bf,286
2751,b77d02d95f1ffd3b52ea4cd31bd14b9b37012a61e98554e5c8d79aa30d5cef4b,102,3,datacopy/Stefano/b77d02d95f1ffd3b52ea4cd31bd14b9b37012a61e98554e5c8d79aa30d5cef4b,286
2752,9ce074e3e0e68b048f4b64f62db5157aff634971.bin,104,124,datacopy/UCSB.JP/data_feed.geo_japan_6m_public_flag/9/c/e/9ce074e3e0e68b048f4b64f62db5157aff634971.bin,69
2753,58d7cc262763c5f8570fbb8a6e80d99ca7736f39.bin,104,2105,datacopy/UCSB.JP/data_feed.geo_japan_6m_public_flag/5/8/d/58d7cc262763c5f8570fbb8a6e80d99ca7736f39.bin,69
2754,50b0be4f0898c6bead9debba1be86f69d147ef6a.bin,104,3,datacopy/UCSB.JP/data_feed.geo_japan_6m_public_flag/5/0/b/50b0be4f0898c6bead9debba1be86f69d147ef6a.bin,69
2755,f7d74bf581f731e816a3300729002aa40c612403.bin,104,3,datacopy/UCSB.JP/data_feed.geo_japan_6m_public_flag/f/7/d/f7d74bf581f731e816a3300729002aa40c612403.bin,69
2756,c74042a890cc69a0e57f4cace95b63f13f212e3e.bin,104,124,datacopy/UCSB.JP/data_feed.geo_japan_6m_public_flag/c/7/4/c74042a890cc69a0e57f4cace95b63f13f212e3e.bin,69
2757,0e3fdf62567a78e940e2fc733ab7b18b62526551.bin,104,124,datacopy/UCSB.JP/data_feed.geo_japan_6m_public_flag/0/e/3/0e3fdf62567a78e940e2fc733ab7b18b62526551.bin,69
2758,769fd63aedd6eb0686501f039f8e68a839c0a612.bin,104,2161,datacopy/UCSB.JP/data_feed.geo_japan_6m_public_flag/7/6/9/769fd63aedd6eb0686501f039f8e68a839c0a612.bin,69
2759,161b7bb8dc7e1f7355d18bf48a77989b41df49d2.bin,104,80,datacopy/UCSB/161b7bb8dc7e1f7355d18bf48a77989b41df49d2.bin,69
2760,f63fd755c825f7a7414a7881ce935f93eaf52e8e.bin,104,1582,datacopy/UCSB/f63fd755c825f7a7414a7881ce935f93eaf52e8e.bin,69
2761,9d161ee8c348561128b36cbade13d5e3577bf509.bin,104,1582,datacopy/UCSB/9d161ee8c348561128b36cbade13d5e3577bf509.bin,69
2762,91e13c1420793261b9613235715d6f59ef823a97.bin,104,1635,datacopy/UCSB/91e13c1420793261b9613235715d6f59ef823a97.bin,69
2763,548df7429e4f3e0e5eec027343a5d130d1bcc677.bin,104,1699,datacopy/UCSB/548df7429e4f3e0e5eec027343a5d130d1bcc677.bin,69
2764,6bf2bb63b039ce822351c153f8f3b846cba87f6c.bin,104,1582,datacopy/UCSB/6bf2bb63b039ce822351c153f8f3b846cba87f6c.bin,69
2765,363a9aac2ffc415a056a50a109789e88e3f5a73d.bin,104,1740,datacopy/UCSB/363a9aac2ffc415a056a50a109789e88e3f5a73d.bin,69
2766,f8a45896338d826ff851373b1643e3f02d1573f8.bin,104,1582,datacopy/UCSB/f8a45896338d826ff851373b1643e3f02d1573f8.bin,69
2767,aa6833d8e972fcbd911f5d1d5507ca0a80b2440b.bin,104,1582,datacopy/UCSB/aa6833d8e972fcbd911f5d1d5507ca0a80b2440b.bin,69
2768,36d3df37669a3cf54d3aa674510a933e33d5ab24.bin,104,1582,datacopy/UCSB/36d3df37669a3cf54d3aa674510a933e33d5ab24.bin,69
2769,8f2063c349cbf175f83ce3a313abf4369e71294b.bin,104,304,datacopy/UCSB/8f2063c349cbf175f83ce3a313abf4369e71294b.bin,69
2770,f05a55711bd229bdff757ec6723515f1da0ee0f8.bin,104,1582,datacopy/UCSB/f05a55711bd229bdff757ec6723515f1da0ee0f8.bin,69
2771,c6c13c8c354b99f3e0846f3076c61c8cc0fa3598.bin,104,1582,datacopy/UCSB/c6c13c8c354b99f3e0846f3076c61c8cc0fa3598.bin,69
2772,aa0f5cc1e5d692a4da852701552773d04d4c065c.bin,104,124,datacopy/UCSB/aa0f5cc1e5d692a4da852701552773d04d4c065c.bin,69
2773,fc161e8dfcf1256562bcbc6a6ff6fd9647ff8ded.bin,104,938,datacopy/UCSB/fc161e8dfcf1256562bcbc6a6ff6fd9647ff8ded.bin,69
2774,d1217261785bd95d7e2f138f646fb67e71dab5e7.bin,104,3,datacopy/UCSB/d1217261785bd95d7e2f138f646fb67e71dab5e7.bin,69
2775,b4c2f70818618712aa40c3f8cc245ac00cc0e59b.bin,104,1740,datacopy/UCSB/b4c2f70818618712aa40c3f8cc245ac00cc0e59b.bin,69
2776,e89ba284581199b9584dbfc152a72e01d53b5996.bin,104,1582,datacopy/UCSB/e89ba284581199b9584dbfc152a72e01d53b5996.bin,69
2777,de8bf0435de80818ee44b30b5ca0353040c43ed3.bin,104,3,datacopy/UCSB/de8bf0435de80818ee44b30b5ca0353040c43ed3.bin,69
2778,3bb0be2fc7a8205d89dfd6a8ce6871ff021ba420.bin,104,1939,datacopy/UCSB/3bb0be2fc7a8205d89dfd6a8ce6871ff021ba420.bin,69
2779,d87331f3f8cd63607390cf92df3c28c468c4b4eb.bin,104,3,datacopy/UCSB/d87331f3f8cd63607390cf92df3c28c468c4b4eb.bin,69
2780,c3bed3f12e2a422501e3e46ac176a4b214b1f991.bin,104,1740,datacopy/UCSB/c3bed3f12e2a422501e3e46ac176a4b214b1f991.bin,69
2781,18340dff21448267b42e9c7685432d85b481b28c.bin,104,16,datacopy/UCSB/18340dff21448267b42e9c7685432d85b481b28c.bin,69
2782,limpo.exe,104,3,datacopy/BB/Files/2013-04-08/limpo.exe,69
2783,NF-e-0049375.exe,104,250,datacopy/BB/Files/2014-01-15/NF-e-0049375.exe,69
2784,FlashPlayer_x86.1.0.2.exe,104,64,datacopy/BB/Files/2013-09-23/FlashPlayer_x86.1.0.2.exe,69
2785,Curriculo.docx.exe,104,92,datacopy/BB/Files/2015-06-25/Curriculo.docx.exe,69
2786,G_NUDE_1241251235125123123.exe,104,294,datacopy/BB/Files/2012-07-02/G_NUDE_1241251235125123123.exe,69
2787,xD1LJiA3TGVKxGJEDTMBQkIpA_dl_1.exe,104,306,datacopy/BB/Files/2013-03-22/xD1LJiA3TGVKxGJEDTMBQkIpA_dl_1.exe,69
2788,Submarino-NF.exe,104,2,datacopy/BB/Files/2013-12-13/Submarino-NF.exe,69
2789,IMG00540500087889600.exe,104,3,datacopy/BB/Files/2013-08-19/IMG00540500087889600.exe,69
2790,avcheck2.exe,104,3,datacopy/BB/Files/2013-11-14/avcheck2.exe,69
2791,dados_orcamento.exe,104,118,datacopy/BB/Files/2015-06-16/dados_orcamento.exe,69
2792,Comprovante7865875.pdf.exe,104,3,datacopy/BB/Files/2015-04-14/Comprovante7865875.pdf.exe,69
2793,Copia_Comprovante_PDF.exe,104,3,datacopy/BB/Files/2014-03-19/Copia_Comprovante_PDF.exe,69
2794,svcchan.exe,104,3,datacopy/BB/Files/2012-07-04/svcchan.exe,69
2795,a_00201316.exe_download_psid_1.exe,104,64,datacopy/BB/Files/2013-09-18/a_00201316.exe_download_psid_1.exe,69
2796,Comprovante_Deposito_49592.exe,104,426,datacopy/BB/Files/2013-05-15/Comprovante_Deposito_49592.exe,69
2797,020_655487_directDownload_true.exe,104,3,datacopy/BB/Files/2013-09-16/020_655487_directDownload_true.exe,69
2798,Comprovante_28052013.com,104,3,datacopy/BB/Files/2013-05-31/Comprovante_28052013.com,69
2799,tERmAufF7POTFZ7ejybyC2pVw_dl_1.exe,104,3,datacopy/BB/Files/2013-05-07/tERmAufF7POTFZ7ejybyC2pVw_dl_1.exe,69
2800,Serasa_Pendencias.exe_dl_1.exe,104,3,datacopy/BB/Files/2013-04-02/Serasa_Pendencias.exe_dl_1.exe,69
2801,AHdxDi.exe,104,3,datacopy/BB/Files/2015-11-24/AHdxDi.exe,69
2802,pendencia102941.com,104,3,datacopy/BB/Files/2013-05-10/pendencia102941.com,69
2803,0BFQSZoo5YL3FdzFw1FhyJgfw_dl_1.exe,104,3,datacopy/BB/Files/2013-05-10/0BFQSZoo5YL3FdzFw1FhyJgfw_dl_1.exe,69
2804,CTIonline_102013.exe,104,64,datacopy/BB/Files/2013-10-17/CTIonline_102013.exe,69
2805,motivo22.exe,104,3,datacopy/BB/Files/2015-12-15/motivo22.exe,69
2806,Youtube_2013_filmagem.exe,104,2,datacopy/BB/Files/2013-04-15/Youtube_2013_filmagem.exe,69
2807,osmax.exe,104,3,datacopy/BB/Files/2014-08-14/osmax.exe,69
2808,ZFwWSJ35QCY4PcA7UMUesQCvw_dl_1.exe,104,30,datacopy/BB/Files/2013-05-08/ZFwWSJ35QCY4PcA7UMUesQCvw_dl_1.exe,69
2809,pwsys32.exe,104,3,datacopy/BB/Files/2013-11-18/pwsys32.exe,69
2810,cade.exe,104,161,datacopy/BB/Files/2015-10-21/cade.exe,69
2811,Visualizar_SerasaOnline102151.exe,104,212,datacopy/BB/Files/2013-12-09/Visualizar_SerasaOnline102151.exe,69
2812,java_update_5.1.43.exe,104,3,datacopy/BB/Files/2013-05-03/java_update_5.1.43.exe,69
2813,3_06641145_directDownload_true.exe,104,250,datacopy/BB/Files/2013-12-23/3_06641145_directDownload_true.exe,69
2814,1020_91027_directDownload_true.exe,104,3,datacopy/BB/Files/2013-08-30/1020_91027_directDownload_true.exe,69
2815,visualizar_boleto.php.exe,104,3,datacopy/BB/Files/2013-04-01/visualizar_boleto.php.exe,69
2816,3900.4719.780.exe,104,715,datacopy/BB/Files/2013-09-25/3900.4719.780.exe,69
2817,94d401682818c9df90c653fb51912c382c73727f.bin,105,1183,datacopy/UCSB.JP/data_feed.geo_japan_6m_public_flag/9/4/d/94d401682818c9df90c653fb51912c382c73727f.bin,2
2818,4ea163a8e2ccc842013a1e981ee49035e5a99e52e6065dee3169af36596a7993,105,1183,datacopy/Stefano/4ea163a8e2ccc842013a1e981ee49035e5a99e52e6065dee3169af36596a7993,2
2819,0aa1d76b5796122915e8acaa06a8b982c5c5e05a0d1f27691e5f88f6fd50764e,105,1183,datacopy/Stefano/0aa1d76b5796122915e8acaa06a8b982c5c5e05a0d1f27691e5f88f6fd50764e,2
2820,0ec6eb99b294ed973590d0f143d3b79da42d826375026e39e117b2e6937f67ef,105,1183,datacopy/Stefano/0ec6eb99b294ed973590d0f143d3b79da42d826375026e39e117b2e6937f67ef,2
2821,c4a59ab918d32d6892db2239f9f64c0e01c171d6b2da90eaedb54b807944263d,105,1183,datacopy/Stefano/c4a59ab918d32d6892db2239f9f64c0e01c171d6b2da90eaedb54b807944263d,2
2822,239bf9c6ea35ab3df07b6dafbdfa6db69343de87b02774db7ff618ecb83864b0,105,1183,datacopy/Stefano/239bf9c6ea35ab3df07b6dafbdfa6db69343de87b02774db7ff618ecb83864b0,2
2823,3a25971abfad83f7daf3af5c73a1f1bfd97153f4ea889af774c233bdfad5cf81,105,1183,datacopy/Stefano/3a25971abfad83f7daf3af5c73a1f1bfd97153f4ea889af774c233bdfad5cf81,2
2824,be2849874eca791217bae2b96b52bdfc7d3774e4ea8afdd9036b11c02073df90,105,1183,datacopy/Stefano/be2849874eca791217bae2b96b52bdfc7d3774e4ea8afdd9036b11c02073df90,2
2825,b12aabe48d81015707e91a96d3d937c295f9871fda63fc590f408cace0003001,105,1183,datacopy/Stefano/b12aabe48d81015707e91a96d3d937c295f9871fda63fc590f408cace0003001,2
2826,ff0a6e2ea703530547aa9eb3d378d46991e96f5d63ca8494459f92218d22b089,105,1183,datacopy/Stefano/ff0a6e2ea703530547aa9eb3d378d46991e96f5d63ca8494459f92218d22b089,2
2827,963bea128c2b108f66897433ac2057c1633ff447.bin,106,137,datacopy/UCSB.JP/data_feed.geo_japan_6m_public_flag/9/6/3/963bea128c2b108f66897433ac2057c1633ff447.bin,1
2828,5fc41e1775bb81e3d11b6a0e93d385bcef3897c7.bin,106,137,datacopy/UCSB.JP/data_feed.geo_japan_6m_public_flag/5/f/c/5fc41e1775bb81e3d11b6a0e93d385bcef3897c7.bin,1
2829,25fa514fb6797a8b08b17479b48424e58c776097.bin,108,203,datacopy/UCSB.JP/data_feed.geo_japan_6m_public_flag/2/5/f/25fa514fb6797a8b08b17479b48424e58c776097.bin,1
2830,d19d084988be843f606883e92b10ded4ac81f676.bin,108,203,datacopy/UCSB.JP/data_feed.geo_japan_6m_public_flag/d/1/9/d19d084988be843f606883e92b10ded4ac81f676.bin,1
2831,d775523db1b0d05ba4a1727dd55b4ea9c5a5fc84.bin,108,203,datacopy/UCSB.JP/data_feed.geo_japan_6m_public_flag/d/7/7/d775523db1b0d05ba4a1727dd55b4ea9c5a5fc84.bin,1
2832,222c7e60e0403664fde5178ff64dcba094689b64.bin,110,1508,datacopy/UCSB.JP/data_feed.geo_japan_6m_public_flag/2/2/2/222c7e60e0403664fde5178ff64dcba094689b64.bin,11
2833,c85dd7e1c9c3e4e8c07d95f62f8b5210b26fe9cc.bin,110,1508,datacopy/UCSB.JP/data_feed.geo_japan_6m_public_flag/c/8/5/c85dd7e1c9c3e4e8c07d95f62f8b5210b26fe9cc.bin,11
2834,c10d7cfb54c755a047fae63a118fb9fed18fd5e7.bin,110,1508,datacopy/UCSB.JP/data_feed.geo_japan_6m_public_flag/c/1/0/c10d7cfb54c755a047fae63a118fb9fed18fd5e7.bin,11
2835,7300022a06d418f4f97ace81bebc1a06acafadc1.bin,110,124,datacopy/UCSB/7300022a06d418f4f97ace81bebc1a06acafadc1.bin,11
2836,7d98251e7f6f42ed572fdc3e10c1af8ec297241a.bin,110,3,datacopy/UCSB/7d98251e7f6f42ed572fdc3e10c1af8ec297241a.bin,11
2837,d9ac6f3b27c94c0d166429813fbbc66bda1acd3e.bin,110,3,datacopy/UCSB/d9ac6f3b27c94c0d166429813fbbc66bda1acd3e.bin,11
2838,0dcf532d4987c8f976e919f492bf14d771106fd0.codex,110,875,datacopy/CodexGiga/0dcf532d4987c8f976e919f492bf14d771106fd0.codex,11
2839,d0d69b0783a5905bc1d7c9ed1e1996179ce009a7.codex,110,3,datacopy/CodexGiga/d0d69b0783a5905bc1d7c9ed1e1996179ce009a7.codex,11
2840,153CFB27.exe,110,3,datacopy/BB/Files/2013-11-13/153CFB27.exe,11
2841,wimplayer.exe,110,3,datacopy/BB/Files/2014-03-20/wimplayer.exe,11
2842,Comprovante-A.G.U7834933.exe,110,2,datacopy/BB/Files/2013-08-20/Comprovante-A.G.U7834933.exe,11
2843,thc6.2.exe,110,3,datacopy/BB/Files/2014-10-30/thc6.2.exe,11
2844,Sis.exe,110,3,datacopy/BB/Files/2014-10-30/Sis.exe,11
2845,xzre2alv.exe,110,3,datacopy/BB/Files/2015-08-12/xzre2alv.exe,11
2846,174.exe,110,3,datacopy/BB/Files/2015-01-12/174.exe,11
2847,Documento.dpf.exe,110,2,datacopy/BB/Files/2013-10-03/Documento.dpf.exe,11
2848,b2yxKAyxVL.exe,110,3,datacopy/BB/Files/2015-07-27/b2yxKAyxVL.exe,11
2849,C54785943.exe,110,143,datacopy/BB/Files/2013-02-18/C54785943.exe,11
2850,870.exe,110,3,datacopy/BB/Files/2014-08-29/870.exe,11
2851,7cf11a13.exe,110,27,datacopy/BB/Files/2014-08-29/7cf11a13.exe,11
2852,prime.exe,110,206,datacopy/BB/Files/2015-07-01/prime.exe,11
2853,rdu.exe,110,216,datacopy/BB/Files/2014-11-10/rdu.exe,11
2854,dgBLs.exe,110,217,datacopy/BB/Files/2014-11-10/dgBLs.exe,11
2855,convadobe.exe,110,3,datacopy/BB/Files/2014-05-20/convadobe.exe,11
2856,Consulta-9456.exe,110,143,datacopy/BB/Files/2013-02-15/Consulta-9456.exe,11
2857,P6TOcUUVYDPe.exe,110,27,datacopy/BB/Files/2015-01-06/P6TOcUUVYDPe.exe,11
2858,tSRzD.exe,110,27,datacopy/BB/Files/2015-01-05/tSRzD.exe,11
2859,SBH82qTuf9Ao.exe,110,27,datacopy/BB/Files/2015-01-08/SBH82qTuf9Ao.exe,11
2860,aew4e56t7y.exe,110,3,datacopy/BB/Files/2015-05-14/aew4e56t7y.exe,11
2861,bwertyugtre54.exe,110,3,datacopy/BB/Files/2015-05-14/bwertyugtre54.exe,11
2862,Documentos_online.exe,110,3,datacopy/BB/Files/2013-11-11/Documentos_online.exe,11
2863,audiologs.exe,110,206,datacopy/BB/Files/2015-06-11/audiologs.exe,11
2864,IMG083834zip.txt.exe,110,3,datacopy/BB/Files/2013-12-13/IMG083834zip.txt.exe,11
2865,SegueAnexoaNotaFiscalEletronicareferenteaoServico.exe,110,2,datacopy/BB/Files/2013-07-25/SegueAnexoaNotaFiscalEletronicareferenteaoServico.exe,11
2866,4854953601_file_SegundaVia.exe,110,2,datacopy/BB/Files/2014-08-06/4854953601_file_SegundaVia.exe,11
2867,adxr5tty7.exe,110,3,datacopy/BB/Files/2015-05-26/adxr5tty7.exe,11
2868,62b597d.exe,110,27,datacopy/BB/Files/2014-08-25/62b597d.exe,11
2869,Documentos_online.exe.exe,110,3,datacopy/BB/Files/2013-11-06/Documentos_online.exe.exe,11
2870,_724156160_directDownload_true.exe,110,379,datacopy/BB/Files/2014-09-22/_724156160_directDownload_true.exe,11
2871,pdfBD.exe,110,3,datacopy/BB/Files/2013-08-15/pdfBD.exe,11
2872,swde54r65t7y7u.exe,110,3,datacopy/BB/Files/2015-01-30/swde54r65t7y7u.exe,11
2873,E23R45T45.exe,110,3,datacopy/BB/Files/2014-10-23/E23R45T45.exe,11
2874,HzFiJPdoSw.exe,110,206,datacopy/BB/Files/2015-06-24/HzFiJPdoSw.exe,11
2875,awe4rt5ty.exe,110,206,datacopy/BB/Files/2015-05-25/awe4rt5ty.exe,11
2876,65e46617.exe,110,27,datacopy/BB/Files/2014-05-26/65e46617.exe,11
2877,b456ugfdg.exe,110,206,datacopy/BB/Files/2015-05-20/b456ugfdg.exe,11
2878,Comprovante_Estorno.exe,110,3,datacopy/BB/Files/2015-08-06/Comprovante_Estorno.exe,11
2879,4854953601_file_SegundaVia.exe,110,2,datacopy/BB/Files/2014-08-06/4854953601_file_SegundaVia.exe,11
2880,102-4378.exe,110,143,datacopy/BB/Files/2013-02-22/102-4378.exe,11
2881,002729.exe,110,143,datacopy/BB/Files/2013-02-22/002729.exe,11
2882,4854953601_file_SegundaVia.exe,110,2,datacopy/BB/Files/2014-08-06/4854953601_file_SegundaVia.exe,11
2883,i4ln6wKslQ.exe,110,206,datacopy/BB/Files/2015-06-30/i4ln6wKslQ.exe,11
2884,bsertyu.exe,110,3,datacopy/BB/Files/2015-06-29/bsertyu.exe,11
2885,winplayer.exe,110,3,datacopy/BB/Files/2014-02-12/winplayer.exe,11
2886,ulinG1ObNT1.exe,110,27,datacopy/BB/Files/2014-11-24/ulinG1ObNT1.exe,11
2887,DANFE-64570133550990000025021000025027-15.09.2014.0505300038.exe.exe,110,312,datacopy/BB/Files/2014-10-06/DANFE-64570133550990000025021000025027-15.09.2014.0505300038.exe.exe,11
2888,8738832.exe,110,143,datacopy/BB/Files/2013-02-21/8738832.exe,11
2889,bser5t6y7.exe,110,206,datacopy/BB/Files/2015-05-29/bser5t6y7.exe,11
2890,Sound_Document.dpf.exe,110,3,datacopy/BB/Files/2013-10-10/Sound_Document.dpf.exe,11
2891,Pendencias-PDF.exe,110,2,datacopy/BB/Files/2014-02-18/Pendencias-PDF.exe,11
2892,lightbox_btn_close.jpg.exe,110,529,datacopy/BB/Files/2014-07-31/lightbox_btn_close.jpg.exe,11
2893,3W4EF56G7.exe,110,217,datacopy/BB/Files/2014-10-20/3W4EF56G7.exe,11
2894,asw45fe45.exe,110,3,datacopy/BB/Files/2015-05-11/asw45fe45.exe,11
2895,yruzn2ai.exe,110,650,datacopy/BB/Files/2015-08-10/yruzn2ai.exe,11
2896,aren.exe,110,3,datacopy/BB/Files/2014-05-13/aren.exe,11
2897,118255371_Form_Exclusao.exe,110,3,datacopy/BB/Files/2013-07-30/118255371_Form_Exclusao.exe,11
2898,Inclusao_Cadastro_Devedores.exe,110,2,datacopy/BB/Files/2013-08-30/Inclusao_Cadastro_Devedores.exe,11
2899,9a3a9999ea67587377a91a65739d329cfa81240d0e0ee976013bbb7e5cd8c736,110,3,datacopy/Stefano/9a3a9999ea67587377a91a65739d329cfa81240d0e0ee976013bbb7e5cd8c736,11
2900,4fb557d8e822c66f1080d9e31fccdb9e9daf753d.bin,111,1786,datacopy/UCSB.JP/data_feed.geo_japan_6m_public_flag/4/f/b/4fb557d8e822c66f1080d9e31fccdb9e9daf753d.bin,1
2901,2f243455274d41e259d19ce7f81035d0f4faedaf.bin,112,2085,datacopy/UCSB.JP/data_feed.geo_japan_6m_public_flag/2/f/2/2f243455274d41e259d19ce7f81035d0f4faedaf.bin,1
2902,d38d442bc93514e328ab74a623577064cc66c323.bin,114,1258,datacopy/UCSB.JP/data_feed.geo_japan_6m_public_flag/d/3/8/d38d442bc93514e328ab74a623577064cc66c323.bin,10
2903,c73e5b3737b6f40a32f2afb7c8760ffdd8dea85f.bin,114,1258,datacopy/UCSB.JP/data_feed.geo_japan_6m_public_flag/c/7/3/c73e5b3737b6f40a32f2afb7c8760ffdd8dea85f.bin,10
2904,442c290b74b4a1b7330519fa6028be2f124913ba.bin,114,1258,datacopy/UCSB.JP/data_feed.geo_japan_6m_public_flag/4/4/2/442c290b74b4a1b7330519fa6028be2f124913ba.bin,10
2905,6393f2e26951bce9b49410168c82ae7007c776ec.bin,114,1258,datacopy/UCSB.JP/data_feed.geo_japan_6m_public_flag/6/3/9/6393f2e26951bce9b49410168c82ae7007c776ec.bin,10
2906,5f3902f54c576e6a0fc45f2efb5e108c10db1763.bin,114,1258,datacopy/UCSB/5f3902f54c576e6a0fc45f2efb5e108c10db1763.bin,10
2907,476cc12e6454b66a379939a73a42eb53f3480e8a.bin,114,1258,datacopy/UCSB/476cc12e6454b66a379939a73a42eb53f3480e8a.bin,10
2908,ca2487848e8927750cdc9028023979b940211a54.bin,114,1258,datacopy/UCSB/ca2487848e8927750cdc9028023979b940211a54.bin,10
2909,1d984c0bd89f9e3c6cd04ead691cc547cd686ba7.bin,114,1258,datacopy/UCSB/1d984c0bd89f9e3c6cd04ead691cc547cd686ba7.bin,10
2910,383933a9064354b2c19dee012bf32dc4e66b5c64.bin,114,1258,datacopy/UCSB/383933a9064354b2c19dee012bf32dc4e66b5c64.bin,10
2911,9adf27945bb8d53183b73605ff0d5031ef3477db.bin,114,1258,datacopy/UCSB/9adf27945bb8d53183b73605ff0d5031ef3477db.bin,10
2912,9e31f0997bab2f1aa6ffcc39c3fe7efad88a1f21.bin,114,1258,datacopy/UCSB/9e31f0997bab2f1aa6ffcc39c3fe7efad88a1f21.bin,10
2913,2fde06402f8d338bb3076a9f0813a343089471da.bin,114,1258,datacopy/UCSB/2fde06402f8d338bb3076a9f0813a343089471da.bin,10
2914,ed06e3a52a86336f0dd1de7aeb16bfdbba243295.bin,114,1258,datacopy/UCSB/ed06e3a52a86336f0dd1de7aeb16bfdbba243295.bin,10
2915,ddb0cc4f46bd8624156d47f4b5939c601a822990.bin,114,1258,datacopy/UCSB/ddb0cc4f46bd8624156d47f4b5939c601a822990.bin,10
2916,af1d144ae3633dd9a0a7ee7e3de447b0c285cd1c.bin,114,1258,datacopy/UCSB/af1d144ae3633dd9a0a7ee7e3de447b0c285cd1c.bin,10
2917,9ccd1fef00767ea22f39dd6530d30008ed8a2cc7.bin,114,1258,datacopy/UCSB/9ccd1fef00767ea22f39dd6530d30008ed8a2cc7.bin,10
2918,0989fb6d8a6301987c2b675f49548e71b8aa6154.bin,114,1258,datacopy/UCSB/0989fb6d8a6301987c2b675f49548e71b8aa6154.bin,10
2919,6bb7c3e3293c3ab6695e18c3ac4a835e13a6821e.bin,114,1258,datacopy/UCSB/6bb7c3e3293c3ab6695e18c3ac4a835e13a6821e.bin,10
2920,a5b0a2c265f2550e48a39b8b9bc44031e8afbc99.bin,114,1258,datacopy/UCSB/a5b0a2c265f2550e48a39b8b9bc44031e8afbc99.bin,10
2921,36a7651186302fb18656a6d0f4c23dd262d56760.bin,114,1258,datacopy/UCSB/36a7651186302fb18656a6d0f4c23dd262d56760.bin,10
2922,19419450cfd4b1d9da21b774025d90e5a818763b.bin,114,1258,datacopy/UCSB/19419450cfd4b1d9da21b774025d90e5a818763b.bin,10
2923,b6ed0496424991c41fda8bfd9d503ebb220ebe83.bin,114,1258,datacopy/UCSB/b6ed0496424991c41fda8bfd9d503ebb220ebe83.bin,10
2924,87b25b7c7c4a57ac309354f5de6fd07a7024d19a.bin,114,1258,datacopy/UCSB/87b25b7c7c4a57ac309354f5de6fd07a7024d19a.bin,10
2925,42c966aa7753aaf139bc204fea7e77129c7f6449.bin,114,1258,datacopy/UCSB/42c966aa7753aaf139bc204fea7e77129c7f6449.bin,10
2926,9bbaf954d68d95596546f35ec19594308edf214f.bin,114,1258,datacopy/UCSB/9bbaf954d68d95596546f35ec19594308edf214f.bin,10
2927,1e0b56badb138bc4a4d58cdb392374dab970c820.bin,114,1258,datacopy/UCSB/1e0b56badb138bc4a4d58cdb392374dab970c820.bin,10
2928,6c4560667a254a6694b031cc8f0d303aaf1a70ee.bin,114,1258,datacopy/UCSB/6c4560667a254a6694b031cc8f0d303aaf1a70ee.bin,10
2929,cfe2a18bf1033864d763ed7b7e077e42ad430727.bin,114,1258,datacopy/UCSB/cfe2a18bf1033864d763ed7b7e077e42ad430727.bin,10
2930,ad4be6ba993afd2560be31c082bf49e407fc82a7.bin,114,1258,datacopy/UCSB/ad4be6ba993afd2560be31c082bf49e407fc82a7.bin,10
2931,1f72168815b6b5112d40a3c6507ada12e0ea798f.bin,114,1258,datacopy/UCSB/1f72168815b6b5112d40a3c6507ada12e0ea798f.bin,10
2932,32648cb5385c9cf76483a88cc161acf5ac1dfd5d.bin,114,1258,datacopy/UCSB/32648cb5385c9cf76483a88cc161acf5ac1dfd5d.bin,10
2933,45fc24118de736fa1c21bc2b4edfaa391026548b.bin,114,1258,datacopy/UCSB/45fc24118de736fa1c21bc2b4edfaa391026548b.bin,10
2934,fcce9688ccbb7fd5a1debc4c863c5eb8df811054.bin,114,1258,datacopy/UCSB/fcce9688ccbb7fd5a1debc4c863c5eb8df811054.bin,10
2935,06453b29ae2160aa702d8c4136ab1398585a4797.bin,114,1258,datacopy/UCSB/06453b29ae2160aa702d8c4136ab1398585a4797.bin,10
2936,05fe8841f0b0dde7c785b96fc0ed3256e7c93548.bin,114,1258,datacopy/UCSB/05fe8841f0b0dde7c785b96fc0ed3256e7c93548.bin,10
2937,e493d7e4de1a3294ce77170d38a1f340aad369bd.bin,114,1258,datacopy/UCSB/e493d7e4de1a3294ce77170d38a1f340aad369bd.bin,10
2938,9aad1a7a2bc34b75c872773d0720d7d891f64737.bin,114,1258,datacopy/UCSB/9aad1a7a2bc34b75c872773d0720d7d891f64737.bin,10
2939,5dd30af8263724ab58930bc82939c1c96ffe46a6.bin,114,1258,datacopy/UCSB/5dd30af8263724ab58930bc82939c1c96ffe46a6.bin,10
2940,989c068f34ff7546e9157d5a8a2f9159a400d147.bin,114,1258,datacopy/UCSB/989c068f34ff7546e9157d5a8a2f9159a400d147.bin,10
2941,4e98fdff10922198a66b0067fc67de5c11757204.bin,114,1258,datacopy/UCSB/4e98fdff10922198a66b0067fc67de5c11757204.bin,10
2942,60c04f0f11ccd9aa32a3c9958243f1db75ea7987.bin,114,1258,datacopy/UCSB/60c04f0f11ccd9aa32a3c9958243f1db75ea7987.bin,10
2943,d8808ce94a8358e5b29ea38eae79a4a865eb5675.bin,114,1258,datacopy/UCSB/d8808ce94a8358e5b29ea38eae79a4a865eb5675.bin,10
2944,aa8dc4de8a293e594553390a2c1f7af79415809d.bin,114,1258,datacopy/UCSB/aa8dc4de8a293e594553390a2c1f7af79415809d.bin,10
2945,0633866e5a95c263dbf19f047d49c2035dd28d0f.bin,114,1258,datacopy/UCSB/0633866e5a95c263dbf19f047d49c2035dd28d0f.bin,10
2946,4c2be079edd53298801cc7314c461443ece1bd2a.bin,114,1258,datacopy/UCSB/4c2be079edd53298801cc7314c461443ece1bd2a.bin,10
2947,22be46b14594f2dced292b10d700f3e86b4862a1.bin,114,1258,datacopy/UCSB/22be46b14594f2dced292b10d700f3e86b4862a1.bin,10
2948,c97fb5f15179b84d28809ff1e15b126501a33f7e.bin,114,1258,datacopy/UCSB/c97fb5f15179b84d28809ff1e15b126501a33f7e.bin,10
2949,d8d06745c26e818d66930e55de4615c2040362ef.bin,114,1258,datacopy/UCSB/d8d06745c26e818d66930e55de4615c2040362ef.bin,10
2950,3eb9fe8ee50f7dcac3ea872d3c744e379165802b.bin,114,1258,datacopy/UCSB/3eb9fe8ee50f7dcac3ea872d3c744e379165802b.bin,10
2951,b1d821e0b35f8555e3616a1db3b85cbcb0da5be4.bin,114,1258,datacopy/UCSB/b1d821e0b35f8555e3616a1db3b85cbcb0da5be4.bin,10
2952,34294b4a1538f82b23e15f549cf6fafa43690de5.bin,114,1258,datacopy/UCSB/34294b4a1538f82b23e15f549cf6fafa43690de5.bin,10
2953,9af99dbdecbb3e5e01ea845aa23e9488b0ca8fca.bin,114,1258,datacopy/UCSB/9af99dbdecbb3e5e01ea845aa23e9488b0ca8fca.bin,10
2954,9d7e7f686c6e9193dae7179387e6b9502caa731e.bin,114,1258,datacopy/UCSB/9d7e7f686c6e9193dae7179387e6b9502caa731e.bin,10
2955,a1b05ade35483c12beb7302e28f91657dc71ed3a.bin,114,1258,datacopy/UCSB/a1b05ade35483c12beb7302e28f91657dc71ed3a.bin,10
2956,543a064f87043586ef8f82041044653cfa7a007d.bin,114,1258,datacopy/UCSB/543a064f87043586ef8f82041044653cfa7a007d.bin,10
2957,11de17110a1f5e9f44985d733d0a490baceedfcbe1bbe61ee4ab6a20f9ea34e3,114,1258,datacopy/Stefano/11de17110a1f5e9f44985d733d0a490baceedfcbe1bbe61ee4ab6a20f9ea34e3,10
2958,df0ab1fae3a22eb65dd7aa2dcbb130d3ef6604cf111a8d1754c0d45870c9b90c,114,1258,datacopy/Stefano/df0ab1fae3a22eb65dd7aa2dcbb130d3ef6604cf111a8d1754c0d45870c9b90c,10
2959,5ab6585b137e70004448397ea877918b8c13ed0929e718f02f302f593f80a1d4,114,1258,datacopy/Stefano/5ab6585b137e70004448397ea877918b8c13ed0929e718f02f302f593f80a1d4,10
2960,2132100289dd738fc0cb44aaeeb2955d73efda3b1072996f7127a079c161fc80,114,1258,datacopy/Stefano/2132100289dd738fc0cb44aaeeb2955d73efda3b1072996f7127a079c161fc80,10
2961,e5f53f610ca7efdb335ce0b24caed0c515ca51129ddbec52602c0c6728b61dc0,114,1258,datacopy/Stefano/e5f53f610ca7efdb335ce0b24caed0c515ca51129ddbec52602c0c6728b61dc0,10
2962,81d7c2a36826d21ae19edb370dd6cdb6de1a92f34d7321309a5a1633253b09c5,114,1258,datacopy/Stefano/81d7c2a36826d21ae19edb370dd6cdb6de1a92f34d7321309a5a1633253b09c5,10
2963,45000a33f0901a070c2caca3d5a1f1de76fcf8911c723ef9c5ee35bc684f849f,114,1258,datacopy/Stefano/45000a33f0901a070c2caca3d5a1f1de76fcf8911c723ef9c5ee35bc684f849f,10
2964,a53237c8d093046166d35b1a23fec85c03f423f6a8dfe1a6beff15498a7984a9,114,1258,datacopy/Stefano/a53237c8d093046166d35b1a23fec85c03f423f6a8dfe1a6beff15498a7984a9,10
2965,d051d78e9b1af7c87ab784f360ee9f46404bbcc44ed686817e0a398606519dfd,114,1258,datacopy/Stefano/d051d78e9b1af7c87ab784f360ee9f46404bbcc44ed686817e0a398606519dfd,10
2966,de550676a42cf68f60ee5dc53b122e0dcb0997f8a5db4bfd02faaf1849092e2f,114,1258,datacopy/Stefano/de550676a42cf68f60ee5dc53b122e0dcb0997f8a5db4bfd02faaf1849092e2f,10
2967,f6df81f70d9b58db4a435dc880259409a1c49f50b703966c2d0ef598d101d6b4,114,1258,datacopy/Stefano/f6df81f70d9b58db4a435dc880259409a1c49f50b703966c2d0ef598d101d6b4,10
2968,d174e6da26f3373a581f4bc2f7929edeb3bc917b.bin,115,1157,datacopy/UCSB.JP/data_feed.geo_japan_6m_public_flag/d/1/7/d174e6da26f3373a581f4bc2f7929edeb3bc917b.bin,5
2969,441d7ab7e872ac160aac666226ef2ff2c60bb755.bin,115,1157,datacopy/UCSB.JP/data_feed.geo_japan_6m_public_flag/4/4/1/441d7ab7e872ac160aac666226ef2ff2c60bb755.bin,5
2970,04dfd6d23273cf427a39b3cde681f903a9a503d1.bin,115,1157,datacopy/UCSB.JP/data_feed.geo_japan_6m_public_flag/0/4/d/04dfd6d23273cf427a39b3cde681f903a9a503d1.bin,5
2971,68a33a19b65f294a9e163667d28168ac4e876987.bin,115,1157,datacopy/UCSB.JP/data_feed.geo_japan_6m_public_flag/6/8/a/68a33a19b65f294a9e163667d28168ac4e876987.bin,5
2972,635e99fd86e46530a505cd15b1b6687836bf4c89.bin,115,1157,datacopy/UCSB/635e99fd86e46530a505cd15b1b6687836bf4c89.bin,5
2973,a630a8d7c8ae77ede247eb251d421506a434f227.bin,115,1157,datacopy/UCSB/a630a8d7c8ae77ede247eb251d421506a434f227.bin,5
2974,e5e3b40eb63532a07c7d167886f2056d935cd168.bin,115,1157,datacopy/UCSB/e5e3b40eb63532a07c7d167886f2056d935cd168.bin,5
2975,95aad0b6cf161d860c9516040474b939d7b99962.bin,115,1157,datacopy/UCSB/95aad0b6cf161d860c9516040474b939d7b99962.bin,5
2976,9bf365aee38c3d0a320fa4645858f46c7561f0f9.bin,115,1157,datacopy/UCSB/9bf365aee38c3d0a320fa4645858f46c7561f0f9.bin,5
2977,a9d57cb8a658ff1b8a9dbe7b6cbb5982e8cf1a86.bin,115,1157,datacopy/UCSB/a9d57cb8a658ff1b8a9dbe7b6cbb5982e8cf1a86.bin,5
2978,7fc90ee9985d309cc649c56c94b99d4deae7e62f.bin,115,1157,datacopy/UCSB/7fc90ee9985d309cc649c56c94b99d4deae7e62f.bin,5
2979,e5ca9d4b267b7253ddd83288cd8c24f6db866d68.bin,115,1157,datacopy/UCSB/e5ca9d4b267b7253ddd83288cd8c24f6db866d68.bin,5
2980,903a98cf10f0d3547d04a7b060173db7e1fa7409.bin,115,1157,datacopy/UCSB/903a98cf10f0d3547d04a7b060173db7e1fa7409.bin,5
2981,22ee61f9c2ed7d3671193dc6afcd2ed004ef45af.bin,115,1157,datacopy/UCSB/22ee61f9c2ed7d3671193dc6afcd2ed004ef45af.bin,5
2982,742c83f38b0f9a6b4f2f9b2aee51c37545b2945a.bin,115,1157,datacopy/UCSB/742c83f38b0f9a6b4f2f9b2aee51c37545b2945a.bin,5
2983,9822d94f0959f9f52ffd96b2f7c4a3de2bb89958.bin,115,1157,datacopy/UCSB/9822d94f0959f9f52ffd96b2f7c4a3de2bb89958.bin,5
2984,5041ab47055532a03e9d27b5da1343b778ddf6bd.bin,115,1157,datacopy/UCSB/5041ab47055532a03e9d27b5da1343b778ddf6bd.bin,5
2985,7c4d765cd9157a94c86e1d0877f5bc1cdee1c68f.bin,115,1157,datacopy/UCSB/7c4d765cd9157a94c86e1d0877f5bc1cdee1c68f.bin,5
2986,88c5c2f95f3099a1df79bef04d07100074d67de2.bin,115,1157,datacopy/UCSB/88c5c2f95f3099a1df79bef04d07100074d67de2.bin,5
2987,2cdf09620fc559194b0143b4d33c3b56eab58e54.bin,115,1157,datacopy/UCSB/2cdf09620fc559194b0143b4d33c3b56eab58e54.bin,5
2988,a8fee0149d446ba101f1e71edd608c843a935e01.bin,115,1157,datacopy/UCSB/a8fee0149d446ba101f1e71edd608c843a935e01.bin,5
2989,bf5921babcaf162928003378bc7b6b79d7640dd0.bin,115,1157,datacopy/UCSB/bf5921babcaf162928003378bc7b6b79d7640dd0.bin,5
2990,cae409e0aaacebfaabbe7256a4cb4b834053e8ef.bin,115,1157,datacopy/UCSB/cae409e0aaacebfaabbe7256a4cb4b834053e8ef.bin,5
2991,09651f308f6b34db3d98461217ba1bf70952f08e.bin,115,1157,datacopy/UCSB/09651f308f6b34db3d98461217ba1bf70952f08e.bin,5
2992,63a027954382755c4c6d995a104f4bd0f2f68a87.bin,115,1157,datacopy/UCSB/63a027954382755c4c6d995a104f4bd0f2f68a87.bin,5
2993,cb7ed2dfe12ff38b319752433f2bb26c5b646a07.bin,115,1157,datacopy/UCSB/cb7ed2dfe12ff38b319752433f2bb26c5b646a07.bin,5
2994,caef1630aa23b5d3b416c2ab72c75d87c768cc76.bin,115,1157,datacopy/UCSB/caef1630aa23b5d3b416c2ab72c75d87c768cc76.bin,5
2995,4a8f66e76cc5614ea0560765a58164b5eaa64b20.bin,115,1157,datacopy/UCSB/4a8f66e76cc5614ea0560765a58164b5eaa64b20.bin,5
2996,b4e4f3fffd72646994810497b5573e4b27567dc0.bin,115,1157,datacopy/UCSB/b4e4f3fffd72646994810497b5573e4b27567dc0.bin,5
2997,1207a9c6040d5651adcbfd35b9d39d923cddc48086212dac8efc5094919d7c8c,115,1157,datacopy/Stefano/1207a9c6040d5651adcbfd35b9d39d923cddc48086212dac8efc5094919d7c8c,5
2998,e06c871820b342b5907141b24375b587dfd15d209cea96b1771578b0566cf816,115,1157,datacopy/Stefano/e06c871820b342b5907141b24375b587dfd15d209cea96b1771578b0566cf816,5
2999,37246f6a247e1f4e8be6e8fb8ff79d5b9325bb3a2ce03732c18a5e99679c9557,115,1157,datacopy/Stefano/37246f6a247e1f4e8be6e8fb8ff79d5b9325bb3a2ce03732c18a5e99679c9557,5
3000,0fc0e4863a1f67a21ae0ebe2adc9616ebd6715b7b95b9ddae2ac5cc08c3e90fa,115,1157,datacopy/Stefano/0fc0e4863a1f67a21ae0ebe2adc9616ebd6715b7b95b9ddae2ac5cc08c3e90fa,5
3001,56bbccc0d7b0f0347cf8aec6b14ed25dab5086cdadf13899c51a46576af4b2cd,115,1157,datacopy/Stefano/56bbccc0d7b0f0347cf8aec6b14ed25dab5086cdadf13899c51a46576af4b2cd,5
3002,645f6ec08d120c9a7f00edc0321298d8a85066f36290b926e6d871cd7a402a4c,115,1157,datacopy/Stefano/645f6ec08d120c9a7f00edc0321298d8a85066f36290b926e6d871cd7a402a4c,5
3003,cbb7ff8e85ecdb6d59f9f3765c0cc1f7a763f19d30d631eb7e9654bf65cd3569,115,1157,datacopy/Stefano/cbb7ff8e85ecdb6d59f9f3765c0cc1f7a763f19d30d631eb7e9654bf65cd3569,5
3004,93ad92186bb6bf74f08ccc6b26fda002356e09b6ecfc4129d9872c179b750f66,115,1157,datacopy/Stefano/93ad92186bb6bf74f08ccc6b26fda002356e09b6ecfc4129d9872c179b750f66,5
3005,c4e87b7427368874b93628e38c52e78c8c417b920f7fd75ad886b5ee6ef973af,115,1157,datacopy/Stefano/c4e87b7427368874b93628e38c52e78c8c417b920f7fd75ad886b5ee6ef973af,5
3006,da83ae2e5bffdc481dfd47532c6e3998edc51c550741aea69dcd2eba9ead66e2,115,1157,datacopy/Stefano/da83ae2e5bffdc481dfd47532c6e3998edc51c550741aea69dcd2eba9ead66e2,5
3007,31f514b20c2a4fce349381981724ca6d53b7ecee7c45c1f25e74cecf8e98efd9,115,1157,datacopy/Stefano/31f514b20c2a4fce349381981724ca6d53b7ecee7c45c1f25e74cecf8e98efd9,5
3008,7e00b6d9cfd564771bc1ea1b00bfdddf17cf8e9ec935ceafdb0a3d723c1dbea5,115,1157,datacopy/Stefano/7e00b6d9cfd564771bc1ea1b00bfdddf17cf8e9ec935ceafdb0a3d723c1dbea5,5
3009,d70f3bf78f2bc4d695837d3bb017a06c695af1c3f94dca84348c60191248a5ef,115,1157,datacopy/Stefano/d70f3bf78f2bc4d695837d3bb017a06c695af1c3f94dca84348c60191248a5ef,5
3010,aa8df3b707858e1fda99e928ac3bf5bbf1a1428a734d8926a8993fa61259cd1d,115,1157,datacopy/Stefano/aa8df3b707858e1fda99e928ac3bf5bbf1a1428a734d8926a8993fa61259cd1d,5
3011,a97cea54f23dfc8e812889e16430909d7b7454b049769a3df0233c57e240fe78,115,1157,datacopy/Stefano/a97cea54f23dfc8e812889e16430909d7b7454b049769a3df0233c57e240fe78,5
3012,5d9fc02ed5e9ae9b77d8dc849affeaa1db16bc971b2def94cacabcddbf8fb834,115,1157,datacopy/Stefano/5d9fc02ed5e9ae9b77d8dc849affeaa1db16bc971b2def94cacabcddbf8fb834,5
3013,c0f66c93b4791612cc3a82791644180f6bebb6dde7b93aedaf40270c52cc198e,115,1157,datacopy/Stefano/c0f66c93b4791612cc3a82791644180f6bebb6dde7b93aedaf40270c52cc198e,5
3014,a97f332e6baac9f71764218dcd9584811979dac2f6f9b64559999670428b0723,115,1157,datacopy/Stefano/a97f332e6baac9f71764218dcd9584811979dac2f6f9b64559999670428b0723,5
3015,840a23d9a12b1ca79b4b5436f4e9e5544f900cb78a8dfbb40d799f017b828b6d,115,1157,datacopy/Stefano/840a23d9a12b1ca79b4b5436f4e9e5544f900cb78a8dfbb40d799f017b828b6d,5
3016,49eb2485a9ef74bb36918b0ff42dfce1e5dd388661e669fadbf3dc081b12fc8d,115,1157,datacopy/Stefano/49eb2485a9ef74bb36918b0ff42dfce1e5dd388661e669fadbf3dc081b12fc8d,5
3017,cd7ec790aea495dbd284b9fd6a5777bf92d902232c880411b5a319e125bb1375,115,1157,datacopy/Stefano/cd7ec790aea495dbd284b9fd6a5777bf92d902232c880411b5a319e125bb1375,5
3018,04cda32f910bec4744e4ac1fca5ad27195195c1c198175e6c1bff2b797f3e629,115,1157,datacopy/Stefano/04cda32f910bec4744e4ac1fca5ad27195195c1c198175e6c1bff2b797f3e629,5
3019,a6d8446c644af81be8ddd1ba05b0f7dc88348e948e340e3b4377007d1d0e89a2,115,1157,datacopy/Stefano/a6d8446c644af81be8ddd1ba05b0f7dc88348e948e340e3b4377007d1d0e89a2,5
3020,a00f120c144e51e804a21efdf98c27d8648a178999a490145b739a38465d9bcf,115,1157,datacopy/Stefano/a00f120c144e51e804a21efdf98c27d8648a178999a490145b739a38465d9bcf,5
3021,ce79fff395fbca88bad0310a214c63c05be661bbbe2e3bc87d0b3ef0fa0de356,115,1157,datacopy/Stefano/ce79fff395fbca88bad0310a214c63c05be661bbbe2e3bc87d0b3ef0fa0de356,5
3022,aa61dd60fff026c41e4515140ceda668f46e3d1e976c9a934ffbe0dc7d5a1c8d,115,1157,datacopy/Stefano/aa61dd60fff026c41e4515140ceda668f46e3d1e976c9a934ffbe0dc7d5a1c8d,5
3023,45cfbee8b4c3a008840b2b6fdc3e4c0e9f7159dae9e0055ae205857efcd83246,115,1157,datacopy/Stefano/45cfbee8b4c3a008840b2b6fdc3e4c0e9f7159dae9e0055ae205857efcd83246,5
3024,042c34db72afe4e7a5f6d9e5f0dafc1f39f364930668fd501eeeec41a01dd29c,115,1157,datacopy/Stefano/042c34db72afe4e7a5f6d9e5f0dafc1f39f364930668fd501eeeec41a01dd29c,5
3025,a5aa449e95cfface16f79d828945595f4abfdbea7e84e1ab62d0d6c1f44a20f4,115,1157,datacopy/Stefano/a5aa449e95cfface16f79d828945595f4abfdbea7e84e1ab62d0d6c1f44a20f4,5
3026,1fc941a09812a8ae80e2f74ebf66f9a1d3338baf180f2b9e3ebd24e99819815c,115,1157,datacopy/Stefano/1fc941a09812a8ae80e2f74ebf66f9a1d3338baf180f2b9e3ebd24e99819815c,5
3027,25a1f8590caab0bc41034da5a165964c6789f24d4db902aa20e3785187866734,115,1157,datacopy/Stefano/25a1f8590caab0bc41034da5a165964c6789f24d4db902aa20e3785187866734,5
3028,27e1a89edff80007955d480d5aa458063b4fff7445e218934a823c00659145c3,115,1157,datacopy/Stefano/27e1a89edff80007955d480d5aa458063b4fff7445e218934a823c00659145c3,5
3029,5aa74252423b26165f47a7bca8ff8d060e62493d688b265d049919d414d7ffcd,115,1157,datacopy/Stefano/5aa74252423b26165f47a7bca8ff8d060e62493d688b265d049919d414d7ffcd,5
3030,1dd5718c174247e1520fa6ecabcb6185c0cbca79f4f30b802b2ef7762402c586,115,1157,datacopy/Stefano/1dd5718c174247e1520fa6ecabcb6185c0cbca79f4f30b802b2ef7762402c586,5
3031,2b58237ef3d14a025d015ec1f1ac82c1cb35954372b5b618370b0bcebbbe9f69,115,1157,datacopy/Stefano/2b58237ef3d14a025d015ec1f1ac82c1cb35954372b5b618370b0bcebbbe9f69,5
3032,ff4923767c721266102f76e712279da132677a3787cf954d9b3840c01ae5d397,115,1157,datacopy/Stefano/ff4923767c721266102f76e712279da132677a3787cf954d9b3840c01ae5d397,5
3033,21dece4538d6d12b2d04220ba4b9c72293d42bd2e7f25eaeb12f6e551ac44840,115,1157,datacopy/Stefano/21dece4538d6d12b2d04220ba4b9c72293d42bd2e7f25eaeb12f6e551ac44840,5
3034,f41b2d9c0f27ab0baa90e2eb308be7f5d45d8da50d49ab7cea4dcb8e5dd3a288,115,1157,datacopy/Stefano/f41b2d9c0f27ab0baa90e2eb308be7f5d45d8da50d49ab7cea4dcb8e5dd3a288,5
3035,dbecc0d991b5393cfb3d6669f90e658d2f849d933dee4b5bdde273be5e31bd09,115,1157,datacopy/Stefano/dbecc0d991b5393cfb3d6669f90e658d2f849d933dee4b5bdde273be5e31bd09,5
3036,c1bf507dfe68de912cbdfb993bb0c862f63a9f155a41a299c58623821b009803,115,1157,datacopy/Stefano/c1bf507dfe68de912cbdfb993bb0c862f63a9f155a41a299c58623821b009803,5
3037,9ac1ac2f0e7f765f700b245806a6657a62bbdf300b332305f79fa84dbbc0bde6,115,1157,datacopy/Stefano/9ac1ac2f0e7f765f700b245806a6657a62bbdf300b332305f79fa84dbbc0bde6,5
3038,f9ccf5b78d0c64e04f0dd775b2a6f4102aeacfa61f9398978ad42d4b883bc9a4,115,1157,datacopy/Stefano/f9ccf5b78d0c64e04f0dd775b2a6f4102aeacfa61f9398978ad42d4b883bc9a4,5
3039,37e46190f167a6593a2180416cb38c7c7ec44427edbc996c4b413d237c622737,115,1157,datacopy/Stefano/37e46190f167a6593a2180416cb38c7c7ec44427edbc996c4b413d237c622737,5
3040,751070ce7da7a3cf486e9e415d2955f28a2cec560ba26cdcc69be3b025276d7f,115,1157,datacopy/Stefano/751070ce7da7a3cf486e9e415d2955f28a2cec560ba26cdcc69be3b025276d7f,5
3041,0ebd0eab59725cbd3da0d320edba5dce3bc2586919f562f5e13126bbc7b1c55e,115,1157,datacopy/Stefano/0ebd0eab59725cbd3da0d320edba5dce3bc2586919f562f5e13126bbc7b1c55e,5
3042,d267d8866854c15318912f7febeedb43a01e8787e77d3bfc8aea3649483e8c8f,115,1157,datacopy/Stefano/d267d8866854c15318912f7febeedb43a01e8787e77d3bfc8aea3649483e8c8f,5
3043,f970672a93cd5660bc0e93ce3051d486a5ad570bd46f6e8cd261bfda6e2a1e61,115,1157,datacopy/Stefano/f970672a93cd5660bc0e93ce3051d486a5ad570bd46f6e8cd261bfda6e2a1e61,5
3044,ebfa311ac98266b6417844337a78a3260ed5ef0b7fb071eaa8a052e895fa573c,115,1157,datacopy/Stefano/ebfa311ac98266b6417844337a78a3260ed5ef0b7fb071eaa8a052e895fa573c,5
3045,be5abf3b357146b770856ef129d0c81b35c417b133f630056ba6e2e6c1874cf7,115,1157,datacopy/Stefano/be5abf3b357146b770856ef129d0c81b35c417b133f630056ba6e2e6c1874cf7,5
3046,419d3eaacbe5426a9266297575aa2ba8d79e9c2ac9acb5d7dfc929fc0748babd,115,1157,datacopy/Stefano/419d3eaacbe5426a9266297575aa2ba8d79e9c2ac9acb5d7dfc929fc0748babd,5
3047,e8282a888b1e8a295047e7001f624e77cf27fad67e975f55e1bcd1c62590faf7,115,1157,datacopy/Stefano/e8282a888b1e8a295047e7001f624e77cf27fad67e975f55e1bcd1c62590faf7,5
3048,ec2eae2373246e0a48dbc71a2084ec175baec91cbb04e5b51d54f687cd39cece,115,1157,datacopy/Stefano/ec2eae2373246e0a48dbc71a2084ec175baec91cbb04e5b51d54f687cd39cece,5
3049,b80118621878721cfce42dd0b33450a0d017400a41a1b8335abb329fc2ff883b,115,1157,datacopy/Stefano/b80118621878721cfce42dd0b33450a0d017400a41a1b8335abb329fc2ff883b,5
3050,756bc9b5efa19bb7acf0731b6f143d0f01e02c0e4d345e1bc5bfff0345c45e60,115,1157,datacopy/Stefano/756bc9b5efa19bb7acf0731b6f143d0f01e02c0e4d345e1bc5bfff0345c45e60,5
3051,f253ec7b271a10b79a067638532e0e90ca7a3d87980a2f24d8dab16850c21c42,115,1157,datacopy/Stefano/f253ec7b271a10b79a067638532e0e90ca7a3d87980a2f24d8dab16850c21c42,5
3052,81d1c08903a1b55cd47ef35edf1603e9647e5ee68726d8dda843b80f5df2c0b5,115,1157,datacopy/Stefano/81d1c08903a1b55cd47ef35edf1603e9647e5ee68726d8dda843b80f5df2c0b5,5
3053,c841d67fafa7c7b26ec503547af03550f4e42aef2cb667443e2d0524a1e7750b,115,1157,datacopy/Stefano/c841d67fafa7c7b26ec503547af03550f4e42aef2cb667443e2d0524a1e7750b,5
3054,8f1c45b10b7e98a1dbe1001c4afaa80a08e502c0ff72c836b6a5c290258eea24,115,1157,datacopy/Stefano/8f1c45b10b7e98a1dbe1001c4afaa80a08e502c0ff72c836b6a5c290258eea24,5
3055,3ee574f8ee73cf11a80c75b58c0b688458317fd1db98c25f24dd6b220d2b31b4,115,1157,datacopy/Stefano/3ee574f8ee73cf11a80c75b58c0b688458317fd1db98c25f24dd6b220d2b31b4,5
3056,396370187a875de25377c08c1b153b88ebf021ad9c5d554b648ce70103779320,115,1157,datacopy/Stefano/396370187a875de25377c08c1b153b88ebf021ad9c5d554b648ce70103779320,5
3057,e5c1cf42d8dc53d08193fc21927e6067668ab7ffb47afbee1356e590c0ae6189,115,1157,datacopy/Stefano/e5c1cf42d8dc53d08193fc21927e6067668ab7ffb47afbee1356e590c0ae6189,5
3058,d7a2141ea21be036aa56e42e14821509e5833311b28f9af5b762e9aba897d516,115,1157,datacopy/Stefano/d7a2141ea21be036aa56e42e14821509e5833311b28f9af5b762e9aba897d516,5
3059,c81bdcce0e7f124aed673e33b5144f1d346de10352a95ecb984bf84d6fca72a7,115,1157,datacopy/Stefano/c81bdcce0e7f124aed673e33b5144f1d346de10352a95ecb984bf84d6fca72a7,5
3060,8f7949dfc761a5104d387ceeb467559d37d44cfb600a12bb0f32b3ee1b28651b,115,1157,datacopy/Stefano/8f7949dfc761a5104d387ceeb467559d37d44cfb600a12bb0f32b3ee1b28651b,5
3061,c4eb79202939e2c4228d5ddc77ec4ddca97ac276f81b014e06be35f5a58c3afc,115,1157,datacopy/Stefano/c4eb79202939e2c4228d5ddc77ec4ddca97ac276f81b014e06be35f5a58c3afc,5
3062,24ebc7917ac095fff49732c45d36a245b62389945b1d583cf96a35ab0e7da47b,115,1157,datacopy/Stefano/24ebc7917ac095fff49732c45d36a245b62389945b1d583cf96a35ab0e7da47b,5
3063,1e82637e92d1d78951aeb68aac2927f75fb01ec0.bin,118,805,datacopy/UCSB.JP/data_feed.geo_japan_6m_public_flag/1/e/8/1e82637e92d1d78951aeb68aac2927f75fb01ec0.bin,10
3064,c58e4ccdf204abe65abc942a453e463eb1fce835.bin,118,805,datacopy/UCSB.JP/data_feed.geo_japan_6m_public_flag/c/5/8/c58e4ccdf204abe65abc942a453e463eb1fce835.bin,10
3065,4741359211744e3869b7e70e989b1f29f0871b6e.bin,118,805,datacopy/UCSB.JP/data_feed.geo_japan_6m_public_flag/4/7/4/4741359211744e3869b7e70e989b1f29f0871b6e.bin,10
3066,55f83ff166ab8978d6ce38e80fde858cf29e660b.codex,118,805,datacopy/CodexGiga/55f83ff166ab8978d6ce38e80fde858cf29e660b.codex,10
3067,d81a1de9eb165b9f436e9e9078666132544de20cf43c10205c63f7a89cc41c20,118,805,datacopy/Stefano/d81a1de9eb165b9f436e9e9078666132544de20cf43c10205c63f7a89cc41c20,10
3068,4fb81c133e88ab14b24bd8998e017830de9b8393dbcebe8a5f94382c18c53d29,118,805,datacopy/Stefano/4fb81c133e88ab14b24bd8998e017830de9b8393dbcebe8a5f94382c18c53d29,10
3069,9fc95a61e8ce674515f1db0ca69c5fe13fefbda85d3181fb53445f14b8afc5b3,118,805,datacopy/Stefano/9fc95a61e8ce674515f1db0ca69c5fe13fefbda85d3181fb53445f14b8afc5b3,10
3070,312aa823e08dc8e3cafcda2888e4c7a91f15e708672486bd2edf46f8a52efcf9,118,805,datacopy/Stefano/312aa823e08dc8e3cafcda2888e4c7a91f15e708672486bd2edf46f8a52efcf9,10
3071,e817c9bb3b9a13576779983bedea80303901f7a233bd3aa07b0c4cbbd3d81045,118,805,datacopy/Stefano/e817c9bb3b9a13576779983bedea80303901f7a233bd3aa07b0c4cbbd3d81045,10
3072,ce746609e1b6df59d03d94f9fe6c043a335cf5fa2b14ea3c5b7f4bfd4cbf0e34,118,805,datacopy/Stefano/ce746609e1b6df59d03d94f9fe6c043a335cf5fa2b14ea3c5b7f4bfd4cbf0e34,10
3073,9ff60959d74476d497b90687933f0c3ea9c658194d9619889e17a98c5e79edd5,118,805,datacopy/Stefano/9ff60959d74476d497b90687933f0c3ea9c658194d9619889e17a98c5e79edd5,10
3074,0004a41497110363d9f3228914fa2c79c582075a1d6942c734b3ee9d06570ba4,118,805,datacopy/Stefano/0004a41497110363d9f3228914fa2c79c582075a1d6942c734b3ee9d06570ba4,10
3075,ce63d04fa3c3115c2c825845666c09f74f7d65d62e68d9648768b71ac4ec50b1,118,805,datacopy/Stefano/ce63d04fa3c3115c2c825845666c09f74f7d65d62e68d9648768b71ac4ec50b1,10
3076,ca8cda945aef2cdfa832a6edb39fdd3be6ccd93d51f4c6711fa57d3e18e9e92a,118,805,datacopy/Stefano/ca8cda945aef2cdfa832a6edb39fdd3be6ccd93d51f4c6711fa57d3e18e9e92a,10
3077,772665f26cfb67ee79a4c57c9ae05d02d6b8009ad2b44ff71a81eb0557228566,118,805,datacopy/Stefano/772665f26cfb67ee79a4c57c9ae05d02d6b8009ad2b44ff71a81eb0557228566,10
3078,8385044bc96289afcd8cb50061d1ad4d710abeaeca220370d586bede2dbce908,118,805,datacopy/Stefano/8385044bc96289afcd8cb50061d1ad4d710abeaeca220370d586bede2dbce908,10
3079,071ae1986808fc4b5cd8988b62bc6178d2c612413c6a85b122fb0ea1031477e3,118,805,datacopy/Stefano/071ae1986808fc4b5cd8988b62bc6178d2c612413c6a85b122fb0ea1031477e3,10
3080,b55b763807c411d8f2e76e5e4e6a86cb3a2dd0b732d5d35eaf4af94c2f4e6fc8,118,805,datacopy/Stefano/b55b763807c411d8f2e76e5e4e6a86cb3a2dd0b732d5d35eaf4af94c2f4e6fc8,10
3081,292956dd62adccbb078ea0a4aee2abae60d6eccb8be9ab847cdaa9e9f473ab4b,118,805,datacopy/Stefano/292956dd62adccbb078ea0a4aee2abae60d6eccb8be9ab847cdaa9e9f473ab4b,10
3082,dblsx1.exe,119,3,datacopy/BB/Files/2018-01-29/dblsx1.exe,1
3083,mS9N.exe,119,3,datacopy/BB/Files/2015-10-22/mS9N.exe,1
3084,89dff5b155011b7eef4a7102248e03bfe62e2d40.bin,123,735,datacopy/UCSB/89dff5b155011b7eef4a7102248e03bfe62e2d40.bin,32
3085,1039b776df686a4e7cbe2cabc28db800a3374632.bin,123,796,datacopy/UCSB/1039b776df686a4e7cbe2cabc28db800a3374632.bin,32
3086,d48908c91db9a0566a4835e03c948b11d7a6c272.bin,123,1912,datacopy/UCSB/d48908c91db9a0566a4835e03c948b11d7a6c272.bin,32
3087,d940538655f540ecffa799bd4aea381c13b122e4.bin,123,3,datacopy/UCSB/d940538655f540ecffa799bd4aea381c13b122e4.bin,32
3088,467fe2af2c97c83b3342ec0c8b84bcfe0b5885e3.bin,123,261,datacopy/UCSB/467fe2af2c97c83b3342ec0c8b84bcfe0b5885e3.bin,32
3089,dbfeb30989727db32bcda39bfb0fb66a50b8677a.bin,123,1320,datacopy/UCSB/dbfeb30989727db32bcda39bfb0fb66a50b8677a.bin,32
3090,b6160e9a8009d710a8b6983e47211aa3c472466b.bin,123,3,datacopy/UCSB/b6160e9a8009d710a8b6983e47211aa3c472466b.bin,32
3091,d9fe213f8d8510c823e4683c87174de1f144e206.codex,123,177,datacopy/CodexGiga/d9fe213f8d8510c823e4683c87174de1f144e206.codex,32
3092,aresregular228_installer.exe,123,3,datacopy/BB/Files/2014-09-18/aresregular228_installer.exe,32
3093,etup_IM_P_1.2.1.1_N_140914.exe,123,444,datacopy/BB/Files/2015-02-09/etup_IM_P_1.2.1.1_N_140914.exe,32
3094,Claro_v2.exe,123,494,datacopy/BB/Files/2013-02-27/Claro_v2.exe,32
3095,MyBabylonTB.exe,123,495,datacopy/BB/Files/2012-11-01/MyBabylonTB.exe,32
3096,btprox_1_4_9.exe,123,3,datacopy/BB/Files/2015-09-23/btprox_1_4_9.exe,32
3097,Claro_v3.exe,123,494,datacopy/BB/Files/2013-03-05/Claro_v3.exe,32
3098,b99df8825d459598c400b90f7b422002cf5f5d868d1ba4651867fc5c0bbe2256,123,248,datacopy/Stefano/b99df8825d459598c400b90f7b422002cf5f5d868d1ba4651867fc5c0bbe2256,32
3099,3b5c7dde454e0fe867685c1dcb2a5b965b15d6e91264482c5791ce6e5a76a483,123,238,datacopy/Stefano/3b5c7dde454e0fe867685c1dcb2a5b965b15d6e91264482c5791ce6e5a76a483,32
3100,7f40b1e4c57b56cc2d6be7184fedbc60581b1b063aacd21bc927a035482c4818,123,3,datacopy/Stefano/7f40b1e4c57b56cc2d6be7184fedbc60581b1b063aacd21bc927a035482c4818,32
3101,34b7c399870de7660f7e30e4a028a70881901a632d5beafe16fdcd7646297e6a,123,3,datacopy/Stefano/34b7c399870de7660f7e30e4a028a70881901a632d5beafe16fdcd7646297e6a,32
3102,ba45dd07e0d864b729ec1853c3e8927efb875a90b617eaad35ac7fdf507a6353,123,642,datacopy/Stefano/ba45dd07e0d864b729ec1853c3e8927efb875a90b617eaad35ac7fdf507a6353,32
3103,3c0151be452532545f245cfafb0a86514e3d32d63349577f89f24dde03330bf8,123,642,datacopy/Stefano/3c0151be452532545f245cfafb0a86514e3d32d63349577f89f24dde03330bf8,32
3104,17a4a19090d14c5d49cf7a5e716d736fb98fdc09044d0385aa5ada661f792364,123,642,datacopy/Stefano/17a4a19090d14c5d49cf7a5e716d736fb98fdc09044d0385aa5ada661f792364,32
3105,e0ebc20ffc6638200b98bfa0798f7903715cdb01b8a5e446d349b030960fe40a,123,642,datacopy/Stefano/e0ebc20ffc6638200b98bfa0798f7903715cdb01b8a5e446d349b030960fe40a,32
3106,623437dbd3363c2f3ae92cffa5d945135528a4d4e328476ad7fda9bf8016b882,123,3,datacopy/Stefano/623437dbd3363c2f3ae92cffa5d945135528a4d4e328476ad7fda9bf8016b882,32
3107,6ecb146ececb56bf4a8286a3c748b0e8539ff71bcfebf54ef8dde2d2e0667c26,123,3,datacopy/Stefano/6ecb146ececb56bf4a8286a3c748b0e8539ff71bcfebf54ef8dde2d2e0667c26,32
3108,3355da581059b5cba744ab4652613bc2ae9b31bf18030385350b788a0e0cc6b2,123,1211,datacopy/Stefano/3355da581059b5cba744ab4652613bc2ae9b31bf18030385350b788a0e0cc6b2,32
3109,fb087b36fc10a72c448b2d599c4bed4faf49d57323db3e85e74c07cee7a378af,123,1387,datacopy/Stefano/fb087b36fc10a72c448b2d599c4bed4faf49d57323db3e85e74c07cee7a378af,32
3110,fc88e0a9a692b0f661f022d75b246d258e739fe25ad6e9a78a4f38821dd27b7d,123,1423,datacopy/Stefano/fc88e0a9a692b0f661f022d75b246d258e739fe25ad6e9a78a4f38821dd27b7d,32
3111,3db9f3cd4fd7752126afed9f1499192cb15f191a7e5ee931d73cf486e230ec86,123,1440,datacopy/Stefano/3db9f3cd4fd7752126afed9f1499192cb15f191a7e5ee931d73cf486e230ec86,32
3112,4494e0192f012296cf131fa9e1143f6224c9d1578ff9d560f5ae2c7078ccc613,123,3,datacopy/Stefano/4494e0192f012296cf131fa9e1143f6224c9d1578ff9d560f5ae2c7078ccc613,32
3113,fbdfe83cabb8cba7039b3d0b95c513323e4cf7da.bin,124,337,datacopy/UCSB.JP/data_feed.geo_japan_6m_public_flag/f/b/d/fbdfe83cabb8cba7039b3d0b95c513323e4cf7da.bin,1
3114,0700e0fe405c38cc65cf3d7a197cf299387fe30fcf80e2617d37753c20a0e5aa,124,337,datacopy/Stefano/0700e0fe405c38cc65cf3d7a197cf299387fe30fcf80e2617d37753c20a0e5aa,1
3115,e65aefc3586788523f8273cae61021a2b02c9f20.bin,125,1179,datacopy/UCSB.JP/data_feed.geo_japan_6m_public_flag/e/6/5/e65aefc3586788523f8273cae61021a2b02c9f20.bin,1
3116,f3ffc876531232e6819b174b43f008329c4712b3.bin,125,1179,datacopy/UCSB.JP/data_feed.geo_japan_6m_public_flag/f/3/f/f3ffc876531232e6819b174b43f008329c4712b3.bin,1
3117,0544ccab726921b6fe48512eb27ebb0f787117d4.bin,125,1179,datacopy/UCSB.JP/data_feed.geo_japan_6m_public_flag/0/5/4/0544ccab726921b6fe48512eb27ebb0f787117d4.bin,1
3118,65740d605a1474ca5c7ecff115586a613460404c.bin,125,1179,datacopy/UCSB/65740d605a1474ca5c7ecff115586a613460404c.bin,1
3119,e17ec29f6ecb9aa91d786b5afb409537b7485a05.bin,125,1179,datacopy/UCSB/e17ec29f6ecb9aa91d786b5afb409537b7485a05.bin,1
3120,5a9cf05fbf5aa950e14bb09611d32f29d6148b73.bin,125,1401,datacopy/UCSB/5a9cf05fbf5aa950e14bb09611d32f29d6148b73.bin,1
3121,67b28c4cde0cdd5763246f515925ad8e1d969e614bc65cf71b0159f467c857a3,125,1179,datacopy/Stefano/67b28c4cde0cdd5763246f515925ad8e1d969e614bc65cf71b0159f467c857a3,1
3122,9397b97155f5c38253d8914fd3501086e27c9e4e6eec36f2b8b683ff23c11bb5,125,1179,datacopy/Stefano/9397b97155f5c38253d8914fd3501086e27c9e4e6eec36f2b8b683ff23c11bb5,1
3123,dfb58f86a0632b0f4de501995bb8848259375e7cd55c9f0c083c65d982fc21b2,125,1179,datacopy/Stefano/dfb58f86a0632b0f4de501995bb8848259375e7cd55c9f0c083c65d982fc21b2,1
3124,d6f587880218f28eedaeb330554633f3e1e6bd4f3e7276245820d1f4800b0c36,125,1179,datacopy/Stefano/d6f587880218f28eedaeb330554633f3e1e6bd4f3e7276245820d1f4800b0c36,1
3125,82e44fbf23c6bf910706c634a8ddaff8b56094951ddce8d5cf5e0dae017f0aae,125,1179,datacopy/Stefano/82e44fbf23c6bf910706c634a8ddaff8b56094951ddce8d5cf5e0dae017f0aae,1
3126,b439e76f0cc798f2ec05df38b267fba13817ef0d2c2ed12a2aa2db6e4b93649e,125,1179,datacopy/Stefano/b439e76f0cc798f2ec05df38b267fba13817ef0d2c2ed12a2aa2db6e4b93649e,1
3127,6a5230f64189dcd73a38b49ccba8f2ceb99d4792cc5e0e95fc35563bbfb21b64,125,1179,datacopy/Stefano/6a5230f64189dcd73a38b49ccba8f2ceb99d4792cc5e0e95fc35563bbfb21b64,1
3128,a6554cc7de118bd2e390966b237f607968e3755b50ee97c9a043f8ab7e30d3a5,125,1179,datacopy/Stefano/a6554cc7de118bd2e390966b237f607968e3755b50ee97c9a043f8ab7e30d3a5,1
3129,ee0395b57c0e13f3d5f7b904e344370e089655887b463b10c94d0ab4252728e1,125,1179,datacopy/Stefano/ee0395b57c0e13f3d5f7b904e344370e089655887b463b10c94d0ab4252728e1,1
3130,c592fa3ae42ae0db20adaaa32c80f24cf1f96910aca7389c05e2deb93d4dd152,125,1179,datacopy/Stefano/c592fa3ae42ae0db20adaaa32c80f24cf1f96910aca7389c05e2deb93d4dd152,1
3131,e4047c02f2c3be5afd11570db00d2040effdbe07d9534b5630926ba5f7ad3555,125,1179,datacopy/Stefano/e4047c02f2c3be5afd11570db00d2040effdbe07d9534b5630926ba5f7ad3555,1
3132,f075eb52eb31518667fde3bd6529ebaa20954c41c81c6975cb66e5f1ec7a32cb,125,1179,datacopy/Stefano/f075eb52eb31518667fde3bd6529ebaa20954c41c81c6975cb66e5f1ec7a32cb,1
3133,6a5d80b3058492993bb55d0694b783d31426341613e166006528d5bf06057fd3,125,1179,datacopy/Stefano/6a5d80b3058492993bb55d0694b783d31426341613e166006528d5bf06057fd3,1
3134,1e27c7836f4a3d24469c2dbbbda2f99eda4a6969154db4ff63ce290381504372,125,1179,datacopy/Stefano/1e27c7836f4a3d24469c2dbbbda2f99eda4a6969154db4ff63ce290381504372,1
3135,1d6b39cffff25cff0b2d0a98eca801732cb2d0899bac8fd75b5259708a4883a9,125,1179,datacopy/Stefano/1d6b39cffff25cff0b2d0a98eca801732cb2d0899bac8fd75b5259708a4883a9,1
3136,b8d8022d7c57ef53ac4cd957ea50eb4e87e43a2199dea52316d6da9a78716698,125,1179,datacopy/Stefano/b8d8022d7c57ef53ac4cd957ea50eb4e87e43a2199dea52316d6da9a78716698,1
3137,aec84c8e830c7ff0c3ecc7aa7fe62eef5c02d0517f4492005fd7c6e8dc57eb2f,125,1179,datacopy/Stefano/aec84c8e830c7ff0c3ecc7aa7fe62eef5c02d0517f4492005fd7c6e8dc57eb2f,1
3138,ddb55377bf772cec69c8c952a822caba07cd460837abd6752677efb905fc17c6,125,3,datacopy/Stefano/ddb55377bf772cec69c8c952a822caba07cd460837abd6752677efb905fc17c6,1
3139,9ecfa449830739816de7cea3f1b3f465974e8bb70060a4bc23553745040499aa,125,1179,datacopy/Stefano/9ecfa449830739816de7cea3f1b3f465974e8bb70060a4bc23553745040499aa,1
3140,48363e731d6ad681d054918faff3a2d206bf12f4d3680b7acf1bcf40689db827,125,1179,datacopy/Stefano/48363e731d6ad681d054918faff3a2d206bf12f4d3680b7acf1bcf40689db827,1
3141,4756aaa67717935b439a727600226ff1bf35324d7ce46adcb34e0dd8c774af76,125,1179,datacopy/Stefano/4756aaa67717935b439a727600226ff1bf35324d7ce46adcb34e0dd8c774af76,1
3142,e2d246675a7c12c69267b60fcffb032bc8f3b6b2c07f77f0d5c95b3c99eef36e,125,1179,datacopy/Stefano/e2d246675a7c12c69267b60fcffb032bc8f3b6b2c07f77f0d5c95b3c99eef36e,1
3143,882fd9b7be548f8683b4c3ff6ca1ad74e3e5042f9a1d5feb4e0838ac91d64b33,125,1179,datacopy/Stefano/882fd9b7be548f8683b4c3ff6ca1ad74e3e5042f9a1d5feb4e0838ac91d64b33,1
3144,861c8fa39ceab300f980a8886e702f9d73a128c7d136805341afa9817dc4badf,125,3,datacopy/Stefano/861c8fa39ceab300f980a8886e702f9d73a128c7d136805341afa9817dc4badf,1
3145,b5df8148d33b1a939570252e00f49e2bc6c84864242a8a568d07c5a04fab77e2,125,1179,datacopy/Stefano/b5df8148d33b1a939570252e00f49e2bc6c84864242a8a568d07c5a04fab77e2,1
3146,153924cb1164632c90f5dd5d694d1d51959766766277fc2147dbc2e0000c6032,125,1179,datacopy/Stefano/153924cb1164632c90f5dd5d694d1d51959766766277fc2147dbc2e0000c6032,1
3147,421c72f47d9463c18e6159e59daa0683078df74c82ff5e1e0c629decae7b9cdd,125,1401,datacopy/Stefano/421c72f47d9463c18e6159e59daa0683078df74c82ff5e1e0c629decae7b9cdd,1
3148,212b9c6c6a152cfd586defa7ffedef7a5c0cca84598755789dc8e4230f8cd23b,125,1179,datacopy/Stefano/212b9c6c6a152cfd586defa7ffedef7a5c0cca84598755789dc8e4230f8cd23b,1
3149,8599d2f913838d0a866a4dba2fdcb0786c79ac803747402507a865c5378e899e,125,1179,datacopy/Stefano/8599d2f913838d0a866a4dba2fdcb0786c79ac803747402507a865c5378e899e,1
3150,154003b4a33a46b99d7a66a6bf34f78ee734ecc301b13ab2390752d6b0e406df,125,1179,datacopy/Stefano/154003b4a33a46b99d7a66a6bf34f78ee734ecc301b13ab2390752d6b0e406df,1
3151,2362e9f91e96a89d55b7b403658e9ce6135e5206db11a38672e7419ab6a11df3,125,1179,datacopy/Stefano/2362e9f91e96a89d55b7b403658e9ce6135e5206db11a38672e7419ab6a11df3,1
3152,fc2209e98b8a1f40edbe5a6fb08614b3c5fe15c4.bin,127,203,datacopy/UCSB.JP/data_feed.geo_japan_6m_public_flag/f/c/2/fc2209e98b8a1f40edbe5a6fb08614b3c5fe15c4.bin,1
3153,09b1be6ec1f9fdfc45906862d68eb3bd284f79e1.bin,127,203,datacopy/UCSB.JP/data_feed.geo_japan_6m_public_flag/0/9/b/09b1be6ec1f9fdfc45906862d68eb3bd284f79e1.bin,1
3154,c547b6b50b051a38b722b479b280b157fe053169.bin,127,203,datacopy/UCSB/c547b6b50b051a38b722b479b280b157fe053169.bin,1
3155,c3408dfb6ed9f07778852c54f489a0eefe04a717.bin,129,1281,datacopy/UCSB.JP/data_feed.geo_japan_6m_public_flag/c/3/4/c3408dfb6ed9f07778852c54f489a0eefe04a717.bin,45
3156,f0aed8dc6dfa9fb2304b2d0267f93b4a6b3698ca.bin,129,1281,datacopy/UCSB/f0aed8dc6dfa9fb2304b2d0267f93b4a6b3698ca.bin,45
3157,90669d979e378a6df779c977bcdf20bf89ca39fe.bin,129,1281,datacopy/UCSB/90669d979e378a6df779c977bcdf20bf89ca39fe.bin,45
3158,183966fc20eeb765b1500b65a26b6c5ea9a90345.bin,129,1281,datacopy/UCSB/183966fc20eeb765b1500b65a26b6c5ea9a90345.bin,45
3159,6523e822db8f00b66b7b071e19135f8d1a893653.bin,129,1281,datacopy/UCSB/6523e822db8f00b66b7b071e19135f8d1a893653.bin,45
3160,2d3c6c5889ea6f62d3cd2f2de99626a0b1b1e2aa.bin,129,1281,datacopy/UCSB/2d3c6c5889ea6f62d3cd2f2de99626a0b1b1e2aa.bin,45
3161,90c7dbd713c3b9cf1573fa847730144cb365145f.bin,129,1281,datacopy/UCSB/90c7dbd713c3b9cf1573fa847730144cb365145f.bin,45
3162,62ce9151101c09b383fc22fbb59911e007089b0c.bin,129,1281,datacopy/UCSB/62ce9151101c09b383fc22fbb59911e007089b0c.bin,45
3163,a3b9c71304ed8b733347950641dfd85bcc26ecfc.bin,129,1281,datacopy/UCSB/a3b9c71304ed8b733347950641dfd85bcc26ecfc.bin,45
3164,002d863e3f7cc9101bb3a9657ec8829b7c5dcde9.bin,129,1281,datacopy/UCSB/002d863e3f7cc9101bb3a9657ec8829b7c5dcde9.bin,45
3165,081da061647bc15553fc4cd0b85630bd45e6cb98.bin,129,1281,datacopy/UCSB/081da061647bc15553fc4cd0b85630bd45e6cb98.bin,45
3166,db88527f87f15c5fc11d12f2a1b99adee5602232.bin,129,1281,datacopy/UCSB/db88527f87f15c5fc11d12f2a1b99adee5602232.bin,45
3167,545f0c145eea08618945126ece80af875269996b.bin,129,1281,datacopy/UCSB/545f0c145eea08618945126ece80af875269996b.bin,45
3168,819eb8b7f92624ddf83eacbd57be0ecea41ead20.bin,129,1281,datacopy/UCSB/819eb8b7f92624ddf83eacbd57be0ecea41ead20.bin,45
3169,6c7d576b04a4bea2681f587326307fdb18b96c45.bin,129,1281,datacopy/UCSB/6c7d576b04a4bea2681f587326307fdb18b96c45.bin,45
3170,10838a19230577646368d2c6f32415e0fba480c8.bin,129,1281,datacopy/UCSB/10838a19230577646368d2c6f32415e0fba480c8.bin,45
3171,44fcaabf6cb21174fe0de1ddab98a19c6a648281.bin,129,1281,datacopy/UCSB/44fcaabf6cb21174fe0de1ddab98a19c6a648281.bin,45
3172,321ff93da04052d1838d0d9e94e637fc02daa212.bin,129,1281,datacopy/UCSB/321ff93da04052d1838d0d9e94e637fc02daa212.bin,45
3173,63a239f7ebbf48726e0c335799e461bf2218f092.bin,129,1281,datacopy/UCSB/63a239f7ebbf48726e0c335799e461bf2218f092.bin,45
3174,9c8c3f71eac90278c3df4fd7784a6a997a20bc68.bin,129,1281,datacopy/UCSB/9c8c3f71eac90278c3df4fd7784a6a997a20bc68.bin,45
3175,050a05769570a06fd6fa404a8a73ad5ff6eddcdd.bin,129,1281,datacopy/UCSB/050a05769570a06fd6fa404a8a73ad5ff6eddcdd.bin,45
3176,4423e2222846f981d6c2b8c59ba64f060daf61ab.bin,129,1281,datacopy/UCSB/4423e2222846f981d6c2b8c59ba64f060daf61ab.bin,45
3177,fae833b638d0d474ca5db2f033a878b78449f071.bin,129,1281,datacopy/UCSB/fae833b638d0d474ca5db2f033a878b78449f071.bin,45
3178,9be0507cbba691963b1e6756370c85abe0e3eb90.bin,129,1281,datacopy/UCSB/9be0507cbba691963b1e6756370c85abe0e3eb90.bin,45
3179,cde22fde606272e9d910a67f1394955236eece30.bin,129,1281,datacopy/UCSB/cde22fde606272e9d910a67f1394955236eece30.bin,45
3180,b2ec4c6df36b3843b584b4de1e6f01342a2b002c.bin,129,1281,datacopy/UCSB/b2ec4c6df36b3843b584b4de1e6f01342a2b002c.bin,45
3181,b9b35a89b499dffb1fddffaed2dd72b71bb14815.bin,129,1281,datacopy/UCSB/b9b35a89b499dffb1fddffaed2dd72b71bb14815.bin,45
3182,0fca6d528a80dce48c77b4a1f138cb340c8a5832.bin,129,1281,datacopy/UCSB/0fca6d528a80dce48c77b4a1f138cb340c8a5832.bin,45
3183,ead66324ece891f6942f2f3bcaa5d53ed8b4bdd9.bin,129,1281,datacopy/UCSB/ead66324ece891f6942f2f3bcaa5d53ed8b4bdd9.bin,45
3184,6a3d51078ab716ebe7c5404815781c71ce53783c.bin,129,1281,datacopy/UCSB/6a3d51078ab716ebe7c5404815781c71ce53783c.bin,45
3185,29109ef63f567623ed728b8d9d71c3a99fdbfed5.bin,129,1281,datacopy/UCSB/29109ef63f567623ed728b8d9d71c3a99fdbfed5.bin,45
3186,6477ab91d717069ccca7e30d370641475f04c29e.bin,129,1281,datacopy/UCSB/6477ab91d717069ccca7e30d370641475f04c29e.bin,45
3187,43df9785d2d8dca53856fc56429dec2e2a2497ff.bin,129,1281,datacopy/UCSB/43df9785d2d8dca53856fc56429dec2e2a2497ff.bin,45
3188,62abef5fe9eeb01864e502a17cbd20606455f825.bin,129,1281,datacopy/UCSB/62abef5fe9eeb01864e502a17cbd20606455f825.bin,45
3189,5ee1304c116d9200cb001cf63a0e6aee76683176.bin,129,1281,datacopy/UCSB/5ee1304c116d9200cb001cf63a0e6aee76683176.bin,45
3190,0c7b3a402fef338e1c53dd241badd00455c331c6.bin,129,1281,datacopy/UCSB/0c7b3a402fef338e1c53dd241badd00455c331c6.bin,45
3191,bd41cfe9618a2102f9209eaab2e0c666f89660c5.bin,129,1281,datacopy/UCSB/bd41cfe9618a2102f9209eaab2e0c666f89660c5.bin,45
3192,8f244b4c1b36b5bf3882998f33b35bb8e1b1774b.bin,129,1281,datacopy/UCSB/8f244b4c1b36b5bf3882998f33b35bb8e1b1774b.bin,45
3193,6d78e7d496ec4e7b9da9876a0304b54b540b01af.bin,129,1281,datacopy/UCSB/6d78e7d496ec4e7b9da9876a0304b54b540b01af.bin,45
3194,cf329816d01327c3fbb2f43576f5142b7ed80c95.bin,129,1281,datacopy/UCSB/cf329816d01327c3fbb2f43576f5142b7ed80c95.bin,45
3195,aee3bd9e764241f72309f80c020a84cd54f9dcbf.bin,129,1281,datacopy/UCSB/aee3bd9e764241f72309f80c020a84cd54f9dcbf.bin,45
3196,c8ea9b9810e0961439b9c15f43a1e251bcb2b684.bin,129,1281,datacopy/UCSB/c8ea9b9810e0961439b9c15f43a1e251bcb2b684.bin,45
3197,3abf98b8f83e66cf55d304949e525d06b3fcb231.bin,129,1281,datacopy/UCSB/3abf98b8f83e66cf55d304949e525d06b3fcb231.bin,45
3198,c152d11d1a22b46e8bb6b450a2c06be7e1ff961a.bin,129,1281,datacopy/UCSB/c152d11d1a22b46e8bb6b450a2c06be7e1ff961a.bin,45
3199,194da3c0e6fabd1446af91e5331b6e8ad54d97d1.bin,129,1281,datacopy/UCSB/194da3c0e6fabd1446af91e5331b6e8ad54d97d1.bin,45
3200,75ac14eb35a8d1b77c51b035ca97b2eb92968da6.bin,129,1281,datacopy/UCSB/75ac14eb35a8d1b77c51b035ca97b2eb92968da6.bin,45
3201,88d7591e809e78983448508e4a20d51b1fa2594f.bin,129,1281,datacopy/UCSB/88d7591e809e78983448508e4a20d51b1fa2594f.bin,45
3202,aff37f0380774d2168e548627f5e643f89829d15.bin,129,1281,datacopy/UCSB/aff37f0380774d2168e548627f5e643f89829d15.bin,45
3203,37c592b26a5726f7cda51297c98ba49379e2ac28.bin,129,1281,datacopy/UCSB/37c592b26a5726f7cda51297c98ba49379e2ac28.bin,45
3204,b59f60f8536aa7f0f9074e2bedf5ed596826bd8a.bin,129,1281,datacopy/UCSB/b59f60f8536aa7f0f9074e2bedf5ed596826bd8a.bin,45
3205,3c164096a59b3dbea2b98f254596fba9c2f67b5f.bin,129,1281,datacopy/UCSB/3c164096a59b3dbea2b98f254596fba9c2f67b5f.bin,45
3206,ac96d967ec5e3418ca7175690fce99c34bf65484.bin,129,1281,datacopy/UCSB/ac96d967ec5e3418ca7175690fce99c34bf65484.bin,45
3207,dd10aca310f82700480aa3b946a6251853b1b296.bin,129,1281,datacopy/UCSB/dd10aca310f82700480aa3b946a6251853b1b296.bin,45
3208,09eb56c6dbe1a0ffccf6721111cb63b2bb6cf22b.bin,129,1281,datacopy/UCSB/09eb56c6dbe1a0ffccf6721111cb63b2bb6cf22b.bin,45
3209,ffadfa4050137c3342b673bb7824caef55bec8cd.bin,129,1281,datacopy/UCSB/ffadfa4050137c3342b673bb7824caef55bec8cd.bin,45
3210,66f6c0a1c6da44034fb015f33c6dfebf9530c665.bin,129,1281,datacopy/UCSB/66f6c0a1c6da44034fb015f33c6dfebf9530c665.bin,45
3211,7504f4818092f6ce820f8b6e860dcc5378958179.bin,129,1281,datacopy/UCSB/7504f4818092f6ce820f8b6e860dcc5378958179.bin,45
3212,d6079e152bfe1350897a265296620525889523f1.bin,129,1281,datacopy/UCSB/d6079e152bfe1350897a265296620525889523f1.bin,45
3213,c832e29fc1621294a338609308bcba3e533e5c2a.bin,129,1281,datacopy/UCSB/c832e29fc1621294a338609308bcba3e533e5c2a.bin,45
3214,5bc9b3ea9fe27b3a960cdc49aeb48dd14411afc2.bin,129,1281,datacopy/UCSB/5bc9b3ea9fe27b3a960cdc49aeb48dd14411afc2.bin,45
3215,459f16a1e86710e4b76af042eb8d135d0630f1e4.bin,129,1281,datacopy/UCSB/459f16a1e86710e4b76af042eb8d135d0630f1e4.bin,45
3216,b80b4bf16a0a3b49b2d7b27dd81a33dfee5343fd.bin,129,1281,datacopy/UCSB/b80b4bf16a0a3b49b2d7b27dd81a33dfee5343fd.bin,45
3217,a1a0a1b0c5360a0f6c2cb67766b66486b0ed2779.bin,129,1281,datacopy/UCSB/a1a0a1b0c5360a0f6c2cb67766b66486b0ed2779.bin,45
3218,8dc7a5ad4c8f4cad2fca5e62f0a87195a5370473.bin,129,1281,datacopy/UCSB/8dc7a5ad4c8f4cad2fca5e62f0a87195a5370473.bin,45
3219,87398ede4fe179ecd210d76ea839ad113b302f65.bin,129,1281,datacopy/UCSB/87398ede4fe179ecd210d76ea839ad113b302f65.bin,45
3220,bfabb4bd05995f17a94349126bc8f89ab0bf3950.bin,129,1281,datacopy/UCSB/bfabb4bd05995f17a94349126bc8f89ab0bf3950.bin,45
3221,4ce48adc42301bf40c63254f43207a159123db95.bin,129,1281,datacopy/UCSB/4ce48adc42301bf40c63254f43207a159123db95.bin,45
3222,d976fb55bd07a62873543afcb0101f82599f4d71.bin,129,1281,datacopy/UCSB/d976fb55bd07a62873543afcb0101f82599f4d71.bin,45
3223,e45b6b121af4ee400ad173d3cec1eacbc06c4f92.bin,129,1281,datacopy/UCSB/e45b6b121af4ee400ad173d3cec1eacbc06c4f92.bin,45
3224,f42131c9da7bfd6b2d6fc1ea188b90ecf1f4f001.bin,129,1281,datacopy/UCSB/f42131c9da7bfd6b2d6fc1ea188b90ecf1f4f001.bin,45
3225,8d1ec23b7945a71db618425e58d494d6b2cf2627.bin,129,1281,datacopy/UCSB/8d1ec23b7945a71db618425e58d494d6b2cf2627.bin,45
3226,96b3f2e4b92f0acf7da14f64d1bc22881abd6b57.bin,129,1281,datacopy/UCSB/96b3f2e4b92f0acf7da14f64d1bc22881abd6b57.bin,45
3227,9b280be34b26a7eeee30f8e0414bb2bec1493817.bin,129,1281,datacopy/UCSB/9b280be34b26a7eeee30f8e0414bb2bec1493817.bin,45
3228,84af639b394e03a76925ca49cdccb5bbb9a67f02.bin,129,1281,datacopy/UCSB/84af639b394e03a76925ca49cdccb5bbb9a67f02.bin,45
3229,b19105f607a0b800d37786c41c539b25ff7b09e5.bin,129,1281,datacopy/UCSB/b19105f607a0b800d37786c41c539b25ff7b09e5.bin,45
3230,50833a0926cc7c272ddff4142a5f7b9faea5f41b.bin,129,1281,datacopy/UCSB/50833a0926cc7c272ddff4142a5f7b9faea5f41b.bin,45
3231,d7b90ba9521c1e617355e7f41fae79c292046aa7.bin,129,1281,datacopy/UCSB/d7b90ba9521c1e617355e7f41fae79c292046aa7.bin,45
3232,4d0eca307294bd9456cc41cbfab03b7ad56edfd5.bin,129,1281,datacopy/UCSB/4d0eca307294bd9456cc41cbfab03b7ad56edfd5.bin,45
3233,7a453b78251a21c252bb26c80f63750f50566c51.bin,129,1281,datacopy/UCSB/7a453b78251a21c252bb26c80f63750f50566c51.bin,45
3234,975fc5b7b59937d588d0cbccdc3658539c53fae1.bin,129,1281,datacopy/UCSB/975fc5b7b59937d588d0cbccdc3658539c53fae1.bin,45
3235,b861f5f1dd2b13c3fd2c78bce0c4e089d32ae61c.bin,129,1281,datacopy/UCSB/b861f5f1dd2b13c3fd2c78bce0c4e089d32ae61c.bin,45
3236,ee02c72c9d7d36f1dc080a7183f08821a62ab2e5.bin,129,1281,datacopy/UCSB/ee02c72c9d7d36f1dc080a7183f08821a62ab2e5.bin,45
3237,b2ac666de3896462179cd49ca51067a3c80a8bab.bin,129,1281,datacopy/UCSB/b2ac666de3896462179cd49ca51067a3c80a8bab.bin,45
3238,c7374ebd01badd540f0e719d65302cfc4a1d67bf.bin,129,1281,datacopy/UCSB/c7374ebd01badd540f0e719d65302cfc4a1d67bf.bin,45
3239,64faad039f23a539fe4235a0cfc2de2cd6fedeaa.bin,129,1281,datacopy/UCSB/64faad039f23a539fe4235a0cfc2de2cd6fedeaa.bin,45
3240,cbcb3240f98fba422e01eb9134942b954e1d49f7.bin,129,1281,datacopy/UCSB/cbcb3240f98fba422e01eb9134942b954e1d49f7.bin,45
3241,ed8af23ce7581c64150aecfcff67a49af2d37266.bin,129,1281,datacopy/UCSB/ed8af23ce7581c64150aecfcff67a49af2d37266.bin,45
3242,7d5a55958d816f7c690985a4b3123fa25f562065.bin,129,1281,datacopy/UCSB/7d5a55958d816f7c690985a4b3123fa25f562065.bin,45
3243,80f7b2324bd830fd1b001c6aa71596f5384d73f5.bin,129,1281,datacopy/UCSB/80f7b2324bd830fd1b001c6aa71596f5384d73f5.bin,45
3244,20f72d955753fbbf4eff29f6e1e2c307a35b8222.bin,129,1281,datacopy/UCSB/20f72d955753fbbf4eff29f6e1e2c307a35b8222.bin,45
3245,2318d31a9352e00960203028b0ca78b6696904e0.bin,129,1281,datacopy/UCSB/2318d31a9352e00960203028b0ca78b6696904e0.bin,45
3246,d8161ccfe20b6006841c8276d5c1d166fc3e1ca1980b05b1fa0131663b084b20,129,1281,datacopy/Stefano/d8161ccfe20b6006841c8276d5c1d166fc3e1ca1980b05b1fa0131663b084b20,45
3247,465333c6cdef372e98ccbe062d1f4daa7a236e0e55b1542dd111453b6f5e2d75,129,1281,datacopy/Stefano/465333c6cdef372e98ccbe062d1f4daa7a236e0e55b1542dd111453b6f5e2d75,45
3248,ff33387b05ed60ff8a375684ab600e84cb8816e9337fc17a3be9b7160783c4c0,129,1281,datacopy/Stefano/ff33387b05ed60ff8a375684ab600e84cb8816e9337fc17a3be9b7160783c4c0,45
3249,0283c8f85781d98e2809e9b8366b09a8a64f691b9fe8e2f1caa5b352ead2a153,129,1281,datacopy/Stefano/0283c8f85781d98e2809e9b8366b09a8a64f691b9fe8e2f1caa5b352ead2a153,45
3250,9d46ea1c5e89620efa22d7e05d70603fb997e01972e68dd7aff3265ccd6022c3,129,1281,datacopy/Stefano/9d46ea1c5e89620efa22d7e05d70603fb997e01972e68dd7aff3265ccd6022c3,45
3251,fa548283a8b3fde19f48adf527e68e57cca7f4f22d1fc4b5221b52d3ec7ebc18,129,1281,datacopy/Stefano/fa548283a8b3fde19f48adf527e68e57cca7f4f22d1fc4b5221b52d3ec7ebc18,45
3252,590c4bd169ee6bc715fb8c739427def092f789ab73354bde1c31839a11794ed1,129,1281,datacopy/Stefano/590c4bd169ee6bc715fb8c739427def092f789ab73354bde1c31839a11794ed1,45
3253,84227d115ffab54d3353964b5a456584e8bf904166e86e8aef4f40e7204bba4e,129,1281,datacopy/Stefano/84227d115ffab54d3353964b5a456584e8bf904166e86e8aef4f40e7204bba4e,45
3254,e9acd9c0c50943d3c17003cacb55de47a9dfa039bfa257d0a0427c2ebbb4c2e2,129,1281,datacopy/Stefano/e9acd9c0c50943d3c17003cacb55de47a9dfa039bfa257d0a0427c2ebbb4c2e2,45
3255,bf9b5598df46a350d4b68583300638c675b854e9f49055a1d83c91bb246dcd0b,129,1281,datacopy/Stefano/bf9b5598df46a350d4b68583300638c675b854e9f49055a1d83c91bb246dcd0b,45
3256,173000c8e7767ab8165a3077bdfb68a4209b59cebba0d49be73150592c635737,129,1281,datacopy/Stefano/173000c8e7767ab8165a3077bdfb68a4209b59cebba0d49be73150592c635737,45
3257,69151fb0935a58ed9713940b5d4d524db4caaf0d4fd81bbc7f024bfb6ed41bc2,129,1281,datacopy/Stefano/69151fb0935a58ed9713940b5d4d524db4caaf0d4fd81bbc7f024bfb6ed41bc2,45
3258,7323cffe668ef5ba42f70a00acc1a48c367a89a3856bb55ae7dc5fe6ecea4f53,129,1281,datacopy/Stefano/7323cffe668ef5ba42f70a00acc1a48c367a89a3856bb55ae7dc5fe6ecea4f53,45
3259,eff23fb7ac509f74f56701d50055e080e764144fa1aef89a19d384f670ed8c3b,129,1281,datacopy/Stefano/eff23fb7ac509f74f56701d50055e080e764144fa1aef89a19d384f670ed8c3b,45
3260,dbc694d431d9c5234864f2ae6ae71176292be3c4a5798491b100a9308b0522fa,129,1281,datacopy/Stefano/dbc694d431d9c5234864f2ae6ae71176292be3c4a5798491b100a9308b0522fa,45
3261,68dd008db2be40962c40bd3d2d981fcf7d7c154fbe0e14ce5935bebda0ca648a,129,1281,datacopy/Stefano/68dd008db2be40962c40bd3d2d981fcf7d7c154fbe0e14ce5935bebda0ca648a,45
3262,bdeff005ef12b1baea0880a575f74d6eeeccfeb4a431cc6724c9e5c20c4a71cf,129,1281,datacopy/Stefano/bdeff005ef12b1baea0880a575f74d6eeeccfeb4a431cc6724c9e5c20c4a71cf,45
3263,4959e92c9e41cdbe7947054e06816fdff22a6fc483a6ca5a08ee08f2944b7e00,129,1281,datacopy/Stefano/4959e92c9e41cdbe7947054e06816fdff22a6fc483a6ca5a08ee08f2944b7e00,45
3264,06d74c5b650249516a423f39b4817231e1f8b2c6d1c1220aead5956bfcd400c6,129,1281,datacopy/Stefano/06d74c5b650249516a423f39b4817231e1f8b2c6d1c1220aead5956bfcd400c6,45
3265,059cecdf47db774681ab34fe350a3834e878ddab4f77fd7dc07e5d1be2d5f46d,129,1281,datacopy/Stefano/059cecdf47db774681ab34fe350a3834e878ddab4f77fd7dc07e5d1be2d5f46d,45
3266,ee8b171ce83227a26797870851bcc134331bb7bfcb8c7c5e2bbeea5a9cde0b5d,129,1281,datacopy/Stefano/ee8b171ce83227a26797870851bcc134331bb7bfcb8c7c5e2bbeea5a9cde0b5d,45
3267,027ef9bb4cff1bdd6ea8513cdc3c3db8f486d9f6c057b4f8d1984095796c7571,129,1281,datacopy/Stefano/027ef9bb4cff1bdd6ea8513cdc3c3db8f486d9f6c057b4f8d1984095796c7571,45
3268,472f77276cdcf8334c51de6465d415d8f56d8470c07eb826583f81f2c1cb28b7,129,1281,datacopy/Stefano/472f77276cdcf8334c51de6465d415d8f56d8470c07eb826583f81f2c1cb28b7,45
3269,5c94c829690bab57b084b40ea12b919024a2e590d6fb27815fe337fcf10cf6d3,129,1281,datacopy/Stefano/5c94c829690bab57b084b40ea12b919024a2e590d6fb27815fe337fcf10cf6d3,45
3270,941fc01b8ba17bda7cf075631e490371c3b9ca1a13cc649c7b0a9a82bbf85cbe,129,1281,datacopy/Stefano/941fc01b8ba17bda7cf075631e490371c3b9ca1a13cc649c7b0a9a82bbf85cbe,45
3271,6f4af82371759063fffe428d7baefd3a9409c73c.bin,130,556,datacopy/UCSB/6f4af82371759063fffe428d7baefd3a9409c73c.bin,1
3272,c9d0c364631121785193d162e038fb766744a817774da5a82e006fff91df396b,130,556,datacopy/Stefano/c9d0c364631121785193d162e038fb766744a817774da5a82e006fff91df396b,1
3273,08f79420d146d346c91c9cdce397cb46c25ed21049a1723ed701f451fbb7945f,130,556,datacopy/Stefano/08f79420d146d346c91c9cdce397cb46c25ed21049a1723ed701f451fbb7945f,1
3274,c3cb6c984610952e6f2d8fcf5d4a5f5daad6cf41eb5b73334b475bc741237cce,130,556,datacopy/Stefano/c3cb6c984610952e6f2d8fcf5d4a5f5daad6cf41eb5b73334b475bc741237cce,1
3275,f5964adedc640a05be470b0cfa67b708e4941cd769d2d0a60eecdc975b1633bc,130,556,datacopy/Stefano/f5964adedc640a05be470b0cfa67b708e4941cd769d2d0a60eecdc975b1633bc,1
3276,f0a69b1a4dcc0cf3e0f85519d7943e4c9aa90296.bin,133,3,datacopy/UCSB.JP/data_feed.geo_japan_6m_public_flag/f/0/a/f0a69b1a4dcc0cf3e0f85519d7943e4c9aa90296.bin,1
3277,c640ed00cb0e569271ddf7f6b017fe125ed5c870.bin,133,3,datacopy/UCSB.JP/data_feed.geo_japan_6m_public_flag/c/6/4/c640ed00cb0e569271ddf7f6b017fe125ed5c870.bin,1
3278,e759e629c1001c025f858cf9dc63dbeccebb3dd3.bin,134,203,datacopy/UCSB.JP/data_feed.geo_japan_6m_public_flag/e/7/5/e759e629c1001c025f858cf9dc63dbeccebb3dd3.bin,1
3279,b54a0d4a048870eecd15dd669768429147f7f34b.bin,134,203,datacopy/UCSB.JP/data_feed.geo_japan_6m_public_flag/b/5/4/b54a0d4a048870eecd15dd669768429147f7f34b.bin,1
3280,4becb5709976c2040976444080ce159f5a5b149b.bin,134,203,datacopy/UCSB.JP/data_feed.geo_japan_6m_public_flag/4/b/e/4becb5709976c2040976444080ce159f5a5b149b.bin,1
3281,b509d1f414758b77fe9a0a6013638d8125427ffc.bin,135,203,datacopy/UCSB.JP/data_feed.geo_japan_6m_public_flag/b/5/0/b509d1f414758b77fe9a0a6013638d8125427ffc.bin,3
3282,432555ea8e4ec36885803e04c552d631476792c3.bin,135,1998,datacopy/UCSB.JP/data_feed.geo_japan_6m_public_flag/4/3/2/432555ea8e4ec36885803e04c552d631476792c3.bin,3
3283,499d661603ee81423762a28b71997498a438e050.bin,135,1998,datacopy/UCSB.JP/data_feed.geo_japan_6m_public_flag/4/9/9/499d661603ee81423762a28b71997498a438e050.bin,3
3284,7f7e299d9bff6ffb48e1e553e838e5eebae07d9c.bin,135,1998,datacopy/UCSB.JP/data_feed.geo_japan_6m_public_flag/7/f/7/7f7e299d9bff6ffb48e1e553e838e5eebae07d9c.bin,3
3285,b50195b142cb1cef963617969f3bb71f8588fc09.bin,136,2049,datacopy/UCSB.JP/data_feed.geo_japan_6m_public_flag/b/5/0/b50195b142cb1cef963617969f3bb71f8588fc09.bin,1
3286,c8664585b3ef57846f655af155078ed65ecc3766.bin,136,556,datacopy/UCSB.JP/data_feed.geo_japan_6m_public_flag/c/8/6/c8664585b3ef57846f655af155078ed65ecc3766.bin,1
3287,49728bc10de1626ccfdef4653df8fb8aa462b61d.bin,136,556,datacopy/UCSB.JP/data_feed.geo_japan_6m_public_flag/4/9/7/49728bc10de1626ccfdef4653df8fb8aa462b61d.bin,1
3288,01a096e94acbefbebf6c90ca9d801f9c32a6dde9.bin,136,556,datacopy/UCSB.JP/data_feed.geo_japan_6m_public_flag/0/1/a/01a096e94acbefbebf6c90ca9d801f9c32a6dde9.bin,1
3289,0b40f537080856087ef6d39db75948ff0b01f9ad.bin,140,60,datacopy/UCSB.JP/data_feed.geo_japan_6m_public_flag/0/b/4/0b40f537080856087ef6d39db75948ff0b01f9ad.bin,28
3290,se13061303.EXE,140,60,datacopy/BB/Files/2013-06-13/se13061303.EXE,28
3291,lkimc.cpl,140,60,datacopy/BB/Files/2013-12-10/lkimc.cpl,28
3292,quebra.exe,140,155,datacopy/BB/Files/2012-09-13/quebra.exe,28
3293,styyou.exe,140,60,datacopy/BB/Files/2014-07-04/styyou.exe,28
3294,file.622649.exe,140,3,datacopy/Honeypots/file.622649.exe,28
3295,LoadQuebraAV.jpg.exe,140,60,datacopy/BB/Files/2012-03-26/LoadQuebraAV.jpg.exe,28
3296,file.622649.exe,140,3,datacopy/Honeypots/file.622649.exe,28
3297,novsisteleks.exe,140,60,datacopy/BB/Files/2014-04-02/novsisteleks.exe,28
3298,file.622649.exe,140,3,datacopy/Honeypots/file.622649.exe,28
3299,xre.dll,140,60,datacopy/BB/Files/2018-02-08/xre.dll,28
3300,MAANTIVIR.cpl,140,163,datacopy/BB/Files/2012-10-25/MAANTIVIR.cpl,28
3301,Centriners.cpl,140,2,datacopy/BB/Files/2014-07-03/Centriners.cpl,28
3302,wcntiqav.exe,140,2,datacopy/BB/Files/2017-09-06/wcntiqav.exe,28
3303,qrp.exe,140,60,datacopy/BB/Files/2017-06-09/qrp.exe,28
3304,estampadjeans.cpl,140,2,datacopy/BB/Files/2014-03-24/estampadjeans.cpl,28
3305,FDmf.cpl,140,2,datacopy/BB/Files/2014-04-14/FDmf.cpl,28
3306,wcntiqav.exe,140,2,datacopy/BB/Files/2017-09-06/wcntiqav.exe,28
3307,wcntiqav.exe,140,2,datacopy/BB/Files/2017-09-06/wcntiqav.exe,28
3308,3F374C.exe,140,3,datacopy/BB/Files/2012-03-29/3F374C.exe,28
3309,smartni-cd.cpl,140,60,datacopy/BB/Files/2013-12-17/smartni-cd.cpl,28
3310,file.622649.exe,140,3,datacopy/Honeypots/file.622649.exe,28
3311,wcntiqav.exe,140,2,datacopy/BB/Files/2017-09-06/wcntiqav.exe,28
3312,erik.cpl,140,2,datacopy/BB/Files/2014-07-07/erik.cpl,28
3313,windisc.exe,140,3,datacopy/BB/Files/2013-08-16/windisc.exe,28
3314,rav.rar.exe,140,60,datacopy/BB/Files/2015-10-07/rav.rar.exe,28
3315,newoption.cpl,140,2,datacopy/BB/Files/2014-07-01/newoption.cpl,28
3316,04988932bd63e176d92cd0dd0870d9284006f1c1.bin,142,1149,datacopy/UCSB.JP/data_feed.geo_japan_6m_public_flag/0/4/9/04988932bd63e176d92cd0dd0870d9284006f1c1.bin,1
3317,697eb5063e4b74b538239961992e848bd67796fe.bin,142,1149,datacopy/UCSB/697eb5063e4b74b538239961992e848bd67796fe.bin,1
3318,26147ea66772f1bcc99a85c4823a74e4b638308d73f5ff2bee3741adc2d0191b,142,1149,datacopy/Stefano/26147ea66772f1bcc99a85c4823a74e4b638308d73f5ff2bee3741adc2d0191b,1
3319,7ce4e05a3f9d001397b31ed8b237a1addbcd1910a8a56ef897577525d6b1bdc7,142,1149,datacopy/Stefano/7ce4e05a3f9d001397b31ed8b237a1addbcd1910a8a56ef897577525d6b1bdc7,1
3320,c593052c4c76edaf838ee860056c4d124874d3693c069ba2c61bb8d8355a8d7c,142,1149,datacopy/Stefano/c593052c4c76edaf838ee860056c4d124874d3693c069ba2c61bb8d8355a8d7c,1
3321,caba65daa01062ef354ae7afe3defacf8d1a1b4422b49fa8df884bd5bff96103,142,1149,datacopy/Stefano/caba65daa01062ef354ae7afe3defacf8d1a1b4422b49fa8df884bd5bff96103,1
3322,7a00b2ac24a9453c9bd54df8737c58cb60dd4f33.bin,145,203,datacopy/UCSB.JP/data_feed.geo_japan_6m_public_flag/7/a/0/7a00b2ac24a9453c9bd54df8737c58cb60dd4f33.bin,1
3323,97b90705272af3e9ed71c2e8f8fc7c5e30e3ee4f.bin,145,1008,datacopy/UCSB/97b90705272af3e9ed71c2e8f8fc7c5e30e3ee4f.bin,1
3324,06e117f7c87a84ec14f23c60a5478bf1f04de9a9309d1fcbd1dd306b0bbe7b2b,145,1229,datacopy/Stefano/06e117f7c87a84ec14f23c60a5478bf1f04de9a9309d1fcbd1dd306b0bbe7b2b,1
3325,79b90ccb46671719c7f612aaa10d6f1a95cbf368.bin,146,1289,datacopy/UCSB.JP/data_feed.geo_japan_6m_public_flag/7/9/b/79b90ccb46671719c7f612aaa10d6f1a95cbf368.bin,1
3326,ccce0d8635f52a297bea2567fde009a9156ea00861e58e00e27b053a1b534046,146,1289,datacopy/Stefano/ccce0d8635f52a297bea2567fde009a9156ea00861e58e00e27b053a1b534046,1
3327,0fb20486f9bfd3a7a534fa4869adc0c5e4800dda5eca4a1dafaf238a1d1113dc,146,1289,datacopy/Stefano/0fb20486f9bfd3a7a534fa4869adc0c5e4800dda5eca4a1dafaf238a1d1113dc,1
3328,6a068ac4380a230f6e5c7a2e3a698cfd835fe4815a803582ba285c862e943e3b,146,1289,datacopy/Stefano/6a068ac4380a230f6e5c7a2e3a698cfd835fe4815a803582ba285c862e943e3b,1
3329,View_Protesto10.exe,149,27,datacopy/BB/Files/2013-04-12/View_Protesto10.exe,12
3330,Rel.2oficio.Cobrancas.cpl.exe,149,3,datacopy/BB/Files/2013-03-22/Rel.2oficio.Cobrancas.cpl.exe,12
3331,CMPV_Deosito-45674.exe,149,3,datacopy/BB/Files/2013-03-22/CMPV_Deosito-45674.exe,12
3332,NF-Email-098120374918023704891279483712837409182734098172034-xml.exe,149,3,datacopy/BB/Files/2012-10-31/NF-Email-098120374918023704891279483712837409182734098172034-xml.exe,12
3333,copia-cheque-devolvido-visualizar-jpg.exe,149,3,datacopy/BB/Files/2012-10-31/copia-cheque-devolvido-visualizar-jpg.exe,12
3334,pendencia092847.com,149,212,datacopy/BB/Files/2013-05-14/pendencia092847.com,12
3335,Copia-Cheque-Protestado-0231074128097340918731928319283.xml.exe,149,3,datacopy/BB/Files/2012-10-19/Copia-Cheque-Protestado-0231074128097340918731928319283.xml.exe,12
3336,00382524400387.exe,149,3,datacopy/BB/Files/2013-03-19/00382524400387.exe,12
3337,Documentos-300-289-Xml.exe,149,3,datacopy/BB/Files/2013-03-25/Documentos-300-289-Xml.exe,12
3338,Simples-Nacional.exe,149,3,datacopy/BB/Files/2013-03-25/Simples-Nacional.exe,12
3339,Anexo851364.exe,149,3,datacopy/BB/Files/2012-12-28/Anexo851364.exe,12
3340,Orcamento-Via-Email-1273809470192837409182730489127304987120398471-xml.exe,149,3,datacopy/BB/Files/2012-10-29/Orcamento-Via-Email-1273809470192837409182730489127304987120398471-xml.exe,12
3341,Conprvante-4653443.exe,149,3,datacopy/BB/Files/2013-04-01/Conprvante-4653443.exe,12
3342,ad6f2730971e341b36021526800bf0746ffd7ac6.bin,150,1477,datacopy/UCSB/ad6f2730971e341b36021526800bf0746ffd7ac6.bin,21
3343,8cc9232622d39cb915223665c3091f10a3f429b5.bin,150,1477,datacopy/UCSB/8cc9232622d39cb915223665c3091f10a3f429b5.bin,21
3344,38966b137ecab280e869613cf95531ee97a8d2f0.bin,150,1477,datacopy/UCSB/38966b137ecab280e869613cf95531ee97a8d2f0.bin,21
3345,bf3a2cb1d76eb58a36648c7bd035d10a8d60ef19.bin,150,1477,datacopy/UCSB/bf3a2cb1d76eb58a36648c7bd035d10a8d60ef19.bin,21
3346,d050773b8b8b4257202a59fa50e79b9316e03f31.bin,150,1477,datacopy/UCSB/d050773b8b8b4257202a59fa50e79b9316e03f31.bin,21
3347,b57302650283d58ffb74122aa0e4c43d5bc0b41b.bin,150,1477,datacopy/UCSB/b57302650283d58ffb74122aa0e4c43d5bc0b41b.bin,21
3348,35089a01edd75861005f2fefac2ada8de6524024.bin,150,1477,datacopy/UCSB/35089a01edd75861005f2fefac2ada8de6524024.bin,21
3349,a25a9efaaa847ca7ee1497d1a1814bcb9a02ea2e.bin,150,1477,datacopy/UCSB/a25a9efaaa847ca7ee1497d1a1814bcb9a02ea2e.bin,21
3350,d01f7d07dc7965768f8accf8d3002f24510d191e.bin,150,1477,datacopy/UCSB/d01f7d07dc7965768f8accf8d3002f24510d191e.bin,21
3351,f13c6546946c6f92bd7b4470b2909a687971e968.bin,150,1477,datacopy/UCSB/f13c6546946c6f92bd7b4470b2909a687971e968.bin,21
3352,2d7c840cfc30a5851d4bc17cc435ade9eda55202.bin,150,1477,datacopy/UCSB/2d7c840cfc30a5851d4bc17cc435ade9eda55202.bin,21
3353,4bbe080702bd52e7a84048cb51a652824e10ee4a.bin,150,1477,datacopy/UCSB/4bbe080702bd52e7a84048cb51a652824e10ee4a.bin,21
3354,4177ba937b650c763df00efc21730fba32f94351.bin,150,1477,datacopy/UCSB/4177ba937b650c763df00efc21730fba32f94351.bin,21
3355,c6505fdbb6ac2ece2527b8d2bc8dc760e2728f25.bin,150,1477,datacopy/UCSB/c6505fdbb6ac2ece2527b8d2bc8dc760e2728f25.bin,21
3356,c0bedcf474ee044d08bf62155be596b2aff5dc64.bin,150,1477,datacopy/UCSB/c0bedcf474ee044d08bf62155be596b2aff5dc64.bin,21
3357,54056699c0bb803c08e3416fdddabac4d294580c.bin,150,1477,datacopy/UCSB/54056699c0bb803c08e3416fdddabac4d294580c.bin,21
3358,0b68caae7cace122fcee8b03d3bed9c6965e1bc4.bin,150,1477,datacopy/UCSB/0b68caae7cace122fcee8b03d3bed9c6965e1bc4.bin,21
3359,6f86d4a9b09a6ab247e182e3c00e1c692783258e.bin,150,1477,datacopy/UCSB/6f86d4a9b09a6ab247e182e3c00e1c692783258e.bin,21
3360,588ab901c668ebae2663f6b7982f49a237ca6cb5.bin,150,1477,datacopy/UCSB/588ab901c668ebae2663f6b7982f49a237ca6cb5.bin,21
3361,603c472f18e9828a64db0bda66520673fa70f53e.bin,150,1477,datacopy/UCSB/603c472f18e9828a64db0bda66520673fa70f53e.bin,21
3362,3434a0c353a8b1362e54377a769945f6615131af.bin,150,1477,datacopy/UCSB/3434a0c353a8b1362e54377a769945f6615131af.bin,21
3363,15c58e36694e68640d9e20e99ee0000303230708.bin,150,1477,datacopy/UCSB/15c58e36694e68640d9e20e99ee0000303230708.bin,21
3364,9b8c2c1d59262c8a8c62c3e7367aa913093260d4.bin,150,1477,datacopy/UCSB/9b8c2c1d59262c8a8c62c3e7367aa913093260d4.bin,21
3365,aa6c5e0e670df0bf757a5b82fb920ba29d8d8436.bin,150,1477,datacopy/UCSB/aa6c5e0e670df0bf757a5b82fb920ba29d8d8436.bin,21
3366,91a87f03096d7a56edeeb989e0236ed1e7d9e5f4.bin,150,1477,datacopy/UCSB/91a87f03096d7a56edeeb989e0236ed1e7d9e5f4.bin,21
3367,54960bed2d0092c2a14b1a9386753f214a533240.bin,150,1477,datacopy/UCSB/54960bed2d0092c2a14b1a9386753f214a533240.bin,21
3368,67118986bfac7eb57c8d92917c441ae71c715436.bin,150,1477,datacopy/UCSB/67118986bfac7eb57c8d92917c441ae71c715436.bin,21
3369,12f90ab20c893c1b5810b4cf0f5188e7e327a4fb.bin,150,1477,datacopy/UCSB/12f90ab20c893c1b5810b4cf0f5188e7e327a4fb.bin,21
3370,2920c8d97e9c0e8803f392f892f906340c101d0a.bin,150,1477,datacopy/UCSB/2920c8d97e9c0e8803f392f892f906340c101d0a.bin,21
3371,eacc07431a81e719ddaa93db1598ee7525fe0361.bin,150,1477,datacopy/UCSB/eacc07431a81e719ddaa93db1598ee7525fe0361.bin,21
3372,91e2341825cbcb35ebb0aade615c175007cc53ee.bin,150,1477,datacopy/UCSB/91e2341825cbcb35ebb0aade615c175007cc53ee.bin,21
3373,c06b9e251449bf3ee9921a8e25cfa4e0fc359c31.bin,150,1477,datacopy/UCSB/c06b9e251449bf3ee9921a8e25cfa4e0fc359c31.bin,21
3374,77ddbcd9115b081a38a871d03a164bb6edf9a457.bin,150,1477,datacopy/UCSB/77ddbcd9115b081a38a871d03a164bb6edf9a457.bin,21
3375,2af67f3ef7940fba88c8f80b255fc256d2f47651.bin,150,1477,datacopy/UCSB/2af67f3ef7940fba88c8f80b255fc256d2f47651.bin,21
3376,5814e7bf7c9f40a7cc47331fca3401502c0cc551.bin,150,1477,datacopy/UCSB/5814e7bf7c9f40a7cc47331fca3401502c0cc551.bin,21
3377,3eb646ab0f2ae6ff7b82e1117ac8918e9252c6c7.bin,150,1477,datacopy/UCSB/3eb646ab0f2ae6ff7b82e1117ac8918e9252c6c7.bin,21
3378,351ef411734c1c9d99c25288981ef2b7a70aefd3.bin,150,1477,datacopy/UCSB/351ef411734c1c9d99c25288981ef2b7a70aefd3.bin,21
3379,223837514206c2b792cfc2684ab5c8b773286373.bin,150,1477,datacopy/UCSB/223837514206c2b792cfc2684ab5c8b773286373.bin,21
3380,e0f87894d612ecf2a34378ef1a8dae833d842538.bin,150,1477,datacopy/UCSB/e0f87894d612ecf2a34378ef1a8dae833d842538.bin,21
3381,3972c076349e153a204c0d554be176f9dfea8998.bin,150,1477,datacopy/UCSB/3972c076349e153a204c0d554be176f9dfea8998.bin,21
3382,afe5a798ada46f272c43a9c39acf13c078afdbde.bin,150,1477,datacopy/UCSB/afe5a798ada46f272c43a9c39acf13c078afdbde.bin,21
3383,895421a2e3fd957b2b27237f1e906f06114d85c1.bin,150,1477,datacopy/UCSB/895421a2e3fd957b2b27237f1e906f06114d85c1.bin,21
3384,bf855dfc798ca39ef68656e4fc1f2323fb10728b.bin,150,1477,datacopy/UCSB/bf855dfc798ca39ef68656e4fc1f2323fb10728b.bin,21
3385,1c48f5e11ef89e96cfb5070723479d1c8dacfada.bin,150,1477,datacopy/UCSB/1c48f5e11ef89e96cfb5070723479d1c8dacfada.bin,21
3386,c5f2f58ac2701d0cc3020c462504d4007e528ab3.bin,150,1477,datacopy/UCSB/c5f2f58ac2701d0cc3020c462504d4007e528ab3.bin,21
3387,9ac35c1bac48d2801aee5958ebba528a7302930b.bin,150,1477,datacopy/UCSB/9ac35c1bac48d2801aee5958ebba528a7302930b.bin,21
3388,eaee13dd0f80b421aa003281b3964f1d989d61f0.bin,150,1477,datacopy/UCSB/eaee13dd0f80b421aa003281b3964f1d989d61f0.bin,21
3389,6f6164a92e3dd4d9a241811b6007a553e16422c9.bin,150,1477,datacopy/UCSB/6f6164a92e3dd4d9a241811b6007a553e16422c9.bin,21
3390,b04f233234faa583516bfbeb6dfd56cf7a39bb87.bin,150,1477,datacopy/UCSB/b04f233234faa583516bfbeb6dfd56cf7a39bb87.bin,21
3391,7a4f4fcc3bd8e1acc30f98f4d79f8b1ac98364cd.bin,150,1477,datacopy/UCSB/7a4f4fcc3bd8e1acc30f98f4d79f8b1ac98364cd.bin,21
3392,aa4f43595102a69b8d324d380bd9d8e555810c69.bin,150,1477,datacopy/UCSB/aa4f43595102a69b8d324d380bd9d8e555810c69.bin,21
3393,3b30e5994aa888dbcbbafa4d39cb2ca1cdbd835a.bin,150,1477,datacopy/UCSB/3b30e5994aa888dbcbbafa4d39cb2ca1cdbd835a.bin,21
3394,302f961c6633272a1ae9950bf93bd7f1c1eadba9.bin,150,1477,datacopy/UCSB/302f961c6633272a1ae9950bf93bd7f1c1eadba9.bin,21
3395,0c89c2ce86ed73a19d15aa13e132b1ddbfbe7315.bin,150,1477,datacopy/UCSB/0c89c2ce86ed73a19d15aa13e132b1ddbfbe7315.bin,21
3396,4387bf92174dcedd655633b426846bf1a3b016a4.bin,150,1477,datacopy/UCSB/4387bf92174dcedd655633b426846bf1a3b016a4.bin,21
3397,36c6afe74febb5074aa08281b1ba1e85cbd1c0f8.bin,150,1477,datacopy/UCSB/36c6afe74febb5074aa08281b1ba1e85cbd1c0f8.bin,21
3398,a777c03b6a1ea42d9259854edf20576fa59499ab.bin,150,1477,datacopy/UCSB/a777c03b6a1ea42d9259854edf20576fa59499ab.bin,21
3399,46f7e81ec52b3d3c1b9ee89db4c142a20913ff01.bin,150,1477,datacopy/UCSB/46f7e81ec52b3d3c1b9ee89db4c142a20913ff01.bin,21
3400,63f9871d4f82a7584945c10240ca473b99ce01c0.bin,150,1477,datacopy/UCSB/63f9871d4f82a7584945c10240ca473b99ce01c0.bin,21
3401,b702e14bf8bd857024f8568c88f310aa9dbf09d0.bin,150,1477,datacopy/UCSB/b702e14bf8bd857024f8568c88f310aa9dbf09d0.bin,21
3402,a88db7f8fd9a8cc881d049b61ad97a7b5758b1c7.bin,150,1477,datacopy/UCSB/a88db7f8fd9a8cc881d049b61ad97a7b5758b1c7.bin,21
3403,c81f743e279dafde9497de23fc1e10d707a59baa.bin,150,1477,datacopy/UCSB/c81f743e279dafde9497de23fc1e10d707a59baa.bin,21
3404,76189e973005373c415caa93e084a9c422f5493a.bin,150,1477,datacopy/UCSB/76189e973005373c415caa93e084a9c422f5493a.bin,21
3405,cbbb36e7d85d1b7659b62770193acdfa5db73087.bin,150,1477,datacopy/UCSB/cbbb36e7d85d1b7659b62770193acdfa5db73087.bin,21
3406,04327e4fcb3bd7c530d380719386e50a1fea7518.bin,150,1477,datacopy/UCSB/04327e4fcb3bd7c530d380719386e50a1fea7518.bin,21
3407,dde647496802d608f1513058618da6bad2b34e7f.bin,150,1477,datacopy/UCSB/dde647496802d608f1513058618da6bad2b34e7f.bin,21
3408,677f72df6f1d25c5bd82a67bb66edf9c3457e302.bin,150,1477,datacopy/UCSB/677f72df6f1d25c5bd82a67bb66edf9c3457e302.bin,21
3409,8cc41cdfddf122280f27ee0f765b20a07b72d408.bin,150,1477,datacopy/UCSB/8cc41cdfddf122280f27ee0f765b20a07b72d408.bin,21
3410,2b723627066152714429b8bc42363bd3477d7fab.bin,151,734,datacopy/UCSB/2b723627066152714429b8bc42363bd3477d7fab.bin,222
3411,947a05d6361ef042ebf647a42eb3de82559f8915.bin,151,734,datacopy/UCSB/947a05d6361ef042ebf647a42eb3de82559f8915.bin,222
3412,6fd1dafadd088c4decd32e50c915c8d32c6055b6.bin,151,734,datacopy/UCSB/6fd1dafadd088c4decd32e50c915c8d32c6055b6.bin,222
3413,6e4e472fc8c135d6cb668ae662edbbdae4797da9.bin,151,734,datacopy/UCSB/6e4e472fc8c135d6cb668ae662edbbdae4797da9.bin,222
3414,28438a6b36d64224b2e051c3aea6b438434716f3.bin,151,734,datacopy/UCSB/28438a6b36d64224b2e051c3aea6b438434716f3.bin,222
3415,2d0881f4d1f6451b8ddba395c4118b450de50800.bin,151,734,datacopy/UCSB/2d0881f4d1f6451b8ddba395c4118b450de50800.bin,222
3416,ad04344882e65f781be1b91e2558210fbf12e6e1.bin,151,734,datacopy/UCSB/ad04344882e65f781be1b91e2558210fbf12e6e1.bin,222
3417,7e92dc5c9ebad9e5aa02983545429c0aa77920d6.bin,151,734,datacopy/UCSB/7e92dc5c9ebad9e5aa02983545429c0aa77920d6.bin,222
3418,852b2a90475eaac1dc41acf4d11366fb55aab0ca.bin,151,734,datacopy/UCSB/852b2a90475eaac1dc41acf4d11366fb55aab0ca.bin,222
3419,d0a21de99a02c440dfb8342ff88df8856879ef9d.bin,151,734,datacopy/UCSB/d0a21de99a02c440dfb8342ff88df8856879ef9d.bin,222
3420,186ac8067033963568ee03319ede283b2ae363c2.bin,151,734,datacopy/UCSB/186ac8067033963568ee03319ede283b2ae363c2.bin,222
3421,1f6477acf23183e28f8444a35f8aa5bdcb5150fb.bin,151,734,datacopy/UCSB/1f6477acf23183e28f8444a35f8aa5bdcb5150fb.bin,222
3422,410eefcaab5a5c2c367aa49cbf93f9ac626f76fe.bin,151,734,datacopy/UCSB/410eefcaab5a5c2c367aa49cbf93f9ac626f76fe.bin,222
3423,dde143cfdba50aea99e6f5eb7118bb6c9d5f9f31.bin,151,734,datacopy/UCSB/dde143cfdba50aea99e6f5eb7118bb6c9d5f9f31.bin,222
3424,7766dbadc290ad0810400f42c157163528e653a2.bin,151,734,datacopy/UCSB/7766dbadc290ad0810400f42c157163528e653a2.bin,222
3425,3842406edb17bdd64bbee28ce38edd96c24b84df.bin,151,734,datacopy/UCSB/3842406edb17bdd64bbee28ce38edd96c24b84df.bin,222
3426,37726acccb45d7d19b10e4ba084773bdbaf84e15.bin,151,734,datacopy/UCSB/37726acccb45d7d19b10e4ba084773bdbaf84e15.bin,222
3427,a26d8a9c81ad89300f1b5a8d00dc10e1f4922c1c.bin,151,734,datacopy/UCSB/a26d8a9c81ad89300f1b5a8d00dc10e1f4922c1c.bin,222
3428,5f81eacd64dbce7bbd03731124d19c5566dee70e.bin,151,734,datacopy/UCSB/5f81eacd64dbce7bbd03731124d19c5566dee70e.bin,222
3429,60566bdc11270127d10a850610c7bb6dbc189617.bin,151,54,datacopy/UCSB/60566bdc11270127d10a850610c7bb6dbc189617.bin,222
3430,bb63cf2191246578dc5850c1b84e65572fad82a1.bin,151,734,datacopy/UCSB/bb63cf2191246578dc5850c1b84e65572fad82a1.bin,222
3431,10c89ea2eb879eb9a306789490c385f97dd96be7.bin,151,734,datacopy/UCSB/10c89ea2eb879eb9a306789490c385f97dd96be7.bin,222
3432,9bba0429a4bba39b6e5b93f7895e1f2df4dfc31e.bin,151,734,datacopy/UCSB/9bba0429a4bba39b6e5b93f7895e1f2df4dfc31e.bin,222
3433,6ba05c143c55d7fb539652a73df51a132362313f.bin,151,734,datacopy/UCSB/6ba05c143c55d7fb539652a73df51a132362313f.bin,222
3434,763c9d3c53aae444bcc46aeb656ba79f1917e841.bin,151,734,datacopy/UCSB/763c9d3c53aae444bcc46aeb656ba79f1917e841.bin,222
3435,ddb9aa9f978a13075f675e3481070c175d7646c8.bin,151,734,datacopy/UCSB/ddb9aa9f978a13075f675e3481070c175d7646c8.bin,222
3436,1158f950e68335c4f3e20c9100612e0873c6489e.bin,151,734,datacopy/UCSB/1158f950e68335c4f3e20c9100612e0873c6489e.bin,222
3437,e96357c43d5305468d8146645ba0dd9c173327a2.bin,151,734,datacopy/UCSB/e96357c43d5305468d8146645ba0dd9c173327a2.bin,222
3438,46919bbfd59fc0d26025c54f5bb418042eacf49a.bin,151,734,datacopy/UCSB/46919bbfd59fc0d26025c54f5bb418042eacf49a.bin,222
3439,de43cd81bc2d8720df7921f1e9a1ff968179c3e5.bin,151,734,datacopy/UCSB/de43cd81bc2d8720df7921f1e9a1ff968179c3e5.bin,222
3440,0a12b44e7653fc1c567af9f1e53138e61baa6a24.bin,151,734,datacopy/UCSB/0a12b44e7653fc1c567af9f1e53138e61baa6a24.bin,222
3441,f57486630e137d890f857da02b97bacb66ab26e4.bin,151,734,datacopy/UCSB/f57486630e137d890f857da02b97bacb66ab26e4.bin,222
3442,0fa93be6b95f33c44d2adf461be2d22dba904d9a.bin,151,734,datacopy/UCSB/0fa93be6b95f33c44d2adf461be2d22dba904d9a.bin,222
3443,cad6b87051b07f91872f404806bcb87a1c3ce122.bin,151,734,datacopy/UCSB/cad6b87051b07f91872f404806bcb87a1c3ce122.bin,222
3444,1e404ef3b12c72fa43185d8774bc5ef1fd5298e3.bin,151,734,datacopy/UCSB/1e404ef3b12c72fa43185d8774bc5ef1fd5298e3.bin,222
3445,5c6353c3078e0455d5201bbf89443ac18c80f8ca.bin,151,734,datacopy/UCSB/5c6353c3078e0455d5201bbf89443ac18c80f8ca.bin,222
3446,75c6f10c5fb85226fc39e877a2ba18ba95bb4d40.bin,151,734,datacopy/UCSB/75c6f10c5fb85226fc39e877a2ba18ba95bb4d40.bin,222
3447,6ae8ec93c9fb15220ca53be425b858a06cbb566c.bin,151,734,datacopy/UCSB/6ae8ec93c9fb15220ca53be425b858a06cbb566c.bin,222
3448,a1d2f660263e46fcda38ea0fda1bc9204de9c8fe.bin,151,734,datacopy/UCSB/a1d2f660263e46fcda38ea0fda1bc9204de9c8fe.bin,222
3449,6ad2d0e2374ce1bb2a30a63b9da63b7e1778ea8d.bin,151,734,datacopy/UCSB/6ad2d0e2374ce1bb2a30a63b9da63b7e1778ea8d.bin,222
3450,d04f3c0613fdcf61d725343e27e33fc8f3e195c6.bin,151,54,datacopy/UCSB/d04f3c0613fdcf61d725343e27e33fc8f3e195c6.bin,222
3451,ff2c53fbbd9786a238c71f8bf5f040cde03f9a24.bin,151,734,datacopy/UCSB/ff2c53fbbd9786a238c71f8bf5f040cde03f9a24.bin,222
3452,684eae8f940492db2b89169d0181ce821ed4d39b.bin,151,734,datacopy/UCSB/684eae8f940492db2b89169d0181ce821ed4d39b.bin,222
3453,0382043a3924b40f93a28546c228b6b733f54560.bin,151,734,datacopy/UCSB/0382043a3924b40f93a28546c228b6b733f54560.bin,222
3454,57855be1cab2ae1f01191b24aaface9d87cbdbea.bin,151,734,datacopy/UCSB/57855be1cab2ae1f01191b24aaface9d87cbdbea.bin,222
3455,1c32be12600543c89c8e8a1768b4597a915587b6.bin,151,54,datacopy/UCSB/1c32be12600543c89c8e8a1768b4597a915587b6.bin,222
3456,a9a93dba805d461e591fd2ae170e7b684b24a6db.bin,151,734,datacopy/UCSB/a9a93dba805d461e591fd2ae170e7b684b24a6db.bin,222
3457,556262a24613263516173ab641e17e0cbff591f3.bin,151,734,datacopy/UCSB/556262a24613263516173ab641e17e0cbff591f3.bin,222
3458,8526f846640f40b7f147e14672537b61cc17686a.bin,151,734,datacopy/UCSB/8526f846640f40b7f147e14672537b61cc17686a.bin,222
3459,92a0ca9bfd64692e6bdc29727b326765e7949a30.bin,151,734,datacopy/UCSB/92a0ca9bfd64692e6bdc29727b326765e7949a30.bin,222
3460,da0eab5a2e497a2fc064e36f4c571c3af445e3c1.bin,151,734,datacopy/UCSB/da0eab5a2e497a2fc064e36f4c571c3af445e3c1.bin,222
3461,b0071c1fa2b90e6068be10437a5148be4d68905b.bin,151,734,datacopy/UCSB/b0071c1fa2b90e6068be10437a5148be4d68905b.bin,222
3462,a2bf70afdf72bf212db53e2e1af9c1377e8ba281.bin,151,734,datacopy/UCSB/a2bf70afdf72bf212db53e2e1af9c1377e8ba281.bin,222
3463,ac8eccec883ecd9bfdd3823c15183a87242ecace.bin,151,54,datacopy/UCSB/ac8eccec883ecd9bfdd3823c15183a87242ecace.bin,222
3464,fce73ad3a3068a7d0ebe448293efac1b5b82e35a.bin,151,734,datacopy/UCSB/fce73ad3a3068a7d0ebe448293efac1b5b82e35a.bin,222
3465,fe9ed5189a5824f945c8cd1ccccc6083ddac9867.bin,151,734,datacopy/UCSB/fe9ed5189a5824f945c8cd1ccccc6083ddac9867.bin,222
3466,3ebd3ec661441de1114d5a448ede709db3a877d5.bin,151,734,datacopy/UCSB/3ebd3ec661441de1114d5a448ede709db3a877d5.bin,222
3467,8145b945e63bc1d8b20c8eebddb875a65531f86f.bin,151,734,datacopy/UCSB/8145b945e63bc1d8b20c8eebddb875a65531f86f.bin,222
3468,400f6811fd0bfe6e5443ca8ef73a6630953e8530.bin,151,734,datacopy/UCSB/400f6811fd0bfe6e5443ca8ef73a6630953e8530.bin,222
3469,9c171300bf467ad907890a10cb235ea2f404964f.bin,151,734,datacopy/UCSB/9c171300bf467ad907890a10cb235ea2f404964f.bin,222
3470,f94ec7b584cdd50dcfb410965d275ca04ed5c8ab.bin,151,734,datacopy/UCSB/f94ec7b584cdd50dcfb410965d275ca04ed5c8ab.bin,222
3471,e2df0a33ec75184b598a4bba84837e35bbfa2390.bin,151,734,datacopy/UCSB/e2df0a33ec75184b598a4bba84837e35bbfa2390.bin,222
3472,cdd4a29df7470a10f1f87d34214b8a33ed6ffe24.bin,151,734,datacopy/UCSB/cdd4a29df7470a10f1f87d34214b8a33ed6ffe24.bin,222
3473,8c237cc28644ffabd9b5197f64ff7b9d9ae3ea8c.bin,151,734,datacopy/UCSB/8c237cc28644ffabd9b5197f64ff7b9d9ae3ea8c.bin,222
3474,2ea0809ca0a9aef41c0cd15141036adaf1c05889.bin,151,734,datacopy/UCSB/2ea0809ca0a9aef41c0cd15141036adaf1c05889.bin,222
3475,cc934b52db85f7da6b2ac0de1496d98870caefe3.bin,151,734,datacopy/UCSB/cc934b52db85f7da6b2ac0de1496d98870caefe3.bin,222
3476,5f661df6517e39059b683aaf25acd0d77ec861a6.bin,151,54,datacopy/UCSB/5f661df6517e39059b683aaf25acd0d77ec861a6.bin,222
3477,d935e9214e18df547cffe6a1b633ba49db5eb90a.bin,151,734,datacopy/UCSB/d935e9214e18df547cffe6a1b633ba49db5eb90a.bin,222
3478,a52c8e35ac262b385a54d1b9aa4d511ef637f0d0.bin,151,734,datacopy/UCSB/a52c8e35ac262b385a54d1b9aa4d511ef637f0d0.bin,222
3479,3570af61e4ccb5c94d10a8dce0dc071d53beaad8.bin,151,734,datacopy/UCSB/3570af61e4ccb5c94d10a8dce0dc071d53beaad8.bin,222
3480,a0f449daaf89233d30079f2e4a3dad5788f69f1b.bin,151,734,datacopy/UCSB/a0f449daaf89233d30079f2e4a3dad5788f69f1b.bin,222
3481,1137a1b92699dcec9bf20e4615fb58a577f98c2e.bin,151,734,datacopy/UCSB/1137a1b92699dcec9bf20e4615fb58a577f98c2e.bin,222
3482,67df1963d75d69384c00bc3512507231982203d2.bin,151,734,datacopy/UCSB/67df1963d75d69384c00bc3512507231982203d2.bin,222
3483,ccce32d88f1b48ed337a59a7c951942b04462587.bin,151,734,datacopy/UCSB/ccce32d88f1b48ed337a59a7c951942b04462587.bin,222
3484,c078e625a253219662029cf762b710bb9a744c16.bin,151,734,datacopy/UCSB/c078e625a253219662029cf762b710bb9a744c16.bin,222
3485,12c4b3c2a65c82d07a8f9cc5ae0f2a1a432cb73a.bin,151,734,datacopy/UCSB/12c4b3c2a65c82d07a8f9cc5ae0f2a1a432cb73a.bin,222
3486,52d36e571f8a111603cf7834fdcc08656a9ac917.bin,151,734,datacopy/UCSB/52d36e571f8a111603cf7834fdcc08656a9ac917.bin,222
3487,e1acd8bad05a7ed15379ca5deb08791294919f7c.bin,151,734,datacopy/UCSB/e1acd8bad05a7ed15379ca5deb08791294919f7c.bin,222
3488,9691bb0f43202f48335eccbfbe18897daf88fc9b.bin,151,734,datacopy/UCSB/9691bb0f43202f48335eccbfbe18897daf88fc9b.bin,222
3489,52e7fd534ea641f6fdf8259901729c48f47dfb46.bin,151,734,datacopy/UCSB/52e7fd534ea641f6fdf8259901729c48f47dfb46.bin,222
3490,f3e9dc68b837bebe37713f5fef3142c845939d46.bin,151,734,datacopy/UCSB/f3e9dc68b837bebe37713f5fef3142c845939d46.bin,222
3491,e7eef8fab0ad087070e824c7cce2507e19d61b40.bin,151,734,datacopy/UCSB/e7eef8fab0ad087070e824c7cce2507e19d61b40.bin,222
3492,8702437250951f022577587c92bfdc22d698ce4d.bin,151,734,datacopy/UCSB/8702437250951f022577587c92bfdc22d698ce4d.bin,222
3493,929c0bb5953040c5f54f627389f8fa2aae87cb39.bin,151,734,datacopy/UCSB/929c0bb5953040c5f54f627389f8fa2aae87cb39.bin,222
3494,a7b1dbfb831828e816305f29d55640645bec9d35.bin,151,734,datacopy/UCSB/a7b1dbfb831828e816305f29d55640645bec9d35.bin,222
3495,02b53f8b325833d8fd108dfda545d7de0e97fc0d.bin,151,734,datacopy/UCSB/02b53f8b325833d8fd108dfda545d7de0e97fc0d.bin,222
3496,c6bae0c1ce2b96d57559440b526494962512873f.bin,151,734,datacopy/UCSB/c6bae0c1ce2b96d57559440b526494962512873f.bin,222
3497,aac03c7a7edf7ef68731f3b42d5a5d5a64593cec.bin,151,734,datacopy/UCSB/aac03c7a7edf7ef68731f3b42d5a5d5a64593cec.bin,222
3498,a6945673ea074a83d9d8a24c029102ba504c739a.bin,151,734,datacopy/UCSB/a6945673ea074a83d9d8a24c029102ba504c739a.bin,222
3499,97193369e070afc7c2ccc91d8933314a9bea7bad.bin,151,734,datacopy/UCSB/97193369e070afc7c2ccc91d8933314a9bea7bad.bin,222
3500,9339eb7e36e1ba813eb4426cddd7e9c533997b65.bin,151,734,datacopy/UCSB/9339eb7e36e1ba813eb4426cddd7e9c533997b65.bin,222
3501,f605c10a2621e64596b699c7ddb658791042ee6b.bin,151,734,datacopy/UCSB/f605c10a2621e64596b699c7ddb658791042ee6b.bin,222
3502,5963ef5521c224224ba9f6ef34ced46baf9f4523.bin,151,734,datacopy/UCSB/5963ef5521c224224ba9f6ef34ced46baf9f4523.bin,222
3503,7fdc8defa6df7801efadf9ae55768f09dc1acd2f.bin,151,734,datacopy/UCSB/7fdc8defa6df7801efadf9ae55768f09dc1acd2f.bin,222
3504,55d4c3b7f8898305718dce82fc8bd700fd5c8a85.bin,151,734,datacopy/UCSB/55d4c3b7f8898305718dce82fc8bd700fd5c8a85.bin,222
3505,8c32d485b67d5b4088aebe70a7e033f4701cd31f.bin,151,734,datacopy/UCSB/8c32d485b67d5b4088aebe70a7e033f4701cd31f.bin,222
3506,fd510ddb3ec11e546a1e4dfddd71c8387ee73b7e.bin,151,734,datacopy/UCSB/fd510ddb3ec11e546a1e4dfddd71c8387ee73b7e.bin,222
3507,26368417e33030ba1ca3ba24fc058af92c018c70.bin,151,734,datacopy/UCSB/26368417e33030ba1ca3ba24fc058af92c018c70.bin,222
3508,331e8134624c2ba6b01f35ae252bf18110daa4a0.bin,151,734,datacopy/UCSB/331e8134624c2ba6b01f35ae252bf18110daa4a0.bin,222
3509,28394983a2c40254f56ddf855969191690375f6b.bin,151,734,datacopy/UCSB/28394983a2c40254f56ddf855969191690375f6b.bin,222
3510,53b9439aeabce55f2c9b8e593169967fbd710286.bin,151,734,datacopy/UCSB/53b9439aeabce55f2c9b8e593169967fbd710286.bin,222
3511,32319c6e62d457669b3542f8fdbbeac47c768ca1.bin,151,734,datacopy/UCSB/32319c6e62d457669b3542f8fdbbeac47c768ca1.bin,222
3512,9a6ad6f296635ff3237c36a99a0e789697e21995.bin,151,734,datacopy/UCSB/9a6ad6f296635ff3237c36a99a0e789697e21995.bin,222
3513,b131c7d4d39306dca23a6eede346e228f845a343.bin,151,734,datacopy/UCSB/b131c7d4d39306dca23a6eede346e228f845a343.bin,222
3514,e3f9c600f3c3a4cb1ebf8e9c3c4a3c1747bf0687.bin,151,734,datacopy/UCSB/e3f9c600f3c3a4cb1ebf8e9c3c4a3c1747bf0687.bin,222
3515,1b8fbc182dfed4618f4b8cf2236d2b77bf95e4f9.bin,151,734,datacopy/UCSB/1b8fbc182dfed4618f4b8cf2236d2b77bf95e4f9.bin,222
3516,f8841e759fad58569fbc34f10aa987c49925514d.bin,151,734,datacopy/UCSB/f8841e759fad58569fbc34f10aa987c49925514d.bin,222
3517,f9447399c0949410d55ba176fbc9974fa214b676.bin,151,734,datacopy/UCSB/f9447399c0949410d55ba176fbc9974fa214b676.bin,222
3518,a0964150b327e918212822b45cf7b124d117ead1.bin,151,734,datacopy/UCSB/a0964150b327e918212822b45cf7b124d117ead1.bin,222
3519,77da400f599a9dd93a9c0729812b48cf2c47b4e2.bin,151,734,datacopy/UCSB/77da400f599a9dd93a9c0729812b48cf2c47b4e2.bin,222
3520,73fa893ed020b65258e5fc98af874efe37dc5114.bin,151,734,datacopy/UCSB/73fa893ed020b65258e5fc98af874efe37dc5114.bin,222
3521,f80e1149e54216be098b7f58208115ce9ac696c5.bin,151,734,datacopy/UCSB/f80e1149e54216be098b7f58208115ce9ac696c5.bin,222
3522,3b5edc3c572c62a476976ab166c2bd59c87f73ef.bin,151,734,datacopy/UCSB/3b5edc3c572c62a476976ab166c2bd59c87f73ef.bin,222
3523,d7c4599e941e7d0a71bd9f3f0fdd67e6d275ce72.bin,151,734,datacopy/UCSB/d7c4599e941e7d0a71bd9f3f0fdd67e6d275ce72.bin,222
3524,ecf0df204a161cc6041315963c753c66849a1332.bin,151,734,datacopy/UCSB/ecf0df204a161cc6041315963c753c66849a1332.bin,222
3525,b077cad74cd20cd09e9f0e830b94b5b890f57f87.bin,151,734,datacopy/UCSB/b077cad74cd20cd09e9f0e830b94b5b890f57f87.bin,222
3526,0f7027f55934bae17a6ccd506e35ee4f33951c3b.bin,151,734,datacopy/UCSB/0f7027f55934bae17a6ccd506e35ee4f33951c3b.bin,222
3527,2b36ff626790926f9603abfb15a7f28d9d3d6615.bin,151,734,datacopy/UCSB/2b36ff626790926f9603abfb15a7f28d9d3d6615.bin,222
3528,6eabb94636457269bcc190577e994caa9b36144b.bin,151,734,datacopy/UCSB/6eabb94636457269bcc190577e994caa9b36144b.bin,222
3529,83310a241d36ea6b90a05008bf597d2213380d63.bin,151,734,datacopy/UCSB/83310a241d36ea6b90a05008bf597d2213380d63.bin,222
3530,4a7db07fdf88866173c741d7661487723708485e.bin,151,734,datacopy/UCSB/4a7db07fdf88866173c741d7661487723708485e.bin,222
3531,0252e92c38408438e939e0af742203afd7eca809.bin,151,734,datacopy/UCSB/0252e92c38408438e939e0af742203afd7eca809.bin,222
3532,0a666860d1853b278bdb2ece0b71fece00fb86d1.bin,151,734,datacopy/UCSB/0a666860d1853b278bdb2ece0b71fece00fb86d1.bin,222
3533,747efb24b4a9f5451440e34dee0e23f39b0880bb.bin,151,734,datacopy/UCSB/747efb24b4a9f5451440e34dee0e23f39b0880bb.bin,222
3534,a7f6f44dadedc016a9d55119e86c049e9f3768b0.bin,151,734,datacopy/UCSB/a7f6f44dadedc016a9d55119e86c049e9f3768b0.bin,222
3535,8051436ca4e9458f7ff7d5e075f4299b29554514.bin,151,734,datacopy/UCSB/8051436ca4e9458f7ff7d5e075f4299b29554514.bin,222
3536,eb1da7a5ea36bde21a6db77e1c1f8cae495b81d9.bin,151,734,datacopy/UCSB/eb1da7a5ea36bde21a6db77e1c1f8cae495b81d9.bin,222
3537,f7990ec29a9d76ca6fd74874387f484d48009015.bin,151,734,datacopy/UCSB/f7990ec29a9d76ca6fd74874387f484d48009015.bin,222
3538,cd3df8fb026dd37a617f2c1bce734fb5914f7dfa.bin,151,734,datacopy/UCSB/cd3df8fb026dd37a617f2c1bce734fb5914f7dfa.bin,222
3539,f5c9cbd8ba855cafcca1987dbba55a116c8cd524.bin,151,734,datacopy/UCSB/f5c9cbd8ba855cafcca1987dbba55a116c8cd524.bin,222
3540,df523c9fc30211b0f17721e91b54ca38e13427ab.bin,151,734,datacopy/UCSB/df523c9fc30211b0f17721e91b54ca38e13427ab.bin,222
3541,59fd8471d7a1ce0495f671833a67008d3c23c370.bin,151,734,datacopy/UCSB/59fd8471d7a1ce0495f671833a67008d3c23c370.bin,222
3542,3d18767168880fa5e3afeade274c741a97f730fd.bin,151,734,datacopy/UCSB/3d18767168880fa5e3afeade274c741a97f730fd.bin,222
3543,d92731729458d584258e7b1721a323b87bd7c0d3.bin,151,734,datacopy/UCSB/d92731729458d584258e7b1721a323b87bd7c0d3.bin,222
3544,93e3ab6886e3e434288bcd6148baec54a07c2a58.bin,151,734,datacopy/UCSB/93e3ab6886e3e434288bcd6148baec54a07c2a58.bin,222
3545,b4a6dd96c07c3041238cffa6659a13c9c9655493.bin,151,734,datacopy/UCSB/b4a6dd96c07c3041238cffa6659a13c9c9655493.bin,222
3546,5910c1bc42bef1e360b124f0732db75da824bbaa.bin,151,734,datacopy/UCSB/5910c1bc42bef1e360b124f0732db75da824bbaa.bin,222
3547,8403a80b6bf54b6c2603fb2890bb12b71efbeca8.bin,151,734,datacopy/UCSB/8403a80b6bf54b6c2603fb2890bb12b71efbeca8.bin,222
3548,83a57ae30835e215be584b896264018c40f992c7.bin,151,734,datacopy/UCSB/83a57ae30835e215be584b896264018c40f992c7.bin,222
3549,fd11a08112c4025b0c7262c368980845e97413b3.bin,151,734,datacopy/UCSB/fd11a08112c4025b0c7262c368980845e97413b3.bin,222
3550,bcf8bfec6e8c8b3dd5fdfd170cdfbcd23f39af88.bin,151,734,datacopy/UCSB/bcf8bfec6e8c8b3dd5fdfd170cdfbcd23f39af88.bin,222
3551,b639a96b10c6a6d4278f06f6328e2113db037d17.bin,151,734,datacopy/UCSB/b639a96b10c6a6d4278f06f6328e2113db037d17.bin,222
3552,004b5183ef893da975044828df95f6a7617c92ba.bin,151,734,datacopy/UCSB/004b5183ef893da975044828df95f6a7617c92ba.bin,222
3553,bea6f37c3dab2c4297eb8dce6acbcd3ae34a7bbb.bin,151,734,datacopy/UCSB/bea6f37c3dab2c4297eb8dce6acbcd3ae34a7bbb.bin,222
3554,5e9f754f9221cea96fc37b10894215d9b1c652c8.bin,151,734,datacopy/UCSB/5e9f754f9221cea96fc37b10894215d9b1c652c8.bin,222
3555,2405db084f76573a5f64379b238a6a729dac0eda.bin,151,734,datacopy/UCSB/2405db084f76573a5f64379b238a6a729dac0eda.bin,222
3556,b12a05f74f269fa520b4ab8ee0d96be2773f1693.bin,151,734,datacopy/UCSB/b12a05f74f269fa520b4ab8ee0d96be2773f1693.bin,222
3557,387377ae72e1eeaa2a7cd166da777f5ebe1130a5.bin,151,734,datacopy/UCSB/387377ae72e1eeaa2a7cd166da777f5ebe1130a5.bin,222
3558,cb2ce572e7af4a1beabc808d6b1e000caff682d8.bin,151,734,datacopy/UCSB/cb2ce572e7af4a1beabc808d6b1e000caff682d8.bin,222
3559,044446a8205b41b64ac8498b02dd389aede4922b.bin,151,734,datacopy/UCSB/044446a8205b41b64ac8498b02dd389aede4922b.bin,222
3560,ad329660b4c98c4358fb20d2c062c9713a35db72.bin,151,734,datacopy/UCSB/ad329660b4c98c4358fb20d2c062c9713a35db72.bin,222
3561,52bd1cc2c4d7db2efd4bc024035c96884b762404.bin,151,734,datacopy/UCSB/52bd1cc2c4d7db2efd4bc024035c96884b762404.bin,222
3562,2e1c22115ce6041a13cb3d37cea2987c2f378497.bin,151,734,datacopy/UCSB/2e1c22115ce6041a13cb3d37cea2987c2f378497.bin,222
3563,cdd017ca1d519f436d4d2e175b188802ec9bd169.bin,151,734,datacopy/UCSB/cdd017ca1d519f436d4d2e175b188802ec9bd169.bin,222
3564,79d00802193fa20d959515ea36c88ce82736b00d.bin,151,734,datacopy/UCSB/79d00802193fa20d959515ea36c88ce82736b00d.bin,222
3565,a899235e24baac59d25902d6225ecc4d8f64d36e.bin,151,734,datacopy/UCSB/a899235e24baac59d25902d6225ecc4d8f64d36e.bin,222
3566,d2a9f64afdae95099a49024e3dd9b5fe2b4f064a.bin,151,734,datacopy/UCSB/d2a9f64afdae95099a49024e3dd9b5fe2b4f064a.bin,222
3567,f4fceaa632fbd016f891992dd72930a4ee728a8b.bin,151,734,datacopy/UCSB/f4fceaa632fbd016f891992dd72930a4ee728a8b.bin,222
3568,069e2ecd2de605c87dac9c37a17aeddb1cb98fa1.bin,151,734,datacopy/UCSB/069e2ecd2de605c87dac9c37a17aeddb1cb98fa1.bin,222
3569,1fac03028e09e4c43f6bc502f0dd7e3efb717169.bin,151,734,datacopy/UCSB/1fac03028e09e4c43f6bc502f0dd7e3efb717169.bin,222
3570,336045de9eca771b95640616af985b9aa4a394a1.bin,151,734,datacopy/UCSB/336045de9eca771b95640616af985b9aa4a394a1.bin,222
3571,78fad8bf40a774927e9e123aa0149afbfece3500.bin,151,734,datacopy/UCSB/78fad8bf40a774927e9e123aa0149afbfece3500.bin,222
3572,89869080eed741a50cbc100a078a10c46d290850.bin,151,734,datacopy/UCSB/89869080eed741a50cbc100a078a10c46d290850.bin,222
3573,fe9b19257a4460301887c32e7baa6ace7c3d8b54.bin,151,734,datacopy/UCSB/fe9b19257a4460301887c32e7baa6ace7c3d8b54.bin,222
3574,7c3d8ae61df5bf3b92778df72bd0a605d511d152.bin,151,734,datacopy/UCSB/7c3d8ae61df5bf3b92778df72bd0a605d511d152.bin,222
3575,256e49a1447d28c9e6d414b545978ba92ce78ade.bin,151,734,datacopy/UCSB/256e49a1447d28c9e6d414b545978ba92ce78ade.bin,222
3576,cd2fbe7cdcc7ce0641543d079d163e58de2e0f0e.bin,151,734,datacopy/UCSB/cd2fbe7cdcc7ce0641543d079d163e58de2e0f0e.bin,222
3577,ba0d8fa992322a64282bb23ce2a810eaefa9a81c.bin,151,734,datacopy/UCSB/ba0d8fa992322a64282bb23ce2a810eaefa9a81c.bin,222
3578,78cfb2b939d02ea08e54ec1b48868d2758755f7c.bin,151,734,datacopy/UCSB/78cfb2b939d02ea08e54ec1b48868d2758755f7c.bin,222
3579,a30fe6ceeaf572d283244992db46cdcdbed6f663.bin,151,734,datacopy/UCSB/a30fe6ceeaf572d283244992db46cdcdbed6f663.bin,222
3580,0c084a6ecacd1afa1b515c30144b00c6dbe47f35.bin,151,734,datacopy/UCSB/0c084a6ecacd1afa1b515c30144b00c6dbe47f35.bin,222
3581,88918ee87ea218d9366079f1747813e4a85eef96.bin,151,734,datacopy/UCSB/88918ee87ea218d9366079f1747813e4a85eef96.bin,222
3582,bba07bacedbca4bfc60e3a06d4a21417520d9f35.bin,151,54,datacopy/UCSB/bba07bacedbca4bfc60e3a06d4a21417520d9f35.bin,222
3583,1cab197043a3ea9cc46ca1f0c2f96ca988da400c.bin,151,734,datacopy/UCSB/1cab197043a3ea9cc46ca1f0c2f96ca988da400c.bin,222
3584,232514fb4e7d474814eaacd02ba391c7569b5fe6.bin,151,734,datacopy/UCSB/232514fb4e7d474814eaacd02ba391c7569b5fe6.bin,222
3585,7a9ff79e3c7e0165da8a3f90b81953c98a14e239.bin,151,734,datacopy/UCSB/7a9ff79e3c7e0165da8a3f90b81953c98a14e239.bin,222
3586,8e162bc4f7d50be91af02aa53981dea107ed3995.bin,151,734,datacopy/UCSB/8e162bc4f7d50be91af02aa53981dea107ed3995.bin,222
3587,441b43018d81b1457f7e6aa45fcf0f9aa4aa5eb1.bin,151,734,datacopy/UCSB/441b43018d81b1457f7e6aa45fcf0f9aa4aa5eb1.bin,222
3588,c57c11032237a0c687bd3ba1926b90f0de0b64b6.bin,151,734,datacopy/UCSB/c57c11032237a0c687bd3ba1926b90f0de0b64b6.bin,222
3589,3e24f0687160624bbb361ea3d6fb103cd903f53a.bin,151,54,datacopy/UCSB/3e24f0687160624bbb361ea3d6fb103cd903f53a.bin,222
3590,f8a26b3a271a50e898bff181d643b5c411490273.bin,151,734,datacopy/UCSB/f8a26b3a271a50e898bff181d643b5c411490273.bin,222
3591,057a5f4265567e1fa813db7e1a1d37859ae9c820.bin,151,734,datacopy/UCSB/057a5f4265567e1fa813db7e1a1d37859ae9c820.bin,222
3592,3f993cf020f7de2e39fa017dcfab75ef3b4b4962.bin,151,734,datacopy/UCSB/3f993cf020f7de2e39fa017dcfab75ef3b4b4962.bin,222
3593,2f7ca24fa5de36f38ef85de9c64e17095ef77746.bin,151,734,datacopy/UCSB/2f7ca24fa5de36f38ef85de9c64e17095ef77746.bin,222
3594,b2e813bb74284faf5971fe9d6780ae9a1d10c741.bin,151,734,datacopy/UCSB/b2e813bb74284faf5971fe9d6780ae9a1d10c741.bin,222
3595,1d7df77039a11eb35e2fdd4fc55c60d65f048f77.bin,151,734,datacopy/UCSB/1d7df77039a11eb35e2fdd4fc55c60d65f048f77.bin,222
3596,4cee723b3431f74df1ae3ccd338eefc1dc8fccd1.bin,151,734,datacopy/UCSB/4cee723b3431f74df1ae3ccd338eefc1dc8fccd1.bin,222
3597,95907f9c6041ceaf2b5cb9f3a0d4207aad569a02.bin,151,734,datacopy/UCSB/95907f9c6041ceaf2b5cb9f3a0d4207aad569a02.bin,222
3598,9382fc4d90b68d800bb96611defee2fc7370c894.bin,151,54,datacopy/UCSB/9382fc4d90b68d800bb96611defee2fc7370c894.bin,222
3599,cbbade55c602d96be7697489f33ff9bed1d7293c.bin,151,734,datacopy/UCSB/cbbade55c602d96be7697489f33ff9bed1d7293c.bin,222
3600,bb2fa023f6b6d8c52a7e4dc7bf0a267d42594c51.bin,151,734,datacopy/UCSB/bb2fa023f6b6d8c52a7e4dc7bf0a267d42594c51.bin,222
3601,4ffd81480ea6cee5738396358c7013e7be709ad9.bin,151,734,datacopy/UCSB/4ffd81480ea6cee5738396358c7013e7be709ad9.bin,222
3602,8401cfe63b42f2278e311c6520727fdebc6bd7a2.bin,151,734,datacopy/UCSB/8401cfe63b42f2278e311c6520727fdebc6bd7a2.bin,222
3603,27c061b601363b18adfb356ec32da22c6887af8c.bin,151,734,datacopy/UCSB/27c061b601363b18adfb356ec32da22c6887af8c.bin,222
3604,6983e58c597e4acaffa1a2d90898f8396d864bc5.bin,151,734,datacopy/UCSB/6983e58c597e4acaffa1a2d90898f8396d864bc5.bin,222
3605,814102b1ce471a3656ac709fbe9a6c7a1162a264.bin,151,734,datacopy/UCSB/814102b1ce471a3656ac709fbe9a6c7a1162a264.bin,222
3606,233832779486827425ec88dbc3d0c8e38e69b094.bin,151,734,datacopy/UCSB/233832779486827425ec88dbc3d0c8e38e69b094.bin,222
3607,7f578b926cf9dc997203c2d3e4e6c33ccc10fb58.bin,151,734,datacopy/UCSB/7f578b926cf9dc997203c2d3e4e6c33ccc10fb58.bin,222
3608,863560108b2d21ee90f5031f8da4eb089aa1fe3a.bin,151,734,datacopy/UCSB/863560108b2d21ee90f5031f8da4eb089aa1fe3a.bin,222
3609,0986738973ddc03d9b3f529da8fdfc4545605516.bin,151,734,datacopy/UCSB/0986738973ddc03d9b3f529da8fdfc4545605516.bin,222
3610,daca55a8daf8c5771cba342a3dd640837ea9d7cf.bin,151,734,datacopy/UCSB/daca55a8daf8c5771cba342a3dd640837ea9d7cf.bin,222
3611,440339b9afd6278454fc3df90e8c18ed8a25b89b.bin,151,734,datacopy/UCSB/440339b9afd6278454fc3df90e8c18ed8a25b89b.bin,222
3612,298bf0a175f99b250ea6ed68c68e9f42403ceb5c.bin,151,734,datacopy/UCSB/298bf0a175f99b250ea6ed68c68e9f42403ceb5c.bin,222
3613,6210db24306456362b9702916f529f44c1a89865.bin,151,734,datacopy/UCSB/6210db24306456362b9702916f529f44c1a89865.bin,222
3614,613a1a7f58e66e9ae31d2a47bd6d4d235b8dbbf5.bin,151,734,datacopy/UCSB/613a1a7f58e66e9ae31d2a47bd6d4d235b8dbbf5.bin,222
3615,712a949eb4969b06740c81186d00bdca4eedbf85.bin,151,734,datacopy/UCSB/712a949eb4969b06740c81186d00bdca4eedbf85.bin,222
3616,d87f4dd4090f6f6808c0a43973d385b7cb4131aa.bin,151,734,datacopy/UCSB/d87f4dd4090f6f6808c0a43973d385b7cb4131aa.bin,222
3617,df97e8f1e24ea246fd1e27db230053f616e3cc98.bin,151,734,datacopy/UCSB/df97e8f1e24ea246fd1e27db230053f616e3cc98.bin,222
3618,a1a2d4d4e60d61599b83484ffe6ffe3c00c25ed7.bin,151,734,datacopy/UCSB/a1a2d4d4e60d61599b83484ffe6ffe3c00c25ed7.bin,222
3619,623aea3449d56f58c8df88eef61871e44b2d262f.bin,151,734,datacopy/UCSB/623aea3449d56f58c8df88eef61871e44b2d262f.bin,222
3620,5283a9e2c4b6864d00349876b4ae4714fe4331bb.bin,151,734,datacopy/UCSB/5283a9e2c4b6864d00349876b4ae4714fe4331bb.bin,222
3621,3805860244eaddd083e72ecb0ab4fbc0bbdb827e.bin,151,734,datacopy/UCSB/3805860244eaddd083e72ecb0ab4fbc0bbdb827e.bin,222
3622,74cd5284c66e245f9c5e3d14441622aa89420a14.bin,151,734,datacopy/UCSB/74cd5284c66e245f9c5e3d14441622aa89420a14.bin,222
3623,5318b43a2cc25449c4273887d38f246684422c85.bin,151,734,datacopy/UCSB/5318b43a2cc25449c4273887d38f246684422c85.bin,222
3624,920eac1ce5795d0d63b92ecc62dbc1de81660949.bin,151,734,datacopy/UCSB/920eac1ce5795d0d63b92ecc62dbc1de81660949.bin,222
3625,59600fa08299613fed266eaf13d5f1d0819d89f6.bin,151,734,datacopy/UCSB/59600fa08299613fed266eaf13d5f1d0819d89f6.bin,222
3626,a7a8d61d7a9cca079cb5194c8475cd5bae1d288f.bin,151,54,datacopy/UCSB/a7a8d61d7a9cca079cb5194c8475cd5bae1d288f.bin,222
3627,3cb9bbfd9770678308bdd25296b6c5e79834fbe3.bin,151,734,datacopy/UCSB/3cb9bbfd9770678308bdd25296b6c5e79834fbe3.bin,222
3628,233a3e240aa1d09ca962fc8be22b897b71613da3.bin,151,734,datacopy/UCSB/233a3e240aa1d09ca962fc8be22b897b71613da3.bin,222
3629,9bba76a35e74b33c9c5c64684ddd26ba7807db56.bin,151,734,datacopy/UCSB/9bba76a35e74b33c9c5c64684ddd26ba7807db56.bin,222
3630,1937488c123716d2ae96859b69efbb12bac63458.bin,151,734,datacopy/UCSB/1937488c123716d2ae96859b69efbb12bac63458.bin,222
3631,5596d2e6f737377e7272c2ff49e11afa71f69028.bin,151,734,datacopy/UCSB/5596d2e6f737377e7272c2ff49e11afa71f69028.bin,222
3632,74ffcd103d6ae501573e3d28ab6e987a91e98b75.bin,151,734,datacopy/UCSB/74ffcd103d6ae501573e3d28ab6e987a91e98b75.bin,222
3633,308735d25afb3db8ddb0354c8b9d8fcf0598616f.bin,151,734,datacopy/UCSB/308735d25afb3db8ddb0354c8b9d8fcf0598616f.bin,222
3634,3c2540e5d2859548a2bb0a855e74b1f3118814b9.bin,151,734,datacopy/UCSB/3c2540e5d2859548a2bb0a855e74b1f3118814b9.bin,222
3635,81f8f473cb6aec6183c31a3c37a60a58d9d8ce37.bin,151,734,datacopy/UCSB/81f8f473cb6aec6183c31a3c37a60a58d9d8ce37.bin,222
3636,6dd79489d7fa242c890336de0e552a50a1a85bfe.bin,151,734,datacopy/UCSB/6dd79489d7fa242c890336de0e552a50a1a85bfe.bin,222
3637,eaf65502e00a2bc61901ee1f47c0449c3da52589.bin,151,734,datacopy/UCSB/eaf65502e00a2bc61901ee1f47c0449c3da52589.bin,222
3638,de7f6d3212e2fba84003bb28334b9551fd80c8af.bin,151,734,datacopy/UCSB/de7f6d3212e2fba84003bb28334b9551fd80c8af.bin,222
3639,7b7ca3dd4a8bbe14695df8908de3c3977ef81af1.bin,151,734,datacopy/UCSB/7b7ca3dd4a8bbe14695df8908de3c3977ef81af1.bin,222
3640,7ed636bc054fac6e061bbe196e8d3494f0186be0.bin,151,734,datacopy/UCSB/7ed636bc054fac6e061bbe196e8d3494f0186be0.bin,222
3641,b31b4d71b71882906c4aa783597f14dd79b0ce4a.bin,151,734,datacopy/UCSB/b31b4d71b71882906c4aa783597f14dd79b0ce4a.bin,222
3642,709c46ca835809ba2d71ec4e58bf8d935d8dedf0.bin,151,734,datacopy/UCSB/709c46ca835809ba2d71ec4e58bf8d935d8dedf0.bin,222
3643,ebef6521f1d4f5949c60204f972e6baa576f5db8.bin,151,734,datacopy/UCSB/ebef6521f1d4f5949c60204f972e6baa576f5db8.bin,222
3644,1eb70bf893968d18dbb4077bf4544817a8c9defc.bin,151,734,datacopy/UCSB/1eb70bf893968d18dbb4077bf4544817a8c9defc.bin,222
3645,7317b1f2f0d73e1fa09dc4234a3ceafce3a948df.bin,151,734,datacopy/UCSB/7317b1f2f0d73e1fa09dc4234a3ceafce3a948df.bin,222
3646,ae3c72fea111bc5a6d0c4577c3107c2f3ac4dc92.bin,151,734,datacopy/UCSB/ae3c72fea111bc5a6d0c4577c3107c2f3ac4dc92.bin,222
3647,1fa746d61ae1931171bd01acec0654cbfc47f224.bin,151,734,datacopy/UCSB/1fa746d61ae1931171bd01acec0654cbfc47f224.bin,222
3648,41234cc0ef84e13ec649330c7565e4a2ddbac9e6.bin,151,734,datacopy/UCSB/41234cc0ef84e13ec649330c7565e4a2ddbac9e6.bin,222
3649,435b0177dd4cdae48e085f2d1ce2467d7446a935.bin,151,734,datacopy/UCSB/435b0177dd4cdae48e085f2d1ce2467d7446a935.bin,222
3650,b75238376a4a96c49bd32308ba9ca8beb3bb6e4f.bin,151,734,datacopy/UCSB/b75238376a4a96c49bd32308ba9ca8beb3bb6e4f.bin,222
3651,abf11ba1ffed9b94b63a111a8f09d4f46b447d87.bin,151,734,datacopy/UCSB/abf11ba1ffed9b94b63a111a8f09d4f46b447d87.bin,222
3652,d401d00ea196e050677d494ac57819369161770e.bin,151,734,datacopy/UCSB/d401d00ea196e050677d494ac57819369161770e.bin,222
3653,4332d2fba0e8554c0157d8a6424c77880aa78cfb.bin,151,734,datacopy/UCSB/4332d2fba0e8554c0157d8a6424c77880aa78cfb.bin,222
3654,842c4539d1254f42c883ecba1267afd6517a4b7a.bin,151,734,datacopy/UCSB/842c4539d1254f42c883ecba1267afd6517a4b7a.bin,222
3655,581ac123fc870172b1ad04de105104354b02e43c.bin,151,734,datacopy/UCSB/581ac123fc870172b1ad04de105104354b02e43c.bin,222
3656,ee71de2f13766612964aabe41ea5e17731e09e7f.bin,151,734,datacopy/UCSB/ee71de2f13766612964aabe41ea5e17731e09e7f.bin,222
3657,253d6080c7c6b13a4acbbc2b63d6b2f67222403f.bin,151,734,datacopy/UCSB/253d6080c7c6b13a4acbbc2b63d6b2f67222403f.bin,222
3658,fdc13255e35a147d4e16a377c99be950f7f8878a.bin,151,734,datacopy/UCSB/fdc13255e35a147d4e16a377c99be950f7f8878a.bin,222
3659,db1f66fec7d74f240be6d082534cc27c7dc3baea.bin,151,54,datacopy/UCSB/db1f66fec7d74f240be6d082534cc27c7dc3baea.bin,222
3660,e981f488d0b5e1f8406f2c30fe8c701c4a0493c7.bin,151,734,datacopy/UCSB/e981f488d0b5e1f8406f2c30fe8c701c4a0493c7.bin,222
3661,2e9af8dbe5c79794b9ff547a6e5bfa055458432e.bin,151,734,datacopy/UCSB/2e9af8dbe5c79794b9ff547a6e5bfa055458432e.bin,222
3662,e8470138c8ac482773b9a562aa6dd86df00ffa32.bin,151,734,datacopy/UCSB/e8470138c8ac482773b9a562aa6dd86df00ffa32.bin,222
3663,0d5eccffb75b69a49c58be4f4406acef0746bb64.bin,151,734,datacopy/UCSB/0d5eccffb75b69a49c58be4f4406acef0746bb64.bin,222
3664,7be06c5fd7bb9353f47152852b47d7d547e9e870.bin,151,734,datacopy/UCSB/7be06c5fd7bb9353f47152852b47d7d547e9e870.bin,222
3665,5869eef4ca88a183bc6f2373ccc0b6a8ed2fc946.bin,151,734,datacopy/UCSB/5869eef4ca88a183bc6f2373ccc0b6a8ed2fc946.bin,222
3666,c9dc268749c82cd4ac48e88bdd430dd94ecdef04.bin,151,734,datacopy/UCSB/c9dc268749c82cd4ac48e88bdd430dd94ecdef04.bin,222
3667,2ae283c0ce47ac1d190e1d5036ca77600043f143.bin,151,734,datacopy/UCSB/2ae283c0ce47ac1d190e1d5036ca77600043f143.bin,222
3668,8a2206bcb62ddd3686c86edb5300deb92047385b.bin,151,734,datacopy/UCSB/8a2206bcb62ddd3686c86edb5300deb92047385b.bin,222
3669,e2eac41a50385a6ef66a23c928aee0c3c518e7a1.bin,151,734,datacopy/UCSB/e2eac41a50385a6ef66a23c928aee0c3c518e7a1.bin,222
3670,7734733659f9bb56d5a59e1946a80d4ca129499d.bin,151,734,datacopy/UCSB/7734733659f9bb56d5a59e1946a80d4ca129499d.bin,222
3671,c79f8796bbae267b8b373278f7460a46f51e33c8.bin,151,734,datacopy/UCSB/c79f8796bbae267b8b373278f7460a46f51e33c8.bin,222
3672,3c545a68849dd42def8a2370fa74710f195eb964.bin,151,734,datacopy/UCSB/3c545a68849dd42def8a2370fa74710f195eb964.bin,222
3673,2b2592bcf4b6511a916ef16bda2c78ee282f4dce.bin,151,54,datacopy/UCSB/2b2592bcf4b6511a916ef16bda2c78ee282f4dce.bin,222
3674,034f29601a77bc19700c9c18d523593cb1b52159.bin,151,734,datacopy/UCSB/034f29601a77bc19700c9c18d523593cb1b52159.bin,222
3675,45321b7cca111de15848e7aa745e81987a0f91b0.bin,151,734,datacopy/UCSB/45321b7cca111de15848e7aa745e81987a0f91b0.bin,222
3676,ff79cac54c415eb25fa3a6f18a1cb105b80bd1f5.bin,151,54,datacopy/UCSB/ff79cac54c415eb25fa3a6f18a1cb105b80bd1f5.bin,222
3677,1e4dfdbf820a84d4b3594742ed3504aef5601201.bin,151,734,datacopy/UCSB/1e4dfdbf820a84d4b3594742ed3504aef5601201.bin,222
3678,aa1dddde462dfa436cdedb26b1b893c5a7b37038.bin,151,54,datacopy/UCSB/aa1dddde462dfa436cdedb26b1b893c5a7b37038.bin,222
3679,568c664212e0d7565136edcb2b403bf6e073b726.bin,151,734,datacopy/UCSB/568c664212e0d7565136edcb2b403bf6e073b726.bin,222
3680,25e9017db92fde90bb77b2b6a4b46b93a465b424.bin,151,734,datacopy/UCSB/25e9017db92fde90bb77b2b6a4b46b93a465b424.bin,222
3681,92b903f7f550ab37308403e9c7da37992568a840.bin,151,734,datacopy/UCSB/92b903f7f550ab37308403e9c7da37992568a840.bin,222
3682,4a752c19045e2eb895527372c35c175317b383a1.bin,151,734,datacopy/UCSB/4a752c19045e2eb895527372c35c175317b383a1.bin,222
3683,f3475e1bf0f45fd830611583f81f1d50eeeba9e7.bin,151,734,datacopy/UCSB/f3475e1bf0f45fd830611583f81f1d50eeeba9e7.bin,222
3684,ece366c7aa88226aac9a0fb5339a1e48c3a20859.bin,151,734,datacopy/UCSB/ece366c7aa88226aac9a0fb5339a1e48c3a20859.bin,222
3685,54ef07ff94cb45ae0f055fa37c0909cb31352d1c.bin,151,734,datacopy/UCSB/54ef07ff94cb45ae0f055fa37c0909cb31352d1c.bin,222
3686,15dbb7aa6b97040d706dbbf7f0fa59e35ee2c715.bin,151,734,datacopy/UCSB/15dbb7aa6b97040d706dbbf7f0fa59e35ee2c715.bin,222
3687,da820ceacd7408607506965fd1f109444def6f5c.bin,151,734,datacopy/UCSB/da820ceacd7408607506965fd1f109444def6f5c.bin,222
3688,2dc92225881f3935b955f749fbe1c07aad211cab.bin,151,734,datacopy/UCSB/2dc92225881f3935b955f749fbe1c07aad211cab.bin,222
3689,5a0b4dd85e6603fdcbf482c4de2549d680a67e43.bin,151,734,datacopy/UCSB/5a0b4dd85e6603fdcbf482c4de2549d680a67e43.bin,222
3690,f10683347d7169b6a3aaef167b4f43fa19f30629.bin,151,734,datacopy/UCSB/f10683347d7169b6a3aaef167b4f43fa19f30629.bin,222
3691,06f652398a88c474da061049b990ee1bb575164f.bin,151,734,datacopy/UCSB/06f652398a88c474da061049b990ee1bb575164f.bin,222
3692,7dc241ade94422098c6924832a48d6204882ec8e.bin,151,734,datacopy/UCSB/7dc241ade94422098c6924832a48d6204882ec8e.bin,222
3693,30f21c5fdf4a31bfd0c87a71f17ed6b2b0c1f55e.bin,151,734,datacopy/UCSB/30f21c5fdf4a31bfd0c87a71f17ed6b2b0c1f55e.bin,222
3694,ace12cd7d59ea1fa2668c18e0955fae677e1fa98.bin,151,734,datacopy/UCSB/ace12cd7d59ea1fa2668c18e0955fae677e1fa98.bin,222
3695,7fc0d5e7a8ca98e1859bcb904854c32bc0eccc87.bin,151,734,datacopy/UCSB/7fc0d5e7a8ca98e1859bcb904854c32bc0eccc87.bin,222
3696,613ee3f7e98b0ef49701db1232cfb898ca421fac.bin,151,734,datacopy/UCSB/613ee3f7e98b0ef49701db1232cfb898ca421fac.bin,222
3697,5f42c842d2eafb3656c2a077cad96fec8883e6ca.bin,151,734,datacopy/UCSB/5f42c842d2eafb3656c2a077cad96fec8883e6ca.bin,222
3698,25400a831a410c8508543d5747dcec8765bde0fd.bin,151,734,datacopy/UCSB/25400a831a410c8508543d5747dcec8765bde0fd.bin,222
3699,9eb7967b67862ea56a22558ddb9a9888270b3227.bin,151,734,datacopy/UCSB/9eb7967b67862ea56a22558ddb9a9888270b3227.bin,222
3700,f04dbdcd67c5a4fdccdd0df0fe10d810cdacba8a.bin,151,734,datacopy/UCSB/f04dbdcd67c5a4fdccdd0df0fe10d810cdacba8a.bin,222
3701,c6696679ee9b7471eaf6089ac8f49d4c4fda3311.bin,151,734,datacopy/UCSB/c6696679ee9b7471eaf6089ac8f49d4c4fda3311.bin,222
3702,ba27577bfa17476e3fa7f508c49c197c44c4c60c.bin,151,54,datacopy/UCSB/ba27577bfa17476e3fa7f508c49c197c44c4c60c.bin,222
3703,5a3c6559e5e58b426eea38d557fbec8f8425b426.bin,151,734,datacopy/UCSB/5a3c6559e5e58b426eea38d557fbec8f8425b426.bin,222
3704,a047b56d66c4d9e7858d9b1a3278169f338ae71d.bin,151,734,datacopy/UCSB/a047b56d66c4d9e7858d9b1a3278169f338ae71d.bin,222
3705,ccf032b0948c17840a3ceac6dbcb19210c3e4487.bin,151,734,datacopy/UCSB/ccf032b0948c17840a3ceac6dbcb19210c3e4487.bin,222
3706,b7e080c764e1891436d5f0f7886e0ce4f6f02d7f.bin,151,734,datacopy/UCSB/b7e080c764e1891436d5f0f7886e0ce4f6f02d7f.bin,222
3707,45e54e6d9e4fee576659fe858201ea2973d25952.bin,151,54,datacopy/UCSB/45e54e6d9e4fee576659fe858201ea2973d25952.bin,222
3708,082e1be9fe7291dc7445d5db4b4852aeefbbbbbd.bin,151,734,datacopy/UCSB/082e1be9fe7291dc7445d5db4b4852aeefbbbbbd.bin,222
3709,7ffe95acfd8fccd15a5608cdd5138f73287fea97.bin,151,734,datacopy/UCSB/7ffe95acfd8fccd15a5608cdd5138f73287fea97.bin,222
3710,3380b3ee21bc12a753e4bbd8e432090ffaef7a78.bin,151,734,datacopy/UCSB/3380b3ee21bc12a753e4bbd8e432090ffaef7a78.bin,222
3711,930a38a6df493d7884af56560f664a6c804c4b5e.bin,151,734,datacopy/UCSB/930a38a6df493d7884af56560f664a6c804c4b5e.bin,222
3712,201bd2f7294a86c739faa80a371e7d8e9a9d471a.bin,151,734,datacopy/UCSB/201bd2f7294a86c739faa80a371e7d8e9a9d471a.bin,222
3713,0a4cf434e1647fa473bcdf13ab8b8e9f8371eb27.bin,151,734,datacopy/UCSB/0a4cf434e1647fa473bcdf13ab8b8e9f8371eb27.bin,222
3714,52b5ae521098369242baabf22bb661ed52dbe873.bin,151,734,datacopy/UCSB/52b5ae521098369242baabf22bb661ed52dbe873.bin,222
3715,0ddfca87a5ea050936c0c0fbc2bceebbe883074c.bin,151,734,datacopy/UCSB/0ddfca87a5ea050936c0c0fbc2bceebbe883074c.bin,222
3716,c5fde1712726f61dc10723075e40badcf98b23e6.bin,151,734,datacopy/UCSB/c5fde1712726f61dc10723075e40badcf98b23e6.bin,222
3717,5cdf9e318cdd12089106bbabb5e2ea63060055c5.bin,151,734,datacopy/UCSB/5cdf9e318cdd12089106bbabb5e2ea63060055c5.bin,222
3718,a9aed0765696a16bc50d88f5341a340353067875.bin,151,734,datacopy/UCSB/a9aed0765696a16bc50d88f5341a340353067875.bin,222
3719,05ee648e842f93abd73c1bbc44329e856b197ae7.bin,151,734,datacopy/UCSB/05ee648e842f93abd73c1bbc44329e856b197ae7.bin,222
3720,9ee7e5c9dbea7cd13195e0ed04a7e88d50ee6a07.bin,151,734,datacopy/UCSB/9ee7e5c9dbea7cd13195e0ed04a7e88d50ee6a07.bin,222
3721,b58ed714a8ca6939859b6caf2c0a02f6a28a3aea.bin,151,734,datacopy/UCSB/b58ed714a8ca6939859b6caf2c0a02f6a28a3aea.bin,222
3722,a90707943c516310e33df6d917054413229212b5.bin,151,734,datacopy/UCSB/a90707943c516310e33df6d917054413229212b5.bin,222
3723,500c6962486a49683ad2eba183c65e3ed68284c4.bin,151,734,datacopy/UCSB/500c6962486a49683ad2eba183c65e3ed68284c4.bin,222
3724,87888dfb32e0b0e08728170c7753b1c6f2354833.bin,151,734,datacopy/UCSB/87888dfb32e0b0e08728170c7753b1c6f2354833.bin,222
3725,bfdc6d02f92d2aaf8ee513502efacc18b31d4a0b.bin,151,734,datacopy/UCSB/bfdc6d02f92d2aaf8ee513502efacc18b31d4a0b.bin,222
3726,9f1bbc1bcb9c43dbae11efea029f1c400efa99a1.bin,151,734,datacopy/UCSB/9f1bbc1bcb9c43dbae11efea029f1c400efa99a1.bin,222
3727,25b179a1a0d2cec7dc395d28d0e512ba704122aa.bin,151,734,datacopy/UCSB/25b179a1a0d2cec7dc395d28d0e512ba704122aa.bin,222
3728,fc642493940a3f9202b1e30071abc3850709005b.bin,151,54,datacopy/UCSB/fc642493940a3f9202b1e30071abc3850709005b.bin,222
3729,8917ad807d41a00a37314aea5715303123c3cbe4.bin,151,734,datacopy/UCSB/8917ad807d41a00a37314aea5715303123c3cbe4.bin,222
3730,c4f91a14d977479f95bb3bb4f942e20f9c3e0d72.bin,151,734,datacopy/UCSB/c4f91a14d977479f95bb3bb4f942e20f9c3e0d72.bin,222
3731,d96c08b9b02cc1e3617abc7f6575c0cfc0bb70d5.bin,151,734,datacopy/UCSB/d96c08b9b02cc1e3617abc7f6575c0cfc0bb70d5.bin,222
3732,c3fc595eed5206a395616d0f35ad8b9bc865bedf.bin,151,734,datacopy/UCSB/c3fc595eed5206a395616d0f35ad8b9bc865bedf.bin,222
3733,fd2f517fc1c19b6a1f7e595d851370b3ced5a93f.bin,151,734,datacopy/UCSB/fd2f517fc1c19b6a1f7e595d851370b3ced5a93f.bin,222
3734,0a59b2f0d346e7393a0acf3f2efe41652cfc22cf.bin,151,734,datacopy/UCSB/0a59b2f0d346e7393a0acf3f2efe41652cfc22cf.bin,222
3735,2cb71d3c0a6ac6b9d418a92ef0a272d21c3c58ff.bin,151,734,datacopy/UCSB/2cb71d3c0a6ac6b9d418a92ef0a272d21c3c58ff.bin,222
3736,56d36cbde95bdaf8165cbb1bf611a36d764a62bc.bin,151,734,datacopy/UCSB/56d36cbde95bdaf8165cbb1bf611a36d764a62bc.bin,222
3737,d45007d5ba11aca7db936da4b46fc1da25acd635.bin,151,734,datacopy/UCSB/d45007d5ba11aca7db936da4b46fc1da25acd635.bin,222
3738,91adf2bd74ed9997522227fca0a62f9fc9c51001.bin,151,734,datacopy/UCSB/91adf2bd74ed9997522227fca0a62f9fc9c51001.bin,222
3739,bd681e11a452114f20f656f20e5972e3bf276a72.bin,151,734,datacopy/UCSB/bd681e11a452114f20f656f20e5972e3bf276a72.bin,222
3740,442be037576e7c2e83bdc51d5b006c0d81766569.bin,151,734,datacopy/UCSB/442be037576e7c2e83bdc51d5b006c0d81766569.bin,222
3741,1f9a0a15cc90705dc3c70b4bdf72ae3bbe5d31fe.bin,151,734,datacopy/UCSB/1f9a0a15cc90705dc3c70b4bdf72ae3bbe5d31fe.bin,222
3742,caaf0b9c95307eb1bd67177cf31241771c1deb14.bin,151,734,datacopy/UCSB/caaf0b9c95307eb1bd67177cf31241771c1deb14.bin,222
3743,9ee2ea803512235f91388c497cffeff02728360e.bin,151,734,datacopy/UCSB/9ee2ea803512235f91388c497cffeff02728360e.bin,222
3744,7e84ea7578d8e9b4351c6867103ea1390b246f6f.bin,151,734,datacopy/UCSB/7e84ea7578d8e9b4351c6867103ea1390b246f6f.bin,222
3745,07f3ade623ef1420d4f963c1f9aae06f985975cf.bin,151,734,datacopy/UCSB/07f3ade623ef1420d4f963c1f9aae06f985975cf.bin,222
3746,dd58181ac0d8e9221f3ee3ebc1f9ff9bdbd67d66.bin,151,734,datacopy/UCSB/dd58181ac0d8e9221f3ee3ebc1f9ff9bdbd67d66.bin,222
3747,9df8d8c150536f4b8386b298401b5e0ba1ebf4ca.bin,151,734,datacopy/UCSB/9df8d8c150536f4b8386b298401b5e0ba1ebf4ca.bin,222
3748,5b922015db76578618ac2cc675e72df7fb8b1406.bin,151,734,datacopy/UCSB/5b922015db76578618ac2cc675e72df7fb8b1406.bin,222
3749,6249b122a1ab16a3124944ef26bf880da8007ca9.bin,151,734,datacopy/UCSB/6249b122a1ab16a3124944ef26bf880da8007ca9.bin,222
3750,988cff29565db0a0ee54031727963930ebd4d0f7.bin,151,734,datacopy/UCSB/988cff29565db0a0ee54031727963930ebd4d0f7.bin,222
3751,c4a193ee4e7823c1a7adf1d3bcd35654a10c6dec.bin,151,734,datacopy/UCSB/c4a193ee4e7823c1a7adf1d3bcd35654a10c6dec.bin,222
3752,f1b2c99aad711f7505421d47e408255c5fd9decf.bin,151,734,datacopy/UCSB/f1b2c99aad711f7505421d47e408255c5fd9decf.bin,222
3753,f1a1ca17d1a29f092ed82966e47b964810c85eb4.bin,151,734,datacopy/UCSB/f1a1ca17d1a29f092ed82966e47b964810c85eb4.bin,222
3754,80456ed8dd21f8b1797de738e39bec8a398e832c.bin,151,734,datacopy/UCSB/80456ed8dd21f8b1797de738e39bec8a398e832c.bin,222
3755,6ab4c0e10d228685c527ccdfefadc0eae1134364.bin,151,734,datacopy/UCSB/6ab4c0e10d228685c527ccdfefadc0eae1134364.bin,222
3756,8d1c4ec4e5792c17def29be1c2137a83755802b7.bin,151,734,datacopy/UCSB/8d1c4ec4e5792c17def29be1c2137a83755802b7.bin,222
3757,82554b9900172a42c1ad75bfbc7bf4a80ac7919d.bin,151,734,datacopy/UCSB/82554b9900172a42c1ad75bfbc7bf4a80ac7919d.bin,222
3758,375db30fc4500597114282f58a967a5869cf4830.bin,151,734,datacopy/UCSB/375db30fc4500597114282f58a967a5869cf4830.bin,222
3759,9784b4d4efb9ba6a6e2a9faf487a92310b032196.bin,151,734,datacopy/UCSB/9784b4d4efb9ba6a6e2a9faf487a92310b032196.bin,222
3760,8879aa1abc65947d4bf232d5ff7ea57f87ee867b.bin,151,734,datacopy/UCSB/8879aa1abc65947d4bf232d5ff7ea57f87ee867b.bin,222
3761,c87500a79d6a0893bcd9fd6e15e44cc6dadb0f19.bin,151,734,datacopy/UCSB/c87500a79d6a0893bcd9fd6e15e44cc6dadb0f19.bin,222
3762,97d2b0a7b8ea920dcf6de9bb239d43e64ba199f9.bin,151,734,datacopy/UCSB/97d2b0a7b8ea920dcf6de9bb239d43e64ba199f9.bin,222
3763,d260b76e11c7d6cb2bf4d70fcfbb2a985ea967a1.bin,151,734,datacopy/UCSB/d260b76e11c7d6cb2bf4d70fcfbb2a985ea967a1.bin,222
3764,37e26eac1b33a11d6e776906952a2ae930d1a065.bin,151,734,datacopy/UCSB/37e26eac1b33a11d6e776906952a2ae930d1a065.bin,222
3765,959817cfccdb36925a72848810f372020da2ba10.bin,151,734,datacopy/UCSB/959817cfccdb36925a72848810f372020da2ba10.bin,222
3766,1d6b3b674e21bf8a9d823a8f7b666cb17408eb39.bin,151,734,datacopy/UCSB/1d6b3b674e21bf8a9d823a8f7b666cb17408eb39.bin,222
3767,d4416376c816d52ec3100204fbdcbadf23af7c21.bin,151,734,datacopy/UCSB/d4416376c816d52ec3100204fbdcbadf23af7c21.bin,222
3768,bf624e807f11d31d65f9ca9ffc1ad1d2f0c57707.bin,151,734,datacopy/UCSB/bf624e807f11d31d65f9ca9ffc1ad1d2f0c57707.bin,222
3769,a6d69b45f86e0f8e75af6861b5b6aa46ca26f360.bin,151,734,datacopy/UCSB/a6d69b45f86e0f8e75af6861b5b6aa46ca26f360.bin,222
3770,69e6302b22e2091532d675e717e94d5f8f81da65.bin,151,734,datacopy/UCSB/69e6302b22e2091532d675e717e94d5f8f81da65.bin,222
3771,c10be92aee3b99376c47200a239c963b7835ca0f.bin,151,734,datacopy/UCSB/c10be92aee3b99376c47200a239c963b7835ca0f.bin,222
3772,fc11481fd8d7a4e4f7cc093c204bfe4571de7aa8.bin,151,734,datacopy/UCSB/fc11481fd8d7a4e4f7cc093c204bfe4571de7aa8.bin,222
3773,332178c8e4adfa6886c744d731b0f3650728bfa2.bin,151,734,datacopy/UCSB/332178c8e4adfa6886c744d731b0f3650728bfa2.bin,222
3774,0feeb912dfad6ed152f2c6e8405a16ce2993f513.bin,151,734,datacopy/UCSB/0feeb912dfad6ed152f2c6e8405a16ce2993f513.bin,222
3775,cae55f48c99d5bf1099ad66023d4b871b4fb5c21.bin,151,734,datacopy/UCSB/cae55f48c99d5bf1099ad66023d4b871b4fb5c21.bin,222
3776,6d9a9295f4d8f38f478cf946824b5478608cb63c.bin,151,734,datacopy/UCSB/6d9a9295f4d8f38f478cf946824b5478608cb63c.bin,222
3777,21e4ce9021a6f9b8bc55c6b067e80dccc8797891.bin,151,734,datacopy/UCSB/21e4ce9021a6f9b8bc55c6b067e80dccc8797891.bin,222
3778,fc955e97d21f576ecf323584e3729e90fbb0c87b.bin,151,734,datacopy/UCSB/fc955e97d21f576ecf323584e3729e90fbb0c87b.bin,222
3779,1b80a601a9cdcb59655e8ac6b2cf3fd04d62d396.bin,151,734,datacopy/UCSB/1b80a601a9cdcb59655e8ac6b2cf3fd04d62d396.bin,222
3780,b4b31755b3c156264e5b8d2f3ebcff751ac15c27.bin,151,734,datacopy/UCSB/b4b31755b3c156264e5b8d2f3ebcff751ac15c27.bin,222
3781,680f62ac4bb59dab39355d6e5a0a6acdf4d76e4f.bin,151,734,datacopy/UCSB/680f62ac4bb59dab39355d6e5a0a6acdf4d76e4f.bin,222
3782,907dbcacac3abf11e72b4009e512a9aa789cc9c9.bin,151,734,datacopy/UCSB/907dbcacac3abf11e72b4009e512a9aa789cc9c9.bin,222
3783,57f0e987f07bda9625ba7ea1f88739470f066bee.bin,151,734,datacopy/UCSB/57f0e987f07bda9625ba7ea1f88739470f066bee.bin,222
3784,bd3fae435ffd609217a3808d8f51ad001c229a68.bin,151,734,datacopy/UCSB/bd3fae435ffd609217a3808d8f51ad001c229a68.bin,222
3785,4f777e80fa66cdcfdfb55a2c241409c0938e9bb8.bin,151,734,datacopy/UCSB/4f777e80fa66cdcfdfb55a2c241409c0938e9bb8.bin,222
3786,9f23f6093d974c018a873e4d328712c59f5940e0.bin,151,734,datacopy/UCSB/9f23f6093d974c018a873e4d328712c59f5940e0.bin,222
3787,8dace9f8c8ea79fcdba1c27c3ce48ce020c80220.bin,151,734,datacopy/UCSB/8dace9f8c8ea79fcdba1c27c3ce48ce020c80220.bin,222
3788,ca7d6c2bc5da532430dabfbc2efe3687bd49d3c4.bin,151,734,datacopy/UCSB/ca7d6c2bc5da532430dabfbc2efe3687bd49d3c4.bin,222
3789,3ca2dbcaa0ab669c0390863312abd36306c278ee.bin,151,734,datacopy/UCSB/3ca2dbcaa0ab669c0390863312abd36306c278ee.bin,222
3790,41f8a002fdebd5ae178139ae2b01ccedbfe84d08.bin,151,734,datacopy/UCSB/41f8a002fdebd5ae178139ae2b01ccedbfe84d08.bin,222
3791,95b5edee2bfe7df73a73daf3abb21403ed4505ad.bin,151,734,datacopy/UCSB/95b5edee2bfe7df73a73daf3abb21403ed4505ad.bin,222
3792,6e89ec96e1a143b5d44f113f5d492f8306f3dceb.bin,151,734,datacopy/UCSB/6e89ec96e1a143b5d44f113f5d492f8306f3dceb.bin,222
3793,ee26efd60bd55a842f6e67d84f329ea36830fcb1.bin,151,734,datacopy/UCSB/ee26efd60bd55a842f6e67d84f329ea36830fcb1.bin,222
3794,1423929a67fbee25adaf56bc96751390263777cf.bin,151,734,datacopy/UCSB/1423929a67fbee25adaf56bc96751390263777cf.bin,222
3795,f47c79a337b0e57770dcc078a5b39bfa4bbb1b84.bin,151,734,datacopy/UCSB/f47c79a337b0e57770dcc078a5b39bfa4bbb1b84.bin,222
3796,51d59726396927fd13e4a1f074b35151eba9e105.bin,151,734,datacopy/UCSB/51d59726396927fd13e4a1f074b35151eba9e105.bin,222
3797,d65c3ac8ad59b442df1a54477128306f8011b770.bin,151,734,datacopy/UCSB/d65c3ac8ad59b442df1a54477128306f8011b770.bin,222
3798,99b4e37b9e32b1d0de05ccada4554d466445f41e.bin,151,734,datacopy/UCSB/99b4e37b9e32b1d0de05ccada4554d466445f41e.bin,222
3799,259997666846464caee98b35347199b18ddd9fb5.bin,151,734,datacopy/UCSB/259997666846464caee98b35347199b18ddd9fb5.bin,222
3800,5fd5e3fe35c38a3785994e0e1f074780e77f3615.bin,151,734,datacopy/UCSB/5fd5e3fe35c38a3785994e0e1f074780e77f3615.bin,222
3801,7ef4795180b0aa4add71747e1f672b497a56efef.bin,151,734,datacopy/UCSB/7ef4795180b0aa4add71747e1f672b497a56efef.bin,222
3802,7aa3cd4e2c4f0374995a06f96522806ba22731ae.bin,151,734,datacopy/UCSB/7aa3cd4e2c4f0374995a06f96522806ba22731ae.bin,222
3803,3154bcb85d7ced304cee2ea05beb91df68d8cf83.bin,151,734,datacopy/UCSB/3154bcb85d7ced304cee2ea05beb91df68d8cf83.bin,222
3804,01afab650ddaf22b48fc3d925d9059ab101241e6.bin,151,734,datacopy/UCSB/01afab650ddaf22b48fc3d925d9059ab101241e6.bin,222
3805,d7eeb48f31f3e2b2542b129ef56b7314b114d219.bin,151,734,datacopy/UCSB/d7eeb48f31f3e2b2542b129ef56b7314b114d219.bin,222
3806,19ad6f2639187a0725a6043982b5a62d58214e56.bin,151,734,datacopy/UCSB/19ad6f2639187a0725a6043982b5a62d58214e56.bin,222
3807,2716c2b12b3f4bc1a4548526b60d3ff354a12744.bin,151,734,datacopy/UCSB/2716c2b12b3f4bc1a4548526b60d3ff354a12744.bin,222
3808,1c402c5b14854562c6600403499061663da7e34a.bin,151,734,datacopy/UCSB/1c402c5b14854562c6600403499061663da7e34a.bin,222
3809,3cb8d286ab42e0abd60da8722c3e378bfa67dc53.bin,151,54,datacopy/UCSB/3cb8d286ab42e0abd60da8722c3e378bfa67dc53.bin,222
3810,95b399235c100203ff075a238430ff90165c4e3e.bin,151,734,datacopy/UCSB/95b399235c100203ff075a238430ff90165c4e3e.bin,222
3811,416e0fa5fc8b374c64d3717c1078ea6021c16bfe.bin,151,734,datacopy/UCSB/416e0fa5fc8b374c64d3717c1078ea6021c16bfe.bin,222
3812,199c1a63d3deddff7b8a4b36627bd5e170d735b7.bin,151,734,datacopy/UCSB/199c1a63d3deddff7b8a4b36627bd5e170d735b7.bin,222
3813,7730760c1206f73508a3310b180e98960e987b5b.bin,151,734,datacopy/UCSB/7730760c1206f73508a3310b180e98960e987b5b.bin,222
3814,ee99aa15ed98cca26a429619f1365b247bb61570.bin,151,734,datacopy/UCSB/ee99aa15ed98cca26a429619f1365b247bb61570.bin,222
3815,974e1593dd9c51be98a1e36a7ae7bc296ae20144.bin,151,734,datacopy/UCSB/974e1593dd9c51be98a1e36a7ae7bc296ae20144.bin,222
3816,0c91fb0a5429a64b4f3ddaa65ff8ea2939cc70a9.bin,151,734,datacopy/UCSB/0c91fb0a5429a64b4f3ddaa65ff8ea2939cc70a9.bin,222
3817,278484dfc6b8927a076e54765b847267d5255f58.bin,151,734,datacopy/UCSB/278484dfc6b8927a076e54765b847267d5255f58.bin,222
3818,9a2641593829a7f887d1aa4d06e19679540534c9.bin,151,734,datacopy/UCSB/9a2641593829a7f887d1aa4d06e19679540534c9.bin,222
3819,6f72d95463a4024c7f9d65f16f798952f5636053.bin,151,734,datacopy/UCSB/6f72d95463a4024c7f9d65f16f798952f5636053.bin,222
3820,2bfe5d881de132aaf2baf48f9853fa475e9941b8.bin,151,734,datacopy/UCSB/2bfe5d881de132aaf2baf48f9853fa475e9941b8.bin,222
3821,78edd0c451167a2f11059a7541ba29817072b700.bin,151,734,datacopy/UCSB/78edd0c451167a2f11059a7541ba29817072b700.bin,222
3822,62eb3cfbdede1debd117a3bbc964fb4da2ccecfd.bin,151,734,datacopy/UCSB/62eb3cfbdede1debd117a3bbc964fb4da2ccecfd.bin,222
3823,7be4cf11388393f2a6ee9425b68c846e59e61b83.bin,151,54,datacopy/UCSB/7be4cf11388393f2a6ee9425b68c846e59e61b83.bin,222
3824,3d49913e63bd8de76e281453438a1cfcb1ca9b81.bin,151,734,datacopy/UCSB/3d49913e63bd8de76e281453438a1cfcb1ca9b81.bin,222
3825,0abb523af255ee865c373e4e829ab9664aaf5cfb.bin,151,734,datacopy/UCSB/0abb523af255ee865c373e4e829ab9664aaf5cfb.bin,222
3826,507f6b7520c390fdc90fb02668667d30f4739dc9.bin,151,734,datacopy/UCSB/507f6b7520c390fdc90fb02668667d30f4739dc9.bin,222
3827,7ad0a606002af40c8741eb32ceef9044c3de6723.bin,151,734,datacopy/UCSB/7ad0a606002af40c8741eb32ceef9044c3de6723.bin,222
3828,f5abd211fef888322fcdb9915318e16f3565eec0.bin,151,734,datacopy/UCSB/f5abd211fef888322fcdb9915318e16f3565eec0.bin,222
3829,42f934ef6d4573064b81719c5c26202fc1e9ec9b.bin,151,734,datacopy/UCSB/42f934ef6d4573064b81719c5c26202fc1e9ec9b.bin,222
3830,5f5b0a0e454667e506b1f52635acc3bd93978c1c.bin,151,54,datacopy/UCSB/5f5b0a0e454667e506b1f52635acc3bd93978c1c.bin,222
3831,42e560860f52835b0bfa6775d58532d56bc8727a.bin,151,734,datacopy/UCSB/42e560860f52835b0bfa6775d58532d56bc8727a.bin,222
3832,445724385f1814daf83df07d335e299847de1f16.bin,151,734,datacopy/UCSB/445724385f1814daf83df07d335e299847de1f16.bin,222
3833,394aafa8310a5a3e0d2788405bc7f0e279bf8a65.bin,151,734,datacopy/UCSB/394aafa8310a5a3e0d2788405bc7f0e279bf8a65.bin,222
3834,79b4d718d2e69d7c4a063c56be3e96dfa398aa65.bin,151,734,datacopy/UCSB/79b4d718d2e69d7c4a063c56be3e96dfa398aa65.bin,222
3835,e88a8167714f8594415606b552876bba1429024f.bin,151,734,datacopy/UCSB/e88a8167714f8594415606b552876bba1429024f.bin,222
3836,f82adb2541d97721afe379aa18d795e9acf804c2.bin,151,734,datacopy/UCSB/f82adb2541d97721afe379aa18d795e9acf804c2.bin,222
3837,d537a3abb69340bb899ad106560315286def3683.bin,151,734,datacopy/UCSB/d537a3abb69340bb899ad106560315286def3683.bin,222
3838,f8c4231def910a65d521723c5d9204662ccab486.bin,151,734,datacopy/UCSB/f8c4231def910a65d521723c5d9204662ccab486.bin,222
3839,29a666f11ca526f7aeb233fc44efb34057ec5991.bin,151,734,datacopy/UCSB/29a666f11ca526f7aeb233fc44efb34057ec5991.bin,222
3840,81025a8444236e02733458e20f15b885adc9b88c.bin,151,734,datacopy/UCSB/81025a8444236e02733458e20f15b885adc9b88c.bin,222
3841,b17ee6f0e261b82d4d9e7f396ea6d8c607050dec.bin,151,734,datacopy/UCSB/b17ee6f0e261b82d4d9e7f396ea6d8c607050dec.bin,222
3842,343ce0b8f50a9782a116365425f4a0cef8623c69.bin,151,734,datacopy/UCSB/343ce0b8f50a9782a116365425f4a0cef8623c69.bin,222
3843,1f00a57ac5944bd53f705de46fe4c3ecf2d5e5e2.bin,151,734,datacopy/UCSB/1f00a57ac5944bd53f705de46fe4c3ecf2d5e5e2.bin,222
3844,4fb00c351d78a58f06ab35a3faf09d9aaa45b418.bin,151,734,datacopy/UCSB/4fb00c351d78a58f06ab35a3faf09d9aaa45b418.bin,222
3845,24d76f85daf292ee055d5ccd35fbc6767f0eed4e.bin,151,734,datacopy/UCSB/24d76f85daf292ee055d5ccd35fbc6767f0eed4e.bin,222
3846,d63a0939a6b2dc6686e250110464ca3b82c95cfe.bin,151,734,datacopy/UCSB/d63a0939a6b2dc6686e250110464ca3b82c95cfe.bin,222
3847,7fdc6ab50e704e7505e2524d9c4db69104ad388d.bin,151,734,datacopy/UCSB/7fdc6ab50e704e7505e2524d9c4db69104ad388d.bin,222
3848,7597d01e3f036c97f74ab4880034c8565ea8108a.bin,151,734,datacopy/UCSB/7597d01e3f036c97f74ab4880034c8565ea8108a.bin,222
3849,0baa07abb0d708e067c961b014c98d8e83e3ca90.bin,151,734,datacopy/UCSB/0baa07abb0d708e067c961b014c98d8e83e3ca90.bin,222
3850,5d0a0399ebca86908de12da7476e013bd18def00.bin,151,734,datacopy/UCSB/5d0a0399ebca86908de12da7476e013bd18def00.bin,222
3851,581c77766e2e227e761d9f8af3b149087a574673.bin,151,734,datacopy/UCSB/581c77766e2e227e761d9f8af3b149087a574673.bin,222
3852,3150b3a903a81b22301b127db631b4f16611f337.bin,151,734,datacopy/UCSB/3150b3a903a81b22301b127db631b4f16611f337.bin,222
3853,edf8a2b2f66e9dc13feb4d390b6c31e792ae6fb7.bin,151,734,datacopy/UCSB/edf8a2b2f66e9dc13feb4d390b6c31e792ae6fb7.bin,222
3854,2ecd60bc48d2c1f4a4aaaeaea16cc29caa2ff775.bin,151,734,datacopy/UCSB/2ecd60bc48d2c1f4a4aaaeaea16cc29caa2ff775.bin,222
3855,defc2d97cee9d4cb8fbd6e2a38c699637907d6f7.bin,151,734,datacopy/UCSB/defc2d97cee9d4cb8fbd6e2a38c699637907d6f7.bin,222
3856,8ff2da344e4e088cd2ac49a0b59703e7d19573d6.bin,151,734,datacopy/UCSB/8ff2da344e4e088cd2ac49a0b59703e7d19573d6.bin,222
3857,baadd31af8bcc39b9366a7cdbb649f9b5e39ec36.bin,151,734,datacopy/UCSB/baadd31af8bcc39b9366a7cdbb649f9b5e39ec36.bin,222
3858,9bc4f0e73682321364f2b430f1b5bf378c4d6ac9.bin,151,734,datacopy/UCSB/9bc4f0e73682321364f2b430f1b5bf378c4d6ac9.bin,222
3859,d48c2eb95daef2050ffe6263c1a2da4a2b3279d4.bin,151,734,datacopy/UCSB/d48c2eb95daef2050ffe6263c1a2da4a2b3279d4.bin,222
3860,cd44b47a0a50970cfd5de9496315c44071b6518c.bin,151,734,datacopy/UCSB/cd44b47a0a50970cfd5de9496315c44071b6518c.bin,222
3861,136ff734dbb2047684e440207e853f64bfcb0666.bin,151,734,datacopy/UCSB/136ff734dbb2047684e440207e853f64bfcb0666.bin,222
3862,da9daaaea6b46c3a465ccadb55913c94ddb4a607.bin,151,734,datacopy/UCSB/da9daaaea6b46c3a465ccadb55913c94ddb4a607.bin,222
3863,902742a7286b7e80320723c991022308502f034b.bin,151,734,datacopy/UCSB/902742a7286b7e80320723c991022308502f034b.bin,222
3864,46d0216944443d2e51972a713d7a6eb8533eed91.bin,151,734,datacopy/UCSB/46d0216944443d2e51972a713d7a6eb8533eed91.bin,222
3865,e01891bd7dfb61632c4886b1f2fbe8be4e7c279d.bin,151,734,datacopy/UCSB/e01891bd7dfb61632c4886b1f2fbe8be4e7c279d.bin,222
3866,fe2df8a45bc5c01f1b536f7ce8951b917957de3b.bin,151,734,datacopy/UCSB/fe2df8a45bc5c01f1b536f7ce8951b917957de3b.bin,222
3867,3b46ccb1af3b975082596bee29b2823764094d04.bin,151,734,datacopy/UCSB/3b46ccb1af3b975082596bee29b2823764094d04.bin,222
3868,86879b94dfe4f55591661fa00e50e062edc120cf.bin,151,734,datacopy/UCSB/86879b94dfe4f55591661fa00e50e062edc120cf.bin,222
3869,984712be0bc331ceb274d18cbbbe19b430ce9613.bin,151,734,datacopy/UCSB/984712be0bc331ceb274d18cbbbe19b430ce9613.bin,222
3870,af21ff91d77fb1df388a1b1f008cd7ceac1e0efb.bin,151,734,datacopy/UCSB/af21ff91d77fb1df388a1b1f008cd7ceac1e0efb.bin,222
3871,d1d762bcd74895b273bc62e6772723144ecee47b.bin,151,734,datacopy/UCSB/d1d762bcd74895b273bc62e6772723144ecee47b.bin,222
3872,fd2fe6677fc57839ee0c0f177ddf208cc7c79ae8.bin,151,734,datacopy/UCSB/fd2fe6677fc57839ee0c0f177ddf208cc7c79ae8.bin,222
3873,02765e8358d9765cd0ed2c25c9d9b03530a3b9cc.bin,151,734,datacopy/UCSB/02765e8358d9765cd0ed2c25c9d9b03530a3b9cc.bin,222
3874,6573e68fcfc038ecd03030f0040e1889cd4961ba.bin,151,734,datacopy/UCSB/6573e68fcfc038ecd03030f0040e1889cd4961ba.bin,222
3875,5991d2219de536cc5532367502572d06797ad586.bin,151,734,datacopy/UCSB/5991d2219de536cc5532367502572d06797ad586.bin,222
3876,f3f563e8a8e87089a987655d2080212f9cd91d1e.bin,151,734,datacopy/UCSB/f3f563e8a8e87089a987655d2080212f9cd91d1e.bin,222
3877,0b813af0e7453a10558c19380060d3ad577649d7.bin,151,734,datacopy/UCSB/0b813af0e7453a10558c19380060d3ad577649d7.bin,222
3878,21654c6d7ebb9ff32872750b957a52b6d4b986b4.bin,151,734,datacopy/UCSB/21654c6d7ebb9ff32872750b957a52b6d4b986b4.bin,222
3879,093edc7e5761499739c77666af1254e3de47f66b.bin,151,734,datacopy/UCSB/093edc7e5761499739c77666af1254e3de47f66b.bin,222
3880,44cec5fbd762c5033303105f17800709ec7c6ddd.bin,151,734,datacopy/UCSB/44cec5fbd762c5033303105f17800709ec7c6ddd.bin,222
3881,3a5f7c389e2de55636e9affdfa347818aa332d1f.bin,151,734,datacopy/UCSB/3a5f7c389e2de55636e9affdfa347818aa332d1f.bin,222
3882,973f86833dea3f0e61e597fb1cdb2b5409228c3c.bin,151,734,datacopy/UCSB/973f86833dea3f0e61e597fb1cdb2b5409228c3c.bin,222
3883,45687a9fe2cc8fa2bb68274dafdce918814c0b08.bin,151,734,datacopy/UCSB/45687a9fe2cc8fa2bb68274dafdce918814c0b08.bin,222
3884,54bd6f36a4216d0b203e637ab9937d3a3aaec58f.bin,151,734,datacopy/UCSB/54bd6f36a4216d0b203e637ab9937d3a3aaec58f.bin,222
3885,5024470fc1b8f14fe5db44f4ddde0d6256b25dc8.bin,151,734,datacopy/UCSB/5024470fc1b8f14fe5db44f4ddde0d6256b25dc8.bin,222
3886,1b885ff0673d217dc6b01b74d097c25dc5dd51ed.bin,151,734,datacopy/UCSB/1b885ff0673d217dc6b01b74d097c25dc5dd51ed.bin,222
3887,72a08ed4d592603a7d82a0071383a5b66d59b802.bin,151,734,datacopy/UCSB/72a08ed4d592603a7d82a0071383a5b66d59b802.bin,222
3888,2f65610c62afa1c4c54fbd84c67d374f66180868.bin,151,734,datacopy/UCSB/2f65610c62afa1c4c54fbd84c67d374f66180868.bin,222
3889,a59729e777169e0dba1811a77f03b51fc209564c.bin,151,734,datacopy/UCSB/a59729e777169e0dba1811a77f03b51fc209564c.bin,222
3890,fdceb3811dc7290d1ece14bf31ad29d75a12cdbc.bin,151,734,datacopy/UCSB/fdceb3811dc7290d1ece14bf31ad29d75a12cdbc.bin,222
3891,4ce379b5985c89b7db1c571d8d7f3c7c755c8987.bin,151,734,datacopy/UCSB/4ce379b5985c89b7db1c571d8d7f3c7c755c8987.bin,222
3892,5fed8b34088d25c8dee57baafb8594a622317608.bin,151,734,datacopy/UCSB/5fed8b34088d25c8dee57baafb8594a622317608.bin,222
3893,764fab943dd306b3f33c58b7d4614461e212db57.bin,151,734,datacopy/UCSB/764fab943dd306b3f33c58b7d4614461e212db57.bin,222
3894,e42ecb5ddb35560a0fb9f3dd93ad2a92471ea318.bin,151,734,datacopy/UCSB/e42ecb5ddb35560a0fb9f3dd93ad2a92471ea318.bin,222
3895,aa160049930314eb002a1f8addb4259ebb8546bc.bin,151,734,datacopy/UCSB/aa160049930314eb002a1f8addb4259ebb8546bc.bin,222
3896,aec60bd2aaac6e2cfd926e0d2fe9add59f41a0f5.bin,151,734,datacopy/UCSB/aec60bd2aaac6e2cfd926e0d2fe9add59f41a0f5.bin,222
3897,d1ad2ac9c55c76cf2872bb0b555c7a269906fd3e.bin,151,734,datacopy/UCSB/d1ad2ac9c55c76cf2872bb0b555c7a269906fd3e.bin,222
3898,9670213c09ccc24568558b79a0d5d95d67a29c94.bin,151,734,datacopy/UCSB/9670213c09ccc24568558b79a0d5d95d67a29c94.bin,222
3899,9b13b6471da893105e3fa34af45f90479d6bc2cf.bin,151,734,datacopy/UCSB/9b13b6471da893105e3fa34af45f90479d6bc2cf.bin,222
3900,50aec81360455372547a6fc9ddb77a5b5094de07.bin,151,734,datacopy/UCSB/50aec81360455372547a6fc9ddb77a5b5094de07.bin,222
3901,e967ce6023763c9cb648f2ac626dbd0219b05e12.bin,151,734,datacopy/UCSB/e967ce6023763c9cb648f2ac626dbd0219b05e12.bin,222
3902,fc202f37822449dc182efb551590ef32b19a728f.bin,151,734,datacopy/UCSB/fc202f37822449dc182efb551590ef32b19a728f.bin,222
3903,667a664c65bf1c7e805f2ba6087053eff92ae11b.bin,151,734,datacopy/UCSB/667a664c65bf1c7e805f2ba6087053eff92ae11b.bin,222
3904,efb205f35c1741b2d4d24651808061989b0c3d46.bin,151,54,datacopy/UCSB/efb205f35c1741b2d4d24651808061989b0c3d46.bin,222
3905,b12e3cb64d54546943c62e3b0b61225244d0995c.bin,151,734,datacopy/UCSB/b12e3cb64d54546943c62e3b0b61225244d0995c.bin,222
3906,804c6e5fda9bcb7dcaa1f36a20ace629fa2fd1ba.bin,151,734,datacopy/UCSB/804c6e5fda9bcb7dcaa1f36a20ace629fa2fd1ba.bin,222
3907,9eea85ba8a0f89a4e845b53fc16f5c0f3df31dbe.bin,151,734,datacopy/UCSB/9eea85ba8a0f89a4e845b53fc16f5c0f3df31dbe.bin,222
3908,0f82bf121d1080b866a97d7ef99bc0a712400785.bin,151,734,datacopy/UCSB/0f82bf121d1080b866a97d7ef99bc0a712400785.bin,222
3909,c29e868a2b45caa2ab353712a9fe0a7f5fd93aa8.bin,151,734,datacopy/UCSB/c29e868a2b45caa2ab353712a9fe0a7f5fd93aa8.bin,222
3910,1416faef268e1adf639a22642dac439e597216ab.bin,151,734,datacopy/UCSB/1416faef268e1adf639a22642dac439e597216ab.bin,222
3911,18f5f6bca6698c4d58af7fde2fd65f503047cf77.bin,151,734,datacopy/UCSB/18f5f6bca6698c4d58af7fde2fd65f503047cf77.bin,222
3912,8ab55f9c179cabb388eba922435e05b7717e6e03.bin,151,54,datacopy/UCSB/8ab55f9c179cabb388eba922435e05b7717e6e03.bin,222
3913,c32b06e420cf00303f3f36e34ddb987494c663f8.bin,151,734,datacopy/UCSB/c32b06e420cf00303f3f36e34ddb987494c663f8.bin,222
3914,97ba49020317d229b6cd957664075527970466ab.bin,151,734,datacopy/UCSB/97ba49020317d229b6cd957664075527970466ab.bin,222
3915,f10d6f1550b5421a1f4917c04506649233646bff.bin,151,734,datacopy/UCSB/f10d6f1550b5421a1f4917c04506649233646bff.bin,222
3916,c0d4c1ebce57ebba7dd87dc71c77ed4c061c9174.bin,151,734,datacopy/UCSB/c0d4c1ebce57ebba7dd87dc71c77ed4c061c9174.bin,222
3917,efcd823347201c8ad0316906c54600c11a3fbe5f.bin,151,734,datacopy/UCSB/efcd823347201c8ad0316906c54600c11a3fbe5f.bin,222
3918,74901ce2b5399e09275804c1de85d083693f50ab.bin,151,734,datacopy/UCSB/74901ce2b5399e09275804c1de85d083693f50ab.bin,222
3919,5e4a2a7418517b451da843e4061e04a317eaebc3.bin,151,734,datacopy/UCSB/5e4a2a7418517b451da843e4061e04a317eaebc3.bin,222
3920,548ea30bc48cf760608ce295d05692372beeef48.bin,151,734,datacopy/UCSB/548ea30bc48cf760608ce295d05692372beeef48.bin,222
3921,10bf0dc6632ad6b972392b83275ebc10eb4f9842.bin,151,734,datacopy/UCSB/10bf0dc6632ad6b972392b83275ebc10eb4f9842.bin,222
3922,ec057af2eedf41b8bfc64ec0bdfc4a8fd780d28b.bin,151,734,datacopy/UCSB/ec057af2eedf41b8bfc64ec0bdfc4a8fd780d28b.bin,222
3923,29b688d6630075f438be9c7fb02a8293f91b28de.bin,151,734,datacopy/UCSB/29b688d6630075f438be9c7fb02a8293f91b28de.bin,222
3924,ecd52e0f2b7a5004ccb158be0cdb1ffc9e2758a7.bin,151,734,datacopy/UCSB/ecd52e0f2b7a5004ccb158be0cdb1ffc9e2758a7.bin,222
3925,4e80f43d5169e5917f4769a02da5ecdc32bc0910.bin,151,734,datacopy/UCSB/4e80f43d5169e5917f4769a02da5ecdc32bc0910.bin,222
3926,3d5f46e2fc0b6baae37b1d83f10378486ac9fda8.bin,151,734,datacopy/UCSB/3d5f46e2fc0b6baae37b1d83f10378486ac9fda8.bin,222
3927,7a118f7fb6df7a159cd0329fe3518098d2231f15.bin,151,734,datacopy/UCSB/7a118f7fb6df7a159cd0329fe3518098d2231f15.bin,222
3928,739b9b2f1b7cc4439999727eccc99cf786405018.bin,151,734,datacopy/UCSB/739b9b2f1b7cc4439999727eccc99cf786405018.bin,222
3929,022a818190c847d26e00dab69979cdb6e24a3f9c.bin,151,734,datacopy/UCSB/022a818190c847d26e00dab69979cdb6e24a3f9c.bin,222
3930,062f979661114e66d1b63a0bbdfeb8e9c6888e43.bin,151,734,datacopy/UCSB/062f979661114e66d1b63a0bbdfeb8e9c6888e43.bin,222
3931,2d1d51954f5cc67e9b6ce81d2eb4598ab2cfbe48.bin,151,734,datacopy/UCSB/2d1d51954f5cc67e9b6ce81d2eb4598ab2cfbe48.bin,222
3932,e9a7105478a764ac537dcee8621d8cf7612b825b.bin,151,734,datacopy/UCSB/e9a7105478a764ac537dcee8621d8cf7612b825b.bin,222
3933,2d3a4bc6af707e0ae8298194792fa0a747f86622.bin,151,734,datacopy/UCSB/2d3a4bc6af707e0ae8298194792fa0a747f86622.bin,222
3934,5237e7636ae2c22aa2d2f5f383475fa235f8105d.bin,151,734,datacopy/UCSB/5237e7636ae2c22aa2d2f5f383475fa235f8105d.bin,222
3935,db7562f6f4bae7444544014bbd52d2287d1936dd.bin,151,734,datacopy/UCSB/db7562f6f4bae7444544014bbd52d2287d1936dd.bin,222
3936,27616a430a16e4992b138876b0fd4cf6ef06b411.bin,151,734,datacopy/UCSB/27616a430a16e4992b138876b0fd4cf6ef06b411.bin,222
3937,52224a8173aba6a193002cabb9531ebe40e07143.bin,151,734,datacopy/UCSB/52224a8173aba6a193002cabb9531ebe40e07143.bin,222
3938,886c7696a083b051b7560562a80c65e61487d350.bin,151,734,datacopy/UCSB/886c7696a083b051b7560562a80c65e61487d350.bin,222
3939,0717804b87a898b645bbf176b9bf3f66231f4428.bin,151,734,datacopy/UCSB/0717804b87a898b645bbf176b9bf3f66231f4428.bin,222
3940,2b1516ebc5b938b0ecd651f6924cdfc20559a631.bin,151,734,datacopy/UCSB/2b1516ebc5b938b0ecd651f6924cdfc20559a631.bin,222
3941,3328362cf154d7bff654b599bb04bc471c508c54.bin,151,734,datacopy/UCSB/3328362cf154d7bff654b599bb04bc471c508c54.bin,222
3942,1b3f9d003996646cdf3f02134f37d5db1b1c0143.bin,151,734,datacopy/UCSB/1b3f9d003996646cdf3f02134f37d5db1b1c0143.bin,222
3943,940647773c729d12f364eaa9308114848be0e53d.bin,151,734,datacopy/UCSB/940647773c729d12f364eaa9308114848be0e53d.bin,222
3944,04e55739ba035dc357a466af3fff0a50383d1153.bin,151,734,datacopy/UCSB/04e55739ba035dc357a466af3fff0a50383d1153.bin,222
3945,71162d9e98f08a04e23ab2d1498f6fd311c21faf.bin,151,734,datacopy/UCSB/71162d9e98f08a04e23ab2d1498f6fd311c21faf.bin,222
3946,c5f8da8dd02a675ae46b3a6a2f635f4b62d208f7.bin,151,734,datacopy/UCSB/c5f8da8dd02a675ae46b3a6a2f635f4b62d208f7.bin,222
3947,e6d9a0a5d84b1202aa3c7e6319d41170017d61a5.bin,151,734,datacopy/UCSB/e6d9a0a5d84b1202aa3c7e6319d41170017d61a5.bin,222
3948,9f7bcb7f2e4babf490db33683becf0abea748331.bin,151,734,datacopy/UCSB/9f7bcb7f2e4babf490db33683becf0abea748331.bin,222
3949,2b69a73e3d08e71570ba0dca9bfe7c889d10f4f3.bin,151,734,datacopy/UCSB/2b69a73e3d08e71570ba0dca9bfe7c889d10f4f3.bin,222
3950,52d50b4a2bb711a45b8e7c543505b6c55ced6c1e.bin,151,734,datacopy/UCSB/52d50b4a2bb711a45b8e7c543505b6c55ced6c1e.bin,222
3951,017c23a5c2774ec92b2a653e0bf389a0de6a385d.bin,151,734,datacopy/UCSB/017c23a5c2774ec92b2a653e0bf389a0de6a385d.bin,222
3952,7514c2c05ff13c699bc7ddee40288799f091dfe2.bin,151,734,datacopy/UCSB/7514c2c05ff13c699bc7ddee40288799f091dfe2.bin,222
3953,d57abbd2b9a0e0f0651ba0fdc34e6c2a47731ed9.bin,151,734,datacopy/UCSB/d57abbd2b9a0e0f0651ba0fdc34e6c2a47731ed9.bin,222
3954,8c33d47fb656d190e82d324f3124412934801d33.bin,151,734,datacopy/UCSB/8c33d47fb656d190e82d324f3124412934801d33.bin,222
3955,abeef2f29b36222c48c85f9a47260f2dfbd01e9c.bin,151,734,datacopy/UCSB/abeef2f29b36222c48c85f9a47260f2dfbd01e9c.bin,222
3956,7c2547e56e06d2bda537d9d9620dd0e0252709c7.bin,151,734,datacopy/UCSB/7c2547e56e06d2bda537d9d9620dd0e0252709c7.bin,222
3957,4dd08d4000db1e9a250d880d39649e118d1fb201.bin,151,734,datacopy/UCSB/4dd08d4000db1e9a250d880d39649e118d1fb201.bin,222
3958,1e76548a701f9cbb4a6e74ecff759bdba489b38b.bin,151,734,datacopy/UCSB/1e76548a701f9cbb4a6e74ecff759bdba489b38b.bin,222
3959,9b4e3a7c6a48b57667133c95f673a3c999983076.bin,151,734,datacopy/UCSB/9b4e3a7c6a48b57667133c95f673a3c999983076.bin,222
3960,beab67a87580171efafc4334a880512c87c8518d.bin,151,734,datacopy/UCSB/beab67a87580171efafc4334a880512c87c8518d.bin,222
3961,49013375d5c293efb45dd3d28d6bb7d9e5e2ecdc.bin,151,734,datacopy/UCSB/49013375d5c293efb45dd3d28d6bb7d9e5e2ecdc.bin,222
3962,ccb7dc6148b093d9c8dc11cb0b71155f42fb8641.bin,151,734,datacopy/UCSB/ccb7dc6148b093d9c8dc11cb0b71155f42fb8641.bin,222
3963,1783068f1b71617b29ad03aaf686caecbc7a4c5d.bin,151,734,datacopy/UCSB/1783068f1b71617b29ad03aaf686caecbc7a4c5d.bin,222
3964,9e2816319208d95562ccf42f5c6112b4d4f27701.bin,151,734,datacopy/UCSB/9e2816319208d95562ccf42f5c6112b4d4f27701.bin,222
3965,f43ece61c881b953ffae683c7f2c39b80e51124c.bin,151,734,datacopy/UCSB/f43ece61c881b953ffae683c7f2c39b80e51124c.bin,222
3966,b3259c89bc36b9cb22eed91c65f566ed76925220.bin,151,734,datacopy/UCSB/b3259c89bc36b9cb22eed91c65f566ed76925220.bin,222
3967,3600ada21df295b7dd11be9425f5f0c992efdbc9.bin,151,734,datacopy/UCSB/3600ada21df295b7dd11be9425f5f0c992efdbc9.bin,222
3968,d31c1b9786d0c75157d8d01e56fcf25d1d9cd9ed.bin,151,734,datacopy/UCSB/d31c1b9786d0c75157d8d01e56fcf25d1d9cd9ed.bin,222
3969,c931fc2b7ae9d14544667048764fdeee62b1f9de.bin,151,734,datacopy/UCSB/c931fc2b7ae9d14544667048764fdeee62b1f9de.bin,222
3970,e91a5dad952dda6f6ea64b06fa1f07ff708f830f.bin,151,734,datacopy/UCSB/e91a5dad952dda6f6ea64b06fa1f07ff708f830f.bin,222
3971,fcfb89a9164c087f8251f735f4c76c463a755989.bin,151,734,datacopy/UCSB/fcfb89a9164c087f8251f735f4c76c463a755989.bin,222
3972,a2460eeee775cdf83e8971a85be9fb8ce9ed49ae.bin,151,54,datacopy/UCSB/a2460eeee775cdf83e8971a85be9fb8ce9ed49ae.bin,222
3973,7c5ec0c492f77c56e2f2a127d039436cf82e87bc.bin,151,734,datacopy/UCSB/7c5ec0c492f77c56e2f2a127d039436cf82e87bc.bin,222
3974,5f0946759a4acc0274e69b52181acaa36dd7c71d.bin,151,734,datacopy/UCSB/5f0946759a4acc0274e69b52181acaa36dd7c71d.bin,222
3975,1f1d8e549bcf53738cdfa4f77ef51e295c866def.bin,151,734,datacopy/UCSB/1f1d8e549bcf53738cdfa4f77ef51e295c866def.bin,222
3976,643b8ff97a53edb64c63c656fccd4550d054c5be.bin,151,734,datacopy/UCSB/643b8ff97a53edb64c63c656fccd4550d054c5be.bin,222
3977,79e990532ba603919aaf08b6aaac5abff4a5b469.bin,151,734,datacopy/UCSB/79e990532ba603919aaf08b6aaac5abff4a5b469.bin,222
3978,df7819131506c78ee0608a0a235202e80af4597a.bin,151,734,datacopy/UCSB/df7819131506c78ee0608a0a235202e80af4597a.bin,222
3979,62a8252b443fb6200c64cc539281b107b539e223.bin,151,734,datacopy/UCSB/62a8252b443fb6200c64cc539281b107b539e223.bin,222
3980,4b70a39c45d99522f8977dd0acbc1b179c53c212.bin,151,734,datacopy/UCSB/4b70a39c45d99522f8977dd0acbc1b179c53c212.bin,222
3981,2194675a44aa97bc4d12dc66746b554c03ccd613.bin,151,734,datacopy/UCSB/2194675a44aa97bc4d12dc66746b554c03ccd613.bin,222
3982,f491da54fc969e9045f030cd7f18aa9f6e9787f0.bin,151,734,datacopy/UCSB/f491da54fc969e9045f030cd7f18aa9f6e9787f0.bin,222
3983,fa6058318c217a31fbfcd97802b3bba6b7b21a44.bin,151,734,datacopy/UCSB/fa6058318c217a31fbfcd97802b3bba6b7b21a44.bin,222
3984,6dd3aa7d7ac5ef2ad446cdea2f4f83f291765712.bin,151,734,datacopy/UCSB/6dd3aa7d7ac5ef2ad446cdea2f4f83f291765712.bin,222
3985,9c305b955d3786f5303b25292415fffc068daa20.bin,151,734,datacopy/UCSB/9c305b955d3786f5303b25292415fffc068daa20.bin,222
3986,c8dd22525331312958b532369e4e8e9050222e0b.bin,151,734,datacopy/UCSB/c8dd22525331312958b532369e4e8e9050222e0b.bin,222
3987,367a83cd151a387059430eeb6baa249f8ab7ff9b.bin,151,734,datacopy/UCSB/367a83cd151a387059430eeb6baa249f8ab7ff9b.bin,222
3988,22d072b783ee8564406cc778a3ac08c87fc99a44.bin,151,734,datacopy/UCSB/22d072b783ee8564406cc778a3ac08c87fc99a44.bin,222
3989,0c2c54aa958df2083e37825b7f05602231472bef.bin,151,734,datacopy/UCSB/0c2c54aa958df2083e37825b7f05602231472bef.bin,222
3990,6450671dc8c8c911a1b02bf82cf0464c4df2ed50.bin,151,734,datacopy/UCSB/6450671dc8c8c911a1b02bf82cf0464c4df2ed50.bin,222
3991,b6080fbeb3530c00607f433a37c672f0bca13ba2.bin,151,734,datacopy/UCSB/b6080fbeb3530c00607f433a37c672f0bca13ba2.bin,222
3992,30aa0d960f6e394b6189e39eb764be046bc11de0.bin,151,54,datacopy/UCSB/30aa0d960f6e394b6189e39eb764be046bc11de0.bin,222
3993,4e4ff5a22c0c5ac4c00d9ed38116060e1f0e15bf.bin,151,734,datacopy/UCSB/4e4ff5a22c0c5ac4c00d9ed38116060e1f0e15bf.bin,222
3994,9e78ad70775a2c1b5e1bdb916a0209d08fbfeed2.bin,151,734,datacopy/UCSB/9e78ad70775a2c1b5e1bdb916a0209d08fbfeed2.bin,222
3995,d6055be1050871225f628df2110134deacc77221.bin,151,734,datacopy/UCSB/d6055be1050871225f628df2110134deacc77221.bin,222
3996,d135a0aa2b2a3bf734c3d42a7a01d0c1c9fa1f2d.bin,151,734,datacopy/UCSB/d135a0aa2b2a3bf734c3d42a7a01d0c1c9fa1f2d.bin,222
3997,ba3ea30bf6496325b35081b22524b1bbbdca68a4.bin,151,734,datacopy/UCSB/ba3ea30bf6496325b35081b22524b1bbbdca68a4.bin,222
3998,93b7d6dc48d4be0c357f4a2111404c44b4319c85.bin,151,54,datacopy/UCSB/93b7d6dc48d4be0c357f4a2111404c44b4319c85.bin,222
3999,768bc1bdd353049df05ab06251f7c73126ee6a3c.bin,151,734,datacopy/UCSB/768bc1bdd353049df05ab06251f7c73126ee6a3c.bin,222
4000,fe12785fbd1df18123532cb53a3120d174d195f9.bin,151,54,datacopy/UCSB/fe12785fbd1df18123532cb53a3120d174d195f9.bin,222
4001,3748841f5e0b1a40c870372dd46884a2aa243495.bin,151,734,datacopy/UCSB/3748841f5e0b1a40c870372dd46884a2aa243495.bin,222
4002,9ac568f7f9f55fd776496578262693a060f33743.bin,151,734,datacopy/UCSB/9ac568f7f9f55fd776496578262693a060f33743.bin,222
4003,16da7f431f74717bd7de3ca9b9148c14fb7c33a3.bin,151,734,datacopy/UCSB/16da7f431f74717bd7de3ca9b9148c14fb7c33a3.bin,222
4004,88d0703fa4d4dec4b7b4531e7c0f683e132b32d9.bin,151,734,datacopy/UCSB/88d0703fa4d4dec4b7b4531e7c0f683e132b32d9.bin,222
4005,0e4f1f8af3585fabbeba02d065c92b950bedf5ea.bin,151,734,datacopy/UCSB/0e4f1f8af3585fabbeba02d065c92b950bedf5ea.bin,222
4006,735d5f1a8c2f219bc1ec657840f72958b4ca977f.bin,151,734,datacopy/UCSB/735d5f1a8c2f219bc1ec657840f72958b4ca977f.bin,222
4007,ee740f35334a63db181e4dda7b3afb60359e01f1.bin,151,734,datacopy/UCSB/ee740f35334a63db181e4dda7b3afb60359e01f1.bin,222
4008,02d41a8aedaf10d1194fea3a423986ae3b0ae1f5.bin,151,734,datacopy/UCSB/02d41a8aedaf10d1194fea3a423986ae3b0ae1f5.bin,222
4009,27e91bf0ea9cebb62014dc5533bfc0dfae590fdc.bin,151,734,datacopy/UCSB/27e91bf0ea9cebb62014dc5533bfc0dfae590fdc.bin,222
4010,1e26157bb3359ee94b9c9f7bb502d59a3717c59e.bin,151,734,datacopy/UCSB/1e26157bb3359ee94b9c9f7bb502d59a3717c59e.bin,222
4011,5d93c4693135f611fc97631cc39dbf1d79c7c634.bin,151,734,datacopy/UCSB/5d93c4693135f611fc97631cc39dbf1d79c7c634.bin,222
4012,59260faebe610902ed5f5a4ebac958cc5a473f0e.bin,151,734,datacopy/UCSB/59260faebe610902ed5f5a4ebac958cc5a473f0e.bin,222
4013,76a2a7d7e3eb77866ae94b0882a2bfe6da70e7fa.bin,151,734,datacopy/UCSB/76a2a7d7e3eb77866ae94b0882a2bfe6da70e7fa.bin,222
4014,4f2ca3a1945566d7e1cdddf40a7cecd533cc2880.bin,151,734,datacopy/UCSB/4f2ca3a1945566d7e1cdddf40a7cecd533cc2880.bin,222
4015,4553e72b19db1037debd24bab0c88e05a0e407e4.bin,151,734,datacopy/UCSB/4553e72b19db1037debd24bab0c88e05a0e407e4.bin,222
4016,4ab765f997c61fcb371900509a3993162f097787.bin,151,734,datacopy/UCSB/4ab765f997c61fcb371900509a3993162f097787.bin,222
4017,118b35f77edfccebc6ab489ef5e2e5bb04c24af6.bin,151,734,datacopy/UCSB/118b35f77edfccebc6ab489ef5e2e5bb04c24af6.bin,222
4018,bfd18e6d7c755cc5d4a0434ababef2df5292977a.bin,151,734,datacopy/UCSB/bfd18e6d7c755cc5d4a0434ababef2df5292977a.bin,222
4019,fb21873c4c89c3a17102caadf23eeddf455a0ed5.bin,151,734,datacopy/UCSB/fb21873c4c89c3a17102caadf23eeddf455a0ed5.bin,222
4020,a6bcb5b3490d6bf35e3549b3efa7acd0c0f5e2a2.bin,151,734,datacopy/UCSB/a6bcb5b3490d6bf35e3549b3efa7acd0c0f5e2a2.bin,222
4021,e782c3aa33e61f4f93fef6154eb593e67c9f11a2.bin,151,734,datacopy/UCSB/e782c3aa33e61f4f93fef6154eb593e67c9f11a2.bin,222
4022,2a9f966c02f7867798d4f4c081e1feda2465aa3f.bin,151,734,datacopy/UCSB/2a9f966c02f7867798d4f4c081e1feda2465aa3f.bin,222
4023,8542e3a3870b19fa9c8f243d145695edd08294f3.bin,151,734,datacopy/UCSB/8542e3a3870b19fa9c8f243d145695edd08294f3.bin,222
4024,1aa25f4d4b7557278fc990ab18d6f2a7ad0d0665.bin,151,54,datacopy/UCSB/1aa25f4d4b7557278fc990ab18d6f2a7ad0d0665.bin,222
4025,7f40cea38ab5ee679c936e685946b590810edadb.bin,151,734,datacopy/UCSB/7f40cea38ab5ee679c936e685946b590810edadb.bin,222
4026,fc064ac99aa4c15aeead49a495015a2cf6730101.bin,151,734,datacopy/UCSB/fc064ac99aa4c15aeead49a495015a2cf6730101.bin,222
4027,d6cc9e3050fd9f87f087af596b839941d28891d7.bin,151,734,datacopy/UCSB/d6cc9e3050fd9f87f087af596b839941d28891d7.bin,222
4028,54197210f1515f17678caa57da72d24a5d525609.bin,151,734,datacopy/UCSB/54197210f1515f17678caa57da72d24a5d525609.bin,222
4029,0592af3cec69be5144af7cd9774902996c51acb2.bin,151,734,datacopy/UCSB/0592af3cec69be5144af7cd9774902996c51acb2.bin,222
4030,e37dc3fd79e574926486d8ad83dfbcedda19528b.bin,151,734,datacopy/UCSB/e37dc3fd79e574926486d8ad83dfbcedda19528b.bin,222
4031,ea5e031ce5bb70cf18807f9b6725966e03a02a10.bin,151,734,datacopy/UCSB/ea5e031ce5bb70cf18807f9b6725966e03a02a10.bin,222
4032,e1e66c528c9b0462ca7fe690300b7c72c8ce064e.bin,151,734,datacopy/UCSB/e1e66c528c9b0462ca7fe690300b7c72c8ce064e.bin,222
4033,9f27eb81ccfa4d23e31b2d0deac3e9581bc2ef8b.bin,151,734,datacopy/UCSB/9f27eb81ccfa4d23e31b2d0deac3e9581bc2ef8b.bin,222
4034,607e0c6b4f53b6109e46e587222f81d9d2325ae7.bin,151,734,datacopy/UCSB/607e0c6b4f53b6109e46e587222f81d9d2325ae7.bin,222
4035,11d40cf54d60226ba7e9d34225b31b3d9ca4a8d5.bin,151,734,datacopy/UCSB/11d40cf54d60226ba7e9d34225b31b3d9ca4a8d5.bin,222
4036,289a8f8f3da55453a219bdc8c58c7baa6705317b.bin,151,734,datacopy/UCSB/289a8f8f3da55453a219bdc8c58c7baa6705317b.bin,222
4037,ced38d366c4e39c6499402986b3ffe1abb6ed121.bin,151,734,datacopy/UCSB/ced38d366c4e39c6499402986b3ffe1abb6ed121.bin,222
4038,a5a7986a4251e727df3d12cf4f33e8f5164a96ca.bin,151,734,datacopy/UCSB/a5a7986a4251e727df3d12cf4f33e8f5164a96ca.bin,222
4039,48215a102653c22ce7a9440ab998f62fd4f29797.bin,151,734,datacopy/UCSB/48215a102653c22ce7a9440ab998f62fd4f29797.bin,222
4040,6cc04acb2407b8eda83ef3c358376f08a22aa1d1.bin,151,734,datacopy/UCSB/6cc04acb2407b8eda83ef3c358376f08a22aa1d1.bin,222
4041,de59dc92df5c92827b39a4ebcecb1ad0a1b5350e.bin,151,54,datacopy/UCSB/de59dc92df5c92827b39a4ebcecb1ad0a1b5350e.bin,222
4042,79d5d2b701d31c654a305a6e79918888b38400a7.bin,151,54,datacopy/UCSB/79d5d2b701d31c654a305a6e79918888b38400a7.bin,222
4043,1337ea617913274450061ec59f48c94f7d4acf44.bin,151,734,datacopy/UCSB/1337ea617913274450061ec59f48c94f7d4acf44.bin,222
4044,e18083541a0c2458d1b723fe24df06457084ca32.bin,151,734,datacopy/UCSB/e18083541a0c2458d1b723fe24df06457084ca32.bin,222
4045,664181e6a719957092da4afae9764668d8af1f85.bin,151,734,datacopy/UCSB/664181e6a719957092da4afae9764668d8af1f85.bin,222
4046,30b767e2f417e7feb4830b8f7d6b8b57da6fae5e.bin,151,734,datacopy/UCSB/30b767e2f417e7feb4830b8f7d6b8b57da6fae5e.bin,222
4047,1cc4ba2afdada5134988d29a7594c48fa960a45f.bin,151,734,datacopy/UCSB/1cc4ba2afdada5134988d29a7594c48fa960a45f.bin,222
4048,b30b7fb97c407de85cd303d84e5d7e1ca789fa36.bin,151,734,datacopy/UCSB/b30b7fb97c407de85cd303d84e5d7e1ca789fa36.bin,222
4049,1562a3da18e8e225b158312f622cd780abd0b125.bin,151,734,datacopy/UCSB/1562a3da18e8e225b158312f622cd780abd0b125.bin,222
4050,ee105bf71307751a993f032d27058b1d200963dc.bin,151,734,datacopy/UCSB/ee105bf71307751a993f032d27058b1d200963dc.bin,222
4051,2b309bfb2e3141e91497851194fd2c2307e2766b.bin,151,734,datacopy/UCSB/2b309bfb2e3141e91497851194fd2c2307e2766b.bin,222
4052,b654133471d35309defd5dbcff410ac4458be422.bin,151,734,datacopy/UCSB/b654133471d35309defd5dbcff410ac4458be422.bin,222
4053,5f8d7d4909af7e58261407d3414d60ed8c37d644.bin,151,734,datacopy/UCSB/5f8d7d4909af7e58261407d3414d60ed8c37d644.bin,222
4054,fe83fb1a807eae69655ce59e16b24728d8a66c45.bin,151,734,datacopy/UCSB/fe83fb1a807eae69655ce59e16b24728d8a66c45.bin,222
4055,057c6c7ad1386984c955faa7c3b2024dcfd64196.bin,151,734,datacopy/UCSB/057c6c7ad1386984c955faa7c3b2024dcfd64196.bin,222
4056,30b957ace4bec6ee49b7cd23dac2fb1c3931eac9.bin,151,734,datacopy/UCSB/30b957ace4bec6ee49b7cd23dac2fb1c3931eac9.bin,222
4057,0d339c94aabd2a763f0a644e72156b95928e1d79.bin,151,734,datacopy/UCSB/0d339c94aabd2a763f0a644e72156b95928e1d79.bin,222
4058,ac45e1c42311d12dc6d78c75279ba170f85e43c7.bin,151,734,datacopy/UCSB/ac45e1c42311d12dc6d78c75279ba170f85e43c7.bin,222
4059,6336d7c548499c9cbd345985e35627e30b940a12.bin,151,734,datacopy/UCSB/6336d7c548499c9cbd345985e35627e30b940a12.bin,222
4060,a0458aa0204a0e04400a0ec0871244b68744feee.bin,151,734,datacopy/UCSB/a0458aa0204a0e04400a0ec0871244b68744feee.bin,222
4061,cee0c507e4f46989e18d34db7428bafb19cb86c3.bin,151,734,datacopy/UCSB/cee0c507e4f46989e18d34db7428bafb19cb86c3.bin,222
4062,901fc0ce65e8e8b8017f5d89430db96c40b2b67d.bin,151,734,datacopy/UCSB/901fc0ce65e8e8b8017f5d89430db96c40b2b67d.bin,222
4063,53350c103c7ea3800f4efc879ba4e90eda01cbad.bin,151,734,datacopy/UCSB/53350c103c7ea3800f4efc879ba4e90eda01cbad.bin,222
4064,a9e45b913f53dcf27f9666c89beb86d5e7d3b466.bin,151,734,datacopy/UCSB/a9e45b913f53dcf27f9666c89beb86d5e7d3b466.bin,222
4065,e28fd755774d3910bb2fedafb724cef4dbf251d9.bin,151,734,datacopy/UCSB/e28fd755774d3910bb2fedafb724cef4dbf251d9.bin,222
4066,5cc8e0a1328cee980c12bd487ceb97b779d4d1e9.bin,151,734,datacopy/UCSB/5cc8e0a1328cee980c12bd487ceb97b779d4d1e9.bin,222
4067,e933ae74dcc59ddff63c656f571f9a4a6131a3e9.bin,151,734,datacopy/UCSB/e933ae74dcc59ddff63c656f571f9a4a6131a3e9.bin,222
4068,b47af4a16597a7ecf3908ef82d650d5c7d93f8bf.bin,151,734,datacopy/UCSB/b47af4a16597a7ecf3908ef82d650d5c7d93f8bf.bin,222
4069,87fa4aa95fd6a4a9d970ce8d033bd71dce9a67a3.bin,151,734,datacopy/UCSB/87fa4aa95fd6a4a9d970ce8d033bd71dce9a67a3.bin,222
4070,4accf485ade738252e75a6112244fe807ade30db.bin,151,734,datacopy/UCSB/4accf485ade738252e75a6112244fe807ade30db.bin,222
4071,617b74ec272a40501e0d932b3567802b3ddfb5ca.bin,151,734,datacopy/UCSB/617b74ec272a40501e0d932b3567802b3ddfb5ca.bin,222
4072,4cf433c44069ab082828a85ae92d91c6b4124117.bin,151,734,datacopy/UCSB/4cf433c44069ab082828a85ae92d91c6b4124117.bin,222
4073,efb78d606d2e8d5b9a200bf2a74d30a854035444.bin,151,734,datacopy/UCSB/efb78d606d2e8d5b9a200bf2a74d30a854035444.bin,222
4074,747a94b849f6eeedf4939baba036687fe2dd127e.bin,151,734,datacopy/UCSB/747a94b849f6eeedf4939baba036687fe2dd127e.bin,222
4075,82604edbf977f01a80d20bbc1772e5ff098769f2.bin,151,734,datacopy/UCSB/82604edbf977f01a80d20bbc1772e5ff098769f2.bin,222
4076,fb97ab6d96e744dbc851f900932a87dc2e6d1d98.bin,151,734,datacopy/UCSB/fb97ab6d96e744dbc851f900932a87dc2e6d1d98.bin,222
4077,972731fb126621c77aa9a831a4ef966511fb3913.bin,151,734,datacopy/UCSB/972731fb126621c77aa9a831a4ef966511fb3913.bin,222
4078,2a3350c4b2237bf2dabe9be78ab0bacc4b8639f9.bin,151,734,datacopy/UCSB/2a3350c4b2237bf2dabe9be78ab0bacc4b8639f9.bin,222
4079,7df655d512a686e9674275904f0ec97237d54882.bin,151,734,datacopy/UCSB/7df655d512a686e9674275904f0ec97237d54882.bin,222
4080,c767838d36f29ee34159dbd8cb4bd9a01eb55fa3.bin,151,734,datacopy/UCSB/c767838d36f29ee34159dbd8cb4bd9a01eb55fa3.bin,222
4081,d95721980d0c367af2b929e05947bd207314f781.bin,151,734,datacopy/UCSB/d95721980d0c367af2b929e05947bd207314f781.bin,222
4082,3169d2eee381ba6d415319b34edb1cc198d71ee1.bin,151,734,datacopy/UCSB/3169d2eee381ba6d415319b34edb1cc198d71ee1.bin,222
4083,ea4f948a9572323a7aa1e054354b6d72d5e7aa32.bin,151,734,datacopy/UCSB/ea4f948a9572323a7aa1e054354b6d72d5e7aa32.bin,222
4084,6b0258e7de57c98daf171b5e8dd1544921959ee5.bin,151,734,datacopy/UCSB/6b0258e7de57c98daf171b5e8dd1544921959ee5.bin,222
4085,57162a2580b384bc27bbb8608a134f8eef453fd3.bin,151,734,datacopy/UCSB/57162a2580b384bc27bbb8608a134f8eef453fd3.bin,222
4086,7c5e32c52f99d581f13660bd7700f83004625da1.bin,151,734,datacopy/UCSB/7c5e32c52f99d581f13660bd7700f83004625da1.bin,222
4087,9fa035152999a93ff26578879a730279bee28ea9.bin,151,734,datacopy/UCSB/9fa035152999a93ff26578879a730279bee28ea9.bin,222
4088,adb52e07adf6d5555d4b6c9d8d19e2bf07cacea7.bin,151,734,datacopy/UCSB/adb52e07adf6d5555d4b6c9d8d19e2bf07cacea7.bin,222
4089,921c132dd49a503fd03e8929be8565fec18fbc76.bin,151,734,datacopy/UCSB/921c132dd49a503fd03e8929be8565fec18fbc76.bin,222
4090,474b23ba7adf19876d79c8b53fd91839f73938d7.bin,151,734,datacopy/UCSB/474b23ba7adf19876d79c8b53fd91839f73938d7.bin,222
4091,b41a1d9358f93cdb556c8cb41669c4d18d60ff40.bin,151,734,datacopy/UCSB/b41a1d9358f93cdb556c8cb41669c4d18d60ff40.bin,222
4092,71d86a7fb1a08e1e0fd6faeeffce888178328c0b.bin,151,734,datacopy/UCSB/71d86a7fb1a08e1e0fd6faeeffce888178328c0b.bin,222
4093,2cce840c1beea1841a08c1c368d9be475a694749.bin,151,734,datacopy/UCSB/2cce840c1beea1841a08c1c368d9be475a694749.bin,222
4094,3eba41eb618c53a9d52f5c86bcc24cd3f02efdc1.bin,151,734,datacopy/UCSB/3eba41eb618c53a9d52f5c86bcc24cd3f02efdc1.bin,222
4095,dacf3edf1a5e7247c202ba440d6e0e628363e01a.bin,151,734,datacopy/UCSB/dacf3edf1a5e7247c202ba440d6e0e628363e01a.bin,222
4096,f692bfb23aeeb00cd97b1af51aefa3e08fc020db.bin,151,734,datacopy/UCSB/f692bfb23aeeb00cd97b1af51aefa3e08fc020db.bin,222
4097,27556aa8c57265c2cb0cae02490b7d240deee476.bin,151,734,datacopy/UCSB/27556aa8c57265c2cb0cae02490b7d240deee476.bin,222
4098,28b422cbafb0253b19baa715df2aeec822f1280f.bin,151,734,datacopy/UCSB/28b422cbafb0253b19baa715df2aeec822f1280f.bin,222
4099,30a8d46f7ebd351d51f59aeff9de67ce4717bc4a.bin,151,734,datacopy/UCSB/30a8d46f7ebd351d51f59aeff9de67ce4717bc4a.bin,222
4100,9ab250998bc008d793ac1b6128c3382fe6e2c713.bin,151,734,datacopy/UCSB/9ab250998bc008d793ac1b6128c3382fe6e2c713.bin,222
4101,8c4c7556c8675e7a36f2df8ca5e194a68f2957c8.bin,151,734,datacopy/UCSB/8c4c7556c8675e7a36f2df8ca5e194a68f2957c8.bin,222
4102,f266344fddc0794a8840b9ab7935033e2163d6fd.bin,151,734,datacopy/UCSB/f266344fddc0794a8840b9ab7935033e2163d6fd.bin,222
4103,fe5ed6ed85c4a43f58ae32ca0926fa9b1876c09b.bin,151,734,datacopy/UCSB/fe5ed6ed85c4a43f58ae32ca0926fa9b1876c09b.bin,222
4104,df7a47fea098354e84233a41af408d3d4287e8cb.bin,151,734,datacopy/UCSB/df7a47fea098354e84233a41af408d3d4287e8cb.bin,222
4105,29bae024293cd0f095eb0128be51bd936399ec3a.bin,151,734,datacopy/UCSB/29bae024293cd0f095eb0128be51bd936399ec3a.bin,222
4106,a8498a9736accf785e8b3f93eda98da6cd7533c1.bin,151,734,datacopy/UCSB/a8498a9736accf785e8b3f93eda98da6cd7533c1.bin,222
4107,9220d0af07e23f0c99995749d9323453389a89e3.bin,151,734,datacopy/UCSB/9220d0af07e23f0c99995749d9323453389a89e3.bin,222
4108,3908d9f2ab77e437c39deb43ae413a57e2342164.bin,151,734,datacopy/UCSB/3908d9f2ab77e437c39deb43ae413a57e2342164.bin,222
4109,ead82d05f08d4908d9e24446f3f3c22f07c7c2ac.bin,151,734,datacopy/UCSB/ead82d05f08d4908d9e24446f3f3c22f07c7c2ac.bin,222
4110,00d5fa7a0b3f5b8707041627c8666cb1e05065fd.bin,151,734,datacopy/UCSB/00d5fa7a0b3f5b8707041627c8666cb1e05065fd.bin,222
4111,a9278aa83c307de5f1d694b31446d6eefed32056.bin,151,734,datacopy/UCSB/a9278aa83c307de5f1d694b31446d6eefed32056.bin,222
4112,d0d4c2affd0765dfb2396adbb7859cc1d0146ce4.bin,151,734,datacopy/UCSB/d0d4c2affd0765dfb2396adbb7859cc1d0146ce4.bin,222
4113,1fc003f445266fd5b883c20fe1bccf3f7d1249dc.bin,151,734,datacopy/UCSB/1fc003f445266fd5b883c20fe1bccf3f7d1249dc.bin,222
4114,58be63746324c012e57aee5c4c5a8bb69639340f.bin,151,734,datacopy/UCSB/58be63746324c012e57aee5c4c5a8bb69639340f.bin,222
4115,7a84c101b54a971e3920a95c4c935dd94416c94a.bin,151,734,datacopy/UCSB/7a84c101b54a971e3920a95c4c935dd94416c94a.bin,222
4116,bebb8f0cc8d301fbc4b5669b44924e853a2b2b0a.bin,151,734,datacopy/UCSB/bebb8f0cc8d301fbc4b5669b44924e853a2b2b0a.bin,222
4117,9c657a228afb35e52b5385b72b024d6f45de58d4.bin,151,734,datacopy/UCSB/9c657a228afb35e52b5385b72b024d6f45de58d4.bin,222
4118,6a45805926877f1eaae699c06db7207aa07f7d40.bin,151,734,datacopy/UCSB/6a45805926877f1eaae699c06db7207aa07f7d40.bin,222
4119,f75de24d5bd1071a2fcd74cf8d6d9e7d56f56737.bin,151,734,datacopy/UCSB/f75de24d5bd1071a2fcd74cf8d6d9e7d56f56737.bin,222
4120,f11d21c51e984be969b4b91ce1c501d184a01e8f.bin,151,734,datacopy/UCSB/f11d21c51e984be969b4b91ce1c501d184a01e8f.bin,222
4121,05ef5abd07bb222a70e3f1890c07b6bf0c0a7f1b.bin,151,734,datacopy/UCSB/05ef5abd07bb222a70e3f1890c07b6bf0c0a7f1b.bin,222
4122,ae0804e11729df60d096e094dc4a0de0b000610f.bin,151,734,datacopy/UCSB/ae0804e11729df60d096e094dc4a0de0b000610f.bin,222
4123,f41b695d94d895f399e92d78c8d77ca48c9fa5c2.bin,151,734,datacopy/UCSB/f41b695d94d895f399e92d78c8d77ca48c9fa5c2.bin,222
4124,ba13d4488763f952d1373b3ddd26f90a73d98cad.bin,151,734,datacopy/UCSB/ba13d4488763f952d1373b3ddd26f90a73d98cad.bin,222
4125,20dea85f335441379fc65cc354872f4a0aff5fc9.bin,151,734,datacopy/UCSB/20dea85f335441379fc65cc354872f4a0aff5fc9.bin,222
4126,d02bb63cda29593d0f553996dccd6bb0f430ff41.bin,151,734,datacopy/UCSB/d02bb63cda29593d0f553996dccd6bb0f430ff41.bin,222
4127,f8c220e7c3dd512f98d734961dba5f7f82391d79.bin,151,734,datacopy/UCSB/f8c220e7c3dd512f98d734961dba5f7f82391d79.bin,222
4128,f3c48a7f180822ad51bb457642ebcbdf9b5a8af9.bin,151,734,datacopy/UCSB/f3c48a7f180822ad51bb457642ebcbdf9b5a8af9.bin,222
4129,7635a3c1e9afb02e58dcadfb8405ba2749ded8e9.bin,151,734,datacopy/UCSB/7635a3c1e9afb02e58dcadfb8405ba2749ded8e9.bin,222
4130,6e34433fe2f25ccad8b5ba992fcf91fedf1ff4ca.bin,151,734,datacopy/UCSB/6e34433fe2f25ccad8b5ba992fcf91fedf1ff4ca.bin,222
4131,2af93bb0ca51daf96814ee1d914aeb1129adc577.bin,151,734,datacopy/UCSB/2af93bb0ca51daf96814ee1d914aeb1129adc577.bin,222
4132,a8894fd98460a88076cbc992b8c1efd635e33477.bin,151,734,datacopy/UCSB/a8894fd98460a88076cbc992b8c1efd635e33477.bin,222
4133,c1535935c948f029b2c6cd8e092ddbbd0c37fecb.bin,151,734,datacopy/UCSB/c1535935c948f029b2c6cd8e092ddbbd0c37fecb.bin,222
4134,16909786b464d8b74f40a43ff920c7bdfc1bae01.bin,151,734,datacopy/UCSB/16909786b464d8b74f40a43ff920c7bdfc1bae01.bin,222
4135,52a405278a86a87cf91e257cb2488dbb314e738e.bin,151,734,datacopy/UCSB/52a405278a86a87cf91e257cb2488dbb314e738e.bin,222
4136,4d04fe65dd8fc7f96e0491932de4391d27ece518.bin,151,734,datacopy/UCSB/4d04fe65dd8fc7f96e0491932de4391d27ece518.bin,222
4137,5419c5478040d528aaa9679553e8b6310508de86.bin,151,734,datacopy/UCSB/5419c5478040d528aaa9679553e8b6310508de86.bin,222
4138,f7533a4d1f6e4fa50f8fcb31571168886a440c25.bin,151,734,datacopy/UCSB/f7533a4d1f6e4fa50f8fcb31571168886a440c25.bin,222
4139,c799e983774c2e11b7ce501371988f5989cee441.bin,151,734,datacopy/UCSB/c799e983774c2e11b7ce501371988f5989cee441.bin,222
4140,8e7a49ad265d7eea42224444b523b7fc24a59132.bin,151,734,datacopy/UCSB/8e7a49ad265d7eea42224444b523b7fc24a59132.bin,222
4141,895159a8d8729c342c3631c3309efc2a7726b858.bin,151,734,datacopy/UCSB/895159a8d8729c342c3631c3309efc2a7726b858.bin,222
4142,9810352c32a03634c66d292933769d0251a22040.bin,151,734,datacopy/UCSB/9810352c32a03634c66d292933769d0251a22040.bin,222
4143,a9b6020159a4ff7da8504f6fc4c44e49deb2d438.bin,151,734,datacopy/UCSB/a9b6020159a4ff7da8504f6fc4c44e49deb2d438.bin,222
4144,a23a21619cb5a28bf71bc9f9eade747d9ce08a0b.bin,151,734,datacopy/UCSB/a23a21619cb5a28bf71bc9f9eade747d9ce08a0b.bin,222
4145,a03ec493e07d22d370ba65441f388021c4f10369.bin,151,734,datacopy/UCSB/a03ec493e07d22d370ba65441f388021c4f10369.bin,222
4146,148962925a388fd3d587e81120eef2e258c25251.bin,151,734,datacopy/UCSB/148962925a388fd3d587e81120eef2e258c25251.bin,222
4147,bbd1f0a17ce989a7ea673498f33e83b852c58415.bin,151,734,datacopy/UCSB/bbd1f0a17ce989a7ea673498f33e83b852c58415.bin,222
4148,3f4e1e6006aa20c62dea9584fd3680d7d1277c9d.bin,151,734,datacopy/UCSB/3f4e1e6006aa20c62dea9584fd3680d7d1277c9d.bin,222
4149,ced280bf37fecd32594733a99355a6d1137f02f3.bin,151,734,datacopy/UCSB/ced280bf37fecd32594733a99355a6d1137f02f3.bin,222
4150,c2e0f5f8c6035e1386cbee373d197a1792a57fcd.bin,151,734,datacopy/UCSB/c2e0f5f8c6035e1386cbee373d197a1792a57fcd.bin,222
4151,8a2192236e7a2a05e16c8a2c516482a635407ec4.bin,151,734,datacopy/UCSB/8a2192236e7a2a05e16c8a2c516482a635407ec4.bin,222
4152,d84ef77864a908d23968d8519108e2e25d5ac0ee.bin,151,734,datacopy/UCSB/d84ef77864a908d23968d8519108e2e25d5ac0ee.bin,222
4153,6d49ac61beac07fe91321f8395a5a17301a29db2.bin,151,734,datacopy/UCSB/6d49ac61beac07fe91321f8395a5a17301a29db2.bin,222
4154,f8b2ae2a301ef52cf9e3d3976f4f356da54b906d.bin,151,734,datacopy/UCSB/f8b2ae2a301ef52cf9e3d3976f4f356da54b906d.bin,222
4155,ff040b72c6a3a01d34a079b1272f3300037316ac.bin,151,734,datacopy/UCSB/ff040b72c6a3a01d34a079b1272f3300037316ac.bin,222
4156,0bbeecdbef7565eb809632e7602d441cd9e1c90a.bin,151,734,datacopy/UCSB/0bbeecdbef7565eb809632e7602d441cd9e1c90a.bin,222
4157,f31ddf56af73940927664534aeee9087136e29c2.bin,151,734,datacopy/UCSB/f31ddf56af73940927664534aeee9087136e29c2.bin,222
4158,a76ee7ad17085c300e92727b4e62d3f99c61047f.bin,151,734,datacopy/UCSB/a76ee7ad17085c300e92727b4e62d3f99c61047f.bin,222
4159,1d234140e3f3004c81449254b9a99ef57e6c1b4d.bin,151,734,datacopy/UCSB/1d234140e3f3004c81449254b9a99ef57e6c1b4d.bin,222
4160,69a25b0bc28aab5113202764582d97c1661e9c6b.bin,151,734,datacopy/UCSB/69a25b0bc28aab5113202764582d97c1661e9c6b.bin,222
4161,2775812bd654af4d209d8f319b8bef590b50aa2a.bin,151,734,datacopy/UCSB/2775812bd654af4d209d8f319b8bef590b50aa2a.bin,222
4162,8e04d56890aff430cd2a887ae91d2edbe48fd3f8.bin,151,734,datacopy/UCSB/8e04d56890aff430cd2a887ae91d2edbe48fd3f8.bin,222
4163,0bba97a06527b021b6ed20a01f20b6edaaa7c695.bin,151,734,datacopy/UCSB/0bba97a06527b021b6ed20a01f20b6edaaa7c695.bin,222
4164,91e0550e02c34ae9d11e3234a4c9fbd9688393f2.bin,151,734,datacopy/UCSB/91e0550e02c34ae9d11e3234a4c9fbd9688393f2.bin,222
4165,122fc2e2f78ca97b1cb733e15190aef5397e7031.bin,151,734,datacopy/UCSB/122fc2e2f78ca97b1cb733e15190aef5397e7031.bin,222
4166,32f1e8db7951473bfe529f594c5d38169efa1179.bin,151,54,datacopy/UCSB/32f1e8db7951473bfe529f594c5d38169efa1179.bin,222
4167,46a2d6eafebd78db4e29b3786cbae98cc9183e31.bin,151,734,datacopy/UCSB/46a2d6eafebd78db4e29b3786cbae98cc9183e31.bin,222
4168,a16f47b0c71cd5c02e8b5811f63bbc27968fe78d.bin,151,734,datacopy/UCSB/a16f47b0c71cd5c02e8b5811f63bbc27968fe78d.bin,222
4169,068633db78edcd504b59202400ec9e5a91254fa9.bin,151,734,datacopy/UCSB/068633db78edcd504b59202400ec9e5a91254fa9.bin,222
4170,45cd9810d66d1c689e7615b71def1359a146ee97.bin,151,734,datacopy/UCSB/45cd9810d66d1c689e7615b71def1359a146ee97.bin,222
4171,426c59351668011569b974859efd7741fa263e11.bin,151,734,datacopy/UCSB/426c59351668011569b974859efd7741fa263e11.bin,222
4172,4bcb39ee73b95a39069578b8b67266697dc4151f.bin,151,734,datacopy/UCSB/4bcb39ee73b95a39069578b8b67266697dc4151f.bin,222
4173,edb240b9d1cfb271de885dc8e95eaa579e851534.bin,151,734,datacopy/UCSB/edb240b9d1cfb271de885dc8e95eaa579e851534.bin,222
4174,f5a8126ba462f5ff6f6b52d90bb755b26d9f6d4a.bin,151,734,datacopy/UCSB/f5a8126ba462f5ff6f6b52d90bb755b26d9f6d4a.bin,222
4175,e1d8a5c61272b0732b566b94edf334c705e8ade8.bin,151,734,datacopy/UCSB/e1d8a5c61272b0732b566b94edf334c705e8ade8.bin,222
4176,59f1a83b66e5ae8b6c2b665f3f67afb2c7a36d30.bin,151,734,datacopy/UCSB/59f1a83b66e5ae8b6c2b665f3f67afb2c7a36d30.bin,222
4177,9a1d3ed8ed5b7a55fc3d8845c4d64b176352f978.bin,151,734,datacopy/UCSB/9a1d3ed8ed5b7a55fc3d8845c4d64b176352f978.bin,222
4178,77db9da236bd4e743c59aaf740bff122dfe3c26e.bin,151,734,datacopy/UCSB/77db9da236bd4e743c59aaf740bff122dfe3c26e.bin,222
4179,64e2bafffcb98301161f5235a9f2cd4271e6a410.bin,151,734,datacopy/UCSB/64e2bafffcb98301161f5235a9f2cd4271e6a410.bin,222
4180,df7380ef3c059b57bbbd8596f44c429e45683431.bin,151,734,datacopy/UCSB/df7380ef3c059b57bbbd8596f44c429e45683431.bin,222
4181,65e148e42bc4e211ce52b20eaad91161b287becd.bin,151,54,datacopy/UCSB/65e148e42bc4e211ce52b20eaad91161b287becd.bin,222
4182,df86bfcd95701f60a6b8ed194a82c8a8a388ccb1.bin,151,734,datacopy/UCSB/df86bfcd95701f60a6b8ed194a82c8a8a388ccb1.bin,222
4183,758252dd50b969ee6d3045f1f11fa2338575282a.bin,151,734,datacopy/UCSB/758252dd50b969ee6d3045f1f11fa2338575282a.bin,222
4184,bb89655f48fa63cf7c935d90bc4196ffd435a32c.bin,151,734,datacopy/UCSB/bb89655f48fa63cf7c935d90bc4196ffd435a32c.bin,222
4185,70fafb252ca04acfae0571f4652aec51782a61f6.bin,151,734,datacopy/UCSB/70fafb252ca04acfae0571f4652aec51782a61f6.bin,222
4186,36ac6f9d11115ef46be895a6f5bac90a429274ec.bin,151,734,datacopy/UCSB/36ac6f9d11115ef46be895a6f5bac90a429274ec.bin,222
4187,52fc6300ad70545d5ff18ea7280e681f415d5eee.bin,151,734,datacopy/UCSB/52fc6300ad70545d5ff18ea7280e681f415d5eee.bin,222
4188,b748bbc83a297ffcbfe8573deba8a4db1272ed4b.bin,151,734,datacopy/UCSB/b748bbc83a297ffcbfe8573deba8a4db1272ed4b.bin,222
4189,6a276dd99b03418b66da372db47d3778adfbf848.bin,151,734,datacopy/UCSB/6a276dd99b03418b66da372db47d3778adfbf848.bin,222
4190,d9868da81d30e49f5b86a1a320c6ef15476a6dbb.bin,151,734,datacopy/UCSB/d9868da81d30e49f5b86a1a320c6ef15476a6dbb.bin,222
4191,6980e30a85e0ab00019b0b86e87100e27dabb828.bin,151,734,datacopy/UCSB/6980e30a85e0ab00019b0b86e87100e27dabb828.bin,222
4192,5cb017a2139cf329b3756eff7533a8f31953e874.bin,151,734,datacopy/UCSB/5cb017a2139cf329b3756eff7533a8f31953e874.bin,222
4193,f0a764d0990209441cfc17d069c0e77626b40c2d.bin,151,734,datacopy/UCSB/f0a764d0990209441cfc17d069c0e77626b40c2d.bin,222
4194,da16743e7312a1823f21fc2b223444fb43519288.bin,151,734,datacopy/UCSB/da16743e7312a1823f21fc2b223444fb43519288.bin,222
4195,fba235c8fe3a4d4c9486cc316fbc0965c291ba87.bin,151,734,datacopy/UCSB/fba235c8fe3a4d4c9486cc316fbc0965c291ba87.bin,222
4196,184dc25af99e5ad24d8f8701c8b30f94b9554d53.bin,151,734,datacopy/UCSB/184dc25af99e5ad24d8f8701c8b30f94b9554d53.bin,222
4197,79e2d9324b8efa9c9b5f4bf3390de65c96df5e90.bin,151,734,datacopy/UCSB/79e2d9324b8efa9c9b5f4bf3390de65c96df5e90.bin,222
4198,5bc2b312b5a31a900014e80714a3062f81fefd4a.bin,151,54,datacopy/UCSB/5bc2b312b5a31a900014e80714a3062f81fefd4a.bin,222
4199,4d7b3e7a1783905514a0085b9e57b6165d5a6e60.bin,151,734,datacopy/UCSB/4d7b3e7a1783905514a0085b9e57b6165d5a6e60.bin,222
4200,5588a7de1a715b5a715fd90626971fb1a50fd081.bin,151,734,datacopy/UCSB/5588a7de1a715b5a715fd90626971fb1a50fd081.bin,222
4201,bae1071ffe5d49429615fa23db538eb3c08b436d.bin,151,734,datacopy/UCSB/bae1071ffe5d49429615fa23db538eb3c08b436d.bin,222
4202,706cd47e8656758f5d088b1b9fb476b648679d6f.bin,151,734,datacopy/UCSB/706cd47e8656758f5d088b1b9fb476b648679d6f.bin,222
4203,6858d0743441d258700a3c1ad121c8999120cc95.bin,151,734,datacopy/UCSB/6858d0743441d258700a3c1ad121c8999120cc95.bin,222
4204,c605dccd91d32414a0637b39e4c53b5ed3934cf1.bin,151,734,datacopy/UCSB/c605dccd91d32414a0637b39e4c53b5ed3934cf1.bin,222
4205,371d1eef678daf8b4c8d3bf36fa00920860d7cb1.bin,151,734,datacopy/UCSB/371d1eef678daf8b4c8d3bf36fa00920860d7cb1.bin,222
4206,1e9bd0ef484749495473fce461ac414269d29982.bin,151,734,datacopy/UCSB/1e9bd0ef484749495473fce461ac414269d29982.bin,222
4207,fd7044e60c338904074d9b89db2f200b7fbb69c1.bin,151,734,datacopy/UCSB/fd7044e60c338904074d9b89db2f200b7fbb69c1.bin,222
4208,c21404369be5571ed9ec625dad4f996a0fab6bdf.bin,151,734,datacopy/UCSB/c21404369be5571ed9ec625dad4f996a0fab6bdf.bin,222
4209,9c86ba9b2d42c77f28d84b5401398ddb36e91194.bin,151,734,datacopy/UCSB/9c86ba9b2d42c77f28d84b5401398ddb36e91194.bin,222
4210,437abddab9a84e4fbf4bacdfb92034d1d5c9adb9.bin,151,734,datacopy/UCSB/437abddab9a84e4fbf4bacdfb92034d1d5c9adb9.bin,222
4211,64208f5ccc31fe998331c9382ede24bd24017917.bin,151,734,datacopy/UCSB/64208f5ccc31fe998331c9382ede24bd24017917.bin,222
4212,41b37d0578c3cd422c034219e9e66fd9bdf90f17.bin,151,734,datacopy/UCSB/41b37d0578c3cd422c034219e9e66fd9bdf90f17.bin,222
4213,400f28be8d2b43312bf09c48805608f1539a519d.bin,151,734,datacopy/UCSB/400f28be8d2b43312bf09c48805608f1539a519d.bin,222
4214,7a28f992ac3b459f8c1ffb38559daeeb57cedda3.bin,151,734,datacopy/UCSB/7a28f992ac3b459f8c1ffb38559daeeb57cedda3.bin,222
4215,92d462a581d02564fb9f9cdd17e45702759b99b0.bin,151,734,datacopy/UCSB/92d462a581d02564fb9f9cdd17e45702759b99b0.bin,222
4216,1699539209457cc0d39d89adb14ceadd69493b0e.bin,151,734,datacopy/UCSB/1699539209457cc0d39d89adb14ceadd69493b0e.bin,222
4217,4f6373293edb5f169905a667882a0ca356c0c3fe.bin,151,734,datacopy/UCSB/4f6373293edb5f169905a667882a0ca356c0c3fe.bin,222
4218,0e979ecc1b14005bf0f16d170b409efd0ab28dcd.bin,151,734,datacopy/UCSB/0e979ecc1b14005bf0f16d170b409efd0ab28dcd.bin,222
4219,14d0485918b7b48f35c8184bcd03fd4257866451.bin,151,734,datacopy/UCSB/14d0485918b7b48f35c8184bcd03fd4257866451.bin,222
4220,06d3cb19ae5ba686e57f5096fc65bf8e48a24271.bin,151,734,datacopy/UCSB/06d3cb19ae5ba686e57f5096fc65bf8e48a24271.bin,222
4221,a224ab6e46359fa1e46abda349bf4e24801b0b14.bin,151,734,datacopy/UCSB/a224ab6e46359fa1e46abda349bf4e24801b0b14.bin,222
4222,a1ce000759593edb4ba6356b25b880c76dabb33a.bin,151,734,datacopy/UCSB/a1ce000759593edb4ba6356b25b880c76dabb33a.bin,222
4223,a99072ad52c2d44ccb46e4d200e854dd3f46904c.bin,151,734,datacopy/UCSB/a99072ad52c2d44ccb46e4d200e854dd3f46904c.bin,222
4224,ce7e4ef6e74f9c53c3a6e50ff8c9946c8bb48a51.bin,151,734,datacopy/UCSB/ce7e4ef6e74f9c53c3a6e50ff8c9946c8bb48a51.bin,222
4225,86886ac30f8db5a9fd7f9e480f500392ccf96734.bin,151,734,datacopy/UCSB/86886ac30f8db5a9fd7f9e480f500392ccf96734.bin,222
4226,b99f5051640fac27bba2db5ade302b6a0e844e43.bin,151,734,datacopy/UCSB/b99f5051640fac27bba2db5ade302b6a0e844e43.bin,222
4227,acbd604e91d6c6eb1494f32f6480e0f3088baab7.bin,151,54,datacopy/UCSB/acbd604e91d6c6eb1494f32f6480e0f3088baab7.bin,222
4228,3f63b7769b85589963a996919acc94f4e8317a43.bin,151,734,datacopy/UCSB/3f63b7769b85589963a996919acc94f4e8317a43.bin,222
4229,430ed0bfdd1882a4a11d94b25ac2e6d15f47d640.bin,151,734,datacopy/UCSB/430ed0bfdd1882a4a11d94b25ac2e6d15f47d640.bin,222
4230,7efdee2a7a70a61bb7f77c07464c8743b7fd01f2.bin,151,734,datacopy/UCSB/7efdee2a7a70a61bb7f77c07464c8743b7fd01f2.bin,222
4231,b9ddbe4548c335e46f10ae7764e82c9e321ba76b.bin,151,54,datacopy/UCSB/b9ddbe4548c335e46f10ae7764e82c9e321ba76b.bin,222
4232,5413c922eeb059b51515bcf85d91bf357874ebe6.bin,151,734,datacopy/UCSB/5413c922eeb059b51515bcf85d91bf357874ebe6.bin,222
4233,d66f22df35084e8952f60ec3917764a9eee77671.bin,151,734,datacopy/UCSB/d66f22df35084e8952f60ec3917764a9eee77671.bin,222
4234,f974c48b00e6d21d8b64977b7bfe1266b577bc77.bin,151,734,datacopy/UCSB/f974c48b00e6d21d8b64977b7bfe1266b577bc77.bin,222
4235,b28c3c4d1b45239cdabf09690cd29f5e0e40ab8c.bin,151,734,datacopy/UCSB/b28c3c4d1b45239cdabf09690cd29f5e0e40ab8c.bin,222
4236,29bb889d924544adf3283750fa2f97acf2c4881b.bin,151,734,datacopy/UCSB/29bb889d924544adf3283750fa2f97acf2c4881b.bin,222
4237,74838c0bfa78a40059e956ffb9e5357a19f4c7e7.bin,151,734,datacopy/UCSB/74838c0bfa78a40059e956ffb9e5357a19f4c7e7.bin,222
4238,8d921c4d6488930b833669641c1e6a15ce8d0c9a.bin,151,734,datacopy/UCSB/8d921c4d6488930b833669641c1e6a15ce8d0c9a.bin,222
4239,9c54319194735be897f49e164a674ba15de03780.bin,151,734,datacopy/UCSB/9c54319194735be897f49e164a674ba15de03780.bin,222
4240,3c1ddcfed2fab15e05ec721dd06a5088da818004.bin,151,734,datacopy/UCSB/3c1ddcfed2fab15e05ec721dd06a5088da818004.bin,222
4241,9ebdd34c2810960a655e5810f96afb3d3357dd92.bin,151,734,datacopy/UCSB/9ebdd34c2810960a655e5810f96afb3d3357dd92.bin,222
4242,0411728f1634139bdd46ed763158f25ee891efd1.bin,151,734,datacopy/UCSB/0411728f1634139bdd46ed763158f25ee891efd1.bin,222
4243,36425d883bde692780287a2d8cc9844fa1fde27d.bin,151,734,datacopy/UCSB/36425d883bde692780287a2d8cc9844fa1fde27d.bin,222
4244,66cf2b296254e3450b695ba8d911e9d3e13093c7.bin,151,734,datacopy/UCSB/66cf2b296254e3450b695ba8d911e9d3e13093c7.bin,222
4245,b2bc5405d78aa9bb633976affa766257f468f5ae.bin,151,734,datacopy/UCSB/b2bc5405d78aa9bb633976affa766257f468f5ae.bin,222
4246,00bda6d45970b0e8fbe93ebc1b3c3c5f18768d4c.bin,151,734,datacopy/UCSB/00bda6d45970b0e8fbe93ebc1b3c3c5f18768d4c.bin,222
4247,809ea2c3d2562218a7994801de284aa8a2be4853.bin,151,734,datacopy/UCSB/809ea2c3d2562218a7994801de284aa8a2be4853.bin,222
4248,d3460c3fc1d3dfb20e01c1b8f0b100eff4b1d59f.bin,151,734,datacopy/UCSB/d3460c3fc1d3dfb20e01c1b8f0b100eff4b1d59f.bin,222
4249,ee5645c6b90feb7616724ab75f0c5dcd7a76cac0.bin,151,734,datacopy/UCSB/ee5645c6b90feb7616724ab75f0c5dcd7a76cac0.bin,222
4250,c42bd0da2782ed7e6e3ccba3b40ff35063e6d45a.bin,151,734,datacopy/UCSB/c42bd0da2782ed7e6e3ccba3b40ff35063e6d45a.bin,222
4251,c30a06d87b3fbbcd5a28677b9b319db02a26a229.bin,151,734,datacopy/UCSB/c30a06d87b3fbbcd5a28677b9b319db02a26a229.bin,222
4252,a1914d30d375089c24e6c27bd4b9495c88b79211.bin,151,734,datacopy/UCSB/a1914d30d375089c24e6c27bd4b9495c88b79211.bin,222
4253,b7ea2795f869e7877560d7075baac5200b26d6e9.bin,151,734,datacopy/UCSB/b7ea2795f869e7877560d7075baac5200b26d6e9.bin,222
4254,48df7dcda8def96f89cc6062e54ee528b97375df.bin,151,734,datacopy/UCSB/48df7dcda8def96f89cc6062e54ee528b97375df.bin,222
4255,991292c1674bb4c1aa1f6a85128b2edacce87777.bin,151,734,datacopy/UCSB/991292c1674bb4c1aa1f6a85128b2edacce87777.bin,222
4256,606040b6d9a21a8bd13dd67983d7bde32f90eaf6.bin,151,734,datacopy/UCSB/606040b6d9a21a8bd13dd67983d7bde32f90eaf6.bin,222
4257,83cd85fadc31129c2d69321fd5bbb78047b649d5.bin,151,734,datacopy/UCSB/83cd85fadc31129c2d69321fd5bbb78047b649d5.bin,222
4258,a2008fd637b95b9ef5d2cdc52b0a14edbe423739.bin,151,734,datacopy/UCSB/a2008fd637b95b9ef5d2cdc52b0a14edbe423739.bin,222
4259,90fe36c8ca6ea3af88b5ac2c052ebf91353d17c2.bin,151,734,datacopy/UCSB/90fe36c8ca6ea3af88b5ac2c052ebf91353d17c2.bin,222
4260,8c5a46f006fe667b235d222953960138f0ad2a38.bin,151,734,datacopy/UCSB/8c5a46f006fe667b235d222953960138f0ad2a38.bin,222
4261,b2cb8f7c37bc7fc9c9559ab373285d943ac2d589.bin,151,734,datacopy/UCSB/b2cb8f7c37bc7fc9c9559ab373285d943ac2d589.bin,222
4262,3c4a651546f25d095fb2a0ebe8f03be169f68c26.bin,151,734,datacopy/UCSB/3c4a651546f25d095fb2a0ebe8f03be169f68c26.bin,222
4263,33f43c5a8a3afe2e97156d4850b03b6d4fe18d2d.bin,151,734,datacopy/UCSB/33f43c5a8a3afe2e97156d4850b03b6d4fe18d2d.bin,222
4264,e6da03b18eda99876d46b99a31e85fb849b450c9.bin,151,734,datacopy/UCSB/e6da03b18eda99876d46b99a31e85fb849b450c9.bin,222
4265,9d604aef15bdfc60023333af99e8df61c4697748.bin,151,734,datacopy/UCSB/9d604aef15bdfc60023333af99e8df61c4697748.bin,222
4266,0d77decb2430a2c52c11a589242b62cd6e2fef5f.bin,151,734,datacopy/UCSB/0d77decb2430a2c52c11a589242b62cd6e2fef5f.bin,222
4267,98a0fd78105cba706793a3db8cd43f3d1c9768f6.bin,151,54,datacopy/UCSB/98a0fd78105cba706793a3db8cd43f3d1c9768f6.bin,222
4268,59c8231e644efbab79d1a6d1dca5a11d4f5b64f4.bin,151,734,datacopy/UCSB/59c8231e644efbab79d1a6d1dca5a11d4f5b64f4.bin,222
4269,1b2489dc48ce128ae22645643b794358b7de8545.bin,151,734,datacopy/UCSB/1b2489dc48ce128ae22645643b794358b7de8545.bin,222
4270,18a15b6bb75e89483f483e3ab93be80310577288.bin,151,734,datacopy/UCSB/18a15b6bb75e89483f483e3ab93be80310577288.bin,222
4271,a79756917bf5414ba61f8f0996122640e7d16445.bin,151,734,datacopy/UCSB/a79756917bf5414ba61f8f0996122640e7d16445.bin,222
4272,3f7612b986ed4a1ea404201ddaa7c54fb31a2936.bin,151,734,datacopy/UCSB/3f7612b986ed4a1ea404201ddaa7c54fb31a2936.bin,222
4273,fc36dfe21182121283691f8da39cc7827d3b056c.bin,151,734,datacopy/UCSB/fc36dfe21182121283691f8da39cc7827d3b056c.bin,222
4274,81451ed43c29e883d6af77ace6509377eb8fa0f9.bin,151,734,datacopy/UCSB/81451ed43c29e883d6af77ace6509377eb8fa0f9.bin,222
4275,1367558b5ddaa09be7348951eb87760808349842.bin,151,734,datacopy/UCSB/1367558b5ddaa09be7348951eb87760808349842.bin,222
4276,3f70f03090b19e7a4f2a6e583d9498d9e17b9283.bin,151,734,datacopy/UCSB/3f70f03090b19e7a4f2a6e583d9498d9e17b9283.bin,222
4277,f3aa6ae7b3df3a251398851b7064db47fb626419.bin,151,734,datacopy/UCSB/f3aa6ae7b3df3a251398851b7064db47fb626419.bin,222
4278,3cfbc265c208b3a9cb193ba0688039bca76e53fd.bin,151,734,datacopy/UCSB/3cfbc265c208b3a9cb193ba0688039bca76e53fd.bin,222
4279,227d37f7ae286e31806d0dd34a6b29d322cde101.bin,151,734,datacopy/UCSB/227d37f7ae286e31806d0dd34a6b29d322cde101.bin,222
4280,2e7dac0865672d32fc5e46cdee02e77af1152f0b.bin,151,734,datacopy/UCSB/2e7dac0865672d32fc5e46cdee02e77af1152f0b.bin,222
4281,95cfed964a5679b0e2bb8f1ebaa20edb6c67c41b.bin,151,734,datacopy/UCSB/95cfed964a5679b0e2bb8f1ebaa20edb6c67c41b.bin,222
4282,77522ca46fdb8464fe1950a4b868cd9983c3010f.bin,151,734,datacopy/UCSB/77522ca46fdb8464fe1950a4b868cd9983c3010f.bin,222
4283,22be6aead6a6b6dbb434d90704734451af969a16.bin,151,734,datacopy/UCSB/22be6aead6a6b6dbb434d90704734451af969a16.bin,222
4284,beff990dce88870720fa12a4155039d50a4fa600.bin,151,54,datacopy/UCSB/beff990dce88870720fa12a4155039d50a4fa600.bin,222
4285,f9182bbdd9fa341aff6d048c829170029a443d3b.bin,151,734,datacopy/UCSB/f9182bbdd9fa341aff6d048c829170029a443d3b.bin,222
4286,cdae8d91851177c5c387252ea48a4f39a02793d2.bin,151,734,datacopy/UCSB/cdae8d91851177c5c387252ea48a4f39a02793d2.bin,222
4287,93c0684fff85aef4f12ec10fe5b4d389f051d61e.bin,151,734,datacopy/UCSB/93c0684fff85aef4f12ec10fe5b4d389f051d61e.bin,222
4288,80f489793fbbbfdbf5a6b8e363e3479dae6cc908.bin,151,734,datacopy/UCSB/80f489793fbbbfdbf5a6b8e363e3479dae6cc908.bin,222
4289,1617696729d2e57b70b51c517a82b31cd0c83231.bin,151,734,datacopy/UCSB/1617696729d2e57b70b51c517a82b31cd0c83231.bin,222
4290,c3881a09cd40c8bd925f0c8bb09af6d69e072c7e.bin,151,734,datacopy/UCSB/c3881a09cd40c8bd925f0c8bb09af6d69e072c7e.bin,222
4291,88e3cb75e25e9e480a7d00bbe277e83a841c24da.bin,151,734,datacopy/UCSB/88e3cb75e25e9e480a7d00bbe277e83a841c24da.bin,222
4292,79b2346822e23f851ac355b94805da081d42a0be.bin,151,734,datacopy/UCSB/79b2346822e23f851ac355b94805da081d42a0be.bin,222
4293,707b2b46720d260c26f863190aeee5179ce30a4c.bin,151,734,datacopy/UCSB/707b2b46720d260c26f863190aeee5179ce30a4c.bin,222
4294,484a5508659a24db4450f611226d9faa31facc04.bin,151,734,datacopy/UCSB/484a5508659a24db4450f611226d9faa31facc04.bin,222
4295,b68d5da4781222e2b63690599b16face3981cd6b.bin,151,734,datacopy/UCSB/b68d5da4781222e2b63690599b16face3981cd6b.bin,222
4296,576f68d35a7e084c983f0b4800332e2bcfef34ed.bin,151,734,datacopy/UCSB/576f68d35a7e084c983f0b4800332e2bcfef34ed.bin,222
4297,3a6a6568484294db64b2d7c45944ac2a0b4b3c97.bin,151,734,datacopy/UCSB/3a6a6568484294db64b2d7c45944ac2a0b4b3c97.bin,222
4298,6dc1329cfe5524bab0d737be13f44bf04beec8e8.bin,151,734,datacopy/UCSB/6dc1329cfe5524bab0d737be13f44bf04beec8e8.bin,222
4299,874311261369aee52e785b7ae4e9bcf3196baf53.bin,151,734,datacopy/UCSB/874311261369aee52e785b7ae4e9bcf3196baf53.bin,222
4300,6dff5984afa506066494b4502084b754e73f5f5d.bin,151,734,datacopy/UCSB/6dff5984afa506066494b4502084b754e73f5f5d.bin,222
4301,2405d52ff6480b59e1ca3a4a1e18a5e7630e450e.bin,151,734,datacopy/UCSB/2405d52ff6480b59e1ca3a4a1e18a5e7630e450e.bin,222
4302,ab44c49d39827da86292832dbb42785b6054601d.bin,151,734,datacopy/UCSB/ab44c49d39827da86292832dbb42785b6054601d.bin,222
4303,444ac4466793c4246b5c5509b61ddedf2a7e6007.bin,151,734,datacopy/UCSB/444ac4466793c4246b5c5509b61ddedf2a7e6007.bin,222
4304,d2bd986860cb41bd5975835edec46c9af9a56d48.bin,151,734,datacopy/UCSB/d2bd986860cb41bd5975835edec46c9af9a56d48.bin,222
4305,c680739ec3ea098c8c3beee6a9982dc4b388fceb.bin,151,734,datacopy/UCSB/c680739ec3ea098c8c3beee6a9982dc4b388fceb.bin,222
4306,f4c2ae6d11cf38fbbe097bb1bf070cbb29cb9049.bin,151,734,datacopy/UCSB/f4c2ae6d11cf38fbbe097bb1bf070cbb29cb9049.bin,222
4307,346506c16f2cde1e93a585cf64a7087308c652ab.bin,151,734,datacopy/UCSB/346506c16f2cde1e93a585cf64a7087308c652ab.bin,222
4308,6d0ca89d09dd4585f623ccafce7f6ea6c9f6ff7d.bin,151,734,datacopy/UCSB/6d0ca89d09dd4585f623ccafce7f6ea6c9f6ff7d.bin,222
4309,6a239254ba4032325d0d02ecdf444b6f0da0d436.bin,151,734,datacopy/UCSB/6a239254ba4032325d0d02ecdf444b6f0da0d436.bin,222
4310,5eb7372e08b3e76d5edc1fe2ebff8e28cc5067b7.bin,151,734,datacopy/UCSB/5eb7372e08b3e76d5edc1fe2ebff8e28cc5067b7.bin,222
4311,4934f134ef88b5719a03887d37d69619fb09a079.bin,151,734,datacopy/UCSB/4934f134ef88b5719a03887d37d69619fb09a079.bin,222
4312,10c918abe9285a34cc9316fd62637e81844fbd7a.bin,151,734,datacopy/UCSB/10c918abe9285a34cc9316fd62637e81844fbd7a.bin,222
4313,d37990ac8062b89afa23d18eb1c698b82412b3b6.bin,151,734,datacopy/UCSB/d37990ac8062b89afa23d18eb1c698b82412b3b6.bin,222
4314,1d21be9e50f597c05aa0651a5d50343f8392c9a5.bin,151,734,datacopy/UCSB/1d21be9e50f597c05aa0651a5d50343f8392c9a5.bin,222
4315,2eedaed2f6cac2aa9cf849519a45a2ca329b1374.bin,151,734,datacopy/UCSB/2eedaed2f6cac2aa9cf849519a45a2ca329b1374.bin,222
4316,4a168fba64d8c32b76efd04ba764cbf5c1770f0a.bin,151,734,datacopy/UCSB/4a168fba64d8c32b76efd04ba764cbf5c1770f0a.bin,222
4317,48a06455dfdd2d1c61a7f6a38cdc8f60918b8e66.bin,151,734,datacopy/UCSB/48a06455dfdd2d1c61a7f6a38cdc8f60918b8e66.bin,222
4318,52dd39743f184cca317934274f55bb10a3f98ac5.bin,151,734,datacopy/UCSB/52dd39743f184cca317934274f55bb10a3f98ac5.bin,222
4319,228f55677a07fc516829f61d5755571e164e8056.bin,151,734,datacopy/UCSB/228f55677a07fc516829f61d5755571e164e8056.bin,222
4320,5162facac71c1e8a7d8460c45801cb635d2a4585.bin,151,734,datacopy/UCSB/5162facac71c1e8a7d8460c45801cb635d2a4585.bin,222
4321,5b5fda4cf90d93728ec891412793c536ba2207d2.bin,151,734,datacopy/UCSB/5b5fda4cf90d93728ec891412793c536ba2207d2.bin,222
4322,6e8a5a86d0920418f4b056ff540173e084293868.bin,151,734,datacopy/UCSB/6e8a5a86d0920418f4b056ff540173e084293868.bin,222
4323,07c4127e85d2eaa4534476ec7ead64d4c058ddff.bin,151,734,datacopy/UCSB/07c4127e85d2eaa4534476ec7ead64d4c058ddff.bin,222
4324,10c5096bc4a79b53cb4c213c7173b548118e7f3f.bin,151,734,datacopy/UCSB/10c5096bc4a79b53cb4c213c7173b548118e7f3f.bin,222
4325,06935c24e38687def2541a7b4bb98c14d22e9d6b.bin,151,734,datacopy/UCSB/06935c24e38687def2541a7b4bb98c14d22e9d6b.bin,222
4326,853c7a79ee93941daa0e4d54b8309523e2f0adc8.bin,151,734,datacopy/UCSB/853c7a79ee93941daa0e4d54b8309523e2f0adc8.bin,222
4327,10e9e3cd0e38bd74481c27fc7535757384b916fc.bin,151,734,datacopy/UCSB/10e9e3cd0e38bd74481c27fc7535757384b916fc.bin,222
4328,e0d6239a35bcb551da6d2efb5b5a9089c9ed18b5.bin,151,734,datacopy/UCSB/e0d6239a35bcb551da6d2efb5b5a9089c9ed18b5.bin,222
4329,1f77457f93902f5e97b716be87b51d574ce371e5.bin,151,734,datacopy/UCSB/1f77457f93902f5e97b716be87b51d574ce371e5.bin,222
4330,50796ac3ec34c65e35a839f52af6700c88b3bdaa.bin,151,734,datacopy/UCSB/50796ac3ec34c65e35a839f52af6700c88b3bdaa.bin,222
4331,2abc2053457e02c188fed5dcfff5f5dffa83c984.bin,151,734,datacopy/UCSB/2abc2053457e02c188fed5dcfff5f5dffa83c984.bin,222
4332,605e3cfbd9c62b2cb8b821cfc28249764d12fd89.bin,151,734,datacopy/UCSB/605e3cfbd9c62b2cb8b821cfc28249764d12fd89.bin,222
4333,abcef7bb6af76682764d967a95c5eeaebed719ac.bin,151,734,datacopy/UCSB/abcef7bb6af76682764d967a95c5eeaebed719ac.bin,222
4334,e818a3cb6d099ca4a749d78e967fabe63541b8b8.bin,151,734,datacopy/UCSB/e818a3cb6d099ca4a749d78e967fabe63541b8b8.bin,222
4335,156f241bfdbfe27a593db6963535de743ce493a0.bin,151,54,datacopy/UCSB/156f241bfdbfe27a593db6963535de743ce493a0.bin,222
4336,8b422aa29a61d23c239c78cd4d3f39bfbd66c6e0.bin,151,734,datacopy/UCSB/8b422aa29a61d23c239c78cd4d3f39bfbd66c6e0.bin,222
4337,46f3d613a58d5a6143d28e38ed23983965a15dc0.bin,151,734,datacopy/UCSB/46f3d613a58d5a6143d28e38ed23983965a15dc0.bin,222
4338,1cf9d9daaafa7c6dece65fe480f5c24548077438.bin,151,734,datacopy/UCSB/1cf9d9daaafa7c6dece65fe480f5c24548077438.bin,222
4339,1f5ee2808d4d15882bc7de89be3e0b01e2d4a738.bin,151,734,datacopy/UCSB/1f5ee2808d4d15882bc7de89be3e0b01e2d4a738.bin,222
4340,6c9bad809ef194924145f1dec00fbab79cd8307b.bin,151,734,datacopy/UCSB/6c9bad809ef194924145f1dec00fbab79cd8307b.bin,222
4341,96e62c43870ad001830b86219bbfc18a78b012ee.bin,151,734,datacopy/UCSB/96e62c43870ad001830b86219bbfc18a78b012ee.bin,222
4342,1782eb1109e35b07e4ba898930c56b48f00affaa.bin,151,734,datacopy/UCSB/1782eb1109e35b07e4ba898930c56b48f00affaa.bin,222
4343,ec82d31287cd8a65388e9b57eb35c1689995926b.bin,151,734,datacopy/UCSB/ec82d31287cd8a65388e9b57eb35c1689995926b.bin,222
4344,cd692b9c77070c12333ad80968786bc49d7e64de.bin,151,734,datacopy/UCSB/cd692b9c77070c12333ad80968786bc49d7e64de.bin,222
4345,b29bf3f37a77344d232d6497cec1d851c0a631dc.bin,151,734,datacopy/UCSB/b29bf3f37a77344d232d6497cec1d851c0a631dc.bin,222
4346,8d2ff62723a15e7bc4de62bd7aaffc86a6991767.bin,151,734,datacopy/UCSB/8d2ff62723a15e7bc4de62bd7aaffc86a6991767.bin,222
4347,416fefac290d8cec517b6d8d257382af657a1318.bin,151,734,datacopy/UCSB/416fefac290d8cec517b6d8d257382af657a1318.bin,222
4348,417df53188175160800475348da394bbc9e398d5.bin,151,54,datacopy/UCSB/417df53188175160800475348da394bbc9e398d5.bin,222
4349,20ea548086b018bfd07b2cedd091e69c98ad04b8.bin,151,54,datacopy/UCSB/20ea548086b018bfd07b2cedd091e69c98ad04b8.bin,222
4350,32489c4e8b47784bea181999fc80b6da9c5b5c49.bin,151,734,datacopy/UCSB/32489c4e8b47784bea181999fc80b6da9c5b5c49.bin,222
4351,70491442e467c97302f6f1f6b410b16139f0d0d0.bin,151,734,datacopy/UCSB/70491442e467c97302f6f1f6b410b16139f0d0d0.bin,222
4352,34ee9b468168b8510daf7dc1004b1ee93809abc1.bin,151,734,datacopy/UCSB/34ee9b468168b8510daf7dc1004b1ee93809abc1.bin,222
4353,cd0ff57248739fc9eb35230deecd07ed647816a6.bin,151,734,datacopy/UCSB/cd0ff57248739fc9eb35230deecd07ed647816a6.bin,222
4354,74b0e9855b88866d298fea00c37a02a71f70a62b.bin,151,734,datacopy/UCSB/74b0e9855b88866d298fea00c37a02a71f70a62b.bin,222
4355,4e841feaf564544fde47c35346ec28e6c2321416.bin,151,734,datacopy/UCSB/4e841feaf564544fde47c35346ec28e6c2321416.bin,222
4356,cd655b3ab8d2f6429c18fc0667d19f73be17c47b.bin,151,734,datacopy/UCSB/cd655b3ab8d2f6429c18fc0667d19f73be17c47b.bin,222
4357,34df82eb5cc4b443a76e3671b73fcd57baec94f6.bin,151,734,datacopy/UCSB/34df82eb5cc4b443a76e3671b73fcd57baec94f6.bin,222
4358,940930f6ab54ee4b07ec569bd76e7c2a6f36cec3.bin,151,734,datacopy/UCSB/940930f6ab54ee4b07ec569bd76e7c2a6f36cec3.bin,222
4359,ee9cf66351978399cfa45f09cde24871ab6413a4.bin,151,54,datacopy/UCSB/ee9cf66351978399cfa45f09cde24871ab6413a4.bin,222
4360,01b8f4c20269adaa5e2052b5b43d0e11ab1afe5e.bin,151,734,datacopy/UCSB/01b8f4c20269adaa5e2052b5b43d0e11ab1afe5e.bin,222
4361,ad9b7d9043c24340b9680847e26269987f048db8.bin,151,734,datacopy/UCSB/ad9b7d9043c24340b9680847e26269987f048db8.bin,222
4362,a44790718e514cac34222a6ad9677f715ac1c818.bin,151,734,datacopy/UCSB/a44790718e514cac34222a6ad9677f715ac1c818.bin,222
4363,3278a2545315a0cd4fbe7c2aa20b186ffc94eac1.bin,151,734,datacopy/UCSB/3278a2545315a0cd4fbe7c2aa20b186ffc94eac1.bin,222
4364,8e3e42c6dd68cc56b2d8a224fa46906c8ca6a3f5.bin,151,734,datacopy/UCSB/8e3e42c6dd68cc56b2d8a224fa46906c8ca6a3f5.bin,222
4365,ab095bbd00dbec4d8cdf39b26fd855cdcc3d7791.bin,151,734,datacopy/UCSB/ab095bbd00dbec4d8cdf39b26fd855cdcc3d7791.bin,222
4366,b0eb1ca7c33754cd146a83e9e95b6834c66eda15.bin,151,734,datacopy/UCSB/b0eb1ca7c33754cd146a83e9e95b6834c66eda15.bin,222
4367,25078f7b3051dc4fc7806859cc58b424f960edf3.bin,151,734,datacopy/UCSB/25078f7b3051dc4fc7806859cc58b424f960edf3.bin,222
4368,297d5fcda6a23098b8d2173062a0aaa42a9ad6fe.bin,151,54,datacopy/UCSB/297d5fcda6a23098b8d2173062a0aaa42a9ad6fe.bin,222
4369,c0f1235d43a64c75acb416307589985760d21ecd.bin,151,734,datacopy/UCSB/c0f1235d43a64c75acb416307589985760d21ecd.bin,222
4370,21b6714ad68a7fd5be4d544d0a7b7885251272fc.bin,151,734,datacopy/UCSB/21b6714ad68a7fd5be4d544d0a7b7885251272fc.bin,222
4371,f3a106b401b5c46f65ff9ec47fba0fb97c0c0c6a.bin,151,734,datacopy/UCSB/f3a106b401b5c46f65ff9ec47fba0fb97c0c0c6a.bin,222
4372,9d43592ef820d5d7b3162e1d82959c559a101c4c.bin,151,734,datacopy/UCSB/9d43592ef820d5d7b3162e1d82959c559a101c4c.bin,222
4373,bfcef2d99c7ce5f51da7b39deb5511794e6875a4.bin,151,734,datacopy/UCSB/bfcef2d99c7ce5f51da7b39deb5511794e6875a4.bin,222
4374,b189a023cddd93a8d7f29c5708835fda8e414f81.bin,151,734,datacopy/UCSB/b189a023cddd93a8d7f29c5708835fda8e414f81.bin,222
4375,c0bf735bbdf3985adb0ae91b7458ab6c7e734b5e.bin,151,734,datacopy/UCSB/c0bf735bbdf3985adb0ae91b7458ab6c7e734b5e.bin,222
4376,bff9ad9c14e93544284d85c1843aaf676ee62bc2.bin,151,734,datacopy/UCSB/bff9ad9c14e93544284d85c1843aaf676ee62bc2.bin,222
4377,03953400707bd068dd562d00ddaa4e14d31b5023.bin,151,734,datacopy/UCSB/03953400707bd068dd562d00ddaa4e14d31b5023.bin,222
4378,d1b141d5a1d68b79edc80a2378448ff56a3e69e4.bin,151,734,datacopy/UCSB/d1b141d5a1d68b79edc80a2378448ff56a3e69e4.bin,222
4379,b7611b25afd4d3d4ba21a19b66dad826fd320f9b.bin,151,734,datacopy/UCSB/b7611b25afd4d3d4ba21a19b66dad826fd320f9b.bin,222
4380,335a9560792b314a074022a1346a8b86ff595e08.bin,151,734,datacopy/UCSB/335a9560792b314a074022a1346a8b86ff595e08.bin,222
4381,5d1d2aedf478354d2c8450210b350cc981e9591d.bin,151,734,datacopy/UCSB/5d1d2aedf478354d2c8450210b350cc981e9591d.bin,222
4382,33722624ba774a8ac0b9788f769534d3edaa70f7.bin,151,734,datacopy/UCSB/33722624ba774a8ac0b9788f769534d3edaa70f7.bin,222
4383,8701c5621136a8a5c82e4ec70d9db7145d4ab6bc.bin,151,734,datacopy/UCSB/8701c5621136a8a5c82e4ec70d9db7145d4ab6bc.bin,222
4384,ce457f1bfdba5f056a6d2fdc21c9c8cbee23e952.bin,151,734,datacopy/UCSB/ce457f1bfdba5f056a6d2fdc21c9c8cbee23e952.bin,222
4385,49fded3e48dfab9fad56d6a54d7bcf6115e75296.bin,151,734,datacopy/UCSB/49fded3e48dfab9fad56d6a54d7bcf6115e75296.bin,222
4386,e1b9be10060ae8bf9edfda0ef313eed72ec01f91.bin,151,734,datacopy/UCSB/e1b9be10060ae8bf9edfda0ef313eed72ec01f91.bin,222
4387,d6f106056c8e004ad96977a3ce0f7e92bc2358fa.bin,151,734,datacopy/UCSB/d6f106056c8e004ad96977a3ce0f7e92bc2358fa.bin,222
4388,d6ccef4fb93b402e7ea488aa9b81a8689226809b.bin,151,734,datacopy/UCSB/d6ccef4fb93b402e7ea488aa9b81a8689226809b.bin,222
4389,929ec8f907ddf381479fc81e9d4f5da4ffca6c79.codex,151,734,datacopy/CodexGiga/929ec8f907ddf381479fc81e9d4f5da4ffca6c79.codex,222
4390,77f08cf8ac230a4a12bb0fd41110939d2e37022e.codex,151,734,datacopy/CodexGiga/77f08cf8ac230a4a12bb0fd41110939d2e37022e.codex,222
4391,da33226bd6f3bb61c7e2b37a731b70ab99367ae2.codex,151,734,datacopy/CodexGiga/da33226bd6f3bb61c7e2b37a731b70ab99367ae2.codex,222
4392,7dcf0c208a5521ed0b68b8216e5f3238b48ba7be.codex,151,734,datacopy/CodexGiga/7dcf0c208a5521ed0b68b8216e5f3238b48ba7be.codex,222
4393,f7a322cc17b28322b0d21bb6f5c43ab172401d0f.codex,151,734,datacopy/CodexGiga/f7a322cc17b28322b0d21bb6f5c43ab172401d0f.codex,222
4394,b978f8121314aa8801dd5c03213a603124547d1f.codex,151,734,datacopy/CodexGiga/b978f8121314aa8801dd5c03213a603124547d1f.codex,222
4395,bc1f4b637f422895caf626e5f4fa8c9757acca86.codex,151,734,datacopy/CodexGiga/bc1f4b637f422895caf626e5f4fa8c9757acca86.codex,222
4396,2202b0f53e60ad356226541af56ad87f04d16ed6.codex,151,734,datacopy/CodexGiga/2202b0f53e60ad356226541af56ad87f04d16ed6.codex,222
4397,c14565c7845a709e7c19b0176b656a19d21e2229.codex,151,734,datacopy/CodexGiga/c14565c7845a709e7c19b0176b656a19d21e2229.codex,222
4398,41432b545cb825ff2ff3767ce61ab6ed30641acd.codex,151,734,datacopy/CodexGiga/41432b545cb825ff2ff3767ce61ab6ed30641acd.codex,222
4399,01f6233610a40a6c3ecbc7bab3047c61f5b7b328.codex,151,734,datacopy/CodexGiga/01f6233610a40a6c3ecbc7bab3047c61f5b7b328.codex,222
4400,e9ff8095d747309492c97a9c18e323a30fe358e6.codex,151,734,datacopy/CodexGiga/e9ff8095d747309492c97a9c18e323a30fe358e6.codex,222
4401,318b7e2141b31faaa946610723b5fbed76f75114.codex,151,734,datacopy/CodexGiga/318b7e2141b31faaa946610723b5fbed76f75114.codex,222
4402,0270bab0ec46b92c430542631304110b5d6bdbbc.codex,151,734,datacopy/CodexGiga/0270bab0ec46b92c430542631304110b5d6bdbbc.codex,222
4403,5c8f735dd82262516adb6f393b56062b7f87b66b.codex,151,734,datacopy/CodexGiga/5c8f735dd82262516adb6f393b56062b7f87b66b.codex,222
4404,59c5f8a16d78805b6e0b9cb543f0ff977fea014f.codex,151,734,datacopy/CodexGiga/59c5f8a16d78805b6e0b9cb543f0ff977fea014f.codex,222
4405,2c738b7c6b4b0bb76a62b2af5d599a75bfad7f3d.codex,151,734,datacopy/CodexGiga/2c738b7c6b4b0bb76a62b2af5d599a75bfad7f3d.codex,222
4406,1e3bb25b24dc69d5a88aceeecee0d8a9af39927e.codex,151,734,datacopy/CodexGiga/1e3bb25b24dc69d5a88aceeecee0d8a9af39927e.codex,222
4407,53e61063698ebf1b97be390a2eeca6f20234aec5.codex,151,734,datacopy/CodexGiga/53e61063698ebf1b97be390a2eeca6f20234aec5.codex,222
4408,3338c52d5b3ff37bf7af89c5d3132572aef79257.codex,151,734,datacopy/CodexGiga/3338c52d5b3ff37bf7af89c5d3132572aef79257.codex,222
4409,2c5d73cbfdae42429819f7c396cc173477f29cd7.codex,151,734,datacopy/CodexGiga/2c5d73cbfdae42429819f7c396cc173477f29cd7.codex,222
4410,7b35522bd55aaeafc744a5fa6511c559d5ac80cd.codex,151,734,datacopy/CodexGiga/7b35522bd55aaeafc744a5fa6511c559d5ac80cd.codex,222
4411,17dc2bae830c49cf8ab2c24dedc38f78c7b8a430.codex,151,734,datacopy/CodexGiga/17dc2bae830c49cf8ab2c24dedc38f78c7b8a430.codex,222
4412,6733c97d79bebb68465f9011b16f32fa97e8fd69.codex,151,734,datacopy/CodexGiga/6733c97d79bebb68465f9011b16f32fa97e8fd69.codex,222
4413,255ebd7c7276d9b9e9e7cc3119afe66696a8a0ea.codex,151,734,datacopy/CodexGiga/255ebd7c7276d9b9e9e7cc3119afe66696a8a0ea.codex,222
4414,d687cb101346c2f1f480dc4932fe8b6fe94c0e5c.codex,151,734,datacopy/CodexGiga/d687cb101346c2f1f480dc4932fe8b6fe94c0e5c.codex,222
4415,07b911db2b0718e2b0afcf6b8b2fd47d28934b85.codex,151,734,datacopy/CodexGiga/07b911db2b0718e2b0afcf6b8b2fd47d28934b85.codex,222
4416,3d564bb416742c3f02d2196af2acbe830ce3a2c3.codex,151,734,datacopy/CodexGiga/3d564bb416742c3f02d2196af2acbe830ce3a2c3.codex,222
4417,ae9e3e8a4d21a61679e9d93720a21aaee55fc5d1.codex,151,734,datacopy/CodexGiga/ae9e3e8a4d21a61679e9d93720a21aaee55fc5d1.codex,222
4418,400b5d4cd225e35b9199b0da33cb7e5b4c729e5c.codex,151,734,datacopy/CodexGiga/400b5d4cd225e35b9199b0da33cb7e5b4c729e5c.codex,222
4419,2baffb0df06fea13ea97658e200fcecd1ee346eb.codex,151,734,datacopy/CodexGiga/2baffb0df06fea13ea97658e200fcecd1ee346eb.codex,222
4420,e450ee93b4e41b25d3c3a341a21a58531de94616.codex,151,734,datacopy/CodexGiga/e450ee93b4e41b25d3c3a341a21a58531de94616.codex,222
4421,af6b54fa78118310d028dac1874f190080d178da.codex,151,734,datacopy/CodexGiga/af6b54fa78118310d028dac1874f190080d178da.codex,222
4422,b01dfedb4353beebe2c7099f12d54b330210e7ff.codex,151,734,datacopy/CodexGiga/b01dfedb4353beebe2c7099f12d54b330210e7ff.codex,222
4423,0b491bc29d8cab94b7a0b7876faf3a81c482561d.codex,151,734,datacopy/CodexGiga/0b491bc29d8cab94b7a0b7876faf3a81c482561d.codex,222
4424,f1184712df04d1859810b9ef0123485b8c563ac8.codex,151,734,datacopy/CodexGiga/f1184712df04d1859810b9ef0123485b8c563ac8.codex,222
4425,f1a0ff10024d817339030c40e7762b501f4edda8.codex,151,734,datacopy/CodexGiga/f1a0ff10024d817339030c40e7762b501f4edda8.codex,222
4426,92a984f289e24abae44c4237d09c9ff3a198783a.codex,151,734,datacopy/CodexGiga/92a984f289e24abae44c4237d09c9ff3a198783a.codex,222
4427,01750d60025b3956e6fcecea5fa3743089c58e2b.codex,151,734,datacopy/CodexGiga/01750d60025b3956e6fcecea5fa3743089c58e2b.codex,222
4428,7dd2c7bff7a1ed10824fdaa77236427ef4a4a26f.codex,151,734,datacopy/CodexGiga/7dd2c7bff7a1ed10824fdaa77236427ef4a4a26f.codex,222
4429,24efba130f37ce6f5bdd9da13c12941422d9f3b0.codex,151,734,datacopy/CodexGiga/24efba130f37ce6f5bdd9da13c12941422d9f3b0.codex,222
4430,da3cf059828c3b3304fe0713ae2460f22c966f40.codex,151,734,datacopy/CodexGiga/da3cf059828c3b3304fe0713ae2460f22c966f40.codex,222
4431,68ec86bddb3114779b0162e84495cba7ec0a4568.codex,151,734,datacopy/CodexGiga/68ec86bddb3114779b0162e84495cba7ec0a4568.codex,222
4432,0a18f1a8222ff25a755526548ef40e0ed278a495.codex,151,734,datacopy/CodexGiga/0a18f1a8222ff25a755526548ef40e0ed278a495.codex,222
4433,1513023202ef672c565f14b98c48ea79bb57e881.codex,151,734,datacopy/CodexGiga/1513023202ef672c565f14b98c48ea79bb57e881.codex,222
4434,b477b001cebecfb015593f13f1c310266b4e408b.codex,151,734,datacopy/CodexGiga/b477b001cebecfb015593f13f1c310266b4e408b.codex,222
4435,0b86b3a098aa6325451225b5ea14ee9d62e0c638.codex,151,734,datacopy/CodexGiga/0b86b3a098aa6325451225b5ea14ee9d62e0c638.codex,222
4436,93b73cab9d4581ee8954cb7b2adea7e5c1a9ac0d.codex,151,734,datacopy/CodexGiga/93b73cab9d4581ee8954cb7b2adea7e5c1a9ac0d.codex,222
4437,0f8cda402017d87a94c6f87a7fa872dfc1aa1bea.codex,151,734,datacopy/CodexGiga/0f8cda402017d87a94c6f87a7fa872dfc1aa1bea.codex,222
4438,0f9cc14064eb24ddef5fc68766c24664fab0ce1b.codex,151,734,datacopy/CodexGiga/0f9cc14064eb24ddef5fc68766c24664fab0ce1b.codex,222
4439,b01caf62c20ef1f2dae0257dee8bae8c4b01bde0.codex,151,734,datacopy/CodexGiga/b01caf62c20ef1f2dae0257dee8bae8c4b01bde0.codex,222
4440,43df703fc83be1b4546a53f4e377d32c60cb379d.codex,151,734,datacopy/CodexGiga/43df703fc83be1b4546a53f4e377d32c60cb379d.codex,222
4441,42c647d83abe1e5438b8176b9e90db08282a8bbb.codex,151,734,datacopy/CodexGiga/42c647d83abe1e5438b8176b9e90db08282a8bbb.codex,222
4442,5c0a8f5abe59267e890e7ddf475a10a5598cfce3.codex,151,734,datacopy/CodexGiga/5c0a8f5abe59267e890e7ddf475a10a5598cfce3.codex,222
4443,97c8d511d32e2ab7ff7d78f90bedbf2f31c14bb1.codex,151,734,datacopy/CodexGiga/97c8d511d32e2ab7ff7d78f90bedbf2f31c14bb1.codex,222
4444,8e23f62d8701f9e050c241680c15c3220bf78228.codex,151,734,datacopy/CodexGiga/8e23f62d8701f9e050c241680c15c3220bf78228.codex,222
4445,3ba21e1db2977fcd91099e1de3129418aee8bad7.codex,151,734,datacopy/CodexGiga/3ba21e1db2977fcd91099e1de3129418aee8bad7.codex,222
4446,84f81e1cc9f030133f3b686f1cf7cf3cea09a193.codex,151,734,datacopy/CodexGiga/84f81e1cc9f030133f3b686f1cf7cf3cea09a193.codex,222
4447,36031722ac4914339508105bc92a7b3c947f72f5.codex,151,734,datacopy/CodexGiga/36031722ac4914339508105bc92a7b3c947f72f5.codex,222
4448,089f0e786b460fbb2f16af086e70fc2241f2b585.codex,151,734,datacopy/CodexGiga/089f0e786b460fbb2f16af086e70fc2241f2b585.codex,222
4449,096354e09aae70ffb278971d030a1733bb5f7ec3.codex,151,734,datacopy/CodexGiga/096354e09aae70ffb278971d030a1733bb5f7ec3.codex,222
4450,0f049d44b87caf7b1715cd0175a04c13ba423c53.codex,151,734,datacopy/CodexGiga/0f049d44b87caf7b1715cd0175a04c13ba423c53.codex,222
4451,ef75f0f5ee772090018c1e887ef79c280c5a00d2.codex,151,734,datacopy/CodexGiga/ef75f0f5ee772090018c1e887ef79c280c5a00d2.codex,222
4452,7d639cea8bd8ff7fe3f1406f3590ea6ec1f6e810.codex,151,734,datacopy/CodexGiga/7d639cea8bd8ff7fe3f1406f3590ea6ec1f6e810.codex,222
4453,9d65a6cd35f8aacdf0965a3c4c1e609fefd97157.codex,151,734,datacopy/CodexGiga/9d65a6cd35f8aacdf0965a3c4c1e609fefd97157.codex,222
4454,1433f0b9e4a11af5a9c08479204c015867653f67.codex,151,734,datacopy/CodexGiga/1433f0b9e4a11af5a9c08479204c015867653f67.codex,222
4455,9f43ac88662fa6c3603ddf5eba326a4d398b6773.codex,151,734,datacopy/CodexGiga/9f43ac88662fa6c3603ddf5eba326a4d398b6773.codex,222
4456,13ff314b0f85e4a5c76c2d332842b7a541dd2606.codex,151,734,datacopy/CodexGiga/13ff314b0f85e4a5c76c2d332842b7a541dd2606.codex,222
4457,f5cee3ad917b2d19e507387c912b577e2ba036db.codex,151,734,datacopy/CodexGiga/f5cee3ad917b2d19e507387c912b577e2ba036db.codex,222
4458,f327e89a2a25415b1f2edd7b53443ae7ab9ba3a4.codex,151,734,datacopy/CodexGiga/f327e89a2a25415b1f2edd7b53443ae7ab9ba3a4.codex,222
4459,50e7b4d4f3ab5fa9c77c0286213e7980ed52f6f6.codex,151,734,datacopy/CodexGiga/50e7b4d4f3ab5fa9c77c0286213e7980ed52f6f6.codex,222
4460,8f0aec8daa26f40af01f22375e6245a06791c02d.codex,151,734,datacopy/CodexGiga/8f0aec8daa26f40af01f22375e6245a06791c02d.codex,222
4461,8635acdc1d7693e092a4a4f7789cdbc5589e53d8.codex,151,734,datacopy/CodexGiga/8635acdc1d7693e092a4a4f7789cdbc5589e53d8.codex,222
4462,38bc4e34e150e1436a72c3fd23dde61279363981.codex,151,734,datacopy/CodexGiga/38bc4e34e150e1436a72c3fd23dde61279363981.codex,222
4463,800fac81c9c58d3d9c824dc95cabb7a8d61cf1a1.codex,151,734,datacopy/CodexGiga/800fac81c9c58d3d9c824dc95cabb7a8d61cf1a1.codex,222
4464,abd40af6745f6cfa51210f88beafa6e0d4340b99.codex,151,734,datacopy/CodexGiga/abd40af6745f6cfa51210f88beafa6e0d4340b99.codex,222
4465,e8138ecb18f7fcda837d5526e50580cc3247c07e.codex,151,734,datacopy/CodexGiga/e8138ecb18f7fcda837d5526e50580cc3247c07e.codex,222
4466,2abab34395c5754383dea6cf00fa7ab4c410a6ef.codex,151,734,datacopy/CodexGiga/2abab34395c5754383dea6cf00fa7ab4c410a6ef.codex,222
4467,9e119104c2597f0ab4542c512a1eb9fa2729852f.codex,151,734,datacopy/CodexGiga/9e119104c2597f0ab4542c512a1eb9fa2729852f.codex,222
4468,b74c828dc6f726c42e92e660294f9c549a244b7e.codex,151,734,datacopy/CodexGiga/b74c828dc6f726c42e92e660294f9c549a244b7e.codex,222
4469,c2b9b78952575e8b6d4a66e9f31b611f10adc5e6.codex,151,734,datacopy/CodexGiga/c2b9b78952575e8b6d4a66e9f31b611f10adc5e6.codex,222
4470,dca21e88ad4e7ae8b0a7214cb53863ac2dfee60c.codex,151,734,datacopy/CodexGiga/dca21e88ad4e7ae8b0a7214cb53863ac2dfee60c.codex,222
4471,bf0a067fc4e334956983354c887a99d25f203365.codex,151,734,datacopy/CodexGiga/bf0a067fc4e334956983354c887a99d25f203365.codex,222
4472,1dff74e9845b6eb444f9cae907a582a0e1929125.codex,151,734,datacopy/CodexGiga/1dff74e9845b6eb444f9cae907a582a0e1929125.codex,222
4473,5b28af3c34fd2eddd6e5a715142aa237d8cd0e20.codex,151,734,datacopy/CodexGiga/5b28af3c34fd2eddd6e5a715142aa237d8cd0e20.codex,222
4474,38d25754e13a219d0d8b3d6d0eefed18ff81af99.codex,151,734,datacopy/CodexGiga/38d25754e13a219d0d8b3d6d0eefed18ff81af99.codex,222
4475,b9e93e1a71d901e67764c48a6dc4818b8ec63a50.codex,151,734,datacopy/CodexGiga/b9e93e1a71d901e67764c48a6dc4818b8ec63a50.codex,222
4476,32fd151a8ec09bad5cd1bb50d3ed4e2a0c2dbb5b.codex,151,734,datacopy/CodexGiga/32fd151a8ec09bad5cd1bb50d3ed4e2a0c2dbb5b.codex,222
4477,d7974cbdae58b3fd72db335d53793713ec921c07.codex,151,734,datacopy/CodexGiga/d7974cbdae58b3fd72db335d53793713ec921c07.codex,222
4478,de8d37c0a87c4fa536e9728cd2b0976c9bb7a328.codex,151,734,datacopy/CodexGiga/de8d37c0a87c4fa536e9728cd2b0976c9bb7a328.codex,222
4479,320cf1c0efad979d0028f504f7274bbc7790fdde.codex,151,734,datacopy/CodexGiga/320cf1c0efad979d0028f504f7274bbc7790fdde.codex,222
4480,46baf9e1a44ce3980b4dc46b86baf35f07f9863a.codex,151,734,datacopy/CodexGiga/46baf9e1a44ce3980b4dc46b86baf35f07f9863a.codex,222
4481,ceb0574487e52ddf6a7963e7647f9ad74a42e339.codex,151,734,datacopy/CodexGiga/ceb0574487e52ddf6a7963e7647f9ad74a42e339.codex,222
4482,a36c2d74acc93140fc028fbba56e47a7bc5aeff4.codex,151,734,datacopy/CodexGiga/a36c2d74acc93140fc028fbba56e47a7bc5aeff4.codex,222
4483,9cebfa04cd2af4b4aa5d9c56ba271af2af6cc777.codex,151,734,datacopy/CodexGiga/9cebfa04cd2af4b4aa5d9c56ba271af2af6cc777.codex,222
4484,646d54222f020f92fe2e0533c676bb104004686c.codex,151,734,datacopy/CodexGiga/646d54222f020f92fe2e0533c676bb104004686c.codex,222
4485,03f005cc40cb121f39af052ba3019c469b69b1fe.codex,151,734,datacopy/CodexGiga/03f005cc40cb121f39af052ba3019c469b69b1fe.codex,222
4486,19bc605787e8e9bb261800ba3f398d0811ce507f.codex,151,734,datacopy/CodexGiga/19bc605787e8e9bb261800ba3f398d0811ce507f.codex,222
4487,4f7236e2160cd9a8e9d3b326874b32a3cdf4273a.codex,151,734,datacopy/CodexGiga/4f7236e2160cd9a8e9d3b326874b32a3cdf4273a.codex,222
4488,2136967db3f4390fe75a0c6254a62ef08fec3f7d.codex,151,734,datacopy/CodexGiga/2136967db3f4390fe75a0c6254a62ef08fec3f7d.codex,222
4489,6e75a5d9faabdd9aea6c285c814e03975526c8c0.codex,151,734,datacopy/CodexGiga/6e75a5d9faabdd9aea6c285c814e03975526c8c0.codex,222
4490,5a9a720f91857c1fe784cd475608848d031ec810.codex,151,734,datacopy/CodexGiga/5a9a720f91857c1fe784cd475608848d031ec810.codex,222
4491,745508b66496a73e59fa5f51132d349fa3055c26.codex,151,734,datacopy/CodexGiga/745508b66496a73e59fa5f51132d349fa3055c26.codex,222
4492,ed04cba2871e1c0a83beb00a4acb265fba24d1c7.codex,151,734,datacopy/CodexGiga/ed04cba2871e1c0a83beb00a4acb265fba24d1c7.codex,222
4493,6526f7e4321f3acca071dc9b2af6c51a8ab26d15.codex,151,734,datacopy/CodexGiga/6526f7e4321f3acca071dc9b2af6c51a8ab26d15.codex,222
4494,58048d8322e3648d6a3ece2ec9038d438c687710.codex,151,734,datacopy/CodexGiga/58048d8322e3648d6a3ece2ec9038d438c687710.codex,222
4495,e71caf1ac227478f4a95dc89170ca0f0dd755c72.codex,151,734,datacopy/CodexGiga/e71caf1ac227478f4a95dc89170ca0f0dd755c72.codex,222
4496,73a9f2357ccde49b8f9b1377ac48144783a7f57f.codex,151,734,datacopy/CodexGiga/73a9f2357ccde49b8f9b1377ac48144783a7f57f.codex,222
4497,4b28b1c9ff69a8f323d199aa3328de87fc730e74.codex,151,734,datacopy/CodexGiga/4b28b1c9ff69a8f323d199aa3328de87fc730e74.codex,222
4498,ac69f1b76954d1068377e6f4b5ac59fa037ba019.codex,151,734,datacopy/CodexGiga/ac69f1b76954d1068377e6f4b5ac59fa037ba019.codex,222
4499,8b18f58434111d96fd9139bdb05530b5f70239c1.codex,151,734,datacopy/CodexGiga/8b18f58434111d96fd9139bdb05530b5f70239c1.codex,222
4500,30b8700e5ec31630967fbcc8a3b8fb3fa8b1df7f.codex,151,734,datacopy/CodexGiga/30b8700e5ec31630967fbcc8a3b8fb3fa8b1df7f.codex,222
4501,ffc74ab94c5e7a0b67c59f3e053928a4e21bcef7.codex,151,734,datacopy/CodexGiga/ffc74ab94c5e7a0b67c59f3e053928a4e21bcef7.codex,222
4502,478f296f219a7fbae29d1bd6d914521e30902f90.codex,151,734,datacopy/CodexGiga/478f296f219a7fbae29d1bd6d914521e30902f90.codex,222
4503,8a32cdd3834e0629eeb47ca2b5f019497cfcb66b.codex,151,734,datacopy/CodexGiga/8a32cdd3834e0629eeb47ca2b5f019497cfcb66b.codex,222
4504,18ff92ea12c8b1967e248791241b4e3d41b2ce6c.codex,151,734,datacopy/CodexGiga/18ff92ea12c8b1967e248791241b4e3d41b2ce6c.codex,222
4505,fd37b9682d15c89f79a73c35eeda2cd381aad446.codex,151,734,datacopy/CodexGiga/fd37b9682d15c89f79a73c35eeda2cd381aad446.codex,222
4506,340327e187f97485e16b2242a01fe3fdabd3fedb.codex,151,734,datacopy/CodexGiga/340327e187f97485e16b2242a01fe3fdabd3fedb.codex,222
4507,39d88a9326a64b8e4393ed3015a38c4f09cf2850.codex,151,734,datacopy/CodexGiga/39d88a9326a64b8e4393ed3015a38c4f09cf2850.codex,222
4508,0f7ccd39a0c4c5846da1dc5330c918316c917da8.codex,151,734,datacopy/CodexGiga/0f7ccd39a0c4c5846da1dc5330c918316c917da8.codex,222
4509,1ebaa56967e72aba01f1d96ee28b218f776abbb9.codex,151,734,datacopy/CodexGiga/1ebaa56967e72aba01f1d96ee28b218f776abbb9.codex,222
4510,36f79f828ce802cc2ed8dd37cae5247362fb11ea.codex,151,734,datacopy/CodexGiga/36f79f828ce802cc2ed8dd37cae5247362fb11ea.codex,222
4511,bf3cb57d73c580f710388c9d574de074bbca5d7a.codex,151,734,datacopy/CodexGiga/bf3cb57d73c580f710388c9d574de074bbca5d7a.codex,222
4512,0826d635a8e5cba27009a7c27735efd1337bbaf8.codex,151,734,datacopy/CodexGiga/0826d635a8e5cba27009a7c27735efd1337bbaf8.codex,222
4513,1be3725af4eb10309d8c93cb8e6503435ac82e34.codex,151,734,datacopy/CodexGiga/1be3725af4eb10309d8c93cb8e6503435ac82e34.codex,222
4514,1f523f98e28063463ff402ac39bcea28da8661b5.codex,151,734,datacopy/CodexGiga/1f523f98e28063463ff402ac39bcea28da8661b5.codex,222
4515,14c7a1661620f46c2943fa1ad522631638569b37.codex,151,734,datacopy/CodexGiga/14c7a1661620f46c2943fa1ad522631638569b37.codex,222
4516,6ab179329707b60a305c5f348d9762349e87927b.codex,151,734,datacopy/CodexGiga/6ab179329707b60a305c5f348d9762349e87927b.codex,222
4517,2356f82fcc1b7fd0505711b0a320c57b14f2cc0d.codex,151,734,datacopy/CodexGiga/2356f82fcc1b7fd0505711b0a320c57b14f2cc0d.codex,222
4518,85fc68bbb79854bcd59fff566328a9856897d0d9.codex,151,734,datacopy/CodexGiga/85fc68bbb79854bcd59fff566328a9856897d0d9.codex,222
4519,4a893e20379d454c94b637caf15a9eb8a20491fa.codex,151,734,datacopy/CodexGiga/4a893e20379d454c94b637caf15a9eb8a20491fa.codex,222
4520,073644294ef317aed16b435abb132afc09a3935d.codex,151,734,datacopy/CodexGiga/073644294ef317aed16b435abb132afc09a3935d.codex,222
4521,6ae8f1653ca4d5643d81ef5e64a333f47603da20.codex,151,734,datacopy/CodexGiga/6ae8f1653ca4d5643d81ef5e64a333f47603da20.codex,222
4522,dba5e9748d25603b6c1f2de8cef12c9ea03c302c.codex,151,734,datacopy/CodexGiga/dba5e9748d25603b6c1f2de8cef12c9ea03c302c.codex,222
4523,6c5bab7edf1630d8b8b36d631ea3d18e3aad946c.codex,151,734,datacopy/CodexGiga/6c5bab7edf1630d8b8b36d631ea3d18e3aad946c.codex,222
4524,93229172020b93a506549d505148b5c9e80d643b.codex,151,734,datacopy/CodexGiga/93229172020b93a506549d505148b5c9e80d643b.codex,222
4525,98ebfabfae701dc7e6e7400356a5bb5a5c373ec8.codex,151,734,datacopy/CodexGiga/98ebfabfae701dc7e6e7400356a5bb5a5c373ec8.codex,222
4526,9d19f2899082eab01dfca20ce07026189abae04f.codex,151,734,datacopy/CodexGiga/9d19f2899082eab01dfca20ce07026189abae04f.codex,222
4527,d28b488ba651777790f824385aaf0d9acf02c9c2.codex,151,734,datacopy/CodexGiga/d28b488ba651777790f824385aaf0d9acf02c9c2.codex,222
4528,7727b339e73930ab8ffa90e19f6cf7a9d8981e41.codex,151,734,datacopy/CodexGiga/7727b339e73930ab8ffa90e19f6cf7a9d8981e41.codex,222
4529,8a89a1cc1d9f7a1891e9523b80c21ac530554e66.codex,151,734,datacopy/CodexGiga/8a89a1cc1d9f7a1891e9523b80c21ac530554e66.codex,222
4530,e59c07a228349bcdd3c904ae8883a6300df650847e1ac90fa3657e134cd0f688,151,734,datacopy/Stefano/e59c07a228349bcdd3c904ae8883a6300df650847e1ac90fa3657e134cd0f688,222
4531,afabc6e1a3ef7a10ce13374d01aeac5edba6542808af76bc2901e7c5e5c4e765,151,734,datacopy/Stefano/afabc6e1a3ef7a10ce13374d01aeac5edba6542808af76bc2901e7c5e5c4e765,222
4532,c4a1705f209ce998c3a39510b5a81e0ced1b667e123d07b3d7ab577fc2870962,151,734,datacopy/Stefano/c4a1705f209ce998c3a39510b5a81e0ced1b667e123d07b3d7ab577fc2870962,222
4533,1f67fda5460c066e4e430d763d943540efe4c8e5777cf393dac0fb4f7efc9bbd,151,734,datacopy/Stefano/1f67fda5460c066e4e430d763d943540efe4c8e5777cf393dac0fb4f7efc9bbd,222
4534,a6f6b67d508cd329dcb86ed5fa3a35ad2730b89a.bin,152,734,datacopy/UCSB/a6f6b67d508cd329dcb86ed5fa3a35ad2730b89a.bin,24
4535,84606e58159d913eb58a336bda62c44d82469cf1.bin,152,734,datacopy/UCSB/84606e58159d913eb58a336bda62c44d82469cf1.bin,24
4536,caeed33caa06392f7a65b6386a9e5752462c543d.bin,152,734,datacopy/UCSB/caeed33caa06392f7a65b6386a9e5752462c543d.bin,24
4537,8879ed5492a4e3e24a3f99161efda9570e2f4203.bin,152,734,datacopy/UCSB/8879ed5492a4e3e24a3f99161efda9570e2f4203.bin,24
4538,c7d1b5b3a993434536649e468e88b9f17f31dc3c.bin,152,734,datacopy/UCSB/c7d1b5b3a993434536649e468e88b9f17f31dc3c.bin,24
4539,4708f066f6481244b9367f3145c1fb60d1395099.bin,152,734,datacopy/UCSB/4708f066f6481244b9367f3145c1fb60d1395099.bin,24
4540,2af51c69f121b5813540cae5495c2a48777396aa.bin,152,734,datacopy/UCSB/2af51c69f121b5813540cae5495c2a48777396aa.bin,24
4541,389f5185166a9bb4438d97df8f906fb262d860d7.bin,152,734,datacopy/UCSB/389f5185166a9bb4438d97df8f906fb262d860d7.bin,24
4542,6b35951ae6364a5857ee806f0aad4694ae515aa7.bin,152,734,datacopy/UCSB/6b35951ae6364a5857ee806f0aad4694ae515aa7.bin,24
4543,55767cd4d2003b346cf84488f1c79b670998e8b8.bin,152,734,datacopy/UCSB/55767cd4d2003b346cf84488f1c79b670998e8b8.bin,24
4544,453fc1df10d13e399660652f0c07fd687c7331f0.bin,152,734,datacopy/UCSB/453fc1df10d13e399660652f0c07fd687c7331f0.bin,24
4545,5c67cf4bfdc3cab61677d60961213198ff8abafc.bin,152,734,datacopy/UCSB/5c67cf4bfdc3cab61677d60961213198ff8abafc.bin,24
4546,006e5394b9d7432ef60f60b6a6d6b48f9629b9e2.bin,152,734,datacopy/UCSB/006e5394b9d7432ef60f60b6a6d6b48f9629b9e2.bin,24
4547,ae9c0da3e32423ee9f35f6635f3d7c53580af489.bin,152,734,datacopy/UCSB/ae9c0da3e32423ee9f35f6635f3d7c53580af489.bin,24
4548,0ff17ddff2d59a3042f066167d07fac4ca872127.bin,152,734,datacopy/UCSB/0ff17ddff2d59a3042f066167d07fac4ca872127.bin,24
4549,27f6d0895ceb07bbf7c29393301d165aebbb4897.bin,152,734,datacopy/UCSB/27f6d0895ceb07bbf7c29393301d165aebbb4897.bin,24
4550,9d007b204257a0b81cd8c359c3c2d47a9a77210c.bin,152,734,datacopy/UCSB/9d007b204257a0b81cd8c359c3c2d47a9a77210c.bin,24
4551,caf13df3e1d8f5791a77a94c682f578b1653ce27.bin,152,734,datacopy/UCSB/caf13df3e1d8f5791a77a94c682f578b1653ce27.bin,24
4552,0fb125012fa568c8701b2a1ca74c2e48cfbe31f0.bin,152,734,datacopy/UCSB/0fb125012fa568c8701b2a1ca74c2e48cfbe31f0.bin,24
4553,bd88f541205eab92a50903d4ada3dd33e59279e2.bin,152,734,datacopy/UCSB/bd88f541205eab92a50903d4ada3dd33e59279e2.bin,24
4554,7c5cbb8e0f417ee95530d200ba81314405974406.bin,152,734,datacopy/UCSB/7c5cbb8e0f417ee95530d200ba81314405974406.bin,24
4555,e3a5ca7093eaa87aab1d8afe21fc1528e2678b6b.bin,152,734,datacopy/UCSB/e3a5ca7093eaa87aab1d8afe21fc1528e2678b6b.bin,24
4556,079897e91f8743081aaba8ca28d2ef8eed7a4ad0.bin,152,734,datacopy/UCSB/079897e91f8743081aaba8ca28d2ef8eed7a4ad0.bin,24
4557,4f45235f7d0cf8858c112a51651e510726abc29a.bin,152,734,datacopy/UCSB/4f45235f7d0cf8858c112a51651e510726abc29a.bin,24
4558,39e31601d8c8995b3a2e1959e30d25666a46d7e8.bin,152,734,datacopy/UCSB/39e31601d8c8995b3a2e1959e30d25666a46d7e8.bin,24
4559,459d57ef98b7b0c18739957058fe2efb3fc967dc.bin,152,734,datacopy/UCSB/459d57ef98b7b0c18739957058fe2efb3fc967dc.bin,24
4560,00810a2937fae71b8593310e5581d53044eb28c3.bin,152,734,datacopy/UCSB/00810a2937fae71b8593310e5581d53044eb28c3.bin,24
4561,f99b94f1727b26a45eb8dbfffcd3a44e2e9ad5a3.bin,152,734,datacopy/UCSB/f99b94f1727b26a45eb8dbfffcd3a44e2e9ad5a3.bin,24
4562,789ae9f0c7bc0111c9bc6f59ff6aae2017a7f4d2.bin,152,734,datacopy/UCSB/789ae9f0c7bc0111c9bc6f59ff6aae2017a7f4d2.bin,24
4563,c2b2188a01d93d87271ccb6c731e39826ebff707.bin,152,734,datacopy/UCSB/c2b2188a01d93d87271ccb6c731e39826ebff707.bin,24
4564,e28fcd782c20fd84ff3b883cdfe43fb29171234b.bin,152,734,datacopy/UCSB/e28fcd782c20fd84ff3b883cdfe43fb29171234b.bin,24
4565,dd6d35a01bc143d9b348c5662478586e61ec532d.bin,152,734,datacopy/UCSB/dd6d35a01bc143d9b348c5662478586e61ec532d.bin,24
4566,af2a7ca002f81dfa00ae27bd601296b00d99bd9f.bin,152,734,datacopy/UCSB/af2a7ca002f81dfa00ae27bd601296b00d99bd9f.bin,24
4567,601060e1fa8c8693551ac9f70ec04b6022402074.bin,152,734,datacopy/UCSB/601060e1fa8c8693551ac9f70ec04b6022402074.bin,24
4568,00dc986d9dffb12fbc37d0b2e5b371c0fd6a4239.bin,152,734,datacopy/UCSB/00dc986d9dffb12fbc37d0b2e5b371c0fd6a4239.bin,24
4569,440f617d1e6915804da873f194525138b2448d82.bin,152,734,datacopy/UCSB/440f617d1e6915804da873f194525138b2448d82.bin,24
4570,c8d2dd0027fc0a9ff00134ef054c4f82ed926306.bin,152,734,datacopy/UCSB/c8d2dd0027fc0a9ff00134ef054c4f82ed926306.bin,24
4571,3a49e392b3c1e79712907cb780063bcede95a7a3.bin,152,734,datacopy/UCSB/3a49e392b3c1e79712907cb780063bcede95a7a3.bin,24
4572,ffdf7dcb81c436c4e3c953c4f84e091f8151ac34.bin,152,734,datacopy/UCSB/ffdf7dcb81c436c4e3c953c4f84e091f8151ac34.bin,24
4573,03a42812e19ec9e21cb09806f8693d5286e4555e.bin,152,734,datacopy/UCSB/03a42812e19ec9e21cb09806f8693d5286e4555e.bin,24
4574,a0bee1e2d59fb8ba62b9c4b5504b34e40ae26e6b.bin,152,734,datacopy/UCSB/a0bee1e2d59fb8ba62b9c4b5504b34e40ae26e6b.bin,24
4575,6a6fbdce0cf80e7eb5f66e392eb02311e8e7f8f5.bin,152,734,datacopy/UCSB/6a6fbdce0cf80e7eb5f66e392eb02311e8e7f8f5.bin,24
4576,0d101d32fb58d38dca38b1f089a643b9a560cf7f.bin,152,734,datacopy/UCSB/0d101d32fb58d38dca38b1f089a643b9a560cf7f.bin,24
4577,81249799f0bf65ceafc9b783b2427e86300ef602.bin,152,734,datacopy/UCSB/81249799f0bf65ceafc9b783b2427e86300ef602.bin,24
4578,ec234c6a74e879b634bb7af978c5f06acb2080b8.bin,152,734,datacopy/UCSB/ec234c6a74e879b634bb7af978c5f06acb2080b8.bin,24
4579,5171f2d96369c076fec66145f9be32ccde4f8b75.bin,152,734,datacopy/UCSB/5171f2d96369c076fec66145f9be32ccde4f8b75.bin,24
4580,e25378bd1f5a864ed12e80bd4d7481d8c6eae04d.bin,152,734,datacopy/UCSB/e25378bd1f5a864ed12e80bd4d7481d8c6eae04d.bin,24
4581,d9132e650b6381924dfaef26d577be657798739d.bin,152,734,datacopy/UCSB/d9132e650b6381924dfaef26d577be657798739d.bin,24
4582,45608d170b1e5dd9d65dffc3abfbc16bbcd1e11b.bin,152,734,datacopy/UCSB/45608d170b1e5dd9d65dffc3abfbc16bbcd1e11b.bin,24
4583,4765f6c1ec7adf13bb9b3e1d20fb4550a7ef70f4.bin,152,734,datacopy/UCSB/4765f6c1ec7adf13bb9b3e1d20fb4550a7ef70f4.bin,24
4584,7b9277f4f0a4cbe13bb74f08dd0b0d7f83a5c661.bin,152,734,datacopy/UCSB/7b9277f4f0a4cbe13bb74f08dd0b0d7f83a5c661.bin,24
4585,6f2faf1e5f913f192f9fc7a5bb07af4284c0fb5f.bin,152,734,datacopy/UCSB/6f2faf1e5f913f192f9fc7a5bb07af4284c0fb5f.bin,24
4586,2403b5127dc2087773479cc43ceb265a27f87f0d.bin,152,734,datacopy/UCSB/2403b5127dc2087773479cc43ceb265a27f87f0d.bin,24
4587,0f51ef8746162b6a29dec32a918dc91ffca07181.bin,152,734,datacopy/UCSB/0f51ef8746162b6a29dec32a918dc91ffca07181.bin,24
4588,30687cd2a5a9a7e420a21b2742bb70285df1b9df.bin,152,734,datacopy/UCSB/30687cd2a5a9a7e420a21b2742bb70285df1b9df.bin,24
4589,b1ca4ea60bebc3699eb2e96a76ab0d55349a3627.bin,152,734,datacopy/UCSB/b1ca4ea60bebc3699eb2e96a76ab0d55349a3627.bin,24
4590,b37f7703ee87fb2be849f274a8f8480d4b21e391.bin,152,734,datacopy/UCSB/b37f7703ee87fb2be849f274a8f8480d4b21e391.bin,24
4591,2abaa90fd217ba45b5fbe59ed77cd4aa63e37a65.bin,152,734,datacopy/UCSB/2abaa90fd217ba45b5fbe59ed77cd4aa63e37a65.bin,24
4592,cd51d503863e073b3d1b14b0cc8566994e9b412c.bin,152,734,datacopy/UCSB/cd51d503863e073b3d1b14b0cc8566994e9b412c.bin,24
4593,2dd58c36933ca510caf01dd9d5be9190c70ccb4c.bin,152,734,datacopy/UCSB/2dd58c36933ca510caf01dd9d5be9190c70ccb4c.bin,24
4594,650e70fcd0be03ad4ba22ed2a0bbbb2a2b8b8e5a.bin,152,734,datacopy/UCSB/650e70fcd0be03ad4ba22ed2a0bbbb2a2b8b8e5a.bin,24
4595,a0c8d820e5114d5e32a625fd2c08f2a0eed41064.bin,152,734,datacopy/UCSB/a0c8d820e5114d5e32a625fd2c08f2a0eed41064.bin,24
4596,43d80e7f24a6593bd47ad410f6f5dbacc1670860.bin,152,734,datacopy/UCSB/43d80e7f24a6593bd47ad410f6f5dbacc1670860.bin,24
4597,25a29396aefcd30bd4409f742684ecb93ef8cd85.bin,152,734,datacopy/UCSB/25a29396aefcd30bd4409f742684ecb93ef8cd85.bin,24
4598,f05a3b3fd94aa8792784a25c5d29fe7faaa309ea.bin,152,734,datacopy/UCSB/f05a3b3fd94aa8792784a25c5d29fe7faaa309ea.bin,24
4599,464b81b77cd21e0625c41e9c34f9e547982c77da.bin,152,734,datacopy/UCSB/464b81b77cd21e0625c41e9c34f9e547982c77da.bin,24
4600,2bce7d2365b4d8f784c55033a37c9019b61b0cb7.bin,152,734,datacopy/UCSB/2bce7d2365b4d8f784c55033a37c9019b61b0cb7.bin,24
4601,fdcbace84ad2eb298bd382428de746f522fed9f1.bin,152,734,datacopy/UCSB/fdcbace84ad2eb298bd382428de746f522fed9f1.bin,24
4602,8cf0d7ca01b06a8d63f0d3ef550d5129c05903c2.bin,152,734,datacopy/UCSB/8cf0d7ca01b06a8d63f0d3ef550d5129c05903c2.bin,24
4603,16e5cb9cea0c0b2e77f5d56ef4ccd3472e41ff61.bin,152,734,datacopy/UCSB/16e5cb9cea0c0b2e77f5d56ef4ccd3472e41ff61.bin,24
4604,7b3dffa05f2c610baa395c1a0a1d138c2820495b.bin,152,734,datacopy/UCSB/7b3dffa05f2c610baa395c1a0a1d138c2820495b.bin,24
4605,10f9d4b1d1b216e39089f84fc926ce4f64e8990b.bin,152,734,datacopy/UCSB/10f9d4b1d1b216e39089f84fc926ce4f64e8990b.bin,24
4606,04ef87647585e9a792ad04ff2a2db0fadc6599e3.bin,152,734,datacopy/UCSB/04ef87647585e9a792ad04ff2a2db0fadc6599e3.bin,24
4607,97b13db0ce2d02c1a96072967745dff8c3db7ed3.bin,152,734,datacopy/UCSB/97b13db0ce2d02c1a96072967745dff8c3db7ed3.bin,24
4608,ad74192bf21b26426127e5bb10472713b6a0a1bd.bin,152,734,datacopy/UCSB/ad74192bf21b26426127e5bb10472713b6a0a1bd.bin,24
4609,5c4117b003879e57bef872d46d35fac7ef6e09a0.bin,152,734,datacopy/UCSB/5c4117b003879e57bef872d46d35fac7ef6e09a0.bin,24
4610,86ad3055e9aa723c782150c96f31fecf06b7b894.bin,152,734,datacopy/UCSB/86ad3055e9aa723c782150c96f31fecf06b7b894.bin,24
4611,b1f74b51a65961e6c87c3f591fa917577e404b75.bin,152,734,datacopy/UCSB/b1f74b51a65961e6c87c3f591fa917577e404b75.bin,24
4612,8366fc5ad33304ec85aed8a46c05ac0d07445a5a.bin,152,734,datacopy/UCSB/8366fc5ad33304ec85aed8a46c05ac0d07445a5a.bin,24
4613,0da7614c630c45370df6fd5288b96f9e0362340b.bin,152,734,datacopy/UCSB/0da7614c630c45370df6fd5288b96f9e0362340b.bin,24
4614,465add44afe58c8aff60aaf96a159c9c537c52d5.bin,152,734,datacopy/UCSB/465add44afe58c8aff60aaf96a159c9c537c52d5.bin,24
4615,d4d73d8d52cd619a1335a2920b08304cb2b96963.bin,152,734,datacopy/UCSB/d4d73d8d52cd619a1335a2920b08304cb2b96963.bin,24
4616,103d201cd769e7ba7e2b724f2665755a0502c054.bin,152,734,datacopy/UCSB/103d201cd769e7ba7e2b724f2665755a0502c054.bin,24
4617,b34cfab8800357377a7c4731300229d51de1a078.bin,152,734,datacopy/UCSB/b34cfab8800357377a7c4731300229d51de1a078.bin,24
4618,6d048ba5e7a3056393210f748865b9b4d8f4e0b4.bin,152,734,datacopy/UCSB/6d048ba5e7a3056393210f748865b9b4d8f4e0b4.bin,24
4619,51ef40b7b72ccfec5f552fa6ae54b5070b2415a0.bin,152,734,datacopy/UCSB/51ef40b7b72ccfec5f552fa6ae54b5070b2415a0.bin,24
4620,0f1fdb5b51858f602312b4ecc30623b2a16db8dd.bin,152,734,datacopy/UCSB/0f1fdb5b51858f602312b4ecc30623b2a16db8dd.bin,24
4621,ff0700614e8945c1ec7e4f58e27fe543f1609f77.bin,152,734,datacopy/UCSB/ff0700614e8945c1ec7e4f58e27fe543f1609f77.bin,24
4622,1d259c849d4f0b68aebb6ff82cc58bae6a979113.bin,152,734,datacopy/UCSB/1d259c849d4f0b68aebb6ff82cc58bae6a979113.bin,24
4623,03b6c1eeacdb31f1cb919c2e7e7f9cea1fdcf4e8.bin,152,734,datacopy/UCSB/03b6c1eeacdb31f1cb919c2e7e7f9cea1fdcf4e8.bin,24
4624,38ee6b6037b00510d21321e8fd439818935888f0.bin,152,734,datacopy/UCSB/38ee6b6037b00510d21321e8fd439818935888f0.bin,24
4625,984b2cad08f860b921547d2489abac47c0c5b8c4.bin,152,734,datacopy/UCSB/984b2cad08f860b921547d2489abac47c0c5b8c4.bin,24
4626,438aa4576c2758555555364cb9c1164cb97e18d7.bin,152,734,datacopy/UCSB/438aa4576c2758555555364cb9c1164cb97e18d7.bin,24
4627,0b7b0a18ec16e5d5377cb2e97fbf9203ce7689ee.bin,152,734,datacopy/UCSB/0b7b0a18ec16e5d5377cb2e97fbf9203ce7689ee.bin,24
4628,f160b8d207a1a22fb75e8042fea5be7f80797801.bin,152,734,datacopy/UCSB/f160b8d207a1a22fb75e8042fea5be7f80797801.bin,24
4629,2b898ebb8bb30bc5c12d737a1158149ce50085d9.bin,152,734,datacopy/UCSB/2b898ebb8bb30bc5c12d737a1158149ce50085d9.bin,24
4630,92ab8de8aa4b8755b09a239b4a4f53015c0cbc36.bin,152,734,datacopy/UCSB/92ab8de8aa4b8755b09a239b4a4f53015c0cbc36.bin,24
4631,0e6f6493fd0c9b35b65bf5c7bfe6f5fc2727772c.bin,152,734,datacopy/UCSB/0e6f6493fd0c9b35b65bf5c7bfe6f5fc2727772c.bin,24
4632,7b554289588a038763b10b7d66fc4a26b7489dbf.bin,152,734,datacopy/UCSB/7b554289588a038763b10b7d66fc4a26b7489dbf.bin,24
4633,55c6d00059250bae67d74f7c1dc79b207d8d8c93.bin,152,734,datacopy/UCSB/55c6d00059250bae67d74f7c1dc79b207d8d8c93.bin,24
4634,f1162f14347c6409255e562e7e3c89ccf8386a17.bin,152,734,datacopy/UCSB/f1162f14347c6409255e562e7e3c89ccf8386a17.bin,24
4635,6d1d60072dea9a2e6d71b4f6c6042547e82038e6.bin,152,734,datacopy/UCSB/6d1d60072dea9a2e6d71b4f6c6042547e82038e6.bin,24
4636,2f6acbb1bdaecc04790f811a91f6454378fe8795.bin,152,734,datacopy/UCSB/2f6acbb1bdaecc04790f811a91f6454378fe8795.bin,24
4637,d69b658eb93be47ef6bf774f66dcb7bd3f351e56.bin,152,734,datacopy/UCSB/d69b658eb93be47ef6bf774f66dcb7bd3f351e56.bin,24
4638,422527d20c037dab9f38d97d2f3ae8a9dd7b4f0e.bin,152,734,datacopy/UCSB/422527d20c037dab9f38d97d2f3ae8a9dd7b4f0e.bin,24
4639,41cd44008f2d942c2da6254c0ee4c314131574d1.bin,152,734,datacopy/UCSB/41cd44008f2d942c2da6254c0ee4c314131574d1.bin,24
4640,c14eb76efd5225158cc979b0ae91a5c0321f40b8.bin,152,734,datacopy/UCSB/c14eb76efd5225158cc979b0ae91a5c0321f40b8.bin,24
4641,c3e36c5a96cf66ccc4cd258560bfff996606ed1b.bin,152,734,datacopy/UCSB/c3e36c5a96cf66ccc4cd258560bfff996606ed1b.bin,24
4642,bce18a76aaa32a790f9074798da47ac7d50d51b8.bin,152,734,datacopy/UCSB/bce18a76aaa32a790f9074798da47ac7d50d51b8.bin,24
4643,970bc975987302b30cc29a0710e682ceb0698714.bin,152,734,datacopy/UCSB/970bc975987302b30cc29a0710e682ceb0698714.bin,24
4644,9dc5f24af8fe88240cbd4ff48beb3771fdb38f4e.bin,152,734,datacopy/UCSB/9dc5f24af8fe88240cbd4ff48beb3771fdb38f4e.bin,24
4645,9aa6948dc37ec4572084b75ea6380234435eef5d.bin,152,734,datacopy/UCSB/9aa6948dc37ec4572084b75ea6380234435eef5d.bin,24
4646,c9e521abe1abbed31976c34fba58c6bc557fc251.bin,152,734,datacopy/UCSB/c9e521abe1abbed31976c34fba58c6bc557fc251.bin,24
4647,23de380535fa95b5bad7d2d6148f757c3a99936e.bin,152,734,datacopy/UCSB/23de380535fa95b5bad7d2d6148f757c3a99936e.bin,24
4648,f4c8b320ba015594d2dd8b266d35ea51e23ff9a8.bin,152,734,datacopy/UCSB/f4c8b320ba015594d2dd8b266d35ea51e23ff9a8.bin,24
4649,edcb3a9275a0bbfb8735e15a1e8c14e8cb758770.bin,152,734,datacopy/UCSB/edcb3a9275a0bbfb8735e15a1e8c14e8cb758770.bin,24
4650,461d84b88fd65daa1f9131ce47bacac8c2731077.bin,152,734,datacopy/UCSB/461d84b88fd65daa1f9131ce47bacac8c2731077.bin,24
4651,23db3ef613517bb7fb6af50857b614e677b68008.bin,152,734,datacopy/UCSB/23db3ef613517bb7fb6af50857b614e677b68008.bin,24
4652,a47bda803b60e3c4784bd2d8267a3fb30c019d6b.bin,152,734,datacopy/UCSB/a47bda803b60e3c4784bd2d8267a3fb30c019d6b.bin,24
4653,fd0e13d36fddb632a13aa72ac2d0a7396caef366.bin,152,734,datacopy/UCSB/fd0e13d36fddb632a13aa72ac2d0a7396caef366.bin,24
4654,e5c56f87e81675b35cd17d2d84287c44fa2d8af1.bin,152,734,datacopy/UCSB/e5c56f87e81675b35cd17d2d84287c44fa2d8af1.bin,24
4655,6e67b340e8f606daac1d8da394181963866004ff.bin,152,734,datacopy/UCSB/6e67b340e8f606daac1d8da394181963866004ff.bin,24
4656,55c84038bf28b89117487f2456294626550a8530.bin,152,734,datacopy/UCSB/55c84038bf28b89117487f2456294626550a8530.bin,24
4657,597a716a79d02eb126b54e369907bd8b21c0f2cc.bin,152,734,datacopy/UCSB/597a716a79d02eb126b54e369907bd8b21c0f2cc.bin,24
4658,795f8e06aa191ce55a449f4739fef6bce91363be.bin,152,734,datacopy/UCSB/795f8e06aa191ce55a449f4739fef6bce91363be.bin,24
4659,ea552e0ebe0119b585703a7cdbdd336475b0eec4.bin,152,734,datacopy/UCSB/ea552e0ebe0119b585703a7cdbdd336475b0eec4.bin,24
4660,9c8801815476f792b57e2b07a23978163ac8c024.bin,152,734,datacopy/UCSB/9c8801815476f792b57e2b07a23978163ac8c024.bin,24
4661,4b34162cc8c8649922bf61e0f4b73aa575d17477.bin,152,734,datacopy/UCSB/4b34162cc8c8649922bf61e0f4b73aa575d17477.bin,24
4662,288e0f463f042cf6dd936af04795b5fbb096876f.bin,152,734,datacopy/UCSB/288e0f463f042cf6dd936af04795b5fbb096876f.bin,24
4663,d8e471deb1f9a9df72957f0b5fecc541a2195a2a.bin,152,734,datacopy/UCSB/d8e471deb1f9a9df72957f0b5fecc541a2195a2a.bin,24
4664,90cd59ae77d73a607a2e5deb590ef7d5e8fa08fb.bin,152,734,datacopy/UCSB/90cd59ae77d73a607a2e5deb590ef7d5e8fa08fb.bin,24
4665,f1d2915bb47ae88a4c8ae99db7b5ac08eb8dba60.bin,152,734,datacopy/UCSB/f1d2915bb47ae88a4c8ae99db7b5ac08eb8dba60.bin,24
4666,b7000c65039ae7c5a80b1f3d7970d5c0155f3e2a.bin,152,734,datacopy/UCSB/b7000c65039ae7c5a80b1f3d7970d5c0155f3e2a.bin,24
4667,7dfc48ce2def7e8537a9dd21cce4fde5c782b2e5.bin,152,734,datacopy/UCSB/7dfc48ce2def7e8537a9dd21cce4fde5c782b2e5.bin,24
4668,30e6d541ce0f3317664544e9995d087ab09d887d.bin,152,734,datacopy/UCSB/30e6d541ce0f3317664544e9995d087ab09d887d.bin,24
4669,373ec74ace69af923b1480747015c2c4e60ac5f7.bin,152,734,datacopy/UCSB/373ec74ace69af923b1480747015c2c4e60ac5f7.bin,24
4670,5f545403a93a500b030d5578e6c551cbb630debf.bin,152,734,datacopy/UCSB/5f545403a93a500b030d5578e6c551cbb630debf.bin,24
4671,bdbd088a4c5b905e776160ca6c40137209c52a4e.bin,152,734,datacopy/UCSB/bdbd088a4c5b905e776160ca6c40137209c52a4e.bin,24
4672,99f7847348589c4f2285acc99c1883076bc72456.bin,152,734,datacopy/UCSB/99f7847348589c4f2285acc99c1883076bc72456.bin,24
4673,21abaf7b27a889e8f78c91d1c7c460c521eda9ef.bin,152,734,datacopy/UCSB/21abaf7b27a889e8f78c91d1c7c460c521eda9ef.bin,24
4674,c96aff3fae1cd26cbfebb4ac8b0e3b13ec174df1.bin,152,734,datacopy/UCSB/c96aff3fae1cd26cbfebb4ac8b0e3b13ec174df1.bin,24
4675,1db35444a48c6902bcc732f1863b355cad2d61ac.bin,152,734,datacopy/UCSB/1db35444a48c6902bcc732f1863b355cad2d61ac.bin,24
4676,84a42f88edc34755b656496e84c4d8f450ce22d6.bin,152,734,datacopy/UCSB/84a42f88edc34755b656496e84c4d8f450ce22d6.bin,24
4677,68ed47f114e3be007de34f26e681f413395d70c6.bin,152,734,datacopy/UCSB/68ed47f114e3be007de34f26e681f413395d70c6.bin,24
4678,0b162c8eafc399117d829053b2be6eec115f2e6c.bin,152,734,datacopy/UCSB/0b162c8eafc399117d829053b2be6eec115f2e6c.bin,24
4679,9bde63440f7779b3fb61c056a8c6f9c91ea779e8.bin,152,734,datacopy/UCSB/9bde63440f7779b3fb61c056a8c6f9c91ea779e8.bin,24
4680,37dbce842721f0acb6fc2e0e5ee956d5c2c17bba.bin,152,734,datacopy/UCSB/37dbce842721f0acb6fc2e0e5ee956d5c2c17bba.bin,24
4681,5f0c53f1b3a3d241e7df79f46cf52ea9745df16f.bin,152,734,datacopy/UCSB/5f0c53f1b3a3d241e7df79f46cf52ea9745df16f.bin,24
4682,2435954d7294d0a939e8e5b247649a242ac48c28.bin,152,734,datacopy/UCSB/2435954d7294d0a939e8e5b247649a242ac48c28.bin,24
4683,0b08001cd62431875e437bd2fad5265b204a69ad.bin,152,734,datacopy/UCSB/0b08001cd62431875e437bd2fad5265b204a69ad.bin,24
4684,9b52fd45a96c75a341aca386dbc9fba01a827c5f.bin,152,734,datacopy/UCSB/9b52fd45a96c75a341aca386dbc9fba01a827c5f.bin,24
4685,81a65c9ad716511e379b9d87cc212f887cb9c533.bin,152,734,datacopy/UCSB/81a65c9ad716511e379b9d87cc212f887cb9c533.bin,24
4686,a089d4b16113b66125b5ca361092589d3c42f0dc.bin,152,734,datacopy/UCSB/a089d4b16113b66125b5ca361092589d3c42f0dc.bin,24
4687,7f8d7ef3268561b685cbcfb535d604733ab89579.bin,152,734,datacopy/UCSB/7f8d7ef3268561b685cbcfb535d604733ab89579.bin,24
4688,39d2c382291c08e1de857d65a6d9f6bf6b858931.bin,152,734,datacopy/UCSB/39d2c382291c08e1de857d65a6d9f6bf6b858931.bin,24
4689,1e1e36e91113c64b05f05cddfc53d14aa188f1df.bin,152,734,datacopy/UCSB/1e1e36e91113c64b05f05cddfc53d14aa188f1df.bin,24
4690,63eca9988671b3fe13861a1ca2df33735b18061a.bin,152,734,datacopy/UCSB/63eca9988671b3fe13861a1ca2df33735b18061a.bin,24
4691,6cfce4d24d5598239216e411b76391375248790c.bin,152,734,datacopy/UCSB/6cfce4d24d5598239216e411b76391375248790c.bin,24
4692,2e6b240551c733f8b3e2e1af208182f6d91cbeea.bin,152,734,datacopy/UCSB/2e6b240551c733f8b3e2e1af208182f6d91cbeea.bin,24
4693,ab2b2e4dfeee9fc43dfd3e165a3b699f36965b91.bin,152,734,datacopy/UCSB/ab2b2e4dfeee9fc43dfd3e165a3b699f36965b91.bin,24
4694,6e6454b68462f9c23cdd05a16968138002d859cc.bin,152,734,datacopy/UCSB/6e6454b68462f9c23cdd05a16968138002d859cc.bin,24
4695,383b97073d01fd568f1a068eaaf6b75a951f7057.bin,152,734,datacopy/UCSB/383b97073d01fd568f1a068eaaf6b75a951f7057.bin,24
4696,6ed9ae27945496bee10a972d2bcb59a9be22d9ff.bin,152,734,datacopy/UCSB/6ed9ae27945496bee10a972d2bcb59a9be22d9ff.bin,24
4697,f26c4a914698ddbf8b9921ac4083c645559dc674.bin,152,734,datacopy/UCSB/f26c4a914698ddbf8b9921ac4083c645559dc674.bin,24
4698,280b91d9382136f53699b4ebce6d293b85390662.bin,152,734,datacopy/UCSB/280b91d9382136f53699b4ebce6d293b85390662.bin,24
4699,cdd1a1d4ed1a6db9db033faed0371edf1dfde37f.bin,152,734,datacopy/UCSB/cdd1a1d4ed1a6db9db033faed0371edf1dfde37f.bin,24
4700,479c10fbad06f0b32d43a9374bd2b93222dece4d.bin,152,734,datacopy/UCSB/479c10fbad06f0b32d43a9374bd2b93222dece4d.bin,24
4701,51ef478417326da3e7e3ffb434baf6f8fbcf72c9.bin,152,734,datacopy/UCSB/51ef478417326da3e7e3ffb434baf6f8fbcf72c9.bin,24
4702,b7c3e573c05d2bc023309756cf7af09acc980b97.bin,152,734,datacopy/UCSB/b7c3e573c05d2bc023309756cf7af09acc980b97.bin,24
4703,896c92862cd4494314d28d4a5ddfb1cc619143ec.bin,152,734,datacopy/UCSB/896c92862cd4494314d28d4a5ddfb1cc619143ec.bin,24
4704,a1cda9639dc6000e317e1841f54b7ccf0ec840a7.bin,152,734,datacopy/UCSB/a1cda9639dc6000e317e1841f54b7ccf0ec840a7.bin,24
4705,453bf39d58f4a32c3d6cef251b527710d3c4ce3a.bin,152,734,datacopy/UCSB/453bf39d58f4a32c3d6cef251b527710d3c4ce3a.bin,24
4706,2475bdab1de6bbf5bed97b568fbdabf849a1fd17.bin,152,734,datacopy/UCSB/2475bdab1de6bbf5bed97b568fbdabf849a1fd17.bin,24
4707,f34973d5057e72c9b3ef61d75863fcc9a978a34a.bin,152,734,datacopy/UCSB/f34973d5057e72c9b3ef61d75863fcc9a978a34a.bin,24
4708,bde6dd5a67b0febe0938dc53c2c2753bbd4732ba.bin,152,734,datacopy/UCSB/bde6dd5a67b0febe0938dc53c2c2753bbd4732ba.bin,24
4709,ef06c36cf7b379902343ac823d4b86a2f0b0ea36.bin,152,734,datacopy/UCSB/ef06c36cf7b379902343ac823d4b86a2f0b0ea36.bin,24
4710,3363515d1eb0d1f0c848eb5e6075b615c72667f5.bin,152,734,datacopy/UCSB/3363515d1eb0d1f0c848eb5e6075b615c72667f5.bin,24
4711,576601e7425f4b023acb63d74b2c52c346d5a49f.bin,152,734,datacopy/UCSB/576601e7425f4b023acb63d74b2c52c346d5a49f.bin,24
4712,3f2f9765e9521430ee9b9b80c5a0e92168d7b444.bin,152,734,datacopy/UCSB/3f2f9765e9521430ee9b9b80c5a0e92168d7b444.bin,24
4713,1e3e785efe5176668083c1c317b7807a70577b31.bin,152,734,datacopy/UCSB/1e3e785efe5176668083c1c317b7807a70577b31.bin,24
4714,706475582c398463369af765b30d35bcad450687.bin,152,734,datacopy/UCSB/706475582c398463369af765b30d35bcad450687.bin,24
4715,d2d8e7a3f45e2e6d9bfe4f4758658215faf9d72e.bin,152,734,datacopy/UCSB/d2d8e7a3f45e2e6d9bfe4f4758658215faf9d72e.bin,24
4716,7d32c3909cf61f4f1f3b55ca6dcee5c264d50d1b.bin,152,734,datacopy/UCSB/7d32c3909cf61f4f1f3b55ca6dcee5c264d50d1b.bin,24
4717,04d0c7e74a93fe5e2b19485215ef5c5b7e45083a.bin,152,734,datacopy/UCSB/04d0c7e74a93fe5e2b19485215ef5c5b7e45083a.bin,24
4718,d48883ee7dcf87fe27fcd3ac1a72ddd174b1b917.bin,152,734,datacopy/UCSB/d48883ee7dcf87fe27fcd3ac1a72ddd174b1b917.bin,24
4719,6f2b8c26553280acc5a546ccb50c106481de1334.bin,152,734,datacopy/UCSB/6f2b8c26553280acc5a546ccb50c106481de1334.bin,24
4720,790103b434739d8064051efd6c1bb0d8fe4e8283.bin,152,734,datacopy/UCSB/790103b434739d8064051efd6c1bb0d8fe4e8283.bin,24
4721,425fcf155ff2e586434dd19625565661771c1e54.bin,152,734,datacopy/UCSB/425fcf155ff2e586434dd19625565661771c1e54.bin,24
4722,4d2ab6caac9e5d53a8c167ab37670ab5ebb1e2f7.bin,152,734,datacopy/UCSB/4d2ab6caac9e5d53a8c167ab37670ab5ebb1e2f7.bin,24
4723,c3df6a7696a81ed2666d2f6fa8675fed63c8a5bf.bin,152,734,datacopy/UCSB/c3df6a7696a81ed2666d2f6fa8675fed63c8a5bf.bin,24
4724,73909c5d0f70e42bafa4731b933a4a9ee5e47012.bin,152,734,datacopy/UCSB/73909c5d0f70e42bafa4731b933a4a9ee5e47012.bin,24
4725,65deb022c6f17af8486dda1d31545b292751fbed.bin,152,734,datacopy/UCSB/65deb022c6f17af8486dda1d31545b292751fbed.bin,24
4726,81160692f5505fb7c7a786ee036c7ff9acde7970.bin,152,734,datacopy/UCSB/81160692f5505fb7c7a786ee036c7ff9acde7970.bin,24
4727,22bd21071258156d42d449d7beffcc85cb4db483.bin,152,734,datacopy/UCSB/22bd21071258156d42d449d7beffcc85cb4db483.bin,24
4728,3bf80e36885288b2d1bd68313864ee02938f9795.bin,152,734,datacopy/UCSB/3bf80e36885288b2d1bd68313864ee02938f9795.bin,24
4729,c69a13039516ff756bc4fd3ba654b9401622c3d4.bin,152,734,datacopy/UCSB/c69a13039516ff756bc4fd3ba654b9401622c3d4.bin,24
4730,7e96f8b4da91c92ed80be2cda7eaf2182acbe300.codex,152,734,datacopy/CodexGiga/7e96f8b4da91c92ed80be2cda7eaf2182acbe300.codex,24
4731,eb95ecbf4e382aba4fd02862dfcb69a2a839324d.codex,152,734,datacopy/CodexGiga/eb95ecbf4e382aba4fd02862dfcb69a2a839324d.codex,24
4732,060f7036db4e1483e6fb3ca51658ce9d5690c69f.codex,152,734,datacopy/CodexGiga/060f7036db4e1483e6fb3ca51658ce9d5690c69f.codex,24
4733,fd4fc9439e932952dfb9ef5ce25312aeb70358b1.codex,152,734,datacopy/CodexGiga/fd4fc9439e932952dfb9ef5ce25312aeb70358b1.codex,24
4734,5b5bce07b669039db3b8738538fad9cd898a9807.codex,152,734,datacopy/CodexGiga/5b5bce07b669039db3b8738538fad9cd898a9807.codex,24
4735,279aa3b5b8adc901663c03fc0228848e8cd15782.codex,152,734,datacopy/CodexGiga/279aa3b5b8adc901663c03fc0228848e8cd15782.codex,24
4736,122c44e187a746c19b14db6da96db9aa79007f64.codex,152,734,datacopy/CodexGiga/122c44e187a746c19b14db6da96db9aa79007f64.codex,24
4737,25ffce14e327180221b6f127aa3022cb95b73768.codex,152,734,datacopy/CodexGiga/25ffce14e327180221b6f127aa3022cb95b73768.codex,24
4738,a87e52e413a3407dc5284e090a636680979592cc.codex,152,734,datacopy/CodexGiga/a87e52e413a3407dc5284e090a636680979592cc.codex,24
4739,5bc988d3e354fd09ef8c38ec0e2ebd3a80cc119b.codex,152,734,datacopy/CodexGiga/5bc988d3e354fd09ef8c38ec0e2ebd3a80cc119b.codex,24
4740,8a7d4dff925aab64beb5ddd906014e6cd8675f66.codex,152,734,datacopy/CodexGiga/8a7d4dff925aab64beb5ddd906014e6cd8675f66.codex,24
4741,1c72d33f8a44650078f5c125e03511c383798136.codex,152,734,datacopy/CodexGiga/1c72d33f8a44650078f5c125e03511c383798136.codex,24
4742,82459c4e706dd815406323baaaf1fc389ca72c07.codex,152,734,datacopy/CodexGiga/82459c4e706dd815406323baaaf1fc389ca72c07.codex,24
4743,36904a4c7aac6369542d205afc61566786f2e7e2.codex,152,734,datacopy/CodexGiga/36904a4c7aac6369542d205afc61566786f2e7e2.codex,24
4744,6b93386ba19c23fc031308da9c245e4e745bbb3e.codex,152,734,datacopy/CodexGiga/6b93386ba19c23fc031308da9c245e4e745bbb3e.codex,24
4745,a1262b8b6bef47c81042ebe70f57deb1fef4f4e7.codex,152,734,datacopy/CodexGiga/a1262b8b6bef47c81042ebe70f57deb1fef4f4e7.codex,24
4746,4da530701e92158c497b4e8ef61de4479689763e.codex,152,734,datacopy/CodexGiga/4da530701e92158c497b4e8ef61de4479689763e.codex,24
4747,15ad7632407efec5f67c078e2d283d6a68af96e1.codex,152,734,datacopy/CodexGiga/15ad7632407efec5f67c078e2d283d6a68af96e1.codex,24
4748,c03240f59a68120c921a8f226981e374e3dcceef.codex,152,734,datacopy/CodexGiga/c03240f59a68120c921a8f226981e374e3dcceef.codex,24
4749,85b76ba0984d5ccd1c94a22ff25624bdd0fc2ca8.codex,152,734,datacopy/CodexGiga/85b76ba0984d5ccd1c94a22ff25624bdd0fc2ca8.codex,24
4750,6d9221e8cdd0e7e2d1453ffe49cfa8ae5de0636e.codex,152,734,datacopy/CodexGiga/6d9221e8cdd0e7e2d1453ffe49cfa8ae5de0636e.codex,24
4751,c43ab46a09311af551d8748533f936564d0789f8.codex,152,734,datacopy/CodexGiga/c43ab46a09311af551d8748533f936564d0789f8.codex,24
4752,8cd23ec0aeba7b80b2b50b1cf820c3bcc02e03c0.codex,152,734,datacopy/CodexGiga/8cd23ec0aeba7b80b2b50b1cf820c3bcc02e03c0.codex,24
4753,dd28c979bfa39a9aae496930f3604852fabf1505.codex,152,734,datacopy/CodexGiga/dd28c979bfa39a9aae496930f3604852fabf1505.codex,24
4754,c3be3a8a181f5b26fe816effe8c90453e3fd6278.codex,152,734,datacopy/CodexGiga/c3be3a8a181f5b26fe816effe8c90453e3fd6278.codex,24
4755,379445450d144ffba2226b983017ebafb6d2d6fb.codex,152,734,datacopy/CodexGiga/379445450d144ffba2226b983017ebafb6d2d6fb.codex,24
4756,436559ddc0bea5f20d282bb0d1148ae88893c9b0.codex,152,734,datacopy/CodexGiga/436559ddc0bea5f20d282bb0d1148ae88893c9b0.codex,24
4757,acc13efb8f387cc5f7db9fcec971050cdd6186e0.codex,152,734,datacopy/CodexGiga/acc13efb8f387cc5f7db9fcec971050cdd6186e0.codex,24
4758,cd6ad67d8e04945beb8c7bbf734158495c54ee29.codex,152,734,datacopy/CodexGiga/cd6ad67d8e04945beb8c7bbf734158495c54ee29.codex,24
4759,9076608ecf15dbd0fdff609c51842e38479dc55e.codex,152,734,datacopy/CodexGiga/9076608ecf15dbd0fdff609c51842e38479dc55e.codex,24
4760,fd78201a8b50582430a34aed22ee9fc4ff9c9c3b.codex,152,734,datacopy/CodexGiga/fd78201a8b50582430a34aed22ee9fc4ff9c9c3b.codex,24
4761,fcc620a4af57353816369f839de335baf53da02b.codex,152,734,datacopy/CodexGiga/fcc620a4af57353816369f839de335baf53da02b.codex,24
4762,3da57be4444713273649e4b0b3da756af1e72efc.codex,152,734,datacopy/CodexGiga/3da57be4444713273649e4b0b3da756af1e72efc.codex,24
4763,f92214ff9b2970dc79272199051acf89980bdd4f.codex,152,734,datacopy/CodexGiga/f92214ff9b2970dc79272199051acf89980bdd4f.codex,24
4764,7d9b9c1c6bf6184650923baa05821ab9199e67c0.codex,152,734,datacopy/CodexGiga/7d9b9c1c6bf6184650923baa05821ab9199e67c0.codex,24
4765,67ebfd7e4e1ba3c6bb4663ba7321aba68d2a8341.codex,152,734,datacopy/CodexGiga/67ebfd7e4e1ba3c6bb4663ba7321aba68d2a8341.codex,24
4766,b6c8c28eaeb5a7c591ed3a1bb168b4aa4ff423dc.codex,152,734,datacopy/CodexGiga/b6c8c28eaeb5a7c591ed3a1bb168b4aa4ff423dc.codex,24
4767,93cebdcc49ed254a1d4f16e4e8201832828e440e.codex,152,734,datacopy/CodexGiga/93cebdcc49ed254a1d4f16e4e8201832828e440e.codex,24
4768,0c7ea1c90924beed04ba0281a11d7350f79c26f5.codex,152,734,datacopy/CodexGiga/0c7ea1c90924beed04ba0281a11d7350f79c26f5.codex,24
4769,b87ae231c0a79f865f6fe838b17b9263e114b1a8.codex,152,734,datacopy/CodexGiga/b87ae231c0a79f865f6fe838b17b9263e114b1a8.codex,24
4770,e0fee9ccd0368f6f3acf0e9f2885dccd8f8b5359.codex,152,734,datacopy/CodexGiga/e0fee9ccd0368f6f3acf0e9f2885dccd8f8b5359.codex,24
4771,65952b8eeff287a8f775bf8a5ad23b75b42f22c4.codex,152,734,datacopy/CodexGiga/65952b8eeff287a8f775bf8a5ad23b75b42f22c4.codex,24
4772,8b3ea99e735994e249cc026fbdaf2cd9a7f053ff.codex,152,734,datacopy/CodexGiga/8b3ea99e735994e249cc026fbdaf2cd9a7f053ff.codex,24
4773,460d939d4616e74e4ee1a83d1bf53bea04164ec7.codex,152,734,datacopy/CodexGiga/460d939d4616e74e4ee1a83d1bf53bea04164ec7.codex,24
4774,28479323bf3028c37dbfe671f1f15389957e9bfb.codex,152,734,datacopy/CodexGiga/28479323bf3028c37dbfe671f1f15389957e9bfb.codex,24
4775,87537eecb764bcc4b367eec03f929f3fb88b7f51.codex,152,734,datacopy/CodexGiga/87537eecb764bcc4b367eec03f929f3fb88b7f51.codex,24
4776,d54579c3b1f822e6f4a6eccaf01d63a5dd3cd051.codex,152,734,datacopy/CodexGiga/d54579c3b1f822e6f4a6eccaf01d63a5dd3cd051.codex,24
4777,95e29fd832199a38d4ce8311d51776b420938fb8.codex,152,734,datacopy/CodexGiga/95e29fd832199a38d4ce8311d51776b420938fb8.codex,24
4778,0e42e72ffcddcebb9868e29c02ffe55646384bf9.codex,152,734,datacopy/CodexGiga/0e42e72ffcddcebb9868e29c02ffe55646384bf9.codex,24
4779,a08fbc3e537a94c1662be80d3970fd137a772c62.codex,152,734,datacopy/CodexGiga/a08fbc3e537a94c1662be80d3970fd137a772c62.codex,24
4780,17f309c0f617bffca67e21d29eb9b252af5b76e6.codex,152,734,datacopy/CodexGiga/17f309c0f617bffca67e21d29eb9b252af5b76e6.codex,24
4781,85b0b839c2f2c14ef3058629d0526679987bff95.codex,152,734,datacopy/CodexGiga/85b0b839c2f2c14ef3058629d0526679987bff95.codex,24
4782,e791e376afa6b555727ed534a69f85bfc0a744b5.codex,152,734,datacopy/CodexGiga/e791e376afa6b555727ed534a69f85bfc0a744b5.codex,24
4783,959a914f4f474f080ed277a83291a8888a36d426.codex,152,734,datacopy/CodexGiga/959a914f4f474f080ed277a83291a8888a36d426.codex,24
4784,b22503526b133fc797d064802532c70915387605.codex,152,734,datacopy/CodexGiga/b22503526b133fc797d064802532c70915387605.codex,24
4785,9d05972c6613e477d0a7c7a8690634ca49c09382.codex,152,734,datacopy/CodexGiga/9d05972c6613e477d0a7c7a8690634ca49c09382.codex,24
4786,f1b04a10c070cfdf29669f019072148286f25c2b.codex,152,734,datacopy/CodexGiga/f1b04a10c070cfdf29669f019072148286f25c2b.codex,24
4787,17b541c9f9a33464d6272276f7c398d58303b8f0.codex,152,734,datacopy/CodexGiga/17b541c9f9a33464d6272276f7c398d58303b8f0.codex,24
4788,fa8fc8996a1684502f159429fe6f164c3633314a.codex,152,734,datacopy/CodexGiga/fa8fc8996a1684502f159429fe6f164c3633314a.codex,24
4789,a7ad2eb3f58ac1f1292714104662e9f1e2b2f0ef.codex,152,734,datacopy/CodexGiga/a7ad2eb3f58ac1f1292714104662e9f1e2b2f0ef.codex,24
4790,fae910f1d2d2797beea25d0ec4f5ce9a3fad93d5.codex,152,734,datacopy/CodexGiga/fae910f1d2d2797beea25d0ec4f5ce9a3fad93d5.codex,24
4791,465fcec41bfa587e053d9634ed94c9bb5fbb5fdb.codex,152,734,datacopy/CodexGiga/465fcec41bfa587e053d9634ed94c9bb5fbb5fdb.codex,24
4792,511695343ef1f8e8e902a85b7dab640bed9acfdc.codex,152,734,datacopy/CodexGiga/511695343ef1f8e8e902a85b7dab640bed9acfdc.codex,24
4793,4b72656eceda858f9182ebc3464d4c1d6c6ed43c.codex,152,734,datacopy/CodexGiga/4b72656eceda858f9182ebc3464d4c1d6c6ed43c.codex,24
4794,a9d3b0c7533bc51945b43a5e463ca83cd1fcdc65.codex,152,734,datacopy/CodexGiga/a9d3b0c7533bc51945b43a5e463ca83cd1fcdc65.codex,24
4795,6789af0831f8e391b4008bee549dd7639d0e7ddc.codex,152,734,datacopy/CodexGiga/6789af0831f8e391b4008bee549dd7639d0e7ddc.codex,24
4796,a6c4a242ef5f5657d4c39ed7de075f0d6bcbaadf.codex,152,734,datacopy/CodexGiga/a6c4a242ef5f5657d4c39ed7de075f0d6bcbaadf.codex,24
4797,1b28e9816a0a2f5b8f6f8a0bbd12eef49751f29c.codex,152,734,datacopy/CodexGiga/1b28e9816a0a2f5b8f6f8a0bbd12eef49751f29c.codex,24
4798,8ec8588cecb9be291c6cad5663a4a0b6f3a8bbf5.codex,152,734,datacopy/CodexGiga/8ec8588cecb9be291c6cad5663a4a0b6f3a8bbf5.codex,24
4799,ab4c95a246821f70f9d518c048229c5a998c9380.codex,152,734,datacopy/CodexGiga/ab4c95a246821f70f9d518c048229c5a998c9380.codex,24
4800,69bd3bbb03b6e6fd4372fb1ed7d156278f1a58d6.codex,152,734,datacopy/CodexGiga/69bd3bbb03b6e6fd4372fb1ed7d156278f1a58d6.codex,24
4801,61916fec02fd047c324af5d51c2490313e70d0e2.codex,152,734,datacopy/CodexGiga/61916fec02fd047c324af5d51c2490313e70d0e2.codex,24
4802,47d70b403249914e752a3e88a188f50da34b3991.codex,152,734,datacopy/CodexGiga/47d70b403249914e752a3e88a188f50da34b3991.codex,24
4803,e75e240db6591c60baed2d9b96cb9197f740053f.codex,152,734,datacopy/CodexGiga/e75e240db6591c60baed2d9b96cb9197f740053f.codex,24
4804,534a6f0290d8ed5a83550877c540db212f947800.codex,152,734,datacopy/CodexGiga/534a6f0290d8ed5a83550877c540db212f947800.codex,24
4805,068e3310cb7c2864047de7a8fc273b6363f15133.codex,152,734,datacopy/CodexGiga/068e3310cb7c2864047de7a8fc273b6363f15133.codex,24
4806,a2fd7d2da71ca7df47bc89e850210ebf459aca0e.codex,152,734,datacopy/CodexGiga/a2fd7d2da71ca7df47bc89e850210ebf459aca0e.codex,24
4807,579922a30d95b4db218cae06a26ae0bc994fcc5e.codex,152,734,datacopy/CodexGiga/579922a30d95b4db218cae06a26ae0bc994fcc5e.codex,24
4808,725988a974d9df7284eb54a87b8b649056e6e947.codex,152,734,datacopy/CodexGiga/725988a974d9df7284eb54a87b8b649056e6e947.codex,24
4809,f4ca06d124dc264b194afc8e6fc269397934de37.codex,152,734,datacopy/CodexGiga/f4ca06d124dc264b194afc8e6fc269397934de37.codex,24
4810,d1df0fdb296ffd4c4e40ad2220fd8bce9801bb94.codex,152,734,datacopy/CodexGiga/d1df0fdb296ffd4c4e40ad2220fd8bce9801bb94.codex,24
4811,c2f6bb26d68d25b58d314c918b5253ae83d6df64.codex,152,734,datacopy/CodexGiga/c2f6bb26d68d25b58d314c918b5253ae83d6df64.codex,24
4812,71731027ce38f6840c592b83cc20eb9071eccaa9.codex,152,734,datacopy/CodexGiga/71731027ce38f6840c592b83cc20eb9071eccaa9.codex,24
4813,8fada7af78fcb9652175cce2e326a706af466f47.codex,152,734,datacopy/CodexGiga/8fada7af78fcb9652175cce2e326a706af466f47.codex,24
4814,1973a05e8f4cdc69fcfd4cbadf80587ea701d0e4.codex,152,734,datacopy/CodexGiga/1973a05e8f4cdc69fcfd4cbadf80587ea701d0e4.codex,24
4815,39951d5594d314aace6191e491c8dbaa2c2d69b3.codex,152,734,datacopy/CodexGiga/39951d5594d314aace6191e491c8dbaa2c2d69b3.codex,24
4816,ad07710fa41dd37ea3b1031e1b08fe6f1c5e02cd.codex,152,734,datacopy/CodexGiga/ad07710fa41dd37ea3b1031e1b08fe6f1c5e02cd.codex,24
4817,11964209ef14ff3e54f15bc00a2cf87563b02226.codex,152,734,datacopy/CodexGiga/11964209ef14ff3e54f15bc00a2cf87563b02226.codex,24
4818,d157c34e1fd683daa29045b4e53be9c87fae0a22.codex,152,734,datacopy/CodexGiga/d157c34e1fd683daa29045b4e53be9c87fae0a22.codex,24
4819,abe571368e3ff58edf3a5d404a36cfaf6feec6b5.codex,152,734,datacopy/CodexGiga/abe571368e3ff58edf3a5d404a36cfaf6feec6b5.codex,24
4820,514a30aef41f24b74e34225858863897c5220eb6.codex,152,734,datacopy/CodexGiga/514a30aef41f24b74e34225858863897c5220eb6.codex,24
4821,593452f51af494137acf75c3eb6e5c6f103e7c61.codex,152,734,datacopy/CodexGiga/593452f51af494137acf75c3eb6e5c6f103e7c61.codex,24
4822,41b91f1eae355c6baab90b7951bd310f7265cf0f.codex,152,734,datacopy/CodexGiga/41b91f1eae355c6baab90b7951bd310f7265cf0f.codex,24
4823,f957d93e9ac2eabb3f77c38266e549db2dc34df8.codex,152,734,datacopy/CodexGiga/f957d93e9ac2eabb3f77c38266e549db2dc34df8.codex,24
4824,840ec51e0f32c85dbc7107d4fc644277faaf052f.codex,152,734,datacopy/CodexGiga/840ec51e0f32c85dbc7107d4fc644277faaf052f.codex,24
4825,cb9cfd03dfb43e2859a4aa7e9a44533601a6d2df.codex,152,734,datacopy/CodexGiga/cb9cfd03dfb43e2859a4aa7e9a44533601a6d2df.codex,24
4826,5d5e6aa610d7c2e83e4d46d660ada121ca7946c2.codex,152,734,datacopy/CodexGiga/5d5e6aa610d7c2e83e4d46d660ada121ca7946c2.codex,24
4827,2d4e507ee1a8701f5457b38f9e259d54ba855e36.codex,152,734,datacopy/CodexGiga/2d4e507ee1a8701f5457b38f9e259d54ba855e36.codex,24
4828,11f2f2efff557e645d4dd23c5750d3104f6cc851.codex,152,734,datacopy/CodexGiga/11f2f2efff557e645d4dd23c5750d3104f6cc851.codex,24
4829,fec471871ee0684460d23428bea5b266224311e5.codex,152,734,datacopy/CodexGiga/fec471871ee0684460d23428bea5b266224311e5.codex,24
4830,27883b17c8b2e70a602036f21ac72b2045277a5f.codex,152,734,datacopy/CodexGiga/27883b17c8b2e70a602036f21ac72b2045277a5f.codex,24
4831,bd2685d5e3af0ade4d422ae6af84dac65f590a3d.bin,153,1161,datacopy/UCSB/bd2685d5e3af0ade4d422ae6af84dac65f590a3d.bin,12
4832,476e72b19821cd8bfa35c5c311c0b69d5fe83b33.bin,153,1161,datacopy/UCSB/476e72b19821cd8bfa35c5c311c0b69d5fe83b33.bin,12
4833,47caf329ff40505fc8b9b0842f6c5400362bc6b7.bin,153,1161,datacopy/UCSB/47caf329ff40505fc8b9b0842f6c5400362bc6b7.bin,12
4834,f7de700fa1d18fb14213bcdd9b32df48385d542e.bin,153,1161,datacopy/UCSB/f7de700fa1d18fb14213bcdd9b32df48385d542e.bin,12
4835,36f095623687030ff95711043f114c819fc815f8.bin,153,1161,datacopy/UCSB/36f095623687030ff95711043f114c819fc815f8.bin,12
4836,8e85b804634852feab613c675cdbd68255824298.bin,153,1161,datacopy/UCSB/8e85b804634852feab613c675cdbd68255824298.bin,12
4837,09cb9578456681fd34d37aff5473dfed818411f5.bin,153,1161,datacopy/UCSB/09cb9578456681fd34d37aff5473dfed818411f5.bin,12
4838,84623e6fe9681bb47a32f8ac023d1997df91799b.bin,153,1161,datacopy/UCSB/84623e6fe9681bb47a32f8ac023d1997df91799b.bin,12
4839,d7ee231d4f9eca82970a9ee4fb560f0d01964215.bin,153,1161,datacopy/UCSB/d7ee231d4f9eca82970a9ee4fb560f0d01964215.bin,12
4840,e8501a3fdc7d574eaa17c87027b0af5ead711a35.bin,153,1161,datacopy/UCSB/e8501a3fdc7d574eaa17c87027b0af5ead711a35.bin,12
4841,3c840f2be2496c90b2e05b6ebc4fa80564a88cdc.bin,153,1161,datacopy/UCSB/3c840f2be2496c90b2e05b6ebc4fa80564a88cdc.bin,12
4842,a092a95cb233bbb798da6cdf64f28de19e1d6b1f.bin,153,1161,datacopy/UCSB/a092a95cb233bbb798da6cdf64f28de19e1d6b1f.bin,12
4843,cd1a71bbe9ef7e86d54d1ea8a9adad6f17649815.bin,153,1161,datacopy/UCSB/cd1a71bbe9ef7e86d54d1ea8a9adad6f17649815.bin,12
4844,a0be3e2fddf914d3cab9c887efb0a4f34f456e22.bin,153,1161,datacopy/UCSB/a0be3e2fddf914d3cab9c887efb0a4f34f456e22.bin,12
4845,c404cd88aa2cab806abc49946f9aeb7c076482b4.bin,153,1161,datacopy/UCSB/c404cd88aa2cab806abc49946f9aeb7c076482b4.bin,12
4846,f7c1199f88c0f1ffd285e858aa49a818dc50af01.bin,153,1161,datacopy/UCSB/f7c1199f88c0f1ffd285e858aa49a818dc50af01.bin,12
4847,e3468ca072a1a54e91631e9c96e7031f177f3bab.bin,153,1161,datacopy/UCSB/e3468ca072a1a54e91631e9c96e7031f177f3bab.bin,12
4848,cc595d2f4bc2ef414709ad800f9bf020ab829365.bin,153,1161,datacopy/UCSB/cc595d2f4bc2ef414709ad800f9bf020ab829365.bin,12
4849,f493e96e6b9551b83faedab335a5c32dd0d6944b.bin,153,1161,datacopy/UCSB/f493e96e6b9551b83faedab335a5c32dd0d6944b.bin,12
4850,d1560a3614ad13f2270c67a64f95141fdc2159ac.bin,154,1481,datacopy/UCSB/d1560a3614ad13f2270c67a64f95141fdc2159ac.bin,1
4851,f23fe33f104420a0410463556e70c16fbddbedee.bin,154,1481,datacopy/UCSB/f23fe33f104420a0410463556e70c16fbddbedee.bin,1
4852,1e1e22183da0855e60e699af6b834dab9204449b.bin,154,1481,datacopy/UCSB/1e1e22183da0855e60e699af6b834dab9204449b.bin,1
4853,009eb10c2691d1799d1067c91473f42a6edf6fa7.bin,154,1481,datacopy/UCSB/009eb10c2691d1799d1067c91473f42a6edf6fa7.bin,1
4854,5d23619fc4b1d0a7e4d1ada1eb613b6d06f73e28.bin,154,1481,datacopy/UCSB/5d23619fc4b1d0a7e4d1ada1eb613b6d06f73e28.bin,1
4855,fa08dd058c52e375aebd29d77d7c48e3a173edfd.bin,154,1481,datacopy/UCSB/fa08dd058c52e375aebd29d77d7c48e3a173edfd.bin,1
4856,c2c0d2b6546fec7731ba203f45e26b7042549092.bin,154,1481,datacopy/UCSB/c2c0d2b6546fec7731ba203f45e26b7042549092.bin,1
4857,8cdbd2d891d079889b63cac4bf4d9c621abe2ac9.bin,154,1481,datacopy/UCSB/8cdbd2d891d079889b63cac4bf4d9c621abe2ac9.bin,1
4858,80ee2ce330e4f0d552c405bc8ae6469643eeabd5.bin,154,1481,datacopy/UCSB/80ee2ce330e4f0d552c405bc8ae6469643eeabd5.bin,1
4859,f88bf33b82acf962b4044664a75f0918aaaeb360.bin,154,1481,datacopy/UCSB/f88bf33b82acf962b4044664a75f0918aaaeb360.bin,1
4860,667e8544ecadfc7bfe63df8755bdb50d167575a2.bin,154,1481,datacopy/UCSB/667e8544ecadfc7bfe63df8755bdb50d167575a2.bin,1
4861,8be776dd0bc219ad51f0731394a66b13c9e0cce5.bin,154,1481,datacopy/UCSB/8be776dd0bc219ad51f0731394a66b13c9e0cce5.bin,1
4862,1b775b106878fefe3c1362e32ee65d86dd964c89.bin,154,1481,datacopy/UCSB/1b775b106878fefe3c1362e32ee65d86dd964c89.bin,1
4863,311d90dc40dcdefb0a5f5b0f003785ead7ae046a.bin,154,1481,datacopy/UCSB/311d90dc40dcdefb0a5f5b0f003785ead7ae046a.bin,1
4864,b74b9538e30e861468ad2bb6a5f9698701c58d5a.bin,154,1481,datacopy/UCSB/b74b9538e30e861468ad2bb6a5f9698701c58d5a.bin,1
4865,2590508e94bbca3d1e2f03e4e3c016d0ac2dc905.bin,154,1481,datacopy/UCSB/2590508e94bbca3d1e2f03e4e3c016d0ac2dc905.bin,1
4866,41690d2e273ec6661d724efe9e6c7f2a04b537db.bin,154,1481,datacopy/UCSB/41690d2e273ec6661d724efe9e6c7f2a04b537db.bin,1
4867,51e44a99c2d688db8a4cc5896b332e8a3fff5284.bin,154,1481,datacopy/UCSB/51e44a99c2d688db8a4cc5896b332e8a3fff5284.bin,1
4868,9c453c5b72ceba603fa30e3969884b6d73de742d.bin,154,1481,datacopy/UCSB/9c453c5b72ceba603fa30e3969884b6d73de742d.bin,1
4869,0265bc7456873fa47aea06e1ce0157db2f1964d1.bin,154,1481,datacopy/UCSB/0265bc7456873fa47aea06e1ce0157db2f1964d1.bin,1
4870,8a2b5240086d7579ba760786f91f70a718bfa8a5.bin,154,1481,datacopy/UCSB/8a2b5240086d7579ba760786f91f70a718bfa8a5.bin,1
4871,7d887608b405276efbd23e232f84c95b4e7d3d78.bin,154,1481,datacopy/UCSB/7d887608b405276efbd23e232f84c95b4e7d3d78.bin,1
4872,c5e2f4755422e6a768bd9a669bce1ff5dc974c54.bin,154,1481,datacopy/UCSB/c5e2f4755422e6a768bd9a669bce1ff5dc974c54.bin,1
4873,4625a51e95ceed48fe70af4647e81394c4dbc635.bin,155,1116,datacopy/UCSB/4625a51e95ceed48fe70af4647e81394c4dbc635.bin,28
4874,b3056ed0ec048f7f0937f592eea9742534c5bb12.bin,155,1116,datacopy/UCSB/b3056ed0ec048f7f0937f592eea9742534c5bb12.bin,28
4875,96bfe3493151e37e3439b47b89534ac4954ff4e1.bin,155,83,datacopy/UCSB/96bfe3493151e37e3439b47b89534ac4954ff4e1.bin,28
4876,b3214c95d30a4aee612c40eee0da7479a397aba2.bin,155,1116,datacopy/UCSB/b3214c95d30a4aee612c40eee0da7479a397aba2.bin,28
4877,eff72556dbe085bdb1fb323343f8e58f90b85432.bin,155,1116,datacopy/UCSB/eff72556dbe085bdb1fb323343f8e58f90b85432.bin,28
4878,8d70d4f8b9da6db92bcb75eb314b38d4f74e9e47.bin,155,1116,datacopy/UCSB/8d70d4f8b9da6db92bcb75eb314b38d4f74e9e47.bin,28
4879,d0e915a1a0b673e90b8916b398d16059da083816.bin,155,1116,datacopy/UCSB/d0e915a1a0b673e90b8916b398d16059da083816.bin,28
4880,60aa0673969b947722c65f899898eec8f8ba1240.bin,155,1116,datacopy/UCSB/60aa0673969b947722c65f899898eec8f8ba1240.bin,28
4881,3d66519c33ff3fe8f3888ae2cf087335f2b54908.bin,155,1116,datacopy/UCSB/3d66519c33ff3fe8f3888ae2cf087335f2b54908.bin,28
4882,ddcc60e85aa6100b09f1f340a5da2ec1c78f9a04.bin,155,1116,datacopy/UCSB/ddcc60e85aa6100b09f1f340a5da2ec1c78f9a04.bin,28
4883,5e474468eb67c36f4c7a7e10f8475aad83ce7aa4.bin,155,1116,datacopy/UCSB/5e474468eb67c36f4c7a7e10f8475aad83ce7aa4.bin,28
4884,887623f2d84331e288a2996ba5bf037112db22d4.bin,155,1116,datacopy/UCSB/887623f2d84331e288a2996ba5bf037112db22d4.bin,28
4885,2856bfb1f96f2631a960d933e1825b1fcff7820f.bin,155,1116,datacopy/UCSB/2856bfb1f96f2631a960d933e1825b1fcff7820f.bin,28
4886,8a08df0845607e5b127c18e1c362e58116124438.bin,155,1116,datacopy/UCSB/8a08df0845607e5b127c18e1c362e58116124438.bin,28
4887,8715a3707785685fe3d7ef2b3b8b6855729455b0.bin,155,1116,datacopy/UCSB/8715a3707785685fe3d7ef2b3b8b6855729455b0.bin,28
4888,037393954759dc66dd8a2c55cd92d3204b23ff41.bin,155,1116,datacopy/UCSB/037393954759dc66dd8a2c55cd92d3204b23ff41.bin,28
4889,61754fc914f73e29a6544b2242b6715736590e68.bin,155,1116,datacopy/UCSB/61754fc914f73e29a6544b2242b6715736590e68.bin,28
4890,269064675f63c45e1e4add29e91de49bd97309b2.bin,155,1116,datacopy/UCSB/269064675f63c45e1e4add29e91de49bd97309b2.bin,28
4891,0b8ec628e3f75ed8fa324f4f0059f8f0a81bb5b1.bin,155,1116,datacopy/UCSB/0b8ec628e3f75ed8fa324f4f0059f8f0a81bb5b1.bin,28
4892,191f08fbc621c7a007486becfd956d50af1eb4cd.bin,155,83,datacopy/UCSB/191f08fbc621c7a007486becfd956d50af1eb4cd.bin,28
4893,9b07a055c237c1037fc11f9b862b1e93a3bac90d.bin,155,1116,datacopy/UCSB/9b07a055c237c1037fc11f9b862b1e93a3bac90d.bin,28
4894,5f86b7671d5f857890900aa2468a1ce91bbe08c6.bin,155,1116,datacopy/UCSB/5f86b7671d5f857890900aa2468a1ce91bbe08c6.bin,28
4895,35b0bdb1f136c4498d889f6647c398ee387ad8f6.bin,155,1116,datacopy/UCSB/35b0bdb1f136c4498d889f6647c398ee387ad8f6.bin,28
4896,f8cdb07f90f09abf1b4adb24dc2ab333d90845f4.bin,155,1116,datacopy/UCSB/f8cdb07f90f09abf1b4adb24dc2ab333d90845f4.bin,28
4897,9892e08e6a5b3e194c282c470532b69de1a02588.bin,155,1116,datacopy/UCSB/9892e08e6a5b3e194c282c470532b69de1a02588.bin,28
4898,ef766ca48c4a53320509d91c7b137fd5c210be71.bin,155,1116,datacopy/UCSB/ef766ca48c4a53320509d91c7b137fd5c210be71.bin,28
4899,5ab89e78d058920f9c15644f61007161e14421fa.bin,155,1116,datacopy/UCSB/5ab89e78d058920f9c15644f61007161e14421fa.bin,28
4900,1d830f5a75b74f79f1559d6eb44fdc14194da394.bin,155,1116,datacopy/UCSB/1d830f5a75b74f79f1559d6eb44fdc14194da394.bin,28
4901,2c7060711cb75d2f8b79b5247984b98e6a5bc344.bin,155,1116,datacopy/UCSB/2c7060711cb75d2f8b79b5247984b98e6a5bc344.bin,28
4902,bd5c1b7075a75754fa4610f4b4769a29cade7a05.bin,155,1116,datacopy/UCSB/bd5c1b7075a75754fa4610f4b4769a29cade7a05.bin,28
4903,76bd06329cc8bddcb9b1247dbaf16dbdf6f16bb0.bin,155,1116,datacopy/UCSB/76bd06329cc8bddcb9b1247dbaf16dbdf6f16bb0.bin,28
4904,e996bea736c3e56caf10a3675e462777d05b6a5e.bin,155,1116,datacopy/UCSB/e996bea736c3e56caf10a3675e462777d05b6a5e.bin,28
4905,7a1003f796d5ab8abbb23516a2f554baa6abf479.bin,155,1116,datacopy/UCSB/7a1003f796d5ab8abbb23516a2f554baa6abf479.bin,28
4906,0e9e162723858eaff17828c6ec10ff7be10d5947.bin,155,1116,datacopy/UCSB/0e9e162723858eaff17828c6ec10ff7be10d5947.bin,28
4907,ade9615654d8d08dec642ba43c0018e30ba14f8c.bin,155,1116,datacopy/UCSB/ade9615654d8d08dec642ba43c0018e30ba14f8c.bin,28
4908,3b484d7127f97e7265db5bf24d1f1aa93f647014.bin,155,1116,datacopy/UCSB/3b484d7127f97e7265db5bf24d1f1aa93f647014.bin,28
4909,474f2f2c3caf6b67703ba9751fc8d9ec2bc222aa.bin,155,1116,datacopy/UCSB/474f2f2c3caf6b67703ba9751fc8d9ec2bc222aa.bin,28
4910,66ddd92887ffb8c7dd212bb45329c267f500d7b5.bin,155,1116,datacopy/UCSB/66ddd92887ffb8c7dd212bb45329c267f500d7b5.bin,28
4911,4cb5c74466c86aa8308813c05980f59aaab13521.bin,155,1116,datacopy/UCSB/4cb5c74466c86aa8308813c05980f59aaab13521.bin,28
4912,64df6d67d6bd07297e0f22157ad8ce0d0d0673b7.bin,155,1116,datacopy/UCSB/64df6d67d6bd07297e0f22157ad8ce0d0d0673b7.bin,28
4913,328ba5d83b86cddb45adcc5834d01bf4efd7e525.bin,155,1116,datacopy/UCSB/328ba5d83b86cddb45adcc5834d01bf4efd7e525.bin,28
4914,9cd8b485e34ad3e8df23e3b8475de2d9cf5dc535.bin,155,1116,datacopy/UCSB/9cd8b485e34ad3e8df23e3b8475de2d9cf5dc535.bin,28
4915,6955914fbe593e6652d714d7edea62758a33f8bd.bin,155,1116,datacopy/UCSB/6955914fbe593e6652d714d7edea62758a33f8bd.bin,28
4916,b9292b3eada0d8ea6b6e1fe862cbff07c08a792b.bin,155,1116,datacopy/UCSB/b9292b3eada0d8ea6b6e1fe862cbff07c08a792b.bin,28
4917,379c4acb6de0e24f306e1efc59a065cf6631c05d.bin,155,1116,datacopy/UCSB/379c4acb6de0e24f306e1efc59a065cf6631c05d.bin,28
4918,c648dc9eeac58f33e3e762de279bb78a46f6b6dc.bin,155,1116,datacopy/UCSB/c648dc9eeac58f33e3e762de279bb78a46f6b6dc.bin,28
4919,16f49840d67d67660c2312131868eadf5f8e2c5e.bin,155,1407,datacopy/UCSB/16f49840d67d67660c2312131868eadf5f8e2c5e.bin,28
4920,44a619cb6cf4faf440a92275924fdf665a8a6969.bin,155,1116,datacopy/UCSB/44a619cb6cf4faf440a92275924fdf665a8a6969.bin,28
4921,47ee598977b9bb43a67dff8901348b8c4b973eff.bin,155,1116,datacopy/UCSB/47ee598977b9bb43a67dff8901348b8c4b973eff.bin,28
4922,709f917fcd974f219141295b9ce0bdf042b2d9f7.bin,155,83,datacopy/UCSB/709f917fcd974f219141295b9ce0bdf042b2d9f7.bin,28
4923,b9b38964a8f16a5ccf263cdb056d263c03c9b919.bin,155,1116,datacopy/UCSB/b9b38964a8f16a5ccf263cdb056d263c03c9b919.bin,28
4924,abe59f0ac575b2d6ced560647609d9fa5f0430c9.bin,155,83,datacopy/UCSB/abe59f0ac575b2d6ced560647609d9fa5f0430c9.bin,28
4925,aa49659269cb34e51920f8f88b47f561bfc3be25.bin,155,1116,datacopy/UCSB/aa49659269cb34e51920f8f88b47f561bfc3be25.bin,28
4926,e759a1400dfa9a9ebe5348edc3373a747393f4b5.bin,155,83,datacopy/UCSB/e759a1400dfa9a9ebe5348edc3373a747393f4b5.bin,28
4927,7f11696f326a95ed401a21a86b530885d6cc8c7b.bin,163,1318,datacopy/UCSB/7f11696f326a95ed401a21a86b530885d6cc8c7b.bin,5
4928,1619fde14f69368b0e63fec7228d376b76330912.bin,163,1249,datacopy/UCSB/1619fde14f69368b0e63fec7228d376b76330912.bin,5
4929,ffc6570e415873a3adf572767d45f7fe583c697e.bin,163,1318,datacopy/UCSB/ffc6570e415873a3adf572767d45f7fe583c697e.bin,5
4930,f7d32dfb227e4d1bb980f7e48222b2f92362c335.bin,163,1249,datacopy/UCSB/f7d32dfb227e4d1bb980f7e48222b2f92362c335.bin,5
4931,9e5bd2157f956a0dc9ade4a0034c772fb0a4c968.bin,163,1318,datacopy/UCSB/9e5bd2157f956a0dc9ade4a0034c772fb0a4c968.bin,5
4932,6f302da515303dca75c53f80b041782a8e014e3e.bin,163,1249,datacopy/UCSB/6f302da515303dca75c53f80b041782a8e014e3e.bin,5
4933,d0f52570578816dc2a80d83abe054b2028fe7a59.bin,163,1249,datacopy/UCSB/d0f52570578816dc2a80d83abe054b2028fe7a59.bin,5
4934,85872b6c2e003cb3336983855b5691eb7ebfccac.bin,163,1318,datacopy/UCSB/85872b6c2e003cb3336983855b5691eb7ebfccac.bin,5
4935,3336408ebfd03638e45e4d800d88c1221d1b9891.bin,163,1249,datacopy/UCSB/3336408ebfd03638e45e4d800d88c1221d1b9891.bin,5
4936,08af846ad9127376d8de2a1815b5839e64cbf1b2.bin,163,1249,datacopy/UCSB/08af846ad9127376d8de2a1815b5839e64cbf1b2.bin,5
4937,a5690eb46dcc91205c48186f7361a16cd19eaaf1.bin,163,1249,datacopy/UCSB/a5690eb46dcc91205c48186f7361a16cd19eaaf1.bin,5
4938,723412530fe1aba7638d5e5266480fa087a548a1.bin,163,1249,datacopy/UCSB/723412530fe1aba7638d5e5266480fa087a548a1.bin,5
4939,4beac51e10b8d9f98aeac6b7eaaece1c9ab40fde.bin,163,1318,datacopy/UCSB/4beac51e10b8d9f98aeac6b7eaaece1c9ab40fde.bin,5
4940,c12341e0f284f98e315b656c35069d9075b6934e.bin,163,1318,datacopy/UCSB/c12341e0f284f98e315b656c35069d9075b6934e.bin,5
4941,a41737b39494b9060a8fa865aa098dcf1992449e.bin,163,1249,datacopy/UCSB/a41737b39494b9060a8fa865aa098dcf1992449e.bin,5
4942,969e480a06ce394211ae29c1a75f2cc530824a8e.bin,163,1249,datacopy/UCSB/969e480a06ce394211ae29c1a75f2cc530824a8e.bin,5
4943,6007e960844fbbea561fedcc44cbd5c475e6f5d8.bin,163,1249,datacopy/UCSB/6007e960844fbbea561fedcc44cbd5c475e6f5d8.bin,5
4944,c4d400b6a013741234e5cc4d277f643f51cbb05c.bin,163,1249,datacopy/UCSB/c4d400b6a013741234e5cc4d277f643f51cbb05c.bin,5
4945,dd954aff306596c49699cf8623ad1014c8eadfd4.bin,163,1318,datacopy/UCSB/dd954aff306596c49699cf8623ad1014c8eadfd4.bin,5
4946,0c773d119c22f0ab1c19f07f288d39cb54aaca6f.bin,163,1318,datacopy/UCSB/0c773d119c22f0ab1c19f07f288d39cb54aaca6f.bin,5
4947,08d60481e32f8adfa4c3632a07c36971804c16ba.bin,163,1249,datacopy/UCSB/08d60481e32f8adfa4c3632a07c36971804c16ba.bin,5
4948,1cbb278d3249a2e988072c13f6f83bb611f263ef.bin,163,1318,datacopy/UCSB/1cbb278d3249a2e988072c13f6f83bb611f263ef.bin,5
4949,8c419f0b7a70514daafac8825aa9aa618dc31c34.bin,163,1249,datacopy/UCSB/8c419f0b7a70514daafac8825aa9aa618dc31c34.bin,5
4950,11ba2dd2c73de8f3833939ac032cfaec94055a83.bin,163,1249,datacopy/UCSB/11ba2dd2c73de8f3833939ac032cfaec94055a83.bin,5
4951,94ddd0e512be3782dd2eafcca7514d365ade5631.bin,163,1249,datacopy/UCSB/94ddd0e512be3782dd2eafcca7514d365ade5631.bin,5
4952,34466c3f3b8240466a61a98a8938afdb0eeafbbe.bin,163,1249,datacopy/UCSB/34466c3f3b8240466a61a98a8938afdb0eeafbbe.bin,5
4953,14ae5494e91d1bfa8339724d84c30a9039b9a618.bin,163,1249,datacopy/UCSB/14ae5494e91d1bfa8339724d84c30a9039b9a618.bin,5
4954,a99b90752b5966e61ce6804c44353765e9e92fac.bin,163,1249,datacopy/UCSB/a99b90752b5966e61ce6804c44353765e9e92fac.bin,5
4955,7b8db02608848782e77484c3b90be6d1a33fd734.bin,163,1318,datacopy/UCSB/7b8db02608848782e77484c3b90be6d1a33fd734.bin,5
4956,248be54e6f88b782ce4814f2a4eba0e8d535a5e3.bin,163,1249,datacopy/UCSB/248be54e6f88b782ce4814f2a4eba0e8d535a5e3.bin,5
4957,81dbe2ed514e92e227ebe13f2ef6e09773cc998b.bin,163,1318,datacopy/UCSB/81dbe2ed514e92e227ebe13f2ef6e09773cc998b.bin,5
4958,4140bd1fae302b242c1de5f4a8f75777a99df898.bin,163,1318,datacopy/UCSB/4140bd1fae302b242c1de5f4a8f75777a99df898.bin,5
4959,9a8c3e88b142dd7ef754ecff505ab06309d9d5cd.bin,163,1249,datacopy/UCSB/9a8c3e88b142dd7ef754ecff505ab06309d9d5cd.bin,5
4960,8713b3989bbebc03a4d2440923489562512cf3fb.bin,163,1249,datacopy/UCSB/8713b3989bbebc03a4d2440923489562512cf3fb.bin,5
4961,8d405401f27b037d5316aa7488f9ffc1ce65eafb.bin,163,1318,datacopy/UCSB/8d405401f27b037d5316aa7488f9ffc1ce65eafb.bin,5
4962,1d02f7f316f54fe0022661b9200c74ce91aaea41.bin,163,1249,datacopy/UCSB/1d02f7f316f54fe0022661b9200c74ce91aaea41.bin,5
4963,b29b04ce95d6c1031a24907ea52a60c0758435d7.bin,163,1249,datacopy/UCSB/b29b04ce95d6c1031a24907ea52a60c0758435d7.bin,5
4964,0623fa938e3bf07514fea1eff92c68e2bf54e3f4.bin,163,1318,datacopy/UCSB/0623fa938e3bf07514fea1eff92c68e2bf54e3f4.bin,5
4965,adda856d206bcbe4bafc88ba47ed4a587bea5c77.bin,163,1249,datacopy/UCSB/adda856d206bcbe4bafc88ba47ed4a587bea5c77.bin,5
4966,59836ca3fd9ac4525abf8d75335dc89c712d6e07.bin,163,1249,datacopy/UCSB/59836ca3fd9ac4525abf8d75335dc89c712d6e07.bin,5
4967,d71d3f2c157cdbb53daff70534cef263c20226f4.bin,163,1249,datacopy/UCSB/d71d3f2c157cdbb53daff70534cef263c20226f4.bin,5
4968,8af154b02ef54b0460816b81e57a39b2cea1a77c.bin,163,1318,datacopy/UCSB/8af154b02ef54b0460816b81e57a39b2cea1a77c.bin,5
4969,2b56e58f8b1e29a0a17358f363fbae6560881768.bin,163,1249,datacopy/UCSB/2b56e58f8b1e29a0a17358f363fbae6560881768.bin,5
4970,3df2b24f34bdca4e2eef9a17249485e1fabbef2f.bin,163,1249,datacopy/UCSB/3df2b24f34bdca4e2eef9a17249485e1fabbef2f.bin,5
4971,8381b5d952b96fe9f5f8a79433aa49eec6707f28.bin,163,1249,datacopy/UCSB/8381b5d952b96fe9f5f8a79433aa49eec6707f28.bin,5
4972,56a605aa5c4e189e7b6a0378d277f8ed7afe9c1b.bin,163,1249,datacopy/UCSB/56a605aa5c4e189e7b6a0378d277f8ed7afe9c1b.bin,5
4973,ae69d033655292892ebc07e5ca22aba98fd1488f.bin,163,1249,datacopy/UCSB/ae69d033655292892ebc07e5ca22aba98fd1488f.bin,5
4974,8b022c60fb7ec7d7c57209f1c012726e8f7fa1f4.bin,163,1249,datacopy/UCSB/8b022c60fb7ec7d7c57209f1c012726e8f7fa1f4.bin,5
4975,c7799f6981bcd63f798e616668fd9da90d6fd652.bin,163,1249,datacopy/UCSB/c7799f6981bcd63f798e616668fd9da90d6fd652.bin,5
4976,ca1f3b89febb8c5fedb65ff7fb30da5d72401bc3.bin,163,1249,datacopy/UCSB/ca1f3b89febb8c5fedb65ff7fb30da5d72401bc3.bin,5
4977,59dee6efaf303993f4e2151131d83877a5d88266.bin,163,1249,datacopy/UCSB/59dee6efaf303993f4e2151131d83877a5d88266.bin,5
4978,0eaa360aa746ab6c85a43d6d42f31cd7297272e5.bin,163,1249,datacopy/UCSB/0eaa360aa746ab6c85a43d6d42f31cd7297272e5.bin,5
4979,5b8be9f3f6497bd268368d9eaf40fccd73704289.bin,163,1249,datacopy/UCSB/5b8be9f3f6497bd268368d9eaf40fccd73704289.bin,5
4980,c16d515e0cf08c724de9de0384058dfe53cd6035.bin,163,1318,datacopy/UCSB/c16d515e0cf08c724de9de0384058dfe53cd6035.bin,5
4981,f539bee2773c5a334b1ea456361da72d73fa40d0.bin,163,1249,datacopy/UCSB/f539bee2773c5a334b1ea456361da72d73fa40d0.bin,5
4982,e5d489e5bf3e4605774f29c619c978f79b2b3f3e.bin,163,1249,datacopy/UCSB/e5d489e5bf3e4605774f29c619c978f79b2b3f3e.bin,5
4983,d1fc9c1bca28bf690be3119aada6735a5912a21b.bin,163,1249,datacopy/UCSB/d1fc9c1bca28bf690be3119aada6735a5912a21b.bin,5
4984,d79b50125229afcfc41f9a60884450d1d3a12e0d.bin,163,1318,datacopy/UCSB/d79b50125229afcfc41f9a60884450d1d3a12e0d.bin,5
4985,6ce3498379cc61abe2319fbceebad6342129423a.bin,163,1249,datacopy/UCSB/6ce3498379cc61abe2319fbceebad6342129423a.bin,5
4986,7925d7c089075a30d8d92d543c0a1cab3f401483.bin,163,1249,datacopy/UCSB/7925d7c089075a30d8d92d543c0a1cab3f401483.bin,5
4987,901dfaba3c172e8ba725c21ae5178b9b260e9ff4.bin,163,1249,datacopy/UCSB/901dfaba3c172e8ba725c21ae5178b9b260e9ff4.bin,5
4988,68f358e8a14e8564a158f21aec0e5873612c8a01.bin,163,1318,datacopy/UCSB/68f358e8a14e8564a158f21aec0e5873612c8a01.bin,5
4989,fe8b5b13b28bcdbdd0e071eeaeab632f86806663.bin,163,1249,datacopy/UCSB/fe8b5b13b28bcdbdd0e071eeaeab632f86806663.bin,5
4990,24724c5007c9b82982511c52de6b486706a4c742.bin,163,1318,datacopy/UCSB/24724c5007c9b82982511c52de6b486706a4c742.bin,5
4991,67727b1dd9b1a8a17d7857c09547db505692033e.bin,163,1318,datacopy/UCSB/67727b1dd9b1a8a17d7857c09547db505692033e.bin,5
4992,39008738f37f6a96553c3a2eacf29339b940518f.bin,163,1249,datacopy/UCSB/39008738f37f6a96553c3a2eacf29339b940518f.bin,5
4993,751e0fb5323bb2da7cd8fd028eba03f555b53d71.bin,163,1249,datacopy/UCSB/751e0fb5323bb2da7cd8fd028eba03f555b53d71.bin,5
4994,5d811771cae1dc211a1f69724f31da73d13f5289.bin,163,1318,datacopy/UCSB/5d811771cae1dc211a1f69724f31da73d13f5289.bin,5
4995,17ff24fac64d0c7cc900cc22f82508c1b3a2bc32.bin,163,1318,datacopy/UCSB/17ff24fac64d0c7cc900cc22f82508c1b3a2bc32.bin,5
4996,0b5b501629a1f64fe43d6dd555f071fb0304069e.bin,163,1249,datacopy/UCSB/0b5b501629a1f64fe43d6dd555f071fb0304069e.bin,5
4997,c2558a99f7aef8a2a7daebc28033bbb4459e4131.bin,163,1249,datacopy/UCSB/c2558a99f7aef8a2a7daebc28033bbb4459e4131.bin,5
4998,33c1b91f57cb6f1f174aff1aa25aea54cde065c6.bin,163,1249,datacopy/UCSB/33c1b91f57cb6f1f174aff1aa25aea54cde065c6.bin,5
4999,632ca3c772fd02684e5e9ac6b5162390d2389259.bin,163,1249,datacopy/UCSB/632ca3c772fd02684e5e9ac6b5162390d2389259.bin,5
5000,bb0a981f1b5439a482754a3ea2bfbf3040cbb479.bin,163,1249,datacopy/UCSB/bb0a981f1b5439a482754a3ea2bfbf3040cbb479.bin,5
5001,8354a22e0d9e4bd88ea4a2b8dc3b0003734bb5ef.bin,163,1249,datacopy/UCSB/8354a22e0d9e4bd88ea4a2b8dc3b0003734bb5ef.bin,5
5002,d0db822eba1011331fd9ff0b80396560da4c5ceb.bin,163,1249,datacopy/UCSB/d0db822eba1011331fd9ff0b80396560da4c5ceb.bin,5
5003,80a75ac2a87110a03cddd1ecab751e6c6abf7225.bin,163,1318,datacopy/UCSB/80a75ac2a87110a03cddd1ecab751e6c6abf7225.bin,5
5004,c86afaf74e2ef25a7ffbd261d19bbc1580731abf.bin,163,1249,datacopy/UCSB/c86afaf74e2ef25a7ffbd261d19bbc1580731abf.bin,5
5005,5adb333c322e0fb9c652877afc474446d5482d80.bin,163,1318,datacopy/UCSB/5adb333c322e0fb9c652877afc474446d5482d80.bin,5
5006,4b28ad7db0024f6baa5800769210b1928d95c145.bin,163,1249,datacopy/UCSB/4b28ad7db0024f6baa5800769210b1928d95c145.bin,5
5007,8582b04e4c513491d5c2b2808cec317c3c2602d3.bin,163,1249,datacopy/UCSB/8582b04e4c513491d5c2b2808cec317c3c2602d3.bin,5
5008,8662b8f04e940dbf2150d2eb7bd0e1049410fb1e.bin,163,1249,datacopy/UCSB/8662b8f04e940dbf2150d2eb7bd0e1049410fb1e.bin,5
5009,10787a6ae9b30cc06b119175015a5a0833fa9aad.bin,163,1249,datacopy/UCSB/10787a6ae9b30cc06b119175015a5a0833fa9aad.bin,5
5010,73216ec6869d096d07dc732299fe9539a339eb2b.bin,163,1249,datacopy/UCSB/73216ec6869d096d07dc732299fe9539a339eb2b.bin,5
5011,c95900a1fb8ac92363083486a08a414976e0f164.bin,163,1249,datacopy/UCSB/c95900a1fb8ac92363083486a08a414976e0f164.bin,5
5012,ce3f72db54694bea411e1764ca1cc937465afb06.bin,163,1318,datacopy/UCSB/ce3f72db54694bea411e1764ca1cc937465afb06.bin,5
5013,d552db68bdac0da727d00dc55de34f600e15a853.bin,163,1249,datacopy/UCSB/d552db68bdac0da727d00dc55de34f600e15a853.bin,5
5014,415343683852f5ffc7694ae46f6294878fb1775c.bin,163,1249,datacopy/UCSB/415343683852f5ffc7694ae46f6294878fb1775c.bin,5
5015,e83def3051b8cf40a4acda36bd2996933f266600.bin,163,1318,datacopy/UCSB/e83def3051b8cf40a4acda36bd2996933f266600.bin,5
5016,92a74ddeac2782f9c8b6f791576b4c61af2b3eac.bin,163,1249,datacopy/UCSB/92a74ddeac2782f9c8b6f791576b4c61af2b3eac.bin,5
5017,11a71bdba7dccfde5e4067867ff0f622519a8659.bin,163,1249,datacopy/UCSB/11a71bdba7dccfde5e4067867ff0f622519a8659.bin,5
5018,a566a18359d6a5d014702d5621af4b3a002e605c.bin,163,1249,datacopy/UCSB/a566a18359d6a5d014702d5621af4b3a002e605c.bin,5
5019,b842641081139623403d123a2d4b81c121a8493a.bin,163,1249,datacopy/UCSB/b842641081139623403d123a2d4b81c121a8493a.bin,5
5020,10f83bc8c3428f13d3bd070aa7b8b9347dca44c1.bin,163,1318,datacopy/UCSB/10f83bc8c3428f13d3bd070aa7b8b9347dca44c1.bin,5
5021,d46e240632b1d99392c17cf388d468622ac896de.bin,163,1249,datacopy/UCSB/d46e240632b1d99392c17cf388d468622ac896de.bin,5
5022,ffb98936e397af57807fac8826a6d47c9cd3ee06.bin,163,1249,datacopy/UCSB/ffb98936e397af57807fac8826a6d47c9cd3ee06.bin,5
5023,665515485df0aa8a43ec2f1f7d53231651ee1f78.bin,163,1318,datacopy/UCSB/665515485df0aa8a43ec2f1f7d53231651ee1f78.bin,5
5024,b4bdcf718364a1cf5161cff7f79751005da41017.bin,163,1249,datacopy/UCSB/b4bdcf718364a1cf5161cff7f79751005da41017.bin,5
5025,90cf02b5fe4645441ce8073dee0f7793e61ba036.bin,163,1249,datacopy/UCSB/90cf02b5fe4645441ce8073dee0f7793e61ba036.bin,5
5026,227447dd796dbbf68db36ae4268dda84024609b2.bin,163,1318,datacopy/UCSB/227447dd796dbbf68db36ae4268dda84024609b2.bin,5
5027,69452456cbe4f68aaaa3b4f632ff501997056d27.bin,163,1318,datacopy/UCSB/69452456cbe4f68aaaa3b4f632ff501997056d27.bin,5
5028,c3d57d898a4ea88a6cd12004ca261ea27eee3e4c.bin,163,1249,datacopy/UCSB/c3d57d898a4ea88a6cd12004ca261ea27eee3e4c.bin,5
5029,ec4725c3e60893a86c1de0a81586c5cca260d1af.bin,163,1249,datacopy/UCSB/ec4725c3e60893a86c1de0a81586c5cca260d1af.bin,5
5030,cadbacd5c146b91bae616f66fe2639d4fe08674b.bin,163,1249,datacopy/UCSB/cadbacd5c146b91bae616f66fe2639d4fe08674b.bin,5
5031,312fcd79a4a971b2e6ce70dbf07e12bd30716d4b.bin,163,1249,datacopy/UCSB/312fcd79a4a971b2e6ce70dbf07e12bd30716d4b.bin,5
5032,5f378403a2ea41a9089a2e8f9f19ab573432572e.bin,163,1249,datacopy/UCSB/5f378403a2ea41a9089a2e8f9f19ab573432572e.bin,5
5033,05cabd48dac1c1145e2c91fbf3c73eddb9ee4923.bin,163,1249,datacopy/UCSB/05cabd48dac1c1145e2c91fbf3c73eddb9ee4923.bin,5
5034,2cd994c493fa5b84f6c0491854884ed02337e497.bin,163,1249,datacopy/UCSB/2cd994c493fa5b84f6c0491854884ed02337e497.bin,5
5035,bf62dc9487254d79a0fb5697533f85b5a83397fc.bin,163,1249,datacopy/UCSB/bf62dc9487254d79a0fb5697533f85b5a83397fc.bin,5
5036,21fc5ce9c9aa3abd00a73bffaa741670ada41eb0.bin,163,1249,datacopy/UCSB/21fc5ce9c9aa3abd00a73bffaa741670ada41eb0.bin,5
5037,b74186d7f77e939ca109b25bbf013ca4db82be06.bin,163,1249,datacopy/UCSB/b74186d7f77e939ca109b25bbf013ca4db82be06.bin,5
5038,a95947eb42af5773ab060163e2509a7db42397ec.bin,163,1318,datacopy/UCSB/a95947eb42af5773ab060163e2509a7db42397ec.bin,5
5039,95d6ceb8572c08830cbeef5f0def40c4e21ae93c.bin,163,1249,datacopy/UCSB/95d6ceb8572c08830cbeef5f0def40c4e21ae93c.bin,5
5040,d2b879d54e85e7b56d9809971be2f11ae34368a6.bin,163,1318,datacopy/UCSB/d2b879d54e85e7b56d9809971be2f11ae34368a6.bin,5
5041,185598c1173a4382fc21c4d1281c2f8aaf040860.bin,163,1249,datacopy/UCSB/185598c1173a4382fc21c4d1281c2f8aaf040860.bin,5
5042,9b1a3428eefdb9ba0ce8e53f87ef9446fd88ee5f.bin,163,1318,datacopy/UCSB/9b1a3428eefdb9ba0ce8e53f87ef9446fd88ee5f.bin,5
5043,2fd3224fab5a0117a4bc6a0464063d7e3ca808b4.bin,163,1249,datacopy/UCSB/2fd3224fab5a0117a4bc6a0464063d7e3ca808b4.bin,5
5044,88b6b792d54dbcd0a0baf3cc3fea17f69eea2230.bin,163,1318,datacopy/UCSB/88b6b792d54dbcd0a0baf3cc3fea17f69eea2230.bin,5
5045,f765044d09c89c43d5fd0548d4bc9f2d940e278b.bin,163,1249,datacopy/UCSB/f765044d09c89c43d5fd0548d4bc9f2d940e278b.bin,5
5046,1b7bbda59871666770880d8389d67cc52a8ea053.bin,163,1249,datacopy/UCSB/1b7bbda59871666770880d8389d67cc52a8ea053.bin,5
5047,82c21969584165ab667e3a2c88cf12c51d47b840.bin,163,1249,datacopy/UCSB/82c21969584165ab667e3a2c88cf12c51d47b840.bin,5
5048,126e796a73cb42ceea6eab99fec2b4543a46d05f.bin,163,1249,datacopy/UCSB/126e796a73cb42ceea6eab99fec2b4543a46d05f.bin,5
5049,20c49ca98cf54f82667f7fcaeb0e87aef1ef5a81.bin,163,1249,datacopy/UCSB/20c49ca98cf54f82667f7fcaeb0e87aef1ef5a81.bin,5
5050,a8d4523f14a16de0e33f416f4edc16c255158d6a.bin,163,1249,datacopy/UCSB/a8d4523f14a16de0e33f416f4edc16c255158d6a.bin,5
5051,72aaafa96b34671fe50be23b2e1a7acb6ea9764d.bin,163,1249,datacopy/UCSB/72aaafa96b34671fe50be23b2e1a7acb6ea9764d.bin,5
5052,d39f166ab7e586a2705ea7de3caf2a953bb5fcc9.bin,163,1318,datacopy/UCSB/d39f166ab7e586a2705ea7de3caf2a953bb5fcc9.bin,5
5053,4f5cf34996457a9e7b2b3955648c103c8d581a7e.bin,163,1249,datacopy/UCSB/4f5cf34996457a9e7b2b3955648c103c8d581a7e.bin,5
5054,ff136d88510102179a531979f7c3e7aebe291759.bin,163,1249,datacopy/UCSB/ff136d88510102179a531979f7c3e7aebe291759.bin,5
5055,b4877087f82f36363eedd9389b19a83caf1aff57.bin,163,1249,datacopy/UCSB/b4877087f82f36363eedd9389b19a83caf1aff57.bin,5
5056,5c42aabf257e6ec4da28bd52ced7c0e2a36e5992.bin,163,1318,datacopy/UCSB/5c42aabf257e6ec4da28bd52ced7c0e2a36e5992.bin,5
5057,341c853f653fe623ed1262ebfd5b29f5f569f55b.bin,163,1249,datacopy/UCSB/341c853f653fe623ed1262ebfd5b29f5f569f55b.bin,5
5058,e2e9740c6ab672b4986d9f3502c4b95d5ad88632.bin,163,1249,datacopy/UCSB/e2e9740c6ab672b4986d9f3502c4b95d5ad88632.bin,5
5059,8977f3d43d7235b5a5907e2e7be121ef56efba6a.bin,163,1249,datacopy/UCSB/8977f3d43d7235b5a5907e2e7be121ef56efba6a.bin,5
5060,0f0651c470a4ccac0c936a1c1a865a40b77c896c.bin,163,1249,datacopy/UCSB/0f0651c470a4ccac0c936a1c1a865a40b77c896c.bin,5
5061,05176b8e2746e58b08ad3f053d84a5eb305fe71e.bin,163,1249,datacopy/UCSB/05176b8e2746e58b08ad3f053d84a5eb305fe71e.bin,5
5062,54c5ff33993e08ee33f38792c3963618f30ae011.bin,163,1318,datacopy/UCSB/54c5ff33993e08ee33f38792c3963618f30ae011.bin,5
5063,1eb193c2f2e32d4014984271a3057960eed14a35.bin,163,1249,datacopy/UCSB/1eb193c2f2e32d4014984271a3057960eed14a35.bin,5
5064,1f28c6c7c6966174c3e24fd2c93be0e6c6cf373e.bin,163,1318,datacopy/UCSB/1f28c6c7c6966174c3e24fd2c93be0e6c6cf373e.bin,5
5065,568cfe860399d2f4e8406a564081743aca66b3d7.bin,163,1249,datacopy/UCSB/568cfe860399d2f4e8406a564081743aca66b3d7.bin,5
5066,4674933f5f718822b06803993781a141f13be1e4.bin,163,1249,datacopy/UCSB/4674933f5f718822b06803993781a141f13be1e4.bin,5
5067,a24d8dedd98144703c20a9920f812124d5417fe3.bin,163,1249,datacopy/UCSB/a24d8dedd98144703c20a9920f812124d5417fe3.bin,5
5068,46ec481286898c28b3f68cfd399b7304115a597f.bin,163,1249,datacopy/UCSB/46ec481286898c28b3f68cfd399b7304115a597f.bin,5
5069,8d8fafe808340092e56353e652af304490dde08b.bin,163,1318,datacopy/UCSB/8d8fafe808340092e56353e652af304490dde08b.bin,5
5070,e3df8e0cd6762bea3d6f391fc3ad54efc5d55390.bin,163,1249,datacopy/UCSB/e3df8e0cd6762bea3d6f391fc3ad54efc5d55390.bin,5
5071,a5d8017ff74242d29a8166b734d626e8aec096d5.bin,163,1249,datacopy/UCSB/a5d8017ff74242d29a8166b734d626e8aec096d5.bin,5
5072,0e1ce108da211c9d81d9df126d7dceae5ca33db5.bin,163,1249,datacopy/UCSB/0e1ce108da211c9d81d9df126d7dceae5ca33db5.bin,5
5073,c994eed50c9daf124859adde0f65c978a8106e8d.bin,163,1249,datacopy/UCSB/c994eed50c9daf124859adde0f65c978a8106e8d.bin,5
5074,c99fc46d2e47d4d9c1aa58e6d761d862b949d5b0.bin,163,1249,datacopy/UCSB/c99fc46d2e47d4d9c1aa58e6d761d862b949d5b0.bin,5
5075,4ea087aa875fa890b88e4d0ceb5542ec26efab09.bin,163,1249,datacopy/UCSB/4ea087aa875fa890b88e4d0ceb5542ec26efab09.bin,5
5076,78f24098effb973595e07e5b66c3cfc64b38c798.bin,163,1249,datacopy/UCSB/78f24098effb973595e07e5b66c3cfc64b38c798.bin,5
5077,9771b14f77b125761de9a62c464da002bce83868.bin,163,1249,datacopy/UCSB/9771b14f77b125761de9a62c464da002bce83868.bin,5
5078,a646ed79259a6ae42e4e00211b989b1727914cfc.bin,163,1249,datacopy/UCSB/a646ed79259a6ae42e4e00211b989b1727914cfc.bin,5
5079,88fe387585c25d83d24b3ce91abc929d9a2bf65b.bin,163,1249,datacopy/UCSB/88fe387585c25d83d24b3ce91abc929d9a2bf65b.bin,5
5080,89f34f4e16cb0432e50825e6448e9cd60df5e225.bin,163,1249,datacopy/UCSB/89f34f4e16cb0432e50825e6448e9cd60df5e225.bin,5
5081,0f651b2f5ad64ece204b5c63d5232d21af2aebfa.bin,163,1318,datacopy/UCSB/0f651b2f5ad64ece204b5c63d5232d21af2aebfa.bin,5
5082,c47afcd34002a4f9b410ac24fead1652788ef5db.bin,163,1318,datacopy/UCSB/c47afcd34002a4f9b410ac24fead1652788ef5db.bin,5
5083,e96cf3472c35b7421cdf1886364194b816744dcd.bin,163,1249,datacopy/UCSB/e96cf3472c35b7421cdf1886364194b816744dcd.bin,5
5084,e3c6cc05d5e7693ddd6652012759513d78c1aac2.bin,163,1249,datacopy/UCSB/e3c6cc05d5e7693ddd6652012759513d78c1aac2.bin,5
5085,76ab2e8727ed7d35289538dfd1f40abcffa1ca67.bin,163,1318,datacopy/UCSB/76ab2e8727ed7d35289538dfd1f40abcffa1ca67.bin,5
5086,821e5eaf2dcc9bd709fa3849c43691df63b11a3e.bin,163,1249,datacopy/UCSB/821e5eaf2dcc9bd709fa3849c43691df63b11a3e.bin,5
5087,ab2064fe05a1ac9e878c39c8bf366819e6d2913c.bin,163,1249,datacopy/UCSB/ab2064fe05a1ac9e878c39c8bf366819e6d2913c.bin,5
5088,fa44b068c9d3a3d78f66f918f60900a7511fc2bc.bin,163,1249,datacopy/UCSB/fa44b068c9d3a3d78f66f918f60900a7511fc2bc.bin,5
5089,e9399d26188a80be575af4ee3a2e73409987e4cb.bin,163,1249,datacopy/UCSB/e9399d26188a80be575af4ee3a2e73409987e4cb.bin,5
5090,44335e3206d3ad2a946bef45c778f7220d96a57c.bin,163,1249,datacopy/UCSB/44335e3206d3ad2a946bef45c778f7220d96a57c.bin,5
5091,6916eed4701feecfa549585e483fdd62389cbaf6.bin,163,1249,datacopy/UCSB/6916eed4701feecfa549585e483fdd62389cbaf6.bin,5
5092,8aaf7991277d7e2e3334ead9838447d242414cfd.bin,163,1249,datacopy/UCSB/8aaf7991277d7e2e3334ead9838447d242414cfd.bin,5
5093,bf5b2c3fd596ad06275e47745770ce700d998d60.bin,163,1249,datacopy/UCSB/bf5b2c3fd596ad06275e47745770ce700d998d60.bin,5
5094,41f01b16c23ab3f67672ac5cb45877a440113ae1.bin,163,1249,datacopy/UCSB/41f01b16c23ab3f67672ac5cb45877a440113ae1.bin,5
5095,a375d7bbecc6fbc2d454f6fa9faa8b8fde845cd3.bin,163,1249,datacopy/UCSB/a375d7bbecc6fbc2d454f6fa9faa8b8fde845cd3.bin,5
5096,674b43db9ccbfc0dae0f7383f321077a70f0570f93d8c965d72b1ddc2cade121,163,1249,datacopy/Stefano/674b43db9ccbfc0dae0f7383f321077a70f0570f93d8c965d72b1ddc2cade121,5
5097,72fb1847eb23b78e4ffe57a01621435d15bc7ffe.bin,164,203,datacopy/UCSB/72fb1847eb23b78e4ffe57a01621435d15bc7ffe.bin,1
5098,0c855bcfc0f2c7c176e9892f1e7d3c00ffee5217.bin,166,810,datacopy/UCSB/0c855bcfc0f2c7c176e9892f1e7d3c00ffee5217.bin,21
5099,abaa7a598e7882cf32e1995494d36c5d566cf70a.bin,166,3,datacopy/UCSB/abaa7a598e7882cf32e1995494d36c5d566cf70a.bin,21
5100,786a6679c929729251224441181aee42807984ea.bin,166,3,datacopy/UCSB/786a6679c929729251224441181aee42807984ea.bin,21
5101,b614d35ece97a995171318bfc01b19f169c27e63.bin,166,810,datacopy/UCSB/b614d35ece97a995171318bfc01b19f169c27e63.bin,21
5102,7be8752ace662e0adabbb851ce9d05371a127b3f.bin,166,810,datacopy/UCSB/7be8752ace662e0adabbb851ce9d05371a127b3f.bin,21
5103,73171c028fd7f445e14331a66a1d6748ca713a05.bin,170,1202,datacopy/UCSB/73171c028fd7f445e14331a66a1d6748ca713a05.bin,9
5104,5536c542181775ee66100b9c3bbd1c218505c78f.bin,170,1202,datacopy/UCSB/5536c542181775ee66100b9c3bbd1c218505c78f.bin,9
5105,2b8d119459f531b7596703cf492c384d56110fed.bin,170,1202,datacopy/UCSB/2b8d119459f531b7596703cf492c384d56110fed.bin,9
5106,3918c544307223ff03d44fd836539a56d733d175.bin,170,1202,datacopy/UCSB/3918c544307223ff03d44fd836539a56d733d175.bin,9
5107,8fc17082c480da6380640fb6074bb10a9e0111e1.bin,170,1202,datacopy/UCSB/8fc17082c480da6380640fb6074bb10a9e0111e1.bin,9
5108,7f5cfc20de0589f1dd15f663d285a4dda824c462.bin,170,1202,datacopy/UCSB/7f5cfc20de0589f1dd15f663d285a4dda824c462.bin,9
5109,26b82b44760505a66d94be380820ab7cab6dfeea.bin,170,1202,datacopy/UCSB/26b82b44760505a66d94be380820ab7cab6dfeea.bin,9
5110,6825da89d5fcfa3f86a1e267c3878cf59679c214.bin,170,1202,datacopy/UCSB/6825da89d5fcfa3f86a1e267c3878cf59679c214.bin,9
5111,9f3aa556a0546c35eb8bd10d31815c8348eb34d964dfb3e4de8070197af4785d,170,1202,datacopy/Stefano/9f3aa556a0546c35eb8bd10d31815c8348eb34d964dfb3e4de8070197af4785d,9
5112,ab53961b7a0f3fdb99cb40b2ec4707642d83bbae9114ed9e8d22923cfc377c91,170,1202,datacopy/Stefano/ab53961b7a0f3fdb99cb40b2ec4707642d83bbae9114ed9e8d22923cfc377c91,9
5113,568191598179e4d2caf113b653911e6f3a6933c24ddbb5415a73e581554895c4,170,1202,datacopy/Stefano/568191598179e4d2caf113b653911e6f3a6933c24ddbb5415a73e581554895c4,9
5114,b5c58c1cf0f906d759babce282448f59d39b83fc0e62c9e1df38949eead920ce,170,1202,datacopy/Stefano/b5c58c1cf0f906d759babce282448f59d39b83fc0e62c9e1df38949eead920ce,9
5115,5adeb4876cad5683958a7afb0d159766334a695a810bdbfb90d6c8e9a3c58c0d,170,1202,datacopy/Stefano/5adeb4876cad5683958a7afb0d159766334a695a810bdbfb90d6c8e9a3c58c0d,9
5116,894ec688941bf87edf608e2eac84439b58a37256.bin,171,1545,datacopy/UCSB/894ec688941bf87edf608e2eac84439b58a37256.bin,1
5117,92f81f3d5e1c7fadc838427399ffda243a5f9945.bin,171,1545,datacopy/UCSB/92f81f3d5e1c7fadc838427399ffda243a5f9945.bin,1
5118,87b7485211176f52850d4462c464e9570acaf39b.bin,171,1545,datacopy/UCSB/87b7485211176f52850d4462c464e9570acaf39b.bin,1
5119,42178a3bd8976ea82c6f46ea003a256d1a37e1be.bin,171,1545,datacopy/UCSB/42178a3bd8976ea82c6f46ea003a256d1a37e1be.bin,1
5120,e2ee833d1af535fa4a90b38a30596f187e520bfa.bin,171,1545,datacopy/UCSB/e2ee833d1af535fa4a90b38a30596f187e520bfa.bin,1
5121,b3a94925adf1dc66788a04f06e19ac0ec1e062dc.bin,171,1545,datacopy/UCSB/b3a94925adf1dc66788a04f06e19ac0ec1e062dc.bin,1
5122,fcd36e833fd4aa144a518faafc6ca8c6e4d7327c.bin,171,1545,datacopy/UCSB/fcd36e833fd4aa144a518faafc6ca8c6e4d7327c.bin,1
5123,7f2757712425515d374961bbd999051319a32cb7.bin,171,1545,datacopy/UCSB/7f2757712425515d374961bbd999051319a32cb7.bin,1
5124,ff9cca2993b0d8dc63bc219f35485149b17202d7.bin,171,1545,datacopy/UCSB/ff9cca2993b0d8dc63bc219f35485149b17202d7.bin,1
5125,2d10e539ff4a016d95567d241402fbc34a1be469.bin,171,1545,datacopy/UCSB/2d10e539ff4a016d95567d241402fbc34a1be469.bin,1
5126,885123b5ef2d94f77ca1f2399cb73ef881dd4eec.bin,171,1545,datacopy/UCSB/885123b5ef2d94f77ca1f2399cb73ef881dd4eec.bin,1
5127,mvpwqp.exe,173,3,datacopy/BB/Files/2016-09-20/mvpwqp.exe,1
5128,8d26f9a5799645aa00ba1ac77433c306552f5fd8.bin,178,3,datacopy/UCSB/8d26f9a5799645aa00ba1ac77433c306552f5fd8.bin,1
5129,4dfc6aad6130aca9b6ab2ace6156cd9f6d4c2ea8.bin,180,1520,datacopy/UCSB/4dfc6aad6130aca9b6ab2ace6156cd9f6d4c2ea8.bin,6
5130,94d82ae7067773d027c26a53c825527c74c6b58b.bin,180,1520,datacopy/UCSB/94d82ae7067773d027c26a53c825527c74c6b58b.bin,6
5131,0f61bba2f553d1daba260ca743fa76fa970ebcbe.bin,180,1520,datacopy/UCSB/0f61bba2f553d1daba260ca743fa76fa970ebcbe.bin,6
5132,27460c77e3324c36ce014f269cc94a6c911bbe6a.bin,180,1520,datacopy/UCSB/27460c77e3324c36ce014f269cc94a6c911bbe6a.bin,6
5133,95039420af902b0652743438f4c47b13a0b02fd0.bin,180,1520,datacopy/UCSB/95039420af902b0652743438f4c47b13a0b02fd0.bin,6
5134,17aeb390b9b0cb16d31ce43035c6e26eaeecddf1.bin,180,1520,datacopy/UCSB/17aeb390b9b0cb16d31ce43035c6e26eaeecddf1.bin,6
5135,ea2328636da3608a35970acb514598c8188eecf0.bin,180,1520,datacopy/UCSB/ea2328636da3608a35970acb514598c8188eecf0.bin,6
5136,43f5269fb0a8b57528262ef7e028c3ab3b0cb38d.bin,180,1520,datacopy/UCSB/43f5269fb0a8b57528262ef7e028c3ab3b0cb38d.bin,6
5137,908a402a773715ab7100c0bcf48a30e596c31b8f.bin,180,1520,datacopy/UCSB/908a402a773715ab7100c0bcf48a30e596c31b8f.bin,6
5138,e25478937a334f14ba1f8adc05c4b200f1e8ecb7.bin,180,1520,datacopy/UCSB/e25478937a334f14ba1f8adc05c4b200f1e8ecb7.bin,6
5139,bd4125bddb8ca243a10c73c0b82ec85679a1f757.bin,180,1520,datacopy/UCSB/bd4125bddb8ca243a10c73c0b82ec85679a1f757.bin,6
5140,2774b102e83341f926793ee9205df2b53be369bf.bin,180,1520,datacopy/UCSB/2774b102e83341f926793ee9205df2b53be369bf.bin,6
5141,ca785b346a986807eab7983a879553547271b09a.bin,180,1520,datacopy/UCSB/ca785b346a986807eab7983a879553547271b09a.bin,6
5142,31fdcf4a98491b2bc7f8d0e272c098a8e1e1c343.bin,180,1520,datacopy/UCSB/31fdcf4a98491b2bc7f8d0e272c098a8e1e1c343.bin,6
5143,749bbd50ca1157a16713822014ed89be9f5315b2.bin,180,1520,datacopy/UCSB/749bbd50ca1157a16713822014ed89be9f5315b2.bin,6
5144,9490a76f9a7435b386f3f0a96087238891205c52.bin,180,1520,datacopy/UCSB/9490a76f9a7435b386f3f0a96087238891205c52.bin,6
5145,9cfc2db798bda214ab5d5912f5a40aefcefa4792.bin,180,1520,datacopy/UCSB/9cfc2db798bda214ab5d5912f5a40aefcefa4792.bin,6
5146,ac8a80ad24f9dd6040182c1a2356b80c7f798ec7.bin,180,1520,datacopy/UCSB/ac8a80ad24f9dd6040182c1a2356b80c7f798ec7.bin,6
5147,d2654f78611550fa1f209c9b53d70127cec4e2e6.bin,182,1161,datacopy/UCSB/d2654f78611550fa1f209c9b53d70127cec4e2e6.bin,12
5148,4dfc0a9cc1e5341196212795e2d1fc8b455786d7.bin,182,1161,datacopy/UCSB/4dfc0a9cc1e5341196212795e2d1fc8b455786d7.bin,12
5149,4d388ec32b6d75444862544c2a47703bf0fde2ac.bin,182,1161,datacopy/UCSB/4d388ec32b6d75444862544c2a47703bf0fde2ac.bin,12
5150,0535462e962b9eeed43255d893e971345a2ee5ed.bin,182,1161,datacopy/UCSB/0535462e962b9eeed43255d893e971345a2ee5ed.bin,12
5151,2ee35bc158223a1b7995eeb786d598166c3c1aa3.bin,182,1161,datacopy/UCSB/2ee35bc158223a1b7995eeb786d598166c3c1aa3.bin,12
5152,67590f09e7b68258ab7601c6783dec1395ece70f.bin,182,1161,datacopy/UCSB/67590f09e7b68258ab7601c6783dec1395ece70f.bin,12
5153,ebe70615f86aeb434816384c8957fcf4b33db3c2.bin,182,1161,datacopy/UCSB/ebe70615f86aeb434816384c8957fcf4b33db3c2.bin,12
5154,88181da8389719c42ea9cce7a27b0bd85411a6a0.bin,182,1161,datacopy/UCSB/88181da8389719c42ea9cce7a27b0bd85411a6a0.bin,12
5155,951c9578abdc7321a2640af35a37d4443aefe355.bin,182,1161,datacopy/UCSB/951c9578abdc7321a2640af35a37d4443aefe355.bin,12
5156,3333ccca7f9c33ac235c0bf656544d755d12d361.bin,182,1161,datacopy/UCSB/3333ccca7f9c33ac235c0bf656544d755d12d361.bin,12
5157,799fd3c03a879757ee825ca57dd7cbb6ae22e3d0.bin,182,1161,datacopy/UCSB/799fd3c03a879757ee825ca57dd7cbb6ae22e3d0.bin,12
5158,e9ed619b9952a51c1f195a6d0f3ba0ff0e18b63c.bin,182,1161,datacopy/UCSB/e9ed619b9952a51c1f195a6d0f3ba0ff0e18b63c.bin,12
5159,fb67bb0f7dc6ce5dec943755346b06b78745be4d.bin,182,1161,datacopy/UCSB/fb67bb0f7dc6ce5dec943755346b06b78745be4d.bin,12
5160,03a88e4d713f51ca0e228d4e453e3b8ff7a7ca59.bin,182,1161,datacopy/UCSB/03a88e4d713f51ca0e228d4e453e3b8ff7a7ca59.bin,12
5161,25327a4d584b24b38c3a0060c93eb7ebfb1175d8.bin,182,1161,datacopy/UCSB/25327a4d584b24b38c3a0060c93eb7ebfb1175d8.bin,12
5162,a4f9f43dc27f710c7ceebb18f4bf3fd09fbaa777.bin,182,1161,datacopy/UCSB/a4f9f43dc27f710c7ceebb18f4bf3fd09fbaa777.bin,12
5163,8f10cf00840f2932a59b1e5760d31b318aa881be.bin,186,810,datacopy/UCSB/8f10cf00840f2932a59b1e5760d31b318aa881be.bin,21
5164,3d2c9683be240dc92921cb54d1d9fbb9e44fdf2b.bin,187,1432,datacopy/UCSB.JP/data_feed.geo_japan_6m_public_flag/3/d/2/3d2c9683be240dc92921cb54d1d9fbb9e44fdf2b.bin,3
5165,728323939cbbe04f57d47981be3d49e7c83aeecc.bin,187,1432,datacopy/UCSB/728323939cbbe04f57d47981be3d49e7c83aeecc.bin,3
5166,f70c22c8b92709148fc7eb56dc9fbea297ac8c9b.bin,187,1432,datacopy/UCSB/f70c22c8b92709148fc7eb56dc9fbea297ac8c9b.bin,3
5167,63b2e8a4be52c6b79741d70209a84bbd95d87cdb.bin,187,1432,datacopy/UCSB/63b2e8a4be52c6b79741d70209a84bbd95d87cdb.bin,3
5168,44125f8acc05af14aa6175f9fc111b7e3761d31d.bin,188,479,datacopy/UCSB/44125f8acc05af14aa6175f9fc111b7e3761d31d.bin,1
5169,568d28bcc71577ecea0acceede704e3ddeed4153.bin,188,479,datacopy/UCSB/568d28bcc71577ecea0acceede704e3ddeed4153.bin,1
5170,e50f1789d709239f4e3b66bdd56cf2bf6d80754b.bin,188,479,datacopy/UCSB/e50f1789d709239f4e3b66bdd56cf2bf6d80754b.bin,1
5171,1c379ffb442e704cedff043ac3217faa5a3cf6ae.bin,188,479,datacopy/UCSB/1c379ffb442e704cedff043ac3217faa5a3cf6ae.bin,1
5172,c6c8dc6275de9253530bd1ed3eccfdd4bd7b8d81.bin,188,479,datacopy/UCSB/c6c8dc6275de9253530bd1ed3eccfdd4bd7b8d81.bin,1
5173,b26037da09f59d831752dc35de88102d3b36b233.bin,188,479,datacopy/UCSB/b26037da09f59d831752dc35de88102d3b36b233.bin,1
5174,bf6e3bc021bfbb716398180fa99d1b362c886673.bin,189,1802,datacopy/UCSB/bf6e3bc021bfbb716398180fa99d1b362c886673.bin,1
5175,b92d1020914313884f06c793b4d5c464c18cdba0.bin,192,83,datacopy/UCSB/b92d1020914313884f06c793b4d5c464c18cdba0.bin,28
5176,40fefceccf66c4a721f3167afdedddacfd8287a1.bin,192,3,datacopy/UCSB/40fefceccf66c4a721f3167afdedddacfd8287a1.bin,28
5177,1f7509d4f168517fa2e806e83fdb11eb9807380e.bin,192,83,datacopy/UCSB/1f7509d4f168517fa2e806e83fdb11eb9807380e.bin,28
5178,58bd5a13714ad7bb33c18c4dfa5a8f451edfaefa.bin,192,83,datacopy/UCSB/58bd5a13714ad7bb33c18c4dfa5a8f451edfaefa.bin,28
5179,c5c991133febb54d563c21c7803a4d4f68bdcc88.bin,192,3,datacopy/UCSB/c5c991133febb54d563c21c7803a4d4f68bdcc88.bin,28
5180,da0188a3d30b2440caf7917e8cc1a5b65383399e.bin,192,83,datacopy/UCSB/da0188a3d30b2440caf7917e8cc1a5b65383399e.bin,28
5181,cefe2e4365fa7b4ace198277229542f184ba9c8f.bin,192,83,datacopy/UCSB/cefe2e4365fa7b4ace198277229542f184ba9c8f.bin,28
5182,60e55ab008bee208abbe7b269019f35d95d62122.bin,192,83,datacopy/UCSB/60e55ab008bee208abbe7b269019f35d95d62122.bin,28
5183,8e5772ccb09007d86d0f79ffc117e2ce9e5b6184.bin,194,1520,datacopy/UCSB/8e5772ccb09007d86d0f79ffc117e2ce9e5b6184.bin,6
5184,fd6ad1f88cb6fa4543137f6318e18ad0b0239f56.bin,194,1520,datacopy/UCSB/fd6ad1f88cb6fa4543137f6318e18ad0b0239f56.bin,6
5185,13252057adcf7123dd8989015cfe18b9f948011e.bin,194,1520,datacopy/UCSB/13252057adcf7123dd8989015cfe18b9f948011e.bin,6
5186,02df68e5a8dc071d39ac597d17a7761d135e0f91.bin,194,1520,datacopy/UCSB/02df68e5a8dc071d39ac597d17a7761d135e0f91.bin,6
5187,ddfe6242b27c96c94a5ae9771fbcf1749294e829.bin,194,1520,datacopy/UCSB/ddfe6242b27c96c94a5ae9771fbcf1749294e829.bin,6
5188,fb61acd3bb67947126f70ef55eeb3a8bac0990b4.bin,194,1520,datacopy/UCSB/fb61acd3bb67947126f70ef55eeb3a8bac0990b4.bin,6
5189,045cba2e0e66036300deb43ec2194bd52fdec9c8.bin,194,1520,datacopy/UCSB/045cba2e0e66036300deb43ec2194bd52fdec9c8.bin,6
5190,55860b7f7785ff88bef29355a4ef8ed837f3385b.bin,195,1586,datacopy/UCSB/55860b7f7785ff88bef29355a4ef8ed837f3385b.bin,1
5191,5a7a45d5b4b56940e6a23ac0fb626a2d5a2e44c9.bin,195,1586,datacopy/UCSB/5a7a45d5b4b56940e6a23ac0fb626a2d5a2e44c9.bin,1
5192,4035c7a1bf567fa03586c01aa80f0361c2ba8492.bin,195,1586,datacopy/UCSB/4035c7a1bf567fa03586c01aa80f0361c2ba8492.bin,1
5193,d9341f1c7ddd80c85472ba1517ff00501046b9ae.bin,195,1586,datacopy/UCSB/d9341f1c7ddd80c85472ba1517ff00501046b9ae.bin,1
5194,41b86765159a0d64130bff0a35c64f69c9f0589a.bin,195,1586,datacopy/UCSB/41b86765159a0d64130bff0a35c64f69c9f0589a.bin,1
5195,5133722edfa1fb19e4f38500ff70920eba42a0be.bin,195,1586,datacopy/UCSB/5133722edfa1fb19e4f38500ff70920eba42a0be.bin,1
5196,7f57d8e9d82b61b8e0439f9090c71af1ee392f4b.bin,195,1586,datacopy/UCSB/7f57d8e9d82b61b8e0439f9090c71af1ee392f4b.bin,1
5197,989e7b8fdafd4936e3a586e2e7d940ed57bd6036.bin,195,1586,datacopy/UCSB/989e7b8fdafd4936e3a586e2e7d940ed57bd6036.bin,1
5198,7e8b6439634ae8f8a4de124ee34b706d931ffebe.bin,195,1586,datacopy/UCSB/7e8b6439634ae8f8a4de124ee34b706d931ffebe.bin,1
5199,38d27907f5908fd52b10206749746a6375f324e0.bin,195,1586,datacopy/UCSB/38d27907f5908fd52b10206749746a6375f324e0.bin,1
5200,19286664faa52cf1fe83043f34d76d71b8330083.bin,195,1586,datacopy/UCSB/19286664faa52cf1fe83043f34d76d71b8330083.bin,1
5201,8477bfab823031557ac6fd2e5e8504cdcf9a45d8.bin,195,1586,datacopy/UCSB/8477bfab823031557ac6fd2e5e8504cdcf9a45d8.bin,1
5202,bf465b796c9813886839b1f838830668a4510e5a.bin,195,1586,datacopy/UCSB/bf465b796c9813886839b1f838830668a4510e5a.bin,1
5203,1640e448874904be205434183273533704c9b260.bin,198,203,datacopy/UCSB/1640e448874904be205434183273533704c9b260.bin,1
5204,237c5b2fabfa80ca2402b68ba24965f92f36d8d4.bin,198,203,datacopy/UCSB/237c5b2fabfa80ca2402b68ba24965f92f36d8d4.bin,1
5205,24c889d5f7d547efe911dfc0427ae8139dcc5785.bin,198,1713,datacopy/UCSB/24c889d5f7d547efe911dfc0427ae8139dcc5785.bin,1
5206,737c73433867d9697fcb1e265f35e8cb556ddb02.bin,198,203,datacopy/UCSB/737c73433867d9697fcb1e265f35e8cb556ddb02.bin,1
5207,61e74e83d7f38cd98ef6fb52e015e2db20e8ce92.bin,198,203,datacopy/UCSB/61e74e83d7f38cd98ef6fb52e015e2db20e8ce92.bin,1
5208,cbe086a920c2b75120306238fdb54e89e99828b3.bin,198,203,datacopy/UCSB/cbe086a920c2b75120306238fdb54e89e99828b3.bin,1
5209,e521fcc00bc7a148ea0223cb6aec58f29a4bca5a.bin,198,203,datacopy/UCSB/e521fcc00bc7a148ea0223cb6aec58f29a4bca5a.bin,1
5210,74a3a733d7abb2c582894ef405acf153c96e35c7.bin,198,1713,datacopy/UCSB/74a3a733d7abb2c582894ef405acf153c96e35c7.bin,1
5211,e5e0b22875811ac869143497314af6a58db9e526.bin,198,203,datacopy/UCSB/e5e0b22875811ac869143497314af6a58db9e526.bin,1
5212,60bb315b08ff54687d29fd7275e6b1e659b67124.bin,198,203,datacopy/UCSB/60bb315b08ff54687d29fd7275e6b1e659b67124.bin,1
5213,77b74b21388e000cee2bb0a3a9e8bce9c374d843.bin,199,1591,datacopy/UCSB/77b74b21388e000cee2bb0a3a9e8bce9c374d843.bin,16
5214,07806bf0e936e5a74233bafc9656ed068edccec9.bin,199,1591,datacopy/UCSB/07806bf0e936e5a74233bafc9656ed068edccec9.bin,16
5215,d86d3a688d309f4210afe922099943bff664d354.codex,199,841,datacopy/CodexGiga/d86d3a688d309f4210afe922099943bff664d354.codex,16
5216,89fdc23ccd0dca2c88037911b4c2574fd99bbba1.codex,199,841,datacopy/CodexGiga/89fdc23ccd0dca2c88037911b4c2574fd99bbba1.codex,16
5217,fbf6c8f36a38f406951abe8b32123857b65eba44.codex,199,841,datacopy/CodexGiga/fbf6c8f36a38f406951abe8b32123857b65eba44.codex,16
5218,4af3d41f1559dda87710a0c3cd5623b0f02d1f0f.codex,199,841,datacopy/CodexGiga/4af3d41f1559dda87710a0c3cd5623b0f02d1f0f.codex,16
5219,607ea7662f2fee990ec4729d7c81b5391343dd55.codex,199,841,datacopy/CodexGiga/607ea7662f2fee990ec4729d7c81b5391343dd55.codex,16
5220,d08508a7bedf068a7ecf47273e7c75da3913d445.codex,199,841,datacopy/CodexGiga/d08508a7bedf068a7ecf47273e7c75da3913d445.codex,16
5221,040ec3cf3b3707209f8c53163efb1ffd226f4316.codex,199,841,datacopy/CodexGiga/040ec3cf3b3707209f8c53163efb1ffd226f4316.codex,16
5222,b0a26f7c2580599e34d11c172badc3aa84cf4710.codex,199,841,datacopy/CodexGiga/b0a26f7c2580599e34d11c172badc3aa84cf4710.codex,16
5223,b8269956b394dc9fedc665bf696f785ec1da916f.codex,199,841,datacopy/CodexGiga/b8269956b394dc9fedc665bf696f785ec1da916f.codex,16
5224,e2c1d4e22db059a498d36ca98956c568f64c77c8.codex,199,841,datacopy/CodexGiga/e2c1d4e22db059a498d36ca98956c568f64c77c8.codex,16
5225,312578a6511ded0f321d151812ce169e663547a1.codex,199,841,datacopy/CodexGiga/312578a6511ded0f321d151812ce169e663547a1.codex,16
5226,b3951fa9375f4b1cd34b34ef52e795c6bdd62635.codex,199,841,datacopy/CodexGiga/b3951fa9375f4b1cd34b34ef52e795c6bdd62635.codex,16
5227,aadbc451cfff086a8788a42e8670545982ba294d.codex,199,841,datacopy/CodexGiga/aadbc451cfff086a8788a42e8670545982ba294d.codex,16
5228,02b4d79821abe1f6f1c53423addab07df5af2c8b.codex,199,841,datacopy/CodexGiga/02b4d79821abe1f6f1c53423addab07df5af2c8b.codex,16
5229,bf1ec2cd55ff9dfc3df9572c975882b2a3e0e7a2.codex,199,841,datacopy/CodexGiga/bf1ec2cd55ff9dfc3df9572c975882b2a3e0e7a2.codex,16
5230,55e2b59adee8713c623bc512e37bde4539ff1915.codex,199,841,datacopy/CodexGiga/55e2b59adee8713c623bc512e37bde4539ff1915.codex,16
5231,8fc7b1b2553a2b7f64dd0db3a5a5385d5b09d087.codex,199,841,datacopy/CodexGiga/8fc7b1b2553a2b7f64dd0db3a5a5385d5b09d087.codex,16
5232,f76fe10a44d49df0d33518d34ed017fd89eb109f.codex,199,841,datacopy/CodexGiga/f76fe10a44d49df0d33518d34ed017fd89eb109f.codex,16
5233,8d70cd04ed89aaf5687eb8c08893b2713e0b2299.codex,199,841,datacopy/CodexGiga/8d70cd04ed89aaf5687eb8c08893b2713e0b2299.codex,16
5234,0d9fd39212d390b7a9d32b840a9868c4641f55fa.codex,199,841,datacopy/CodexGiga/0d9fd39212d390b7a9d32b840a9868c4641f55fa.codex,16
5235,15d80013786e8c15765b5856ad057d420422e414.codex,199,841,datacopy/CodexGiga/15d80013786e8c15765b5856ad057d420422e414.codex,16
5236,09f5b1923461bf24fc201793dab59a4886a44af9.codex,199,841,datacopy/CodexGiga/09f5b1923461bf24fc201793dab59a4886a44af9.codex,16
5237,cfba7d6ca87925ed6b4edc7ec1d98bd264e38545.codex,199,841,datacopy/CodexGiga/cfba7d6ca87925ed6b4edc7ec1d98bd264e38545.codex,16
5238,1db3bb0a19963fcc8ac0536b784d5c42bde2332f.codex,199,841,datacopy/CodexGiga/1db3bb0a19963fcc8ac0536b784d5c42bde2332f.codex,16
5239,096506179462f38845548c08a615ee728d6609c3.codex,199,841,datacopy/CodexGiga/096506179462f38845548c08a615ee728d6609c3.codex,16
5240,53c75fa045c5a7fe0f56a21be57cbab6dd89c4e9.codex,199,841,datacopy/CodexGiga/53c75fa045c5a7fe0f56a21be57cbab6dd89c4e9.codex,16
5241,4404aed05d009ebf6dae3e0aa4e08a3544409af0.codex,199,841,datacopy/CodexGiga/4404aed05d009ebf6dae3e0aa4e08a3544409af0.codex,16
5242,a311777a002e82de4f07dac667dd9dd568e9bfbd.codex,199,841,datacopy/CodexGiga/a311777a002e82de4f07dac667dd9dd568e9bfbd.codex,16
5243,d2ebdf0c9cb35b26cce308aaeab90bc5d0f4dfa8.codex,199,841,datacopy/CodexGiga/d2ebdf0c9cb35b26cce308aaeab90bc5d0f4dfa8.codex,16
5244,2bb05cd23b6a63a639954cffdc53036286da9685.codex,199,841,datacopy/CodexGiga/2bb05cd23b6a63a639954cffdc53036286da9685.codex,16
5245,cdba1fdc81b3e2a597eb39e28018fbe1189c6773.codex,199,841,datacopy/CodexGiga/cdba1fdc81b3e2a597eb39e28018fbe1189c6773.codex,16
5246,dd56d78ac91e9fc43ddbcdbb6230c88870a1188f.codex,199,841,datacopy/CodexGiga/dd56d78ac91e9fc43ddbcdbb6230c88870a1188f.codex,16
5247,feaddb5aa8354cf198ea2bbd907f4df4c00ac7ea.codex,199,841,datacopy/CodexGiga/feaddb5aa8354cf198ea2bbd907f4df4c00ac7ea.codex,16
5248,96d4a90a49939a49b855bd0ab4422da8a4a551b9.codex,199,841,datacopy/CodexGiga/96d4a90a49939a49b855bd0ab4422da8a4a551b9.codex,16
5249,0e3da2c3d60ab7739c02499e57f8823702d1fbcf.codex,199,841,datacopy/CodexGiga/0e3da2c3d60ab7739c02499e57f8823702d1fbcf.codex,16
5250,c80344960a6776226dd090f38c7cfa59b3275a17.codex,199,841,datacopy/CodexGiga/c80344960a6776226dd090f38c7cfa59b3275a17.codex,16
5251,13dfad6307dffcba9edace1bfb59b30c5b70f7ff.codex,199,841,datacopy/CodexGiga/13dfad6307dffcba9edace1bfb59b30c5b70f7ff.codex,16
5252,ad24687dc37536ce0603f658f4a7f49ad991c9d8.codex,199,841,datacopy/CodexGiga/ad24687dc37536ce0603f658f4a7f49ad991c9d8.codex,16
5253,fea6c82920ffafc372b7e070859ca9eb11a5f11e.codex,199,841,datacopy/CodexGiga/fea6c82920ffafc372b7e070859ca9eb11a5f11e.codex,16
5254,b2db06e05b597971fe0bf4174c84c8e2e9a04cef.codex,199,841,datacopy/CodexGiga/b2db06e05b597971fe0bf4174c84c8e2e9a04cef.codex,16
5255,a01b4bd4bb4502682f6e6b6fb7d5bfc05ba21944.bin,201,1548,datacopy/UCSB/a01b4bd4bb4502682f6e6b6fb7d5bfc05ba21944.bin,1
5256,1d3c611527808e6b87d8432b839a8094d8caca13.bin,201,1548,datacopy/UCSB/1d3c611527808e6b87d8432b839a8094d8caca13.bin,1
5257,5ab70457789d6efdd8ca14f23f1f603b3d4c89f4.bin,201,1548,datacopy/UCSB/5ab70457789d6efdd8ca14f23f1f603b3d4c89f4.bin,1
5258,277411db8a478548fd5af94f23ee404fde3ded77.bin,201,1548,datacopy/UCSB/277411db8a478548fd5af94f23ee404fde3ded77.bin,1
5259,c9b1df718a56b2b586e4d2f6ad0f8f17e860d64d.bin,201,192,datacopy/UCSB/c9b1df718a56b2b586e4d2f6ad0f8f17e860d64d.bin,1
5260,d1d0954c1b0c333617453d65e6a57f17d631569b.bin,201,1548,datacopy/UCSB/d1d0954c1b0c333617453d65e6a57f17d631569b.bin,1
5261,e59d10243a9794261f2b12fb319be2b603d7116a.bin,201,1548,datacopy/UCSB/e59d10243a9794261f2b12fb319be2b603d7116a.bin,1
5262,ed34c965017b726098d9c3b6b6ddb8c8ef77660c.bin,201,1548,datacopy/UCSB/ed34c965017b726098d9c3b6b6ddb8c8ef77660c.bin,1
5263,a2b8b344afd478b5d019daae84a4cdabf5a6adea.bin,201,1548,datacopy/UCSB/a2b8b344afd478b5d019daae84a4cdabf5a6adea.bin,1
5264,797d8018b0dfbb0be063504b763c7c6a86ea177d.bin,201,1548,datacopy/UCSB/797d8018b0dfbb0be063504b763c7c6a86ea177d.bin,1
5265,2df7af5ca597c93c0e639150f198b92939a3de87.bin,201,1548,datacopy/UCSB/2df7af5ca597c93c0e639150f198b92939a3de87.bin,1
5266,9b89f6d74fb094e0365b8a353196c4db4c0e2e00.bin,201,1548,datacopy/UCSB/9b89f6d74fb094e0365b8a353196c4db4c0e2e00.bin,1
5267,dd562d61263dba63580b3e5f989446392f2afb70.bin,201,1548,datacopy/UCSB/dd562d61263dba63580b3e5f989446392f2afb70.bin,1
5268,28371f6f0c3da1c64b25718e5f6f8d2016c1ac90.bin,201,1548,datacopy/UCSB/28371f6f0c3da1c64b25718e5f6f8d2016c1ac90.bin,1
5269,9c87da43b0a8bc708d71d8f7fe7e0f3707f345c7.bin,201,1548,datacopy/UCSB/9c87da43b0a8bc708d71d8f7fe7e0f3707f345c7.bin,1
5270,a64a4015603cbb586a67ce02e29e4c4ddb4562a8.bin,204,1602,datacopy/UCSB/a64a4015603cbb586a67ce02e29e4c4ddb4562a8.bin,1
5271,0e2e0f2b0fad41c035fb552445ac6001d76e8c81.bin,204,1602,datacopy/UCSB/0e2e0f2b0fad41c035fb552445ac6001d76e8c81.bin,1
5272,edb8b58ace89f690261efd6fa1fc439855cf9e26.bin,204,1602,datacopy/UCSB/edb8b58ace89f690261efd6fa1fc439855cf9e26.bin,1
5273,dac8f8e60da2ab26d33210821b003e8ccbc572ca.bin,208,341,datacopy/UCSB/dac8f8e60da2ab26d33210821b003e8ccbc572ca.bin,1
5274,56017075d96889c40aea090818a224e472a18f14.bin,208,341,datacopy/UCSB/56017075d96889c40aea090818a224e472a18f14.bin,1
5275,a008948ad844e5e3baec01e388833817235057ec.bin,208,341,datacopy/UCSB/a008948ad844e5e3baec01e388833817235057ec.bin,1
5276,a165b5d26573d44c0296e11d74377eaa32659280.bin,208,341,datacopy/UCSB/a165b5d26573d44c0296e11d74377eaa32659280.bin,1
5277,d30e6ffbdcf0e362419261c385e17dd47a55c3c2.bin,208,341,datacopy/UCSB/d30e6ffbdcf0e362419261c385e17dd47a55c3c2.bin,1
5278,18153cac0fb492b70eaf9a1eaa775dd8098fc99a.bin,208,341,datacopy/UCSB/18153cac0fb492b70eaf9a1eaa775dd8098fc99a.bin,1
5279,710910c68c84d5dfd3c7fd60d1377b6b125cda62.bin,208,341,datacopy/UCSB/710910c68c84d5dfd3c7fd60d1377b6b125cda62.bin,1
5280,362b13b428e8f56d1a9a00ad3a8768128e967459.bin,208,341,datacopy/UCSB/362b13b428e8f56d1a9a00ad3a8768128e967459.bin,1
5281,f400784943f520d8358379efdb2bc4f602c395ed.bin,208,341,datacopy/UCSB/f400784943f520d8358379efdb2bc4f602c395ed.bin,1
5282,e7f27f58782c31c91c87c1d935c05371b87fdac3.bin,208,341,datacopy/UCSB/e7f27f58782c31c91c87c1d935c05371b87fdac3.bin,1
5283,cc964c6bdb2008029dfe6fee664c2db98a5c4d50.bin,208,341,datacopy/UCSB/cc964c6bdb2008029dfe6fee664c2db98a5c4d50.bin,1
5284,511267074f039766ba72f5ab783779d8b8931824.bin,209,1624,datacopy/UCSB/511267074f039766ba72f5ab783779d8b8931824.bin,3
5285,ed2f773a161c2da77c0ae0e75a2043f2585961ad.bin,209,1624,datacopy/UCSB/ed2f773a161c2da77c0ae0e75a2043f2585961ad.bin,3
5286,7e84691b89df07a137647f747d70cf165bab26e0.bin,210,1548,datacopy/UCSB/7e84691b89df07a137647f747d70cf165bab26e0.bin,1
5287,5940c7f3f924abf696e4345a0023c8384753f3e2.bin,210,1548,datacopy/UCSB/5940c7f3f924abf696e4345a0023c8384753f3e2.bin,1
5288,797e82013ca06fbc102b91f1d0cb125bb05ee88b.bin,210,1548,datacopy/UCSB/797e82013ca06fbc102b91f1d0cb125bb05ee88b.bin,1
5289,e835219f44b101bbe37cc290d48c0b833c0afbe4.bin,211,83,datacopy/UCSB/e835219f44b101bbe37cc290d48c0b833c0afbe4.bin,28
5290,ba37eee6edc0368cfc4ec14e15eb1fc0bd9c2dd1.bin,211,1433,datacopy/UCSB/ba37eee6edc0368cfc4ec14e15eb1fc0bd9c2dd1.bin,28
5291,d9080f3525d0e032efa3011866e2771ac3076924.bin,211,1433,datacopy/UCSB/d9080f3525d0e032efa3011866e2771ac3076924.bin,28
5292,62b4f710ee6907400fdeb381bb426bfef2ebb143.bin,211,1433,datacopy/UCSB/62b4f710ee6907400fdeb381bb426bfef2ebb143.bin,28
5293,91eb53c60517527ae8979e9efd3a6703e9555327.bin,211,1433,datacopy/UCSB/91eb53c60517527ae8979e9efd3a6703e9555327.bin,28
5294,8f00743e8c9b02391bb3eee1edfbb689def105a1.bin,211,1433,datacopy/UCSB/8f00743e8c9b02391bb3eee1edfbb689def105a1.bin,28
5295,d3cd086005aafe4d60020b3eb44c128fbea67664.bin,211,83,datacopy/UCSB/d3cd086005aafe4d60020b3eb44c128fbea67664.bin,28
5296,161f136bd820c87a229944cf58a528fc08838b89.bin,211,1433,datacopy/UCSB/161f136bd820c87a229944cf58a528fc08838b89.bin,28
5297,4e45a4b14d611db2f6384ff6dc3b2ca8e1f1c5b3.bin,211,1433,datacopy/UCSB/4e45a4b14d611db2f6384ff6dc3b2ca8e1f1c5b3.bin,28
5298,ca615909b8b0c11154ad7ac03b245e8eecb5d6d8.bin,211,1433,datacopy/UCSB/ca615909b8b0c11154ad7ac03b245e8eecb5d6d8.bin,28
5299,0c57b233e36ff431439e4463bd4b1bc0995c18e5.bin,211,83,datacopy/UCSB/0c57b233e36ff431439e4463bd4b1bc0995c18e5.bin,28
5300,bf09f3cd8672fd7a9fa0c068959d9ee05a844ddf.bin,211,1433,datacopy/UCSB/bf09f3cd8672fd7a9fa0c068959d9ee05a844ddf.bin,28
5301,7221c8f3e184be1cb541a1359af25b2832ab41b8.bin,211,83,datacopy/UCSB/7221c8f3e184be1cb541a1359af25b2832ab41b8.bin,28
5302,7e71abe463f32df32e4bedb979115309087f250b.bin,211,83,datacopy/UCSB/7e71abe463f32df32e4bedb979115309087f250b.bin,28
5303,176c906a0e81f51bd56a83004642ac2b1e993eda.bin,211,83,datacopy/UCSB/176c906a0e81f51bd56a83004642ac2b1e993eda.bin,28
5304,1d980bd8eddaa28b22a316a23b6dd8ea1b9a0097.bin,211,1433,datacopy/UCSB/1d980bd8eddaa28b22a316a23b6dd8ea1b9a0097.bin,28
5305,89f9af8c4c3494f48f1af126fb378fde57b888f9.bin,211,1433,datacopy/UCSB/89f9af8c4c3494f48f1af126fb378fde57b888f9.bin,28
5306,1b53265390ad043938ff7fdd785a3a1ac55647d2.bin,211,1433,datacopy/UCSB/1b53265390ad043938ff7fdd785a3a1ac55647d2.bin,28
5307,79e2f6180120998c45c034e2ca8e5f0b8d7c7ccc.bin,211,83,datacopy/UCSB/79e2f6180120998c45c034e2ca8e5f0b8d7c7ccc.bin,28
5308,309924f993894d16ebadc724e803d4273a61c066.bin,211,83,datacopy/UCSB/309924f993894d16ebadc724e803d4273a61c066.bin,28
5309,da5dd15ee88108d745249f8da719dc0f86bf611d.bin,211,83,datacopy/UCSB/da5dd15ee88108d745249f8da719dc0f86bf611d.bin,28
5310,350a43cd2dacfbf63e9015d832730826c1e3d258.bin,211,83,datacopy/UCSB/350a43cd2dacfbf63e9015d832730826c1e3d258.bin,28
5311,dc9ae30731c94b514f0532e586d1820293e63a0c.bin,211,1433,datacopy/UCSB/dc9ae30731c94b514f0532e586d1820293e63a0c.bin,28
5312,91985fa5c96f57acc78e8f7e47a22bf0319439a2.bin,211,1433,datacopy/UCSB/91985fa5c96f57acc78e8f7e47a22bf0319439a2.bin,28
5313,524a953b8c0a73fccbb4febc77d0e93778563ca5.bin,211,83,datacopy/UCSB/524a953b8c0a73fccbb4febc77d0e93778563ca5.bin,28
5314,95a741f7f3e03193692c1751f12ed92b600876ad.bin,211,1433,datacopy/UCSB/95a741f7f3e03193692c1751f12ed92b600876ad.bin,28
5315,406d06cd4a99cbc3f84196e5c7480d1cf7c36923.bin,211,83,datacopy/UCSB/406d06cd4a99cbc3f84196e5c7480d1cf7c36923.bin,28
5316,aa3542dc7a88f69795bb585da3af9585f0c564d1.bin,211,83,datacopy/UCSB/aa3542dc7a88f69795bb585da3af9585f0c564d1.bin,28
5317,aa63ef716231d7eea3025f1a2ac2fceac39343e6.bin,211,83,datacopy/UCSB/aa63ef716231d7eea3025f1a2ac2fceac39343e6.bin,28
5318,a47754b8b4041c99dc3b24521e1bc9909c1a1dac.bin,211,83,datacopy/UCSB/a47754b8b4041c99dc3b24521e1bc9909c1a1dac.bin,28
5319,fb20c7e3a61c758e1fb030ddaf5506e35e7ae274.bin,211,1433,datacopy/UCSB/fb20c7e3a61c758e1fb030ddaf5506e35e7ae274.bin,28
5320,0d67f49a2d48cfe923125bf713b0e7330800352d.bin,211,1433,datacopy/UCSB/0d67f49a2d48cfe923125bf713b0e7330800352d.bin,28
5321,013547dae16af3b8be19ef52852d61cead9a8979.bin,211,1433,datacopy/UCSB/013547dae16af3b8be19ef52852d61cead9a8979.bin,28
5322,c43852b1da270ca189279fddb79ad1932f6d291f.bin,211,1433,datacopy/UCSB/c43852b1da270ca189279fddb79ad1932f6d291f.bin,28
5323,880d4711dea949a8f3984e606eb2040eb8642ce7.bin,211,83,datacopy/UCSB/880d4711dea949a8f3984e606eb2040eb8642ce7.bin,28
5324,49f8a90716b2f8dbfef5fe3839a8d145acaf2cec.bin,211,83,datacopy/UCSB/49f8a90716b2f8dbfef5fe3839a8d145acaf2cec.bin,28
5325,504d1b1d8926ce1af06d4124cef80c272d1b5de8.bin,211,83,datacopy/UCSB/504d1b1d8926ce1af06d4124cef80c272d1b5de8.bin,28
5326,74713076b16407a665543c10e118d92c291857d3.bin,211,83,datacopy/UCSB/74713076b16407a665543c10e118d92c291857d3.bin,28
5327,828780543a6e8a3a71b62beeceb0177c888af68e.bin,211,83,datacopy/UCSB/828780543a6e8a3a71b62beeceb0177c888af68e.bin,28
5328,794df2e654a95e91cb9617e3f6da019221821175.bin,213,734,datacopy/UCSB/794df2e654a95e91cb9617e3f6da019221821175.bin,24
5329,14b020253d6f3e53e65f3dacb155cea42b0536e5.bin,213,734,datacopy/UCSB/14b020253d6f3e53e65f3dacb155cea42b0536e5.bin,24
5330,b3681a632e6c83b0a0aff26d8c2dce7fcf470f2a.bin,213,734,datacopy/UCSB/b3681a632e6c83b0a0aff26d8c2dce7fcf470f2a.bin,24
5331,c96651121cc0b69ceb09e312c8a70af5f5825f1c.bin,213,734,datacopy/UCSB/c96651121cc0b69ceb09e312c8a70af5f5825f1c.bin,24
5332,f6869d0a7b868296314d515525778b3a7ce5b969.bin,213,734,datacopy/UCSB/f6869d0a7b868296314d515525778b3a7ce5b969.bin,24
5333,fc463a0e83054fae77a3f1e09c5989b1f904bcca.bin,213,734,datacopy/UCSB/fc463a0e83054fae77a3f1e09c5989b1f904bcca.bin,24
5334,931c8e1e72f0542fa49f318ea81bbea1f3b592c3.bin,213,734,datacopy/UCSB/931c8e1e72f0542fa49f318ea81bbea1f3b592c3.bin,24
5335,631c0751368a3ac5a84cf33713315f52d19338e1.bin,213,734,datacopy/UCSB/631c0751368a3ac5a84cf33713315f52d19338e1.bin,24
5336,aaca5e7c25d31c14f5948f651b79d26955188b1d.bin,213,734,datacopy/UCSB/aaca5e7c25d31c14f5948f651b79d26955188b1d.bin,24
5337,8f8657a9f2450083af5777b7b8bba0abb73f2405.bin,213,734,datacopy/UCSB/8f8657a9f2450083af5777b7b8bba0abb73f2405.bin,24
5338,bff1563671b6dc64c8024b768149c67e683017bd.bin,213,734,datacopy/UCSB/bff1563671b6dc64c8024b768149c67e683017bd.bin,24
5339,5e452de384f5d7fa463f74c9d8db9625409ba027.bin,213,734,datacopy/UCSB/5e452de384f5d7fa463f74c9d8db9625409ba027.bin,24
5340,9daf01efb1612fa7450016ba672ef0c43da1bd22.bin,213,734,datacopy/UCSB/9daf01efb1612fa7450016ba672ef0c43da1bd22.bin,24
5341,bb8aa7f7db22d557637e5b4397dfacae88a5aa61.bin,213,734,datacopy/UCSB/bb8aa7f7db22d557637e5b4397dfacae88a5aa61.bin,24
5342,0d264cd29e843653052788d9fb3099003730b4ea.bin,213,734,datacopy/UCSB/0d264cd29e843653052788d9fb3099003730b4ea.bin,24
5343,2194d59da6f58265792ae4b39f4d786dd285e9cc.bin,213,734,datacopy/UCSB/2194d59da6f58265792ae4b39f4d786dd285e9cc.bin,24
5344,69527efbc9e78f3d8b3af2c84d7da44d760d5433.bin,213,734,datacopy/UCSB/69527efbc9e78f3d8b3af2c84d7da44d760d5433.bin,24
5345,7ce295402cb65e2809af8033daa7faff78f18313.bin,213,734,datacopy/UCSB/7ce295402cb65e2809af8033daa7faff78f18313.bin,24
5346,0315692528e023f08499712d9617f130d10565a5.bin,213,734,datacopy/UCSB/0315692528e023f08499712d9617f130d10565a5.bin,24
5347,612b1110902e6500dfe21a132a43f7c644cc5a11.bin,213,734,datacopy/UCSB/612b1110902e6500dfe21a132a43f7c644cc5a11.bin,24
5348,cfb10cdd90f84302b1999a1e8e54fb7e15811c65.bin,213,734,datacopy/UCSB/cfb10cdd90f84302b1999a1e8e54fb7e15811c65.bin,24
5349,d0e044c82dea89b8150a872c2db7e42fb02d81d9.bin,213,734,datacopy/UCSB/d0e044c82dea89b8150a872c2db7e42fb02d81d9.bin,24
5350,42684af828ddaaeecd2496f1e662e4f7ecb49785.bin,213,734,datacopy/UCSB/42684af828ddaaeecd2496f1e662e4f7ecb49785.bin,24
5351,5362c0c2b48fce59ed5e263260d97d2a349c85ce.bin,213,734,datacopy/UCSB/5362c0c2b48fce59ed5e263260d97d2a349c85ce.bin,24
5352,4e083e8e73c82ecf361c5a1a1f1945fd68d55f93.bin,213,734,datacopy/UCSB/4e083e8e73c82ecf361c5a1a1f1945fd68d55f93.bin,24
5353,22e87b077994c82f159838bc0fc8d8588eb093cf.bin,213,734,datacopy/UCSB/22e87b077994c82f159838bc0fc8d8588eb093cf.bin,24
5354,66779f6a4161a55cd2708be30b145c88830f7522.bin,213,734,datacopy/UCSB/66779f6a4161a55cd2708be30b145c88830f7522.bin,24
5355,69c4660c166a75a3bc04e1eba95ba919340323a1.bin,213,734,datacopy/UCSB/69c4660c166a75a3bc04e1eba95ba919340323a1.bin,24
5356,74f734402c07ac5d96f296f47fd41df5d470f4c8.bin,213,734,datacopy/UCSB/74f734402c07ac5d96f296f47fd41df5d470f4c8.bin,24
5357,46e429d8b6f0ddcf585daf42e2efa2e93257090d.bin,213,734,datacopy/UCSB/46e429d8b6f0ddcf585daf42e2efa2e93257090d.bin,24
5358,78c00dba5c2c056a66f35f5d4a7f4a9d1f903407.bin,213,734,datacopy/UCSB/78c00dba5c2c056a66f35f5d4a7f4a9d1f903407.bin,24
5359,46fc6d28b974375c46eb2029797219590a30e9a8.codex,213,734,datacopy/CodexGiga/46fc6d28b974375c46eb2029797219590a30e9a8.codex,24
5360,c01fbb52a7a188c4f7441a808b153a34ec753a2d.codex,213,734,datacopy/CodexGiga/c01fbb52a7a188c4f7441a808b153a34ec753a2d.codex,24
5361,043069bd51cb022722d0670c111e716a6e59142a.codex,213,734,datacopy/CodexGiga/043069bd51cb022722d0670c111e716a6e59142a.codex,24
5362,bd6d4ebd768f6e28d8806eb78cdda5996fa3bb9e.codex,213,734,datacopy/CodexGiga/bd6d4ebd768f6e28d8806eb78cdda5996fa3bb9e.codex,24
5363,d5cb16a7052cf52dee5760f4ab70478318500f4e4abf3eaaa4b3acbdbcc96762,213,734,datacopy/Stefano/d5cb16a7052cf52dee5760f4ab70478318500f4e4abf3eaaa4b3acbdbcc96762,24
5364,d8f6d7cffd7c948b6e77b4e33b56cfe2dc7b4e0d.bin,216,1598,datacopy/UCSB/d8f6d7cffd7c948b6e77b4e33b56cfe2dc7b4e0d.bin,1
5365,f37da6d0528605876afa819c6aeb1be4ef6eca24.bin,217,725,datacopy/UCSB/f37da6d0528605876afa819c6aeb1be4ef6eca24.bin,7
5366,77e7d986bf14fad0499c09144e8cbcf646a490cc.bin,217,725,datacopy/UCSB/77e7d986bf14fad0499c09144e8cbcf646a490cc.bin,7
5367,751c1b4b40f9d9cb7d5a78eacb4f9324bbed501a.bin,217,725,datacopy/UCSB/751c1b4b40f9d9cb7d5a78eacb4f9324bbed501a.bin,7
5368,e0fd8992a9a861571f5aa84c14a67beac4e7cbf0.bin,217,725,datacopy/UCSB/e0fd8992a9a861571f5aa84c14a67beac4e7cbf0.bin,7
5369,c859bffd13265955f2025518e9c2e6aa14966c40.bin,217,725,datacopy/UCSB/c859bffd13265955f2025518e9c2e6aa14966c40.bin,7
5370,e057df2060245f65258a5f48b0cb674b884d9db2.bin,217,725,datacopy/UCSB/e057df2060245f65258a5f48b0cb674b884d9db2.bin,7
5371,3154a9ae7f1e3a045441bc9fb8e91ebe62c78ec5.bin,217,725,datacopy/UCSB/3154a9ae7f1e3a045441bc9fb8e91ebe62c78ec5.bin,7
5372,89cd9049b9803b1d72f4dc14c77960f89ae03a3c.bin,217,725,datacopy/UCSB/89cd9049b9803b1d72f4dc14c77960f89ae03a3c.bin,7
5373,9f9723dd8608e39dad81c1bc2a9f9cd2e7f56430.bin,217,725,datacopy/UCSB/9f9723dd8608e39dad81c1bc2a9f9cd2e7f56430.bin,7
5374,899e07cd0c2b8904da7cc9eca0227de2980256bc.bin,217,725,datacopy/UCSB/899e07cd0c2b8904da7cc9eca0227de2980256bc.bin,7
5375,0fed9ece57c367e151a740cb06d0d7ef202084bd.bin,217,725,datacopy/UCSB/0fed9ece57c367e151a740cb06d0d7ef202084bd.bin,7
5376,b1b61293d2b8e6394598fabb7b3342acb07e3ef0.bin,217,725,datacopy/UCSB/b1b61293d2b8e6394598fabb7b3342acb07e3ef0.bin,7
5377,92fb1ceafa0250aa5dccb3f54c18703ae2887cd6.bin,217,725,datacopy/UCSB/92fb1ceafa0250aa5dccb3f54c18703ae2887cd6.bin,7
5378,6a2f5174dea4a6d53ff2332f5852b2eeb3b90603.bin,217,725,datacopy/UCSB/6a2f5174dea4a6d53ff2332f5852b2eeb3b90603.bin,7
5379,d1d444d2dac3f921f2f191fb9758f1c724425c60.bin,217,725,datacopy/UCSB/d1d444d2dac3f921f2f191fb9758f1c724425c60.bin,7
5380,c63f1555685590786d7ca7f0e1ce60377b55eae3.bin,219,1360,datacopy/UCSB/c63f1555685590786d7ca7f0e1ce60377b55eae3.bin,1
5381,242ab36d789b46220518281f6b37842e957e3d12.bin,219,1360,datacopy/UCSB/242ab36d789b46220518281f6b37842e957e3d12.bin,1
5382,29cd50ae13a5830152af43b57d31f3deee3f9c881c2b71833e88069b99cb8235,219,1360,datacopy/Stefano/29cd50ae13a5830152af43b57d31f3deee3f9c881c2b71833e88069b99cb8235,1
5383,5b43be3933cbdfb8cd27797b2deda9a5e0476517.bin,220,3,datacopy/UCSB/5b43be3933cbdfb8cd27797b2deda9a5e0476517.bin,1
5384,48ab4e603e19903e5883a04e2ea24997a490fed7.bin,220,3,datacopy/UCSB/48ab4e603e19903e5883a04e2ea24997a490fed7.bin,1
5385,c115dd210831906b6639f3762f3d3aba0a679622.bin,220,3,datacopy/UCSB/c115dd210831906b6639f3762f3d3aba0a679622.bin,1
5386,bc3051944e737a3e31ab4a48c680f658e9812cc1.bin,220,3,datacopy/UCSB/bc3051944e737a3e31ab4a48c680f658e9812cc1.bin,1
5387,8036d74f85cce8728ab30d4d243f9707ab18151f.bin,220,3,datacopy/UCSB/8036d74f85cce8728ab30d4d243f9707ab18151f.bin,1
5388,0fb4867997526d20c681491dea9769f1e5f7717f.bin,220,3,datacopy/UCSB/0fb4867997526d20c681491dea9769f1e5f7717f.bin,1
5389,93ef1a36d71273dd00be715366b0b353597fcdbe.bin,220,3,datacopy/UCSB/93ef1a36d71273dd00be715366b0b353597fcdbe.bin,1
5390,e3ed8a0c194f6e5555e0220a5e9db0d644e4cf64.bin,220,3,datacopy/UCSB/e3ed8a0c194f6e5555e0220a5e9db0d644e4cf64.bin,1
5391,623b1c1a2121f4226853efacf1b435ff44b32b21.bin,220,3,datacopy/UCSB/623b1c1a2121f4226853efacf1b435ff44b32b21.bin,1
5392,d6efafed96665be061fce4ad4ead9b657eec4c72.bin,220,3,datacopy/UCSB/d6efafed96665be061fce4ad4ead9b657eec4c72.bin,1
5393,6f8fd740db2f1c00a3b417ae64ea15f7bcf8b224.bin,220,3,datacopy/UCSB/6f8fd740db2f1c00a3b417ae64ea15f7bcf8b224.bin,1
5394,2690bb02223430aac4e7b2eebe36922afa56bb98.bin,220,3,datacopy/UCSB/2690bb02223430aac4e7b2eebe36922afa56bb98.bin,1
5395,95b7ec3981939ab467bfeca048789d00ab4eaea0.bin,220,3,datacopy/UCSB/95b7ec3981939ab467bfeca048789d00ab4eaea0.bin,1
5396,273063d3a993f8519b51f5954c4e262c1b77bee5.bin,220,3,datacopy/UCSB/273063d3a993f8519b51f5954c4e262c1b77bee5.bin,1
5397,d31bbc68ffb16cb6cd6c0e0943ca6b2d2b777fb0.bin,220,3,datacopy/UCSB/d31bbc68ffb16cb6cd6c0e0943ca6b2d2b777fb0.bin,1
5398,8284ea5c20d5845f026ac4db15e47b531796656a.bin,220,3,datacopy/UCSB/8284ea5c20d5845f026ac4db15e47b531796656a.bin,1
5399,294e6e0b115f88405ac33cc6fb7de63be1ed5983.bin,220,3,datacopy/UCSB/294e6e0b115f88405ac33cc6fb7de63be1ed5983.bin,1
5400,856f8078f112c4df156ed241f797354c3e24074f.bin,220,3,datacopy/UCSB/856f8078f112c4df156ed241f797354c3e24074f.bin,1
5401,0db184d7d27beca4cdec55c248fe04a7580e6811.bin,220,3,datacopy/UCSB/0db184d7d27beca4cdec55c248fe04a7580e6811.bin,1
5402,7a26d29ae4da164fb7951a02e1b7d7f9e20448b1.bin,220,3,datacopy/UCSB/7a26d29ae4da164fb7951a02e1b7d7f9e20448b1.bin,1
5403,24e97a98b45a412d21ae98a432ed18c2832bbc90.bin,220,3,datacopy/UCSB/24e97a98b45a412d21ae98a432ed18c2832bbc90.bin,1
5404,dd36c620f48400e98b0810f720db8c22557a8e44.bin,220,3,datacopy/UCSB/dd36c620f48400e98b0810f720db8c22557a8e44.bin,1
5405,141bc96b925b2f1f75ac4c06de449906874a3c29.bin,220,3,datacopy/UCSB/141bc96b925b2f1f75ac4c06de449906874a3c29.bin,1
5406,b547c2db4b43ec44b20c1fa971918d20a857243e.bin,220,1531,datacopy/UCSB/b547c2db4b43ec44b20c1fa971918d20a857243e.bin,1
5407,f1e2d5090a88941b7610c9d71bf60c1f12edeb26.bin,220,3,datacopy/UCSB/f1e2d5090a88941b7610c9d71bf60c1f12edeb26.bin,1
5408,b4e189470f19b0e3103194d1f4cf362171a6830c.bin,220,3,datacopy/UCSB/b4e189470f19b0e3103194d1f4cf362171a6830c.bin,1
5409,c8d94fb1c281f97c9357a3174b3e2200e99cd31a.bin,220,3,datacopy/UCSB/c8d94fb1c281f97c9357a3174b3e2200e99cd31a.bin,1
5410,3e09bbe1f39ea3cb3055e72497bc6a861f2951ec.bin,220,3,datacopy/UCSB/3e09bbe1f39ea3cb3055e72497bc6a861f2951ec.bin,1
5411,ce38004befa7b8a8c47edba2063e71c6857f81fb.bin,220,3,datacopy/UCSB/ce38004befa7b8a8c47edba2063e71c6857f81fb.bin,1
5412,d75683d27e67622c716c52bb1a03c9473d00be49.bin,220,3,datacopy/UCSB/d75683d27e67622c716c52bb1a03c9473d00be49.bin,1
5413,ccde666e647b54308a8463a0faad91ea1f1c2c0d.bin,220,3,datacopy/UCSB/ccde666e647b54308a8463a0faad91ea1f1c2c0d.bin,1
5414,9517811b33ed96c8230bc40b0101eea459f681c5.bin,220,3,datacopy/UCSB/9517811b33ed96c8230bc40b0101eea459f681c5.bin,1
5415,e069b824a445203de50a50bc0da9cc2a4e541ecb.bin,220,3,datacopy/UCSB/e069b824a445203de50a50bc0da9cc2a4e541ecb.bin,1
5416,9580b0a3129541c5fbc689c5d1e1c97cf3eaf4f9.bin,220,3,datacopy/UCSB/9580b0a3129541c5fbc689c5d1e1c97cf3eaf4f9.bin,1
5417,43235cd225065716634f836d186b48a053ce37d7.bin,220,1531,datacopy/UCSB/43235cd225065716634f836d186b48a053ce37d7.bin,1
5418,ac2c7968f6500508963480c9baf82ec292581ad6.bin,220,3,datacopy/UCSB/ac2c7968f6500508963480c9baf82ec292581ad6.bin,1
5419,73b8fc21451cd85a3dede01ea7b556aea8b3db02.bin,220,3,datacopy/UCSB/73b8fc21451cd85a3dede01ea7b556aea8b3db02.bin,1
5420,996b0abbcfefe2e1c1a239236658512b34e7e740.bin,220,3,datacopy/UCSB/996b0abbcfefe2e1c1a239236658512b34e7e740.bin,1
5421,13a155ab2478fc4270035c0c48876c7c5ed2ed41.bin,220,3,datacopy/UCSB/13a155ab2478fc4270035c0c48876c7c5ed2ed41.bin,1
5422,dc190bf7c95c0b7b043cd5629e28d8aea80a1e5b.bin,220,3,datacopy/UCSB/dc190bf7c95c0b7b043cd5629e28d8aea80a1e5b.bin,1
5423,b19aa312817a0933aef95c33b2e0b45b0915d9ae.bin,220,3,datacopy/UCSB/b19aa312817a0933aef95c33b2e0b45b0915d9ae.bin,1
5424,588305123d9ad66dca145cb060ca72c9f3064aed.bin,220,3,datacopy/UCSB/588305123d9ad66dca145cb060ca72c9f3064aed.bin,1
5425,01d10ca0828040e5f583a2e43f74e33637c7dfe6.bin,220,3,datacopy/UCSB/01d10ca0828040e5f583a2e43f74e33637c7dfe6.bin,1
5426,0aafb7be8ad946f58053429417380864d008d50e.bin,220,3,datacopy/UCSB/0aafb7be8ad946f58053429417380864d008d50e.bin,1
5427,c05a9a690c3a28c527f21b167f20f163d135a46f.bin,220,3,datacopy/UCSB/c05a9a690c3a28c527f21b167f20f163d135a46f.bin,1
5428,b361a99e68582ab554980574850a612e7b9e8b49.bin,220,3,datacopy/UCSB/b361a99e68582ab554980574850a612e7b9e8b49.bin,1
5429,21d877d5d6eb1e45b420ca522d0716f5d5730a98.bin,220,3,datacopy/UCSB/21d877d5d6eb1e45b420ca522d0716f5d5730a98.bin,1
5430,f0ccadfe9335218d40a7cd1c0e901edfb3c053f9.bin,220,3,datacopy/UCSB/f0ccadfe9335218d40a7cd1c0e901edfb3c053f9.bin,1
5431,fd7a313f2cd1989f86644f9d0a986eeaea4e673c.bin,220,3,datacopy/UCSB/fd7a313f2cd1989f86644f9d0a986eeaea4e673c.bin,1
5432,01287fe8a16961b10a82e4a23b7954fd50a111e8.bin,220,3,datacopy/UCSB/01287fe8a16961b10a82e4a23b7954fd50a111e8.bin,1
5433,75569b0f42ea8834c973414f63893843e883a98d.bin,220,3,datacopy/UCSB/75569b0f42ea8834c973414f63893843e883a98d.bin,1
5434,a92aeadd5b7b8972ec1f1587cb8c3e9dd63d8e84.bin,220,3,datacopy/UCSB/a92aeadd5b7b8972ec1f1587cb8c3e9dd63d8e84.bin,1
5435,38d17880f25100e08c2244ddbd1b994d80802ef1.bin,220,3,datacopy/UCSB/38d17880f25100e08c2244ddbd1b994d80802ef1.bin,1
5436,1f6b1453a77ed68fbfd8136572f21b3a9a5a21e8.bin,220,3,datacopy/UCSB/1f6b1453a77ed68fbfd8136572f21b3a9a5a21e8.bin,1
5437,100e0d6c4f64b37fec5a429897cfe2390e8a7df3.bin,220,3,datacopy/UCSB/100e0d6c4f64b37fec5a429897cfe2390e8a7df3.bin,1
5438,2ad429ed5d23dcc0ee4b9d83562d4df2e27e6887.bin,220,3,datacopy/UCSB/2ad429ed5d23dcc0ee4b9d83562d4df2e27e6887.bin,1
5439,0a40ae1f7612b57e2726cce2ba782121f502467a.bin,220,3,datacopy/UCSB/0a40ae1f7612b57e2726cce2ba782121f502467a.bin,1
5440,eea396a783da3a2081316dce3f72c1b973283e0996eca2a28c12676bef6998a3,220,3,datacopy/Stefano/eea396a783da3a2081316dce3f72c1b973283e0996eca2a28c12676bef6998a3,1
5441,eff2979195391ea23aad05d59181dda55d030490.bin,223,1289,datacopy/UCSB/eff2979195391ea23aad05d59181dda55d030490.bin,1
5442,d0bddcd3dcfa0b5b49035aab624859353eda6a20.bin,223,1289,datacopy/UCSB/d0bddcd3dcfa0b5b49035aab624859353eda6a20.bin,1
5443,6388baf0be47bead54cdf816b1f6f4e5c68af6ef.bin,223,1289,datacopy/UCSB/6388baf0be47bead54cdf816b1f6f4e5c68af6ef.bin,1
5444,678697357654f5ac02840b35d96b9d9d2a1b9e08.bin,223,1289,datacopy/UCSB/678697357654f5ac02840b35d96b9d9d2a1b9e08.bin,1
5445,f9896a8d70324b7133deb03f05dd15684aae186f.bin,223,1289,datacopy/UCSB/f9896a8d70324b7133deb03f05dd15684aae186f.bin,1
5446,bccdb7e3f8a9ea01d6edd6e4a2ea5825bce7988b.bin,223,1289,datacopy/UCSB/bccdb7e3f8a9ea01d6edd6e4a2ea5825bce7988b.bin,1
5447,c29d791252010a0e62745151fbdb179269bd9b62.bin,223,1289,datacopy/UCSB/c29d791252010a0e62745151fbdb179269bd9b62.bin,1
5448,db0ea5ce251e2da19c38f5b07640043e7ceac7d8.bin,223,1289,datacopy/UCSB/db0ea5ce251e2da19c38f5b07640043e7ceac7d8.bin,1
5449,8a2be97603a6fae6588cc4c2ebc3795d293e0c72.bin,223,1289,datacopy/UCSB/8a2be97603a6fae6588cc4c2ebc3795d293e0c72.bin,1
5450,92db4ee07b52f377790d0aef15cb805137798192.bin,223,1289,datacopy/UCSB/92db4ee07b52f377790d0aef15cb805137798192.bin,1
5451,acf41e122dd4f1de1b288058d53d804617363031.bin,223,1289,datacopy/UCSB/acf41e122dd4f1de1b288058d53d804617363031.bin,1
5452,746197a26926d6d3443c191094e5c9b94707dbc3.bin,225,1520,datacopy/UCSB/746197a26926d6d3443c191094e5c9b94707dbc3.bin,6
5453,6ae7cf3232f07c1a61e9b5fbb31c5f911bd89b1e.bin,225,1520,datacopy/UCSB/6ae7cf3232f07c1a61e9b5fbb31c5f911bd89b1e.bin,6
5454,c2082da2a691e8c54362e0b403367735af66251a.bin,225,1520,datacopy/UCSB/c2082da2a691e8c54362e0b403367735af66251a.bin,6
5455,3b76ae07ca2edec3da567557aa5f3cacb1d0eaa9.bin,227,1359,datacopy/UCSB/3b76ae07ca2edec3da567557aa5f3cacb1d0eaa9.bin,1
5456,f57f88002e5e9dfc00733774fa153fa57bd5a589.bin,227,1359,datacopy/UCSB/f57f88002e5e9dfc00733774fa153fa57bd5a589.bin,1
5457,60709683094dcbb7fe5669d4e6686b6e857dca49.bin,227,1359,datacopy/UCSB/60709683094dcbb7fe5669d4e6686b6e857dca49.bin,1
5458,c69aa6ca0fa38da71080f853effa58a38928d905.bin,232,488,datacopy/UCSB/c69aa6ca0fa38da71080f853effa58a38928d905.bin,3
5459,4f0ac3512132a6129cfa54b073c2c6cd93b8cefe.bin,232,203,datacopy/UCSB/4f0ac3512132a6129cfa54b073c2c6cd93b8cefe.bin,3
5460,Orcamento-PDF-31-07.exe,232,146,datacopy/BB/Files/2014-08-01/Orcamento-PDF-31-07.exe,3
5461,Orcamento-PDF.exe,232,146,datacopy/BB/Files/2014-07-30/Orcamento-PDF.exe,3
5462,a1f4308ba23314097642335e660679de4c411e7f.bin,234,758,datacopy/UCSB/a1f4308ba23314097642335e660679de4c411e7f.bin,1
5463,90fc1ad9350b4b051eca6572f7ab228bb401aeea.bin,234,758,datacopy/UCSB/90fc1ad9350b4b051eca6572f7ab228bb401aeea.bin,1
5464,16647c72fe4f9d9129fe6eb951e593b084eff38b.bin,234,758,datacopy/UCSB/16647c72fe4f9d9129fe6eb951e593b084eff38b.bin,1
5465,eff5e1174388da0a7c3c19dcc19e16299ca035cd.bin,234,758,datacopy/UCSB/eff5e1174388da0a7c3c19dcc19e16299ca035cd.bin,1
5466,1bdfac359b926cf0da543a61e01c4c3f1245b49a.bin,234,758,datacopy/UCSB/1bdfac359b926cf0da543a61e01c4c3f1245b49a.bin,1
5467,14202b33f6a00d4d760f8f067abd53c02a810715.bin,234,758,datacopy/UCSB/14202b33f6a00d4d760f8f067abd53c02a810715.bin,1
5468,b44576e005b40dd07ac84c9ccfc0102abf012d63.bin,234,758,datacopy/UCSB/b44576e005b40dd07ac84c9ccfc0102abf012d63.bin,1
5469,0fe1b0cd1581e79e8e12065b102d0d73ad6788b4.bin,234,758,datacopy/UCSB/0fe1b0cd1581e79e8e12065b102d0d73ad6788b4.bin,1
5470,0de641f77e2044678010348ed06fee9340a341bd.bin,234,758,datacopy/UCSB/0de641f77e2044678010348ed06fee9340a341bd.bin,1
5471,0d5b01b7311dc19d22b9418658dc59241536fa26.bin,234,758,datacopy/UCSB/0d5b01b7311dc19d22b9418658dc59241536fa26.bin,1
5472,ef83a3275f876873de6986d6decc4aa4f611894f.bin,234,758,datacopy/UCSB/ef83a3275f876873de6986d6decc4aa4f611894f.bin,1
5473,770c511bd4ebf7e9dec0ab0d85a313ceeb221afc.bin,234,758,datacopy/UCSB/770c511bd4ebf7e9dec0ab0d85a313ceeb221afc.bin,1
5474,569103beb5a5ae5f69dba7f7017a1e2f9c67c50a.codex,234,1146,datacopy/CodexGiga/569103beb5a5ae5f69dba7f7017a1e2f9c67c50a.codex,1
5475,c96af48b138b51b9ecfe8c8265090123ed9d9630.bin,236,574,datacopy/UCSB/c96af48b138b51b9ecfe8c8265090123ed9d9630.bin,21
5476,e0712ca65d3db61ac25ba95d65dec5ca15d172617399ab2cfc79166b858797a6,236,1172,datacopy/Stefano/e0712ca65d3db61ac25ba95d65dec5ca15d172617399ab2cfc79166b858797a6,21
5477,c49e79f60e8b82254beb932a3fa1fc064f9a724f8d2b1d0a992a2791df0e05c5,236,1172,datacopy/Stefano/c49e79f60e8b82254beb932a3fa1fc064f9a724f8d2b1d0a992a2791df0e05c5,21
5478,1447999d4e3925bbbc043efe69321b9164604f73023d60d3885fb71f724032b8,236,1172,datacopy/Stefano/1447999d4e3925bbbc043efe69321b9164604f73023d60d3885fb71f724032b8,21
5479,6861f647332d557f05561b8af38454e66782e03f4e148058cc7a6f05b66f00bb,236,1172,datacopy/Stefano/6861f647332d557f05561b8af38454e66782e03f4e148058cc7a6f05b66f00bb,21
5480,d10290343fd5a7862bf0d811f7c4eaf7f00c8943308945813fc95b76fcf16697,236,1172,datacopy/Stefano/d10290343fd5a7862bf0d811f7c4eaf7f00c8943308945813fc95b76fcf16697,21
5481,11da6e70387981fb890b0505bdc3b632b4d40a1e1f15b8ab30a2d1503d18c662,236,1172,datacopy/Stefano/11da6e70387981fb890b0505bdc3b632b4d40a1e1f15b8ab30a2d1503d18c662,21
5482,282155b12442a25a838bc11af6a767b4b71c8520a2e9c5d56c18591debb9546e,236,1172,datacopy/Stefano/282155b12442a25a838bc11af6a767b4b71c8520a2e9c5d56c18591debb9546e,21
5483,451f441b11062b4dce673cbe4cdd823896e55b0b93b8c5e534b8eba7699b649c,236,1172,datacopy/Stefano/451f441b11062b4dce673cbe4cdd823896e55b0b93b8c5e534b8eba7699b649c,21
5484,b39d1c34b6d746561f5c23d3c96ce21011d7ec5d65feef3f784c9a08c6b4d08e,236,1172,datacopy/Stefano/b39d1c34b6d746561f5c23d3c96ce21011d7ec5d65feef3f784c9a08c6b4d08e,21
5485,717be304ffbf0634c583c7edfa7f66aa4e7137cf0767a826c05be24ba3c39f21,236,1172,datacopy/Stefano/717be304ffbf0634c583c7edfa7f66aa4e7137cf0767a826c05be24ba3c39f21,21
5486,ea99aed4d51f7af84933f6825bed48c558d84f8a94857c52d99391a8e98945a4,236,1172,datacopy/Stefano/ea99aed4d51f7af84933f6825bed48c558d84f8a94857c52d99391a8e98945a4,21
5487,c4e6668428fae0429f40e17f08cb4e0b22cb1bb23c35b36bcb4dfa54af4bb919,236,1172,datacopy/Stefano/c4e6668428fae0429f40e17f08cb4e0b22cb1bb23c35b36bcb4dfa54af4bb919,21
5488,1650b2cb968bcc361cc97ceaa8982645b2745d19ca9caf29f46fdff725553fb2,236,1172,datacopy/Stefano/1650b2cb968bcc361cc97ceaa8982645b2745d19ca9caf29f46fdff725553fb2,21
5489,d711bccd06bb8834b563148bb84b7e9d92d0025ad74f6c4d83e0c803a294aa52,236,1172,datacopy/Stefano/d711bccd06bb8834b563148bb84b7e9d92d0025ad74f6c4d83e0c803a294aa52,21
5490,9e32a96ffa4a0e156bf589391a092ee6f17b12b8927b1bb3bb30e6b207b84c8e,236,1172,datacopy/Stefano/9e32a96ffa4a0e156bf589391a092ee6f17b12b8927b1bb3bb30e6b207b84c8e,21
5491,ee3f43d16a77c4d9340d58f0dfcc0a853eb931f9d36e718d294541ede46cd798,236,1172,datacopy/Stefano/ee3f43d16a77c4d9340d58f0dfcc0a853eb931f9d36e718d294541ede46cd798,21
5492,b414058fba9fdc2032c8124ebb1dd5fa05b8be79d45022b381152de3130faffa,236,1172,datacopy/Stefano/b414058fba9fdc2032c8124ebb1dd5fa05b8be79d45022b381152de3130faffa,21
5493,62c17bbb3d69fa3494c6816b47cbe23c68675007879c03c1c5b1b035132419c1,236,1172,datacopy/Stefano/62c17bbb3d69fa3494c6816b47cbe23c68675007879c03c1c5b1b035132419c1,21
5494,0485bde97c37f0983bbb51b21017bf2ad6f53a6c270e064d0e8374de438a0ea2,236,1172,datacopy/Stefano/0485bde97c37f0983bbb51b21017bf2ad6f53a6c270e064d0e8374de438a0ea2,21
5495,203c8f554ae6328e0bfa17ee0b7193e0b03def35c966d287ca151564a9f89564,236,1172,datacopy/Stefano/203c8f554ae6328e0bfa17ee0b7193e0b03def35c966d287ca151564a9f89564,21
5496,f1b037132eb6551afba431589fd64929405572d4871a1f9b5bc65a76f1dd204d,236,1172,datacopy/Stefano/f1b037132eb6551afba431589fd64929405572d4871a1f9b5bc65a76f1dd204d,21
5497,689063f488cacdfe7c3dc77a267114e1c6bc9dd9084925752dedeec01ac4add4,236,1172,datacopy/Stefano/689063f488cacdfe7c3dc77a267114e1c6bc9dd9084925752dedeec01ac4add4,21
5498,ed8b985a039fe67ca4648cbaa39e401045beb0a1fbc9044d03275740e8a99de9,236,1172,datacopy/Stefano/ed8b985a039fe67ca4648cbaa39e401045beb0a1fbc9044d03275740e8a99de9,21
5499,359cbfdfa59b6287f1b11ac15df61d51b052c70e4a9e0c9019aae4261781d1f4,236,1172,datacopy/Stefano/359cbfdfa59b6287f1b11ac15df61d51b052c70e4a9e0c9019aae4261781d1f4,21
5500,3621c7ed2347da2babe23a1b8e6a4f40aeff30ef293895b3e54ce768b6f51a5f,236,1172,datacopy/Stefano/3621c7ed2347da2babe23a1b8e6a4f40aeff30ef293895b3e54ce768b6f51a5f,21
5501,c7c214b39715871cfa01165abee0f43f4c5ade828f51b25b95371caa48a7a809,236,1172,datacopy/Stefano/c7c214b39715871cfa01165abee0f43f4c5ade828f51b25b95371caa48a7a809,21
5502,fddafa45e983cbc44a6dafe7a71763ac533ca591b1a3ca07233c51b05896b5ea,236,1172,datacopy/Stefano/fddafa45e983cbc44a6dafe7a71763ac533ca591b1a3ca07233c51b05896b5ea,21
5503,3a6226c4c693e1e3e136ecf5d7cea81a4e5666166c93ae8293cb111d0738bbce,236,1172,datacopy/Stefano/3a6226c4c693e1e3e136ecf5d7cea81a4e5666166c93ae8293cb111d0738bbce,21
5504,8d624b1b8651b5767a6392519ae0c69ce6bafb8ebdfbf85e37d1e932d5dd1856,236,1172,datacopy/Stefano/8d624b1b8651b5767a6392519ae0c69ce6bafb8ebdfbf85e37d1e932d5dd1856,21
5505,d351ea238e6489b078b1b90bfeb649ea0106ced7f9e266eb1281c60c90623ad5,236,1172,datacopy/Stefano/d351ea238e6489b078b1b90bfeb649ea0106ced7f9e266eb1281c60c90623ad5,21
5506,56267e958cd1976fa4973b471795bd9f3be7fc2a3de90c72797e84b307c83d5e,236,1172,datacopy/Stefano/56267e958cd1976fa4973b471795bd9f3be7fc2a3de90c72797e84b307c83d5e,21
5507,0c9d6f1118494845ff91a262a33883387e3a5034ab1fe358fac20a391751ad3c,236,1172,datacopy/Stefano/0c9d6f1118494845ff91a262a33883387e3a5034ab1fe358fac20a391751ad3c,21
5508,66fdf648d5be7e011845ef66a8a896616ca901838288f87471518e64ab9fddcf,236,1172,datacopy/Stefano/66fdf648d5be7e011845ef66a8a896616ca901838288f87471518e64ab9fddcf,21
5509,7224603cdbe421ad0fdd4060892c24edb6422de4baec1022731c9fc155e8a7fc,236,1172,datacopy/Stefano/7224603cdbe421ad0fdd4060892c24edb6422de4baec1022731c9fc155e8a7fc,21
5510,b3a310c62632e25be611e08685cdf10c84ec722b.bin,237,194,datacopy/UCSB/b3a310c62632e25be611e08685cdf10c84ec722b.bin,15
5511,layer17x32x64_mssd_aaa_aih.exe,237,2,datacopy/BB/Files/2015-12-08/layer17x32x64_mssd_aaa_aih.exe,15
5512,Orcamento-Documento-ID-29120392993849000039402910002934049400000000.com,237,2,datacopy/BB/Files/2015-04-28/Orcamento-Documento-ID-29120392993849000039402910002934049400000000.com,15
5513,RastreamentoCorreios.exe,237,2,datacopy/BB/Files/2015-04-28/RastreamentoCorreios.exe,15
5514,PDF_CompVizualiza.exe,237,2,datacopy/BB/Files/2015-11-05/PDF_CompVizualiza.exe,15
5515,Nota_Fiscal_20052015.exe,237,2,datacopy/BB/Files/2015-05-22/Nota_Fiscal_20052015.exe,15
5516,whatsapp_video.maio2015.exe,237,2,datacopy/BB/Files/2015-05-22/whatsapp_video.maio2015.exe,15
5517,AnexoComprovante.exe,237,2,datacopy/BB/Files/2015-10-01/AnexoComprovante.exe,15
5518,Boleto002580.exe,237,2,datacopy/BB/Files/2015-10-01/Boleto002580.exe,15
5519,OrÃ§amento__PDF.exe,237,2,datacopy/BB/Files/2015-09-16/OrÃ§amento__PDF.exe,15
5520,Boletoemissor2109.exe,237,2,datacopy/BB/Files/2015-09-17/Boletoemissor2109.exe,15
5521,ARQUIV0-ANEX0-000130205001012013001205000.exe,237,2,datacopy/BB/Files/2015-11-23/ARQUIV0-ANEX0-000130205001012013001205000.exe,15
5522,Receitanet_IRPF.exe,237,2,datacopy/BB/Files/2015-09-29/Receitanet_IRPF.exe,15
5523,Intimacao_MPF_2015_221460.exe,237,2,datacopy/BB/Files/2015-05-14/Intimacao_MPF_2015_221460.exe,15
5524,AUDIOPATRICIA.scr,237,2,datacopy/BB/Files/2015-05-14/AUDIOPATRICIA.scr,15
5525,Via_61036056.pdf.exe,237,2,datacopy/BB/Files/2015-10-26/Via_61036056.pdf.exe,15
5526,Intimacao(Anexo-Visualizar).exe,237,2,datacopy/BB/Files/2015-10-02/Intimacao(Anexo-Visualizar).exe,15
5527,whattsapp-video9873873987397jihd9873df.exe,237,2,datacopy/BB/Files/2015-04-20/whattsapp-video9873873987397jihd9873df.exe,15
5528,Itau-Personalite-TED-Ricardosilva.exe,237,2,datacopy/BB/Files/2015-04-20/Itau-Personalite-TED-Ricardosilva.exe,15
5529,Compronvante.exe,237,2,datacopy/BB/Files/2015-04-20/Compronvante.exe,15
5530,OW9Gb28_e_download_cli_Cliente.exe,237,2,datacopy/BB/Files/2015-04-20/OW9Gb28_e_download_cli_Cliente.exe,15
5531,Video-whats-zapp-disponivel.exe,237,2,datacopy/BB/Files/2015-04-20/Video-whats-zapp-disponivel.exe,15
5532,Comprovante-TED-415248-85377174000120.exe,237,2,datacopy/BB/Files/2015-04-20/Comprovante-TED-415248-85377174000120.exe,15
5533,0BwYJs4h_ovFFLTBVZDZGa0J1Z28_e_download.exe,237,2,datacopy/BB/Files/2015-04-20/0BwYJs4h_ovFFLTBVZDZGa0J1Z28_e_download.exe,15
5534,ProtestoAbril.doc.exe,237,2,datacopy/BB/Files/2015-04-16/ProtestoAbril.doc.exe,15
5535,FOTOS20122.exe,237,2,datacopy/BB/Files/2015-04-16/FOTOS20122.exe,15
5536,ajZiaEE_e_download_cli_Cliente.exe,237,2,datacopy/BB/Files/2015-04-16/ajZiaEE_e_download_cli_Cliente.exe,15
5537,boleto-NFE-582.exe,237,2,datacopy/BB/Files/2015-10-28/boleto-NFE-582.exe,15
5538,Comprovante4703984702d34943hhd29.exe,237,2,datacopy/BB/Files/2015-10-28/Comprovante4703984702d34943hhd29.exe,15
5539,2via.Boleto.exe,237,2,datacopy/BB/Files/2015-05-25/2via.Boleto.exe,15
5540,Acordo4578.exe,237,2,datacopy/BB/Files/2015-11-17/Acordo4578.exe,15
5541,Via_102103605112.exe,237,2,datacopy/BB/Files/2015-10-27/Via_102103605112.exe,15
5542,comprovante_deposito102015.exe,237,2,datacopy/BB/Files/2015-10-20/comprovante_deposito102015.exe,15
5543,BrunaLonbarde.exe,237,2,datacopy/BB/Files/2015-10-20/BrunaLonbarde.exe,15
5544,Intimacao-Judicial-Documento-OP-2019200002910029100002940004930001910200000.com,237,2,datacopy/BB/Files/2015-05-20/Intimacao-Judicial-Documento-OP-2019200002910029100002940004930001910200000.com,15
5545,comprovante_americanas.exe,237,2,datacopy/BB/Files/2015-05-20/comprovante_americanas.exe,15
5546,2via_NotaFiscal_Danfe.exe,237,2,datacopy/BB/Files/2017-06-23/2via_NotaFiscal_Danfe.exe,15
5547,cda520aa966669448297_lgfp_3000.exe,237,2,datacopy/BB/Files/2015-10-23/cda520aa966669448297_lgfp_3000.exe,15
5548,CurriculumDaniele.exe,237,2,datacopy/BB/Files/2015-10-23/CurriculumDaniele.exe,15
5549,nt4DLA07BxdUtzm1NxoTbK6oEeAWg_.exe,237,2,datacopy/BB/Files/2015-10-23/nt4DLA07BxdUtzm1NxoTbK6oEeAWg_.exe,15
5550,Orcamentofinalizado_setembro.exe,237,2,datacopy/BB/Files/2015-09-15/Orcamentofinalizado_setembro.exe,15
5551,bol_09112015.zip.exe,237,2,datacopy/BB/Files/2015-11-11/bol_09112015.zip.exe,15
5552,010101010929202.exe,237,2,datacopy/BB/Files/2015-11-06/010101010929202.exe,15
5553,Curriculun_AnaPaula_Ferreira2.exe,237,2,datacopy/BB/Files/2015-04-17/Curriculun_AnaPaula_Ferreira2.exe,15
5554,comprovante.PDF.exe,237,2,datacopy/BB/Files/2015-05-13/comprovante.PDF.exe,15
5555,doc_6541245.exe,237,2,datacopy/BB/Files/2015-04-23/doc_6541245.exe,15
5556,Install_WhatsApp.exe,237,2,datacopy/BB/Files/2015-04-23/Install_WhatsApp.exe,15
5557,curriculum_vitae.exe,237,2,datacopy/BB/Files/2015-04-23/curriculum_vitae.exe,15
5558,Fernanda.Borges.Curriculum.pdf.com,237,2,datacopy/BB/Files/2015-05-21/Fernanda.Borges.Curriculum.pdf.com,15
5559,Comprovante_TED_KJ32897328943.exe,237,2,datacopy/BB/Files/2015-05-21/Comprovante_TED_KJ32897328943.exe,15
5560,whatsappvideos.maio2015.exe,237,2,datacopy/BB/Files/2015-05-21/whatsappvideos.maio2015.exe,15
5561,Comprovante_de_transferencia_21_05.pdf.exe,237,2,datacopy/BB/Files/2015-05-21/Comprovante_de_transferencia_21_05.pdf.exe,15
5562,Boleto_de_Desconto.exe,237,2,datacopy/BB/Files/2015-10-08/Boleto_de_Desconto.exe,15
5563,debveicular_nonato339837x.exe,237,2,datacopy/BB/Files/2015-10-08/debveicular_nonato339837x.exe,15
5564,Intimacao_MPF-2015_17_09.exe,237,2,datacopy/BB/Files/2015-09-18/Intimacao_MPF-2015_17_09.exe,15
5565,BoletoOutubro21-10-2015.exe,237,2,datacopy/BB/Files/2015-10-22/BoletoOutubro21-10-2015.exe,15
5566,debitosvencido_s3382718br92.exe,237,2,datacopy/BB/Files/2015-10-07/debitosvencido_s3382718br92.exe,15
5567,AnneBatista.exe,237,2,datacopy/BB/Files/2015-10-07/AnneBatista.exe,15
5568,2via_NotaFiscal_Danfe.exe,237,2,datacopy/BB/Files/2017-06-23/2via_NotaFiscal_Danfe.exe,15
5569,Extrato__PDF.exe,237,2,datacopy/BB/Files/2015-09-23/Extrato__PDF.exe,15
5570,Pendencia-Maio.exe,237,2,datacopy/BB/Files/2015-05-05/Pendencia-Maio.exe,15
5571,NOTAFISCAL.PDF.exe,237,2,datacopy/BB/Files/2015-05-05/NOTAFISCAL.PDF.exe,15
5572,X-Videos.exe,237,2,datacopy/BB/Files/2015-10-19/X-Videos.exe,15
5573,Documento-de-Intimacao-0060879800502020000160500005689150000040504580200000.com,237,2,datacopy/BB/Files/2015-04-27/Documento-de-Intimacao-0060879800502020000160500005689150000040504580200000.com,15
5574,ASSESSORIA-JH03262NERHUER67349MLO22353544534KHFJH03262NERHUER67349MLO22353544534KHFJH03262NERHUER67349MLO22353544534KHF.exe,237,2,datacopy/BB/Files/2015-04-27/ASSESSORIA-JH03262NERHUER67349MLO22353544534KHFJH03262NERHUER67349MLO22353544534KHFJH03262NERHUER67349MLO22353544534KHF.exe,15
5575,3a2f63c892edd69ad4e2f62642805f11bb02f9fd.bin,238,1520,datacopy/UCSB/3a2f63c892edd69ad4e2f62642805f11bb02f9fd.bin,6
5576,3b6fc28ace25b8684df4159fdf1f0b5601b50053.bin,238,1520,datacopy/UCSB/3b6fc28ace25b8684df4159fdf1f0b5601b50053.bin,6
5577,d988a919a909807a5569b8a233aa6eeeddacf51a.bin,238,1520,datacopy/UCSB/d988a919a909807a5569b8a233aa6eeeddacf51a.bin,6
5578,900998f211875997198a2fb61a36faa76ee59bd6.bin,238,1520,datacopy/UCSB/900998f211875997198a2fb61a36faa76ee59bd6.bin,6
5579,7a68ee0aefb96ea1ebde0bba71f4416b31c3e130.bin,238,1520,datacopy/UCSB/7a68ee0aefb96ea1ebde0bba71f4416b31c3e130.bin,6
5580,40d51a57daa783bdc6e3b2699b6a8d208e5edc1e.bin,238,1520,datacopy/UCSB/40d51a57daa783bdc6e3b2699b6a8d208e5edc1e.bin,6
5581,e1b77932fc505d3e65b3395ad592d04fce22d9ca.bin,238,1520,datacopy/UCSB/e1b77932fc505d3e65b3395ad592d04fce22d9ca.bin,6
5582,03cb9536a6b6b527f646874f19da38edf9ae6ebb.bin,238,1520,datacopy/UCSB/03cb9536a6b6b527f646874f19da38edf9ae6ebb.bin,6
5583,ac68b693636f0e57e4d5cc295a397726b79d1401.bin,238,1520,datacopy/UCSB/ac68b693636f0e57e4d5cc295a397726b79d1401.bin,6
5584,06649417dd620e3ef75819bd2d9d335717719eb6.bin,239,1160,datacopy/UCSB/06649417dd620e3ef75819bd2d9d335717719eb6.bin,7
5585,1f99dd88344b4c847300af271517895a6d97bf6e.bin,239,1160,datacopy/UCSB/1f99dd88344b4c847300af271517895a6d97bf6e.bin,7
5586,98cdf20995fc695985c2c1f043455453a53ea402.bin,239,1160,datacopy/UCSB/98cdf20995fc695985c2c1f043455453a53ea402.bin,7
5587,ce753c3b6fa618729c908280abe3c414bb4830af.bin,239,1160,datacopy/UCSB/ce753c3b6fa618729c908280abe3c414bb4830af.bin,7
5588,f16f324c9144b5aecd09154d436c38d688427e3b.bin,239,1160,datacopy/UCSB/f16f324c9144b5aecd09154d436c38d688427e3b.bin,7
5589,984a0f6071e2ac09cb29dd1909e43df510f51ccb.bin,239,1160,datacopy/UCSB/984a0f6071e2ac09cb29dd1909e43df510f51ccb.bin,7
5590,25b1817da2483a29421b6993a7b536e8f81df9af.bin,239,1160,datacopy/UCSB/25b1817da2483a29421b6993a7b536e8f81df9af.bin,7
5591,5fc1550668d4872a8f7a9af1d89b49c9203592d1.bin,239,1160,datacopy/UCSB/5fc1550668d4872a8f7a9af1d89b49c9203592d1.bin,7
5592,7f7697a7c18bfcb84f82742342880e485c5bca59.bin,239,1160,datacopy/UCSB/7f7697a7c18bfcb84f82742342880e485c5bca59.bin,7
5593,6906c45a48df38b6c6be6a4b8f293bf72ee9f6ba.bin,239,1160,datacopy/UCSB/6906c45a48df38b6c6be6a4b8f293bf72ee9f6ba.bin,7
5594,149ad2d9b80a048a753f6e2456a611ef54ced699.bin,239,1160,datacopy/UCSB/149ad2d9b80a048a753f6e2456a611ef54ced699.bin,7
5595,c5dd0e9de85862a18bf0371a325f02bcdf82b76d.bin,239,1160,datacopy/UCSB/c5dd0e9de85862a18bf0371a325f02bcdf82b76d.bin,7
5596,595e294fedb5756e3258ad92d1de9f43bc87e448.bin,239,1160,datacopy/UCSB/595e294fedb5756e3258ad92d1de9f43bc87e448.bin,7
5597,1db24a69d6d9b45cbe495fb5b5048ae7c3c629e2.bin,240,341,datacopy/UCSB/1db24a69d6d9b45cbe495fb5b5048ae7c3c629e2.bin,1
5598,5c1b834d3d6f46f15dc9a652b5bb28792c8a65d7.bin,242,1173,datacopy/UCSB/5c1b834d3d6f46f15dc9a652b5bb28792c8a65d7.bin,3
5599,164e6e2c08676e4d82ef093d7832f1bc78179512.bin,242,615,datacopy/UCSB/164e6e2c08676e4d82ef093d7832f1bc78179512.bin,3
5600,0d2083da0bd8f9aea885f829254f84132902b71b.bin,242,3,datacopy/UCSB/0d2083da0bd8f9aea885f829254f84132902b71b.bin,3
5601,Boleto_de_CobranÃ§a.exe,242,3,datacopy/BB/Files/2015-06-01/Boleto_de_CobranÃ§a.exe,3
5602,Orcamento_Completo_11-2015.exe,242,2,datacopy/BB/Files/2015-11-12/Orcamento_Completo_11-2015.exe,3
5603,Anexo_ID-861419.exe,242,2,datacopy/BB/Files/2015-11-12/Anexo_ID-861419.exe,3
5604,ProcessoReceitaFederal_8321048709127401247012974102.exe,242,341,datacopy/BB/Files/2013-11-28/ProcessoReceitaFederal_8321048709127401247012974102.exe,3
5605,Boleto_Reemitido.exe,242,3,datacopy/BB/Files/2015-06-02/Boleto_Reemitido.exe,3
5606,Curriculum&carta_de_recomendacao.exe,242,2,datacopy/BB/Files/2015-05-29/Curriculum&carta_de_recomendacao.exe,3
5607,Boleto_de_cobranca.exe,242,3,datacopy/BB/Files/2015-06-03/Boleto_de_cobranca.exe,3
5608,06ba4f51c54643c3b57f4d7e1bf66a4e32ef07b8.bin,247,1359,datacopy/UCSB/06ba4f51c54643c3b57f4d7e1bf66a4e32ef07b8.bin,1
5609,5edc50762b26606234296c11cb7e30e050ff4d53.bin,247,1359,datacopy/UCSB/5edc50762b26606234296c11cb7e30e050ff4d53.bin,1
5610,01f10d3949865499a03190ae5fe40dd31675790c.bin,247,1359,datacopy/UCSB/01f10d3949865499a03190ae5fe40dd31675790c.bin,1
5611,iexplre.exe,249,3,datacopy/BB/Files/2015-02-05/iexplre.exe,7
5612,2e4bd55a32b3dc200b1e455736460f54be31ce71f55e89eba3ec564b4e55d617,249,991,datacopy/Stefano/2e4bd55a32b3dc200b1e455736460f54be31ce71f55e89eba3ec564b4e55d617,7
5613,4e1bdda731c4780f1d54619da8928f24b9b819ff.bin,250,1149,datacopy/UCSB.JP/data_feed.geo_japan_6m_public_flag/4/e/1/4e1bdda731c4780f1d54619da8928f24b9b819ff.bin,1
5614,b2a42da969f828431a8af2c581eb44f5a509a63d.bin,250,1149,datacopy/UCSB/b2a42da969f828431a8af2c581eb44f5a509a63d.bin,1
5615,63099a2872c4ea1184c8b6f9aa2228c685e6c100.bin,250,1149,datacopy/UCSB/63099a2872c4ea1184c8b6f9aa2228c685e6c100.bin,1
5616,6adda23c54e6658a81a6c9c58347d704c80b2f4d.bin,250,1149,datacopy/UCSB/6adda23c54e6658a81a6c9c58347d704c80b2f4d.bin,1
5617,c0940b0b705fa84e4ad3b42af9149d410a46ed8f.bin,250,1149,datacopy/UCSB/c0940b0b705fa84e4ad3b42af9149d410a46ed8f.bin,1
5618,e9df62d8321def78c5ff1bc162b4840c8e539430.bin,250,1149,datacopy/UCSB/e9df62d8321def78c5ff1bc162b4840c8e539430.bin,1
5619,c2b5742021581f93f85eb7dceb976e627d9536f5.bin,250,1149,datacopy/UCSB/c2b5742021581f93f85eb7dceb976e627d9536f5.bin,1
5620,50b135944986a31ca9b710806d680d36b41f9049.bin,250,1149,datacopy/UCSB/50b135944986a31ca9b710806d680d36b41f9049.bin,1
5621,1300defe15889ad9e35a1aa6b5271f8a9061496622893bb58ed0b68d0776cbd1,250,1149,datacopy/Stefano/1300defe15889ad9e35a1aa6b5271f8a9061496622893bb58ed0b68d0776cbd1,1
5622,28d3c46c64a15cc61325f4fe87057c569fe0771e0bd2c904d01d9b58855011ac,250,1149,datacopy/Stefano/28d3c46c64a15cc61325f4fe87057c569fe0771e0bd2c904d01d9b58855011ac,1
5623,e83b6c1d5d03a04aafeaccbeadb231818e43e19567eda8b7529f4893d17f51c1,250,1149,datacopy/Stefano/e83b6c1d5d03a04aafeaccbeadb231818e43e19567eda8b7529f4893d17f51c1,1
5624,0196fd3652ad36d171178cbe6cd616473c44ba24c6ed806eaf9c75c5f4d4dc71,250,1149,datacopy/Stefano/0196fd3652ad36d171178cbe6cd616473c44ba24c6ed806eaf9c75c5f4d4dc71,1
5625,ada4426b7b33b4125cd817b26423f75d7885dd91526349c8543f708837969c32,250,1149,datacopy/Stefano/ada4426b7b33b4125cd817b26423f75d7885dd91526349c8543f708837969c32,1
5626,74786d29bf535f879f968e5189800084b927a56cf18b68df1d174e820770e1f1,250,1149,datacopy/Stefano/74786d29bf535f879f968e5189800084b927a56cf18b68df1d174e820770e1f1,1
5627,4b1d48ba71ef24c594576ce053fb725cdba993f6c3ee60b6c542b350dbddb071,250,1149,datacopy/Stefano/4b1d48ba71ef24c594576ce053fb725cdba993f6c3ee60b6c542b350dbddb071,1
5628,f377f29a3318442db9b0b5a20b4ce5e87d89d4a2269abdd5c9c0c358ffba1329,250,1149,datacopy/Stefano/f377f29a3318442db9b0b5a20b4ce5e87d89d4a2269abdd5c9c0c358ffba1329,1
5629,13fa4e85b74f67e2936e6361c0ddb7562590a789451ccbf0301f7ec263a2fcac,250,1149,datacopy/Stefano/13fa4e85b74f67e2936e6361c0ddb7562590a789451ccbf0301f7ec263a2fcac,1
5630,1f1e2ef6a24a4dc6bc5c5c16922bf596444c3d114442e4b07e9dba6412165635,250,1149,datacopy/Stefano/1f1e2ef6a24a4dc6bc5c5c16922bf596444c3d114442e4b07e9dba6412165635,1
5631,41e569059b66f0fcdee52af2ef263ce5cea091eab94a93cae61e53f73e6c27cb,250,1149,datacopy/Stefano/41e569059b66f0fcdee52af2ef263ce5cea091eab94a93cae61e53f73e6c27cb,1
5632,f3555b55141c38a216276e553a30ff9d0d8cf90f4a29cbf8a225d948378011ee,250,1149,datacopy/Stefano/f3555b55141c38a216276e553a30ff9d0d8cf90f4a29cbf8a225d948378011ee,1
5633,cc822ae1b3f31b81726874788544a415d1d9f3b7d0df1db0da14971c964a9c1e,250,1149,datacopy/Stefano/cc822ae1b3f31b81726874788544a415d1d9f3b7d0df1db0da14971c964a9c1e,1
5634,e12a4fcf432cf8e9a2802b4f11da14849002879c24811fd43d0b182d57de852c,250,1149,datacopy/Stefano/e12a4fcf432cf8e9a2802b4f11da14849002879c24811fd43d0b182d57de852c,1
5635,27c82a440d96d3f39ccbf5d494c6617545bddb081729cb3331726dfec2a34030,250,1149,datacopy/Stefano/27c82a440d96d3f39ccbf5d494c6617545bddb081729cb3331726dfec2a34030,1
5636,0243c3e0d19747799190575879bd378effe320dad898e83458d131db3b4df1a3,250,1149,datacopy/Stefano/0243c3e0d19747799190575879bd378effe320dad898e83458d131db3b4df1a3,1
5637,8dc7b15223aab2969b200b09e1c7d1c5a92de63b3da5300fe08ff2168595e150,250,1149,datacopy/Stefano/8dc7b15223aab2969b200b09e1c7d1c5a92de63b3da5300fe08ff2168595e150,1
5638,48fc62abd78f69f70db0e367c7df5d314175c03c8d0c0bf0df70986c5ed93bc6,250,1149,datacopy/Stefano/48fc62abd78f69f70db0e367c7df5d314175c03c8d0c0bf0df70986c5ed93bc6,1
5639,6e45df9a835c58bb83944601d2c2942f83cb4ef17b8de1610ce7e52f1e8c5822,250,1149,datacopy/Stefano/6e45df9a835c58bb83944601d2c2942f83cb4ef17b8de1610ce7e52f1e8c5822,1
5640,793fed1419f33202a2c356f4b403132e61403c8e.bin,257,1415,datacopy/UCSB/793fed1419f33202a2c356f4b403132e61403c8e.bin,1
5641,4bfcac89a7e697484ff62883bc9b1f83cfe83421.bin,258,1359,datacopy/UCSB/4bfcac89a7e697484ff62883bc9b1f83cfe83421.bin,1
5642,9b41ad5b8014079b33d5ed7fa3d4a50fe1489c8e.bin,258,1359,datacopy/UCSB/9b41ad5b8014079b33d5ed7fa3d4a50fe1489c8e.bin,1
5643,46896f3ef2c801fb8762ae5d350245e7d93133ba.bin,258,1359,datacopy/UCSB/46896f3ef2c801fb8762ae5d350245e7d93133ba.bin,1
5644,80a7957aed90279064aad3af1f833221ecf4d33b.bin,260,709,datacopy/UCSB/80a7957aed90279064aad3af1f833221ecf4d33b.bin,1
5645,1f07341ebc1080798faa4fa16f2fc4ec82f53bfa.bin,261,1234,datacopy/UCSB/1f07341ebc1080798faa4fa16f2fc4ec82f53bfa.bin,8
5646,03a96a4e526d50a1e117d5fcdeaa8f69360b5eeb.bin,261,1234,datacopy/UCSB/03a96a4e526d50a1e117d5fcdeaa8f69360b5eeb.bin,8
5647,094319b0ee5ff5b6d3615d72afdf2c83329e7de5.bin,261,1234,datacopy/UCSB/094319b0ee5ff5b6d3615d72afdf2c83329e7de5.bin,8
5648,b6a0ef331c97762369044bae3830ace2edc7e09d.bin,261,1234,datacopy/UCSB/b6a0ef331c97762369044bae3830ace2edc7e09d.bin,8
5649,abfe83f53a9b2e67a048721142e1600a475182bf.bin,261,1234,datacopy/UCSB/abfe83f53a9b2e67a048721142e1600a475182bf.bin,8
5650,8beff8ec8e0fcff7ab2598c987486392c49a4081.bin,261,1234,datacopy/UCSB/8beff8ec8e0fcff7ab2598c987486392c49a4081.bin,8
5651,4cc4ce51ec378fe6b582a81033f0bdb6efddf544.bin,261,1234,datacopy/UCSB/4cc4ce51ec378fe6b582a81033f0bdb6efddf544.bin,8
5652,3dfb0b61bb69ba6b2c26d1522a38134982e5eab4.bin,261,1234,datacopy/UCSB/3dfb0b61bb69ba6b2c26d1522a38134982e5eab4.bin,8
5653,e4906579340b26c3702ca6c80f769297a4d42bcf.bin,261,1234,datacopy/UCSB/e4906579340b26c3702ca6c80f769297a4d42bcf.bin,8
5654,58afa32e31c9f547e171eab04ec86e82579c425a.bin,261,1234,datacopy/UCSB/58afa32e31c9f547e171eab04ec86e82579c425a.bin,8
5655,a0a2316be4263dac59db0a9e57888efb2088aea6.bin,261,1234,datacopy/UCSB/a0a2316be4263dac59db0a9e57888efb2088aea6.bin,8
5656,3ee4036a38f67b90d48cc41148957e795823459a.bin,261,1234,datacopy/UCSB/3ee4036a38f67b90d48cc41148957e795823459a.bin,8
5657,28899c721e0888e812378e343a17e0f501b1dd26.bin,261,1234,datacopy/UCSB/28899c721e0888e812378e343a17e0f501b1dd26.bin,8
5658,a1c066ead90d1bd47984789151959fedccd018ee.bin,261,1234,datacopy/UCSB/a1c066ead90d1bd47984789151959fedccd018ee.bin,8
5659,2280fc5329935c2b47a676510eb17c4b03a3a3a0.bin,261,1234,datacopy/UCSB/2280fc5329935c2b47a676510eb17c4b03a3a3a0.bin,8
5660,80c42e823870b978081f47992d099fe41a000339309cbedb3e934987aee9d17a,261,1234,datacopy/Stefano/80c42e823870b978081f47992d099fe41a000339309cbedb3e934987aee9d17a,8
5661,b7663b477d32670799216aed3f6590010c98b6722dbcdac5a002f9083b7fa3d8,261,1234,datacopy/Stefano/b7663b477d32670799216aed3f6590010c98b6722dbcdac5a002f9083b7fa3d8,8
5662,eb42a90202a9d5e0cacf626dd214c9028b50fec50c18ee2fdf7a50db0014a044,261,1234,datacopy/Stefano/eb42a90202a9d5e0cacf626dd214c9028b50fec50c18ee2fdf7a50db0014a044,8
5663,4fc8965cf63767d00c1316fccc56da3c7e8653f9.bin,262,1555,datacopy/UCSB/4fc8965cf63767d00c1316fccc56da3c7e8653f9.bin,4
5664,015707d95369daf671c3e192f7d5fb23d304f426.bin,262,1555,datacopy/UCSB/015707d95369daf671c3e192f7d5fb23d304f426.bin,4
5665,1870c229405f353953e8e67e224fba2b9acd54e2.bin,262,1555,datacopy/UCSB/1870c229405f353953e8e67e224fba2b9acd54e2.bin,4
5666,d1738ff93098c5a201f9cd891aa3300b91323857.bin,262,1555,datacopy/UCSB/d1738ff93098c5a201f9cd891aa3300b91323857.bin,4
5667,fe036f41c9b37d43811e53d0539eca84ede98d93.bin,262,1555,datacopy/UCSB/fe036f41c9b37d43811e53d0539eca84ede98d93.bin,4
5668,fb805153304d911f3690b360969430381fa54d7b.bin,262,1555,datacopy/UCSB/fb805153304d911f3690b360969430381fa54d7b.bin,4
5669,2e442ccf3559b8e0db779ac190fcc5a01a95664d.bin,262,1555,datacopy/UCSB/2e442ccf3559b8e0db779ac190fcc5a01a95664d.bin,4
5670,251232c51ef5feade4a4fdd5f5ec74d56bb69a5a.bin,262,1555,datacopy/UCSB/251232c51ef5feade4a4fdd5f5ec74d56bb69a5a.bin,4
5671,e32a6464b4b2b03646f605e1dc6ab93aa365e098.bin,262,1555,datacopy/UCSB/e32a6464b4b2b03646f605e1dc6ab93aa365e098.bin,4
5672,18db56be0030739e0dae1ec9ee1baabe88916d75.bin,262,1555,datacopy/UCSB/18db56be0030739e0dae1ec9ee1baabe88916d75.bin,4
5673,45900964cfad4c861f121ca8d58f259e19a7a0fe.bin,262,1555,datacopy/UCSB/45900964cfad4c861f121ca8d58f259e19a7a0fe.bin,4
5674,bda7df2f2071bdf4a6df88f98a10eba42fd1cc3f.bin,262,1555,datacopy/UCSB/bda7df2f2071bdf4a6df88f98a10eba42fd1cc3f.bin,4
5675,292f0ce86fd542d3b0494374f2afdb857e80363a.bin,262,1555,datacopy/UCSB/292f0ce86fd542d3b0494374f2afdb857e80363a.bin,4
5676,968755a9c86c33ca806f838e59f9b0fa63f0b773.bin,262,1555,datacopy/UCSB/968755a9c86c33ca806f838e59f9b0fa63f0b773.bin,4
5677,4b20a28faf0888ace9842f5c696d4f73d0fb8d25.bin,262,1555,datacopy/UCSB/4b20a28faf0888ace9842f5c696d4f73d0fb8d25.bin,4
5678,bce276551f28f116fad3c9db279aaf4af344bf80.bin,262,1555,datacopy/UCSB/bce276551f28f116fad3c9db279aaf4af344bf80.bin,4
5679,65b7b5250f5739df9b32980a7271314b934f8bb7.bin,262,1555,datacopy/UCSB/65b7b5250f5739df9b32980a7271314b934f8bb7.bin,4
5680,4228ec8e21756058fab3e9bdd7b10e469b4d7da3.bin,262,1555,datacopy/UCSB/4228ec8e21756058fab3e9bdd7b10e469b4d7da3.bin,4
5681,4484c2171a8167a98821781ff827c498d4b83b76.bin,262,1555,datacopy/UCSB/4484c2171a8167a98821781ff827c498d4b83b76.bin,4
5682,33c3cf294bccd1f2d9c22bb5a5a5a1ea01591eec.bin,262,1555,datacopy/UCSB/33c3cf294bccd1f2d9c22bb5a5a5a1ea01591eec.bin,4
5683,f03f2214d8bb87c7534aae3ae04c4cf1fa44ec74.bin,262,1555,datacopy/UCSB/f03f2214d8bb87c7534aae3ae04c4cf1fa44ec74.bin,4
5684,67bb8101f80153dddfb61e3b0abf109abc55059c.bin,264,3,datacopy/UCSB/67bb8101f80153dddfb61e3b0abf109abc55059c.bin,1
5685,d2eb002474f1fdf0c03ff527d6de9d3967585f08.bin,264,3,datacopy/UCSB/d2eb002474f1fdf0c03ff527d6de9d3967585f08.bin,1
5686,3992f86cbf088d8813ce7c1e60fd2f08a1f65c38.bin,264,1602,datacopy/UCSB/3992f86cbf088d8813ce7c1e60fd2f08a1f65c38.bin,1
5687,5f492a5a180142acd78eba4bcf570f84385a01cc.bin,267,715,datacopy/UCSB/5f492a5a180142acd78eba4bcf570f84385a01cc.bin,1
5688,f1e5e9894ba2fbea7b5cc3b774572c1ac72096e1.bin,267,957,datacopy/UCSB/f1e5e9894ba2fbea7b5cc3b774572c1ac72096e1.bin,1
5689,395fddbef360b205aff599402738d4930ec0e073.bin,267,715,datacopy/UCSB/395fddbef360b205aff599402738d4930ec0e073.bin,1
5690,39ad44fa140076c7cb8709d954c322616acb5d2d.bin,267,715,datacopy/UCSB/39ad44fa140076c7cb8709d954c322616acb5d2d.bin,1
5691,ab3768438b27d7b7c59ba7bd4b70cbd184e879b2.bin,268,203,datacopy/UCSB/ab3768438b27d7b7c59ba7bd4b70cbd184e879b2.bin,1
5692,9055bb01382c8de4638141aefcd66033fa8f0060.bin,268,203,datacopy/UCSB/9055bb01382c8de4638141aefcd66033fa8f0060.bin,1
5693,89e284deaeea457d66449ac1302377b2cd272818.bin,268,203,datacopy/UCSB/89e284deaeea457d66449ac1302377b2cd272818.bin,1
5694,0791b0ade1031b57587440377f7055348f0e6ac3.bin,272,1370,datacopy/UCSB/0791b0ade1031b57587440377f7055348f0e6ac3.bin,1
5695,41b7176df9d985717bf459b36974194a0208d7e7.bin,272,1370,datacopy/UCSB/41b7176df9d985717bf459b36974194a0208d7e7.bin,1
5696,0725a19131f86c8fd2cf88378111363a4fff5533.bin,272,1370,datacopy/UCSB/0725a19131f86c8fd2cf88378111363a4fff5533.bin,1
5697,0d74c5411769a8ef17018a375ea2191a521aa0eb.bin,272,1370,datacopy/UCSB/0d74c5411769a8ef17018a375ea2191a521aa0eb.bin,1
5698,060f1a2721c6623d71dbd40ac98a80bbb09dcab4.bin,272,1370,datacopy/UCSB/060f1a2721c6623d71dbd40ac98a80bbb09dcab4.bin,1
5699,b599a90b54b96a901ac75b1ad7056afe84e05e56.bin,272,1370,datacopy/UCSB/b599a90b54b96a901ac75b1ad7056afe84e05e56.bin,1
5700,05fb9a6894a52831043be46492e783aea2af03dc.bin,272,1370,datacopy/UCSB/05fb9a6894a52831043be46492e783aea2af03dc.bin,1
5701,03deacf5f94e55afc39f95301548f23c0451a3c9.bin,282,203,datacopy/UCSB/03deacf5f94e55afc39f95301548f23c0451a3c9.bin,1
5702,01e78c4478a153608f2f4f6a078fe2ae8ec21758.bin,282,203,datacopy/UCSB/01e78c4478a153608f2f4f6a078fe2ae8ec21758.bin,1
5703,debc816662a98eb7c2bafb677719e25aa9756a79.bin,282,203,datacopy/UCSB/debc816662a98eb7c2bafb677719e25aa9756a79.bin,1
5704,6b774236f576425a0616ea8df1c233d80726714c.bin,282,203,datacopy/UCSB/6b774236f576425a0616ea8df1c233d80726714c.bin,1
5705,a8328f57e59a1a6efd27482ecfbff81ee509fe12.bin,282,203,datacopy/UCSB/a8328f57e59a1a6efd27482ecfbff81ee509fe12.bin,1
5706,e3f9b287618040e50ce138361240aa055b765b5a.bin,283,3,datacopy/UCSB/e3f9b287618040e50ce138361240aa055b765b5a.bin,1
5707,9c747e6356676afe70d96ec7df2085c0fad1740a.bin,284,137,datacopy/UCSB/9c747e6356676afe70d96ec7df2085c0fad1740a.bin,1
5708,be5f9d76f0f07ae32d3d6aa7e8f20f618411b6d329dd6c219e1a252067173d56,284,137,datacopy/Stefano/be5f9d76f0f07ae32d3d6aa7e8f20f618411b6d329dd6c219e1a252067173d56,1
5709,032a6ac65b197a9bbf9afa3f37f3fb811241cf5390cf7c98134ad78a867615b3,284,137,datacopy/Stefano/032a6ac65b197a9bbf9afa3f37f3fb811241cf5390cf7c98134ad78a867615b3,1
5710,ff59e702dead8af77ed802e5ade39f7614eaa5181f403bdc10ca987cabb81d9e,284,137,datacopy/Stefano/ff59e702dead8af77ed802e5ade39f7614eaa5181f403bdc10ca987cabb81d9e,1
5711,5ce99ced503d59d7997f1344435b7b8c464b8f39.bin,285,1224,datacopy/UCSB/5ce99ced503d59d7997f1344435b7b8c464b8f39.bin,9
5712,1ac80a22728c73e28c2dca082dcf7c6570fab31b.bin,285,1224,datacopy/UCSB/1ac80a22728c73e28c2dca082dcf7c6570fab31b.bin,9
5713,b3b42f237060cd8092a83403b2b7642f46dc235b.bin,285,1224,datacopy/UCSB/b3b42f237060cd8092a83403b2b7642f46dc235b.bin,9
5714,b80b3a02716fc2f45e46ed512df5202d458cbfaefbd8c3d06ac47ddee555a6c3,285,3,datacopy/Stefano/b80b3a02716fc2f45e46ed512df5202d458cbfaefbd8c3d06ac47ddee555a6c3,9
5715,f650a66735b09bef575a86263b7d4cf21c75dc605e09f68b1fcbfcd19b566c08,285,3,datacopy/Stefano/f650a66735b09bef575a86263b7d4cf21c75dc605e09f68b1fcbfcd19b566c08,9
5716,bb8bd97d58b6dd999119fcab62d3e0fc86f596ba2279ac705aabba0a5eb0b727,285,1224,datacopy/Stefano/bb8bd97d58b6dd999119fcab62d3e0fc86f596ba2279ac705aabba0a5eb0b727,9
5717,a76a589053b7bde8e97bb56177ffa1cb7173a529a2305c117a94c71306381bfe,285,3,datacopy/Stefano/a76a589053b7bde8e97bb56177ffa1cb7173a529a2305c117a94c71306381bfe,9
5718,f3fa4ddd6fbc0460bf7f7184094ae03318df91d9205b2f26f5bd0bbbcc61f597,285,3,datacopy/Stefano/f3fa4ddd6fbc0460bf7f7184094ae03318df91d9205b2f26f5bd0bbbcc61f597,9
5719,82f83cca6cf2b0653826ae486955a5b97dfce5e68542cac2171c6988fd8c36b8,285,3,datacopy/Stefano/82f83cca6cf2b0653826ae486955a5b97dfce5e68542cac2171c6988fd8c36b8,9
5720,47d8bd6fb906c730c2c165b5518987469af21a7e97828215a664717dbfcd9b98,285,3,datacopy/Stefano/47d8bd6fb906c730c2c165b5518987469af21a7e97828215a664717dbfcd9b98,9
5721,a9375a8db1ee600446150c49867302160e611e733028e5fe0d2b0ff6382667e5,285,3,datacopy/Stefano/a9375a8db1ee600446150c49867302160e611e733028e5fe0d2b0ff6382667e5,9
5722,6099bf3fb4e6670abe323ce80e59f21a62b586a8cadcc9f85a684611d775db13,285,3,datacopy/Stefano/6099bf3fb4e6670abe323ce80e59f21a62b586a8cadcc9f85a684611d775db13,9
5723,5635eec30ed2e7cdcd7064c37d62c8c90e0e091d59c66ed24ed1e436c1921fac,285,3,datacopy/Stefano/5635eec30ed2e7cdcd7064c37d62c8c90e0e091d59c66ed24ed1e436c1921fac,9
5724,94c142ffd0fdd055d55f4bdbf7543131f36e4e7b65549d0d7cb07d930c5baa37,285,3,datacopy/Stefano/94c142ffd0fdd055d55f4bdbf7543131f36e4e7b65549d0d7cb07d930c5baa37,9
5725,1cb6deca765db32f8ed35b7727ffc036d65c43b5.bin,286,1602,datacopy/UCSB/1cb6deca765db32f8ed35b7727ffc036d65c43b5.bin,1
5726,741048f1674e75b8e932a77f3edb508125075ddf.bin,286,1602,datacopy/UCSB/741048f1674e75b8e932a77f3edb508125075ddf.bin,1
5727,555b3f95ad9a24acfa76105fb20f16f7e9c8c2ea.bin,286,3,datacopy/UCSB/555b3f95ad9a24acfa76105fb20f16f7e9c8c2ea.bin,1
5728,9c8f9c949dd1253e61dfa24823411c90871a7964.bin,286,3,datacopy/UCSB/9c8f9c949dd1253e61dfa24823411c90871a7964.bin,1
5729,8e8851edd1fc0685373db5d3f9e94a8d1ea054fe.bin,286,3,datacopy/UCSB/8e8851edd1fc0685373db5d3f9e94a8d1ea054fe.bin,1
5730,cf0be75e1025a2d3f1511da8a3f49910f147f361.bin,286,1602,datacopy/UCSB/cf0be75e1025a2d3f1511da8a3f49910f147f361.bin,1
5731,1afc2a2036812279c58de0b825ebdea423341182.bin,286,1602,datacopy/UCSB/1afc2a2036812279c58de0b825ebdea423341182.bin,1
5732,1adfc5074d798718288cdd523a8c38283c2987ee.bin,286,1602,datacopy/UCSB/1adfc5074d798718288cdd523a8c38283c2987ee.bin,1
5733,2038735f92ecfac72f496799a96d18ca4e71ebde.bin,286,3,datacopy/UCSB/2038735f92ecfac72f496799a96d18ca4e71ebde.bin,1
5734,7801ea11750cefb1531537c93310d9587ccdb07f.bin,286,3,datacopy/UCSB/7801ea11750cefb1531537c93310d9587ccdb07f.bin,1
5735,cc0e2d0eaa31aba41984ae05dde3057d97592fab.bin,289,1631,datacopy/UCSB/cc0e2d0eaa31aba41984ae05dde3057d97592fab.bin,1
5736,4c434fdbfd6fcb46e5340fbf960ff096f2a2fbda.bin,289,1631,datacopy/UCSB/4c434fdbfd6fcb46e5340fbf960ff096f2a2fbda.bin,1
5737,5384248e861ffca1daed3e7039958f5fb1edc7bd.bin,289,1631,datacopy/UCSB/5384248e861ffca1daed3e7039958f5fb1edc7bd.bin,1
5738,1f240d96d528a240f6e0abcea3916e14ede9c6c2.bin,291,203,datacopy/UCSB/1f240d96d528a240f6e0abcea3916e14ede9c6c2.bin,1
5739,eb4332da787cc5c8be987f2865f49e77598de1b9.bin,291,203,datacopy/UCSB/eb4332da787cc5c8be987f2865f49e77598de1b9.bin,1
5740,1d97fc6ba3faf78c8e1294691785f1353eef4757.bin,291,203,datacopy/UCSB/1d97fc6ba3faf78c8e1294691785f1353eef4757.bin,1
5741,6a5992cfc745e5116390030b488210ebda520538.bin,291,203,datacopy/UCSB/6a5992cfc745e5116390030b488210ebda520538.bin,1
5742,061d31e179ec357b5651f360bb7107c0e4ff76e5.bin,292,479,datacopy/UCSB/061d31e179ec357b5651f360bb7107c0e4ff76e5.bin,1
5743,e224c1d6331db81e720f6a5eda8958f2bfcdf16c.bin,292,3,datacopy/UCSB/e224c1d6331db81e720f6a5eda8958f2bfcdf16c.bin,1
5744,2841687c3e2b49437f3e6fceed5dbbe1713a3b41.bin,294,1359,datacopy/UCSB/2841687c3e2b49437f3e6fceed5dbbe1713a3b41.bin,1
5745,4834ab8d4d8bf066a26699d99473e6e146c39dc7.bin,294,1359,datacopy/UCSB/4834ab8d4d8bf066a26699d99473e6e146c39dc7.bin,1
5746,584bd7a1c3f16b294f3ae3dfc72ce76d66922603.bin,294,1359,datacopy/UCSB/584bd7a1c3f16b294f3ae3dfc72ce76d66922603.bin,1
5747,d13f004b966ec2e21fdc1ca8c039b666c1ad1d28.bin,300,724,datacopy/UCSB/d13f004b966ec2e21fdc1ca8c039b666c1ad1d28.bin,5
5748,bf79550e64575695b703a7332c540fb3b344208e.bin,300,3,datacopy/UCSB/bf79550e64575695b703a7332c540fb3b344208e.bin,5
5749,199bf768753642c98db6a9213144c3a2f9474937.bin,300,724,datacopy/UCSB/199bf768753642c98db6a9213144c3a2f9474937.bin,5
5750,file.502263.exe,300,724,datacopy/Honeypots/file.502263.exe,5
5751,file.193930.exe,300,3,datacopy/Honeypots/file.193930.exe,5
5752,Recibo-De-Pagamento-DepositoBancario.exe,300,2,datacopy/BB/Files/2012-04-30/Recibo-De-Pagamento-DepositoBancario.exe,5
5753,mdc.exe,300,2,datacopy/BB/Files/2013-04-09/mdc.exe,5
5754,1d8dc9db337564ed269b61eeff92e64c6e2c2956.bin,302,3,datacopy/UCSB/1d8dc9db337564ed269b61eeff92e64c6e2c2956.bin,1
5755,a2ba08017173d4d46684d603e71c8be89860ff7d.bin,302,3,datacopy/UCSB/a2ba08017173d4d46684d603e71c8be89860ff7d.bin,1
5756,0d82c4774db24b7a3df791a106b0383cab9278df.bin,302,3,datacopy/UCSB/0d82c4774db24b7a3df791a106b0383cab9278df.bin,1
5757,a5403c104f8139e8259cfe482c9f4b0346326466.bin,302,3,datacopy/UCSB/a5403c104f8139e8259cfe482c9f4b0346326466.bin,1
5758,62f744a7aea8352cd0e2190a2897acaebca0e375.bin,302,3,datacopy/UCSB/62f744a7aea8352cd0e2190a2897acaebca0e375.bin,1
5759,8bdd6604ad39e84a7b371c5b87b68c9b98dcf818.codex,303,917,datacopy/CodexGiga/8bdd6604ad39e84a7b371c5b87b68c9b98dcf818.codex,2
5760,64a24b88e586d8441559dea57ade0f2723ff9868.codex,303,942,datacopy/CodexGiga/64a24b88e586d8441559dea57ade0f2723ff9868.codex,2
5761,46624d16bca6d7b149a4808abaf25a49bc78395f.codex,303,917,datacopy/CodexGiga/46624d16bca6d7b149a4808abaf25a49bc78395f.codex,2
5762,2d5f81588c2bdb7ed1236a5a199055ca86803ae2.codex,303,917,datacopy/CodexGiga/2d5f81588c2bdb7ed1236a5a199055ca86803ae2.codex,2
5763,6cd45d9a0be69492ef79f7e465da72e287130d44.codex,303,917,datacopy/CodexGiga/6cd45d9a0be69492ef79f7e465da72e287130d44.codex,2
5764,1b17300fcfffd136b3695d79526d34f62887b85a.codex,303,917,datacopy/CodexGiga/1b17300fcfffd136b3695d79526d34f62887b85a.codex,2
5765,1bd24d7cd18bcd75fe994badf98654d7669f72f8d82ee80a272ed559872e614c,303,3,datacopy/Stefano/1bd24d7cd18bcd75fe994badf98654d7669f72f8d82ee80a272ed559872e614c,2
5766,0479a24a8309aa9bc79e34b84efd222327542be2.bin,304,94,datacopy/UCSB/0479a24a8309aa9bc79e34b84efd222327542be2.bin,1
5767,auto_update.exe,304,3,datacopy/BB/Files/2012-02-13/auto_update.exe,1
5768,extrato_comprovante.exe,304,3,datacopy/BB/Files/2013-11-28/extrato_comprovante.exe,1
5769,b47a20c3e3e5f188a97dbf653b6b90a0e3f118f2c2fa5cecfbd4384e844fdec1,304,3,datacopy/Stefano/b47a20c3e3e5f188a97dbf653b6b90a0e3f118f2c2fa5cecfbd4384e844fdec1,1
5770,0bfa96d27e0cf806b20f0c63f27678f729c8f999.bin,305,391,datacopy/UCSB.JP/data_feed.geo_japan_6m_public_flag/0/b/f/0bfa96d27e0cf806b20f0c63f27678f729c8f999.bin,9
5771,9d86a0a30faab22bd916613b709173e635cd81cf.bin,305,401,datacopy/UCSB/9d86a0a30faab22bd916613b709173e635cd81cf.bin,9
5772,fddcecac96811e9fc95a167dbf6a9ffe07fa97ee.bin,305,3,datacopy/UCSB/fddcecac96811e9fc95a167dbf6a9ffe07fa97ee.bin,9
5773,84dc82e8302b4bca0ce7b3e0d36e7652e3160227.bin,305,3,datacopy/UCSB/84dc82e8302b4bca0ce7b3e0d36e7652e3160227.bin,9
5774,2dd5bde756e0bb974bcce667f751c23864c8263c.bin,305,401,datacopy/UCSB/2dd5bde756e0bb974bcce667f751c23864c8263c.bin,9
5775,b06e0e968e00d2e379a696076c7edbe58311283a.bin,305,3,datacopy/UCSB/b06e0e968e00d2e379a696076c7edbe58311283a.bin,9
5776,b6116bff05837c0daf52aba9889970ea28860657.bin,305,3,datacopy/UCSB/b6116bff05837c0daf52aba9889970ea28860657.bin,9
5777,cb239d2e789bd3f7d426cd30206035a4f22d686d.bin,305,3,datacopy/UCSB/cb239d2e789bd3f7d426cd30206035a4f22d686d.bin,9
5778,363a1d980701864010404faea50c68392742b723.bin,305,3,datacopy/UCSB/363a1d980701864010404faea50c68392742b723.bin,9
5779,cc600af72b77982eb576a5a30f77316145107103.bin,305,3,datacopy/UCSB/cc600af72b77982eb576a5a30f77316145107103.bin,9
5780,c32183d1049ec79869596a869db4ff7930178717.bin,305,1144,datacopy/UCSB/c32183d1049ec79869596a869db4ff7930178717.bin,9
5781,dff_fp3wt-d3dx9_41.exe,305,401,datacopy/BB/Files/2014-08-20/dff_fp3wt-d3dx9_41.exe,9
5782,setup_a7158.exe,305,3,datacopy/BB/Files/2014-03-06/setup_a7158.exe,9
5783,04e055ffb77ac72b597b052f0beedc9b1fff34281f196dbdc3d405b9fc4fc3e0,305,1224,datacopy/Stefano/04e055ffb77ac72b597b052f0beedc9b1fff34281f196dbdc3d405b9fc4fc3e0,9
5784,ff80734772d9c58e89f4c20ff5048f77bd3081cef44a833e5fbaf01eaa449f7b,305,3,datacopy/Stefano/ff80734772d9c58e89f4c20ff5048f77bd3081cef44a833e5fbaf01eaa449f7b,9
5785,abd341cb3752cd00ed7e6538bfffbd4112ea87c32fde242fe786eed6a300ca5a,305,3,datacopy/Stefano/abd341cb3752cd00ed7e6538bfffbd4112ea87c32fde242fe786eed6a300ca5a,9
5786,350a1deccf111bcdca4dea8fe3a4370ddd0f229c.bin,312,1815,datacopy/UCSB.JP/data_feed.geo_japan_6m_public_flag/3/5/0/350a1deccf111bcdca4dea8fe3a4370ddd0f229c.bin,6
5787,bc2118de6b50f2b223c3bf714a91ebd9ec846647.bin,312,1815,datacopy/UCSB/bc2118de6b50f2b223c3bf714a91ebd9ec846647.bin,6
5788,Orcamento-23082390784.exe,319,15,datacopy/BB/Files/2017-06-12/Orcamento-23082390784.exe,10
5789,NFe00928.xml2023654836987754237282392.exe,319,15,datacopy/BB/Files/2017-06-09/NFe00928.xml2023654836987754237282392.exe,10
5790,Orcamento-23923743.exe,319,15,datacopy/BB/Files/2017-06-08/Orcamento-23923743.exe,10
5791,Orcamento-23791973974255.exe,319,15,datacopy/BB/Files/2017-06-08/Orcamento-23791973974255.exe,10
5792,Orcamento-2996277455.exe,319,15,datacopy/BB/Files/2017-06-08/Orcamento-2996277455.exe,10
5793,NF6372889183181.exe,319,223,datacopy/BB/Files/2017-06-20/NF6372889183181.exe,10
5794,advieira.exe,319,170,datacopy/BB/Files/2017-06-20/advieira.exe,10
5795,pse.correia32.exe,319,223,datacopy/BB/Files/2017-06-19/pse.correia32.exe,10
5796,106997699483091100005185837641.exe,319,15,datacopy/BB/Files/2017-06-14/106997699483091100005185837641.exe,10
5797,f85b5fa83544c15570dcf1e76b5971c68730a9c93ce7167ba530d35135c10b0f,319,3,datacopy/Stefano/f85b5fa83544c15570dcf1e76b5971c68730a9c93ce7167ba530d35135c10b0f,10
5798,7719c87ad7f3f0ee7060a119dbb2f03ac892cd6d.bin,320,1521,datacopy/UCSB/7719c87ad7f3f0ee7060a119dbb2f03ac892cd6d.bin,1
5799,7edfd75129ce33cab4aaf6343b4bff632386ec39.bin,320,1521,datacopy/UCSB/7edfd75129ce33cab4aaf6343b4bff632386ec39.bin,1
5800,76815ad83a7f06831798298f9d0859bbaedb615e.bin,320,1521,datacopy/UCSB/76815ad83a7f06831798298f9d0859bbaedb615e.bin,1
5801,71e90c37adbf4bd33095c7f74db374698a0506b7.bin,322,254,datacopy/UCSB/71e90c37adbf4bd33095c7f74db374698a0506b7.bin,1
5802,install_flashplayer11x32_mssd_aih.exe,322,530,datacopy/BB/Files/2012-09-14/install_flashplayer11x32_mssd_aih.exe,1
5803,odnoklassniki.exe,322,254,datacopy/BB/Files/2013-02-21/odnoklassniki.exe,1
5804,bbbe4faab4da797e019a0261361442bf638b71f0.bin,325,3,datacopy/UCSB/bbbe4faab4da797e019a0261361442bf638b71f0.bin,1
5805,badc30ed6a86d33d01a9249ed5520d6422a49c37.bin,325,203,datacopy/UCSB/badc30ed6a86d33d01a9249ed5520d6422a49c37.bin,1
5806,1cfb8e9dd5ec2035ddc140d2cd21c5b9213c3cee.bin,325,1951,datacopy/UCSB/1cfb8e9dd5ec2035ddc140d2cd21c5b9213c3cee.bin,1
5807,a86fbb2025e6ab928e90d1b285631198bc0dd12f.bin,326,274,datacopy/UCSB/a86fbb2025e6ab928e90d1b285631198bc0dd12f.bin,1
5808,ec432812f66bc0581901b3e6a4ee9af552709efb.bin,326,274,datacopy/UCSB/ec432812f66bc0581901b3e6a4ee9af552709efb.bin,1
5809,b3d42c86bc0b32633a7a495687c84db2498072fc.bin,326,274,datacopy/UCSB/b3d42c86bc0b32633a7a495687c84db2498072fc.bin,1
5810,fca78662d2f1e0df85f3dcba561195bac1227b02.codex,328,769,datacopy/CodexGiga/fca78662d2f1e0df85f3dcba561195bac1227b02.codex,1
5811,8850568c6d7a12ec70b7fd0fc5944539a5a91d51.codex,328,769,datacopy/CodexGiga/8850568c6d7a12ec70b7fd0fc5944539a5a91d51.codex,1
5812,c809e5a9462bcb80a10a42692557737059c1b40d.codex,328,769,datacopy/CodexGiga/c809e5a9462bcb80a10a42692557737059c1b40d.codex,1
5813,dc5a7700b0f32cf6245b9885b1655d9ac44b18f6.bin,330,1216,datacopy/UCSB/dc5a7700b0f32cf6245b9885b1655d9ac44b18f6.bin,3
5814,75d21fbd55cf2a93595ba54fd43709dcedefd61e.bin,330,1216,datacopy/UCSB/75d21fbd55cf2a93595ba54fd43709dcedefd61e.bin,3
5815,4ad513d19f2e27d7a404ca36d3fa554d6dedbac4e8bc3f361ace2d31bfecce91,330,1216,datacopy/Stefano/4ad513d19f2e27d7a404ca36d3fa554d6dedbac4e8bc3f361ace2d31bfecce91,3
5816,5ba53027f59b07576b31fc3e9837c2ce156155182f410c4f4b5e550a5b8f0b05,330,1216,datacopy/Stefano/5ba53027f59b07576b31fc3e9837c2ce156155182f410c4f4b5e550a5b8f0b05,3
5817,fe938c668d7ab53d8c28a36e12187e816ed8dcdac9ef349451969bf2b090de52,330,1216,datacopy/Stefano/fe938c668d7ab53d8c28a36e12187e816ed8dcdac9ef349451969bf2b090de52,3
5818,aa7ee3defec07f011d68c85fa278d7424ffcc6f9928985c241f7a6a6400fb17f,330,1216,datacopy/Stefano/aa7ee3defec07f011d68c85fa278d7424ffcc6f9928985c241f7a6a6400fb17f,3
5819,c12d3c0a0cbf254b7dd8477368f07bd35a9e208c.bin,333,2128,datacopy/UCSB.JP/data_feed.geo_japan_6m_public_flag/c/1/2/c12d3c0a0cbf254b7dd8477368f07bd35a9e208c.bin,1
5820,f405f378cecbfc01535477f7e3c6d24c5e587bed.bin,333,1777,datacopy/UCSB/f405f378cecbfc01535477f7e3c6d24c5e587bed.bin,1
5821,8657_71843_directDownload_true.exe,333,288,datacopy/BB/Files/2016-10-06/8657_71843_directDownload_true.exe,1
5822,0c444cd4e7a2ef9b3eea542919b27993ecf475fb3dca6a1c69874f72a95e3341,333,3,datacopy/Stefano/0c444cd4e7a2ef9b3eea542919b27993ecf475fb3dca6a1c69874f72a95e3341,1
5823,babefef44ef23d64521be42a1b5e84a5c449bb82.bin,334,805,datacopy/UCSB/babefef44ef23d64521be42a1b5e84a5c449bb82.bin,10
5824,ae5262b9133de6121fa2ebe77164c094cbba9cb3.bin,334,805,datacopy/UCSB/ae5262b9133de6121fa2ebe77164c094cbba9cb3.bin,10
5825,7803f160af428bcfb4b9ea2aba07886f232cde4e.codex,334,805,datacopy/CodexGiga/7803f160af428bcfb4b9ea2aba07886f232cde4e.codex,10
5826,246217774b05d6050af029202e0fef01fa4dcbec0ed7ba8f98430c6e1256799c,334,805,datacopy/Stefano/246217774b05d6050af029202e0fef01fa4dcbec0ed7ba8f98430c6e1256799c,10
5827,24ff85a5831f7e70cd7e87a98d82c4b0e904a94c8426f28bed964b1df3e96ce6,334,805,datacopy/Stefano/24ff85a5831f7e70cd7e87a98d82c4b0e904a94c8426f28bed964b1df3e96ce6,10
5828,ec16aabc38d2a713463491193b48331d18ad0570a72d5c080d743c9e40d8fcd1,334,805,datacopy/Stefano/ec16aabc38d2a713463491193b48331d18ad0570a72d5c080d743c9e40d8fcd1,10
5829,9282b9e2a902dda8162c81d7aa246cf4ab763e36e4c6248eb72ba3a8a824c340,334,805,datacopy/Stefano/9282b9e2a902dda8162c81d7aa246cf4ab763e36e4c6248eb72ba3a8a824c340,10
5830,22d5c098235b8172ed16a2c2c82f4b1548f44d593e968924427c4f44e24c1175,334,805,datacopy/Stefano/22d5c098235b8172ed16a2c2c82f4b1548f44d593e968924427c4f44e24c1175,10
5831,e7ccfc42f55165c60d370026dcd41b2962bfefb6c42932970d2243f82024ea93,334,805,datacopy/Stefano/e7ccfc42f55165c60d370026dcd41b2962bfefb6c42932970d2243f82024ea93,10
5832,e97de2f19cf8a2f1b6bcdd02aecebb057ac06f26a86996a7c91c0393789ce9b3,334,805,datacopy/Stefano/e97de2f19cf8a2f1b6bcdd02aecebb057ac06f26a86996a7c91c0393789ce9b3,10
5833,03144da417dc8d8b40d78d82cd438d3ba8a18dc31b854dbdb9581afc2eadd956,334,805,datacopy/Stefano/03144da417dc8d8b40d78d82cd438d3ba8a18dc31b854dbdb9581afc2eadd956,10
5834,fdaad1a4d3bc2b8c14d059829e631c48c87636ac29e0fdeac8edf8c3994547e3,334,805,datacopy/Stefano/fdaad1a4d3bc2b8c14d059829e631c48c87636ac29e0fdeac8edf8c3994547e3,10
5835,7a826f9d91f1d26a2d46016b131a24f8701b7113c4b87838f822f01654f0cf3d,334,805,datacopy/Stefano/7a826f9d91f1d26a2d46016b131a24f8701b7113c4b87838f822f01654f0cf3d,10
5836,e935314276d728e0d0c020c3b50a9cbe3c8f6065497b1e278da64574ffa461b9,334,805,datacopy/Stefano/e935314276d728e0d0c020c3b50a9cbe3c8f6065497b1e278da64574ffa461b9,10
5837,826d84e2387b04bb7426a3920287fa2982bce383e138c31a1f38c62d6c58b28a,334,805,datacopy/Stefano/826d84e2387b04bb7426a3920287fa2982bce383e138c31a1f38c62d6c58b28a,10
5838,ee893528854e8b59c04fd4e0683b41f617c0379ad85fc3dd8dbdef0b99141737,334,805,datacopy/Stefano/ee893528854e8b59c04fd4e0683b41f617c0379ad85fc3dd8dbdef0b99141737,10
5839,697418ab17627e0989b4fcf80a7b1c745aa4fb62cc60eead384e90fe326270ed,334,805,datacopy/Stefano/697418ab17627e0989b4fcf80a7b1c745aa4fb62cc60eead384e90fe326270ed,10
5840,a1eb56216260a4656401513ab9ac1c26d18c4ff143647732bde2fadce513bf31,334,805,datacopy/Stefano/a1eb56216260a4656401513ab9ac1c26d18c4ff143647732bde2fadce513bf31,10
5841,9b22cf8ca8d5cbd55136c7d19901e0a83da7aa6dd0b3f394333c3bcf75967f7e,334,805,datacopy/Stefano/9b22cf8ca8d5cbd55136c7d19901e0a83da7aa6dd0b3f394333c3bcf75967f7e,10
5842,77cfa96251619427e787a5d10afac4245ff0ee94.bin,337,3,datacopy/UCSB/77cfa96251619427e787a5d10afac4245ff0ee94.bin,1
5843,ca5ffad986370b8a5c2bc5721d5c60e49f27f335.bin,337,3,datacopy/UCSB/ca5ffad986370b8a5c2bc5721d5c60e49f27f335.bin,1
5844,3aaa43cfa9e2c781312786b72588a69cfd088242.bin,337,1976,datacopy/UCSB/3aaa43cfa9e2c781312786b72588a69cfd088242.bin,1
5845,ef8b80daf0b471e0355732fb10da70345843676a.bin,339,3,datacopy/UCSB/ef8b80daf0b471e0355732fb10da70345843676a.bin,1
5846,fotos2.exe,339,2,datacopy/BB/Files/2012-05-07/fotos2.exe,1
5847,nfe_23842234.com,339,3,datacopy/BB/Files/2013-11-28/nfe_23842234.com,1
5848,file.350363.exe,341,718,datacopy/Honeypots/file.350363.exe,6
5849,file.352950.exe,341,721,datacopy/Honeypots/file.352950.exe,6
5850,file.1020272.exe,341,718,datacopy/Honeypots/file.1020272.exe,6
5851,file.535904.exe,341,718,datacopy/Honeypots/file.535904.exe,6
5852,file.523445.exe,341,718,datacopy/Honeypots/file.523445.exe,6
5853,file.980008.exe,341,718,datacopy/Honeypots/file.980008.exe,6
5854,file.508671.exe,341,718,datacopy/Honeypots/file.508671.exe,6
5855,file.1281678.exe,341,718,datacopy/Honeypots/file.1281678.exe,6
5856,file.197410.exe,341,718,datacopy/Honeypots/file.197410.exe,6
5857,file.1021324.exe,341,718,datacopy/Honeypots/file.1021324.exe,6
5858,file.1020265.exe,341,721,datacopy/Honeypots/file.1020265.exe,6
5859,74125b0f1cd0e1b13b27b744d0e3d5900d224d22437c667568f5289428835a4a,341,718,datacopy/Stefano/74125b0f1cd0e1b13b27b744d0e3d5900d224d22437c667568f5289428835a4a,6
5860,1c29c1956a83010f1355276a1cbfde3e185cc187eb993c47b864d1c5d14e90d6,341,718,datacopy/Stefano/1c29c1956a83010f1355276a1cbfde3e185cc187eb993c47b864d1c5d14e90d6,6
5861,0493f4be0e7d0bf828e6aa1332a165c85e61ad3d10879168b92e41ebf0c9db51,341,718,datacopy/Stefano/0493f4be0e7d0bf828e6aa1332a165c85e61ad3d10879168b92e41ebf0c9db51,6
5862,40913520681e2a9184f717ea561e016d2c8ad3b3fcd16c7836b981f8889ebd04,341,1349,datacopy/Stefano/40913520681e2a9184f717ea561e016d2c8ad3b3fcd16c7836b981f8889ebd04,6
5863,d949010134c1272107fe2c6d7f6dd7a9ea252e75b9f5fb159af190600bd14167,341,718,datacopy/Stefano/d949010134c1272107fe2c6d7f6dd7a9ea252e75b9f5fb159af190600bd14167,6
5864,03815fd922c64c6a6adf607a32c4aec76516182c6c3b8cb9d4d1a6a9a8667d82,341,718,datacopy/Stefano/03815fd922c64c6a6adf607a32c4aec76516182c6c3b8cb9d4d1a6a9a8667d82,6
5865,1977ae635ea9c5dc349bbec058a7aeb4ac8ce1655a072577f12ce20e7111ef18,341,718,datacopy/Stefano/1977ae635ea9c5dc349bbec058a7aeb4ac8ce1655a072577f12ce20e7111ef18,6
5866,de31e2bf4eb64502c7e0ef5c95b2265642adc2650d9090a81a645f03549c696e,341,718,datacopy/Stefano/de31e2bf4eb64502c7e0ef5c95b2265642adc2650d9090a81a645f03549c696e,6
5867,e7e45f0236a40002e5346c15bb44eb904593fd5cb270cce7effa8b055eaf2844,341,718,datacopy/Stefano/e7e45f0236a40002e5346c15bb44eb904593fd5cb270cce7effa8b055eaf2844,6
5868,2f0790e1dcae8c56a860377360ff0a051466858450d635d0ee23b0e9782ac4b6,341,718,datacopy/Stefano/2f0790e1dcae8c56a860377360ff0a051466858450d635d0ee23b0e9782ac4b6,6
5869,da52038d8a664529f2b3d553b3be09e1b9f448deb666a8ab8d8861466b74adcc,341,718,datacopy/Stefano/da52038d8a664529f2b3d553b3be09e1b9f448deb666a8ab8d8861466b74adcc,6
5870,14bf1e62f5ecb751c923d3c16acd29d5222ecc7e8445c6826da0b688ec19baa0,341,718,datacopy/Stefano/14bf1e62f5ecb751c923d3c16acd29d5222ecc7e8445c6826da0b688ec19baa0,6
5871,d7114084dd3bca61407794d6a970360f40eea0346b1fe58de3933b469c732a31,341,718,datacopy/Stefano/d7114084dd3bca61407794d6a970360f40eea0346b1fe58de3933b469c732a31,6
5872,76c46553847ec9977da11ae0f49786ab74f17ca44afc5aeeae710fa634a33bf1,341,718,datacopy/Stefano/76c46553847ec9977da11ae0f49786ab74f17ca44afc5aeeae710fa634a33bf1,6
5873,957983d0fff4dd2a06ac2c2ac9ad5e4988689be65c0b99515907517927be15b0,341,3,datacopy/Stefano/957983d0fff4dd2a06ac2c2ac9ad5e4988689be65c0b99515907517927be15b0,6
5874,ca9ef4313d6e863300bd8f577893d26ad3f7e352ad0750e4c68a77abb4ffebca,341,718,datacopy/Stefano/ca9ef4313d6e863300bd8f577893d26ad3f7e352ad0750e4c68a77abb4ffebca,6
5875,1f0221097bb60becd83be0803821ca1592beb66f3ebc3e6937c70646d61e8993,341,718,datacopy/Stefano/1f0221097bb60becd83be0803821ca1592beb66f3ebc3e6937c70646d61e8993,6
5876,7801699ce16d4395c4b06bbdd8ed60eb5fd3dec9986ab93303a554960c86efe7,341,718,datacopy/Stefano/7801699ce16d4395c4b06bbdd8ed60eb5fd3dec9986ab93303a554960c86efe7,6
5877,file.701551.exe,342,718,datacopy/Honeypots/file.701551.exe,6
5878,file.1054843.exe,342,718,datacopy/Honeypots/file.1054843.exe,6
5879,file.1237008.exe,342,718,datacopy/Honeypots/file.1237008.exe,6
5880,file.425735.exe,342,719,datacopy/Honeypots/file.425735.exe,6
5881,file.635232.exe,342,719,datacopy/Honeypots/file.635232.exe,6
5882,file.635208.exe,342,718,datacopy/Honeypots/file.635208.exe,6
5883,file.707109.exe,342,719,datacopy/Honeypots/file.707109.exe,6
5884,file.345098.exe,342,719,datacopy/Honeypots/file.345098.exe,6
5885,file.1244155.exe,342,719,datacopy/Honeypots/file.1244155.exe,6
5886,file.760463.exe,342,719,datacopy/Honeypots/file.760463.exe,6
5887,013bf0c4c80c1f5ad9b022ef51b7a57852a126d33bb6d3d4b891bd38eec0aa96,342,719,datacopy/Stefano/013bf0c4c80c1f5ad9b022ef51b7a57852a126d33bb6d3d4b891bd38eec0aa96,6
5888,62172eee1a4591bde2658175dd5b8652d5aead2a.codex,343,756,datacopy/CodexGiga/62172eee1a4591bde2658175dd5b8652d5aead2a.codex,1
5889,bd44e5e325eef1fb7e803d6eb38e0495d8374ce7.codex,344,790,datacopy/CodexGiga/bd44e5e325eef1fb7e803d6eb38e0495d8374ce7.codex,5
5890,58c5dd3ac4c5259450f4bce796bd5ce9eb490fe3.codex,344,790,datacopy/CodexGiga/58c5dd3ac4c5259450f4bce796bd5ce9eb490fe3.codex,5
5891,6011305456c02850ff277def8396956d52ab1da0.codex,344,790,datacopy/CodexGiga/6011305456c02850ff277def8396956d52ab1da0.codex,5
5892,19f59f9a13c1286c643191792400599fb3b77661.codex,344,790,datacopy/CodexGiga/19f59f9a13c1286c643191792400599fb3b77661.codex,5
5893,16fbe7b93b2fd98c727e29e0c5240ff2ae9818a0.codex,344,790,datacopy/CodexGiga/16fbe7b93b2fd98c727e29e0c5240ff2ae9818a0.codex,5
5894,50623c43aa5914faee482174d42fe19d3c6dd6ed.codex,344,790,datacopy/CodexGiga/50623c43aa5914faee482174d42fe19d3c6dd6ed.codex,5
5895,455f13681dfa9eaad817f9126a485e3b542c7ec3.codex,344,790,datacopy/CodexGiga/455f13681dfa9eaad817f9126a485e3b542c7ec3.codex,5
5896,a7ab9fe7df24f86f8e3f3036b8a4944d33ecd66d.codex,344,790,datacopy/CodexGiga/a7ab9fe7df24f86f8e3f3036b8a4944d33ecd66d.codex,5
5897,18cbb59b51172e6b262f81ca48bd8bc609b1d64c.codex,344,790,datacopy/CodexGiga/18cbb59b51172e6b262f81ca48bd8bc609b1d64c.codex,5
5898,383e1d37e610cbd47d6797070a7ab49dfe90e13a.codex,344,790,datacopy/CodexGiga/383e1d37e610cbd47d6797070a7ab49dfe90e13a.codex,5
5899,bd769605cdb268e405604deda80b96e522421692.codex,344,790,datacopy/CodexGiga/bd769605cdb268e405604deda80b96e522421692.codex,5
5900,ffa088ea405c74b43e0aec8ee8e0a1a78d965e80.codex,344,790,datacopy/CodexGiga/ffa088ea405c74b43e0aec8ee8e0a1a78d965e80.codex,5
5901,b6a61c5fb646b5ecd082730e36347398901ec0e0.codex,344,790,datacopy/CodexGiga/b6a61c5fb646b5ecd082730e36347398901ec0e0.codex,5
5902,4ee6ee4633f288a28c1a4ed35fe202b59b119e76.codex,344,790,datacopy/CodexGiga/4ee6ee4633f288a28c1a4ed35fe202b59b119e76.codex,5
5903,f8064a06d06268966ee7c74d82c5b1c55708096b.codex,344,790,datacopy/CodexGiga/f8064a06d06268966ee7c74d82c5b1c55708096b.codex,5
5904,2f063d4fe6984e024dd69101c3760402a34786c4.codex,344,790,datacopy/CodexGiga/2f063d4fe6984e024dd69101c3760402a34786c4.codex,5
5905,909f45d580a8c33aadffc4020ab66d0e675c3bdf.codex,344,790,datacopy/CodexGiga/909f45d580a8c33aadffc4020ab66d0e675c3bdf.codex,5
5906,2b0dbea93861ec26f1e94f7764501f3d51c574bf.codex,344,790,datacopy/CodexGiga/2b0dbea93861ec26f1e94f7764501f3d51c574bf.codex,5
5907,8d4322e01f30df1914d928298052b23092265869.codex,344,790,datacopy/CodexGiga/8d4322e01f30df1914d928298052b23092265869.codex,5
5908,464a3262c2fe824f18cf5d17841ba9114c5044b4.codex,344,790,datacopy/CodexGiga/464a3262c2fe824f18cf5d17841ba9114c5044b4.codex,5
5909,3ac7a25f582c73547207b1ad3e78657ab8fa92ee.codex,344,790,datacopy/CodexGiga/3ac7a25f582c73547207b1ad3e78657ab8fa92ee.codex,5
5910,2d070b06ae312ac430247a0533f15118daf5ca9d.codex,344,790,datacopy/CodexGiga/2d070b06ae312ac430247a0533f15118daf5ca9d.codex,5
5911,3580401a8e660ed29f716dc33051c61b8e6b5f37.codex,344,790,datacopy/CodexGiga/3580401a8e660ed29f716dc33051c61b8e6b5f37.codex,5
5912,12e8c6883f3731798b8eabfe1a041e6d02d02055.codex,344,790,datacopy/CodexGiga/12e8c6883f3731798b8eabfe1a041e6d02d02055.codex,5
5913,80f9e63f19ecaf511216bd6561faff611216087d.codex,344,790,datacopy/CodexGiga/80f9e63f19ecaf511216bd6561faff611216087d.codex,5
5914,53ef55cc16073901133e23403775c8cf58b0f049.codex,344,790,datacopy/CodexGiga/53ef55cc16073901133e23403775c8cf58b0f049.codex,5
5915,ab5a458e85707797370925c499ae6f67dfcc4e79.codex,344,790,datacopy/CodexGiga/ab5a458e85707797370925c499ae6f67dfcc4e79.codex,5
5916,286911bc4a0bac095bc067ccb4ced36936f4d0bb.codex,344,790,datacopy/CodexGiga/286911bc4a0bac095bc067ccb4ced36936f4d0bb.codex,5
5917,1116ed804419b887988ef0566333ffe64d1b0e3f.codex,344,790,datacopy/CodexGiga/1116ed804419b887988ef0566333ffe64d1b0e3f.codex,5
5918,e1d5fcff24a6756575d027d1e2d91b1fb565e432.codex,344,790,datacopy/CodexGiga/e1d5fcff24a6756575d027d1e2d91b1fb565e432.codex,5
5919,dc14e7fe84227952129172c376bf9420ca421055.codex,344,790,datacopy/CodexGiga/dc14e7fe84227952129172c376bf9420ca421055.codex,5
5920,e1449d0192def4b944b61fa03df2efba130ab2b2.codex,344,790,datacopy/CodexGiga/e1449d0192def4b944b61fa03df2efba130ab2b2.codex,5
5921,18cbc9f85891526699dd66daff78ea6ce8167c2a.codex,344,790,datacopy/CodexGiga/18cbc9f85891526699dd66daff78ea6ce8167c2a.codex,5
5922,f371a9f094e9caa8805acb1f08017d35c9ac1c07.codex,344,790,datacopy/CodexGiga/f371a9f094e9caa8805acb1f08017d35c9ac1c07.codex,5
5923,fbe068cd0a88817338f71b8730b43174a804787b.codex,344,790,datacopy/CodexGiga/fbe068cd0a88817338f71b8730b43174a804787b.codex,5
5924,8c1278f04dc85bfec89430415c14e49e9b2d1bc9.codex,344,790,datacopy/CodexGiga/8c1278f04dc85bfec89430415c14e49e9b2d1bc9.codex,5
5925,f4e01db0041c1617eddbcec4d9c77ebc426af1ec.codex,344,790,datacopy/CodexGiga/f4e01db0041c1617eddbcec4d9c77ebc426af1ec.codex,5
5926,11b1dc55ab1e3bdd610701e517e1430346eb2955.codex,344,790,datacopy/CodexGiga/11b1dc55ab1e3bdd610701e517e1430346eb2955.codex,5
5927,7413865f6134ddb162a1d2a6153b9470c999bbd9.codex,344,790,datacopy/CodexGiga/7413865f6134ddb162a1d2a6153b9470c999bbd9.codex,5
5928,e0c1c801f53c1743945cbf18ab61acd2f9e23f2d.codex,344,790,datacopy/CodexGiga/e0c1c801f53c1743945cbf18ab61acd2f9e23f2d.codex,5
5929,9eff14d21cbfba06fc816f1a59ae82ee6f2ffd0a.codex,344,790,datacopy/CodexGiga/9eff14d21cbfba06fc816f1a59ae82ee6f2ffd0a.codex,5
5930,a200a6a3751a852930c18b2d6a077cf34079705f.codex,344,790,datacopy/CodexGiga/a200a6a3751a852930c18b2d6a077cf34079705f.codex,5
5931,639baf8e5a76f30b5d331649d98550fcaa846f3b.codex,344,790,datacopy/CodexGiga/639baf8e5a76f30b5d331649d98550fcaa846f3b.codex,5
5932,649ca7adf86c4d4630b40074583902076eaead88.codex,345,3,datacopy/CodexGiga/649ca7adf86c4d4630b40074583902076eaead88.codex,1
5933,fce8180cde6493cb89e71b0ebf521d837984130f.codex,345,3,datacopy/CodexGiga/fce8180cde6493cb89e71b0ebf521d837984130f.codex,1
5934,068370d2e354c805ba4b14f8b1c777e7149d5fdf.codex,345,3,datacopy/CodexGiga/068370d2e354c805ba4b14f8b1c777e7149d5fdf.codex,1
5935,1432b3bff29483baf54993ef61d91ead2647297d.codex,345,3,datacopy/CodexGiga/1432b3bff29483baf54993ef61d91ead2647297d.codex,1
5936,622a2f5ff7bcf6d8e2f344aa47c71bf17c56d1c6.codex,345,3,datacopy/CodexGiga/622a2f5ff7bcf6d8e2f344aa47c71bf17c56d1c6.codex,1
5937,eceb0e02fda23b0b399e0941a166a647bc6292c6.codex,345,3,datacopy/CodexGiga/eceb0e02fda23b0b399e0941a166a647bc6292c6.codex,1
5938,a129ed328172d81a179a4b62a50c67e65de8609b.codex,345,3,datacopy/CodexGiga/a129ed328172d81a179a4b62a50c67e65de8609b.codex,1
5939,ddbfbf908ea08050263ca56a4f488f88a737be2a.codex,354,787,datacopy/CodexGiga/ddbfbf908ea08050263ca56a4f488f88a737be2a.codex,12
5940,786c0c22b9efbe00d42aa20894e9299e1642754f.codex,354,787,datacopy/CodexGiga/786c0c22b9efbe00d42aa20894e9299e1642754f.codex,12
5941,a44e031d236a1f3737915f3689b3def49277de3e.codex,354,787,datacopy/CodexGiga/a44e031d236a1f3737915f3689b3def49277de3e.codex,12
5942,ef75b801e5509416bc37bf29bd8706f0d59947c3.codex,354,787,datacopy/CodexGiga/ef75b801e5509416bc37bf29bd8706f0d59947c3.codex,12
5943,dcdc870b16ce6979dc0136ef3e6cd00a86eb3e1d.codex,354,787,datacopy/CodexGiga/dcdc870b16ce6979dc0136ef3e6cd00a86eb3e1d.codex,12
5944,ccf9c5b0dee850622660a40f2680600c5d9b6083.codex,355,769,datacopy/CodexGiga/ccf9c5b0dee850622660a40f2680600c5d9b6083.codex,1
5945,1b5338ce7c9ddea5aa6eb8fe60cfc2eb9cc440f4.codex,355,769,datacopy/CodexGiga/1b5338ce7c9ddea5aa6eb8fe60cfc2eb9cc440f4.codex,1
5946,4bb3c6587921d59b9c4a86dc594169652981bdcf.codex,355,786,datacopy/CodexGiga/4bb3c6587921d59b9c4a86dc594169652981bdcf.codex,1
5947,9a7b3b0213a938d473430dd54938e320520a1321.codex,355,769,datacopy/CodexGiga/9a7b3b0213a938d473430dd54938e320520a1321.codex,1
5948,c6b35e95f67395d657eba33c8a1c6f9a8c23e8d0.codex,355,769,datacopy/CodexGiga/c6b35e95f67395d657eba33c8a1c6f9a8c23e8d0.codex,1
5949,9f5f0abf5f8e8c97bc72e32e22efcfdd43fe669c.codex,355,769,datacopy/CodexGiga/9f5f0abf5f8e8c97bc72e32e22efcfdd43fe669c.codex,1
5950,29b510446c694b429203fc69ee47f664111a5390.codex,355,769,datacopy/CodexGiga/29b510446c694b429203fc69ee47f664111a5390.codex,1
5951,821507c9339f9f87761b5176012b29ebec2af46d.codex,355,769,datacopy/CodexGiga/821507c9339f9f87761b5176012b29ebec2af46d.codex,1
5952,ba9d48a42513b78ca8be695360de04f7fbdf9762.codex,355,769,datacopy/CodexGiga/ba9d48a42513b78ca8be695360de04f7fbdf9762.codex,1
5953,d97343eaf6d29592878a16cb29e3bf8d7790bf3d.codex,355,769,datacopy/CodexGiga/d97343eaf6d29592878a16cb29e3bf8d7790bf3d.codex,1
5954,96e365a999933ec0d2a0c4bcfd1faff59777c78d.codex,355,769,datacopy/CodexGiga/96e365a999933ec0d2a0c4bcfd1faff59777c78d.codex,1
5955,e3d039955066a2afb010aed3648767e6f4408d0f.codex,355,769,datacopy/CodexGiga/e3d039955066a2afb010aed3648767e6f4408d0f.codex,1
5956,fa48dbfa9319a8b98cd163e366e8efd08900d7fd.codex,355,769,datacopy/CodexGiga/fa48dbfa9319a8b98cd163e366e8efd08900d7fd.codex,1
5957,285f9ac80d6a723121774fab5fa0a7f7e12a0f76.codex,355,769,datacopy/CodexGiga/285f9ac80d6a723121774fab5fa0a7f7e12a0f76.codex,1
5958,29cd55f93b156e570030989b305bd5f87af8152f.codex,355,769,datacopy/CodexGiga/29cd55f93b156e570030989b305bd5f87af8152f.codex,1
5959,e3b0841a55ae601d766358567bd9ff4c30b29e5b.codex,355,769,datacopy/CodexGiga/e3b0841a55ae601d766358567bd9ff4c30b29e5b.codex,1
5960,6469008d9d8626d5572093620d182b589a04d875.codex,356,787,datacopy/CodexGiga/6469008d9d8626d5572093620d182b589a04d875.codex,12
5961,9d572d10840b1623135e4b2562cf68a5690407ed.codex,356,3,datacopy/CodexGiga/9d572d10840b1623135e4b2562cf68a5690407ed.codex,12
5962,434b68976ff9fe44655712c5ff1a14a455b822fa.codex,356,930,datacopy/CodexGiga/434b68976ff9fe44655712c5ff1a14a455b822fa.codex,12
5963,f7a48fc20c255c6dbc5cb27279c81d88146bb14f.codex,356,787,datacopy/CodexGiga/f7a48fc20c255c6dbc5cb27279c81d88146bb14f.codex,12
5964,ea8dc22cb1cd606b8bd7c4d4ec1fccc283d7567c.codex,356,930,datacopy/CodexGiga/ea8dc22cb1cd606b8bd7c4d4ec1fccc283d7567c.codex,12
5965,d9afde7a09564a8cb66e4637e6b0704e661954fc.codex,356,1049,datacopy/CodexGiga/d9afde7a09564a8cb66e4637e6b0704e661954fc.codex,12
5966,b3d66697dad37dcdc64e16978c55bb28ab59f426.codex,356,866,datacopy/CodexGiga/b3d66697dad37dcdc64e16978c55bb28ab59f426.codex,12
5967,7ad98d1ba1e90799b11419c4cf5a1289a4289350.codex,356,30,datacopy/CodexGiga/7ad98d1ba1e90799b11419c4cf5a1289a4289350.codex,12
5968,b6db9ecf67a9be355f7f26471f4c841bcfc57638.codex,359,810,datacopy/CodexGiga/b6db9ecf67a9be355f7f26471f4c841bcfc57638.codex,21
5969,6d122f811164818eb830769b77fadc307ede8e6f.codex,359,810,datacopy/CodexGiga/6d122f811164818eb830769b77fadc307ede8e6f.codex,21
5970,e0972403ec7cb9af27b059c9a9791508bfec7baa.codex,359,810,datacopy/CodexGiga/e0972403ec7cb9af27b059c9a9791508bfec7baa.codex,21
5971,de30620fe969bc8f680d1bd673134fbbd652ffc4.codex,359,810,datacopy/CodexGiga/de30620fe969bc8f680d1bd673134fbbd652ffc4.codex,21
5972,0af4ce34183a83c8143689a4205fc9b3d0a7212d.codex,359,810,datacopy/CodexGiga/0af4ce34183a83c8143689a4205fc9b3d0a7212d.codex,21
5973,d3916bc4ed3a7acb404929efdc3822c710f4925e.codex,359,810,datacopy/CodexGiga/d3916bc4ed3a7acb404929efdc3822c710f4925e.codex,21
5974,452da59259113c0b513c277400f690dbd3080812.codex,359,810,datacopy/CodexGiga/452da59259113c0b513c277400f690dbd3080812.codex,21
5975,41e7dc1d4d4e11d2263fcf71a0c27c1674bdecc8.codex,359,810,datacopy/CodexGiga/41e7dc1d4d4e11d2263fcf71a0c27c1674bdecc8.codex,21
5976,9e12ff814906094ee174764ed99f7f930c57416f.codex,359,810,datacopy/CodexGiga/9e12ff814906094ee174764ed99f7f930c57416f.codex,21
5977,de38e7ebc9977563cd8ecce0759edfc5e3813014.codex,359,810,datacopy/CodexGiga/de38e7ebc9977563cd8ecce0759edfc5e3813014.codex,21
5978,09d4eca67b1d071e57c5951d97fe9dd9c62f1580.codex,359,810,datacopy/CodexGiga/09d4eca67b1d071e57c5951d97fe9dd9c62f1580.codex,21
5979,fe5ee93ec970c414d979320b93cc743ee49d3dc3.codex,359,810,datacopy/CodexGiga/fe5ee93ec970c414d979320b93cc743ee49d3dc3.codex,21
5980,33f9057cee4f09fbceb2797c7b1bc9fb719150a3.codex,359,810,datacopy/CodexGiga/33f9057cee4f09fbceb2797c7b1bc9fb719150a3.codex,21
5981,9a32ada46980c5cdbc8627d97b8d21101b9179a4.codex,359,810,datacopy/CodexGiga/9a32ada46980c5cdbc8627d97b8d21101b9179a4.codex,21
5982,80202daff255db88a7aa1cb622f061bc67f28df0.codex,359,810,datacopy/CodexGiga/80202daff255db88a7aa1cb622f061bc67f28df0.codex,21
5983,2d4d2247b59a5d9408fa6222ce679104d82fd787.codex,359,810,datacopy/CodexGiga/2d4d2247b59a5d9408fa6222ce679104d82fd787.codex,21
5984,2847fed8edf2861997c0624dca36f5449038ca21.codex,359,810,datacopy/CodexGiga/2847fed8edf2861997c0624dca36f5449038ca21.codex,21
5985,d9574d591e64d88b9b3fc82720845f48d1f5f5bc.codex,359,810,datacopy/CodexGiga/d9574d591e64d88b9b3fc82720845f48d1f5f5bc.codex,21
5986,5d9cecdfdd216fcecc830b753a507ae497fc49da.codex,359,810,datacopy/CodexGiga/5d9cecdfdd216fcecc830b753a507ae497fc49da.codex,21
5987,c71e32910001c23067de88b70a79d2218cbd598a.codex,359,810,datacopy/CodexGiga/c71e32910001c23067de88b70a79d2218cbd598a.codex,21
5988,8c1ad6455ef8259293034be20f5ace43490901d5.codex,359,810,datacopy/CodexGiga/8c1ad6455ef8259293034be20f5ace43490901d5.codex,21
5989,97dbf4a6a0e033f05417b7635b394f3013e3d734.codex,359,810,datacopy/CodexGiga/97dbf4a6a0e033f05417b7635b394f3013e3d734.codex,21
5990,a5999abba9e36385ae6aadaff566698c9c526af0.codex,359,810,datacopy/CodexGiga/a5999abba9e36385ae6aadaff566698c9c526af0.codex,21
5991,0126e3d84b101c74fd36a6284688fe3d87899628.codex,359,810,datacopy/CodexGiga/0126e3d84b101c74fd36a6284688fe3d87899628.codex,21
5992,0e8fc752319937506cb1ffc2937260744ff12dc8.codex,359,810,datacopy/CodexGiga/0e8fc752319937506cb1ffc2937260744ff12dc8.codex,21
5993,8bc41fd04400799c397389d1abb7038de3d9af84.codex,359,810,datacopy/CodexGiga/8bc41fd04400799c397389d1abb7038de3d9af84.codex,21
5994,ab9c4cc9d121041716715ea5409a93d0ce4e98ca.codex,359,810,datacopy/CodexGiga/ab9c4cc9d121041716715ea5409a93d0ce4e98ca.codex,21
5995,93f9a16b89084e8edc14de0df29a13f03e72929b.codex,359,810,datacopy/CodexGiga/93f9a16b89084e8edc14de0df29a13f03e72929b.codex,21
5996,6a3b57ad9c2a73a35504f67ce36bd2634e634f91.codex,359,810,datacopy/CodexGiga/6a3b57ad9c2a73a35504f67ce36bd2634e634f91.codex,21
5997,0af6f3af846fc307bba7a806d86c430b5a164507.codex,359,810,datacopy/CodexGiga/0af6f3af846fc307bba7a806d86c430b5a164507.codex,21
5998,80b99f182c6c37b08a8023c3f8b2a731aacff5e2.codex,359,810,datacopy/CodexGiga/80b99f182c6c37b08a8023c3f8b2a731aacff5e2.codex,21
5999,c16ca269a374041c17eb0752c672ad341e226e57.codex,359,810,datacopy/CodexGiga/c16ca269a374041c17eb0752c672ad341e226e57.codex,21
6000,fd2be968541a59a35d2616ab60c23d4026c13db2.codex,359,810,datacopy/CodexGiga/fd2be968541a59a35d2616ab60c23d4026c13db2.codex,21
6001,ab8301840fec72cb1f1855d4a454fbd278c0a0d3.codex,359,810,datacopy/CodexGiga/ab8301840fec72cb1f1855d4a454fbd278c0a0d3.codex,21
6002,0957118717f8fb46a8ee9e4984fbdc43f6fa8dd4.codex,359,810,datacopy/CodexGiga/0957118717f8fb46a8ee9e4984fbdc43f6fa8dd4.codex,21
6003,f7674630ab84dcb66acea2473608e388ed67d74d.codex,359,810,datacopy/CodexGiga/f7674630ab84dcb66acea2473608e388ed67d74d.codex,21
6004,2dfb079451313e97af3a5b4e1cb92e27453670c0.codex,359,810,datacopy/CodexGiga/2dfb079451313e97af3a5b4e1cb92e27453670c0.codex,21
6005,fb9ab46760e1feaeb6c561dce3ce258a19143044.codex,359,810,datacopy/CodexGiga/fb9ab46760e1feaeb6c561dce3ce258a19143044.codex,21
6006,2df469b77a086c3a926035ce1ca50ddeec0a2f3c.codex,359,810,datacopy/CodexGiga/2df469b77a086c3a926035ce1ca50ddeec0a2f3c.codex,21
6007,470c1846d03da4c4aef2309c63f77d7ede9f0ace.codex,359,810,datacopy/CodexGiga/470c1846d03da4c4aef2309c63f77d7ede9f0ace.codex,21
6008,355c16cc0ffff0c5fa53d0eda4b8cd1b17cf2384.codex,359,810,datacopy/CodexGiga/355c16cc0ffff0c5fa53d0eda4b8cd1b17cf2384.codex,21
6009,5ded326f49d606347ddc7635dd0e828927fea429.codex,359,810,datacopy/CodexGiga/5ded326f49d606347ddc7635dd0e828927fea429.codex,21
6010,f3de7b5868a58ab47a3495a3ab0abfd54486c8d4.codex,359,810,datacopy/CodexGiga/f3de7b5868a58ab47a3495a3ab0abfd54486c8d4.codex,21
6011,41b5b37d18269092b1615940b8f4b90c79889967.codex,359,810,datacopy/CodexGiga/41b5b37d18269092b1615940b8f4b90c79889967.codex,21
6012,8cea1d08180f9625585687481227816d87c59d50.codex,359,810,datacopy/CodexGiga/8cea1d08180f9625585687481227816d87c59d50.codex,21
6013,79a0b7f86b55b27884c6495171f8748f55987d6d.codex,359,810,datacopy/CodexGiga/79a0b7f86b55b27884c6495171f8748f55987d6d.codex,21
6014,5e868de3ba743865dae56d1949ff7decec495335.codex,360,814,datacopy/CodexGiga/5e868de3ba743865dae56d1949ff7decec495335.codex,1
6015,18f570706567f8c3b88a98e02962c4d73aea0902.codex,360,814,datacopy/CodexGiga/18f570706567f8c3b88a98e02962c4d73aea0902.codex,1
6016,783e76821d48cbc6e88b5aacc0df9f57feb99777.codex,361,784,datacopy/CodexGiga/783e76821d48cbc6e88b5aacc0df9f57feb99777.codex,2
6017,dd72847f99e88a46236456bb49999eba2110d3f5.codex,361,784,datacopy/CodexGiga/dd72847f99e88a46236456bb49999eba2110d3f5.codex,2
6018,eee7997e62dc0628454e243442c76a77dabb142f.codex,361,784,datacopy/CodexGiga/eee7997e62dc0628454e243442c76a77dabb142f.codex,2
6019,9ca8ab492a55ac3f7c0501cd047cad039a42c7de.codex,361,784,datacopy/CodexGiga/9ca8ab492a55ac3f7c0501cd047cad039a42c7de.codex,2
6020,0f0ce8dc616031af01a3995d48ebe1175b4dff33.codex,363,827,datacopy/CodexGiga/0f0ce8dc616031af01a3995d48ebe1175b4dff33.codex,1
6021,f126a7c253b8b94aa1539e9fd816336f07197223.codex,363,827,datacopy/CodexGiga/f126a7c253b8b94aa1539e9fd816336f07197223.codex,1
6022,2df8a0bca61519536d6346f036f33f7cd65b6a04.codex,363,827,datacopy/CodexGiga/2df8a0bca61519536d6346f036f33f7cd65b6a04.codex,1
6023,438ac491ce63841ef34974f37eb3e0cb3682da16.codex,367,3,datacopy/CodexGiga/438ac491ce63841ef34974f37eb3e0cb3682da16.codex,1
6024,d7c0eb7192d185d13449f21e1350473ab7aa3683.codex,367,3,datacopy/CodexGiga/d7c0eb7192d185d13449f21e1350473ab7aa3683.codex,1
6025,cdb537978f9f1bbc33d2073428735db1b2848d2b.codex,367,3,datacopy/CodexGiga/cdb537978f9f1bbc33d2073428735db1b2848d2b.codex,1
6026,17ac30ae1e9a9f33263bbd0d7c1ae00543fa92dc.codex,367,3,datacopy/CodexGiga/17ac30ae1e9a9f33263bbd0d7c1ae00543fa92dc.codex,1
6027,55744c57c0d783bf6fc0d28f8841d6d8c69f9c56.codex,367,3,datacopy/CodexGiga/55744c57c0d783bf6fc0d28f8841d6d8c69f9c56.codex,1
6028,0f570eabe749b05d59cb2eca9dcef81ad9b044bc.codex,368,853,datacopy/CodexGiga/0f570eabe749b05d59cb2eca9dcef81ad9b044bc.codex,2
6029,e861c257c257401a5bd4c5487a45696d7796135c.codex,368,801,datacopy/CodexGiga/e861c257c257401a5bd4c5487a45696d7796135c.codex,2
6030,b34255200abfdc0a329509650d13ef31541edda5.codex,368,801,datacopy/CodexGiga/b34255200abfdc0a329509650d13ef31541edda5.codex,2
6031,6b265b5e9520c58e1c0859a6abca0bdf6fb04020.codex,368,801,datacopy/CodexGiga/6b265b5e9520c58e1c0859a6abca0bdf6fb04020.codex,2
6032,cd882c6fcb74f446b1b7f7ac5970d999eb6a474d.codex,368,3,datacopy/CodexGiga/cd882c6fcb74f446b1b7f7ac5970d999eb6a474d.codex,2
6033,d06253668c761f8d1ac5aa63e8b24405a87b943d.codex,368,801,datacopy/CodexGiga/d06253668c761f8d1ac5aa63e8b24405a87b943d.codex,2
6034,acf26efe1dc33b4885759e521bd634fa9896b24b.codex,371,841,datacopy/CodexGiga/acf26efe1dc33b4885759e521bd634fa9896b24b.codex,16
6035,e97c0b1dead191b1b83cfff6040b78f4476347db.codex,371,841,datacopy/CodexGiga/e97c0b1dead191b1b83cfff6040b78f4476347db.codex,16
6036,43f1adbd486b8efeeed1f197c72d596752638c4c.codex,371,841,datacopy/CodexGiga/43f1adbd486b8efeeed1f197c72d596752638c4c.codex,16
6037,08a484d5fdf591c0ed93eb733353b96ccef7e27e.codex,371,841,datacopy/CodexGiga/08a484d5fdf591c0ed93eb733353b96ccef7e27e.codex,16
6038,480c97600184abea7aecad5ec1e9cebdf2372bc7.codex,371,841,datacopy/CodexGiga/480c97600184abea7aecad5ec1e9cebdf2372bc7.codex,16
6039,4b5bdaff1543d4603b4a2d45bc2164561eb9a36c.codex,371,841,datacopy/CodexGiga/4b5bdaff1543d4603b4a2d45bc2164561eb9a36c.codex,16
6040,71f2e6775e9fd8240647db71b753b468110ad160.codex,371,841,datacopy/CodexGiga/71f2e6775e9fd8240647db71b753b468110ad160.codex,16
6041,f4c82c937f3bd3442388cb95ed6d6ddea6ab4598.codex,371,841,datacopy/CodexGiga/f4c82c937f3bd3442388cb95ed6d6ddea6ab4598.codex,16
6042,c2922cc06c0b811ce4ae7f939147d7bb459967c1.codex,371,841,datacopy/CodexGiga/c2922cc06c0b811ce4ae7f939147d7bb459967c1.codex,16
6043,595ac0af4585b6550bbf3c0b5b982e2fe8052d76.codex,371,841,datacopy/CodexGiga/595ac0af4585b6550bbf3c0b5b982e2fe8052d76.codex,16
6044,75c1fc256729acb60f232dd46bd378847091a569.codex,371,841,datacopy/CodexGiga/75c1fc256729acb60f232dd46bd378847091a569.codex,16
6045,9f69c56b587d4717907738fbfe2cd751e8e0f902.codex,371,841,datacopy/CodexGiga/9f69c56b587d4717907738fbfe2cd751e8e0f902.codex,16
6046,ceb0d237f3ecd1b44654b24e4f2ff542420a550d.codex,371,841,datacopy/CodexGiga/ceb0d237f3ecd1b44654b24e4f2ff542420a550d.codex,16
6047,4cb6a2e49207a7150300796715b15d1fddf6828e.codex,371,841,datacopy/CodexGiga/4cb6a2e49207a7150300796715b15d1fddf6828e.codex,16
6048,20a29d1f89c07bafbb4c61ce208531d68125c8ea.codex,371,841,datacopy/CodexGiga/20a29d1f89c07bafbb4c61ce208531d68125c8ea.codex,16
6049,5cec1abde26adf46b52260244b01965fb7179599.codex,371,841,datacopy/CodexGiga/5cec1abde26adf46b52260244b01965fb7179599.codex,16
6050,0fbaf73e6232dcccbb81b168283c9f5c5fb82894.codex,371,841,datacopy/CodexGiga/0fbaf73e6232dcccbb81b168283c9f5c5fb82894.codex,16
6051,dfabcdb88d6a57a46eeec6166baa977a4ca071f3.codex,371,841,datacopy/CodexGiga/dfabcdb88d6a57a46eeec6166baa977a4ca071f3.codex,16
6052,6aa9ea3c8193b73e060e1636d946f4ffdbf1869f.codex,371,841,datacopy/CodexGiga/6aa9ea3c8193b73e060e1636d946f4ffdbf1869f.codex,16
6053,ebef7e35ac956ceba1c0ee26c6382d7a0d89b61f.codex,371,841,datacopy/CodexGiga/ebef7e35ac956ceba1c0ee26c6382d7a0d89b61f.codex,16
6054,dc52add7be5553ab6c6d30f77dd46ac66a785dbf.codex,371,841,datacopy/CodexGiga/dc52add7be5553ab6c6d30f77dd46ac66a785dbf.codex,16
6055,2a9b9a5767457063f57b5824ce4571183a59bda1.codex,371,841,datacopy/CodexGiga/2a9b9a5767457063f57b5824ce4571183a59bda1.codex,16
6056,52dc32a6009f90930fe44953b61200bbbfcbd16b.codex,371,841,datacopy/CodexGiga/52dc32a6009f90930fe44953b61200bbbfcbd16b.codex,16
6057,c272381fe0bb1cf049efa526051783c80a596dbb.codex,371,841,datacopy/CodexGiga/c272381fe0bb1cf049efa526051783c80a596dbb.codex,16
6058,5d3b53661b7f7af7fe05e5daf741e5fa93066ded.codex,371,841,datacopy/CodexGiga/5d3b53661b7f7af7fe05e5daf741e5fa93066ded.codex,16
6059,b1eb809f05b05499defe9d087c98bc30ec1767f8.codex,371,841,datacopy/CodexGiga/b1eb809f05b05499defe9d087c98bc30ec1767f8.codex,16
6060,e36635b83ca60cdea382b11a6bcfc11b0cb6c98f.codex,371,841,datacopy/CodexGiga/e36635b83ca60cdea382b11a6bcfc11b0cb6c98f.codex,16
6061,827de8655d8f1da9d3b10a52f914c5297386922a.codex,371,841,datacopy/CodexGiga/827de8655d8f1da9d3b10a52f914c5297386922a.codex,16
6062,a17c08b971d526f433c40814520c5e2c909920d2.codex,373,801,datacopy/CodexGiga/a17c08b971d526f433c40814520c5e2c909920d2.codex,2
6063,340a13547cef341ee99e5d2bc49a0e850310b6e3.codex,373,801,datacopy/CodexGiga/340a13547cef341ee99e5d2bc49a0e850310b6e3.codex,2
6064,061388b418af03bdca9fb4b01e50a4e4edc7df3a.codex,373,801,datacopy/CodexGiga/061388b418af03bdca9fb4b01e50a4e4edc7df3a.codex,2
6065,acbd4b388a9374ea775e48087ead55754c3c6c40.codex,373,3,datacopy/CodexGiga/acbd4b388a9374ea775e48087ead55754c3c6c40.codex,2
6066,c3b73db2da16071f0e6580b1b95855e74f61091e.codex,373,3,datacopy/CodexGiga/c3b73db2da16071f0e6580b1b95855e74f61091e.codex,2
6067,b5c77e24346d394aaf197c7ede7bf8d967c6cd33.codex,373,3,datacopy/CodexGiga/b5c77e24346d394aaf197c7ede7bf8d967c6cd33.codex,2
6068,a024c6a7948b90281ad03288b573636dd950f8ab.codex,373,853,datacopy/CodexGiga/a024c6a7948b90281ad03288b573636dd950f8ab.codex,2
6069,fc79c1a9cf470131a7c4f6f4a34fdee75a537ce5.codex,374,750,datacopy/CodexGiga/fc79c1a9cf470131a7c4f6f4a34fdee75a537ce5.codex,5
6070,3d1d540e005922d8b3db1172797e3d3698542ca8.codex,374,750,datacopy/CodexGiga/3d1d540e005922d8b3db1172797e3d3698542ca8.codex,5
6071,32b1b98177cfc94d515b76e24b09003e9a241c2b.codex,374,750,datacopy/CodexGiga/32b1b98177cfc94d515b76e24b09003e9a241c2b.codex,5
6072,70e9452061ffefef58bb9af8846dc50a1650e8ba.codex,374,750,datacopy/CodexGiga/70e9452061ffefef58bb9af8846dc50a1650e8ba.codex,5
6073,7a7da6954945f18e85ddb69748ed479be22a0b38.codex,374,750,datacopy/CodexGiga/7a7da6954945f18e85ddb69748ed479be22a0b38.codex,5
6074,90e3f1dcb33a7905e5a4f86b7b498f649cd3c603.codex,374,750,datacopy/CodexGiga/90e3f1dcb33a7905e5a4f86b7b498f649cd3c603.codex,5
6075,bb308ec7401b63f88929403c252e40eeeccf611d.codex,374,750,datacopy/CodexGiga/bb308ec7401b63f88929403c252e40eeeccf611d.codex,5
6076,cd63127916cef62bd1e76a74c124dcefde1e5bb5.codex,374,750,datacopy/CodexGiga/cd63127916cef62bd1e76a74c124dcefde1e5bb5.codex,5
6077,022c79f5a209c5aaaf3818898ecc5d9a641c4ea7.codex,374,750,datacopy/CodexGiga/022c79f5a209c5aaaf3818898ecc5d9a641c4ea7.codex,5
6078,7c23120467aabbb391aa0cb340e2986770bf1c28.codex,377,838,datacopy/CodexGiga/7c23120467aabbb391aa0cb340e2986770bf1c28.codex,1
6079,57282ea370b5ef64b605b788efa5ae6639983641.codex,377,838,datacopy/CodexGiga/57282ea370b5ef64b605b788efa5ae6639983641.codex,1
6080,88730104d96e4fd7bd9778c1ef208b790b0f2819.codex,377,838,datacopy/CodexGiga/88730104d96e4fd7bd9778c1ef208b790b0f2819.codex,1
6081,a8722e87f6287c1c3484e6c0a984960d995b4a57.codex,377,838,datacopy/CodexGiga/a8722e87f6287c1c3484e6c0a984960d995b4a57.codex,1
6082,67d1b13026d4200f9f27a29d3c423171ae782fb7.codex,377,838,datacopy/CodexGiga/67d1b13026d4200f9f27a29d3c423171ae782fb7.codex,1
6083,4be71a7b6dcc4e8a3c854f4b78840babf36c50f3.codex,377,838,datacopy/CodexGiga/4be71a7b6dcc4e8a3c854f4b78840babf36c50f3.codex,1
6084,6e92c8e9bbc5bfe460f1b499ab78333313be5c36.codex,378,742,datacopy/CodexGiga/6e92c8e9bbc5bfe460f1b499ab78333313be5c36.codex,25
6085,8abdd93bde1247389557c52efe4a2e0d9a08ae47.codex,378,742,datacopy/CodexGiga/8abdd93bde1247389557c52efe4a2e0d9a08ae47.codex,25
6086,1e0fef3c27b7e620b846ed416a10bc6d5318124f.codex,378,742,datacopy/CodexGiga/1e0fef3c27b7e620b846ed416a10bc6d5318124f.codex,25
6087,01c6741fd91aaeb22b5d79e2c60b7b12b99cbf93.codex,378,742,datacopy/CodexGiga/01c6741fd91aaeb22b5d79e2c60b7b12b99cbf93.codex,25
6088,7f2d2897367cb7eae84b67421ff1bd1d7cffadb2.codex,378,742,datacopy/CodexGiga/7f2d2897367cb7eae84b67421ff1bd1d7cffadb2.codex,25
6089,a665b494b8e2507f31b46ec5f59a84ce12e5d1df.codex,378,742,datacopy/CodexGiga/a665b494b8e2507f31b46ec5f59a84ce12e5d1df.codex,25
6090,260aa2e602f00c86c45683f3706de40c1b617fc7.codex,378,742,datacopy/CodexGiga/260aa2e602f00c86c45683f3706de40c1b617fc7.codex,25
6091,fd28b6fc289b73599da98f4e357031b13a4efcb4.codex,378,742,datacopy/CodexGiga/fd28b6fc289b73599da98f4e357031b13a4efcb4.codex,25
6092,70806c72470524ff8882b01a880c7f92614a42e9.codex,378,742,datacopy/CodexGiga/70806c72470524ff8882b01a880c7f92614a42e9.codex,25
6093,44074855db079686baf9f611d4d6c2b2d7078f6c.codex,378,742,datacopy/CodexGiga/44074855db079686baf9f611d4d6c2b2d7078f6c.codex,25
6094,4011ead767f45bf36bdfaa5545ea8c9ff8a4f160.codex,378,742,datacopy/CodexGiga/4011ead767f45bf36bdfaa5545ea8c9ff8a4f160.codex,25
6095,5d9310f7277477ad889e346bd17652a5cc8fddf2.codex,378,742,datacopy/CodexGiga/5d9310f7277477ad889e346bd17652a5cc8fddf2.codex,25
6096,e16c084e5fbeea6692a8c38f97294e539971de89.codex,378,742,datacopy/CodexGiga/e16c084e5fbeea6692a8c38f97294e539971de89.codex,25
6097,08ef70a2fba08cc65338d886279302e47cd5f737.codex,378,742,datacopy/CodexGiga/08ef70a2fba08cc65338d886279302e47cd5f737.codex,25
6098,e83c74589f97c14edac30077b59395fd60f7a39c.codex,378,742,datacopy/CodexGiga/e83c74589f97c14edac30077b59395fd60f7a39c.codex,25
6099,32f6536be3b68b30d49afe5e898a7620173b6632.codex,378,899,datacopy/CodexGiga/32f6536be3b68b30d49afe5e898a7620173b6632.codex,25
6100,b296e2a05c0a1041ded7b70be605c071be089f24.codex,378,742,datacopy/CodexGiga/b296e2a05c0a1041ded7b70be605c071be089f24.codex,25
6101,4a087813a34e5a9c7531a0573fccaed4104c4f9a.codex,378,742,datacopy/CodexGiga/4a087813a34e5a9c7531a0573fccaed4104c4f9a.codex,25
6102,cff2bd8aa69c9ef987b6720cec9807f3b15484b6.codex,378,742,datacopy/CodexGiga/cff2bd8aa69c9ef987b6720cec9807f3b15484b6.codex,25
6103,1ea1f40b85e72d093e4e7a869a7f3bf1f8d88fd5.codex,378,742,datacopy/CodexGiga/1ea1f40b85e72d093e4e7a869a7f3bf1f8d88fd5.codex,25
6104,fec9cfa02ecb40102723c81bbc32f01350c9f923.codex,378,742,datacopy/CodexGiga/fec9cfa02ecb40102723c81bbc32f01350c9f923.codex,25
6105,279c86ada3f37e00d754c11f77c1d41c39cb36b9.codex,378,742,datacopy/CodexGiga/279c86ada3f37e00d754c11f77c1d41c39cb36b9.codex,25
6106,1e07cab4c65ca3437418154b4a869647c25f1749.codex,378,742,datacopy/CodexGiga/1e07cab4c65ca3437418154b4a869647c25f1749.codex,25
6107,a81a699bc51d2c60523afa6874f773a662783fe5.codex,378,742,datacopy/CodexGiga/a81a699bc51d2c60523afa6874f773a662783fe5.codex,25
6108,fa3da1d762d03d2e4daf3136a3c389c771d26299.codex,378,742,datacopy/CodexGiga/fa3da1d762d03d2e4daf3136a3c389c771d26299.codex,25
6109,16d29af10cb05e2ff106a517eef3135f0c3660a1.codex,378,742,datacopy/CodexGiga/16d29af10cb05e2ff106a517eef3135f0c3660a1.codex,25
6110,82ca44d1b9f72c692d0e6e50b10a9685daa69833.codex,378,742,datacopy/CodexGiga/82ca44d1b9f72c692d0e6e50b10a9685daa69833.codex,25
6111,63743af02a34f3511f37921b35388be19ffd6b27.codex,378,742,datacopy/CodexGiga/63743af02a34f3511f37921b35388be19ffd6b27.codex,25
6112,915939a6e8bc9d0e3ebeeaf803a704fddd0813a5.codex,378,742,datacopy/CodexGiga/915939a6e8bc9d0e3ebeeaf803a704fddd0813a5.codex,25
6113,ab33cdc69d738276e88b775184413c160b3620a4.codex,378,742,datacopy/CodexGiga/ab33cdc69d738276e88b775184413c160b3620a4.codex,25
6114,9d58b171f94319e4ed89553703d6fe5cd44f339a.codex,378,742,datacopy/CodexGiga/9d58b171f94319e4ed89553703d6fe5cd44f339a.codex,25
6115,036a5edac631ebd8fdf4dc4006e14cf8f0fa9913.codex,378,742,datacopy/CodexGiga/036a5edac631ebd8fdf4dc4006e14cf8f0fa9913.codex,25
6116,286552cca75c87c8d62cb58e07496cea4c1d2183.codex,378,742,datacopy/CodexGiga/286552cca75c87c8d62cb58e07496cea4c1d2183.codex,25
6117,facaeee3d520ef5d4df8be3a70d15b149619004e.codex,378,742,datacopy/CodexGiga/facaeee3d520ef5d4df8be3a70d15b149619004e.codex,25
6118,4008caac047f7e5db9d8333f5bf47b6ecb886025.codex,378,742,datacopy/CodexGiga/4008caac047f7e5db9d8333f5bf47b6ecb886025.codex,25
6119,5dd0c487f8443427913b5258a77f5032f013426d.codex,378,742,datacopy/CodexGiga/5dd0c487f8443427913b5258a77f5032f013426d.codex,25
6120,3b936c08f5f6187a410cf63cbf4ae0908c27c424.codex,378,742,datacopy/CodexGiga/3b936c08f5f6187a410cf63cbf4ae0908c27c424.codex,25
6121,6cd74d808d022bf26b5f2cddf4d9ec1dd3f0b4ca.codex,378,742,datacopy/CodexGiga/6cd74d808d022bf26b5f2cddf4d9ec1dd3f0b4ca.codex,25
6122,a77e0fa6f51b5bd6a81959535bcec67eb8bb8f07.codex,378,742,datacopy/CodexGiga/a77e0fa6f51b5bd6a81959535bcec67eb8bb8f07.codex,25
6123,a551a0b72a7f3ba4c6a0f4ba36ea92badb3f894a.codex,378,742,datacopy/CodexGiga/a551a0b72a7f3ba4c6a0f4ba36ea92badb3f894a.codex,25
6124,fc5412fc7249da240913456b5e48f3997ca4e401.codex,378,742,datacopy/CodexGiga/fc5412fc7249da240913456b5e48f3997ca4e401.codex,25
6125,8e300b74f28340db4c84e6a34a84fa093c31dd36.codex,378,742,datacopy/CodexGiga/8e300b74f28340db4c84e6a34a84fa093c31dd36.codex,25
6126,5566b4f53be9a6ee08965c318fc3af121877c61e.codex,378,742,datacopy/CodexGiga/5566b4f53be9a6ee08965c318fc3af121877c61e.codex,25
6127,92375e331717e21a98b5d55b0d13efe254abced2.codex,378,742,datacopy/CodexGiga/92375e331717e21a98b5d55b0d13efe254abced2.codex,25
6128,fff4845a2b9916666b9914210e0535410273b4f1.codex,378,742,datacopy/CodexGiga/fff4845a2b9916666b9914210e0535410273b4f1.codex,25
6129,2f6ba1147f4601d34c1e87339bdcda532ce69649.codex,378,742,datacopy/CodexGiga/2f6ba1147f4601d34c1e87339bdcda532ce69649.codex,25
6130,3ef33deaa97a5c7a29d141d0aacd2d4fde128622.codex,378,742,datacopy/CodexGiga/3ef33deaa97a5c7a29d141d0aacd2d4fde128622.codex,25
6131,04f57186bbce1bd71a3348274a7a7783fd4ae46e.codex,378,742,datacopy/CodexGiga/04f57186bbce1bd71a3348274a7a7783fd4ae46e.codex,25
6132,1e3b2233edcaddbd4ad36e66b95180060ba1c888.codex,378,742,datacopy/CodexGiga/1e3b2233edcaddbd4ad36e66b95180060ba1c888.codex,25
6133,ca9435e710c590fca8e96085e51aadb104b725e4.codex,378,742,datacopy/CodexGiga/ca9435e710c590fca8e96085e51aadb104b725e4.codex,25
6134,f20cf5bd35e0626fa0a1237a7a365d473ae14be3.codex,378,742,datacopy/CodexGiga/f20cf5bd35e0626fa0a1237a7a365d473ae14be3.codex,25
6135,6299dee8593c071a57853efe58d2a132c19226be.codex,378,742,datacopy/CodexGiga/6299dee8593c071a57853efe58d2a132c19226be.codex,25
6136,0876f15ce55285ab4f60251d6df3297896032831.codex,378,742,datacopy/CodexGiga/0876f15ce55285ab4f60251d6df3297896032831.codex,25
6137,ca3644123584eb3bc8932a1b9c68af7d4b59ec37.codex,378,742,datacopy/CodexGiga/ca3644123584eb3bc8932a1b9c68af7d4b59ec37.codex,25
6138,81756ca98cea150a3e4a0b4843a9c3e93be94cfb.codex,378,742,datacopy/CodexGiga/81756ca98cea150a3e4a0b4843a9c3e93be94cfb.codex,25
6139,cb5ccfbfbcb46038615f013a7aaff16c113513c3.codex,378,742,datacopy/CodexGiga/cb5ccfbfbcb46038615f013a7aaff16c113513c3.codex,25
6140,f79b7dbe344939e03b908f033be9cea4faac324e.codex,378,742,datacopy/CodexGiga/f79b7dbe344939e03b908f033be9cea4faac324e.codex,25
6141,2cf14a67b4c4f966561c78696b8e486974c2dc73.codex,378,742,datacopy/CodexGiga/2cf14a67b4c4f966561c78696b8e486974c2dc73.codex,25
6142,0f04bc3bc610a8956e851fb385fcf4c2c0e2f5ab.codex,378,742,datacopy/CodexGiga/0f04bc3bc610a8956e851fb385fcf4c2c0e2f5ab.codex,25
6143,b82e524a322a5731abac515d1844fd5871dcb172.codex,378,742,datacopy/CodexGiga/b82e524a322a5731abac515d1844fd5871dcb172.codex,25
6144,87d59d5f68f7502af962391b1ad23166c04c53f0.codex,378,742,datacopy/CodexGiga/87d59d5f68f7502af962391b1ad23166c04c53f0.codex,25
6145,2884e5de6b576f301c574f2fa89491d44f5d8013.codex,378,742,datacopy/CodexGiga/2884e5de6b576f301c574f2fa89491d44f5d8013.codex,25
6146,bcd15c30be52a695807bda439206d3eb72dabb5d.codex,378,742,datacopy/CodexGiga/bcd15c30be52a695807bda439206d3eb72dabb5d.codex,25
6147,fc621f247ad8d1af1fab06038c0b300c487c76bd.codex,378,742,datacopy/CodexGiga/fc621f247ad8d1af1fab06038c0b300c487c76bd.codex,25
6148,fc62feccffafeda7b06d7b1fef27b34207502b12.codex,378,742,datacopy/CodexGiga/fc62feccffafeda7b06d7b1fef27b34207502b12.codex,25
6149,e49da3f6b5aa68c9bae0261e6a872bfa075bc679.codex,378,742,datacopy/CodexGiga/e49da3f6b5aa68c9bae0261e6a872bfa075bc679.codex,25
6150,805dad92ea9f05ffc08029553897aa9e78b2ec75.codex,378,742,datacopy/CodexGiga/805dad92ea9f05ffc08029553897aa9e78b2ec75.codex,25
6151,d65cdbf1cbebb55646cf5c0bb861f08f84244dbb.codex,378,742,datacopy/CodexGiga/d65cdbf1cbebb55646cf5c0bb861f08f84244dbb.codex,25
6152,50d50438068fb0773cf7befbd3960115e55ae5c9.codex,379,753,datacopy/CodexGiga/50d50438068fb0773cf7befbd3960115e55ae5c9.codex,1
6153,dcd6e5c1cb35b42d6bcf7e3e68a16be66079f68f.codex,381,821,datacopy/CodexGiga/dcd6e5c1cb35b42d6bcf7e3e68a16be66079f68f.codex,13
6154,8566d3abd8c18cc0b3f2e5ecd2779fd0761c2161.codex,381,821,datacopy/CodexGiga/8566d3abd8c18cc0b3f2e5ecd2779fd0761c2161.codex,13
6155,a265995327fa4584275706ee97c89be80971bcc7.codex,381,993,datacopy/CodexGiga/a265995327fa4584275706ee97c89be80971bcc7.codex,13
6156,4562855f42b2e41b32b05d2aec5ff411d3058454.codex,381,1098,datacopy/CodexGiga/4562855f42b2e41b32b05d2aec5ff411d3058454.codex,13
6157,99884c31dc2f266f94a143f1a5cd4f570a45910c.codex,381,925,datacopy/CodexGiga/99884c31dc2f266f94a143f1a5cd4f570a45910c.codex,13
6158,4f68afd2370dc304d9f178f55b3d7a45a28febba.codex,381,821,datacopy/CodexGiga/4f68afd2370dc304d9f178f55b3d7a45a28febba.codex,13
6159,97e775b6a18958d730cb467cab517877f803005f.codex,381,925,datacopy/CodexGiga/97e775b6a18958d730cb467cab517877f803005f.codex,13
6160,64d7508cda0c1fd48cc587d3da6048e5639a35c2.codex,381,821,datacopy/CodexGiga/64d7508cda0c1fd48cc587d3da6048e5639a35c2.codex,13
6161,cce2deac99da11b3b1ddd8d9a5aa5b4744e0c8fa.codex,381,838,datacopy/CodexGiga/cce2deac99da11b3b1ddd8d9a5aa5b4744e0c8fa.codex,13
6162,cleosvaldo04868402.exe,381,3,datacopy/BB/Files/2015-01-07/cleosvaldo04868402.exe,13
6163,hRJchV.exe,381,62,datacopy/BB/Files/2015-01-07/hRJchV.exe,13
6164,NotaFiscal.JD9S-IM27-2299-SSD4download.exe,381,3,datacopy/BB/Files/2015-09-23/NotaFiscal.JD9S-IM27-2299-SSD4download.exe,13
6165,freebb.exe,381,274,datacopy/BB/Files/2012-06-20/freebb.exe,13
6166,91faf2a1ee1947c1efdf8cb51025265190e6ce13.codex,382,877,datacopy/CodexGiga/91faf2a1ee1947c1efdf8cb51025265190e6ce13.codex,1
6167,aad5d30a2b346c08149b21727080d69a949b5b91.codex,382,877,datacopy/CodexGiga/aad5d30a2b346c08149b21727080d69a949b5b91.codex,1
6168,22a82dfeefc6cd027342b0c7a65bbb97c159707c.codex,382,877,datacopy/CodexGiga/22a82dfeefc6cd027342b0c7a65bbb97c159707c.codex,1
6169,0fbb7a6406eb3df90a08db163163a8a666ab3c28.codex,382,877,datacopy/CodexGiga/0fbb7a6406eb3df90a08db163163a8a666ab3c28.codex,1
6170,83351bc669ea0fde771a98ef44337bd927630893.codex,382,877,datacopy/CodexGiga/83351bc669ea0fde771a98ef44337bd927630893.codex,1
6171,136c2ef8c1e1720274f4a4452a9eca0c9f67e6d7.codex,382,877,datacopy/CodexGiga/136c2ef8c1e1720274f4a4452a9eca0c9f67e6d7.codex,1
6172,55062342c2596bed7f87ee0a256bce3652e84dc7.codex,384,3,datacopy/CodexGiga/55062342c2596bed7f87ee0a256bce3652e84dc7.codex,1
6173,8fa3f75dfba0144309f3a2989f6f99cbe13af741.codex,384,957,datacopy/CodexGiga/8fa3f75dfba0144309f3a2989f6f99cbe13af741.codex,1
6174,a73a43f7b578634bbd572684f16694bc6a5b0052.codex,384,3,datacopy/CodexGiga/a73a43f7b578634bbd572684f16694bc6a5b0052.codex,1
6175,3026886b213d07b8f95aa531bf2413152fa2e799.codex,384,957,datacopy/CodexGiga/3026886b213d07b8f95aa531bf2413152fa2e799.codex,1
6176,6318d132e17a9d5d8a5ac954edd46475532121c3.codex,384,3,datacopy/CodexGiga/6318d132e17a9d5d8a5ac954edd46475532121c3.codex,1
6177,dc355f883091ee5e7becc284a39b137149a86185.codex,384,3,datacopy/CodexGiga/dc355f883091ee5e7becc284a39b137149a86185.codex,1
6178,ae90ae09afaded8fdb601d25cfc2aa3f98449169.codex,384,3,datacopy/CodexGiga/ae90ae09afaded8fdb601d25cfc2aa3f98449169.codex,1
6179,9a34c7d978ba542569694245089518b020e7f3e1.codex,387,3,datacopy/CodexGiga/9a34c7d978ba542569694245089518b020e7f3e1.codex,20
6180,513628eb549fdcf9af488bff451ab31a03368190.codex,387,203,datacopy/CodexGiga/513628eb549fdcf9af488bff451ab31a03368190.codex,20
6181,e911aef062a43d83a7346c89e5756b167d8af93c.codex,387,764,datacopy/CodexGiga/e911aef062a43d83a7346c89e5756b167d8af93c.codex,20
6182,97c0737c9b88e4cff7c3118a59698b9fc8004e88.codex,387,764,datacopy/CodexGiga/97c0737c9b88e4cff7c3118a59698b9fc8004e88.codex,20
6183,3ec61bcb0e35d34070cfeb349f6873172dc1c965.codex,387,764,datacopy/CodexGiga/3ec61bcb0e35d34070cfeb349f6873172dc1c965.codex,20
6184,d3d9ec3b0cd4c3a99234ce8820c5498cb788974d.codex,387,930,datacopy/CodexGiga/d3d9ec3b0cd4c3a99234ce8820c5498cb788974d.codex,20
6185,552a96fb2312fa148f538e18049d76c733e8d2af.codex,387,463,datacopy/CodexGiga/552a96fb2312fa148f538e18049d76c733e8d2af.codex,20
6186,e2d01cbf5a4bb08e12b48d3b11bb7d2a1284c6e6.codex,387,3,datacopy/CodexGiga/e2d01cbf5a4bb08e12b48d3b11bb7d2a1284c6e6.codex,20
6187,ad41b4993a53aa95ef86b417487fc6840d9d4bc4.codex,387,203,datacopy/CodexGiga/ad41b4993a53aa95ef86b417487fc6840d9d4bc4.codex,20
6188,3cdb968fd0c6fe8771e71c9451ac4f55a59abbf7.codex,387,764,datacopy/CodexGiga/3cdb968fd0c6fe8771e71c9451ac4f55a59abbf7.codex,20
6189,f01c2125e269bee1957a6c2e24ae9aaa94861f3a.codex,387,764,datacopy/CodexGiga/f01c2125e269bee1957a6c2e24ae9aaa94861f3a.codex,20
6190,ac0ce01ed13b6a533a196746caa812ed8d17fd66.codex,387,764,datacopy/CodexGiga/ac0ce01ed13b6a533a196746caa812ed8d17fd66.codex,20
6191,fa9d222e87965a48a35a036732bc7c8e92a83519.codex,387,764,datacopy/CodexGiga/fa9d222e87965a48a35a036732bc7c8e92a83519.codex,20
6192,5ff87f4f22a03797486928cc8da8d8678ce88f03.codex,387,764,datacopy/CodexGiga/5ff87f4f22a03797486928cc8da8d8678ce88f03.codex,20
6193,2f6f421ed71893ba772e0bf34e01f8742d47c472.codex,387,203,datacopy/CodexGiga/2f6f421ed71893ba772e0bf34e01f8742d47c472.codex,20
6194,bf3e7835bb43a037d5689ff358e626376d592ae6.codex,387,203,datacopy/CodexGiga/bf3e7835bb43a037d5689ff358e626376d592ae6.codex,20
6195,88f1c78e8eb5e472ee196e8f9e344b00d5f30cc9.codex,387,203,datacopy/CodexGiga/88f1c78e8eb5e472ee196e8f9e344b00d5f30cc9.codex,20
6196,158b942c7d52648449f96597558b76a1dd58b49e.codex,387,203,datacopy/CodexGiga/158b942c7d52648449f96597558b76a1dd58b49e.codex,20
6197,57d3b51d4cc0426883eafa71959b014fcb315887.codex,387,764,datacopy/CodexGiga/57d3b51d4cc0426883eafa71959b014fcb315887.codex,20
6198,bd9c5facb9f6cd8ad989c5b88faf2185194f5bda.codex,387,764,datacopy/CodexGiga/bd9c5facb9f6cd8ad989c5b88faf2185194f5bda.codex,20
6199,64678c6be77ecb76d0e67598c8fc2b41b63b82c8.codex,387,764,datacopy/CodexGiga/64678c6be77ecb76d0e67598c8fc2b41b63b82c8.codex,20
6200,5bea0dba3701375d82e50ef93ad524606e573c7a.codex,387,930,datacopy/CodexGiga/5bea0dba3701375d82e50ef93ad524606e573c7a.codex,20
6201,1ba7805880b84bda9f8e91a24ad0936980f15ba6.codex,387,3,datacopy/CodexGiga/1ba7805880b84bda9f8e91a24ad0936980f15ba6.codex,20
6202,39293e342cc82947d8c923b214939c61fa30faa7.codex,389,3,datacopy/CodexGiga/39293e342cc82947d8c923b214939c61fa30faa7.codex,1
6203,cbeebc8fc53611d2ecef3d0ce01438f9db92aee9.codex,389,3,datacopy/CodexGiga/cbeebc8fc53611d2ecef3d0ce01438f9db92aee9.codex,1
6204,8ab9b15b18b8f9cc3b75bb96cc8a612ae20c216d.codex,389,3,datacopy/CodexGiga/8ab9b15b18b8f9cc3b75bb96cc8a612ae20c216d.codex,1
6205,369c69bab359d672eb0ee83592e68c15fa3c25c8.codex,389,3,datacopy/CodexGiga/369c69bab359d672eb0ee83592e68c15fa3c25c8.codex,1
6206,86482483ae14965f437391e8c9f95eda2a539c34.codex,390,901,datacopy/CodexGiga/86482483ae14965f437391e8c9f95eda2a539c34.codex,2
6207,403f77aa5333d2f0945f92d30763557d9d726eba.codex,390,901,datacopy/CodexGiga/403f77aa5333d2f0945f92d30763557d9d726eba.codex,2
6208,fdafb036e2974bb8d1a4b2bb97ef88560e275fc4.codex,390,855,datacopy/CodexGiga/fdafb036e2974bb8d1a4b2bb97ef88560e275fc4.codex,2
6209,1b4742ab194cf014b4174d031d3f2bd47e98a4ba.codex,390,901,datacopy/CodexGiga/1b4742ab194cf014b4174d031d3f2bd47e98a4ba.codex,2
6210,9b3321414173373b68ef2dbaa421b3370c583e06.codex,390,901,datacopy/CodexGiga/9b3321414173373b68ef2dbaa421b3370c583e06.codex,2
6211,3253b063de345004da077df7d30040a7d7b31534.codex,391,3,datacopy/CodexGiga/3253b063de345004da077df7d30040a7d7b31534.codex,5
6212,6b65f897230962a3668654a2e47db3532acd6ed3.codex,391,750,datacopy/CodexGiga/6b65f897230962a3668654a2e47db3532acd6ed3.codex,5
6213,c5fd22c025914199e5f5148af81b09ff101d4bc5.codex,392,2,datacopy/CodexGiga/c5fd22c025914199e5f5148af81b09ff101d4bc5.codex,1
6214,4b0f5fa2211608c04e621194744f822459bc46fe.codex,392,3,datacopy/CodexGiga/4b0f5fa2211608c04e621194744f822459bc46fe.codex,1
6215,d18e2eadd67e6b123643356be8b4754ec4160b4d.codex,392,2,datacopy/CodexGiga/d18e2eadd67e6b123643356be8b4754ec4160b4d.codex,1
6216,65bb8564a3502840b90ed546319f026ee19c96fc.codex,392,3,datacopy/CodexGiga/65bb8564a3502840b90ed546319f026ee19c96fc.codex,1
6217,e7d90112f75d14828f595de02e086dbabbd02e72.codex,392,2,datacopy/CodexGiga/e7d90112f75d14828f595de02e086dbabbd02e72.codex,1
6218,1e02551d8015337d30193e99bedd4720ffebb1bf.codex,392,788,datacopy/CodexGiga/1e02551d8015337d30193e99bedd4720ffebb1bf.codex,1
6219,9fd548597c0c68f9f2c2acd02f7759e1df76b72b.codex,392,3,datacopy/CodexGiga/9fd548597c0c68f9f2c2acd02f7759e1df76b72b.codex,1
6220,aa7cea14f41a7549e1bbdf97bc27cdd6ffa719ed.codex,392,2,datacopy/CodexGiga/aa7cea14f41a7549e1bbdf97bc27cdd6ffa719ed.codex,1
6221,24cc3c7624faa17d04da8c72e78daf7544991799.codex,392,788,datacopy/CodexGiga/24cc3c7624faa17d04da8c72e78daf7544991799.codex,1
6222,1015d2368302fa88b6b43ee06b2d019efd9834a7.codex,392,3,datacopy/CodexGiga/1015d2368302fa88b6b43ee06b2d019efd9834a7.codex,1
6223,416c7d365f8067a051f8108e2ba6e3cf898548c6.bin,394,137,datacopy/UCSB.JP/data_feed.geo_japan_6m_public_flag/4/1/6/416c7d365f8067a051f8108e2ba6e3cf898548c6.bin,1
6224,5a0c65d9e36e2178f3477d8b7b93b752110a4fa7.bin,394,137,datacopy/UCSB/5a0c65d9e36e2178f3477d8b7b93b752110a4fa7.bin,1
6225,053aebe7dbb2d09c529926f3081966b45ee0e31d.codex,394,137,datacopy/CodexGiga/053aebe7dbb2d09c529926f3081966b45ee0e31d.codex,1
6226,f63d9b542cc84080282c82455fd81716a4dd1b3e.codex,395,3,datacopy/CodexGiga/f63d9b542cc84080282c82455fd81716a4dd1b3e.codex,1
6227,f785df165abca33a90b2cd3b7dd4b7412e9d8666.codex,395,3,datacopy/CodexGiga/f785df165abca33a90b2cd3b7dd4b7412e9d8666.codex,1
6228,daa48cc74a8a0795184112bf252525119d052daa.codex,395,3,datacopy/CodexGiga/daa48cc74a8a0795184112bf252525119d052daa.codex,1
6229,c33313a5079501d28d4c14f06a02de47ce32b5d7.codex,395,3,datacopy/CodexGiga/c33313a5079501d28d4c14f06a02de47ce32b5d7.codex,1
6230,2e2781454df89fe7bb6f5ea021afcc84ccb0bd0f.codex,395,3,datacopy/CodexGiga/2e2781454df89fe7bb6f5ea021afcc84ccb0bd0f.codex,1
6231,f947c128db126eaec9ad83e28283629172b32180.codex,395,3,datacopy/CodexGiga/f947c128db126eaec9ad83e28283629172b32180.codex,1
6232,07263f4cb2c12ec4cad6ecae0dfae4e45731c4da.codex,395,1130,datacopy/CodexGiga/07263f4cb2c12ec4cad6ecae0dfae4e45731c4da.codex,1
6233,8edb46260f57af77b2d56dc380e52c78e37cd3b0.codex,396,769,datacopy/CodexGiga/8edb46260f57af77b2d56dc380e52c78e37cd3b0.codex,1
6234,49fa0eff01e46bf78012be7cad11e9a1517b255b.codex,396,769,datacopy/CodexGiga/49fa0eff01e46bf78012be7cad11e9a1517b255b.codex,1
6235,9995988c428544f6d0176dda54d06d0a4374ac5a.codex,396,769,datacopy/CodexGiga/9995988c428544f6d0176dda54d06d0a4374ac5a.codex,1
6236,d222c5c2d536b3407760756073c226bbb497c065.codex,396,769,datacopy/CodexGiga/d222c5c2d536b3407760756073c226bbb497c065.codex,1
6237,3111404b815b71329b30048ef65c752c67c1495a.codex,398,801,datacopy/CodexGiga/3111404b815b71329b30048ef65c752c67c1495a.codex,2
6238,c7fc5c49edfab9b77b70e03047d57583f27d2f5c.codex,398,3,datacopy/CodexGiga/c7fc5c49edfab9b77b70e03047d57583f27d2f5c.codex,2
6239,9f9478a3e7d15890b764ee988b16035fdfdf1dea.codex,398,3,datacopy/CodexGiga/9f9478a3e7d15890b764ee988b16035fdfdf1dea.codex,2
6240,d82f8532c410856e0569871e8f7c38599d8fc591.codex,398,801,datacopy/CodexGiga/d82f8532c410856e0569871e8f7c38599d8fc591.codex,2
6241,22afde6a455053b5fbea2eff9a265d86aa61d482.codex,402,96,datacopy/CodexGiga/22afde6a455053b5fbea2eff9a265d86aa61d482.codex,1
6242,201bfe30ea79ca7ac988149e9d4b88d111ed5509.codex,402,96,datacopy/CodexGiga/201bfe30ea79ca7ac988149e9d4b88d111ed5509.codex,1
6243,cfb2fad461b2e54a396b667baa59b72463d819eb.codex,402,96,datacopy/CodexGiga/cfb2fad461b2e54a396b667baa59b72463d819eb.codex,1
6244,a50e4ebf03d40d8f089aa3e905264d0a2906abca.codex,405,764,datacopy/CodexGiga/a50e4ebf03d40d8f089aa3e905264d0a2906abca.codex,20
6245,49895ed5706b929cac1aa9b7887b6aa39b2dd9e1.codex,405,764,datacopy/CodexGiga/49895ed5706b929cac1aa9b7887b6aa39b2dd9e1.codex,20
6246,21cde7e957147e926c326c25f701d5d3ddf77f93.codex,405,764,datacopy/CodexGiga/21cde7e957147e926c326c25f701d5d3ddf77f93.codex,20
6247,746e4fc304de0ce15330af8078f963327bc0fad0.codex,405,764,datacopy/CodexGiga/746e4fc304de0ce15330af8078f963327bc0fad0.codex,20
6248,92f9e75dd3a0ae1878a09de117797325bb8d1871.codex,405,764,datacopy/CodexGiga/92f9e75dd3a0ae1878a09de117797325bb8d1871.codex,20
6249,30d0943fe1ca39cd41c226f20e6c7fe8a054f097.codex,405,764,datacopy/CodexGiga/30d0943fe1ca39cd41c226f20e6c7fe8a054f097.codex,20
6250,315651ac6a85b15bf89b0ed0d42d87d6e0c99eff.codex,405,764,datacopy/CodexGiga/315651ac6a85b15bf89b0ed0d42d87d6e0c99eff.codex,20
6251,e8418b3f4c17fe06b5862254eaaa1af6cb49a0a3.codex,405,764,datacopy/CodexGiga/e8418b3f4c17fe06b5862254eaaa1af6cb49a0a3.codex,20
6252,2fc75d93b0c90e32fa93302f0cd7c3b2edfdc2dd.codex,405,764,datacopy/CodexGiga/2fc75d93b0c90e32fa93302f0cd7c3b2edfdc2dd.codex,20
6253,f9ba5ac1a514d63d5ffecbcd0af5e61b2e64a67b.codex,405,764,datacopy/CodexGiga/f9ba5ac1a514d63d5ffecbcd0af5e61b2e64a67b.codex,20
6254,f43ea69d922ae1efac720600617fec8417a776d6.codex,405,764,datacopy/CodexGiga/f43ea69d922ae1efac720600617fec8417a776d6.codex,20
6255,89764249eed015cb464827f91073c8e54b3404e9.codex,405,764,datacopy/CodexGiga/89764249eed015cb464827f91073c8e54b3404e9.codex,20
6256,319cc8c97cd4997b51f7dd26ce529649f9a62342.codex,405,764,datacopy/CodexGiga/319cc8c97cd4997b51f7dd26ce529649f9a62342.codex,20
6257,dff98d92e02c84d244e8bdea5705742bfacad775.codex,405,764,datacopy/CodexGiga/dff98d92e02c84d244e8bdea5705742bfacad775.codex,20
6258,603ab4a5b3c4f0a4bed6270f8f5acec2e4d01828.codex,405,764,datacopy/CodexGiga/603ab4a5b3c4f0a4bed6270f8f5acec2e4d01828.codex,20
6259,ad249e61f04f29fbcb46761330eef787aa881b00.codex,405,764,datacopy/CodexGiga/ad249e61f04f29fbcb46761330eef787aa881b00.codex,20
6260,c60965dedc7f321237353e1a5727d099235b6266.codex,405,764,datacopy/CodexGiga/c60965dedc7f321237353e1a5727d099235b6266.codex,20
6261,08631f3810aa0ceba297545f71535a4734902972.codex,405,764,datacopy/CodexGiga/08631f3810aa0ceba297545f71535a4734902972.codex,20
6262,5c8647fade4cf1301a7e0726a7816819b1099f1e.codex,405,764,datacopy/CodexGiga/5c8647fade4cf1301a7e0726a7816819b1099f1e.codex,20
6263,c8495709c98bdb06b0def938459e81c06dd7b412.codex,405,764,datacopy/CodexGiga/c8495709c98bdb06b0def938459e81c06dd7b412.codex,20
6264,a14df7354fc580daac5c364a3a333837a2fe4bbe.codex,405,764,datacopy/CodexGiga/a14df7354fc580daac5c364a3a333837a2fe4bbe.codex,20
6265,c456418b0a73cb719014d4632ac6623a4c8d81b4.codex,405,764,datacopy/CodexGiga/c456418b0a73cb719014d4632ac6623a4c8d81b4.codex,20
6266,f00aa51c2ed8b2f656318fdc01ee1cf5441011a4.codex,407,3,datacopy/CodexGiga/f00aa51c2ed8b2f656318fdc01ee1cf5441011a4.codex,1
6267,9bc259fd74b943475e03634f7625b75117da47926ff66dcae0e8fb60252a7acb,407,3,datacopy/Stefano/9bc259fd74b943475e03634f7625b75117da47926ff66dcae0e8fb60252a7acb,1
6268,21f595eef50760c08ff8696da8ef6187ba5fb561.codex,409,800,datacopy/CodexGiga/21f595eef50760c08ff8696da8ef6187ba5fb561.codex,1
6269,d71fb89698a94ba74e41afac64efc47a5e96513f.codex,409,800,datacopy/CodexGiga/d71fb89698a94ba74e41afac64efc47a5e96513f.codex,1
6270,1fc7e754ccd35051e46c19542ad2cf9e4e834b99.codex,409,800,datacopy/CodexGiga/1fc7e754ccd35051e46c19542ad2cf9e4e834b99.codex,1
6271,251763f9b0a406f5e6a3ec66681d74833e8e6da8.codex,409,800,datacopy/CodexGiga/251763f9b0a406f5e6a3ec66681d74833e8e6da8.codex,1
6272,4bfc3a04dd1bd5d06b0d3be49b1b1e1168ed5554.codex,409,800,datacopy/CodexGiga/4bfc3a04dd1bd5d06b0d3be49b1b1e1168ed5554.codex,1
6273,c7aa9bea58d34e3dfdff2124b5a7928d43620d96.codex,409,800,datacopy/CodexGiga/c7aa9bea58d34e3dfdff2124b5a7928d43620d96.codex,1
6274,85f6441e3d83955a63072cb6e62b230da58848c8.bin,410,1344,datacopy/UCSB/85f6441e3d83955a63072cb6e62b230da58848c8.bin,1
6275,Cupom05112016.exe,410,2,datacopy/BB/Files/2016-11-07/Cupom05112016.exe,1
6276,DocumentoAtual_MeuVivoFaturaOutubro-pdf.exe,410,2,datacopy/BB/Files/2016-11-08/DocumentoAtual_MeuVivoFaturaOutubro-pdf.exe,1
6277,Passport.dll,410,3,datacopy/BB/Files/2013-09-27/Passport.dll,1
6278,3827T362873G72892L3OL20P38I2.exe,410,2,datacopy/BB/Files/2016-10-27/3827T362873G72892L3OL20P38I2.exe,1
6279,58b72e4f2dfad2189ac5745e0adcb331c77f8123.bin,411,1005,datacopy/UCSB.JP/data_feed.geo_japan_6m_public_flag/5/8/b/58b72e4f2dfad2189ac5745e0adcb331c77f8123.bin,1
6280,38b8968b1c9d53d34ffbd8ca515fac649d8ecc8c.codex,411,935,datacopy/CodexGiga/38b8968b1c9d53d34ffbd8ca515fac649d8ecc8c.codex,1
6281,f81e8ad156fe37af74b7748fe95ef9e8c01dc368.codex,411,1005,datacopy/CodexGiga/f81e8ad156fe37af74b7748fe95ef9e8c01dc368.codex,1
6282,7021daefd6b3e3d5f8104a602deb002afb9ade6b.codex,411,935,datacopy/CodexGiga/7021daefd6b3e3d5f8104a602deb002afb9ade6b.codex,1
6283,bef9d2c42450f9a4fc2713f2f7e957a94c136d23.codex,411,1005,datacopy/CodexGiga/bef9d2c42450f9a4fc2713f2f7e957a94c136d23.codex,1
6284,1b0cd6419252b2d22177956516bcb75d165258b0.codex,424,296,datacopy/CodexGiga/1b0cd6419252b2d22177956516bcb75d165258b0.codex,1
6285,ddbdc6515e45876bd52659fe5109c9ff18309867.codex,424,296,datacopy/CodexGiga/ddbdc6515e45876bd52659fe5109c9ff18309867.codex,1
6286,45a838594a0337e009d1d7c6c13cc62e5003365e.codex,424,296,datacopy/CodexGiga/45a838594a0337e009d1d7c6c13cc62e5003365e.codex,1
6287,f4e2e0b7b57b378de485b2150d6fc2ca30649264.codex,427,846,datacopy/CodexGiga/f4e2e0b7b57b378de485b2150d6fc2ca30649264.codex,1
6288,2a9ee275a6ec5c6bc7489cc553f251aad267f35b.codex,428,3,datacopy/CodexGiga/2a9ee275a6ec5c6bc7489cc553f251aad267f35b.codex,1
6289,81757c24b62e739f8a104eeb24907325438d73b9.codex,433,203,datacopy/CodexGiga/81757c24b62e739f8a104eeb24907325438d73b9.codex,12
6290,2c9b17a1ba93b333e833119894a0dcf0c2bf22b3.codex,433,761,datacopy/CodexGiga/2c9b17a1ba93b333e833119894a0dcf0c2bf22b3.codex,12
6291,333c930d42ca22671a6a0446e3db914840a53668.codex,433,761,datacopy/CodexGiga/333c930d42ca22671a6a0446e3db914840a53668.codex,12
6292,fa6326f0f6e39d720e87ca202a160827e38664f5.codex,433,203,datacopy/CodexGiga/fa6326f0f6e39d720e87ca202a160827e38664f5.codex,12
6293,2e520ed83aa212a142c55336754b6e2767331f61.codex,433,761,datacopy/CodexGiga/2e520ed83aa212a142c55336754b6e2767331f61.codex,12
6294,d736558f7be6d3ccba05da9fdfe386e23e44715b.codex,433,761,datacopy/CodexGiga/d736558f7be6d3ccba05da9fdfe386e23e44715b.codex,12
6295,72145aba15a76e4d5ef69a70fd712349f45227ec.codex,433,203,datacopy/CodexGiga/72145aba15a76e4d5ef69a70fd712349f45227ec.codex,12
6296,4ea1c579dfaeb09a0dc279b3017d07f55ec413a3.codex,433,761,datacopy/CodexGiga/4ea1c579dfaeb09a0dc279b3017d07f55ec413a3.codex,12
6297,80b3f9eee6478a9b4ef6ca8ce1078f4359974139.codex,433,203,datacopy/CodexGiga/80b3f9eee6478a9b4ef6ca8ce1078f4359974139.codex,12
6298,e5fe24c6561b68d5f76bed8fe7b35842e6816c8d.codex,433,761,datacopy/CodexGiga/e5fe24c6561b68d5f76bed8fe7b35842e6816c8d.codex,12
6299,51dce89443ba1ce51629f99f3725e674aee8596a.codex,433,203,datacopy/CodexGiga/51dce89443ba1ce51629f99f3725e674aee8596a.codex,12
6300,09c04578b89e8bcd6efc50201f24163afd31a465.codex,433,203,datacopy/CodexGiga/09c04578b89e8bcd6efc50201f24163afd31a465.codex,12
6301,892d3b2352b3b38bd35335181887f2f0530658a2.codex,433,761,datacopy/CodexGiga/892d3b2352b3b38bd35335181887f2f0530658a2.codex,12
6302,d056a626d401e18e32ea1e0f227d36979cf28780.codex,433,338,datacopy/CodexGiga/d056a626d401e18e32ea1e0f227d36979cf28780.codex,12
6303,b64a5ea0ccf76a1157725aa4f6c6f0c3c385d760.codex,433,761,datacopy/CodexGiga/b64a5ea0ccf76a1157725aa4f6c6f0c3c385d760.codex,12
6304,dc8f3847dd8ce39e767469a2dee1e52b6fce9093.codex,433,761,datacopy/CodexGiga/dc8f3847dd8ce39e767469a2dee1e52b6fce9093.codex,12
6305,290e887037be9e0d34f807619efc2715bfa906aa.codex,433,338,datacopy/CodexGiga/290e887037be9e0d34f807619efc2715bfa906aa.codex,12
6306,1cbf124a81a6ff8c6b24b80f348aa8c8368962ca.codex,433,761,datacopy/CodexGiga/1cbf124a81a6ff8c6b24b80f348aa8c8368962ca.codex,12
6307,336a3372ee1ae4f061a3a202403c0395b2413288.codex,433,761,datacopy/CodexGiga/336a3372ee1ae4f061a3a202403c0395b2413288.codex,12
6308,772d8fa0a1ead40828453a6f8ceae3852405dd22.codex,435,925,datacopy/CodexGiga/772d8fa0a1ead40828453a6f8ceae3852405dd22.codex,1
6309,7949692e6152c64f4739609094f409ca545ea4e7.codex,435,838,datacopy/CodexGiga/7949692e6152c64f4739609094f409ca545ea4e7.codex,1
6310,da96fd12386fc91946d54be8da00407bed1e8f17.codex,435,838,datacopy/CodexGiga/da96fd12386fc91946d54be8da00407bed1e8f17.codex,1
6311,7f4eafe771fd3845c1c3dd2b31f141b05efa5609.codex,436,850,datacopy/CodexGiga/7f4eafe771fd3845c1c3dd2b31f141b05efa5609.codex,1
6312,a5539594703e8b8c4be38af8c092818d572757bd.codex,436,850,datacopy/CodexGiga/a5539594703e8b8c4be38af8c092818d572757bd.codex,1
6313,ac5ae9d2cee05c08759ca970399bb8bb54fb99cf.codex,436,850,datacopy/CodexGiga/ac5ae9d2cee05c08759ca970399bb8bb54fb99cf.codex,1
6314,842bc79990a3afda5472c0b25f56f52e8f10c760.codex,436,850,datacopy/CodexGiga/842bc79990a3afda5472c0b25f56f52e8f10c760.codex,1
6315,a2da0ef41e3b81a34dc47122c30635d01883cac3.codex,442,203,datacopy/CodexGiga/a2da0ef41e3b81a34dc47122c30635d01883cac3.codex,1
6316,736c49dcc207174b7b64a5a67a94b941c07499e3.codex,442,203,datacopy/CodexGiga/736c49dcc207174b7b64a5a67a94b941c07499e3.codex,1
6317,138ffc83bfc8f2698f22291a4b024f01b69c2864.codex,442,203,datacopy/CodexGiga/138ffc83bfc8f2698f22291a4b024f01b69c2864.codex,1
6318,eb340c1c858a3770adef05ac2b7b41c25b35a59a.codex,443,748,datacopy/CodexGiga/eb340c1c858a3770adef05ac2b7b41c25b35a59a.codex,1
6319,f2090ed3337a5dd7668520fcaf7b82924823ee36.codex,443,748,datacopy/CodexGiga/f2090ed3337a5dd7668520fcaf7b82924823ee36.codex,1
6320,8f29ba39ffef29dff519135b6324f0d5cf01cddd.codex,443,748,datacopy/CodexGiga/8f29ba39ffef29dff519135b6324f0d5cf01cddd.codex,1
6321,3fd064c68a32bc19fde0aec49861deafc066c836.codex,443,748,datacopy/CodexGiga/3fd064c68a32bc19fde0aec49861deafc066c836.codex,1
6322,5547a0025060cef6b3f665d377180c9300133be2.codex,443,748,datacopy/CodexGiga/5547a0025060cef6b3f665d377180c9300133be2.codex,1
6323,12158c0c783c30bf5e7eab8829c1e79cbefee091.codex,443,748,datacopy/CodexGiga/12158c0c783c30bf5e7eab8829c1e79cbefee091.codex,1
6324,1617ebef2a8620b4e11f29a2a83d58fd4946640d.codex,443,748,datacopy/CodexGiga/1617ebef2a8620b4e11f29a2a83d58fd4946640d.codex,1
6325,fd161774c21d80ccccac0082f353613310f17eb1.codex,450,1063,datacopy/CodexGiga/fd161774c21d80ccccac0082f353613310f17eb1.codex,1
6326,4b9ea0654126d0b0ed5bebd63252cb0a9283f09a.codex,453,911,datacopy/CodexGiga/4b9ea0654126d0b0ed5bebd63252cb0a9283f09a.codex,1
6327,e37e95c3965ddbc1c25eba3dda45f992c8cb3c83.codex,459,907,datacopy/CodexGiga/e37e95c3965ddbc1c25eba3dda45f992c8cb3c83.codex,1
6328,4f86ae321b06fb3ef9fc4250d28c7a4f22866e0e.codex,459,907,datacopy/CodexGiga/4f86ae321b06fb3ef9fc4250d28c7a4f22866e0e.codex,1
6329,31fd192f56a008dc375771f8a6fcf0fe7b885fa9.codex,465,925,datacopy/CodexGiga/31fd192f56a008dc375771f8a6fcf0fe7b885fa9.codex,1
6330,d26eb2dc25b64c74adf1d1137c7915fea7787fd5.codex,465,925,datacopy/CodexGiga/d26eb2dc25b64c74adf1d1137c7915fea7787fd5.codex,1
6331,5527fa20aadd94dc8afebcd815d55cb65d88e4c3.codex,465,838,datacopy/CodexGiga/5527fa20aadd94dc8afebcd815d55cb65d88e4c3.codex,1
6332,2d05aaad88fd05e3fa37d340391258e272835784.codex,465,838,datacopy/CodexGiga/2d05aaad88fd05e3fa37d340391258e272835784.codex,1
6333,a7994c2c97e53e8106aaf22a90365d7fca948cdb.codex,469,974,datacopy/CodexGiga/a7994c2c97e53e8106aaf22a90365d7fca948cdb.codex,1
6334,34c43354e1b8744ff51cd2d18bdc34c32880189d.codex,469,974,datacopy/CodexGiga/34c43354e1b8744ff51cd2d18bdc34c32880189d.codex,1
6335,7613b0ec2edd53dfe55aaa3363e71fa830e23fd5.codex,469,974,datacopy/CodexGiga/7613b0ec2edd53dfe55aaa3363e71fa830e23fd5.codex,1
6336,96f9a233563d9d515af4c947a7b93444c98f12e7.codex,473,844,datacopy/CodexGiga/96f9a233563d9d515af4c947a7b93444c98f12e7.codex,1
6337,171361822c4f886c59b133e7e5478eff24c4bbd8.codex,473,844,datacopy/CodexGiga/171361822c4f886c59b133e7e5478eff24c4bbd8.codex,1
6338,54dc602ad1066515e8f6bc3476785a1896d258f9.codex,473,844,datacopy/CodexGiga/54dc602ad1066515e8f6bc3476785a1896d258f9.codex,1
6339,760f859ecf7839f6a53015666b10adaae5007ddc.codex,473,844,datacopy/CodexGiga/760f859ecf7839f6a53015666b10adaae5007ddc.codex,1
6340,a6c141c38b44644fa0bad0df169e00ef1e8b4162.codex,475,922,datacopy/CodexGiga/a6c141c38b44644fa0bad0df169e00ef1e8b4162.codex,1
6341,7b5848b06926d9714ea62817330c29815d35cb85.codex,475,922,datacopy/CodexGiga/7b5848b06926d9714ea62817330c29815d35cb85.codex,1
6342,Comprovante-empresarial_11-11-2013.cpl,480,2,datacopy/BB/Files/2013-11-11/Comprovante-empresarial_11-11-2013.cpl,1
6343,Download-BOLETO-16-11-2013.cpl,480,2,datacopy/BB/Files/2013-11-18/Download-BOLETO-16-11-2013.cpl,1
6344,Comprovante-empresarial_25-11-2013.cpl,480,2,datacopy/BB/Files/2013-11-26/Comprovante-empresarial_25-11-2013.cpl,1
6345,PoliciaCivil.cpl,483,2,datacopy/BB/Files/2014-04-23/PoliciaCivil.cpl,1
6346,INTIMACAO.PDF.cpl,483,2,datacopy/BB/Files/2014-05-06/INTIMACAO.PDF.cpl,1
6347,NF-e-0001126.cpl,483,2,datacopy/BB/Files/2014-02-20/NF-e-0001126.cpl,1
6348,Nota-Fiscal-00763.cpl,483,2,datacopy/BB/Files/2014-03-19/Nota-Fiscal-00763.cpl,1
6349,Nota-Fiscal-009801.cpl,483,2,datacopy/BB/Files/2014-02-17/Nota-Fiscal-009801.cpl,1
6350,Foto92700.cpl,483,2,datacopy/BB/Files/2014-04-03/Foto92700.cpl,1
6351,DETALHAMENTO.cpl,483,2,datacopy/BB/Files/2014-03-24/DETALHAMENTO.cpl,1
6352,ffice_install_atualizaÃ§ao.cpl,483,2,datacopy/BB/Files/2014-03-25/ffice_install_atualizaÃ§ao.cpl,1
6353,Notafiscalbr3418_nfe.cpl,483,2,datacopy/BB/Files/2014-03-14/Notafiscalbr3418_nfe.cpl,1
6354,Boleto-E005711.cpl,483,2,datacopy/BB/Files/2014-04-24/Boleto-E005711.cpl,1
6355,Nota-Fiscal-00752.cpl,483,2,datacopy/BB/Files/2014-03-10/Nota-Fiscal-00752.cpl,1
6356,download_297479.scr,485,2,datacopy/BB/Files/2012-04-10/download_297479.scr,1
6357,nota_fiscais_pdf.com,485,2,datacopy/BB/Files/2012-04-05/nota_fiscais_pdf.com,1
6358,visualizar_album.com,485,2,datacopy/BB/Files/2012-05-18/visualizar_album.com,1
6359,abrir_arquivo_pdf.com,485,2,datacopy/BB/Files/2012-03-12/abrir_arquivo_pdf.com,1
6360,Download_938996.scr,485,2,datacopy/BB/Files/2012-04-16/Download_938996.scr,1
6361,Orcamento_Comercial.xls_129178.exe,487,3,datacopy/BB/Files/2017-04-17/Orcamento_Comercial.xls_129178.exe,31
6362,NFe_9287G3T_GF2367Q39.exe,487,15,datacopy/BB/Files/2017-04-17/NFe_9287G3T_GF2367Q39.exe,31
6363,2-via-00901092.exe,487,187,datacopy/BB/Files/2017-05-18/2-via-00901092.exe,31
6364,oficio.exe,487,3,datacopy/BB/Files/2017-03-15/oficio.exe,31
6365,ExtratoFGTS907617821M.exe,487,3,datacopy/BB/Files/2017-03-15/ExtratoFGTS907617821M.exe,31
6366,NFe-PGMENTO-DESCRIC3-T48F73L4.exe,487,15,datacopy/BB/Files/2017-04-13/NFe-PGMENTO-DESCRIC3-T48F73L4.exe,31
6367,NF-e45634634GUIYGLIU.exe,487,3,datacopy/BB/Files/2017-04-26/NF-e45634634GUIYGLIU.exe,31
6368,NotaFiscalEletronica-547892.exe,487,3,datacopy/BB/Files/2017-03-24/NotaFiscalEletronica-547892.exe,31
6369,Cobranca-Ordem.exe,487,187,datacopy/BB/Files/2017-05-17/Cobranca-Ordem.exe,31
6370,001Segundavia_234sdfasfasdf.exe,487,170,datacopy/BB/Files/2017-04-05/001Segundavia_234sdfasfasdf.exe,31
6371,m9n89y7.exe,487,3,datacopy/BB/Files/2017-03-22/m9n89y7.exe,31
6372,documento2017528631007A6.pdf.exe,487,3,datacopy/BB/Files/2017-03-22/documento2017528631007A6.pdf.exe,31
6373,conversa_do_whatsapp_PTT2017827.exe,487,170,datacopy/BB/Files/2017-04-11/conversa_do_whatsapp_PTT2017827.exe,31
6374,Visualizar-Anexo310813083884.exe,487,3,datacopy/BB/Files/2017-04-11/Visualizar-Anexo310813083884.exe,31
6375,SVia234_dsfgsdfgsg.exe,487,170,datacopy/BB/Files/2017-04-11/SVia234_dsfgsdfgsg.exe,31
6376,Imagem_Comprovante.exe,487,15,datacopy/BB/Files/2017-04-11/Imagem_Comprovante.exe,31
6377,iTunes_Apple.exe,487,585,datacopy/BB/Files/2017-03-16/iTunes_Apple.exe,31
6378,2-Via-Boleto-Maio.exe,487,187,datacopy/BB/Files/2017-05-19/2-Via-Boleto-Maio.exe,31
6379,002SegundaviaSDFGSDGSDFG.exe,487,170,datacopy/BB/Files/2017-04-06/002SegundaviaSDFGSDGSDFG.exe,31
6380,Cupom-0504.exe,487,170,datacopy/BB/Files/2017-04-06/Cupom-0504.exe,31
6381,11_segunda_via234fsdgfsgsg.exe,487,15,datacopy/BB/Files/2017-04-04/11_segunda_via234fsdgfsgsg.exe,31
6382,Imprimir-pdf.exe,487,3,datacopy/BB/Files/2017-04-04/Imprimir-pdf.exe,31
6383,e88bc5df22aa11d1097527dfda054d9f9a8ec32c4c261e9a4b2a32bb3d3e69a7,487,1214,datacopy/Stefano/e88bc5df22aa11d1097527dfda054d9f9a8ec32c4c261e9a4b2a32bb3d3e69a7,31
6384,70af7462aa0692035d5311a93b9c9de01d770442c8cbb2caf821d9f6c289a7de,487,1199,datacopy/Stefano/70af7462aa0692035d5311a93b9c9de01d770442c8cbb2caf821d9f6c289a7de,31
6385,f422386db6634dd9f46af6c21f25e2be0f2178e5c4bc2500dfe8c5c2c840dd40,487,1214,datacopy/Stefano/f422386db6634dd9f46af6c21f25e2be0f2178e5c4bc2500dfe8c5c2c840dd40,31
6386,b2fea697e9235b7a37dd0c89e36b59526fbebe7a576cd790fc73c96a6b7ab8af,487,1199,datacopy/Stefano/b2fea697e9235b7a37dd0c89e36b59526fbebe7a576cd790fc73c96a6b7ab8af,31
6387,e5c758dae56dc0be07debf4873a496668a57c84edb4bd141636c76b26c0f301a,487,1214,datacopy/Stefano/e5c758dae56dc0be07debf4873a496668a57c84edb4bd141636c76b26c0f301a,31
6388,9dfd9b55ac6a737a90f48e13348efbff263ed475030da872aa82a2a7b3693ffe,487,1199,datacopy/Stefano/9dfd9b55ac6a737a90f48e13348efbff263ed475030da872aa82a2a7b3693ffe,31
6389,44f4c7c7ed4556782ffe335b4d41d20567e7a67032afc24dd439194e9fe5bd6c,487,1199,datacopy/Stefano/44f4c7c7ed4556782ffe335b4d41d20567e7a67032afc24dd439194e9fe5bd6c,31
6390,2d49801b4cd44686b2db5a0ba35877c2ba495ad6e76de464170766999264ef46,487,1214,datacopy/Stefano/2d49801b4cd44686b2db5a0ba35877c2ba495ad6e76de464170766999264ef46,31
6391,ccd885a3fd91cbc10b76652235ca0e136971afb62ad76a9f089c41012825dcdf,487,1199,datacopy/Stefano/ccd885a3fd91cbc10b76652235ca0e136971afb62ad76a9f089c41012825dcdf,31
6392,1bad0c59401acb4a7fde81eb1e666e550c55ff083e8855a71ef641bc53a30176,487,1214,datacopy/Stefano/1bad0c59401acb4a7fde81eb1e666e550c55ff083e8855a71ef641bc53a30176,31
6393,19857f9ca8a3037efa8a5ea47ab73aec4c8ee8233da6b6d332f0587fc85d60be,487,1214,datacopy/Stefano/19857f9ca8a3037efa8a5ea47ab73aec4c8ee8233da6b6d332f0587fc85d60be,31
6394,5128bc52cbdb57ed18c324233ca2071ca9b2cc4d590c881cf5c8ecef94d4780a,487,1214,datacopy/Stefano/5128bc52cbdb57ed18c324233ca2071ca9b2cc4d590c881cf5c8ecef94d4780a,31
6395,b602e1cd4cc69effc48e8a39577f445494897b0c7e3eccd8b7586475d2a64bf8,487,1199,datacopy/Stefano/b602e1cd4cc69effc48e8a39577f445494897b0c7e3eccd8b7586475d2a64bf8,31
6396,375d107cb107284ab4169e18170a9972edc962a48293ac7f5ae18b1f4fa98cae,487,1214,datacopy/Stefano/375d107cb107284ab4169e18170a9972edc962a48293ac7f5ae18b1f4fa98cae,31
6397,5ba963bf3d07767319ccfaf8f8f57543b338ba15216660aef70fce10ac276361,487,1199,datacopy/Stefano/5ba963bf3d07767319ccfaf8f8f57543b338ba15216660aef70fce10ac276361,31
6398,c1694a8cbc68bf8ec6eacfc9d0ec4ddd17f9edc5face1846714c98e37ec5e227,487,1214,datacopy/Stefano/c1694a8cbc68bf8ec6eacfc9d0ec4ddd17f9edc5face1846714c98e37ec5e227,31
6399,d88cc801b175e5b4a24de9d900dbf8dc1d2ec5a92925778f098a14ec4741f006,487,1214,datacopy/Stefano/d88cc801b175e5b4a24de9d900dbf8dc1d2ec5a92925778f098a14ec4741f006,31
6400,via_boleto_.exe,489,2,datacopy/BB/Files/2012-04-30/via_boleto_.exe,1
6401,2Via.Boletos(123).exe,489,2,datacopy/BB/Files/2012-04-23/2Via.Boletos(123).exe,1
6402,2Via.Boleto.com,489,2,datacopy/BB/Files/2012-05-03/2Via.Boleto.com,1
6403,3Â°notificaÃ§ao-cliente-833wss.cpl,490,2,datacopy/BB/Files/2014-01-07/3Â°notificaÃ§ao-cliente-833wss.cpl,1
6404,Consulta_Debitos_Online.pdf.cpl,490,2,datacopy/BB/Files/2013-12-26/Consulta_Debitos_Online.pdf.cpl,1
6405,Comprovante_debitos_0019200330039.pdf.cpl,490,2,datacopy/BB/Files/2014-01-09/Comprovante_debitos_0019200330039.pdf.cpl,1
6406,SrÂ°Contribuinte6876.cpl,497,2,datacopy/BB/Files/2013-12-16/SrÂ°Contribuinte6876.cpl,1
6407,Extrato.pdf.cpl,497,2,datacopy/BB/Files/2013-12-13/Extrato.pdf.cpl,1
6408,2_Via_Boleto_de_Cobranca.pdf.cpl,497,2,datacopy/BB/Files/2013-12-11/2_Via_Boleto_de_Cobranca.pdf.cpl,1
6409,Notificacao.php.exe,497,2,datacopy/BB/Files/2013-12-12/Notificacao.php.exe,1
6410,NFS_eNo13275320016328.cpl,497,2,datacopy/BB/Files/2014-01-06/NFS_eNo13275320016328.cpl,1
6411,Nfe-download-18-12-2013.cpl,497,2,datacopy/BB/Files/2013-12-23/Nfe-download-18-12-2013.cpl,1
6412,2Â°VIABOLETO.cpl,497,2,datacopy/BB/Files/2013-12-24/2Â°VIABOLETO.cpl,1
6413,BOL-ACORDO01102013.cpl,499,2,datacopy/BB/Files/2013-10-02/BOL-ACORDO01102013.cpl,1
6414,Fatura_AbertaRef07.cpl,499,2,datacopy/BB/Files/2013-10-15/Fatura_AbertaRef07.cpl,1
6415,extratocobrancaref=10181827015.cpl,499,2,datacopy/BB/Files/2013-10-10/extratocobrancaref=10181827015.cpl,1
6416,Curriculo_com_foto.cpl,501,2,datacopy/BB/Files/2012-04-02/Curriculo_com_foto.cpl,1
6417,Nota_Fiscal_EletrÃ´nica-32841712.cpl,501,2,datacopy/BB/Files/2014-03-20/Nota_Fiscal_EletrÃ´nica-32841712.cpl,1
6418,file_imagem_png.cpl,501,2,datacopy/BB/Files/2012-03-27/file_imagem_png.cpl,1
6419,get.adobe.com_Adobe_Flash_Player12.cpl,501,2,datacopy/BB/Files/2014-02-13/get.adobe.com_Adobe_Flash_Player12.cpl,1
6420,NF-e_00000001-29651248512014.cpl,501,2,datacopy/BB/Files/2014-02-03/NF-e_00000001-29651248512014.cpl,1
6421,NFE1044721313022014.PDF.cpl,501,2,datacopy/BB/Files/2014-02-17/NFE1044721313022014.PDF.cpl,1
6422,Cliente_Consultar_Extrato_Debitos_0201030001002000.cpl,501,193,datacopy/BB/Files/2014-03-14/Cliente_Consultar_Extrato_Debitos_0201030001002000.cpl,1
6423,Saldo-Devedor-Banco-BV-Cliente_00020300002000-2014.cpl,501,193,datacopy/BB/Files/2014-03-31/Saldo-Devedor-Banco-BV-Cliente_00020300002000-2014.cpl,1
6424,Extrato_Debitos_On-line_BV-Financeira-Boleto.cpl,501,2,datacopy/BB/Files/2014-02-18/Extrato_Debitos_On-line_BV-Financeira-Boleto.cpl,1
6425,Fatura-Aberta-FEV2014.cpl,501,2,datacopy/BB/Files/2014-03-06/Fatura-Aberta-FEV2014.cpl,1
6426,153055.exe,503,17,datacopy/BB/Files/2012-05-04/153055.exe,30
6427,ContatoFacebook48148.exe,503,3,datacopy/BB/Files/2012-07-06/ContatoFacebook48148.exe,30
6428,comprovante31_07_2012.exe,503,62,datacopy/BB/Files/2012-08-09/comprovante31_07_2012.exe,30
6429,video83740_redirect.br.youtube_AVI.exe,503,2,datacopy/BB/Files/2012-01-27/video83740_redirect.br.youtube_AVI.exe,30
6430,101003.exe,503,17,datacopy/BB/Files/2012-10-26/101003.exe,30
6431,agosto2012.exe,503,2,datacopy/BB/Files/2012-08-13/agosto2012.exe,30
6432,MOV24072012.com,503,3,datacopy/BB/Files/2012-07-26/MOV24072012.com,30
6433,NFe297458.com,503,3,datacopy/BB/Files/2012-06-25/NFe297458.com,30
6434,IntimacaoN475869.exe,503,2,datacopy/BB/Files/2012-08-31/IntimacaoN475869.exe,30
6435,boleto31052012.exe,503,3,datacopy/BB/Files/2012-05-31/boleto31052012.exe,30
6436,va_videos05951_youtube_AVI.exe,503,2,datacopy/BB/Files/2012-02-16/va_videos05951_youtube_AVI.exe,30
6437,01440020000011140000208124.com,503,3,datacopy/BB/Files/2012-06-22/01440020000011140000208124.com,30
6438,164930.exe,503,17,datacopy/BB/Files/2012-08-30/164930.exe,30
6439,notificaca-extrajudicial-por-meio-eletronico.exe,503,2,datacopy/BB/Files/2013-10-14/notificaca-extrajudicial-por-meio-eletronico.exe,30
6440,2_27305203_directDownload_true.exe,503,136,datacopy/BB/Files/2014-02-18/2_27305203_directDownload_true.exe,30
6441,154555.exe,503,17,datacopy/BB/Files/2012-06-28/154555.exe,30
6442,fotos2706.com,503,3,datacopy/BB/Files/2012-06-28/fotos2706.com,30
6443,wl_install.exe,503,3,datacopy/BB/Files/2013-03-13/wl_install.exe,30
6444,BOLETO_2VIA_05_2012.PDF_.exe,503,2,datacopy/BB/Files/2012-05-30/BOLETO_2VIA_05_2012.PDF_.exe,30
6445,fatura2463.exe,503,2,datacopy/BB/Files/2012-09-04/fatura2463.exe,30
6446,OrcamentoN142536.exe,503,2,datacopy/BB/Files/2012-09-04/OrcamentoN142536.exe,30
6447,telegrama2408.exe,503,62,datacopy/BB/Files/2012-09-04/telegrama2408.exe,30
6448,BOLETO_2VIA_07_2012.exe,503,686,datacopy/BB/Files/2012-07-25/BOLETO_2VIA_07_2012.exe,30
6449,carol.pps.exe,503,2,datacopy/BB/Files/2012-05-17/carol.pps.exe,30
6450,70f895c170d16a91df0c44b264a543caa917d113a266c3ba579a3d804073d0e1,503,267,datacopy/Stefano/70f895c170d16a91df0c44b264a543caa917d113a266c3ba579a3d804073d0e1,30
6451,irmaos.cdc.exe,504,6,datacopy/BB/Files/2012-05-04/irmaos.cdc.exe,1
6452,atrantica.wma.exe,504,6,datacopy/BB/Files/2012-02-13/atrantica.wma.exe,1
6453,App-SEDEX-ID321000200000.scr,505,3,datacopy/BB/Files/2014-01-29/App-SEDEX-ID321000200000.scr,1
6454,NF-E-2014-0999872.exe,505,82,datacopy/BB/Files/2014-10-30/NF-E-2014-0999872.exe,1
6455,SEDEX-RASTREAMENTO03922839030039392.scr,505,3,datacopy/BB/Files/2014-04-07/SEDEX-RASTREAMENTO03922839030039392.scr,1
6456,NF-E-2014-0988523.exe,505,3,datacopy/BB/Files/2014-10-31/NF-E-2014-0988523.exe,1
6457,CasasBahia_Protocolo_8321000002.exe,505,3,datacopy/BB/Files/2013-12-05/CasasBahia_Protocolo_8321000002.exe,1
6458,Protocolo20130512.exe,505,3,datacopy/BB/Files/2013-12-17/Protocolo20130512.exe,1
6459,5_10710700_directDownload_true.exe,506,3,datacopy/BB/Files/2014-01-29/5_10710700_directDownload_true.exe,1
6460,U32910032.exe,506,143,datacopy/BB/Files/2013-02-18/U32910032.exe,1
6461,43794384.exe,506,143,datacopy/BB/Files/2013-02-25/43794384.exe,1
6462,Extrato_de_Boleto.PDF.exe,506,143,datacopy/BB/Files/2013-02-25/Extrato_de_Boleto.PDF.exe,1
6463,Z6014275.exe,506,143,datacopy/BB/Files/2013-02-20/Z6014275.exe,1
6464,merdaputa.exe,506,2,datacopy/BB/Files/2013-07-18/merdaputa.exe,1
6465,4836_69572_directDownload_true.exe,506,2,datacopy/BB/Files/2014-02-17/4836_69572_directDownload_true.exe,1
6466,systema.exe,506,3,datacopy/BB/Files/2013-07-05/systema.exe,1
6467,Boleto_Imprimir_0213132428798.exe,506,3,datacopy/BB/Files/2013-06-21/Boleto_Imprimir_0213132428798.exe,1
6468,RelatÃ³rio.exe,506,216,datacopy/BB/Files/2014-05-26/RelatÃ³rio.exe,1
6469,NF-Eletronico3736423462534.exe,506,3,datacopy/BB/Files/2013-12-03/NF-Eletronico3736423462534.exe,1
6470,Now5.exe,506,3,datacopy/BB/Files/2013-05-24/Now5.exe,1
6471,0610_68562_directDownload_true.exe,506,3,datacopy/BB/Files/2014-07-10/0610_68562_directDownload_true.exe,1
6472,anexos.exe,506,3,datacopy/BB/Files/2012-12-14/anexos.exe,1
6473,0B5wDb5OBQxKMMmZHVnpxcUJzaDQ.exe,506,3,datacopy/BB/Files/2012-12-14/0B5wDb5OBQxKMMmZHVnpxcUJzaDQ.exe,1
6474,informacoes_Pessoais.exe,506,2,datacopy/BB/Files/2015-08-19/informacoes_Pessoais.exe,1
6475,Digitalizar.exe,506,2,datacopy/BB/Files/2013-06-18/Digitalizar.exe,1
6476,ras_Realizadas_no_Exterior.com,507,3,datacopy/BB/Files/2012-12-10/ras_Realizadas_no_Exterior.com,1
6477,Gbplugin.exe,507,3,datacopy/BB/Files/2012-03-29/Gbplugin.exe,1
6478,Fotos26032012.com,507,3,datacopy/BB/Files/2012-03-26/Fotos26032012.com,1
6479,Nota_fiscal_NF_06-10-2014-S89D7F8S7893-2014.exe,507,277,datacopy/BB/Files/2014-10-13/Nota_fiscal_NF_06-10-2014-S89D7F8S7893-2014.exe,1
6480,INSTAGRAM0705.com,507,3,datacopy/BB/Files/2012-05-07/INSTAGRAM0705.com,1
6481,DSC9101810.com,507,3,datacopy/BB/Files/2012-09-17/DSC9101810.com,1
6482,Fim_de_Ano.pdf.com,507,3,datacopy/BB/Files/2012-12-12/Fim_de_Ano.pdf.com,1
6483,Confraternizacao_de_Fim_de_Ano.pdf.com,507,3,datacopy/BB/Files/2012-12-12/Confraternizacao_de_Fim_de_Ano.pdf.com,1
6484,BilhetesPremiadosOUT.com,507,3,datacopy/BB/Files/2012-11-06/BilhetesPremiadosOUT.com,1
6485,2466069618175452_11567701111_JPG.com,507,3,datacopy/BB/Files/2012-09-26/2466069618175452_11567701111_JPG.com,1
6486,Gbplugin.exe,507,3,datacopy/BB/Files/2012-03-29/Gbplugin.exe,1
6487,fotos0904.com,507,3,datacopy/BB/Files/2012-04-11/fotos0904.com,1
6488,DSC27032012.com,507,3,datacopy/BB/Files/2012-03-28/DSC27032012.com,1
6489,Gbplugin.exe,507,3,datacopy/BB/Files/2012-03-29/Gbplugin.exe,1
6490,DSC0014092012.com,507,3,datacopy/BB/Files/2012-09-14/DSC0014092012.com,1
6491,Gbplugin.exe,507,3,datacopy/BB/Files/2012-03-29/Gbplugin.exe,1
6492,2466069618175452_1156770124_JPG.com,507,3,datacopy/BB/Files/2012-09-27/2466069618175452_1156770124_JPG.com,1
6493,2466069618175452_1156770199_JPG.com,507,3,datacopy/BB/Files/2012-09-27/2466069618175452_1156770199_JPG.com,1
6494,adminplug.exe,507,3,datacopy/BB/Files/2014-06-02/adminplug.exe,1
6495,FotosDeDispositivoMovel21012013.zip.com,507,3,datacopy/BB/Files/2013-01-21/FotosDeDispositivoMovel21012013.zip.com,1
6496,VIDEO_CASEIRO_MARIEN_BBB13.AVI.COM,507,3,datacopy/BB/Files/2013-01-15/VIDEO_CASEIRO_MARIEN_BBB13.AVI.COM,1
6497,Gbplugin.exe,507,3,datacopy/BB/Files/2012-03-29/Gbplugin.exe,1
6498,5z823tuk.exe,507,22,datacopy/BB/Files/2012-05-23/5z823tuk.exe,1
6499,foto.jpg.com,507,3,datacopy/BB/Files/2012-10-10/foto.jpg.com,1
6500,izacao_de_Final_de_Ano.pdf.com,507,3,datacopy/BB/Files/2012-12-11/izacao_de_Final_de_Ano.pdf.com,1
6501,Nota_Fiscal.emitida.25.09.cpl,508,3,datacopy/BB/Files/2012-09-25/Nota_Fiscal.emitida.25.09.cpl,1
6502,Nota_Fiscal.emitida.26.09.cpl,508,3,datacopy/BB/Files/2012-09-26/Nota_Fiscal.emitida.26.09.cpl,1
6503,View_Comunidado_Serasa.cpl,512,2,datacopy/BB/Files/2013-08-20/View_Comunidado_Serasa.cpl,1
6504,Boleto-id-9936000102000.cpl,512,2,datacopy/BB/Files/2013-08-05/Boleto-id-9936000102000.cpl,1
6505,Boleto-id-332443.cpl,512,2,datacopy/BB/Files/2013-08-05/Boleto-id-332443.cpl,1
6506,1d2x5n.exe,514,59,datacopy/BB/Files/2013-06-13/1d2x5n.exe,1
6507,4m2S1M.exe,514,3,datacopy/BB/Files/2013-06-24/4m2S1M.exe,1
6508,0a7P7H.exe,514,3,datacopy/BB/Files/2013-06-06/0a7P7H.exe,1
6509,4P6w0R.exe,514,59,datacopy/BB/Files/2013-06-07/4P6w0R.exe,1
6510,2O7o5O.exe,514,3,datacopy/BB/Files/2013-06-18/2O7o5O.exe,1
6511,0Q6I5s.exe,514,3,datacopy/BB/Files/2013-06-18/0Q6I5s.exe,1
6512,3k0K5B.exe,514,59,datacopy/BB/Files/2013-06-10/3k0K5B.exe,1
6513,cvkuzuz.sys,515,3,datacopy/BB/Files/2013-06-13/cvkuzuz.sys,1
6514,OrÃ§amento-13062013-PDF.cpl,517,2,datacopy/BB/Files/2013-06-13/OrÃ§amento-13062013-PDF.cpl,1
6515,Cobranca000011.cpl,518,2,datacopy/BB/Files/2013-01-08/Cobranca000011.cpl,1
6516,4616_66883_directDownload_true.exe,518,2,datacopy/BB/Files/2012-07-31/4616_66883_directDownload_true.exe,1
6517,Comprovante_4483.cpl,518,2,datacopy/BB/Files/2012-09-26/Comprovante_4483.cpl,1
6518,FU2DP2CMW7HR.cpl,518,2,datacopy/BB/Files/2012-08-23/FU2DP2CMW7HR.cpl,1
6519,2vCobrancaBoletopdf.cpl,519,2,datacopy/BB/Files/2013-09-03/2vCobrancaBoletopdf.cpl,1
6520,Comprovante.zip.cpl,519,2,datacopy/BB/Files/2013-11-08/Comprovante.zip.cpl,1
6521,Nota_Fiscal_Eletronica.pdf.cpl,519,2,datacopy/BB/Files/2013-10-15/Nota_Fiscal_Eletronica.pdf.cpl,1
6522,Cobranca2aVia_boleto.pdf.cpl,519,2,datacopy/BB/Files/2013-10-14/Cobranca2aVia_boleto.pdf.cpl,1
6523,Recibo_Maio2013.cpl,519,2,datacopy/BB/Files/2013-05-13/Recibo_Maio2013.cpl,1
6524,2ViaBOLETOPDF.cpl,519,2,datacopy/BB/Files/2013-08-30/2ViaBOLETOPDF.cpl,1
6525,2viaCobrancaBoletopdf.cpl,519,2,datacopy/BB/Files/2013-08-30/2viaCobrancaBoletopdf.cpl,1
6526,retrospectivafotos2013.cpl,520,2,datacopy/BB/Files/2014-01-10/retrospectivafotos2013.cpl,1
6527,Cpf-negativado-protocolo-ds232441.cpl,521,2,datacopy/BB/Files/2013-12-31/Cpf-negativado-protocolo-ds232441.cpl,1
6528,Cpf-negativado-protocolo-3434jc334kjd.cpl,521,2,datacopy/BB/Files/2013-12-23/Cpf-negativado-protocolo-3434jc334kjd.cpl,1
6529,czao.exe,522,3,datacopy/BB/Files/2012-09-12/czao.exe,1
6530,9xao.exe,522,3,datacopy/BB/Files/2012-09-28/9xao.exe,1
6531,0s7j.exe,522,3,datacopy/BB/Files/2012-09-24/0s7j.exe,1
6532,qiga.exe,522,3,datacopy/BB/Files/2012-07-18/qiga.exe,1
6533,b1ft.exe,522,3,datacopy/BB/Files/2012-09-26/b1ft.exe,1
6534,pogf.exe,522,3,datacopy/BB/Files/2012-07-10/pogf.exe,1
6535,d3hv.exe,522,3,datacopy/BB/Files/2012-09-14/d3hv.exe,1
6536,mkxhl.exe,525,74,datacopy/BB/Files/2014-03-20/mkxhl.exe,1
6537,grcgk.exe,525,74,datacopy/BB/Files/2014-03-25/grcgk.exe,1
6538,bic_lyxut.exe,527,3,datacopy/BB/Files/2014-03-20/bic_lyxut.exe,1
6539,svzmv.exe,527,3,datacopy/BB/Files/2014-04-15/svzmv.exe,1
6540,Planilha-de-PreÃ§os.doc.cpl,528,2,datacopy/BB/Files/2014-03-24/Planilha-de-PreÃ§os.doc.cpl,1
6541,msjet40.exe,531,2,datacopy/BB/Files/2013-05-16/msjet40.exe,1
6542,dfrgui.exe,531,3,datacopy/BB/Files/2013-05-02/dfrgui.exe,1
6543,wiaservc.exe,531,3,datacopy/BB/Files/2013-05-20/wiaservc.exe,1
6544,wmpdxm.exe,531,3,datacopy/BB/Files/2013-05-07/wmpdxm.exe,1
6545,modex.exe,531,3,datacopy/BB/Files/2013-05-24/modex.exe,1
6546,shellstyle.exe,531,3,datacopy/BB/Files/2013-05-06/shellstyle.exe,1
6547,aaclient.exe,531,2,datacopy/BB/Files/2013-05-06/aaclient.exe,1
6548,23793-11329-00036-038289-031378-100855-5-9590000150000-NF-e-PDF.cpl,532,2,datacopy/BB/Files/2013-05-16/23793-11329-00036-038289-031378-100855-5-9590000150000-NF-e-PDF.cpl,1
6549,Nota-Fiscal-Eletronica-16-05-2013.cpl,532,2,datacopy/BB/Files/2013-05-16/Nota-Fiscal-Eletronica-16-05-2013.cpl,1
6550,NotaFE.pdf.cpl,532,2,datacopy/BB/Files/2013-05-16/NotaFE.pdf.cpl,1
6551,0021352-030.cpl,532,2,datacopy/BB/Files/2013-05-17/0021352-030.cpl,1
6552,B0021573721.cpl,532,2,datacopy/BB/Files/2013-05-15/B0021573721.cpl,1
6553,OrÑamento14052013_PDF.cpl,532,2,datacopy/BB/Files/2013-05-15/OrÑamento14052013_PDF.cpl,1
6554,1aq5.jpg,533,81,datacopy/BB/Files/2014-10-30/1aq5.jpg,1
6555,er6jzbp4g.jpg,533,3,datacopy/BB/Files/2015-01-28/er6jzbp4g.jpg,1
6556,1ydiqs1n.jpg,533,3,datacopy/BB/Files/2015-01-19/1ydiqs1n.jpg,1
6557,duplicada.cpl,534,2,datacopy/BB/Files/2013-12-10/duplicada.cpl,1
6558,duplicata_vencida.cpl,534,2,datacopy/BB/Files/2013-12-11/duplicata_vencida.cpl,1
6559,Nota_fiscal.cpl,534,2,datacopy/BB/Files/2013-12-09/Nota_fiscal.cpl,1
6560,Expreso.com,535,3,datacopy/BB/Files/2012-07-06/Expreso.com,1
6561,5H2n5N.exe,541,3,datacopy/BB/Files/2013-08-06/5H2n5N.exe,1
6562,0Z1D0J.exe,541,3,datacopy/BB/Files/2013-08-06/0Z1D0J.exe,1
6563,2O2I5B.exe,541,3,datacopy/BB/Files/2013-08-06/2O2I5B.exe,1
6564,2G7v4Q.exe,541,3,datacopy/BB/Files/2013-08-08/2G7v4Q.exe,1
6565,4u5Y5F.exe,541,3,datacopy/BB/Files/2013-08-05/4u5Y5F.exe,1
6566,5V6W2M.exe,542,3,datacopy/BB/Files/2013-08-06/5V6W2M.exe,1
6567,6e8b5q.exe,542,3,datacopy/BB/Files/2013-08-08/6e8b5q.exe,1
6568,8z7s8G.exe,542,2,datacopy/BB/Files/2013-07-30/8z7s8G.exe,1
6569,compravante.cpl,543,2,datacopy/BB/Files/2013-08-06/compravante.cpl,1
6570,boleto004.cpl,543,2,datacopy/BB/Files/2013-07-18/boleto004.cpl,1
6571,ReceitaFederal098.cpl,543,2,datacopy/BB/Files/2013-06-07/ReceitaFederal098.cpl,1
6572,Fotos_curso_2013.php.exe,543,2,datacopy/BB/Files/2013-06-03/Fotos_curso_2013.php.exe,1
6573,Titulo_Serasa200520134.cpl,543,2,datacopy/BB/Files/2013-07-23/Titulo_Serasa200520134.cpl,1
6574,ChamadadeVoz.cpl,543,2,datacopy/BB/Files/2013-08-05/ChamadadeVoz.cpl,1
6575,DividaAtivaSerasa.cpl,543,2,datacopy/BB/Files/2013-08-05/DividaAtivaSerasa.cpl,1
6576,pagamento876.cpl,543,2,datacopy/BB/Files/2013-09-17/pagamento876.cpl,1
6577,01Titulo_Serasa.cpl,543,2,datacopy/BB/Files/2013-08-02/01Titulo_Serasa.cpl,1
6578,tltxao0gnl.exe,544,3,datacopy/BB/Files/2012-09-28/tltxao0gnl.exe,1
6579,mde.bmp,544,407,datacopy/BB/Files/2012-06-25/mde.bmp,1
6580,mZS4H9M8eW.cpl,547,2,datacopy/BB/Files/2015-02-03/mZS4H9M8eW.cpl,1
6581,2A01bQHh1q.cpl,547,2,datacopy/BB/Files/2015-02-05/2A01bQHh1q.cpl,1
6582,pUa37iVO20.cpl,547,2,datacopy/BB/Files/2015-02-23/pUa37iVO20.cpl,1
6583,AsYn47FgWt.cpl,547,2,datacopy/BB/Files/2015-02-19/AsYn47FgWt.cpl,1
6584,Rg3fNthXgA.cpl,547,2,datacopy/BB/Files/2015-02-02/Rg3fNthXgA.cpl,1
6585,WZIumIp9Q4.cpl,547,2,datacopy/BB/Files/2015-02-11/WZIumIp9Q4.cpl,1
6586,0y7U3ar16C.cpl,547,2,datacopy/BB/Files/2015-01-30/0y7U3ar16C.cpl,1
6587,s2o50d6Y7k.cpl,547,2,datacopy/BB/Files/2015-02-13/s2o50d6Y7k.cpl,1
6588,E8WRYFYMpY.cpl,547,2,datacopy/BB/Files/2015-02-12/E8WRYFYMpY.cpl,1
6589,4IgoJ2VN9V.cpl,547,2,datacopy/BB/Files/2015-02-10/4IgoJ2VN9V.cpl,1
6590,0B4C3ZRjdzmgbRU9janZ4Z0sweEk.exe,549,2,datacopy/BB/Files/2012-05-29/0B4C3ZRjdzmgbRU9janZ4Z0sweEk.exe,1
6591,0B7OyTqgJb8U5bVgxYnhyejdwRFk.exe,549,2,datacopy/BB/Files/2013-03-12/0B7OyTqgJb8U5bVgxYnhyejdwRFk.exe,1
6592,00NmM3LWJkOWQtNDQ1Mjc2ZmI4ZWY0.exe,549,2,datacopy/BB/Files/2013-03-12/00NmM3LWJkOWQtNDQ1Mjc2ZmI4ZWY0.exe,1
6593,0B1ufZxgbaXMvQXlJMmJGalpjOGc.exe,549,2,datacopy/BB/Files/2012-04-16/0B1ufZxgbaXMvQXlJMmJGalpjOGc.exe,1
6594,Download_03452435554.exe,550,2,datacopy/BB/Files/2017-03-20/Download_03452435554.exe,1
6595,Download_03452435539.exe,550,2,datacopy/BB/Files/2017-03-20/Download_03452435539.exe,1
6596,Download_03452435562.exe,550,2,datacopy/BB/Files/2017-03-20/Download_03452435562.exe,1
6597,DOC_Detalhamento_PDF_Visualizar_PDF.exe,553,2,datacopy/BB/Files/2015-05-04/DOC_Detalhamento_PDF_Visualizar_PDF.exe,1
6598,visualizar_documento-inadimplentes.doc.exe,553,2,datacopy/BB/Files/2015-04-29/visualizar_documento-inadimplentes.doc.exe,1
6599,Facebook_Recado_Voz.cpl,554,2,datacopy/BB/Files/2014-08-12/Facebook_Recado_Voz.cpl,1
6600,AnexoChequesDevolvidos.cpl,554,2,datacopy/BB/Files/2014-08-12/AnexoChequesDevolvidos.cpl,1
6601,REP00100000-19.2014.8382772622.cpl,555,2,datacopy/BB/Files/2014-08-11/REP00100000-19.2014.8382772622.cpl,1
6602,Notificacao_Infracao_94551244.cpl,555,2,datacopy/BB/Files/2014-07-08/Notificacao_Infracao_94551244.cpl,1
6603,NFE-35432842163726471524751737126372451352164521643521364713621384234234234.cpl,555,2,datacopy/BB/Files/2014-08-06/NFE-35432842163726471524751737126372451352164521643521364713621384234234234.cpl,1
6604,Notificacao_Infracao_13877645.cpl,555,2,datacopy/BB/Files/2014-07-15/Notificacao_Infracao_13877645.cpl,1
6605,IMG_20140709_8233_3988433.jpg.cpl,555,2,datacopy/BB/Files/2014-07-14/IMG_20140709_8233_3988433.jpg.cpl,1
6606,ARQUIVO-PDF.cpl,556,2,datacopy/BB/Files/2013-10-03/ARQUIVO-PDF.cpl,1
6607,comprovante_364892374.cpl,556,2,datacopy/BB/Files/2013-10-30/comprovante_364892374.cpl,1
6608,NF_382768.cpl,556,2,datacopy/BB/Files/2013-05-02/NF_382768.cpl,1
6609,Fatura_37824.cpl,556,2,datacopy/BB/Files/2013-09-16/Fatura_37824.cpl,1
6610,38276482364.cpl,556,2,datacopy/BB/Files/2013-01-09/38276482364.cpl,1
6611,298349234.cpl,556,2,datacopy/BB/Files/2013-04-04/298349234.cpl,1
6612,Comprovante[239487293].cpl,556,2,datacopy/BB/Files/2012-12-28/Comprovante[239487293].cpl,1
6613,2349238749.cpl,556,2,datacopy/BB/Files/2013-04-24/2349238749.cpl,1
6614,198.15.117.58_03052013cleosvaldo2014.cpl,557,2,datacopy/BB/Files/2013-05-06/198.15.117.58_03052013cleosvaldo2014.cpl,1
6615,198.15.117.58_30042013cleosvaldo2014.cpl,557,2,datacopy/BB/Files/2013-05-03/198.15.117.58_30042013cleosvaldo2014.cpl,1
6616,clfsw32.dll,560,2,datacopy/BB/Files/2013-10-03/clfsw32.dll,1
6617,api-ms-win-core-datetime-l1-1-0.dll,560,2,datacopy/BB/Files/2013-06-26/api-ms-win-core-datetime-l1-1-0.dll,1
6618,msyuv.dll,560,2,datacopy/BB/Files/2013-06-07/msyuv.dll,1
6619,tcpmonui.dll,560,2,datacopy/BB/Files/2013-06-17/tcpmonui.dll,1
6620,2_Via_Boleto_de_Cobranca.pdf.cpl,561,2,datacopy/BB/Files/2013-12-11/2_Via_Boleto_de_Cobranca.pdf.cpl,1
6621,2_Via_Boleto_de_Cobranca.pdf.cpl,561,2,datacopy/BB/Files/2013-12-11/2_Via_Boleto_de_Cobranca.pdf.cpl,1
6622,Planilha-3982-Orcamento.Docx_.scr,563,2,datacopy/BB/Files/2014-01-16/Planilha-3982-Orcamento.Docx_.scr,1
6623,Orcamento-403904.Docx_.scr,563,2,datacopy/BB/Files/2014-01-13/Orcamento-403904.Docx_.scr,1
6624,fasas7_asÃ§flsvÃ§lm7_0.cpl,565,2,datacopy/BB/Files/2014-01-16/fasas7_asÃ§flsvÃ§lm7_0.cpl,1
6625,Llr4Dmlbergergr345634GtH8HziHAxTjA1ehXLgiLgAJhQSG9yTgGtH8A1ghABefQS+8HkDoXkpgWNHJSC.cpl,565,2,datacopy/BB/Files/2013-12-06/Llr4Dmlbergergr345634GtH8HziHAxTjA1ehXLgiLgAJhQSG9yTgGtH8A1ghABefQS+8HkDoXkpgWNHJSC.cpl,1
6626,casaASLd______003ssdkjnsojvsdojvnsdv_kvjsojvrvojon.cpl,565,2,datacopy/BB/Files/2013-12-06/casaASLd______003ssdkjnsojvsdojvnsdv_kvjsojvrvojon.cpl,1
6627,bambam.cpl,565,2,datacopy/BB/Files/2014-02-21/bambam.cpl,1
6628,MoAJn2gtbDwaKm1s+tGuT4qOy1kKxrz4444444444444444444444444444444444444444444BKlT3+mH5OxTa+DuYnYwC.cpl,565,2,datacopy/BB/Files/2013-12-13/MoAJn2gtbDwaKm1s+tGuT4qOy1kKxrz4444444444444444444444444444444444444444444BKlT3+mH5OxTa+DuYnYwC.cpl,1
6629,ArquProgramDataProgramDataivo.cpl,565,2,datacopy/BB/Files/2014-02-03/ArquProgramDataProgramDataivo.cpl,1
6630,aosijdoiqpwdAOJPSDazoixnasdj1o2390apdskodpoasd19230JIASDJoijiqeudUP18230120.cpl,565,2,datacopy/BB/Files/2014-02-05/aosijdoiqpwdAOJPSDazoixnasdj1o2390apdskodpoasd19230JIASDJoijiqeudUP18230120.cpl,1
6631,jaSDHJIASDHjasHDOSJJASDaSOD912__2183712372189_ahsdgAUSGD.cpl,565,2,datacopy/BB/Files/2013-12-23/jaSDHJIASDHjasHDOSJJASDaSOD912__2183712372189_ahsdgAUSGD.cpl,1
6632,loadr_2Fbambam.cpl,565,2,datacopy/BB/Files/2014-01-17/loadr_2Fbambam.cpl,1
6633,VideoMensagem028101206.cpl,568,2,datacopy/BB/Files/2014-05-08/VideoMensagem028101206.cpl,1
6634,VideoMensagem028501206.cpl,568,2,datacopy/BB/Files/2014-05-08/VideoMensagem028501206.cpl,1
6635,VideoMensagem028901206.cpl,568,2,datacopy/BB/Files/2014-05-12/VideoMensagem028901206.cpl,1
6636,KB201374.exe,569,3,datacopy/BB/Files/2013-11-05/KB201374.exe,1
6637,DSS0K44OPAO4.exe,569,3,datacopy/BB/Files/2013-10-24/DSS0K44OPAO4.exe,1
6638,AQYFCUGQI2RB.exe,569,3,datacopy/BB/Files/2013-11-18/AQYFCUGQI2RB.exe,1
6639,Saopauloprincipalll.exe,569,3,datacopy/BB/Files/2013-11-14/Saopauloprincipalll.exe,1
6640,YMJ8JHXJHEPG.exe,569,3,datacopy/BB/Files/2013-10-17/YMJ8JHXJHEPG.exe,1
6641,nethost.exe,569,3,datacopy/BB/Files/2013-10-14/nethost.exe,1
6642,minho2.exe,572,3,datacopy/BB/Files/2015-02-26/minho2.exe,1
6643,molusco32.exe,572,578,datacopy/BB/Files/2015-02-27/molusco32.exe,1
6644,Documento_Anexo_Planilha.DOCX_.scr,573,2,datacopy/BB/Files/2012-08-09/Documento_Anexo_Planilha.DOCX_.scr,1
6645,Planilha_Documento_Anexo.scr,573,2,datacopy/BB/Files/2012-03-07/Planilha_Documento_Anexo.scr,1
6646,Visualizar_Planilha_Documento.docx_.scr,573,2,datacopy/BB/Files/2012-08-28/Visualizar_Planilha_Documento.docx_.scr,1
6647,Documento_Planilha_DOCX.scr,573,2,datacopy/BB/Files/2012-03-08/Documento_Planilha_DOCX.scr,1
6648,Visualizar_Documento_anexo.docx_.scr,573,3,datacopy/BB/Files/2012-08-10/Visualizar_Documento_anexo.docx_.scr,1
6649,Sv_batt.exe,574,2,datacopy/BB/Files/2013-03-14/Sv_batt.exe,1
6650,Sv_ixsso.exe,574,3,datacopy/BB/Files/2013-03-19/Sv_ixsso.exe,1
6651,Dukr8p8Po_sJWe4pQAL_f4dyQ_dl_1.exe,575,2,datacopy/BB/Files/2013-03-26/Dukr8p8Po_sJWe4pQAL_f4dyQ_dl_1.exe,1
6652,t5t2.html.exe,577,3,datacopy/BB/Files/2014-05-27/t5t2.html.exe,1
6653,Boleto_Vencido_Premium_Cobrancas.cpl,579,2,datacopy/BB/Files/2015-02-25/Boleto_Vencido_Premium_Cobrancas.cpl,1
6654,Notificacao_Autuacao_Transito_388477344533.cpl,579,2,datacopy/BB/Files/2015-01-20/Notificacao_Autuacao_Transito_388477344533.cpl,1
6655,BoletoFevereiro.cpl,579,2,datacopy/BB/Files/2015-02-06/BoletoFevereiro.cpl,1
6656,CopiaCheques.cpl,579,2,datacopy/BB/Files/2015-02-02/CopiaCheques.cpl,1
6657,Visualizar_Processo_MPF_000874732666213.cpl,579,2,datacopy/BB/Files/2015-03-06/Visualizar_Processo_MPF_000874732666213.cpl,1
6658,Notificacao_Infracao_7466899931.cpl,579,2,datacopy/BB/Files/2015-01-26/Notificacao_Infracao_7466899931.cpl,1
6659,INTIMACAO_TRT_83847474.cpl,579,2,datacopy/BB/Files/2015-01-09/INTIMACAO_TRT_83847474.cpl,1
6660,Cadastro_Cheque_2834743.cpl,579,2,datacopy/BB/Files/2015-01-07/Cadastro_Cheque_2834743.cpl,1
6661,Notificacao_Autuacao_de_Infracao_de_Transito_38776266.cpl,579,2,datacopy/BB/Files/2015-03-03/Notificacao_Autuacao_de_Infracao_de_Transito_38776266.cpl,1
6662,VISUALIZAR-PROCESSO-MPF-00088373-53.cpl,579,2,datacopy/BB/Files/2015-02-24/VISUALIZAR-PROCESSO-MPF-00088373-53.cpl,1
6663,if_down.exe,580,3,datacopy/BB/Files/2012-12-10/if_down.exe,1
6664,radlab.exe,580,3,datacopy/BB/Files/2013-08-29/radlab.exe,1
6665,NF-ID-94567692266.exe,581,133,datacopy/BB/Files/2012-12-10/NF-ID-94567692266.exe,1
6666,DSC271212.exe,581,133,datacopy/BB/Files/2012-12-10/DSC271212.exe,1
6667,WB-Boleto-Novembro.exe,581,133,datacopy/BB/Files/2012-12-12/WB-Boleto-Novembro.exe,1
6668,NF-ID-94567692267.exe,581,133,datacopy/BB/Files/2012-12-12/NF-ID-94567692267.exe,1
6669,NF-ID-94567692262.exe,581,133,datacopy/BB/Files/2012-12-05/NF-ID-94567692262.exe,1
6670,NF-ID-94567692258.exe,581,133,datacopy/BB/Files/2012-12-03/NF-ID-94567692258.exe,1
6671,Telegrama-ID-94567692243.exe,581,133,datacopy/BB/Files/2012-10-29/Telegrama-ID-94567692243.exe,1
6672,Comprovante-1817871198911233.CPL,582,2,datacopy/BB/Files/2012-12-10/Comprovante-1817871198911233.CPL,1
6673,FileMartinex.cpl,582,2,datacopy/BB/Files/2012-12-03/FileMartinex.cpl,1
6674,NotaFiscal.Doc.CPL,582,2,datacopy/BB/Files/2012-12-11/NotaFiscal.Doc.CPL,1
6675,Fatura_0288-0613.cpl,584,2,datacopy/BB/Files/2013-06-13/Fatura_0288-0613.cpl,1
6676,Protestoreceita.ID1820072013.cpl,584,2,datacopy/BB/Files/2013-07-22/Protestoreceita.ID1820072013.cpl,1
6677,PedidoNF09300.cpl,584,2,datacopy/BB/Files/2013-06-11/PedidoNF09300.cpl,1
6678,Boleto-Atualizado=0963.cpl,584,2,datacopy/BB/Files/2013-06-25/Boleto-Atualizado=0963.cpl,1
6679,TSE_PROTDOC07102013.cpl,584,2,datacopy/BB/Files/2013-10-29/TSE_PROTDOC07102013.cpl,1
6680,blc9P4y6cGwth4eDclcIe6SuGnD7sI.exe,584,2,datacopy/BB/Files/2013-06-12/blc9P4y6cGwth4eDclcIe6SuGnD7sI.exe,1
6681,Avira.SystrayStartTrigger.png,585,3,datacopy/BB/Files/2019-11-20/Avira.SystrayStartTrigger.png,1
6682,Avira.SystrayStartTrigger.png,585,3,datacopy/BB/Files/2019-11-20/Avira.SystrayStartTrigger.png,1
6683,Avira.SystrayStartTrigger.png,585,3,datacopy/BB/Files/2019-11-20/Avira.SystrayStartTrigger.png,1
6684,ProcessReceitaFederal_002565465465165560495864894494698445894684598.exe,587,2,datacopy/BB/Files/2013-12-05/ProcessReceitaFederal_002565465465165560495864894494698445894684598.exe,1
6685,098236777236662523_NF-E_product.cpl,588,2,datacopy/BB/Files/2013-12-06/098236777236662523_NF-E_product.cpl,1
6686,PbKs6c0X.exe,588,2,datacopy/BB/Files/2013-11-06/PbKs6c0X.exe,1
6687,FOTO.cpl,588,2,datacopy/BB/Files/2013-12-03/FOTO.cpl,1
6688,Download_00192903826.exe,589,2,datacopy/BB/Files/2017-03-17/Download_00192903826.exe,1
6689,Download_00192903862.exe,589,2,datacopy/BB/Files/2017-03-17/Download_00192903862.exe,1
6690,Download_00192903873.exe,589,2,datacopy/BB/Files/2017-03-17/Download_00192903873.exe,1
6691,Download_00192903853.exe,589,2,datacopy/BB/Files/2017-03-17/Download_00192903853.exe,1
6692,ModuloDeProtecao.exe,591,3,datacopy/BB/Files/2012-09-28/ModuloDeProtecao.exe,1
6693,MxKvh6ocYMx0EZ7wkztUqP_Yg_dl_1.exe,592,2,datacopy/BB/Files/2013-02-18/MxKvh6ocYMx0EZ7wkztUqP_Yg_dl_1.exe,1
6694,Boletos-imprimir-savar.cpl,592,2,datacopy/BB/Files/2013-02-18/Boletos-imprimir-savar.cpl,1
6695,2.via_boleto_imprimir_visualizar.cpl,592,2,datacopy/BB/Files/2013-02-18/2.via_boleto_imprimir_visualizar.cpl,1
6696,boletoporto2013.cpl_dl_1.exe,592,2,datacopy/BB/Files/2013-02-07/boletoporto2013.cpl_dl_1.exe,1
6697,Download_01629264835.exe,596,2,datacopy/BB/Files/2017-03-23/Download_01629264835.exe,1
6698,Download_01629264836.exe,596,2,datacopy/BB/Files/2017-03-23/Download_01629264836.exe,1
6699,Download_258302818.exe,596,2,datacopy/BB/Files/2017-03-23/Download_258302818.exe,1
6700,Download_01629264830.exe,596,2,datacopy/BB/Files/2017-03-23/Download_01629264830.exe,1
6701,Download_01629264837.exe,596,2,datacopy/BB/Files/2017-03-24/Download_01629264837.exe,1
6702,Download_01629264856.exe,596,2,datacopy/BB/Files/2017-03-24/Download_01629264856.exe,1
6703,Download_043743895496.exe,597,2,datacopy/BB/Files/2017-03-23/Download_043743895496.exe,1
6704,Download_043743895422.exe,597,2,datacopy/BB/Files/2017-03-21/Download_043743895422.exe,1
6705,Download_043743895452.exe,597,2,datacopy/BB/Files/2017-03-21/Download_043743895452.exe,1
6706,Download_043743895463.exe,597,2,datacopy/BB/Files/2017-03-21/Download_043743895463.exe,1
6707,Download_043743895482.exe,597,2,datacopy/BB/Files/2017-03-21/Download_043743895482.exe,1
6708,Download_043743895455.exe,597,2,datacopy/BB/Files/2017-03-21/Download_043743895455.exe,1
6709,Download_043743895485.exe,597,2,datacopy/BB/Files/2017-03-22/Download_043743895485.exe,1
6710,Download_04374389541.exe,597,2,datacopy/BB/Files/2017-03-22/Download_04374389541.exe,1
6711,Download_043743895439.exe,597,2,datacopy/BB/Files/2017-03-22/Download_043743895439.exe,1
6712,Download_043743895467.exe,597,2,datacopy/BB/Files/2017-03-22/Download_043743895467.exe,1
6713,EXTRATODEDEBITO.cpl,598,2,datacopy/BB/Files/2013-07-22/EXTRATODEDEBITO.cpl,1
6714,Comercial.exe,598,2,datacopy/BB/Files/2012-03-20/Comercial.exe,1
6715,EXIBIR-INTIMACAO.cpl,598,2,datacopy/BB/Files/2013-08-02/EXIBIR-INTIMACAO.cpl,1
6716,Depo-00000000000000234877540300.exe,599,2,datacopy/BB/Files/2014-08-29/Depo-00000000000000234877540300.exe,1
6717,Depo-00101000000000023440.com,599,2,datacopy/BB/Files/2014-09-01/Depo-00101000000000023440.com,1
6718,Dados_Serasa.com,599,2,datacopy/BB/Files/2014-09-01/Dados_Serasa.com,1
6719,prf.cpl,601,2,datacopy/BB/Files/2014-07-08/prf.cpl,1
6720,policiafederal.cpl,601,2,datacopy/BB/Files/2014-07-09/policiafederal.cpl,1
6721,tribunaldojuri.cpl,601,2,datacopy/BB/Files/2014-07-17/tribunaldojuri.cpl,1
6722,Boleto_Cobranca_94877563.cpl,602,2,datacopy/BB/Files/2014-07-21/Boleto_Cobranca_94877563.cpl,1
6723,NFS-e-1837823.cpl,602,2,datacopy/BB/Files/2014-06-20/NFS-e-1837823.cpl,1
6724,Comprovante_Santander.cpl,602,2,datacopy/BB/Files/2014-06-20/Comprovante_Santander.cpl,1
6725,Notificacao_Infracao_934884.cpl,602,2,datacopy/BB/Files/2014-06-26/Notificacao_Infracao_934884.cpl,1
6726,Anexo_vendas_comoon_SSSSSSSS.cpl,604,2,datacopy/BB/Files/2014-07-18/Anexo_vendas_comoon_SSSSSSSS.cpl,1
6727,Documentos_administrativo.cpl,604,2,datacopy/BB/Files/2014-07-15/Documentos_administrativo.cpl,1
6728,Anexo.NF-e.cpl,604,196,datacopy/BB/Files/2014-10-15/Anexo.NF-e.cpl,1
6729,Anexo.NF-e.cpl,604,196,datacopy/BB/Files/2014-10-15/Anexo.NF-e.cpl,1
6730,fotosnovidades001.cpl,604,2,datacopy/BB/Files/2013-11-26/fotosnovidades001.cpl,1
6731,Anexo.NF-e.cpl,604,196,datacopy/BB/Files/2014-10-15/Anexo.NF-e.cpl,1
6732,91526efb5e0a4d3539d3_lgfp_3000.exe,605,2,datacopy/BB/Files/2015-10-01/91526efb5e0a4d3539d3_lgfp_3000.exe,1
6733,0B8uwq_xvuiGreV8xRnBRM2E4NFU_e_download.exe,605,2,datacopy/BB/Files/2015-10-01/0B8uwq_xvuiGreV8xRnBRM2E4NFU_e_download.exe,1
6734,38263854e6672ee7dec2_lgfp_3000.exe,605,2,datacopy/BB/Files/2015-09-30/38263854e6672ee7dec2_lgfp_3000.exe,1
6735,arquivo_PDF_XML.cpl,609,2,datacopy/BB/Files/2013-09-26/arquivo_PDF_XML.cpl,1
6736,arquivo022013_PDF.cpl,609,2,datacopy/BB/Files/2013-09-23/arquivo022013_PDF.cpl,1
6737,setembro2013.cpl,609,2,datacopy/BB/Files/2013-09-18/setembro2013.cpl,1
6738,DSC000159JPG.cpl,609,2,datacopy/BB/Files/2013-09-27/DSC000159JPG.cpl,1
6739,Pedido_PDF_527388.cpl,609,2,datacopy/BB/Files/2013-09-25/Pedido_PDF_527388.cpl,1
6740,boletoscobrancas341.cpl,613,2,datacopy/BB/Files/2013-09-13/boletoscobrancas341.cpl,1
6741,Gerente-do-Departamento-Financeiro.exe,614,27,datacopy/BB/Files/2013-02-25/Gerente-do-Departamento-Financeiro.exe,1
6742,pje74448.scr,614,3,datacopy/BB/Files/2012-08-08/pje74448.scr,1
6743,0B1wFlfFXexPwczhTSXQ3dExSdG8.exe,614,93,datacopy/BB/Files/2012-08-31/0B1wFlfFXexPwczhTSXQ3dExSdG8.exe,1
6744,winserver.exe,614,3,datacopy/BB/Files/2013-04-22/winserver.exe,1
6745,dama.cpl,616,2,datacopy/BB/Files/2012-08-07/dama.cpl,1
6746,labiroba.cpl,616,2,datacopy/BB/Files/2012-07-31/labiroba.cpl,1
6747,YKT4FS2CLV5E.cpl,616,2,datacopy/BB/Files/2012-07-04/YKT4FS2CLV5E.cpl,1
6748,BEL.cpl,616,2,datacopy/BB/Files/2012-07-18/BEL.cpl,1
6749,P8HR3GQY7HQ0.cpl,616,2,datacopy/BB/Files/2012-07-23/P8HR3GQY7HQ0.cpl,1
6750,Proposta.scr,618,3,datacopy/BB/Files/2012-01-26/Proposta.scr,1
6751,Historico_Msn.scr,618,237,datacopy/BB/Files/2012-02-08/Historico_Msn.scr,1
6752,facebook.scr,618,319,datacopy/BB/Files/2012-02-15/facebook.scr,1
6753,TMCxAStCv1.dll,619,3,datacopy/BB/Files/2017-06-28/TMCxAStCv1.dll,1
6754,Yt2C29OU.dll,619,3,datacopy/BB/Files/2017-06-27/Yt2C29OU.dll,1
6755,ceJqz9N.dll,619,3,datacopy/BB/Files/2017-06-16/ceJqz9N.dll,1
6756,dy0C4DiY3Y.dll,619,3,datacopy/BB/Files/2017-06-16/dy0C4DiY3Y.dll,1
6757,UCuKe7YFR.dll,619,3,datacopy/BB/Files/2017-06-14/UCuKe7YFR.dll,1
6758,tsdYTD95fiy.dll,619,3,datacopy/BB/Files/2017-07-12/tsdYTD95fiy.dll,1
6759,0B_q1kIzk8hpcElrVTlHaDdldWM.exe,620,171,datacopy/BB/Files/2012-04-27/0B_q1kIzk8hpcElrVTlHaDdldWM.exe,3
6760,SBV6G8QF17.exe,620,273,datacopy/BB/Files/2012-03-26/SBV6G8QF17.exe,3
6761,aDAyek1vcjNSbFcwZXh4NnFGSGZOdw.exe,620,273,datacopy/BB/Files/2012-03-26/aDAyek1vcjNSbFcwZXh4NnFGSGZOdw.exe,3
6762,0B_q1kIzk8hpbzl5aWxPTUlsWU0.exe,620,273,datacopy/BB/Files/2012-05-07/0B_q1kIzk8hpbzl5aWxPTUlsWU0.exe,3
6763,0B_q1kIzk8hpRDliOFdlcEVXeFU.exe,620,273,datacopy/BB/Files/2012-04-17/0B_q1kIzk8hpRDliOFdlcEVXeFU.exe,3
6764,QE7D1I29RT.exe,620,273,datacopy/BB/Files/2012-02-27/QE7D1I29RT.exe,3
6765,msg2012_543532.exe,620,171,datacopy/BB/Files/2012-04-04/msg2012_543532.exe,3
6766,TItZjRlZDg5ZDI1MGU0_e_download.exe,620,648,datacopy/BB/Files/2013-03-12/TItZjRlZDg5ZDI1MGU0_e_download.exe,3
6767,Nota_Fiscal_EletrÃ´nica_.com,621,174,datacopy/BB/Files/2012-04-27/Nota_Fiscal_EletrÃ´nica_.com,1
6768,0B7O5y6iZRNH4ZFFmYzgzMXJhdmc.exe,621,174,datacopy/BB/Files/2012-04-27/0B7O5y6iZRNH4ZFFmYzgzMXJhdmc.exe,1
6769,ca_de_ServiÃ§os_nÂº._17240.com,621,3,datacopy/BB/Files/2012-05-15/ca_de_ServiÃ§os_nÂº._17240.com,1
6770,Nota.Fiscal.PDF.com,621,259,datacopy/BB/Files/2012-04-26/Nota.Fiscal.PDF.com,1
6771,0B3PTsNR4qJOyckZIT1hxMEdzbU0.exe,621,3,datacopy/BB/Files/2012-04-26/0B3PTsNR4qJOyckZIT1hxMEdzbU0.exe,1
6772,Nfe.Eletronica.com_2F_4758.exe,621,2,datacopy/BB/Files/2012-05-10/Nfe.Eletronica.com_2F_4758.exe,1
6773,ica_de_ServiÃ§os_nÂº345787.com,621,2,datacopy/BB/Files/2012-05-14/ica_de_ServiÃ§os_nÂº345787.com,1
6774,rflcdm.cab.cpl,622,2,datacopy/BB/Files/2014-12-17/rflcdm.cab.cpl,1
6775,vtpckw.cab.cpl,622,2,datacopy/BB/Files/2014-12-19/vtpckw.cab.cpl,1
6776,pwkmjn.cab.cpl,622,2,datacopy/BB/Files/2014-12-19/pwkmjn.cab.cpl,1
6777,yuvhnm.cab.cpl,622,2,datacopy/BB/Files/2014-12-05/yuvhnm.cab.cpl,1
6778,clwtau.cab.cpl,622,2,datacopy/BB/Files/2014-12-18/clwtau.cab.cpl,1
6779,Transferencia_on_line.exe,628,2,datacopy/BB/Files/2012-03-06/Transferencia_on_line.exe,1
6780,eight.exe,628,2,datacopy/BB/Files/2012-03-05/eight.exe,1
6781,Comprovante.D5142158.Pdf.cpl,629,2,datacopy/BB/Files/2014-09-30/Comprovante.D5142158.Pdf.cpl,1
6782,fatura8835557537.cpl,629,2,datacopy/BB/Files/2014-10-23/fatura8835557537.cpl,1
6783,nfe-83672191-2014BR.fazenda.gov.br.cpl,629,2,datacopy/BB/Files/2014-08-21/nfe-83672191-2014BR.fazenda.gov.br.cpl,1
6784,fatura2504841507.cpl,629,2,datacopy/BB/Files/2014-10-31/fatura2504841507.cpl,1
6785,fatura4414281845.cpl,629,2,datacopy/BB/Files/2014-10-24/fatura4414281845.cpl,1
6786,Fatura-3127637662.PDF.cpl,629,2,datacopy/BB/Files/2014-09-09/Fatura-3127637662.PDF.cpl,1
6787,COMPID10102014-009384.cpl,629,2,datacopy/BB/Files/2014-10-10/COMPID10102014-009384.cpl,1
6788,Comprovante.PDF.1023546.cpl,629,2,datacopy/BB/Files/2014-09-10/Comprovante.PDF.1023546.cpl,1
6789,Fatura-8429805516.PDF.cpl,629,2,datacopy/BB/Files/2014-09-10/Fatura-8429805516.PDF.cpl,1
6790,Fatura-5901844070.PDF.cpl,629,2,datacopy/BB/Files/2014-09-11/Fatura-5901844070.PDF.cpl,1
6791,Fatura-6793965163.PDF.cpl,629,2,datacopy/BB/Files/2014-09-11/Fatura-6793965163.PDF.cpl,1
6792,Intimacao-JUS.exe,630,2,datacopy/BB/Files/2015-03-30/Intimacao-JUS.exe,1
6793,Zy04MlE_e_download_cli_Cliente.exe,630,2,datacopy/BB/Files/2015-03-31/Zy04MlE_e_download_cli_Cliente.exe,1
6794,documentos_processo.exe,630,2,datacopy/BB/Files/2015-03-31/documentos_processo.exe,1
6795,Fatura-00201417305.PDF.cpl,633,2,datacopy/BB/Files/2014-09-02/Fatura-00201417305.PDF.cpl,1
6796,fatura1685630091.cpl,633,2,datacopy/BB/Files/2014-10-10/fatura1685630091.cpl,1
6797,NFE_22866955160414.cpl,634,2,datacopy/BB/Files/2014-04-16/NFE_22866955160414.cpl,1
6798,aJNoW54q.dll,635,139,datacopy/BB/Files/2017-05-11/aJNoW54q.dll,4
6799,l2FCreaE.dll,635,139,datacopy/BB/Files/2017-05-10/l2FCreaE.dll,4
6800,WTnj3cp1Lsv.dll,635,3,datacopy/BB/Files/2017-05-30/WTnj3cp1Lsv.dll,4
6801,oQXxGpv8i.dll,635,139,datacopy/BB/Files/2017-05-31/oQXxGpv8i.dll,4
6802,Zt3l1Vex2i.dll,635,3,datacopy/BB/Files/2017-05-16/Zt3l1Vex2i.dll,4
6803,JpI3lYbCjO.dll,635,3,datacopy/BB/Files/2017-05-12/JpI3lYbCjO.dll,4
6804,iJySrZsgr.dll,635,3,datacopy/BB/Files/2017-05-12/iJySrZsgr.dll,4
6805,boleto2.cpl,638,2,datacopy/BB/Files/2013-09-23/boleto2.cpl,1
6806,2viacleosvaldo2014.cpl,638,2,datacopy/BB/Files/2013-10-02/2viacleosvaldo2014.cpl,1
6807,NF-eletronica_mes-09-2013cleosvaldo2014.cpl,638,2,datacopy/BB/Files/2013-09-24/NF-eletronica_mes-09-2013cleosvaldo2014.cpl,1
6808,WER02901.scr,640,93,datacopy/BB/Files/2012-03-13/WER02901.scr,1
6809,video_facebook_10.scr,640,3,datacopy/BB/Files/2012-04-05/video_facebook_10.scr,1
6810,LWMH544.scr,640,93,datacopy/BB/Files/2012-03-08/LWMH544.scr,1
6811,Visualizar_Documento.docx_.scr,643,2,datacopy/BB/Files/2013-04-08/Visualizar_Documento.docx_.scr,1
6812,Visualizar_Cotacao.docx_.scr,643,2,datacopy/BB/Files/2013-04-09/Visualizar_Cotacao.docx_.scr,1
6813,Documento_Visualizar_Cotacao.DOCX_.scr,643,2,datacopy/BB/Files/2013-04-10/Documento_Visualizar_Cotacao.DOCX_.scr,1
6814,Anexo-2via.Boleto.cpl,644,2,datacopy/BB/Files/2013-04-08/Anexo-2via.Boleto.cpl,1
6815,ComentarioDeVoz_.cpl,644,2,datacopy/BB/Files/2013-03-19/ComentarioDeVoz_.cpl,1
6816,videos001.cpl,644,2,datacopy/BB/Files/2013-03-26/videos001.cpl,1
6817,CurriculunAlexiaKaroline.exe,645,2,datacopy/BB/Files/2015-06-09/CurriculunAlexiaKaroline.exe,1
6818,Intimacao-Judicial-Trabalhista-CPD-00032000056888005022230578999882000045588000305000000.com,645,2,datacopy/BB/Files/2015-06-09/Intimacao-Judicial-Trabalhista-CPD-00032000056888005022230578999882000045588000305000000.com,1
6819,Conpr_deposito.exe,656,2,datacopy/BB/Files/2012-04-05/Conpr_deposito.exe,1
6820,Nota.Fisca.Eletronica.com_4125696977.exe,656,2,datacopy/BB/Files/2012-03-15/Nota.Fisca.Eletronica.com_4125696977.exe,1
6821,negatividade-nome-836bd.cpl,657,2,datacopy/BB/Files/2013-12-16/negatividade-nome-836bd.cpl,1
6822,negatividade-clien-33599211ssp.cpl,657,2,datacopy/BB/Files/2013-11-27/negatividade-clien-33599211ssp.cpl,1
6823,Video_Instagram.Avi.cpl,657,2,datacopy/BB/Files/2013-11-27/Video_Instagram.Avi.cpl,1
6824,z-negatividade-nome-836bd.cpl,657,2,datacopy/BB/Files/2013-12-13/z-negatividade-nome-836bd.cpl,1
6825,bola09831.cpl,657,2,datacopy/BB/Files/2013-11-18/bola09831.cpl,1
6826,Copia-cheque.cpl,657,2,datacopy/BB/Files/2013-11-28/Copia-cheque.cpl,1
6827,Extrato-Debito-Ativo_Cliente.pdf.cpl,657,2,datacopy/BB/Files/2013-11-20/Extrato-Debito-Ativo_Cliente.pdf.cpl,1
6828,Boleto_03_dez2013.pdf.cpl,657,2,datacopy/BB/Files/2013-12-04/Boleto_03_dez2013.pdf.cpl,1
6829,Relatorio01245.cpl,659,2,datacopy/BB/Files/2014-05-20/Relatorio01245.cpl,1
6830,cotacao.pdf.cpl,660,121,datacopy/BB/Files/2014-05-08/cotacao.pdf.cpl,1
6831,2viafatura.cpl,660,3,datacopy/BB/Files/2014-05-20/2viafatura.cpl,1
6832,novo_boleto.pdf.cpl,660,121,datacopy/BB/Files/2014-05-06/novo_boleto.pdf.cpl,1
6833,formulario.cpl,660,121,datacopy/BB/Files/2014-05-06/formulario.cpl,1
6834,MTh0STg_h_16653014193614665626.exe,663,2,datacopy/BB/Files/2013-08-29/MTh0STg_h_16653014193614665626.exe,1
6835,87URITSR.cpl,663,2,datacopy/BB/Files/2013-09-16/87URITSR.cpl,1
6836,Processo17958312012.cpl,663,2,datacopy/BB/Files/2013-07-11/Processo17958312012.cpl,1
6837,Comprovante_de_deposito.cpl,663,2,datacopy/BB/Files/2013-09-12/Comprovante_de_deposito.cpl,1
6838,Recibo_11-09-2013.cpl,663,2,datacopy/BB/Files/2013-09-24/Recibo_11-09-2013.cpl,1
6839,BOLETO.CPL,664,2,datacopy/BB/Files/2013-07-04/BOLETO.CPL,1
6840,Recibo_Nota.Fiscal.cpl,664,2,datacopy/BB/Files/2013-09-10/Recibo_Nota.Fiscal.cpl,1
6841,mandado.comparecimento.ministerio.cpl,664,2,datacopy/BB/Files/2013-09-12/mandado.comparecimento.ministerio.cpl,1
6842,imagen_conprovante.exe,665,2,datacopy/BB/Files/2012-12-24/imagen_conprovante.exe,1
6843,0B6Q_aknLRXInRDcydUFhUklGd28.exe,665,2,datacopy/BB/Files/2013-02-04/0B6Q_aknLRXInRDcydUFhUklGd28.exe,1
6844,WLMMF6P5HQUV.com,665,2,datacopy/BB/Files/2013-03-08/WLMMF6P5HQUV.com,1
6845,a5c5142a82a9176611cb93ba93095053675bf28d.bin,667,3,datacopy/UCSB.JP/data_feed.geo_japan_6m_public_flag/a/5/c/a5c5142a82a9176611cb93ba93095053675bf28d.bin,1
6846,9a4c3229b0247db4a6976f64615bdad0de9085c0.bin,667,2071,datacopy/UCSB.JP/data_feed.geo_japan_6m_public_flag/9/a/4/9a4c3229b0247db4a6976f64615bdad0de9085c0.bin,1
6847,DANFE-64570133550990000025021000025027-18.08.2014.0505300038.exe,667,2,datacopy/BB/Files/2014-09-08/DANFE-64570133550990000025021000025027-18.08.2014.0505300038.exe,1
6848,_692195179_directDownload_true.exe,667,2,datacopy/BB/Files/2014-08-15/_692195179_directDownload_true.exe,1
6849,0072_30689_directDownload_true.exe,667,2,datacopy/BB/Files/2014-09-24/0072_30689_directDownload_true.exe,1
6850,0072_88061_directDownload_true.exe,667,2,datacopy/BB/Files/2014-09-12/0072_88061_directDownload_true.exe,1
6851,_722097083_directDownload_true.exe,667,2,datacopy/BB/Files/2014-09-12/_722097083_directDownload_true.exe,1
6852,ea21b945c451665f4c0c9d88f0331a3617d24b7cfe0e59e4c7e1fed4a041a2be,667,1196,datacopy/Stefano/ea21b945c451665f4c0c9d88f0331a3617d24b7cfe0e59e4c7e1fed4a041a2be,1
6853,dabd36982f9e0c50ddda62fca3faf7515537ff1c5ce7ad9bd1f6f71686952aad,667,1196,datacopy/Stefano/dabd36982f9e0c50ddda62fca3faf7515537ff1c5ce7ad9bd1f6f71686952aad,1
6854,6b26c6a98e9c77c65e78aba2acb12d92b2655a7e703413f2e09e999a5b564d53,667,1196,datacopy/Stefano/6b26c6a98e9c77c65e78aba2acb12d92b2655a7e703413f2e09e999a5b564d53,1
6855,2b427a45425fa0853bbbc87dfbbb18d0c14e16204157086a3868ace7eacfdc62,667,1196,datacopy/Stefano/2b427a45425fa0853bbbc87dfbbb18d0c14e16204157086a3868ace7eacfdc62,1
6856,e1a3f1b07441e57c2ccd630d76bfeaf4b267827974f6386919b18d38c6045b78,667,1196,datacopy/Stefano/e1a3f1b07441e57c2ccd630d76bfeaf4b267827974f6386919b18d38c6045b78,1
6857,db6301e5319f66fa8bcb56f611b7c91208533fb2f1b49fc5f9d9688846604fb3,667,1196,datacopy/Stefano/db6301e5319f66fa8bcb56f611b7c91208533fb2f1b49fc5f9d9688846604fb3,1
6858,eed674e31b7a9ae8bbce5cf9ead7e3a4bc574de7571d6b58e82900f289df3e77,667,1196,datacopy/Stefano/eed674e31b7a9ae8bbce5cf9ead7e3a4bc574de7571d6b58e82900f289df3e77,1
6859,f103159c643e6a922b06001dc7ddbd7a79f1ec9fce7fcc212393ab300b376169,667,1196,datacopy/Stefano/f103159c643e6a922b06001dc7ddbd7a79f1ec9fce7fcc212393ab300b376169,1
6860,d7eeb005ccb352ebbed0b720d9133e2a0ceee6f8bd606347b52f47faf043ee74,667,1196,datacopy/Stefano/d7eeb005ccb352ebbed0b720d9133e2a0ceee6f8bd606347b52f47faf043ee74,1
6861,972516e71b510108023a77e439cd6c408b4845801cd0a1633e05b87b25c0e4fc,667,1196,datacopy/Stefano/972516e71b510108023a77e439cd6c408b4845801cd0a1633e05b87b25c0e4fc,1
6862,ec34b9060a75ef33daf611f30a181ec624c1303063a1f66cf2c9179421d1f6a5,667,1196,datacopy/Stefano/ec34b9060a75ef33daf611f30a181ec624c1303063a1f66cf2c9179421d1f6a5,1
6863,cf065f8fa17cfaa0e4539be7bd1ca6ac01354a7799a3cf793f57bf64046167e9,667,1196,datacopy/Stefano/cf065f8fa17cfaa0e4539be7bd1ca6ac01354a7799a3cf793f57bf64046167e9,1
6864,f7bb0425ba6c9d972267ef75811fd66be8414242df0c6c5b9db05afec70aef68,667,1196,datacopy/Stefano/f7bb0425ba6c9d972267ef75811fd66be8414242df0c6c5b9db05afec70aef68,1
6865,Video_Eduardo_campos.flv.cpl,668,2,datacopy/BB/Files/2014-09-08/Video_Eduardo_campos.flv.cpl,1
6866,072014CARTORIO1OFICIO-DUPLICAT.cpl,668,2,datacopy/BB/Files/2014-07-31/072014CARTORIO1OFICIO-DUPLICAT.cpl,1
6867,Boleto_29-05-2014.cpl,668,2,datacopy/BB/Files/2014-05-29/Boleto_29-05-2014.cpl,1
6868,SUB_NFPedido04_4589511.cpl,672,2,datacopy/BB/Files/2014-02-04/SUB_NFPedido04_4589511.cpl,1
6869,Processo-N-001000-19.2014.cpl,672,2,datacopy/BB/Files/2014-02-26/Processo-N-001000-19.2014.cpl,1
6870,Fotos_novas.cpl,672,2,datacopy/BB/Files/2014-02-10/Fotos_novas.cpl,1
6871,inptT.dll,673,126,datacopy/BB/Files/2017-04-13/inptT.dll,1
6872,livnoxinc.dll,673,126,datacopy/BB/Files/2017-04-18/livnoxinc.dll,1
6873,SR163503.EXE,675,542,datacopy/BB/Files/2013-04-25/SR163503.EXE,1
6874,SR161431.EXE,675,542,datacopy/BB/Files/2013-05-03/SR161431.EXE,1
6875,Nota-Fiscal-No-54769809.cpl,677,2,datacopy/BB/Files/2013-07-04/Nota-Fiscal-No-54769809.cpl,1
6876,doc-20-05-pdf-325224563.cpl,677,2,datacopy/BB/Files/2013-06-21/doc-20-05-pdf-325224563.cpl,1
6877,Processo.cpl,677,2,datacopy/BB/Files/2013-07-03/Processo.cpl,1
6878,Nota.Fiscal.26.08.2013.cpl,677,2,datacopy/BB/Files/2013-09-05/Nota.Fiscal.26.08.2013.cpl,1
6879,Nota-Fiscal-No-28293031.cpl,677,2,datacopy/BB/Files/2013-07-01/Nota-Fiscal-No-28293031.cpl,1
6880,Processo099.cpl,677,2,datacopy/BB/Files/2013-07-01/Processo099.cpl,1
6881,6S0e3I.exe,679,3,datacopy/BB/Files/2013-07-04/6S0e3I.exe,1
6882,0L8F8k.exe,679,3,datacopy/BB/Files/2013-07-04/0L8F8k.exe,1
6883,8j1i4d.exe,679,30,datacopy/BB/Files/2013-07-05/8j1i4d.exe,1
6884,VIDEOMOTEL.exe,680,3,datacopy/BB/Files/2014-07-02/VIDEOMOTEL.exe,1
6885,Intimacao_comparecimento.cpl,681,2,datacopy/BB/Files/2014-07-03/Intimacao_comparecimento.cpl,1
6886,intimacaocomparecimento.cpl,681,2,datacopy/BB/Files/2014-07-09/intimacaocomparecimento.cpl,1
6887,njkgq1hxx8flv.exe,682,3,datacopy/BB/Files/2012-08-29/njkgq1hxx8flv.exe,1
6888,pwsncxx0bwn9y.exe,682,3,datacopy/BB/Files/2012-08-16/pwsncxx0bwn9y.exe,1
6889,DSC040.cpl,683,2,datacopy/BB/Files/2012-08-21/DSC040.cpl,1
6890,DSC020.cpl,683,2,datacopy/BB/Files/2012-08-28/DSC020.cpl,1
6891,DSC080.cpl,683,2,datacopy/BB/Files/2012-08-30/DSC080.cpl,1
6892,winxpkey.EXE,684,2,datacopy/BB/Files/2012-04-26/winxpkey.EXE,1
6893,visualizar1.exe,684,85,datacopy/BB/Files/2012-03-19/visualizar1.exe,1
6894,oracao_11.com,684,2,datacopy/BB/Files/2012-04-18/oracao_11.com,1
6895,install_flashplayer.exe,684,3,datacopy/BB/Files/2012-08-06/install_flashplayer.exe,1
6896,SysP1972.exe,684,3,datacopy/BB/Files/2014-08-27/SysP1972.exe,1
6897,DSC_0019.com,684,2,datacopy/BB/Files/2012-04-04/DSC_0019.com,1
6898,IMG_7502.com,684,2,datacopy/BB/Files/2012-03-30/IMG_7502.com,1
6899,dc5bb20e5b15253a9f1c0c4b19b7fef391be5dfe47df8a0c875bceb7cd6f5b87,684,89,datacopy/Stefano/dc5bb20e5b15253a9f1c0c4b19b7fef391be5dfe47df8a0c875bceb7cd6f5b87,1
6900,f3dfe1b741a9c41cdf0067d1141a56f3021bf3644e0cc907c9a4f931f50acd8a,684,89,datacopy/Stefano/f3dfe1b741a9c41cdf0067d1141a56f3021bf3644e0cc907c9a4f931f50acd8a,1
6901,e78ab4198af0ad7c0f5dc07d4798f2d0976aab58ba4a6b170b590c1659804516,684,89,datacopy/Stefano/e78ab4198af0ad7c0f5dc07d4798f2d0976aab58ba4a6b170b590c1659804516,1
6902,f95125fb3618eed6b17758dda1f075be6facfc3f153564fbed2773d331b18a77,684,89,datacopy/Stefano/f95125fb3618eed6b17758dda1f075be6facfc3f153564fbed2773d331b18a77,1
6903,Processo_Ocorrencia.exe,686,2,datacopy/BB/Files/2014-09-02/Processo_Ocorrencia.exe,1
6904,Flash_Player_V11.7.700.202.exe,686,2,datacopy/BB/Files/2014-09-04/Flash_Player_V11.7.700.202.exe,1
6905,tim01_mpg.exe,687,2,datacopy/BB/Files/2012-05-11/tim01_mpg.exe,1
6906,Nota_fisca.xml.pdf.com,687,2,datacopy/BB/Files/2013-03-22/Nota_fisca.xml.pdf.com,1
6907,Plugin_Video_tim.exe,687,2,datacopy/BB/Files/2012-05-08/Plugin_Video_tim.exe,1
6908,GanhadoresCielo2014.exe,688,2,datacopy/BB/Files/2014-03-07/GanhadoresCielo2014.exe,1
6909,Microsoft_Documento_N.00011051115.exe,688,3,datacopy/BB/Files/2014-03-06/Microsoft_Documento_N.00011051115.exe,1
6910,Foto34.com,689,2,datacopy/BB/Files/2012-03-15/Foto34.com,1
6911,Video_84829437.wmv.cmd.exe,689,2,datacopy/BB/Files/2012-03-28/Video_84829437.wmv.cmd.exe,1
6912,Video_64829441.wmv.com,689,2,datacopy/BB/Files/2012-04-04/Video_64829441.wmv.com,1
6913,w9.jpg,690,2,datacopy/BB/Files/2015-08-28/w9.jpg,1
6914,1t4.jpg,690,2,datacopy/BB/Files/2015-08-28/1t4.jpg,1
6915,nne5o4b.jpg,690,2,datacopy/BB/Files/2015-08-26/nne5o4b.jpg,1
6916,0B5XUkg2TLgSlUWpma2xBRHZYaGs.exe,693,2,datacopy/BB/Files/2013-02-15/0B5XUkg2TLgSlUWpma2xBRHZYaGs.exe,1
6917,Orcamento-pdf.com,693,2,datacopy/BB/Files/2012-11-06/Orcamento-pdf.com,1
6918,NFe-Municipal0029838912-4338.RTF_.scr,695,2,datacopy/BB/Files/2015-01-05/NFe-Municipal0029838912-4338.RTF_.scr,1
6919,NFe-Municipal_40398829333-4382.RTF_.scr,695,2,datacopy/BB/Files/2015-01-05/NFe-Municipal_40398829333-4382.RTF_.scr,1
6920,Documento-5029993.4992-2015.RTF_.scr,695,559,datacopy/BB/Files/2015-01-07/Documento-5029993.4992-2015.RTF_.scr,1
6921,rt52.exe,696,3,datacopy/BB/Files/2016-11-21/rt52.exe,1
6922,p4r2..exe,696,3,datacopy/BB/Files/2016-11-21/p4r2..exe,1
6923,p4r2..exe,696,3,datacopy/BB/Files/2016-11-21/p4r2..exe,1
6924,xd4g2.dll,696,422,datacopy/BB/Files/2016-11-29/xd4g2.dll,1
6925,zdg4,697,3,datacopy/BB/Files/2016-12-15/zdg4,1
6926,frt4.dll,697,3,datacopy/BB/Files/2016-12-08/frt4.dll,1
6927,frt4.dll,697,3,datacopy/BB/Files/2016-12-08/frt4.dll,1
6928,Intimacao-MPF-938892344.cpl,698,2,datacopy/BB/Files/2014-08-15/Intimacao-MPF-938892344.cpl,1
6929,NF-e-DTU38DNM8-1193574411.Docx.cpl,698,2,datacopy/BB/Files/2014-10-07/NF-e-DTU38DNM8-1193574411.Docx.cpl,1
6930,NFE-SP-3948477555.cpl,698,2,datacopy/BB/Files/2014-09-12/NFE-SP-3948477555.cpl,1
6931,arm.rar.exe,699,61,datacopy/BB/Files/2014-11-07/arm.rar.exe,1
6932,install.res.1031.dll,700,3,datacopy/BB/Files/2012-03-26/install.res.1031.dll,1
6933,install.res.2070.dll,700,3,datacopy/BB/Files/2012-03-26/install.res.2070.dll,1
6934,install.res.3076.dll,700,3,datacopy/BB/Files/2012-03-26/install.res.3076.dll,1
6935,install.res.1040.dll,700,3,datacopy/BB/Files/2012-03-26/install.res.1040.dll,1
6936,install.res.1032.dll,700,3,datacopy/BB/Files/2012-03-26/install.res.1032.dll,1
6937,install.res.1025.dll,700,3,datacopy/BB/Files/2012-03-26/install.res.1025.dll,1
6938,install.res.2052.dll,700,3,datacopy/BB/Files/2012-03-26/install.res.2052.dll,1
6939,install.res.1044.dll,700,3,datacopy/BB/Files/2012-03-26/install.res.1044.dll,1
6940,install.res.1033.dll,700,3,datacopy/BB/Files/2012-03-26/install.res.1033.dll,1
6941,install.res.1037.dll,700,3,datacopy/BB/Files/2012-03-26/install.res.1037.dll,1
6942,install.res.1049.dll,700,3,datacopy/BB/Files/2012-03-26/install.res.1049.dll,1
6943,install.res.1043.dll,700,3,datacopy/BB/Files/2012-03-26/install.res.1043.dll,1
6944,install.res.1045.dll,700,3,datacopy/BB/Files/2012-03-26/install.res.1045.dll,1
6945,install.res.1041.dll,700,3,datacopy/BB/Files/2012-03-26/install.res.1041.dll,1
6946,install.res.1055.dll,700,3,datacopy/BB/Files/2012-03-26/install.res.1055.dll,1
6947,install.res.1030.dll,700,3,datacopy/BB/Files/2012-03-26/install.res.1030.dll,1
6948,install.res.1028.dll,700,3,datacopy/BB/Files/2012-03-26/install.res.1028.dll,1
6949,Confirmacao-E-TICKET-Gol.cpl,702,2,datacopy/BB/Files/2014-01-20/Confirmacao-E-TICKET-Gol.cpl,1
6950,NFE_Anexo_PDF.cpl,702,2,datacopy/BB/Files/2014-01-20/NFE_Anexo_PDF.cpl,1
6951,NF-e-13803679-21012014.cpl,702,2,datacopy/BB/Files/2014-01-24/NF-e-13803679-21012014.cpl,1
6952,0B7GL_v41VtxbaEljYkhkeVF3c1E.exe,702,2,datacopy/BB/Files/2014-01-23/0B7GL_v41VtxbaEljYkhkeVF3c1E.exe,1
6953,NFE_Finalizada_PDF.cpl,702,2,datacopy/BB/Files/2014-01-21/NFE_Finalizada_PDF.cpl,1
6954,NFeletronicaz34.cpl,703,2,datacopy/BB/Files/2014-01-15/NFeletronicaz34.cpl,1
6955,Pedido_63829.cpl,703,2,datacopy/BB/Files/2014-01-20/Pedido_63829.cpl,1
6956,lindoprincipal.exe,704,3,datacopy/BB/Files/2014-01-20/lindoprincipal.exe,1
6957,Z77GVF220888.exe,704,3,datacopy/BB/Files/2014-01-20/Z77GVF220888.exe,1
6958,BoletoÂ°-3382322753342349Â°49324238.cpl,705,2,datacopy/BB/Files/2014-01-20/BoletoÂ°-3382322753342349Â°49324238.cpl,1
6959,Nota.fisc_Eletronica.=cod0020.cpl,705,2,datacopy/BB/Files/2014-02-17/Nota.fisc_Eletronica.=cod0020.cpl,1
6960,32165465484564522121000001987456490001132985547-NFe.xml.cpl,705,57,datacopy/BB/Files/2014-01-13/32165465484564522121000001987456490001132985547-NFe.xml.cpl,1
6961,Whastsapp.exe.cpl,705,2,datacopy/BB/Files/2014-02-18/Whastsapp.exe.cpl,1
6962,ChequeSemFundo.cpl,705,2,datacopy/BB/Files/2014-02-14/ChequeSemFundo.cpl,1
6963,Curriculo_com_foto.cpl,707,2,datacopy/BB/Files/2012-04-02/Curriculo_com_foto.cpl,1
6964,Curriculo_com_foto.cpl,707,2,datacopy/BB/Files/2012-04-02/Curriculo_com_foto.cpl,1
6965,Curriculo_com_foto.cpl,707,2,datacopy/BB/Files/2012-04-02/Curriculo_com_foto.cpl,1
6966,Doc.xml.Pdf.145.547.584cleosvaldo2014.cpl,708,2,datacopy/BB/Files/2013-09-23/Doc.xml.Pdf.145.547.584cleosvaldo2014.cpl,1
6967,0B6sYYEXM_760X0JKOHhMb0dmMUE.exe,709,143,datacopy/BB/Files/2012-10-29/0B6sYYEXM_760X0JKOHhMb0dmMUE.exe,1
6968,0ByidzU6Lb_QCdkZhOUo1Um9xdVU.exe,709,2,datacopy/BB/Files/2012-10-29/0ByidzU6Lb_QCdkZhOUo1Um9xdVU.exe,1
6969,1126.dll,710,3,datacopy/BB/Files/2012-04-26/1126.dll,1
6970,9114.dll,710,3,datacopy/BB/Files/2012-05-07/9114.dll,1
6971,6947.dll,710,3,datacopy/BB/Files/2012-04-25/6947.dll,1
6972,nk6hws3p1499u0h577fg.ico.exe,711,282,datacopy/BB/Files/2012-04-17/nk6hws3p1499u0h577fg.ico.exe,1
6973,md2.ico.exe,711,282,datacopy/BB/Files/2012-05-08/md2.ico.exe,1
6974,Comprovante79085732851696084452792481730docx.exe,712,3,datacopy/BB/Files/2018-03-07/Comprovante79085732851696084452792481730docx.exe,1
6975,Br7458utfpjhySE12Wwr.exe,712,3,datacopy/BB/Files/2018-02-23/Br7458utfpjhySE12Wwr.exe,1
6976,Aw7458RET75489AQ01.exe,712,3,datacopy/BB/Files/2018-03-12/Aw7458RET75489AQ01.exe,1
6977,aA1477QW74599622112ZA1.exe,712,3,datacopy/BB/Files/2018-03-08/aA1477QW74599622112ZA1.exe,1
6978,AEPVTEROIKTL01287PWQWI.exe,712,3,datacopy/BB/Files/2018-03-01/AEPVTEROIKTL01287PWQWI.exe,1
6979,Comprovante7908578324534159docx.exe,712,3,datacopy/BB/Files/2018-03-06/Comprovante7908578324534159docx.exe,1
6980,ID_YOUTUBE11_IMG.cpl,713,2,datacopy/BB/Files/2012-05-16/ID_YOUTUBE11_IMG.cpl,1
6981,NFE_Pdf.cpl,713,2,datacopy/BB/Files/2012-09-17/NFE_Pdf.cpl,1
6982,doc.xps.cpl,713,2,datacopy/BB/Files/2012-10-10/doc.xps.cpl,1
6983,Nota.Fiscal.Eletronicaemetida-14-2013.cpl,714,2,datacopy/BB/Files/2013-03-15/Nota.Fiscal.Eletronicaemetida-14-2013.cpl,1
6984,OrÃ§amento-14032012.cpl,714,2,datacopy/BB/Files/2013-03-19/OrÃ§amento-14032012.cpl,1
6985,OrÃ§amento-Planilha2013-PDF.cpl,714,2,datacopy/BB/Files/2013-03-19/OrÃ§amento-Planilha2013-PDF.cpl,1
6986,Nota-Fiscal-emetida-11-03.cpl,714,2,datacopy/BB/Files/2013-03-12/Nota-Fiscal-emetida-11-03.cpl,1
6987,Recibo_008472.cpl,714,2,datacopy/BB/Files/2013-03-13/Recibo_008472.cpl,1
6988,Boleto_Cliente.pdf.cpl,716,2,datacopy/BB/Files/2013-03-15/Boleto_Cliente.pdf.cpl,1
6989,wpY139TE.dll,718,3,datacopy/BB/Files/2017-07-03/wpY139TE.dll,1
6990,Ha5srLQxrae.dll,718,3,datacopy/BB/Files/2017-06-29/Ha5srLQxrae.dll,1
6991,ashtray.exe,720,3,datacopy/BB/Files/2014-04-02/ashtray.exe,1
6992,9X8S7W6TG3H.exe,720,2,datacopy/BB/Files/2014-04-03/9X8S7W6TG3H.exe,1
6993,2DbfdBFB.exe,721,3,datacopy/BB/Files/2015-09-08/2DbfdBFB.exe,1
6994,1deba8ED.exe,721,3,datacopy/BB/Files/2015-09-04/1deba8ED.exe,1
6995,e2pjwlZVia1gtLf0_type_download.exe,724,2,datacopy/BB/Files/2013-01-15/e2pjwlZVia1gtLf0_type_download.exe,1
6996,0B2BPJdRJOkg_Qmc5VnFoRVRWWTQ.exe,725,3,datacopy/BB/Files/2012-10-24/0B2BPJdRJOkg_Qmc5VnFoRVRWWTQ.exe,1
6997,Reenvio_Curriculo-2015.exe,726,2,datacopy/BB/Files/2015-05-14/Reenvio_Curriculo-2015.exe,1
6998,CurriculumVitae-AnaClaudiaBorges-UNIFESP-20069430.exe,726,2,datacopy/BB/Files/2015-05-14/CurriculumVitae-AnaClaudiaBorges-UNIFESP-20069430.exe,1
6999,Anexo_Curriculo-Ana-2015.exe,726,2,datacopy/BB/Files/2015-05-15/Anexo_Curriculo-Ana-2015.exe,1
7000,NTF-e_14-05-2015.exe,726,2,datacopy/BB/Files/2015-05-15/NTF-e_14-05-2015.exe,1
7001,OrÃ§amento-EletrÃ´nico-emetido-22-2013.cpl,728,2,datacopy/BB/Files/2013-03-22/OrÃ§amento-EletrÃ´nico-emetido-22-2013.cpl,1
7002,fotos-curriculo_jpg.cpl,728,2,datacopy/BB/Files/2013-03-25/fotos-curriculo_jpg.cpl,1
7003,2Via.de.boleto.cpl,728,2,datacopy/BB/Files/2013-03-25/2Via.de.boleto.cpl,1
7004,OrÃ§amento-EletrÃ´nico-emetido-29-2013.cpl,728,2,datacopy/BB/Files/2013-04-01/OrÃ§amento-EletrÃ´nico-emetido-29-2013.cpl,1
7005,Boleto__PDF.cpl,729,2,datacopy/BB/Files/2015-03-27/Boleto__PDF.cpl,1
7006,Debito_258642186.cpl,729,2,datacopy/BB/Files/2015-04-01/Debito_258642186.cpl,1
7007,NFS.156425145.pdf.cpl,729,2,datacopy/BB/Files/2015-03-23/NFS.156425145.pdf.cpl,1
7008,boletonf029238.cpl,730,2,datacopy/BB/Files/2015-05-18/boletonf029238.cpl,1
7009,boletonf029236.cpl,730,2,datacopy/BB/Files/2015-05-15/boletonf029236.cpl,1
7010,1852015.exe,731,2,datacopy/BB/Files/2015-05-18/1852015.exe,1
7011,1952015.exe,731,2,datacopy/BB/Files/2015-05-19/1952015.exe,1
7012,Passo1.cpl,732,3,datacopy/BB/Files/2013-11-11/Passo1.cpl,1
7013,WindowsUpdateRVGv1r1.cpl,732,3,datacopy/BB/Files/2013-12-05/WindowsUpdateRVGv1r1.cpl,1
7014,Comprovante0106201536.cpl,735,2,datacopy/BB/Files/2015-06-11/Comprovante0106201536.cpl,1
7015,Video_arquivo8240232.cpl,735,2,datacopy/BB/Files/2015-06-10/Video_arquivo8240232.cpl,1
7016,Processo_Intimacao_PDF.cpl,739,2,datacopy/BB/Files/2014-01-15/Processo_Intimacao_PDF.cpl,1
7017,Pedido_Faturado.cpl,739,2,datacopy/BB/Files/2014-02-21/Pedido_Faturado.cpl,1
7018,BBB14_Fotos_Picantes.cpl,739,2,datacopy/BB/Files/2014-01-23/BBB14_Fotos_Picantes.cpl,1
7019,PROCESSO_363.2342014.cpl,739,2,datacopy/BB/Files/2014-01-09/PROCESSO_363.2342014.cpl,1
7020,URGENTE.cpl,739,2,datacopy/BB/Files/2014-02-14/URGENTE.cpl,1
7021,Comprovante_de_Transferencia_93713.cpl,739,2,datacopy/BB/Files/2013-12-23/Comprovante_de_Transferencia_93713.cpl,1
7022,Comprovante_Transferencia_DOC.cpl,739,2,datacopy/BB/Files/2013-12-23/Comprovante_Transferencia_DOC.cpl,1
7023,Casas_Bahia_pedido_nÂº_120313.cpl,739,2,datacopy/BB/Files/2013-10-22/Casas_Bahia_pedido_nÂº_120313.cpl,1
7024,Planilha_Documento-Anexo.docx_.scr,741,2,datacopy/BB/Files/2013-07-16/Planilha_Documento-Anexo.docx_.scr,1
7025,Documento_Anexo-Planilha.docx_.scr,741,2,datacopy/BB/Files/2013-07-16/Documento_Anexo-Planilha.docx_.scr,1
7026,Visualizar_Planilha_Documento.docx_.scr,741,2,datacopy/BB/Files/2012-08-28/Visualizar_Planilha_Documento.docx_.scr,1
7027,adobee32.exe,742,3,datacopy/BB/Files/2013-07-16/adobee32.exe,1
7028,javhgrn32.exe,742,3,datacopy/BB/Files/2013-07-16/javhgrn32.exe,1
7029,upmsn2.exe,742,3,datacopy/BB/Files/2013-07-19/upmsn2.exe,1
7030,8_14550054_directDownload_true.exe,745,47,datacopy/BB/Files/2014-04-04/8_14550054_directDownload_true.exe,9
7031,NF-e.exe,745,2,datacopy/BB/Files/2014-07-21/NF-e.exe,9
7032,Foto0166.exe,745,2,datacopy/BB/Files/2014-05-06/Foto0166.exe,9
7033,Ingressos_FIFA-2014.exe,745,3,datacopy/BB/Files/2014-06-02/Ingressos_FIFA-2014.exe,9
7034,perfectmoney-1.0.exe,745,124,datacopy/BB/Files/2019-02-22/perfectmoney-1.0.exe,9
7035,Comprovante_3948201.exe,745,3,datacopy/BB/Files/2014-04-15/Comprovante_3948201.exe,9
7036,2_35880001_directDownload_true.exe,745,2,datacopy/BB/Files/2014-03-12/2_35880001_directDownload_true.exe,9
7037,jun014.exe,745,441,datacopy/BB/Files/2014-06-04/jun014.exe,9
7038,Comprovante_NOTA_713.exe,745,2,datacopy/BB/Files/2014-05-14/Comprovante_NOTA_713.exe,9
7039,2_25507875_directDownload_true.exe,745,75,datacopy/BB/Files/2014-02-12/2_25507875_directDownload_true.exe,9
7040,8_06877217_directDownload_true.exe,745,3,datacopy/BB/Files/2014-02-12/8_06877217_directDownload_true.exe,9
7041,Comprovante_transferencia.pdf.exe,745,47,datacopy/BB/Files/2014-03-26/Comprovante_transferencia.pdf.exe,9
7042,FIJDJFVPQEIBTLGHTFNCHRPEXGJGLO.exe,745,47,datacopy/BB/Files/2014-03-26/FIJDJFVPQEIBTLGHTFNCHRPEXGJGLO.exe,9
7043,2_36125541_directDownload_true.exe,745,2,datacopy/BB/Files/2014-03-13/2_36125541_directDownload_true.exe,9
7044,8_06281824_directDownload_true.exe,745,2,datacopy/BB/Files/2014-02-14/8_06281824_directDownload_true.exe,9
7045,8_06635423_directDownload_true.exe,745,2,datacopy/BB/Files/2014-02-11/8_06635423_directDownload_true.exe,9
7046,Recibo.0079298486.exe,746,2,datacopy/BB/Files/2017-03-29/Recibo.0079298486.exe,1
7047,Recibo.007929847.exe,746,2,datacopy/BB/Files/2017-03-30/Recibo.007929847.exe,1
7048,Recibo.0079298444.exe,746,2,datacopy/BB/Files/2017-03-30/Recibo.0079298444.exe,1
7049,Recibo.0079298455.exe,746,2,datacopy/BB/Files/2017-03-30/Recibo.0079298455.exe,1
7050,Recibo.0079298487.exe,746,2,datacopy/BB/Files/2017-03-30/Recibo.0079298487.exe,1
7051,Recibo.007929843.exe,746,2,datacopy/BB/Files/2017-03-30/Recibo.007929843.exe,1
7052,Recibo.0079298435.exe,746,2,datacopy/BB/Files/2017-03-30/Recibo.0079298435.exe,1
7053,Recibo.0079298468.exe,746,2,datacopy/BB/Files/2017-03-30/Recibo.0079298468.exe,1
7054,Arquivo.00982327.exe,746,2,datacopy/BB/Files/2017-03-30/Arquivo.00982327.exe,1
7055,Recibo.0079298416.exe,746,2,datacopy/BB/Files/2017-03-30/Recibo.0079298416.exe,1
7056,Recibo.0079298432.exe,746,2,datacopy/BB/Files/2017-03-30/Recibo.0079298432.exe,1
7057,Recibo.0079298482.exe,746,2,datacopy/BB/Files/2017-03-30/Recibo.0079298482.exe,1
7058,Arquivo.0098236.exe,746,2,datacopy/BB/Files/2017-03-31/Arquivo.0098236.exe,1
7059,Arquivo.00982359.exe,746,2,datacopy/BB/Files/2017-03-31/Arquivo.00982359.exe,1
7060,_976067134_directDownload_true.exe,747,2,datacopy/BB/Files/2014-08-21/_976067134_directDownload_true.exe,1
7061,Sedex_rastreio_Numero-SW841419965BR.exe,747,2,datacopy/BB/Files/2014-08-21/Sedex_rastreio_Numero-SW841419965BR.exe,1
7062,rtv.exe,747,3,datacopy/BB/Files/2016-10-13/rtv.exe,1
7063,_693578709_directDownload_true.exe,747,2,datacopy/BB/Files/2014-08-18/_693578709_directDownload_true.exe,1
7064,Download_01629264899.exe,748,2,datacopy/BB/Files/2017-03-24/Download_01629264899.exe,1
7065,Download_01629264862.exe,748,2,datacopy/BB/Files/2017-03-24/Download_01629264862.exe,1
7066,Download_01629264848.exe,748,2,datacopy/BB/Files/2017-03-24/Download_01629264848.exe,1
7067,Download_01629264838.exe,748,2,datacopy/BB/Files/2017-03-24/Download_01629264838.exe,1
7068,Download_01629264864.exe,748,2,datacopy/BB/Files/2017-03-24/Download_01629264864.exe,1
7069,Download_01629264894.exe,748,2,datacopy/BB/Files/2017-03-24/Download_01629264894.exe,1
7070,Download_01629264811.exe,748,2,datacopy/BB/Files/2017-03-24/Download_01629264811.exe,1
7071,Download_01629264871.exe,748,2,datacopy/BB/Files/2017-03-24/Download_01629264871.exe,1
7072,Download_01629264860.exe,748,2,datacopy/BB/Files/2017-03-24/Download_01629264860.exe,1
7073,Download_01629264841.exe,748,2,datacopy/BB/Files/2017-03-28/Download_01629264841.exe,1
7074,Download_01629264898.exe,748,2,datacopy/BB/Files/2017-03-28/Download_01629264898.exe,1
7075,Download_01629264812.exe,748,2,datacopy/BB/Files/2017-03-28/Download_01629264812.exe,1
7076,Download_01629264849.exe,748,2,datacopy/BB/Files/2017-03-28/Download_01629264849.exe,1
7077,Download_01629264877.exe,748,2,datacopy/BB/Files/2017-03-28/Download_01629264877.exe,1
7078,Download_01629264893.exe,748,2,datacopy/BB/Files/2017-03-30/Download_01629264893.exe,1
7079,Download_01629264884.exe,748,2,datacopy/BB/Files/2017-03-30/Download_01629264884.exe,1
7080,visualizar_fatura_0002015.exe,749,2,datacopy/BB/Files/2015-10-26/visualizar_fatura_0002015.exe,1
7081,comprovante_578488.exe,749,2,datacopy/BB/Files/2015-10-28/comprovante_578488.exe,1
7082,inti_29_10.cpl,750,2,datacopy/BB/Files/2013-10-30/inti_29_10.cpl,1
7083,outub_anex_.cpl,750,2,datacopy/BB/Files/2013-10-11/outub_anex_.cpl,1
7084,anex_outub.cpl,750,2,datacopy/BB/Files/2013-10-02/anex_outub.cpl,1
7085,anex_setem.cpl,750,2,datacopy/BB/Files/2013-10-14/anex_setem.cpl,1
7086,ayngd_ayngd_ayngd.bmp,751,3,datacopy/BB/Files/2017-06-21/ayngd_ayngd_ayngd.bmp,1
7087,zaxux_zaxux_zaxux.bmp,751,3,datacopy/BB/Files/2017-06-12/zaxux_zaxux_zaxux.bmp,1
7088,Fatura_ourocard_8273XXXXXXX92029......PDF.......1.com,752,2,datacopy/BB/Files/2017-04-07/Fatura_ourocard_8273XXXXXXX92029......PDF.......1.com,1
7089,Fatura_ourocard_8273XXXXXXX92029......PDF.......2.com,752,2,datacopy/BB/Files/2017-04-07/Fatura_ourocard_8273XXXXXXX92029......PDF.......2.com,1
7090,PlanilhaOrcamentoPDF201504013993287984738749355.exe,754,2,datacopy/BB/Files/2015-04-01/PlanilhaOrcamentoPDF201504013993287984738749355.exe,1
7091,0B4cqzbw7QTIWZFZ1ZWJQWWRLSlU.exe,756,3,datacopy/BB/Files/2012-10-26/0B4cqzbw7QTIWZFZ1ZWJQWWRLSlU.exe,1
7092,Fatura_Atualizada.exe,756,2,datacopy/BB/Files/2012-10-18/Fatura_Atualizada.exe,1
7093,004106.dll,757,2,datacopy/BB/Files/2014-01-16/004106.dll,1
7094,213304.dll,757,2,datacopy/BB/Files/2014-01-24/213304.dll,1
7095,cheque-id-19453.cpl,758,2,datacopy/BB/Files/2013-06-26/cheque-id-19453.cpl,1
7096,Boleto_Contrato_Debitos.cpl,758,2,datacopy/BB/Files/2013-07-19/Boleto_Contrato_Debitos.cpl,1
7097,Boleto-id-2234445-cliente-222944.cpl,758,2,datacopy/BB/Files/2013-07-11/Boleto-id-2234445-cliente-222944.cpl,1
7098,Boletos.pdf.cpl,758,2,datacopy/BB/Files/2013-07-15/Boletos.pdf.cpl,1
7099,Img001992300.bmp.cpl,758,2,datacopy/BB/Files/2013-07-01/Img001992300.bmp.cpl,1
7100,Cheque-330004080009000010.pdf.cpl,758,2,datacopy/BB/Files/2013-07-01/Cheque-330004080009000010.pdf.cpl,1
7101,Cheque-229730002000000.pdf.cpl,758,2,datacopy/BB/Files/2013-06-28/Cheque-229730002000000.pdf.cpl,1
7102,nf.emetida.em.pdf.cpl,764,2,datacopy/BB/Files/2013-10-02/nf.emetida.em.pdf.cpl,1
7103,boleto169407_.cpl,764,2,datacopy/BB/Files/2013-10-01/boleto169407_.cpl,1
7104,"emitadar,NFN-pdf.cpl",764,2,"datacopy/BB/Files/2013-10-01/emitadar,NFN-pdf.cpl",1
7105,zdg2,765,3,datacopy/BB/Files/2016-12-15/zdg2,1
7106,frt2,765,478,datacopy/BB/Files/2016-12-08/frt2,1
7107,Boleto_Abraz_Janeiro_2013_PDF.cpl,766,2,datacopy/BB/Files/2013-01-30/Boleto_Abraz_Janeiro_2013_PDF.cpl,1
7108,Video_Prefeito_Corrupto.cpl,766,2,datacopy/BB/Files/2012-09-26/Video_Prefeito_Corrupto.cpl,1
7109,IMG-239487293.cpl,766,2,datacopy/BB/Files/2012-12-27/IMG-239487293.cpl,1
7110,DSC0102711.cpl,767,2,datacopy/BB/Files/2012-12-12/DSC0102711.cpl,1
7111,DSC0200511.cpl,767,2,datacopy/BB/Files/2012-11-06/DSC0200511.cpl,1
7112,DSC0703011.cpl,767,2,datacopy/BB/Files/2012-12-03/DSC0703011.cpl,1
7113,DSC0702510.cpl,767,2,datacopy/BB/Files/2012-10-29/DSC0702510.cpl,1
7114,Y41MSYt8EXx7Uv3zQzsLSUDmzzyxfJVf0y.dll,768,3,datacopy/BB/Files/2012-12-12/Y41MSYt8EXx7Uv3zQzsLSUDmzzyxfJVf0y.dll,1
7115,gQ5VfvFcD1Xvqavg0pZEB0UMszvAGncYWJ.dll,768,3,datacopy/BB/Files/2012-12-11/gQ5VfvFcD1Xvqavg0pZEB0UMszvAGncYWJ.dll,1
7116,2_20113274_directDownload_true.exe,769,2,datacopy/BB/Files/2014-02-27/2_20113274_directDownload_true.exe,1
7117,2_29157871_directDownload_true.exe,769,2,datacopy/BB/Files/2014-02-25/2_29157871_directDownload_true.exe,1
7118,Comprovante324154.exe,769,2,datacopy/BB/Files/2014-02-14/Comprovante324154.exe,1
7119,Lines.exe,770,2,datacopy/BB/Files/2012-02-27/Lines.exe,1
7120,bling.exe,770,2,datacopy/BB/Files/2012-02-24/bling.exe,1
7121,Comprovante.pdfcleosvaldo2014.cpl,771,2,datacopy/BB/Files/2013-03-21/Comprovante.pdfcleosvaldo2014.cpl,1
7122,Boleto_Cobranca_Doc.cpl,773,2,datacopy/BB/Files/2013-05-02/Boleto_Cobranca_Doc.cpl,1
7123,Pedido_Efetuado.CPL,773,2,datacopy/BB/Files/2013-04-26/Pedido_Efetuado.CPL,1
7124,FOTODSC567.cpl,775,2,datacopy/BB/Files/2013-11-13/FOTODSC567.cpl,1
7125,protocolo.cpl,775,2,datacopy/BB/Files/2014-01-08/protocolo.cpl,1
7126,NFe-431305962069410003175500100procNFe.pdf.cpl,775,2,datacopy/BB/Files/2013-11-19/NFe-431305962069410003175500100procNFe.pdf.cpl,1
7127,comprovante_de_deposito_pdf.cpl,775,2,datacopy/BB/Files/2013-11-14/comprovante_de_deposito_pdf.cpl,1
7128,IMG_52932_214223.cpl,776,2,datacopy/BB/Files/2014-01-23/IMG_52932_214223.cpl,1
7129,WATHSAPP29012014jpeg.cpl,776,2,datacopy/BB/Files/2014-02-03/WATHSAPP29012014jpeg.cpl,1
7130,DSC.6552242100209.JPG.cpl,776,2,datacopy/BB/Files/2013-12-17/DSC.6552242100209.JPG.cpl,1
7131,DSCS.5842140626239404898.JPG.cpl,776,2,datacopy/BB/Files/2013-11-26/DSCS.5842140626239404898.JPG.cpl,1
7132,Carol_Nua.exe,777,2,datacopy/BB/Files/2012-05-21/Carol_Nua.exe,1
7133,Demonstrativo_13BVT5299.exe,777,2,datacopy/BB/Files/2012-05-14/Demonstrativo_13BVT5299.exe,1
7134,A0n5d4L.exe,779,3,datacopy/BB/Files/2013-06-07/A0n5d4L.exe,1
7135,A7I3C0e.exe,779,3,datacopy/BB/Files/2013-06-10/A7I3C0e.exe,1
7136,castelinho.dll,782,3,datacopy/BB/Files/2013-03-05/castelinho.dll,1
7137,copia_chequedevolvido.cpl,783,2,datacopy/BB/Files/2014-10-31/copia_chequedevolvido.cpl,1
7138,microfilmagen.pdf.cpl,783,2,datacopy/BB/Files/2014-11-21/microfilmagen.pdf.cpl,1
7139,LiveMailOutlookBaixarZip_987682923762_9876573O67855DER527.cpl,783,2,datacopy/BB/Files/2014-12-01/LiveMailOutlookBaixarZip_987682923762_9876573O67855DER527.cpl,1
7140,twicher.dll,785,2,datacopy/BB/Files/2017-04-24/twicher.dll,1
7141,acredito.jpg.exe,785,2,datacopy/BB/Files/2017-05-25/acredito.jpg.exe,1
7142,gate.dll,785,2,datacopy/BB/Files/2017-05-02/gate.dll,1
7143,Visualizar.PDF.cpl,786,2,datacopy/BB/Files/2013-09-03/Visualizar.PDF.cpl,1
7144,dowload_pdf.cpl,786,2,datacopy/BB/Files/2013-09-09/dowload_pdf.cpl,1
7145,Comprovante_bancario_PDF.exe,787,2,datacopy/BB/Files/2015-06-16/Comprovante_bancario_PDF.exe,1
7146,notafiscal.pdf.scr,787,2,datacopy/BB/Files/2015-06-16/notafiscal.pdf.scr,1
7147,CURRICULUM.DOC.scr,787,2,datacopy/BB/Files/2015-06-16/CURRICULUM.DOC.scr,1
7148,akRFMkE_e_download_cli_Cliente.exe,787,2,datacopy/BB/Files/2015-06-15/akRFMkE_e_download_cli_Cliente.exe,1
7149,MPF.201510055.exe,787,2,datacopy/BB/Files/2015-06-17/MPF.201510055.exe,1
7150,Boleto_Acordo-bff00629.pdf______________________________.exe,787,2,datacopy/BB/Files/2015-06-17/Boleto_Acordo-bff00629.pdf______________________________.exe,1
7151,system_iokub.exe,788,2,datacopy/BB/Files/2014-04-15/system_iokub.exe,1
7152,OWl5WDg_h_16653014193614665626.exe,788,2,datacopy/BB/Files/2014-05-27/OWl5WDg_h_16653014193614665626.exe,1
7153,BOLETO_DC0009338.cpl,791,2,datacopy/BB/Files/2014-04-07/BOLETO_DC0009338.cpl,1
7154,svhostb.exe,792,3,datacopy/BB/Files/2014-07-22/svhostb.exe,1
7155,0OKMNBVCXZ.exe,792,3,datacopy/BB/Files/2014-07-11/0OKMNBVCXZ.exe,1
7156,k8t0.html.exe,794,3,datacopy/BB/Files/2014-05-22/k8t0.html.exe,1
7157,k8t3.html.exe,794,3,datacopy/BB/Files/2014-05-27/k8t3.html.exe,1
7158,k8t4.html.exe,794,3,datacopy/BB/Files/2014-05-27/k8t4.html.exe,1
7159,k8t5.html.exe,794,3,datacopy/BB/Files/2014-05-28/k8t5.html.exe,1
7160,k8t8.html.exe,794,3,datacopy/BB/Files/2014-05-28/k8t8.html.exe,1
7161,k8t9.html.exe,794,3,datacopy/BB/Files/2014-05-28/k8t9.html.exe,1
7162,k8t7.html.exe,794,3,datacopy/BB/Files/2014-05-28/k8t7.html.exe,1
7163,k8t6.html.exe,794,3,datacopy/BB/Files/2014-05-28/k8t6.html.exe,1
7164,k8t1.html.exe,794,3,datacopy/BB/Files/2014-05-28/k8t1.html.exe,1
7165,tiuxw.exe,795,3,datacopy/BB/Files/2019-09-09/tiuxw.exe,1
7166,6i4K6x.exe,795,3,datacopy/BB/Files/2014-02-03/6i4K6x.exe,1
7167,Fatura2via.cpl,798,2,datacopy/BB/Files/2013-08-29/Fatura2via.cpl,1
7168,REF=PED1045213.cpl,798,2,datacopy/BB/Files/2013-09-19/REF=PED1045213.cpl,1
7169,Boleto-09-2013.cpl,798,2,datacopy/BB/Files/2013-08-28/Boleto-09-2013.cpl,1
7170,Fatura2viacasasbahia.cpl,798,2,datacopy/BB/Files/2013-08-30/Fatura2viacasasbahia.cpl,1
7171,boleto_vencido_me_11_2014_sera_enviado_serasa.cpl,801,2,datacopy/BB/Files/2014-11-28/boleto_vencido_me_11_2014_sera_enviado_serasa.cpl,1
7172,NFe-28972-5618-J-25652635262447247-3464742672-47257-257246724672475634872365-863758675485798658767-65798478675364476879098978675-857986570968978675687685.cpl,801,2,datacopy/BB/Files/2014-12-19/NFe-28972-5618-J-25652635262447247-3464742672-47257-257246724672475634872365-863758675485798658767-65798478675364476879098978675-857986570968978675687685.cpl,1
7173,Comprovante-N.852741.cpl,801,2,datacopy/BB/Files/2014-12-05/Comprovante-N.852741.cpl,1
7174,boleto_vencido_me_12_2014_sera_enviado_serasa.cpl,801,2,datacopy/BB/Files/2014-12-31/boleto_vencido_me_12_2014_sera_enviado_serasa.cpl,1
7175,Cheque-Devolvido.cpl,801,2,datacopy/BB/Files/2014-12-11/Cheque-Devolvido.cpl,1
7176,Ocorrencia.1BF.2014.cpl,803,2,datacopy/BB/Files/2014-03-24/Ocorrencia.1BF.2014.cpl,1
7177,IntimaÃ§Ã£oSAFRE2014.cpl,803,3,datacopy/BB/Files/2014-04-14/IntimaÃ§Ã£oSAFRE2014.cpl,1
7178,ocorrenciaspoliciais_blogspot.com.br.zip.cpl,803,2,datacopy/BB/Files/2014-05-13/ocorrenciaspoliciais_blogspot.com.br.zip.cpl,1
7179,19-5065125806.exe,805,2,datacopy/BB/Files/2014-10-08/19-5065125806.exe,1
7180,Segunda-Via-Boleto-PDF.exe,805,2,datacopy/BB/Files/2014-10-02/Segunda-Via-Boleto-PDF.exe,1
7181,Nota.Fiscal.PDF...............................................................................exe,805,2,datacopy/BB/Files/2014-09-24/Nota.Fiscal.PDF...............................................................................exe,1
7182,NF-E-2014-09981134-0.exe,807,2,datacopy/BB/Files/2014-12-10/NF-E-2014-09981134-0.exe,1
7183,INTIMACAO-MPF.SCRHHUAUUHAHUHUSUHHUAUHHAHUSUHHUS.exe,807,2,datacopy/BB/Files/2014-12-09/INTIMACAO-MPF.SCRHHUAUUHAHUHUSUHHUAUHHAHUSUHHUS.exe,1
7184,740406986.exe,809,73,datacopy/BB/Files/2014-03-20/740406986.exe,1
7185,740410584.exe,809,3,datacopy/BB/Files/2014-03-17/740410584.exe,1
7186,740411401.exe,809,73,datacopy/BB/Files/2014-03-17/740411401.exe,1
7187,740408816.exe,809,3,datacopy/BB/Files/2014-03-17/740408816.exe,1
7188,740416212.exe,809,3,datacopy/BB/Files/2014-03-17/740416212.exe,1
7189,740453055.exe,809,73,datacopy/BB/Files/2014-03-17/740453055.exe,1
7190,ciencias.jpg.exe,810,2,datacopy/BB/Files/2014-08-20/ciencias.jpg.exe,1
7191,regime.pdf.exe,810,2,datacopy/BB/Files/2014-08-20/regime.pdf.exe,1
7192,balis14.jpg.exe,810,2,datacopy/BB/Files/2014-08-18/balis14.jpg.exe,1
7193,bale.jpg.exe,812,2,datacopy/BB/Files/2014-10-01/bale.jpg.exe,1
7194,TRE_PROTDOC30092014.cpl,813,2,datacopy/BB/Files/2014-10-03/TRE_PROTDOC30092014.cpl,1
7195,debito_detalhado.PDF.cpl,813,2,datacopy/BB/Files/2014-10-22/debito_detalhado.PDF.cpl,1
7196,NPRemoteRecent.dll,814,410,datacopy/BB/Files/2014-03-12/NPRemoteRecent.dll,1
7197,NPCompatibilityMenu.dll,814,410,datacopy/BB/Files/2014-03-12/NPCompatibilityMenu.dll,1
7198,NPPropertyPaths.dll,814,410,datacopy/BB/Files/2014-03-12/NPPropertyPaths.dll,1
7199,Anexo-05-11-2013-Boleto-2-Via-BoletoPDF.cpl,815,2,datacopy/BB/Files/2013-11-06/Anexo-05-11-2013-Boleto-2-Via-BoletoPDF.cpl,1
7200,Alfa-Boleto-2-Via-BoletoPDF.cpl,815,2,datacopy/BB/Files/2013-11-07/Alfa-Boleto-2-Via-BoletoPDF.cpl,1
7201,hmsmot2.exe,816,120,datacopy/BB/Files/2014-04-29/hmsmot2.exe,1
7202,andlogins.exe,816,469,datacopy/BB/Files/2014-03-24/andlogins.exe,1
7203,alming2.rar.exe,816,658,datacopy/BB/Files/2014-05-16/alming2.rar.exe,1
7204,VideoBrasileiroExecutado.exe,817,2,datacopy/BB/Files/2015-01-30/VideoBrasileiroExecutado.exe,1
7205,fatura_pendente.exe,817,2,datacopy/BB/Files/2015-01-30/fatura_pendente.exe,1
7206,Bradesco_Navegador_Seguro.exe,822,3,datacopy/BB/Files/2012-12-31/Bradesco_Navegador_Seguro.exe,1
7207,Navegador_Seguro_Bradesco.exe,822,3,datacopy/BB/Files/2012-12-28/Navegador_Seguro_Bradesco.exe,1
7208,2viaIPVA-2015.exe,823,2,datacopy/BB/Files/2015-03-02/2viaIPVA-2015.exe,1
7209,Relatorio_SPC_divida.exe,823,2,datacopy/BB/Files/2015-03-03/Relatorio_SPC_divida.exe,1
7210,adsg5086.dll,827,503,datacopy/BB/Files/2012-03-05/adsg5086.dll,1
7211,Eofutinco248.exe,829,3,datacopy/BB/Files/2014-02-25/Eofutinco248.exe,1
7212,Ocesoflur689.exe,829,3,datacopy/BB/Files/2014-02-25/Ocesoflur689.exe,1
7213,Nflepewka176.exe,829,3,datacopy/BB/Files/2014-02-24/Nflepewka176.exe,1
7214,Deposito_Conf.com,830,2,datacopy/BB/Files/2012-08-08/Deposito_Conf.com,1
7215,Detalhes_Inclusao.com,830,2,datacopy/BB/Files/2012-08-20/Detalhes_Inclusao.com,1
7216,0BzP651qMoUsQRlBLWGhPMzdsRk0.exe,830,2,datacopy/BB/Files/2012-08-14/0BzP651qMoUsQRlBLWGhPMzdsRk0.exe,1
7217,Comprovante_15_08.com,830,2,datacopy/BB/Files/2012-08-16/Comprovante_15_08.com,1
7218,User_Agent_Win.exe,831,2,datacopy/BB/Files/2014-06-04/User_Agent_Win.exe,1
7219,vamopracima.exe,831,2,datacopy/BB/Files/2014-06-03/vamopracima.exe,1
7220,IRPF2014win32v1.0.exe,832,3,datacopy/BB/Files/2014-03-17/IRPF2014win32v1.0.exe,1
7221,16id9.exe,832,3,datacopy/BB/Files/2014-02-17/16id9.exe,1
7222,16id15.exe,832,3,datacopy/BB/Files/2014-02-11/16id15.exe,1
7223,Dsc_293.jpg.exe,833,2,datacopy/BB/Files/2012-03-01/Dsc_293.jpg.exe,1
7224,Dsc_293.jpg.exe,833,2,datacopy/BB/Files/2012-03-01/Dsc_293.jpg.exe,1
7225,kg.exe,833,3,datacopy/BB/Files/2019-05-13/kg.exe,1
7226,REF490148734214.cpl,835,2,datacopy/BB/Files/2015-06-01/REF490148734214.cpl,1
7227,NF654654646baixa.cpl,835,2,datacopy/BB/Files/2015-06-22/NF654654646baixa.cpl,1
7228,REF_43294702348473.cpl,835,2,datacopy/BB/Files/2015-06-02/REF_43294702348473.cpl,1
7229,02551500006632-ProcNfe.PDF.cpl,835,2,datacopy/BB/Files/2015-05-29/02551500006632-ProcNfe.PDF.cpl,1
7230,NF897352935435.cpl,835,2,datacopy/BB/Files/2015-06-03/NF897352935435.cpl,1
7231,BOL_N564838920_PDF.exe,836,2,datacopy/BB/Files/2015-06-01/BOL_N564838920_PDF.exe,1
7232,BOLET_N_000684352_N000.exe,836,2,datacopy/BB/Files/2015-03-12/BOLET_N_000684352_N000.exe,1
7233,Curriculum_PDF....exe,836,2,datacopy/BB/Files/2015-04-24/Curriculum_PDF....exe,1
7234,Copia_Documento.exe,837,2,datacopy/BB/Files/2013-01-04/Copia_Documento.exe,1
7235,Proposta.com,837,2,datacopy/BB/Files/2012-12-03/Proposta.com,1
7236,Preco_tabela.exe,837,2,datacopy/BB/Files/2012-12-14/Preco_tabela.exe,1
7237,Cobranca-Arquivo-Extrato-10019200039100000001920019200000019200192002099010000.cpl,838,2,datacopy/BB/Files/2015-01-15/Cobranca-Arquivo-Extrato-10019200039100000001920019200000019200192002099010000.cpl,1
7238,Intimacao-Notificacao-PDF.cpl,838,2,datacopy/BB/Files/2015-01-14/Intimacao-Notificacao-PDF.cpl,1
7239,Comprovante92310101.rar.cpl,838,2,datacopy/BB/Files/2015-01-14/Comprovante92310101.rar.cpl,1
7240,Anexo-NTF-e.cpl,839,2,datacopy/BB/Files/2013-09-16/Anexo-NTF-e.cpl,1
7241,OrÃ§amento-PDF20131309007892.cpl,839,3,datacopy/BB/Files/2013-09-13/OrÃ§amento-PDF20131309007892.cpl,1
7242,OrÃ§amento-PDF20131309008328832.cpl,839,2,datacopy/BB/Files/2013-09-17/OrÃ§amento-PDF20131309008328832.cpl,1
7243,Deposito-04-07-2013.doc.cpl,840,2,datacopy/BB/Files/2013-07-05/Deposito-04-07-2013.doc.cpl,1
7244,GuardiÃ£o-ItaÃº-30-horas.cpl,840,2,datacopy/BB/Files/2013-07-15/GuardiÃ£o-ItaÃº-30-horas.cpl,1
7245,fotos.jpg.cpl,850,2,datacopy/BB/Files/2014-03-19/fotos.jpg.cpl,1
7246,Protesto2014.cpl,850,2,datacopy/BB/Files/2014-03-19/Protesto2014.cpl,1
7247,xL0faUi6yDJHtoj98A8uUO6Em_dl_1.exe,852,3,datacopy/BB/Files/2014-07-21/xL0faUi6yDJHtoj98A8uUO6Em_dl_1.exe,1
7248,Nota_fiscal_gerada_29-01-2015.Compra.aprovada.cpl,852,2,datacopy/BB/Files/2015-02-02/Nota_fiscal_gerada_29-01-2015.Compra.aprovada.cpl,1
7249,Processo2014-mp328477423987429.exe,852,3,datacopy/BB/Files/2014-09-24/Processo2014-mp328477423987429.exe,1
7250,Pendencia08457468.exe,853,2,datacopy/BB/Files/2015-05-20/Pendencia08457468.exe,1
7251,Nfe_000301931001238018657321.cpl,854,2,datacopy/BB/Files/2014-04-14/Nfe_000301931001238018657321.cpl,1
7252,pravc.cpl,854,2,datacopy/BB/Files/2014-02-28/pravc.cpl,1
7253,Foto0193.cpl,854,2,datacopy/BB/Files/2014-04-01/Foto0193.cpl,1
7254,Proposta.php.exe,857,2,datacopy/BB/Files/2012-02-24/Proposta.php.exe,1
7255,Santanderv4.6.exe,857,2,datacopy/BB/Files/2012-03-09/Santanderv4.6.exe,1
7256,comprovante_num84.pdf.exe,857,2,datacopy/BB/Files/2012-06-08/comprovante_num84.pdf.exe,1
7257,Comprovante1147.pdf.scr,858,3,datacopy/BB/Files/2012-02-14/Comprovante1147.pdf.scr,1
7258,ringtdowntin.exe,860,164,datacopy/BB/Files/2013-05-02/ringtdowntin.exe,1
7259,chicthent3.exe,860,164,datacopy/BB/Files/2013-05-07/chicthent3.exe,1
7260,furkewwrst.exe,860,164,datacopy/BB/Files/2013-04-24/furkewwrst.exe,1
7261,Fatura-8111475813.PDF.cpl,861,3,datacopy/BB/Files/2014-07-14/Fatura-8111475813.PDF.cpl,1
7262,Fatura-9426534622.PDF.cpl,861,3,datacopy/BB/Files/2014-07-11/Fatura-9426534622.PDF.cpl,1
7263,Nota-Fiscal-De-Numero-0269.cpl,862,2,datacopy/BB/Files/2013-06-21/Nota-Fiscal-De-Numero-0269.cpl,1
7264,OrÃ§amento-18062013-PDF.cpl,862,2,datacopy/BB/Files/2013-06-18/OrÃ§amento-18062013-PDF.cpl,1
7265,nfe-prefeitura-sp-gov-br-nfe-aspx-ccm-92844758-nf-292410-cod-LG5U4PJY18062013.cpl,862,2,datacopy/BB/Files/2013-06-18/nfe-prefeitura-sp-gov-br-nfe-aspx-ccm-92844758-nf-292410-cod-LG5U4PJY18062013.cpl,1
7266,Minhas_fotos_Boate_1.exe,863,3,datacopy/BB/Files/2015-11-17/Minhas_fotos_Boate_1.exe,1
7267,Fotos_boate21.exe,863,3,datacopy/BB/Files/2015-11-19/Fotos_boate21.exe,1
7268,Visualizar_Documento.docx_.scr,865,2,datacopy/BB/Files/2013-04-08/Visualizar_Documento.docx_.scr,1
7269,Visualizar_Documento.docx_.scr,865,2,datacopy/BB/Files/2013-04-08/Visualizar_Documento.docx_.scr,1
7270,Visualizar_Documento.docx_.scr,865,2,datacopy/BB/Files/2013-04-08/Visualizar_Documento.docx_.scr,1
7271,boleto_imprimir.exe,866,3,datacopy/BB/Files/2015-12-09/boleto_imprimir.exe,1
7272,PEDIDO_ORCAMENTO_URGENTE.exe,866,3,datacopy/BB/Files/2015-12-01/PEDIDO_ORCAMENTO_URGENTE.exe,1
7273,Impressao_boleto.exe,866,2,datacopy/BB/Files/2015-12-11/Impressao_boleto.exe,1
7274,qwYxhyYPaPTwRLRNMf7iib9vQ_dl_1.exe,867,255,datacopy/BB/Files/2013-03-15/qwYxhyYPaPTwRLRNMf7iib9vQ_dl_1.exe,1
7275,bCOZcYUYn9kARsecUFZcrb3SQ_dl_1.exe,867,2,datacopy/BB/Files/2013-02-27/bCOZcYUYn9kARsecUFZcrb3SQ_dl_1.exe,1
7276,notafiscal2013.cpl,867,255,datacopy/BB/Files/2013-02-22/notafiscal2013.cpl,1
7277,Nota_de_Servico.cpl,867,2,datacopy/BB/Files/2013-02-21/Nota_de_Servico.cpl,1
7278,Documento_15600.cpl,867,2,datacopy/BB/Files/2013-04-01/Documento_15600.cpl,1
7279,VOEGOL-PROMOCAO-Junho2013.cpl,868,2,datacopy/BB/Files/2013-06-14/VOEGOL-PROMOCAO-Junho2013.cpl,1
7280,pliebi1n.exe,869,2,datacopy/BB/Files/2013-06-11/pliebi1n.exe,1
7281,6685.exe,869,2,datacopy/BB/Files/2013-06-14/6685.exe,1
7282,cheque-id-191822.cpl,870,500,datacopy/BB/Files/2013-06-17/cheque-id-191822.cpl,1
7283,cheque-id-191846.cpl,870,500,datacopy/BB/Files/2013-06-25/cheque-id-191846.cpl,1
7284,Cheque-devolvido-id-019920000900303399.pdf.cpl,870,2,datacopy/BB/Files/2013-06-10/Cheque-devolvido-id-019920000900303399.pdf.cpl,1
7285,8256582.exe,873,3,datacopy/BB/Files/2012-12-10/8256582.exe,1
7286,7509161.exe,873,3,datacopy/BB/Files/2012-12-26/7509161.exe,1
7287,7357160.exe,873,3,datacopy/BB/Files/2012-12-13/7357160.exe,1
7288,5998826.exe,873,3,datacopy/BB/Files/2012-12-14/5998826.exe,1
7289,K64163503.cpl,877,2,datacopy/BB/Files/2013-04-25/K64163503.cpl,1
7290,K64161431.cpl,877,2,datacopy/BB/Files/2013-05-03/K64161431.cpl,1
7291,K64162558.cpl,877,2,datacopy/BB/Files/2013-05-13/K64162558.cpl,1
7292,7804149.exe,881,3,datacopy/BB/Files/2012-08-20/7804149.exe,1
7293,2089569.exe,881,3,datacopy/BB/Files/2012-08-16/2089569.exe,1
7294,5441924.exe,881,6,datacopy/BB/Files/2012-08-03/5441924.exe,1
7295,documento20180032718644.exe,883,2,datacopy/BB/Files/2018-02-01/documento20180032718644.exe,1
7296,IMG20180WA64FT7788E4RT5415S.exe,883,2,datacopy/BB/Files/2018-01-23/IMG20180WA64FT7788E4RT5415S.exe,1
7297,IMG20180WA00412657921001477854.exe,883,2,datacopy/BB/Files/2018-01-22/IMG20180WA00412657921001477854.exe,1
7298,PDF-001267137.cpl,886,2,datacopy/BB/Files/2013-08-13/PDF-001267137.cpl,1
7299,DcoumentoOnline.cpl,886,2,datacopy/BB/Files/2013-04-25/DcoumentoOnline.cpl,1
7300,Cobranca20150114.cpl,890,2,datacopy/BB/Files/2015-03-23/Cobranca20150114.cpl,1
7301,Cobranca20150113.cpl,890,2,datacopy/BB/Files/2015-03-23/Cobranca20150113.cpl,1
7302,OC0910021.exe,891,76,datacopy/BB/Files/2019-10-09/OC0910021.exe,1
7303,RCM093029033.exe,891,3,datacopy/BB/Files/2019-09-26/RCM093029033.exe,1
7304,RCH89929003112.exe,891,3,datacopy/BB/Files/2019-09-25/RCH89929003112.exe,1
7305,StartMnsy_19158.exe,892,3,datacopy/BB/Files/2014-03-20/StartMnsy_19158.exe,1
7306,StartMnst_31370.exe,892,3,datacopy/BB/Files/2014-03-25/StartMnst_31370.exe,1
7307,ngsdy.exe,893,2,datacopy/BB/Files/2014-03-20/ngsdy.exe,1
7308,driver_bpoui.exe,893,2,datacopy/BB/Files/2014-03-25/driver_bpoui.exe,1
7309,Santos20062012.exe,895,533,datacopy/BB/Files/2012-07-05/Santos20062012.exe,1
7310,Boleto_CB050200344198902_Documento.exe,896,2,datacopy/BB/Files/2016-11-16/Boleto_CB050200344198902_Documento.exe,1
7311,Boleto_CB050200344198902_Documento.exe,896,2,datacopy/BB/Files/2016-11-16/Boleto_CB050200344198902_Documento.exe,1
7312,Boleto_CB050200344198902_Documento.exe,896,2,datacopy/BB/Files/2016-11-16/Boleto_CB050200344198902_Documento.exe,1
7313,0B_xUOZNXHP23Mm5LcEtQdTVjUUk_e_download.exe,908,2,datacopy/BB/Files/2015-04-08/0B_xUOZNXHP23Mm5LcEtQdTVjUUk_e_download.exe,1
7314,nfe.eletronica211020.xls_comercialgerdau.exe,908,3,datacopy/BB/Files/2015-04-07/nfe.eletronica211020.xls_comercialgerdau.exe,1
7315,0B_xUOZNXHP23T2x3ekNJV1Eyak0_e_download.exe,908,2,datacopy/BB/Files/2015-04-07/0B_xUOZNXHP23T2x3ekNJV1Eyak0_e_download.exe,1
7316,Comprovante_tf_19380000004.PDF.cpl,909,2,datacopy/BB/Files/2015-04-07/Comprovante_tf_19380000004.PDF.cpl,1
7317,Boleto_U001240.pdf___________________________________________________________________________.cpl,909,2,datacopy/BB/Files/2015-04-10/Boleto_U001240.pdf___________________________________________________________________________.cpl,1
7318,CurriculumVitae-AnaClaudiaBorges-UNIFESP.exe,916,2,datacopy/BB/Files/2015-05-19/CurriculumVitae-AnaClaudiaBorges-UNIFESP.exe,1
7319,2-Via-Boleto.exe,916,2,datacopy/BB/Files/2015-05-19/2-Via-Boleto.exe,1
7320,Download_digitalizado_02.2017.00193781.exe,917,2,datacopy/BB/Files/2017-03-10/Download_digitalizado_02.2017.00193781.exe,1
7321,Download_digitalizado_02.2017.00193716.exe,917,2,datacopy/BB/Files/2017-03-10/Download_digitalizado_02.2017.00193716.exe,1
7322,Download_digitalizado_02.2017.00193798.exe,917,2,datacopy/BB/Files/2017-03-10/Download_digitalizado_02.2017.00193798.exe,1
7323,Download_digitalizado_02.2017.00193766.exe,917,2,datacopy/BB/Files/2017-03-08/Download_digitalizado_02.2017.00193766.exe,1
7324,Download_digitalizado_02.2017.00193745.exe,917,2,datacopy/BB/Files/2017-03-08/Download_digitalizado_02.2017.00193745.exe,1
7325,Download_digitalizado_02.2017.00193763.exe,917,2,datacopy/BB/Files/2017-03-08/Download_digitalizado_02.2017.00193763.exe,1
7326,FOTODSC2E309E7.cpl,918,2,datacopy/BB/Files/2013-12-16/FOTODSC2E309E7.cpl,1
7327,N_F_PDF.cpl,918,2,datacopy/BB/Files/2014-01-16/N_F_PDF.cpl,1
7328,Anexo.ID-Deposito.PDF.cpl,918,2,datacopy/BB/Files/2013-12-13/Anexo.ID-Deposito.PDF.cpl,1
7329,Comprovante-Fiscal-Digital.cpl,918,2,datacopy/BB/Files/2013-12-17/Comprovante-Fiscal-Digital.cpl,1
7330,Boleto18122014.exe,924,2,datacopy/BB/Files/2014-12-18/Boleto18122014.exe,1
7331,Nota_Fiscal_.exe,924,2,datacopy/BB/Files/2014-12-30/Nota_Fiscal_.exe,1
7332,NtFeletronica.cpl,928,2,datacopy/BB/Files/2013-04-03/NtFeletronica.cpl,1
7333,OrÃ§amento-EletrÃ´nico-emetido-02-04-2013.cpl,928,3,datacopy/BB/Files/2013-04-11/OrÃ§amento-EletrÃ´nico-emetido-02-04-2013.cpl,1
7334,install_flashplayer11x32ax_aaa_aih.exe,935,2,datacopy/BB/Files/2013-08-14/install_flashplayer11x32ax_aaa_aih.exe,1
7335,4b0p8M.exe,939,2,datacopy/BB/Files/2013-04-15/4b0p8M.exe,1
7336,Pedido0098.com,940,2,datacopy/BB/Files/2015-03-31/Pedido0098.com,1
7337,ComunicadoDebito_ReceitaFederal_KgH2214.exe,940,2,datacopy/BB/Files/2015-03-31/ComunicadoDebito_ReceitaFederal_KgH2214.exe,1
7338,ck1aRUU_e_download_cli_Cliente.exe,940,2,datacopy/BB/Files/2015-03-31/ck1aRUU_e_download_cli_Cliente.exe,1
7339,Intimacaopdf.rar.exe,940,2,datacopy/BB/Files/2015-03-31/Intimacaopdf.rar.exe,1
7340,Boleto-14022015.PDF_.com,946,2,datacopy/BB/Files/2015-05-14/Boleto-14022015.PDF_.com,1
7341,DemostrativoExtrato.exe,946,2,datacopy/BB/Files/2017-04-25/DemostrativoExtrato.exe,1
7342,DemostrativoExtrato.exe,946,2,datacopy/BB/Files/2017-04-25/DemostrativoExtrato.exe,1
7343,DemostrativoExtrato.exe,946,2,datacopy/BB/Files/2017-04-25/DemostrativoExtrato.exe,1
7344,DemostrativoExtrato.exe,946,2,datacopy/BB/Files/2017-04-25/DemostrativoExtrato.exe,1
7345,DemostrativoExtrato.exe,946,2,datacopy/BB/Files/2017-04-25/DemostrativoExtrato.exe,1
7346,2via-Boleto_Atualizado_030920155.exe,949,3,datacopy/BB/Files/2015-09-03/2via-Boleto_Atualizado_030920155.exe,1
7347,Botelo_8794.exe,949,2,datacopy/BB/Files/2015-09-14/Botelo_8794.exe,1
7348,Boleto_3748915.exe,949,3,datacopy/BB/Files/2015-09-01/Boleto_3748915.exe,1
7349,2-Via_997424.exe,949,2,datacopy/BB/Files/2015-09-02/2-Via_997424.exe,1
7350,a10fh90k.exe,950,2,datacopy/BB/Files/2015-09-01/a10fh90k.exe,1
7351,Vale_Presente_Cacau-Show.exe,950,2,datacopy/BB/Files/2015-09-02/Vale_Presente_Cacau-Show.exe,1
7352,0B4K1VbURRtghc3Nia1lOU2FqcTg.exe,951,2,datacopy/BB/Files/2012-11-06/0B4K1VbURRtghc3Nia1lOU2FqcTg.exe,1
7353,wlogon.cpl,951,2,datacopy/BB/Files/2012-11-05/wlogon.cpl,1
7354,2VIA-BOLETO.cpl,952,2,datacopy/BB/Files/2015-07-08/2VIA-BOLETO.cpl,1
7355,Boleto-827424214.cpl,952,2,datacopy/BB/Files/2015-06-24/Boleto-827424214.cpl,1
7356,Boleto-2via402384343248.cpl,952,2,datacopy/BB/Files/2015-06-24/Boleto-2via402384343248.cpl,1
7357,Boleto_2938784023.cpl,952,2,datacopy/BB/Files/2015-06-19/Boleto_2938784023.cpl,1
7358,Not_DER.zip.cpl,952,2,datacopy/BB/Files/2015-06-22/Not_DER.zip.cpl,1
7359,Boleto-49274423.cpl,952,2,datacopy/BB/Files/2015-06-22/Boleto-49274423.cpl,1
7360,Not_DER.cpl,952,2,datacopy/BB/Files/2015-06-23/Not_DER.cpl,1
7361,Boleto-91723-123.cpl,952,2,datacopy/BB/Files/2015-06-23/Boleto-91723-123.cpl,1
7362,NF_Boleto0056998750234534.cpl,952,2,datacopy/BB/Files/2015-06-15/NF_Boleto0056998750234534.cpl,1
7363,Boleto-8297423.cpl,952,2,datacopy/BB/Files/2015-06-17/Boleto-8297423.cpl,1
7364,Arquivo.00982320.exe,953,2,datacopy/BB/Files/2017-03-31/Arquivo.00982320.exe,1
7365,Arquivo.00982386.exe,953,2,datacopy/BB/Files/2017-03-31/Arquivo.00982386.exe,1
7366,Arquivo.00982341.exe,953,2,datacopy/BB/Files/2017-03-31/Arquivo.00982341.exe,1
7367,DFS-001205002302600006480-03112015.exe,955,2,datacopy/BB/Files/2015-11-04/DFS-001205002302600006480-03112015.exe,1
7368,DFS-BOLET0-001205689870002648000334580000230545800000.exe,955,2,datacopy/BB/Files/2015-11-04/DFS-BOLET0-001205689870002648000334580000230545800000.exe,1
7369,arqui-210309190843.exe,955,2,datacopy/BB/Files/2015-11-03/arqui-210309190843.exe,1
7370,a73e89a8deb2baa00464719c4caba3518930a5f3.bin,959,1982,datacopy/UCSB/a73e89a8deb2baa00464719c4caba3518930a5f3.bin,1
7371,Intimacao0943.cpl,959,2,datacopy/BB/Files/2014-04-04/Intimacao0943.cpl,1
7372,3K3c0Y.exe,959,3,datacopy/BB/Files/2013-08-28/3K3c0Y.exe,1
7373,cisvt.exe,961,3,datacopy/BB/Files/2012-08-07/cisvt.exe,1
7374,wspge.exe,961,3,datacopy/BB/Files/2012-09-26/wspge.exe,1
7375,R2LEWY91DRCK.exe,961,3,datacopy/BB/Files/2012-08-23/R2LEWY91DRCK.exe,1
7376,Boleto_Negociacao0010201242099.exe,966,630,datacopy/BB/Files/2012-12-14/Boleto_Negociacao0010201242099.exe,1
7377,vgt2.dll,970,3,datacopy/BB/Files/2017-02-10/vgt2.dll,1
7378,vgt2.dll,970,3,datacopy/BB/Files/2017-02-10/vgt2.dll,1
7379,Anexo22102014.cpl,973,2,datacopy/BB/Files/2014-10-22/Anexo22102014.cpl,1
7380,NF-E-20147786-8.exe,976,2,datacopy/BB/Files/2014-11-10/NF-E-20147786-8.exe,1
7381,xcomprovante.exe,980,2,datacopy/BB/Files/2012-04-24/xcomprovante.exe,1
7382,csrrss.exe,980,2,datacopy/BB/Files/2012-04-20/csrrss.exe,1
7383,NF924821.cpl,983,2,datacopy/BB/Files/2013-08-26/NF924821.cpl,1
7384,boleto002.cpl,983,2,datacopy/BB/Files/2013-04-17/boleto002.cpl,1
7385,extrajjudicial.cpl,983,2,datacopy/BB/Files/2013-08-27/extrajjudicial.cpl,1
7386,Boleto-914821.cpl,983,2,datacopy/BB/Files/2013-07-26/Boleto-914821.cpl,1
7387,Ezuplglode1631.exe,984,3,datacopy/BB/Files/2014-05-28/Ezuplglode1631.exe,1
7388,Omauceliuv1736.exe,984,3,datacopy/BB/Files/2014-05-29/Omauceliuv1736.exe,1
7389,NotaFiscal.xml.cpl,986,2,datacopy/BB/Files/2014-08-22/NotaFiscal.xml.cpl,1
7390,NFe.694851547.cpl,986,2,datacopy/BB/Files/2014-09-12/NFe.694851547.cpl,1
7391,download-planilha.cpl,986,2,datacopy/BB/Files/2014-09-11/download-planilha.cpl,1
7392,Conversa.exe,987,3,datacopy/BB/Files/2013-03-22/Conversa.exe,1
7393,NF-eletronica-003-290-387-542-323-047.Docx.exe,987,3,datacopy/BB/Files/2013-03-25/NF-eletronica-003-290-387-542-323-047.Docx.exe,1
7394,Boleto15092014.exe,989,567,datacopy/BB/Files/2014-09-16/Boleto15092014.exe,1
7395,Boleto09092014.exe,989,593,datacopy/BB/Files/2014-09-10/Boleto09092014.exe,1
7396,Boleto11092014.exe,989,593,datacopy/BB/Files/2014-09-12/Boleto11092014.exe,1
7397,Boleto11-09-2014.exe,989,593,datacopy/BB/Files/2014-09-11/Boleto11-09-2014.exe,1
7398,wrainpariz2.exe,995,61,datacopy/BB/Files/2013-12-17/wrainpariz2.exe,1
7399,winxtracj2.exe,995,61,datacopy/BB/Files/2013-12-23/winxtracj2.exe,1
7400,Boleto_JUR_avencer-N000000000000037522.com,996,2,datacopy/BB/Files/2014-10-17/Boleto_JUR_avencer-N000000000000037522.com,1
7401,Boleta_JUR-00000000000000000039.com,996,2,datacopy/BB/Files/2014-10-17/Boleta_JUR-00000000000000000039.com,1
7402,190520130510.cpl,997,2,datacopy/BB/Files/2013-05-20/190520130510.cpl,1
7403,Comprovante_Detalhado_pdf.cpl,999,2,datacopy/BB/Files/2013-03-28/Comprovante_Detalhado_pdf.cpl,1
7404,Duplicata.arquivo_download.cpl,999,2,datacopy/BB/Files/2013-03-28/Duplicata.arquivo_download.cpl,1
7405,Comprovante_Caixa_PDF.cpl,1005,2,datacopy/BB/Files/2014-04-14/Comprovante_Caixa_PDF.cpl,1
7406,Copia_Deposito.cpl,1005,2,datacopy/BB/Files/2014-05-19/Copia_Deposito.cpl,1
7407,HIPERCARD.exe,1006,461,datacopy/BB/Files/2012-07-10/HIPERCARD.exe,1
7408,HIPER.exe,1006,3,datacopy/BB/Files/2012-07-23/HIPER.exe,1
7409,hipercard.exe_dl_1.exe,1006,3,datacopy/BB/Files/2013-01-14/hipercard.exe_dl_1.exe,1
7410,9cee86a4940799bad50dcb53ca06233f8689d7db.bin,1007,3,datacopy/UCSB.JP/data_feed.geo_japan_6m_public_flag/9/c/e/9cee86a4940799bad50dcb53ca06233f8689d7db.bin,1
7411,ID_004023_bmp.com,1008,3,datacopy/BB/Files/2012-04-03/ID_004023_bmp.com,1
7412,UNRAR.EXE,1008,3,datacopy/BB/Files/2012-04-25/UNRAR.EXE,1
7413,awcrbotpa5bg.exe,1009,11,datacopy/BB/Files/2012-03-01/awcrbotpa5bg.exe,1
7414,rbo.exe,1009,3,datacopy/BB/Files/2012-02-02/rbo.exe,1
7415,firefox_my.exe,1009,3,datacopy/BB/Files/2013-06-21/firefox_my.exe,1
7416,61887132698784cb358c4a8af7f9d935265789fef7632ab517d6890b8e6123e4,1014,274,datacopy/Stefano/61887132698784cb358c4a8af7f9d935265789fef7632ab517d6890b8e6123e4,1
7417,00e29a1be43d9aef66d061db49af5820e21df5469b2ad447c630f64ec8698ef7,1014,556,datacopy/Stefano/00e29a1be43d9aef66d061db49af5820e21df5469b2ad447c630f64ec8698ef7,1
7418,412518ed30859335a55c0e4ee84c07ef514016e5674df27ee5361b0bc93b348b,1014,556,datacopy/Stefano/412518ed30859335a55c0e4ee84c07ef514016e5674df27ee5361b0bc93b348b,1
7419,e17ec7ff11969506ad296a2bd910e5dbef9b05efd1b0d5334b4cb560d98f72e6,1014,556,datacopy/Stefano/e17ec7ff11969506ad296a2bd910e5dbef9b05efd1b0d5334b4cb560d98f72e6,1
7420,2f6c8d6c8a6f5c4d0039d638293866d4aebbec263debf9e344341ca253791d83,1014,556,datacopy/Stefano/2f6c8d6c8a6f5c4d0039d638293866d4aebbec263debf9e344341ca253791d83,1
7421,33946917079ba820be5b14945445a6f014f72c2a9509fa0b1f9c63d98158c8d2,1017,1176,datacopy/Stefano/33946917079ba820be5b14945445a6f014f72c2a9509fa0b1f9c63d98158c8d2,1
7422,f68c4ac077b87274d17612bad815bb5ced2da5fbfffdcbf35334cf36069c7725,1017,3,datacopy/Stefano/f68c4ac077b87274d17612bad815bb5ced2da5fbfffdcbf35334cf36069c7725,1
7423,5103abc07ad90ec3ff4bb574a3ac8c84f4d9b3853f6a879d796e8da133e73c42,1017,3,datacopy/Stefano/5103abc07ad90ec3ff4bb574a3ac8c84f4d9b3853f6a879d796e8da133e73c42,1
7424,11ac8ed3ec681f02608ffc0a76ae35cc59a1246bcdb597dac808e5b0128de40f,1017,3,datacopy/Stefano/11ac8ed3ec681f02608ffc0a76ae35cc59a1246bcdb597dac808e5b0128de40f,1
7425,4898154acc2f390e170aee400d14a504ac0bca05c8936766a35b721c22689b43,1017,1176,datacopy/Stefano/4898154acc2f390e170aee400d14a504ac0bca05c8936766a35b721c22689b43,1
7426,c62850f5b6e4238fe894562cf1053c93c266dc9f44943ace3fcd8c3c85328187,1017,3,datacopy/Stefano/c62850f5b6e4238fe894562cf1053c93c266dc9f44943ace3fcd8c3c85328187,1
7427,f46c98ca0aa53758be40df649aed40350b97a2d341060fc6878fdf767309fd18,1017,3,datacopy/Stefano/f46c98ca0aa53758be40df649aed40350b97a2d341060fc6878fdf767309fd18,1
7428,dc89e1fec1cb4ea0b7266f0de66efd3ac70bafbcb34f41afa4e46841f8568101,1017,3,datacopy/Stefano/dc89e1fec1cb4ea0b7266f0de66efd3ac70bafbcb34f41afa4e46841f8568101,1
7429,189c06f0546d397983271cd908196bac33d934ebf5087f9f0b8fa433c2af357c,1017,3,datacopy/Stefano/189c06f0546d397983271cd908196bac33d934ebf5087f9f0b8fa433c2af357c,1
7430,0c033d947725920717f27dc46867f32d612e794b9fdde5e90467bb2edc385a2a,1017,3,datacopy/Stefano/0c033d947725920717f27dc46867f32d612e794b9fdde5e90467bb2edc385a2a,1
7431,2f9b688a42e7aa14f2efec7714230e302a277694cc1ff83313de996842ffcf47,1018,431,datacopy/Stefano/2f9b688a42e7aa14f2efec7714230e302a277694cc1ff83313de996842ffcf47,1
7432,24f3f384051eacebb17a3e6a78f18e760b3c6748e7794cf75b1fac6d620d293b,1021,1154,datacopy/Stefano/24f3f384051eacebb17a3e6a78f18e760b3c6748e7794cf75b1fac6d620d293b,1
7433,5117e6bade6dc69438cc1c333a1b7bf82aebb71e64a84bdedcc4dd4a52167900,1021,1154,datacopy/Stefano/5117e6bade6dc69438cc1c333a1b7bf82aebb71e64a84bdedcc4dd4a52167900,1
7434,ced588bf9524b9be944d5c918b4dbeeaf4d5bf6fe8147018863aca4793dbd100,1021,1154,datacopy/Stefano/ced588bf9524b9be944d5c918b4dbeeaf4d5bf6fe8147018863aca4793dbd100,1
7435,f5e438ee68e212efc08a8143748b06dcb65f4e13d176489d8906f0bf3ac047c7,1021,1154,datacopy/Stefano/f5e438ee68e212efc08a8143748b06dcb65f4e13d176489d8906f0bf3ac047c7,1
7436,a84882bea6d2e52ae98dc8b15da4d438289dcc4b714b287c482e88f8a0482a7a,1022,1183,datacopy/Stefano/a84882bea6d2e52ae98dc8b15da4d438289dcc4b714b287c482e88f8a0482a7a,2
7437,3a995878fa69bee70ea078f1507a0c2f58cde539f3b61630f84b71c62cb762db,1022,1183,datacopy/Stefano/3a995878fa69bee70ea078f1507a0c2f58cde539f3b61630f84b71c62cb762db,2
7438,6967f591027ad6b0bbdae94b87e6e81d9066534f173d9a654b247efccb3eb521,1022,1183,datacopy/Stefano/6967f591027ad6b0bbdae94b87e6e81d9066534f173d9a654b247efccb3eb521,2
7439,7be028b20cc6fb41fbb54d4978c7fc9799a1be43f4baec8bb4fc76c4789101a6,1022,1183,datacopy/Stefano/7be028b20cc6fb41fbb54d4978c7fc9799a1be43f4baec8bb4fc76c4789101a6,2
7440,3767959f0d2005706fabcf7b582b6309641bbfd569ab49f026bdd36cda720be3,1022,1183,datacopy/Stefano/3767959f0d2005706fabcf7b582b6309641bbfd569ab49f026bdd36cda720be3,2
7441,020c015fb6cfe3f1316625988f9b2ad94928042fcee034d7bef98eeb0fc5a07a,1022,1183,datacopy/Stefano/020c015fb6cfe3f1316625988f9b2ad94928042fcee034d7bef98eeb0fc5a07a,2
7442,2e11bdf54cb4b5ed8349aa1f3171e4af045426fb49c75e7076067f75b73106f8,1022,1183,datacopy/Stefano/2e11bdf54cb4b5ed8349aa1f3171e4af045426fb49c75e7076067f75b73106f8,2
7443,e5795aaf10ff19e772efd44c26980bca7baefb0eaea86cfb94317ebf0252d0ed,1022,1183,datacopy/Stefano/e5795aaf10ff19e772efd44c26980bca7baefb0eaea86cfb94317ebf0252d0ed,2
7444,cc570be32ba3c08d261a11347aee92e81126562b0149ae106ac1dd7a55f3c24f,1022,1183,datacopy/Stefano/cc570be32ba3c08d261a11347aee92e81126562b0149ae106ac1dd7a55f3c24f,2
7445,057f192eb0d7384a5af410bd7d0c7c18b30c5da6b13b364aded58f365dd5f34a,1022,1183,datacopy/Stefano/057f192eb0d7384a5af410bd7d0c7c18b30c5da6b13b364aded58f365dd5f34a,2
7446,b8373c68ddeace0311d2556d176a1dea7df87723a70e8a873fb859436ddee82a,1022,1183,datacopy/Stefano/b8373c68ddeace0311d2556d176a1dea7df87723a70e8a873fb859436ddee82a,2
7447,f80e3bd1b3e301ac003516726808554da393d7568061abfe751fe20750facb47,1022,1183,datacopy/Stefano/f80e3bd1b3e301ac003516726808554da393d7568061abfe751fe20750facb47,2
7448,66ff81bdd36bfd3514c9bf75149bb27efa321b67e78e7d4a98df9de1a7458eea,1022,1183,datacopy/Stefano/66ff81bdd36bfd3514c9bf75149bb27efa321b67e78e7d4a98df9de1a7458eea,2
7449,8bb331c8a172d767cce5a14c3606065f50a710723458457e050c09c950e0e16a,1022,1183,datacopy/Stefano/8bb331c8a172d767cce5a14c3606065f50a710723458457e050c09c950e0e16a,2
7450,3a0d506ee8aaca50f7301c692645a8030030adf5f96fb0e922f96ed670cec78b,1022,1183,datacopy/Stefano/3a0d506ee8aaca50f7301c692645a8030030adf5f96fb0e922f96ed670cec78b,2
7451,6b76d00c4208a7d14fa3ed8195fe56b655f4748b9830ab9aa9bbfc44bdb06919,1022,1183,datacopy/Stefano/6b76d00c4208a7d14fa3ed8195fe56b655f4748b9830ab9aa9bbfc44bdb06919,2
7452,3c5b957ff47122652e1a66f93ccef6fb82220dc4219542fbd7090fc41e58f7b0,1022,1183,datacopy/Stefano/3c5b957ff47122652e1a66f93ccef6fb82220dc4219542fbd7090fc41e58f7b0,2
7453,e0bee07c908f31a9579edd753a9db765050d9e26fef03643afffa3e851c261c1,1022,1183,datacopy/Stefano/e0bee07c908f31a9579edd753a9db765050d9e26fef03643afffa3e851c261c1,2
7454,3fecb9df7ba673c19079e84ec8f3817359441b84ead0114b7d59d4c84fb4e533,1022,1183,datacopy/Stefano/3fecb9df7ba673c19079e84ec8f3817359441b84ead0114b7d59d4c84fb4e533,2
7455,690b5b428a32a78b1198df8d2ab6502d6b279b91be06cf68da0cb2def4a27a69,1022,1183,datacopy/Stefano/690b5b428a32a78b1198df8d2ab6502d6b279b91be06cf68da0cb2def4a27a69,2
7456,3592fb01f231b8102b211c4a3b24d542d2a55d042342e62956afcb3cbd74bef4,1022,1183,datacopy/Stefano/3592fb01f231b8102b211c4a3b24d542d2a55d042342e62956afcb3cbd74bef4,2
7457,b894bafa53d328cdb5f1ae50cbd230ec5e4a73e7804d7fef1512e3144d3067cb,1022,1183,datacopy/Stefano/b894bafa53d328cdb5f1ae50cbd230ec5e4a73e7804d7fef1512e3144d3067cb,2
7458,d86105b1924242caf9d03e79a94034eb03c4f901852e067a641d16e827df8278,1022,1183,datacopy/Stefano/d86105b1924242caf9d03e79a94034eb03c4f901852e067a641d16e827df8278,2
7459,0db35948e0f223ae2d7c6017db48ddf54740b9693d811676b1f9b0df289f1223,1022,1183,datacopy/Stefano/0db35948e0f223ae2d7c6017db48ddf54740b9693d811676b1f9b0df289f1223,2
7460,5a03559fedf2d115c988f3495533e2db5c4a375b7c050fda2a74506765137e95,1022,1183,datacopy/Stefano/5a03559fedf2d115c988f3495533e2db5c4a375b7c050fda2a74506765137e95,2
7461,b8d808f213841fa586e5d4e76ca7a0dc86ceef1e26ff4937a3d5650530c837e1,1022,1183,datacopy/Stefano/b8d808f213841fa586e5d4e76ca7a0dc86ceef1e26ff4937a3d5650530c837e1,2
7462,f56ebf6f4ce1a1220d4ad14ad51efb6c3e80f66da4beac6e89afc22ebf71b703,1022,1183,datacopy/Stefano/f56ebf6f4ce1a1220d4ad14ad51efb6c3e80f66da4beac6e89afc22ebf71b703,2
7463,051ffe567e04ac0e657d7278e3967c4a620da3ea4077f0c1e570f7ab4e931b82,1023,1188,datacopy/Stefano/051ffe567e04ac0e657d7278e3967c4a620da3ea4077f0c1e570f7ab4e931b82,4
7464,ac9a1f6ceccb678546d64326f2023ab5152f8ff9637f313bc716023e88d7524a,1023,1188,datacopy/Stefano/ac9a1f6ceccb678546d64326f2023ab5152f8ff9637f313bc716023e88d7524a,4
7465,6cb2ee8a88677e5ca8a1003b5c0bb20d14dee7391dcb9fdc630fe3eb093e6dcf,1023,3,datacopy/Stefano/6cb2ee8a88677e5ca8a1003b5c0bb20d14dee7391dcb9fdc630fe3eb093e6dcf,4
7466,b5020e6bc62bbb8e8159684c8270ef35452e5af48fe9d1c31a204427422da3db,1023,1188,datacopy/Stefano/b5020e6bc62bbb8e8159684c8270ef35452e5af48fe9d1c31a204427422da3db,4
7467,98049c1f6d2ba8b828c36b24b0f764dde657dcbbfdc7d5af03d6e2c9c5ca3b60,1023,3,datacopy/Stefano/98049c1f6d2ba8b828c36b24b0f764dde657dcbbfdc7d5af03d6e2c9c5ca3b60,4
7468,f55bb0352e5dc9ebc101085865308ffdda54c6f0304954a738a772a26b60e32b,1023,1188,datacopy/Stefano/f55bb0352e5dc9ebc101085865308ffdda54c6f0304954a738a772a26b60e32b,4
7469,fd20b7241ce2fc461cab00ff8b6e40b572bde2269e90ea11dc941c0c3e64714e,1029,1192,datacopy/Stefano/fd20b7241ce2fc461cab00ff8b6e40b572bde2269e90ea11dc941c0c3e64714e,1
7470,0c119fd6582910ec28c049380ca4d9f612baf0100865aa2cb23802910b081c77,1029,1192,datacopy/Stefano/0c119fd6582910ec28c049380ca4d9f612baf0100865aa2cb23802910b081c77,1
7471,a67faccf9807ef9ffd5ec153e54d8e8ec50768c33e3d6622525a803cb49da4a4,1029,1192,datacopy/Stefano/a67faccf9807ef9ffd5ec153e54d8e8ec50768c33e3d6622525a803cb49da4a4,1
7472,cc38934221b7a504317369f7a7f568e94a77432374a89fecf688ff59d1a40c6f,1029,1192,datacopy/Stefano/cc38934221b7a504317369f7a7f568e94a77432374a89fecf688ff59d1a40c6f,1
7473,f5f8de090fbc48850fcfcf6b94ec16f512fd599912b138a78fd6b9f0e423d5d7,1029,1192,datacopy/Stefano/f5f8de090fbc48850fcfcf6b94ec16f512fd599912b138a78fd6b9f0e423d5d7,1
7474,f74539bf50676dabcac4ef5ad7fde6df7aab35e9186a89a1a196fae1e51f460e,1029,1192,datacopy/Stefano/f74539bf50676dabcac4ef5ad7fde6df7aab35e9186a89a1a196fae1e51f460e,1
7475,e045978354e2c5b30c2729782f729f84e61686e7042dda9a682b5dabae15c93e,1029,1192,datacopy/Stefano/e045978354e2c5b30c2729782f729f84e61686e7042dda9a682b5dabae15c93e,1
7476,3bc3a2b4207cfd0e49c9a37e5e552c639b3ab721b6a0d57aa8447db4ff7fcc8a,1031,1215,datacopy/Stefano/3bc3a2b4207cfd0e49c9a37e5e552c639b3ab721b6a0d57aa8447db4ff7fcc8a,1
7477,46c060bd94d755713771854624d52f996b68291cf3d93e663bde5095c9068fc0,1031,1215,datacopy/Stefano/46c060bd94d755713771854624d52f996b68291cf3d93e663bde5095c9068fc0,1
7478,2fd8f428068328200af4bf99f60f297eea3350b2c7f41b7448013965b860ff0b,1031,1215,datacopy/Stefano/2fd8f428068328200af4bf99f60f297eea3350b2c7f41b7448013965b860ff0b,1
7479,50afb474ec47f47c8fec14823ee73ffc23e6cfd47c73bd20ec818b5a39dcaef3,1031,1215,datacopy/Stefano/50afb474ec47f47c8fec14823ee73ffc23e6cfd47c73bd20ec818b5a39dcaef3,1
7480,6a396237094e4f185e6e89bc191d600356290943e36f8979852df818511df0f1,1032,1171,datacopy/Stefano/6a396237094e4f185e6e89bc191d600356290943e36f8979852df818511df0f1,1
7481,8914cfcb9769c314b28f748c2e00e0851d709f13ea9b3eb435fb34dfef173105,1032,1171,datacopy/Stefano/8914cfcb9769c314b28f748c2e00e0851d709f13ea9b3eb435fb34dfef173105,1
7482,1be10e286c28f6a72067e9ab95f29e022c8e1ac82be056827498b35acff53609,1032,1171,datacopy/Stefano/1be10e286c28f6a72067e9ab95f29e022c8e1ac82be056827498b35acff53609,1
7483,2da91e1723497de5a24d814ac45cde90ad4ea12934adb62f8244b1d8350555b1,1032,1171,datacopy/Stefano/2da91e1723497de5a24d814ac45cde90ad4ea12934adb62f8244b1d8350555b1,1
7484,2db7072f4c7b918343161e5df945e5c0b5061413e933fb429eafa5a7878989ec,1032,1171,datacopy/Stefano/2db7072f4c7b918343161e5df945e5c0b5061413e933fb429eafa5a7878989ec,1
7485,f9aaa15312733963f184db8572afa4ef145124c5a73e21b7d973e5f82b36a320,1032,1171,datacopy/Stefano/f9aaa15312733963f184db8572afa4ef145124c5a73e21b7d973e5f82b36a320,1
7486,5c0bf0e1546ce6dbf4642e7a163292ff1b8cb2fa832b9d3b163f1d1f3d5d2986,1032,1171,datacopy/Stefano/5c0bf0e1546ce6dbf4642e7a163292ff1b8cb2fa832b9d3b163f1d1f3d5d2986,1
7487,292173f838997d501fe5de650b565705283e36ffe80c47aa966c435b6462fafa,1032,1171,datacopy/Stefano/292173f838997d501fe5de650b565705283e36ffe80c47aa966c435b6462fafa,1
7488,c5c15a50822cc914f66699b26cbaa40aa3fcb743bff1188d2ce6ac9ab8d2cf35,1032,1171,datacopy/Stefano/c5c15a50822cc914f66699b26cbaa40aa3fcb743bff1188d2ce6ac9ab8d2cf35,1
7489,44439c59848bfbb7898756a9875dd4301711130fcbf119bed6a3da7bf023227a,1032,1171,datacopy/Stefano/44439c59848bfbb7898756a9875dd4301711130fcbf119bed6a3da7bf023227a,1
7490,0e175dfb29d3887c711233680a31d7714b92184627e8c02f82714e7119783b60,1032,1171,datacopy/Stefano/0e175dfb29d3887c711233680a31d7714b92184627e8c02f82714e7119783b60,1
7491,ae3ae2ae43cfb7058ffa5c379b4cee08cf0da62b47e341758e6cc6faf28e8e94,1032,1171,datacopy/Stefano/ae3ae2ae43cfb7058ffa5c379b4cee08cf0da62b47e341758e6cc6faf28e8e94,1
7492,570f19fa457370eac4607df78852f3251e8b68cc15a2184d7a798fc89c0554f7,1032,1171,datacopy/Stefano/570f19fa457370eac4607df78852f3251e8b68cc15a2184d7a798fc89c0554f7,1
7493,9e85e4bb824f03c9148ced5413479691789fd7638ecf6fe94c403decc1eaeada,1032,1171,datacopy/Stefano/9e85e4bb824f03c9148ced5413479691789fd7638ecf6fe94c403decc1eaeada,1
7494,cae424cba9a0b3b180cf176ee13077a01eed9093173ee90b048528687d01c65a,1033,3,datacopy/Stefano/cae424cba9a0b3b180cf176ee13077a01eed9093173ee90b048528687d01c65a,1
7495,5db2923322204a34e94d2c5084abf776512c2f995622b32412565d5a1f3a0fe4,1033,3,datacopy/Stefano/5db2923322204a34e94d2c5084abf776512c2f995622b32412565d5a1f3a0fe4,1
7496,bb51c3727ac8b1980f319613773565eab02a6952c45c504cda9c84f13a522dc2,1033,3,datacopy/Stefano/bb51c3727ac8b1980f319613773565eab02a6952c45c504cda9c84f13a522dc2,1
7497,da2c7211e038a1e8aa4b1a103e2091384639a51e03fe082c6c271f497ded07cd,1033,3,datacopy/Stefano/da2c7211e038a1e8aa4b1a103e2091384639a51e03fe082c6c271f497ded07cd,1
7498,326b8d944a51ffdd57565b9e2e370ee304734dae08ab866b4917b9f387234d92,1038,3,datacopy/Stefano/326b8d944a51ffdd57565b9e2e370ee304734dae08ab866b4917b9f387234d92,1
7499,fc912625d240c5ed444997f8d8872b19efee0da924fd77a79bc64d9db716714e,1038,3,datacopy/Stefano/fc912625d240c5ed444997f8d8872b19efee0da924fd77a79bc64d9db716714e,1
7500,a06607dbae42d9866cbbb7b6132fa7fcf731d5bd6afb06f870b9e76ff7d1bd33,1038,3,datacopy/Stefano/a06607dbae42d9866cbbb7b6132fa7fcf731d5bd6afb06f870b9e76ff7d1bd33,1
7501,685b671b8a57f28b668beb9b98b02575c5bb4d390727c10ace82acc46aeb4def,1038,3,datacopy/Stefano/685b671b8a57f28b668beb9b98b02575c5bb4d390727c10ace82acc46aeb4def,1
7502,7bc6c779873cff8ca2a676eb4918b484aebc34d80dfe22d7f55ec89c64dd9c97,1038,3,datacopy/Stefano/7bc6c779873cff8ca2a676eb4918b484aebc34d80dfe22d7f55ec89c64dd9c97,1
7503,5201485a8aaeb182690639416d590d1822c0a87827cb53e5aa6d0ae1ad520b60,1038,3,datacopy/Stefano/5201485a8aaeb182690639416d590d1822c0a87827cb53e5aa6d0ae1ad520b60,1
7504,864387904e8ec935c08919b9a79cd20d88f2a3fb6a1c1e58619e999973d9b283,1038,3,datacopy/Stefano/864387904e8ec935c08919b9a79cd20d88f2a3fb6a1c1e58619e999973d9b283,1
7505,9c89b53bf9ac070e214e3278f75e516c95b2f529467b03a56f220d7e535a657c,1039,1243,datacopy/Stefano/9c89b53bf9ac070e214e3278f75e516c95b2f529467b03a56f220d7e535a657c,1
7506,71e6d05ec2f3c373e517d5aa02de7d1c927a64d07a666ff2c57e5afdc11f7118,1039,1243,datacopy/Stefano/71e6d05ec2f3c373e517d5aa02de7d1c927a64d07a666ff2c57e5afdc11f7118,1
7507,216e6ee68bb21d9184eef3b7adc6fd6a1e7ce17d3b46a46518c7290c3b706301,1039,1243,datacopy/Stefano/216e6ee68bb21d9184eef3b7adc6fd6a1e7ce17d3b46a46518c7290c3b706301,1
7508,0fb146d04f8cfee7d70d5652cd1967c1737f34aa328d2ae0fbf401134cc76255,1039,1243,datacopy/Stefano/0fb146d04f8cfee7d70d5652cd1967c1737f34aa328d2ae0fbf401134cc76255,1
7509,908f0883267011ac721cf15c13e837a1b150a9e9fca4581015f5b39df606ab68,1039,1243,datacopy/Stefano/908f0883267011ac721cf15c13e837a1b150a9e9fca4581015f5b39df606ab68,1
7510,97a6fbb9dbc358a258cfa0d02f94c994729a529c90af1130bdc89abdb8df69cc,1039,1243,datacopy/Stefano/97a6fbb9dbc358a258cfa0d02f94c994729a529c90af1130bdc89abdb8df69cc,1
7511,876311c8eb0a8d0ca9127cdf525a2e762a97fa7b6a160c9233e1e569b29c5dcc,1039,1243,datacopy/Stefano/876311c8eb0a8d0ca9127cdf525a2e762a97fa7b6a160c9233e1e569b29c5dcc,1
7512,6a06ce0d4418f576725e46a258616bb3fc65cb295a2200848b3e832ced800cb4,1039,1243,datacopy/Stefano/6a06ce0d4418f576725e46a258616bb3fc65cb295a2200848b3e832ced800cb4,1
7513,3b78c13c01d16c252d0b797fe09e639f678565fcc55592d202e0c3e61d60218a,1040,1174,datacopy/Stefano/3b78c13c01d16c252d0b797fe09e639f678565fcc55592d202e0c3e61d60218a,1
7514,a93f25bc8fc557290fdd1b3596bc7534370edbabe1ee6f8aac6ffedfe1356198,1040,1174,datacopy/Stefano/a93f25bc8fc557290fdd1b3596bc7534370edbabe1ee6f8aac6ffedfe1356198,1
7515,8227012c96b7177355decee1e48647739d12340020db203a50ea2001bca9b9b0,1040,1174,datacopy/Stefano/8227012c96b7177355decee1e48647739d12340020db203a50ea2001bca9b9b0,1
7516,cf6c1a5a3b7357fdd5f641d3da71c731308166dae4f0b696591376da961214a3,1040,1174,datacopy/Stefano/cf6c1a5a3b7357fdd5f641d3da71c731308166dae4f0b696591376da961214a3,1
7517,080ee14cfbb3310b998544e99e95354c3dce7bd883b9bbf580d89dbc8759eadd,1040,1174,datacopy/Stefano/080ee14cfbb3310b998544e99e95354c3dce7bd883b9bbf580d89dbc8759eadd,1
7518,973b83580e2fea7ec57474c27455a5de5a0af1052c0397b359d330a04ac228e9,1041,1246,datacopy/Stefano/973b83580e2fea7ec57474c27455a5de5a0af1052c0397b359d330a04ac228e9,1
7519,bcd3f4c23b84d344f344ea611974eac2e1f891fbab3d217b9c8acd01688e52d9,1041,1246,datacopy/Stefano/bcd3f4c23b84d344f344ea611974eac2e1f891fbab3d217b9c8acd01688e52d9,1
7520,1cd9cbee40e43248580ec674466620c898bd4ba0a80ab28b2d9e6a4a10caf0ef,1041,1246,datacopy/Stefano/1cd9cbee40e43248580ec674466620c898bd4ba0a80ab28b2d9e6a4a10caf0ef,1
7521,147163071677da3c11c82840778e9eb01546ac6b6f0eb6ee1a0f9639bc591f55,1042,3,datacopy/Stefano/147163071677da3c11c82840778e9eb01546ac6b6f0eb6ee1a0f9639bc591f55,1
7522,ffc5f7f7323303c8c8201422c937fe89148661dd7802b0ed858d60c0f02fc8c2,1043,1192,datacopy/Stefano/ffc5f7f7323303c8c8201422c937fe89148661dd7802b0ed858d60c0f02fc8c2,1
7523,dae52ebf70cff4e8f81de9b5182920761963218867829bf5ba021f6ad822a60e,1043,1192,datacopy/Stefano/dae52ebf70cff4e8f81de9b5182920761963218867829bf5ba021f6ad822a60e,1
7524,8a9877423476c3c8c15eb9f8d243aa26e37d4eacb90a9c7414de0232d4c312cc,1043,1192,datacopy/Stefano/8a9877423476c3c8c15eb9f8d243aa26e37d4eacb90a9c7414de0232d4c312cc,1
7525,6776cf2f6bf1414000e61233fa154736dd0e0edb4507a5909c0efbe6e4e9ae43,1043,1192,datacopy/Stefano/6776cf2f6bf1414000e61233fa154736dd0e0edb4507a5909c0efbe6e4e9ae43,1
7526,15dd9af67f5e5b83411874a315ac100160f6dda7c35af52652cef1158ec96e3b,1043,1192,datacopy/Stefano/15dd9af67f5e5b83411874a315ac100160f6dda7c35af52652cef1158ec96e3b,1
7527,b095b4736b7c3cf2c5e7bed0d4d953304895b309ecfb5a51cba9c56601a6d740,1043,1192,datacopy/Stefano/b095b4736b7c3cf2c5e7bed0d4d953304895b309ecfb5a51cba9c56601a6d740,1
7528,0ebdd20e56262856e045c2d78673d68becdf05aeaa7df1411bce7af3d04a68a4,1043,1192,datacopy/Stefano/0ebdd20e56262856e045c2d78673d68becdf05aeaa7df1411bce7af3d04a68a4,1
7529,f0636aa5f46c54f026eb09591269bcbafaed4797bac033c96cea4e0e48f23414,1043,1192,datacopy/Stefano/f0636aa5f46c54f026eb09591269bcbafaed4797bac033c96cea4e0e48f23414,1
7530,642a20f55a82fa522f969c812b889aa97308e17472530db06766e5c0a6162440,1043,1192,datacopy/Stefano/642a20f55a82fa522f969c812b889aa97308e17472530db06766e5c0a6162440,1
7531,15ef588f8196193c83dbdbcef4a0c0754eb22219ad3c5895c1f28e93b07578fa,1045,1266,datacopy/Stefano/15ef588f8196193c83dbdbcef4a0c0754eb22219ad3c5895c1f28e93b07578fa,1
7532,bdef050a3d075fb8396be1e3cfb7472fca125181e9e952813d13fa03d2170319,1045,1266,datacopy/Stefano/bdef050a3d075fb8396be1e3cfb7472fca125181e9e952813d13fa03d2170319,1
7533,fac50894180ff1dcdd102b504276191e5478f69127b8a01ab9f2f245ebb2daa3,1045,1266,datacopy/Stefano/fac50894180ff1dcdd102b504276191e5478f69127b8a01ab9f2f245ebb2daa3,1
7534,6c91ee7ca0fa5c7238c5968ba4bd10119a7dc749421dc5ab394861e75ac0f956,1047,1256,datacopy/Stefano/6c91ee7ca0fa5c7238c5968ba4bd10119a7dc749421dc5ab394861e75ac0f956,1
7535,46c3622b94003b3ffeeba66d910a4fa694632fc395a8d79f6438ace27b271fbd,1047,1256,datacopy/Stefano/46c3622b94003b3ffeeba66d910a4fa694632fc395a8d79f6438ace27b271fbd,1
7536,b6147335951b6fa26a2251d46fe4a930db6696bc2cfbd300228b7c792a33d61a,1047,1256,datacopy/Stefano/b6147335951b6fa26a2251d46fe4a930db6696bc2cfbd300228b7c792a33d61a,1
7537,18a64df1c58fc60fe63142f409cb8e6467123b1d59d2d427a57e53e31e30f227,1047,1256,datacopy/Stefano/18a64df1c58fc60fe63142f409cb8e6467123b1d59d2d427a57e53e31e30f227,1
7538,eb1cff3ce03a3cc66f196ef5150168d1524ddd4489d894bb9033adff93760083,1047,1256,datacopy/Stefano/eb1cff3ce03a3cc66f196ef5150168d1524ddd4489d894bb9033adff93760083,1
7539,1115003109bf8ba3000316a589b3e46048bdc1c75c8ffa20368cab539d7797ef,1047,1256,datacopy/Stefano/1115003109bf8ba3000316a589b3e46048bdc1c75c8ffa20368cab539d7797ef,1
7540,36cdc0dfbfdf42711d041ae3b806ebf8bd0ea9a48f451fc1dda92ff68b875eb1,1048,1270,datacopy/Stefano/36cdc0dfbfdf42711d041ae3b806ebf8bd0ea9a48f451fc1dda92ff68b875eb1,1
7541,5fff9bfba3c7f001c5bb6a3bd3ff3ed815addb9200d2e30ef5e7d6bae7a97ab4,1048,1270,datacopy/Stefano/5fff9bfba3c7f001c5bb6a3bd3ff3ed815addb9200d2e30ef5e7d6bae7a97ab4,1
7542,a092890e0ccdb946ad7c9957b8eb70035b1c0fbe50f3c41646e5dece10fe286a,1048,1270,datacopy/Stefano/a092890e0ccdb946ad7c9957b8eb70035b1c0fbe50f3c41646e5dece10fe286a,1
7543,ddd45e392cdb4853dfa43a8b09970479757b80ca7861de440e360c336ec2d962,1049,3,datacopy/Stefano/ddd45e392cdb4853dfa43a8b09970479757b80ca7861de440e360c336ec2d962,1
7544,28e38cc0099b95731b54f80ff955a23255d0a9e48713f958317c8f18ffff0ca8,1050,1232,datacopy/Stefano/28e38cc0099b95731b54f80ff955a23255d0a9e48713f958317c8f18ffff0ca8,1
7545,e47b8a22868227b8c59cb4837c9082a5d86a715ddbae9dc572129d76ba8f34e1,1050,1232,datacopy/Stefano/e47b8a22868227b8c59cb4837c9082a5d86a715ddbae9dc572129d76ba8f34e1,1
7546,0f2daee7cfa972b02d6d352d63bf5f4c10f1635a9f11e25bfd77ee665eba21bd,1050,1232,datacopy/Stefano/0f2daee7cfa972b02d6d352d63bf5f4c10f1635a9f11e25bfd77ee665eba21bd,1
7547,14b13b41d0da4cd6f8426538263ff29e68b5941f9bf960f8cb12f8d57ebdc6ad,1050,1232,datacopy/Stefano/14b13b41d0da4cd6f8426538263ff29e68b5941f9bf960f8cb12f8d57ebdc6ad,1
7548,29c090ec9c5413243373d2fefb605e7ad87639f5263a6eeaaa122de91d906e30,1050,1232,datacopy/Stefano/29c090ec9c5413243373d2fefb605e7ad87639f5263a6eeaaa122de91d906e30,1
7549,fbe5daed93c4405bb75dc5985550edfe2591b30f9ec139c84c2323190e534be7,1053,1278,datacopy/Stefano/fbe5daed93c4405bb75dc5985550edfe2591b30f9ec139c84c2323190e534be7,1
7550,aabc8f037d3b7acf40473d8db8cca2664d9fe41538a2dca22ea278da6b90d799,1053,1278,datacopy/Stefano/aabc8f037d3b7acf40473d8db8cca2664d9fe41538a2dca22ea278da6b90d799,1
7551,948e4fae0044e182e4fa8dc2341495486205a63213d60c9ba2439fdfec8678c3,1053,1278,datacopy/Stefano/948e4fae0044e182e4fa8dc2341495486205a63213d60c9ba2439fdfec8678c3,1
7552,8b1406108ac1f575ce618440423802e8eb9a3179daeb787d7caa3316129badc5,1056,1252,datacopy/Stefano/8b1406108ac1f575ce618440423802e8eb9a3179daeb787d7caa3316129badc5,1
7553,c09cb6cb87ac8ffa61471e70089b544adfac482b0a4a0f5d6aa6a4d76e133175,1056,1252,datacopy/Stefano/c09cb6cb87ac8ffa61471e70089b544adfac482b0a4a0f5d6aa6a4d76e133175,1
7554,05c8ab29674c0d92c90b4807cf186d29f1a5338a67049a3391a764c685bb555f,1056,1252,datacopy/Stefano/05c8ab29674c0d92c90b4807cf186d29f1a5338a67049a3391a764c685bb555f,1
7555,482c77ada9ec75fb2609e768e4ededcf4bac5272be6112c624cf5468eb9e22f3,1056,1252,datacopy/Stefano/482c77ada9ec75fb2609e768e4ededcf4bac5272be6112c624cf5468eb9e22f3,1
7556,555458e95334b4dd2e4cf4a5f886afd6329a92a4091f34a5780cb37acbffe4c7,1056,1252,datacopy/Stefano/555458e95334b4dd2e4cf4a5f886afd6329a92a4091f34a5780cb37acbffe4c7,1
7557,c5b1aee257901d57f2e134549b3020abda40278b03f9f9334acd6eb918fd9ce9,1056,1252,datacopy/Stefano/c5b1aee257901d57f2e134549b3020abda40278b03f9f9334acd6eb918fd9ce9,1
7558,a9478481f07b3bac940901897a06f11349fa49dc912e34d0b17f9de209e4d4b8,1059,1192,datacopy/Stefano/a9478481f07b3bac940901897a06f11349fa49dc912e34d0b17f9de209e4d4b8,1
7559,7ad63e1029f407eb9b5bb39f6eb15869ed78168bdaa0fdea512a449f8006d5fa,1059,1192,datacopy/Stefano/7ad63e1029f407eb9b5bb39f6eb15869ed78168bdaa0fdea512a449f8006d5fa,1
7560,7d6ae00da5a14d5bcd5bb4fae10fbe2ea8b06e0dd472fb4e808b9c6ffa4b319b,1059,1192,datacopy/Stefano/7d6ae00da5a14d5bcd5bb4fae10fbe2ea8b06e0dd472fb4e808b9c6ffa4b319b,1
7561,97999fdf77f7d5a3083a5346b81ac202b162b2f03a236902bb318a755012c55a,1062,1304,datacopy/Stefano/97999fdf77f7d5a3083a5346b81ac202b162b2f03a236902bb318a755012c55a,1
7562,30127746555d4189efbefa04592005678c29c394f7fa5e73036e1b5a23334a26,1062,1304,datacopy/Stefano/30127746555d4189efbefa04592005678c29c394f7fa5e73036e1b5a23334a26,1
7563,ee14571393976abef68e40379dac6bc3823e31750e1e7a92929df86cb9b26e74,1062,1304,datacopy/Stefano/ee14571393976abef68e40379dac6bc3823e31750e1e7a92929df86cb9b26e74,1
7564,62ec07e12407333fd2658c70a635fdc0c482223d09e997234df2635310283b66,1062,1304,datacopy/Stefano/62ec07e12407333fd2658c70a635fdc0c482223d09e997234df2635310283b66,1
7565,7919b44e3ec12eb95c880f6c008452bf07e6f31382afd13018d9547f8c241384,1062,1304,datacopy/Stefano/7919b44e3ec12eb95c880f6c008452bf07e6f31382afd13018d9547f8c241384,1
7566,3ea90d825a3b4a0d318a102192d029fde359e53d2adf4902f2008f390eb72ab9,1062,1443,datacopy/Stefano/3ea90d825a3b4a0d318a102192d029fde359e53d2adf4902f2008f390eb72ab9,1
7567,f231bb3f120e4ab28eac46263641b89384cfecaa9e0edc5ea84a3a4386686604,1062,1304,datacopy/Stefano/f231bb3f120e4ab28eac46263641b89384cfecaa9e0edc5ea84a3a4386686604,1
7568,f81d25317c196d1f252adddb57db5d851daade4ab410539e8f25882ac9fc3b16,1062,1304,datacopy/Stefano/f81d25317c196d1f252adddb57db5d851daade4ab410539e8f25882ac9fc3b16,1
7569,686f543f6a82a28eae9ab59038195fd0f21aec60b33d460b5a684fa04db86ae6,1062,1304,datacopy/Stefano/686f543f6a82a28eae9ab59038195fd0f21aec60b33d460b5a684fa04db86ae6,1
7570,80c073023ab2379f6066e7a8b20bf46232780f493796dfd6b7ac912581520712,1063,3,datacopy/Stefano/80c073023ab2379f6066e7a8b20bf46232780f493796dfd6b7ac912581520712,1
7571,18c075168ca5776d857570a5ab48ed126bf7932e1f3ad4b785d905abdb6c6ca7,1063,3,datacopy/Stefano/18c075168ca5776d857570a5ab48ed126bf7932e1f3ad4b785d905abdb6c6ca7,1
7572,115af8dd41b8325d0cc260dc13fd554d34ea2bc0ff69a2cabc4bab240ce0f674,1064,1267,datacopy/Stefano/115af8dd41b8325d0cc260dc13fd554d34ea2bc0ff69a2cabc4bab240ce0f674,1
7573,ff070239256f4075c4e043876df4ebbd4835ac1e96fc613cc28fe9010faa6cd1,1064,1267,datacopy/Stefano/ff070239256f4075c4e043876df4ebbd4835ac1e96fc613cc28fe9010faa6cd1,1
7574,d736cefb431882dd460eb351b653a1594edc8d8a0f02db93bbf3c52ebafdc385,1064,1267,datacopy/Stefano/d736cefb431882dd460eb351b653a1594edc8d8a0f02db93bbf3c52ebafdc385,1
7575,580c80ff2f628fe5f35ed58ba8df8c9b4c776cd487ab3bdce04be26b19b382b0,1064,1267,datacopy/Stefano/580c80ff2f628fe5f35ed58ba8df8c9b4c776cd487ab3bdce04be26b19b382b0,1
7576,160f2d68a0f8e518002205b2ee2e3da3d3f9351cacc44ffaf573fa5c520f543c,1064,1267,datacopy/Stefano/160f2d68a0f8e518002205b2ee2e3da3d3f9351cacc44ffaf573fa5c520f543c,1
7577,7dfb41036ad411ead81e5d63faeae3d49b4feee9a14b7ca860ae1d05e805da4d,1064,1267,datacopy/Stefano/7dfb41036ad411ead81e5d63faeae3d49b4feee9a14b7ca860ae1d05e805da4d,1
7578,32a578a92474c3325a7391ca7d72892bd75803c2e118b2ecabb4016635eb1859,1064,1267,datacopy/Stefano/32a578a92474c3325a7391ca7d72892bd75803c2e118b2ecabb4016635eb1859,1
7579,761cf21dbd4ce03a86d0a2f21d934f1ccbab051add6cbbecdf8f3fa9b5b38586,1064,1267,datacopy/Stefano/761cf21dbd4ce03a86d0a2f21d934f1ccbab051add6cbbecdf8f3fa9b5b38586,1
7580,9a35aca1c355a0bfe3b91f8cb729f7c7505eb6888d8549d3c060db2aa186bcfe,1064,1267,datacopy/Stefano/9a35aca1c355a0bfe3b91f8cb729f7c7505eb6888d8549d3c060db2aa186bcfe,1
7581,fdaca58701e11a4fca54ecb18282b69501455bb8d3edba475ccd917fa06a0c67,1064,1267,datacopy/Stefano/fdaca58701e11a4fca54ecb18282b69501455bb8d3edba475ccd917fa06a0c67,1
7582,6fc260257cfc0251ed7a4395144aecc9763710c752ba8fb0ea6cb82171974f95,1064,1267,datacopy/Stefano/6fc260257cfc0251ed7a4395144aecc9763710c752ba8fb0ea6cb82171974f95,1
7583,8408a8fc52d6fe19f7f5e753d653e0b4f0f12d50f2283157740bb25b5f954050,1067,1154,datacopy/Stefano/8408a8fc52d6fe19f7f5e753d653e0b4f0f12d50f2283157740bb25b5f954050,1
7584,10bfde297e87782824a12b487018e05066e8f1bb5411066a171d7df41345c0cd,1067,1154,datacopy/Stefano/10bfde297e87782824a12b487018e05066e8f1bb5411066a171d7df41345c0cd,1
7585,84de9a5ca50236e912247ce1e9ac26f112ac09862689197310ae8b965800208d,1067,1154,datacopy/Stefano/84de9a5ca50236e912247ce1e9ac26f112ac09862689197310ae8b965800208d,1
7586,c1cd2815cece7ccd99654f463b65e5f02aa74200a6a27a98fbf95d51b260c6e4,1068,1211,datacopy/Stefano/c1cd2815cece7ccd99654f463b65e5f02aa74200a6a27a98fbf95d51b260c6e4,4
7587,a80d56c547bacc0a5fc6704f34d2a104b0d3cb8d4a8848d41a26a731e76ffa45,1068,1211,datacopy/Stefano/a80d56c547bacc0a5fc6704f34d2a104b0d3cb8d4a8848d41a26a731e76ffa45,4
7588,bcb0fa9923bad3036993b9ff32ef6b2be5506c58e32d6868e0d3f87f68bb9414,1068,1342,datacopy/Stefano/bcb0fa9923bad3036993b9ff32ef6b2be5506c58e32d6868e0d3f87f68bb9414,4
7589,6e97e4f37fabfc5f7e1684331a317ee9cfcef7253df86ea1184c12fa9189ce86,1068,1342,datacopy/Stefano/6e97e4f37fabfc5f7e1684331a317ee9cfcef7253df86ea1184c12fa9189ce86,4
7590,58e2c79664b853dc358a65c5ba74fb9760046ab209d88e8fa54e3b3cc2392a06,1068,1211,datacopy/Stefano/58e2c79664b853dc358a65c5ba74fb9760046ab209d88e8fa54e3b3cc2392a06,4
7591,2ef24078a58766a64dc10c0368ffbd4ab17b07aa62522c4b269ac959c9a9d7fa,1068,1211,datacopy/Stefano/2ef24078a58766a64dc10c0368ffbd4ab17b07aa62522c4b269ac959c9a9d7fa,4
7592,d2ad192614db0e17a890e7f852e1597e97474a0fbca5e65c79638f6266aeaf78,1068,1211,datacopy/Stefano/d2ad192614db0e17a890e7f852e1597e97474a0fbca5e65c79638f6266aeaf78,4
7593,1ea49b8975499676182a73872ac06f8f3dd5d17116c21dcc8ad79b072653be02,1068,1211,datacopy/Stefano/1ea49b8975499676182a73872ac06f8f3dd5d17116c21dcc8ad79b072653be02,4
7594,201b6b36ff737f3fd7f4e5fe6537b06e34053e00afc15efd1d7f7248ff9aa07b,1068,1211,datacopy/Stefano/201b6b36ff737f3fd7f4e5fe6537b06e34053e00afc15efd1d7f7248ff9aa07b,4
7595,cec38c11b1b4b64256c76ffd1e1c546328d55bbe5648be81cb7e1042dcf46a53,1068,1211,datacopy/Stefano/cec38c11b1b4b64256c76ffd1e1c546328d55bbe5648be81cb7e1042dcf46a53,4
7596,7fe032639bc9522d6a2abf4d0107ccfbe92c8dc3c34b1be4671cebdc8f824633,1069,1289,datacopy/Stefano/7fe032639bc9522d6a2abf4d0107ccfbe92c8dc3c34b1be4671cebdc8f824633,1
7597,9a829fbf18c97473b9f4a090c6ef4840ae8591463a0baa47a20830233fea03e4,1069,1289,datacopy/Stefano/9a829fbf18c97473b9f4a090c6ef4840ae8591463a0baa47a20830233fea03e4,1
7598,d8a0d553c282c1c5f1b4d9d29573f10be990bc6d980f042adb46177bc47477d1,1069,1289,datacopy/Stefano/d8a0d553c282c1c5f1b4d9d29573f10be990bc6d980f042adb46177bc47477d1,1
7599,5c3ab8072ed40c68a11cc6207e43ef1ba1b147c32e810896cc8976d4a3c48544,1069,1289,datacopy/Stefano/5c3ab8072ed40c68a11cc6207e43ef1ba1b147c32e810896cc8976d4a3c48544,1
7600,c79e556936f073d159aaec5ea089aadc4b6672196329aa724a868290e08eab6b,1070,1316,datacopy/Stefano/c79e556936f073d159aaec5ea089aadc4b6672196329aa724a868290e08eab6b,1
7601,1f026fa38e56129a66c35c0ed4a7c1bebff9a39a.bin,1072,1318,datacopy/UCSB/1f026fa38e56129a66c35c0ed4a7c1bebff9a39a.bin,2
7602,dff0aff8769ea3f9ee07bfcac18e688e5cf47b4b84aa0e5fcd48fb7d9eb1cf6b,1072,1318,datacopy/Stefano/dff0aff8769ea3f9ee07bfcac18e688e5cf47b4b84aa0e5fcd48fb7d9eb1cf6b,2
7603,0a8018e4acf3381dd535ded06d3bd6b4dace23e36d2372fd1110035f5d25c5c2,1072,1318,datacopy/Stefano/0a8018e4acf3381dd535ded06d3bd6b4dace23e36d2372fd1110035f5d25c5c2,2
7604,9a4296c28d5e78ef1797ea7d1f154c9a9c9f0fc45def70105701a7d910e409ab,1073,337,datacopy/Stefano/9a4296c28d5e78ef1797ea7d1f154c9a9c9f0fc45def70105701a7d910e409ab,1
7605,d1319b515d5ac2136747250676b57ebcbd181abb2d6b74016df59074cedb66eb,1073,337,datacopy/Stefano/d1319b515d5ac2136747250676b57ebcbd181abb2d6b74016df59074cedb66eb,1
7606,3251273c770254dacf4a751a16acf5c370b101bf5b4c523320f852ab2ca08ebb,1073,337,datacopy/Stefano/3251273c770254dacf4a751a16acf5c370b101bf5b4c523320f852ab2ca08ebb,1
7607,cc94d6190184aa579d9bfe8c281ea399e62b832fd6fd6b1befe7336f22d8fd83,1073,337,datacopy/Stefano/cc94d6190184aa579d9bfe8c281ea399e62b832fd6fd6b1befe7336f22d8fd83,1
7608,a3d9a348f1888f434d9c6eadd0b0270a968c9ba20d4d453b3af8b0eef7bb6ee3,1073,337,datacopy/Stefano/a3d9a348f1888f434d9c6eadd0b0270a968c9ba20d4d453b3af8b0eef7bb6ee3,1
7609,18768ac04082eef909d131c2683126f74352148dcd1dd982dd5629723a72a249,1073,337,datacopy/Stefano/18768ac04082eef909d131c2683126f74352148dcd1dd982dd5629723a72a249,1
7610,ae9c5d94ebefd560e7b2e6ae5c7101c291ea9fc6f7d976dd42c314a96c1d2ab7,1074,3,datacopy/Stefano/ae9c5d94ebefd560e7b2e6ae5c7101c291ea9fc6f7d976dd42c314a96c1d2ab7,1
7611,ac1ae9b47357c539f42abc7a420d441c703093aa0f4258570c22e90c0a7e9b88,1074,3,datacopy/Stefano/ac1ae9b47357c539f42abc7a420d441c703093aa0f4258570c22e90c0a7e9b88,1
7612,b5e18c0a4bb767ebdd47b42d60c846e887ff0499037d0baf9a2864d6d14856e0,1074,3,datacopy/Stefano/b5e18c0a4bb767ebdd47b42d60c846e887ff0499037d0baf9a2864d6d14856e0,1
7613,ac7c36d49beb736719c7d4fbddac5a4dcdd113c24a03fee0b649ef2ad4d0b861,1074,3,datacopy/Stefano/ac7c36d49beb736719c7d4fbddac5a4dcdd113c24a03fee0b649ef2ad4d0b861,1
7614,4158359061a1833830622c2ed278bcc875409765e3f9c3b8887031cf9e905b59,1075,1192,datacopy/Stefano/4158359061a1833830622c2ed278bcc875409765e3f9c3b8887031cf9e905b59,1
7615,e8b431022294a7a16f2982b6f615e6e8bfd6204823bb324a6b5dc1da2522d9d6,1075,1192,datacopy/Stefano/e8b431022294a7a16f2982b6f615e6e8bfd6204823bb324a6b5dc1da2522d9d6,1
7616,664e19bbfd1dba21f8f46c06715cd1d414ddda0bb22a5261563fac9acf1d41b6,1075,1192,datacopy/Stefano/664e19bbfd1dba21f8f46c06715cd1d414ddda0bb22a5261563fac9acf1d41b6,1
7617,a635a26d495068d3265d2e8f345da81eacea4d869ad10fa8d0a1581c30ee8bcb,1075,1192,datacopy/Stefano/a635a26d495068d3265d2e8f345da81eacea4d869ad10fa8d0a1581c30ee8bcb,1
7618,62c8416f1fe8ab8059e24e2d21e2a98f7e92b2f18a3fcb6b42eb5a1a609144d5,1075,1192,datacopy/Stefano/62c8416f1fe8ab8059e24e2d21e2a98f7e92b2f18a3fcb6b42eb5a1a609144d5,1
7619,e58829905e5a6f9500c694e6a7949e021053cc786c946911a9594bfb724381a6,1075,1192,datacopy/Stefano/e58829905e5a6f9500c694e6a7949e021053cc786c946911a9594bfb724381a6,1
7620,c7a4762b50cf8de1bb2896a4dbbca40a5d47b2919e37622137d44619e94d28cf,1075,1192,datacopy/Stefano/c7a4762b50cf8de1bb2896a4dbbca40a5d47b2919e37622137d44619e94d28cf,1
7621,b646545f6435d0172a00614b739628897d67ff024d4aec23510fd41bd75d8dc8,1075,1192,datacopy/Stefano/b646545f6435d0172a00614b739628897d67ff024d4aec23510fd41bd75d8dc8,1
7622,1a3f900d0378ea97e1b76c6cb858d8efdb76ce951d2eed14701a15ccc141786f,1075,1192,datacopy/Stefano/1a3f900d0378ea97e1b76c6cb858d8efdb76ce951d2eed14701a15ccc141786f,1
7623,14fbe7e62fde027fb06b989a9c990233786ec703f53a013db18e37a305cb1140,1075,1192,datacopy/Stefano/14fbe7e62fde027fb06b989a9c990233786ec703f53a013db18e37a305cb1140,1
7624,fb3526bd40ab9d9aeb8939cc2b86dd84f20d5e3ae15444de83a37d9ada7c0ca4,1075,1192,datacopy/Stefano/fb3526bd40ab9d9aeb8939cc2b86dd84f20d5e3ae15444de83a37d9ada7c0ca4,1
7625,cb2d33acc68a3cf2af5affa8d1a6752eab1fd5b3fa68078ba42954cec4e40c3d,1075,1192,datacopy/Stefano/cb2d33acc68a3cf2af5affa8d1a6752eab1fd5b3fa68078ba42954cec4e40c3d,1
7626,e4655c34c1a08c478ce4b5186b64505aea9695dcfbc32ee29ed0e87b835fa545,1075,1192,datacopy/Stefano/e4655c34c1a08c478ce4b5186b64505aea9695dcfbc32ee29ed0e87b835fa545,1
7627,66ebb42858fbdaa787f7c80cea09c3d1543a3ce22687554d0a4b8967217b786e,1075,1192,datacopy/Stefano/66ebb42858fbdaa787f7c80cea09c3d1543a3ce22687554d0a4b8967217b786e,1
7628,b0cf3f097d77533d57f6d7ad9cdaa6c290b666752c78e5f2167f27808e6329ad,1075,1192,datacopy/Stefano/b0cf3f097d77533d57f6d7ad9cdaa6c290b666752c78e5f2167f27808e6329ad,1
7629,98af972e6609d9a1cecefff45142d5240737f90c4a342c052daba5212c4e6c75,1075,1192,datacopy/Stefano/98af972e6609d9a1cecefff45142d5240737f90c4a342c052daba5212c4e6c75,1
7630,f5a860eca9d76b98c74c9ecdf42fbdcd6a54c1f683c54aa59cd5860bfa97e270,1076,1192,datacopy/Stefano/f5a860eca9d76b98c74c9ecdf42fbdcd6a54c1f683c54aa59cd5860bfa97e270,1
7631,e363a09c3f662d729ae0e94b21875343041cda8636251249ebbbd658816b4fb6,1076,1192,datacopy/Stefano/e363a09c3f662d729ae0e94b21875343041cda8636251249ebbbd658816b4fb6,1
7632,64a73c8f1583e81035cfed8676750699f2ecdd5a4137d161e59db8ff4549b563,1076,1192,datacopy/Stefano/64a73c8f1583e81035cfed8676750699f2ecdd5a4137d161e59db8ff4549b563,1
7633,ff83bc818494031e46af67f26fa0f56c8e7435fa69fc5b3ab72c8231b2a82114,1076,1192,datacopy/Stefano/ff83bc818494031e46af67f26fa0f56c8e7435fa69fc5b3ab72c8231b2a82114,1
7634,5124298b8d25bfb2a16fb640b81a10ffdf8df70031ddc2118643cba450fca46f,1077,381,datacopy/Stefano/5124298b8d25bfb2a16fb640b81a10ffdf8df70031ddc2118643cba450fca46f,1
7635,4a913072573530142f89592be90512b0deff64e11871d889a424b1f3682e525e,1077,381,datacopy/Stefano/4a913072573530142f89592be90512b0deff64e11871d889a424b1f3682e525e,1
7636,ae9499459ac1a4a90632b4ca8ed7885f196fd136dc1a60c3645d496808c3d1ed,1077,381,datacopy/Stefano/ae9499459ac1a4a90632b4ca8ed7885f196fd136dc1a60c3645d496808c3d1ed,1
7637,876fe15d484d9d50355aa11fe1851e3adc5a5430fcf38442785817f6a29f9350,1077,381,datacopy/Stefano/876fe15d484d9d50355aa11fe1851e3adc5a5430fcf38442785817f6a29f9350,1
7638,88e97b088cf9350b564c28b0c5d6a8aa9672c5129fadf85b37075c4b21a678b1,1077,381,datacopy/Stefano/88e97b088cf9350b564c28b0c5d6a8aa9672c5129fadf85b37075c4b21a678b1,1
7639,16cf4c139707fe25e53be2082a6a9e042eada951f6b2a29e7fd16dbb5f0f9a57,1077,381,datacopy/Stefano/16cf4c139707fe25e53be2082a6a9e042eada951f6b2a29e7fd16dbb5f0f9a57,1
7640,a9e007e55ea1225183d4810058dea33f48a3fac82852a31c8a22a2662abbc783,1077,381,datacopy/Stefano/a9e007e55ea1225183d4810058dea33f48a3fac82852a31c8a22a2662abbc783,1
7641,398203ae087216829af6a3e013395f030a2644be30b0554e6b5cc1c04627a6b6,1077,381,datacopy/Stefano/398203ae087216829af6a3e013395f030a2644be30b0554e6b5cc1c04627a6b6,1
7642,5c0bb56f1bff948fd0a904a54fef4faa5c6a1bd7988a167414c5d5713e834dff,1077,381,datacopy/Stefano/5c0bb56f1bff948fd0a904a54fef4faa5c6a1bd7988a167414c5d5713e834dff,1
7643,eb192167f3fd6bde1ba2496626f0af171ffafb9db02ad03428e4546fd189a751,1077,381,datacopy/Stefano/eb192167f3fd6bde1ba2496626f0af171ffafb9db02ad03428e4546fd189a751,1
7644,e463aeb74afc8aa300cc522f049594a98d724319a397f784fa862bbea1ace037,1077,381,datacopy/Stefano/e463aeb74afc8aa300cc522f049594a98d724319a397f784fa862bbea1ace037,1
7645,05f8516e8f03007ff44cd3380f454f0cc8568578ef5f44485a2a6378b003bf28,1078,1240,datacopy/Stefano/05f8516e8f03007ff44cd3380f454f0cc8568578ef5f44485a2a6378b003bf28,1
7646,45e327c6392534c0826db45d64b39e62a96834dbf8199d1843ec3bd2f4c3304a,1078,1240,datacopy/Stefano/45e327c6392534c0826db45d64b39e62a96834dbf8199d1843ec3bd2f4c3304a,1
7647,2885ef24d9943cd47ceae28041092c26ebb83cef823b58d7e106b9fd33b3f61a,1080,3,datacopy/Stefano/2885ef24d9943cd47ceae28041092c26ebb83cef823b58d7e106b9fd33b3f61a,1
7648,362e0f86c6adc4644a2276558062d9e146c92433af725ee43af68c52b104cc53,1085,1237,datacopy/Stefano/362e0f86c6adc4644a2276558062d9e146c92433af725ee43af68c52b104cc53,1
7649,22285300553be48eaf0b6673126853003d9d006b0cc804ebdd419dd420049849,1085,1237,datacopy/Stefano/22285300553be48eaf0b6673126853003d9d006b0cc804ebdd419dd420049849,1
7650,7c36bbb4ef2d347cc77979812dc98588b7635a77dee404a801cb747f6777117d,1086,1154,datacopy/Stefano/7c36bbb4ef2d347cc77979812dc98588b7635a77dee404a801cb747f6777117d,1
7651,25f533dd09fc3ccdb3a150cd9d3e9d1ebd56c4180999b092acf22ec75323c722,1086,1154,datacopy/Stefano/25f533dd09fc3ccdb3a150cd9d3e9d1ebd56c4180999b092acf22ec75323c722,1
7652,ab8fc86bfc54ae70446755319a10e7ac671e703590809c4b225667ac71c1e8f2,1086,1154,datacopy/Stefano/ab8fc86bfc54ae70446755319a10e7ac671e703590809c4b225667ac71c1e8f2,1
7653,c38feae0368d8e067dcf6a69086c874cf4fcc1891da6f23af743ddb02053248e,1086,1154,datacopy/Stefano/c38feae0368d8e067dcf6a69086c874cf4fcc1891da6f23af743ddb02053248e,1
7654,290cac4d7f5342ba0e41bf165e600f90ab9c2b2499c38a9b12f3ab7da221ef1f,1086,1154,datacopy/Stefano/290cac4d7f5342ba0e41bf165e600f90ab9c2b2499c38a9b12f3ab7da221ef1f,1
7655,db12c4cbc3aca3c982362e39d26ecbf7c7801ca0353ecf18484252c6e10412d6,1086,1154,datacopy/Stefano/db12c4cbc3aca3c982362e39d26ecbf7c7801ca0353ecf18484252c6e10412d6,1
7656,d36ef66e013a09c91c03bba4ac99e18090a510e65c6f537c3acef5374110fe00,1086,1154,datacopy/Stefano/d36ef66e013a09c91c03bba4ac99e18090a510e65c6f537c3acef5374110fe00,1
7657,9eca6d8dd15030937be4e36394afdcf1b0c971f4365e9a8e119304c1d710ff93,1087,337,datacopy/Stefano/9eca6d8dd15030937be4e36394afdcf1b0c971f4365e9a8e119304c1d710ff93,1
7658,9b277d26ad3195e4559ee5617a35aeae1bcf55faea6c3202455a2d51b0c1e506,1087,423,datacopy/Stefano/9b277d26ad3195e4559ee5617a35aeae1bcf55faea6c3202455a2d51b0c1e506,1
7659,9fccb82265d47da11696bb27efc0fb68071824e111d33d4ef6fa512be58442c1,1088,1238,datacopy/Stefano/9fccb82265d47da11696bb27efc0fb68071824e111d33d4ef6fa512be58442c1,1
7660,dcf83aeb2aada641f0ddd9c38f521ed9e7340fa1e39f950f4095a41c6f28016b,1088,1238,datacopy/Stefano/dcf83aeb2aada641f0ddd9c38f521ed9e7340fa1e39f950f4095a41c6f28016b,1
7661,0888a6448ad0af8bbf0ed11b8caf2876222db8c7cf63ad34f5c72bb23b0eed0f,1088,1238,datacopy/Stefano/0888a6448ad0af8bbf0ed11b8caf2876222db8c7cf63ad34f5c72bb23b0eed0f,1
7662,b5c09bb8d6d77f55a9aa12631f77cc493c3033c534aeebf4c631999e5197cbe2,1088,1238,datacopy/Stefano/b5c09bb8d6d77f55a9aa12631f77cc493c3033c534aeebf4c631999e5197cbe2,1
7663,4da55bd4103ed6e547ca3d588afe3509065ab74e3e47a706c509a898d55e6bda,1088,1238,datacopy/Stefano/4da55bd4103ed6e547ca3d588afe3509065ab74e3e47a706c509a898d55e6bda,1
7664,9e2c45aee4b16594b1a342375cb686a0b8059afb.bin,1093,1159,datacopy/UCSB.JP/data_feed.geo_japan_6m_public_flag/9/e/2/9e2c45aee4b16594b1a342375cb686a0b8059afb.bin,1
7665,63961fe3335ae2c14ade77dd1b3e4fd730a7b845.bin,1093,1159,datacopy/UCSB.JP/data_feed.geo_japan_6m_public_flag/6/3/9/63961fe3335ae2c14ade77dd1b3e4fd730a7b845.bin,1
7666,104e7ec8193f778b1d0447f17fd71a7d6483b6dea1cc6886fdf8e35161b2f9d4,1093,1159,datacopy/Stefano/104e7ec8193f778b1d0447f17fd71a7d6483b6dea1cc6886fdf8e35161b2f9d4,1
7667,448a1c3552951602983910b424d2fe1e3c8e2f97dabb2eb395634405282f273b,1093,1159,datacopy/Stefano/448a1c3552951602983910b424d2fe1e3c8e2f97dabb2eb395634405282f273b,1
7668,4612b2da481dc5ea8de84664514063e5f0d22a8c2b097d87c8ca94700f08dea9,1093,1159,datacopy/Stefano/4612b2da481dc5ea8de84664514063e5f0d22a8c2b097d87c8ca94700f08dea9,1
7669,609cbdd3a13965cd27ba061434ec921ccd4edc1cbfeeab11d0881dca78604652,1093,1159,datacopy/Stefano/609cbdd3a13965cd27ba061434ec921ccd4edc1cbfeeab11d0881dca78604652,1
7670,70d0a19cb576e0d3e867312e22516939c62f00361002641ff6e54036fc642c47,1093,1159,datacopy/Stefano/70d0a19cb576e0d3e867312e22516939c62f00361002641ff6e54036fc642c47,1
7671,2253883b7938aace38dfb2a447eb63df4f97e259421b2fd3655dcc60768dd4a6,1093,1159,datacopy/Stefano/2253883b7938aace38dfb2a447eb63df4f97e259421b2fd3655dcc60768dd4a6,1
7672,95262739997c7919e24b13e1d5965899aba8b589a66c289611726cd3c9f7902f,1093,1159,datacopy/Stefano/95262739997c7919e24b13e1d5965899aba8b589a66c289611726cd3c9f7902f,1
7673,8e909f89944527a7dda2f45809dd07f94f071f9fcf365ae95a577c3c7a215cb6,1093,1159,datacopy/Stefano/8e909f89944527a7dda2f45809dd07f94f071f9fcf365ae95a577c3c7a215cb6,1
7674,66a9c4780752954cbebd30e85fd6592374011ca281ff0791ca8cdeb75463e051,1093,1159,datacopy/Stefano/66a9c4780752954cbebd30e85fd6592374011ca281ff0791ca8cdeb75463e051,1
7675,c0b78bc20b418630aa14538e8887d37c1f220714e1d7b34d22916851f635ed6a,1094,715,datacopy/Stefano/c0b78bc20b418630aa14538e8887d37c1f220714e1d7b34d22916851f635ed6a,1
7676,bf0f5d49599a322a3600de4cd338254f05fc469a2393ed702fb697f9f572bc5b,1094,715,datacopy/Stefano/bf0f5d49599a322a3600de4cd338254f05fc469a2393ed702fb697f9f572bc5b,1
7677,9ba33b0cf254ac84903ae5db279321b0969353e36434dcbb1c028d3c2538422f,1094,715,datacopy/Stefano/9ba33b0cf254ac84903ae5db279321b0969353e36434dcbb1c028d3c2538422f,1
7678,dd60e7bb7b7c60ea5a776543c1398a8335c0a4e5abcd4948a7a28164f57c1b8d,1094,715,datacopy/Stefano/dd60e7bb7b7c60ea5a776543c1398a8335c0a4e5abcd4948a7a28164f57c1b8d,1
7679,fca8168111981ac5646904938638efa52373493f4d5f4cf5ebea5a272c3c8d17,1094,715,datacopy/Stefano/fca8168111981ac5646904938638efa52373493f4d5f4cf5ebea5a272c3c8d17,1
7680,85af28962d34322cdc3c2ed5df0339162d9ff63268a422c693a74f73c5b2df5f,1095,1154,datacopy/Stefano/85af28962d34322cdc3c2ed5df0339162d9ff63268a422c693a74f73c5b2df5f,1
7681,8382ace9c6d7293c8ed3ad78a5d474bd11c25f6a5dcb27d7534f7e1d6c757ad8,1095,1154,datacopy/Stefano/8382ace9c6d7293c8ed3ad78a5d474bd11c25f6a5dcb27d7534f7e1d6c757ad8,1
7682,fa3726f9ac0d024042aae7bb9288495298a61287f51923678716c436f2dfda9d,1095,1154,datacopy/Stefano/fa3726f9ac0d024042aae7bb9288495298a61287f51923678716c436f2dfda9d,1
7683,d8d5377296a0eb7599594726d0c93a4df085557a0ec51190904bf70291825582,1095,1154,datacopy/Stefano/d8d5377296a0eb7599594726d0c93a4df085557a0ec51190904bf70291825582,1
7684,3f0dbe2392187ae703b3d95981b683063c4b9aa8c972bf356a2bc3e81408deab,1097,1265,datacopy/Stefano/3f0dbe2392187ae703b3d95981b683063c4b9aa8c972bf356a2bc3e81408deab,1
7685,a6adb9cbfdb7ec4fdbe3236c90215f5c56789b86acd9421dc296d401235e6c3b,1099,1240,datacopy/Stefano/a6adb9cbfdb7ec4fdbe3236c90215f5c56789b86acd9421dc296d401235e6c3b,1
7686,2975981370e1a4cc43fe66d9fc29f2bd45ed36a1f93cc55b7589be703d9bb004,1099,1240,datacopy/Stefano/2975981370e1a4cc43fe66d9fc29f2bd45ed36a1f93cc55b7589be703d9bb004,1
7687,192dd15f7e468ebc0c34e6a80ff8b64af2f3ad018bc4fef3772d370a10220e4e,1099,1240,datacopy/Stefano/192dd15f7e468ebc0c34e6a80ff8b64af2f3ad018bc4fef3772d370a10220e4e,1
7688,1cc62443b0473340571169aa17533813eaf66e6d96ae99b433f0a5511841aeae,1099,1240,datacopy/Stefano/1cc62443b0473340571169aa17533813eaf66e6d96ae99b433f0a5511841aeae,1
7689,adf5cbb4cbefa475c8e34c82d8957201eac71e3a.bin,1101,3,datacopy/UCSB.JP/data_feed.geo_japan_6m_public_flag/a/d/f/adf5cbb4cbefa475c8e34c82d8957201eac71e3a.bin,1
7690,ab4c516a4b220bb7b6e7b2ddd6f316cd31d884c9.bin,1101,1192,datacopy/UCSB/ab4c516a4b220bb7b6e7b2ddd6f316cd31d884c9.bin,1
7691,35d89deb0f0c2a4dc1e2393e20a9d96e7e3efa25337842fac89c06415519c10b,1101,3,datacopy/Stefano/35d89deb0f0c2a4dc1e2393e20a9d96e7e3efa25337842fac89c06415519c10b,1
7692,b9f00400b219c75cf23c0def84d6159a32c1131860ab458f7dea2af81894ce7a,1102,1154,datacopy/Stefano/b9f00400b219c75cf23c0def84d6159a32c1131860ab458f7dea2af81894ce7a,1
7693,98ad9ae8907e226621eb63381ce4be43d1d5b21d00e9445f2bf0419e5f33baa2,1102,1154,datacopy/Stefano/98ad9ae8907e226621eb63381ce4be43d1d5b21d00e9445f2bf0419e5f33baa2,1
7694,c0a6c6defed2ec94c3209eae2eb52aef1daf2ff689e1a8fe44aae599fbba7648,1102,1154,datacopy/Stefano/c0a6c6defed2ec94c3209eae2eb52aef1daf2ff689e1a8fe44aae599fbba7648,1
7695,13759280bce1ad57480272b6020a9a3ae2cfcb8ad3e3e3b45926f14e56716694,20813,1459,datacopy/evasive-it/2019/13759280bce1ad57480272b6020a9a3ae2cfcb8ad3e3e3b45926f14e56716694,3
7696,13759280bce1ad57480272b6020a9a3ae2cfcb8ad3e3e3b45926f14e56716694,20813,1459,datacopy/evasive-it/2019/13759280bce1ad57480272b6020a9a3ae2cfcb8ad3e3e3b45926f14e56716694,3
7697,13759280bce1ad57480272b6020a9a3ae2cfcb8ad3e3e3b45926f14e56716694,20813,1459,datacopy/evasive-it/2019/13759280bce1ad57480272b6020a9a3ae2cfcb8ad3e3e3b45926f14e56716694,3
7698,13759280bce1ad57480272b6020a9a3ae2cfcb8ad3e3e3b45926f14e56716694,20813,1459,datacopy/evasive-it/2019/13759280bce1ad57480272b6020a9a3ae2cfcb8ad3e3e3b45926f14e56716694,3
7699,13759280bce1ad57480272b6020a9a3ae2cfcb8ad3e3e3b45926f14e56716694,20813,1459,datacopy/evasive-it/2019/13759280bce1ad57480272b6020a9a3ae2cfcb8ad3e3e3b45926f14e56716694,3
7700,79a07ef9978561a4403c0c7de656fa4276b9b51261ed68b063bee33e9617a7cc,20814,312,datacopy/evasive-it/2019/79a07ef9978561a4403c0c7de656fa4276b9b51261ed68b063bee33e9617a7cc,1
7701,79a07ef9978561a4403c0c7de656fa4276b9b51261ed68b063bee33e9617a7cc,20814,312,datacopy/evasive-it/2019/79a07ef9978561a4403c0c7de656fa4276b9b51261ed68b063bee33e9617a7cc,1
7702,79a07ef9978561a4403c0c7de656fa4276b9b51261ed68b063bee33e9617a7cc,20814,312,datacopy/evasive-it/2019/79a07ef9978561a4403c0c7de656fa4276b9b51261ed68b063bee33e9617a7cc,1
7703,79a07ef9978561a4403c0c7de656fa4276b9b51261ed68b063bee33e9617a7cc,20814,312,datacopy/evasive-it/2019/79a07ef9978561a4403c0c7de656fa4276b9b51261ed68b063bee33e9617a7cc,1
7704,79a07ef9978561a4403c0c7de656fa4276b9b51261ed68b063bee33e9617a7cc,20814,312,datacopy/evasive-it/2019/79a07ef9978561a4403c0c7de656fa4276b9b51261ed68b063bee33e9617a7cc,1
7705,62fd18964b5cdc8b9aa60bbe38d455eb72f2d3f805dd06d8daf0059e63967974,20816,1273,datacopy/evasive-it/2018/62fd18964b5cdc8b9aa60bbe38d455eb72f2d3f805dd06d8daf0059e63967974,1
7706,62fd18964b5cdc8b9aa60bbe38d455eb72f2d3f805dd06d8daf0059e63967974,20816,1273,datacopy/evasive-it/2018/62fd18964b5cdc8b9aa60bbe38d455eb72f2d3f805dd06d8daf0059e63967974,1
7707,62fd18964b5cdc8b9aa60bbe38d455eb72f2d3f805dd06d8daf0059e63967974,20816,1273,datacopy/evasive-it/2018/62fd18964b5cdc8b9aa60bbe38d455eb72f2d3f805dd06d8daf0059e63967974,1
7708,62fd18964b5cdc8b9aa60bbe38d455eb72f2d3f805dd06d8daf0059e63967974,20816,1273,datacopy/evasive-it/2018/62fd18964b5cdc8b9aa60bbe38d455eb72f2d3f805dd06d8daf0059e63967974,1
7709,62fd18964b5cdc8b9aa60bbe38d455eb72f2d3f805dd06d8daf0059e63967974,20816,1273,datacopy/evasive-it/2018/62fd18964b5cdc8b9aa60bbe38d455eb72f2d3f805dd06d8daf0059e63967974,1
7710,62fd18964b5cdc8b9aa60bbe38d455eb72f2d3f805dd06d8daf0059e63967974,20816,1273,datacopy/evasive-it/2018/62fd18964b5cdc8b9aa60bbe38d455eb72f2d3f805dd06d8daf0059e63967974,1
7711,Trojan-Spy.Win32.Stealer.debb-b58e634e48d4b316fae9c0b9b826aabaaf01276051e2a145985e22886b50461d,20819,1468,datacopy/evasive-it/2023/Trojan-Spy.Win32.Stealer.debb-b58e634e48d4b316fae9c0b9b826aabaaf01276051e2a145985e22886b50461d,1
7712,Trojan-Spy.Win32.Stealer.debb-b58e634e48d4b316fae9c0b9b826aabaaf01276051e2a145985e22886b50461d,20819,1468,datacopy/evasive-it/2023/Trojan-Spy.Win32.Stealer.debb-b58e634e48d4b316fae9c0b9b826aabaaf01276051e2a145985e22886b50461d,1
7713,Trojan-Spy.Win32.Stealer.debb-b58e634e48d4b316fae9c0b9b826aabaaf01276051e2a145985e22886b50461d,20819,1468,datacopy/evasive-it/2023/Trojan-Spy.Win32.Stealer.debb-b58e634e48d4b316fae9c0b9b826aabaaf01276051e2a145985e22886b50461d,1
7714,Trojan-Spy.Win32.Stealer.debb-b58e634e48d4b316fae9c0b9b826aabaaf01276051e2a145985e22886b50461d,20819,1468,datacopy/evasive-it/2023/Trojan-Spy.Win32.Stealer.debb-b58e634e48d4b316fae9c0b9b826aabaaf01276051e2a145985e22886b50461d,1
7715,Trojan-Spy.Win32.Stealer.debb-b58e634e48d4b316fae9c0b9b826aabaaf01276051e2a145985e22886b50461d,20819,1468,datacopy/evasive-it/2023/Trojan-Spy.Win32.Stealer.debb-b58e634e48d4b316fae9c0b9b826aabaaf01276051e2a145985e22886b50461d,1
7716,Trojan-Spy.Win32.Stealer.debb-b58e634e48d4b316fae9c0b9b826aabaaf01276051e2a145985e22886b50461d,20819,1468,datacopy/evasive-it/2023/Trojan-Spy.Win32.Stealer.debb-b58e634e48d4b316fae9c0b9b826aabaaf01276051e2a145985e22886b50461d,1
7717,Trojan.Win32.Wofith.agu-c4692372e62ead639ec700883b4da4805809612a4d0c40dfca59c4854447ced0,20820,1458,datacopy/evasive-it/2022/Trojan.Win32.Wofith.agu-c4692372e62ead639ec700883b4da4805809612a4d0c40dfca59c4854447ced0,1
7718,Trojan.Win32.Wofith.agu-c4692372e62ead639ec700883b4da4805809612a4d0c40dfca59c4854447ced0,20820,1458,datacopy/evasive-it/2022/Trojan.Win32.Wofith.agu-c4692372e62ead639ec700883b4da4805809612a4d0c40dfca59c4854447ced0,1
7719,Trojan.Win32.Wofith.agu-c4692372e62ead639ec700883b4da4805809612a4d0c40dfca59c4854447ced0,20820,1458,datacopy/evasive-it/2022/Trojan.Win32.Wofith.agu-c4692372e62ead639ec700883b4da4805809612a4d0c40dfca59c4854447ced0,1
7720,Trojan.Win32.Wofith.agu-c4692372e62ead639ec700883b4da4805809612a4d0c40dfca59c4854447ced0,20820,1458,datacopy/evasive-it/2022/Trojan.Win32.Wofith.agu-c4692372e62ead639ec700883b4da4805809612a4d0c40dfca59c4854447ced0,1
7721,Trojan.Win32.Wofith.agu-c4692372e62ead639ec700883b4da4805809612a4d0c40dfca59c4854447ced0,20820,1458,datacopy/evasive-it/2022/Trojan.Win32.Wofith.agu-c4692372e62ead639ec700883b4da4805809612a4d0c40dfca59c4854447ced0,1
7722,Trojan.Win32.Wofith.agu-c4692372e62ead639ec700883b4da4805809612a4d0c40dfca59c4854447ced0,20820,1458,datacopy/evasive-it/2022/Trojan.Win32.Wofith.agu-c4692372e62ead639ec700883b4da4805809612a4d0c40dfca59c4854447ced0,1
7723,Osmierst.exe,28095,3,datacopy/BB/Files/2014-06-17/Osmierst.exe,1
7724,Osmierst.exe,28095,3,datacopy/BB/Files/2014-06-17/Osmierst.exe,1
7725,Comprovante_Santander.cpl,36194,2,datacopy/BB/Files/2014-06-20/Comprovante_Santander.cpl,1
7726,Comprovante_Santander.cpl,36194,2,datacopy/BB/Files/2014-06-20/Comprovante_Santander.cpl,1
7727,carta_demissao.scr,36820,3,datacopy/BB/Files/2012-03-23/carta_demissao.scr,1
7728,carta_demissao.scr,36820,3,datacopy/BB/Files/2012-03-23/carta_demissao.scr,1
7729,display.exe,39606,3,datacopy/BB/Files/2018-01-29/display.exe,1
7730,display.exe,39606,3,datacopy/BB/Files/2018-01-29/display.exe,1
7731,file.409403.exe,40074,723,datacopy/Honeypots/file.409403.exe,1
7732,file.409403.exe,40074,723,datacopy/Honeypots/file.409403.exe,1
7733,file.409403.exe,40074,723,datacopy/Honeypots/file.409403.exe,1
7734,file.409403.exe,40074,723,datacopy/Honeypots/file.409403.exe,1
7735,file.409403.exe,40074,723,datacopy/Honeypots/file.409403.exe,1
7736,protesto2505.exe,43466,2,datacopy/BB/Files/2015-03-10/protesto2505.exe,1
7737,protesto2505.exe,43466,2,datacopy/BB/Files/2015-03-10/protesto2505.exe,1
7738,2Via.Boletos.exe,46136,2,datacopy/BB/Files/2012-04-23/2Via.Boletos.exe,1
7739,2Via.Boletos.exe,46136,2,datacopy/BB/Files/2012-04-23/2Via.Boletos.exe,1
7740,2Via.Boletos.exe,46136,2,datacopy/BB/Files/2012-04-23/2Via.Boletos.exe,1
7741,2Via.Boletos.exe,46136,2,datacopy/BB/Files/2012-04-23/2Via.Boletos.exe,1
7742,2Via.Boletos.exe,46136,2,datacopy/BB/Files/2012-04-23/2Via.Boletos.exe,1
7743,26102001.cpl,47607,2,datacopy/BB/Files/2014-05-22/26102001.cpl,1
7744,26102001.cpl,47607,2,datacopy/BB/Files/2014-05-22/26102001.cpl,1
7745,boleto2via.exe,47649,2,datacopy/BB/Files/2012-05-23/boleto2via.exe,1
7746,boleto2via.exe,47649,2,datacopy/BB/Files/2012-05-23/boleto2via.exe,1
7747,boleto2via.exe,47649,2,datacopy/BB/Files/2012-05-23/boleto2via.exe,1
7748,boleto2via.exe,47649,2,datacopy/BB/Files/2012-05-23/boleto2via.exe,1
7749,Danielle_bonventura-Curriculum.exe,47953,2,datacopy/BB/Files/2015-01-20/Danielle_bonventura-Curriculum.exe,1
7750,Danielle_bonventura-Curriculum.exe,47953,2,datacopy/BB/Files/2015-01-20/Danielle_bonventura-Curriculum.exe,1
7751,Danielle_bonventura-Curriculum.exe,47953,2,datacopy/BB/Files/2015-01-20/Danielle_bonventura-Curriculum.exe,1
7752,Danielle_bonventura-Curriculum.exe,47953,2,datacopy/BB/Files/2015-01-20/Danielle_bonventura-Curriculum.exe,1
7753,Danielle_bonventura-Curriculum.exe,47953,2,datacopy/BB/Files/2015-01-20/Danielle_bonventura-Curriculum.exe,1
7754,Danielle_bonventura-Curriculum.exe,47953,2,datacopy/BB/Files/2015-01-20/Danielle_bonventura-Curriculum.exe,1
7755,Danielle_bonventura-Curriculum.exe,47953,2,datacopy/BB/Files/2015-01-20/Danielle_bonventura-Curriculum.exe,1
7756,Danielle_bonventura-Curriculum.exe,47953,2,datacopy/BB/Files/2015-01-20/Danielle_bonventura-Curriculum.exe,1
7757,Danielle_bonventura-Curriculum.exe,47953,2,datacopy/BB/Files/2015-01-20/Danielle_bonventura-Curriculum.exe,1
7758,Danielle_bonventura-Curriculum.exe,47953,2,datacopy/BB/Files/2015-01-20/Danielle_bonventura-Curriculum.exe,1
7759,gccheck_small.exe,48050,3,datacopy/BB/Files/2019-08-21/gccheck_small.exe,1
7760,gccheck_small.exe,48050,3,datacopy/BB/Files/2019-08-21/gccheck_small.exe,1
7761,gccheck_small.exe,48050,3,datacopy/BB/Files/2019-08-21/gccheck_small.exe,1
7762,gccheck_small.exe,48050,3,datacopy/BB/Files/2019-08-21/gccheck_small.exe,1
7763,gccheck_small.exe,48050,3,datacopy/BB/Files/2019-08-21/gccheck_small.exe,1
7764,Segunda_via-NotaFiscal.exe,48081,2,datacopy/BB/Files/2017-06-23/Segunda_via-NotaFiscal.exe,1
7765,Segunda_via-NotaFiscal.exe,48081,2,datacopy/BB/Files/2017-06-23/Segunda_via-NotaFiscal.exe,1
7766,Segunda_via-NotaFiscal.exe,48081,2,datacopy/BB/Files/2017-06-23/Segunda_via-NotaFiscal.exe,1
7767,NPAppWindows.dll,48088,3,datacopy/BB/Files/2014-01-07/NPAppWindows.dll,1
7768,NPAppWindows.dll,48088,3,datacopy/BB/Files/2014-01-07/NPAppWindows.dll,1
7769,NPAppWindows.dll,48088,3,datacopy/BB/Files/2014-01-07/NPAppWindows.dll,1
7770,swb.exe,48654,3,datacopy/BB/Files/2015-08-28/swb.exe,1
7771,swb.exe,48654,3,datacopy/BB/Files/2015-08-28/swb.exe,1
7772,VENDAS-cleosvaldo.cpl,48928,3,datacopy/BB/Files/2014-05-20/VENDAS-cleosvaldo.cpl,1
7773,VENDAS-cleosvaldo.cpl,48928,3,datacopy/BB/Files/2014-05-20/VENDAS-cleosvaldo.cpl,1
7774,VENDAS-cleosvaldo.cpl,48928,3,datacopy/BB/Files/2014-05-20/VENDAS-cleosvaldo.cpl,1
7775,VENDAS-cleosvaldo.cpl,48928,3,datacopy/BB/Files/2014-05-20/VENDAS-cleosvaldo.cpl,1
7776,Planilha-orcamento.com,49448,2,datacopy/BB/Files/2014-09-02/Planilha-orcamento.com,1
7777,Planilha-orcamento.com,49448,2,datacopy/BB/Files/2014-09-02/Planilha-orcamento.com,1
7778,View_Comunidado_Serasa.cpl,49690,2,datacopy/BB/Files/2013-08-20/View_Comunidado_Serasa.cpl,1
7779,View_Comunidado_Serasa.cpl,49690,2,datacopy/BB/Files/2013-08-20/View_Comunidado_Serasa.cpl,1
7780,View_Comunidado_Serasa.cpl,49690,2,datacopy/BB/Files/2013-08-20/View_Comunidado_Serasa.cpl,1
7781,01052013NF-eletronica.cpl,49705,2,datacopy/BB/Files/2013-05-06/01052013NF-eletronica.cpl,1
7782,01052013NF-eletronica.cpl,49705,2,datacopy/BB/Files/2013-05-06/01052013NF-eletronica.cpl,1
7783,Comprovante.com.exe,49833,129,datacopy/BB/Files/2014-05-09/Comprovante.com.exe,1
7784,Comprovante.com.exe,49833,129,datacopy/BB/Files/2014-05-09/Comprovante.com.exe,1
7785,tabela-de-orcamento.exe,49846,2,datacopy/BB/Files/2012-05-29/tabela-de-orcamento.exe,1
7786,tabela-de-orcamento.exe,49846,2,datacopy/BB/Files/2012-05-29/tabela-de-orcamento.exe,1
7787,tabela-de-orcamento.exe,49846,2,datacopy/BB/Files/2012-05-29/tabela-de-orcamento.exe,1
7788,tabela-de-orcamento.exe,49846,2,datacopy/BB/Files/2012-05-29/tabela-de-orcamento.exe,1
7789,tabela-de-orcamento.exe,49846,2,datacopy/BB/Files/2012-05-29/tabela-de-orcamento.exe,1
7790,Conpr_deposito.exe,49875,2,datacopy/BB/Files/2012-04-05/Conpr_deposito.exe,1
7791,Conpr_deposito.exe,49875,2,datacopy/BB/Files/2012-04-05/Conpr_deposito.exe,1
7792,msgrss.exe,50099,36,datacopy/BB/Files/2012-03-15/msgrss.exe,1
7793,msgrss.exe,50099,36,datacopy/BB/Files/2012-03-15/msgrss.exe,1
7794,msgrss.exe,50099,36,datacopy/BB/Files/2012-03-15/msgrss.exe,1
7795,0B_DupyKcBjKmLU9pa2xoTzBfN1U_e_download.exe,50143,3,datacopy/BB/Files/2015-09-28/0B_DupyKcBjKmLU9pa2xoTzBfN1U_e_download.exe,1
7796,0B_DupyKcBjKmLU9pa2xoTzBfN1U_e_download.exe,50143,3,datacopy/BB/Files/2015-09-28/0B_DupyKcBjKmLU9pa2xoTzBfN1U_e_download.exe,1
7797,Imprimir_2via_Boleto.com,50843,2,datacopy/BB/Files/2017-04-24/Imprimir_2via_Boleto.com,1
7798,Imprimir_2via_Boleto.com,50843,2,datacopy/BB/Files/2017-04-24/Imprimir_2via_Boleto.com,1
7799,chrome.exe_null.exe,51056,3,datacopy/BB/Files/2015-10-02/chrome.exe_null.exe,1
7800,chrome.exe_null.exe,51056,3,datacopy/BB/Files/2015-10-02/chrome.exe_null.exe,1
7801,chrome.exe_null.exe,51056,3,datacopy/BB/Files/2015-10-02/chrome.exe_null.exe,1
7802,chrome.exe_null.exe,51056,3,datacopy/BB/Files/2015-10-02/chrome.exe_null.exe,1
7803,chrome.exe_null.exe,51056,3,datacopy/BB/Files/2015-10-02/chrome.exe_null.exe,1
7804,wimplayer.exe,51379,3,datacopy/BB/Files/2014-03-20/wimplayer.exe,1
7805,wimplayer.exe,51379,3,datacopy/BB/Files/2014-03-20/wimplayer.exe,1
7806,NetsecurityWMSupdate.exe,51464,56,datacopy/BB/Files/2013-08-22/NetsecurityWMSupdate.exe,1
7807,NetsecurityWMSupdate.exe,51464,56,datacopy/BB/Files/2013-08-22/NetsecurityWMSupdate.exe,1
7808,NetsecurityWMSupdate.exe,51464,56,datacopy/BB/Files/2013-08-22/NetsecurityWMSupdate.exe,1
7809,NetsecurityWMSupdate.exe,51464,56,datacopy/BB/Files/2013-08-22/NetsecurityWMSupdate.exe,1
7810,NetsecurityWMSupdate.exe,51464,56,datacopy/BB/Files/2013-08-22/NetsecurityWMSupdate.exe,1
7811,NetsecurityWMSupdate.exe,51464,56,datacopy/BB/Files/2013-08-22/NetsecurityWMSupdate.exe,1
7812,NetsecurityWMSupdate.exe,51464,56,datacopy/BB/Files/2013-08-22/NetsecurityWMSupdate.exe,1
7813,NetsecurityWMSupdate.exe,51464,56,datacopy/BB/Files/2013-08-22/NetsecurityWMSupdate.exe,1
7814,NetsecurityWMSupdate.exe,51464,56,datacopy/BB/Files/2013-08-22/NetsecurityWMSupdate.exe,1
7815,tgo.exe,52151,3,datacopy/BB/Files/2012-05-29/tgo.exe,1
7816,tgo.exe,52151,3,datacopy/BB/Files/2012-05-29/tgo.exe,1
7817,Conversas_Historico.cpl,52158,104,datacopy/BB/Files/2012-07-18/Conversas_Historico.cpl,1
7818,Conversas_Historico.cpl,52158,104,datacopy/BB/Files/2012-07-18/Conversas_Historico.cpl,1
7819,Conversas_Historico.cpl,52158,104,datacopy/BB/Files/2012-07-18/Conversas_Historico.cpl,1
7820,Conversas_Historico.cpl,52158,104,datacopy/BB/Files/2012-07-18/Conversas_Historico.cpl,1
7821,Conversas_Historico.cpl,52158,104,datacopy/BB/Files/2012-07-18/Conversas_Historico.cpl,1
7822,Conversas_Historico.cpl,52158,104,datacopy/BB/Files/2012-07-18/Conversas_Historico.cpl,1
7823,atualizacaowindows.exe,52210,2,datacopy/BB/Files/2015-08-12/atualizacaowindows.exe,1
7824,atualizacaowindows.exe,52210,2,datacopy/BB/Files/2015-08-12/atualizacaowindows.exe,1
7825,atualizacaowindows.exe,52210,2,datacopy/BB/Files/2015-08-12/atualizacaowindows.exe,1
7826,atualizacaowindows.exe,52210,2,datacopy/BB/Files/2015-08-12/atualizacaowindows.exe,1
7827,atualizacaowindows.exe,52210,2,datacopy/BB/Files/2015-08-12/atualizacaowindows.exe,1
7828,atualizacaowindows.exe,52210,2,datacopy/BB/Files/2015-08-12/atualizacaowindows.exe,1
7829,NFe_pedido_10039427.XML.exe,52447,75,datacopy/BB/Files/2014-08-12/NFe_pedido_10039427.XML.exe,1
7830,NFe_pedido_10039427.XML.exe,52447,75,datacopy/BB/Files/2014-08-12/NFe_pedido_10039427.XML.exe,1
7831,Comunicado_Debito_ReceitaFederal.cpl,52550,2,datacopy/BB/Files/2014-12-04/Comunicado_Debito_ReceitaFederal.cpl,1
7832,Comunicado_Debito_ReceitaFederal.cpl,52550,2,datacopy/BB/Files/2014-12-04/Comunicado_Debito_ReceitaFederal.cpl,1
7833,Comunicado_Debito_ReceitaFederal.cpl,52550,2,datacopy/BB/Files/2014-12-04/Comunicado_Debito_ReceitaFederal.cpl,1
7834,Comunicado_Debito_ReceitaFederal.cpl,52550,2,datacopy/BB/Files/2014-12-04/Comunicado_Debito_ReceitaFederal.cpl,1
7835,Comunicado_Debito_ReceitaFederal.cpl,52550,2,datacopy/BB/Files/2014-12-04/Comunicado_Debito_ReceitaFederal.cpl,1
7836,Comunicado_Debito_ReceitaFederal.cpl,52550,2,datacopy/BB/Files/2014-12-04/Comunicado_Debito_ReceitaFederal.cpl,1
7837,Comunicado_Debito_ReceitaFederal.cpl,52550,2,datacopy/BB/Files/2014-12-04/Comunicado_Debito_ReceitaFederal.cpl,1
7838,my_photo.exe,52578,272,datacopy/BB/Files/2014-09-18/my_photo.exe,1
7839,my_photo.exe,52578,272,datacopy/BB/Files/2014-09-18/my_photo.exe,1
7840,my_photo.exe,52578,272,datacopy/BB/Files/2014-09-18/my_photo.exe,1
7841,my_photo.exe,52578,272,datacopy/BB/Files/2014-09-18/my_photo.exe,1
7842,my_photo.exe,52578,272,datacopy/BB/Files/2014-09-18/my_photo.exe,1
7843,my_photo.exe,52578,272,datacopy/BB/Files/2014-09-18/my_photo.exe,1
7844,my_photo.exe,52578,272,datacopy/BB/Files/2014-09-18/my_photo.exe,1
7845,my_photo.exe,52578,272,datacopy/BB/Files/2014-09-18/my_photo.exe,1
7846,dlink.exe,52793,2,datacopy/BB/Files/2012-03-13/dlink.exe,1
7847,dlink.exe,52793,2,datacopy/BB/Files/2012-03-13/dlink.exe,1
7848,Anexo-2via.Boleto.cpl,52809,2,datacopy/BB/Files/2013-04-08/Anexo-2via.Boleto.cpl,1
7849,Anexo-2via.Boleto.cpl,52809,2,datacopy/BB/Files/2013-04-08/Anexo-2via.Boleto.cpl,1
7850,Bra_Comprovante.pdf.exe,52957,2,datacopy/BB/Files/2015-02-03/Bra_Comprovante.pdf.exe,1
7851,Bra_Comprovante.pdf.exe,52957,2,datacopy/BB/Files/2015-02-03/Bra_Comprovante.pdf.exe,1
7852,Bra_Comprovante.pdf.exe,52957,2,datacopy/BB/Files/2015-02-03/Bra_Comprovante.pdf.exe,1
7853,Bra_Comprovante.pdf.exe,52957,2,datacopy/BB/Files/2015-02-03/Bra_Comprovante.pdf.exe,1
7854,Bra_Comprovante.pdf.exe,52957,2,datacopy/BB/Files/2015-02-03/Bra_Comprovante.pdf.exe,1
7855,Bra_Comprovante.pdf.exe,52957,2,datacopy/BB/Files/2015-02-03/Bra_Comprovante.pdf.exe,1
7856,Bra_Comprovante.pdf.exe,52957,2,datacopy/BB/Files/2015-02-03/Bra_Comprovante.pdf.exe,1
7857,Bra_Comprovante.pdf.exe,52957,2,datacopy/BB/Files/2015-02-03/Bra_Comprovante.pdf.exe,1
7858,Bra_Comprovante.pdf.exe,52957,2,datacopy/BB/Files/2015-02-03/Bra_Comprovante.pdf.exe,1
7859,Bra_Comprovante.pdf.exe,52957,2,datacopy/BB/Files/2015-02-03/Bra_Comprovante.pdf.exe,1
7860,Bra_Comprovante.pdf.exe,52957,2,datacopy/BB/Files/2015-02-03/Bra_Comprovante.pdf.exe,1
7861,Bra_Comprovante.pdf.exe,52957,2,datacopy/BB/Files/2015-02-03/Bra_Comprovante.pdf.exe,1
7862,Bra_Comprovante.pdf.exe,52957,2,datacopy/BB/Files/2015-02-03/Bra_Comprovante.pdf.exe,1
7863,mkxhl.exe,53388,74,datacopy/BB/Files/2014-03-20/mkxhl.exe,1
7864,mkxhl.exe,53388,74,datacopy/BB/Files/2014-03-20/mkxhl.exe,1
7865,mkxhl.exe,53388,74,datacopy/BB/Files/2014-03-20/mkxhl.exe,1
7866,mkxhl.exe,53388,74,datacopy/BB/Files/2014-03-20/mkxhl.exe,1
7867,mkxhl.exe,53388,74,datacopy/BB/Files/2014-03-20/mkxhl.exe,1
7868,BRBSeguranca.cpl,53589,3,datacopy/BB/Files/2012-09-10/BRBSeguranca.cpl,1
7869,BRBSeguranca.cpl,53589,3,datacopy/BB/Files/2012-09-10/BRBSeguranca.cpl,1
7870,BRBSeguranca.cpl,53589,3,datacopy/BB/Files/2012-09-10/BRBSeguranca.cpl,1
7871,notepad_protected1.tmp.exe,53991,3,datacopy/BB/Files/2012-05-21/notepad_protected1.tmp.exe,1
7872,notepad_protected1.tmp.exe,53991,3,datacopy/BB/Files/2012-05-21/notepad_protected1.tmp.exe,1
7873,notepad_protected1.tmp.exe,53991,3,datacopy/BB/Files/2012-05-21/notepad_protected1.tmp.exe,1
7874,notepad_protected1.tmp.exe,53991,3,datacopy/BB/Files/2012-05-21/notepad_protected1.tmp.exe,1
7875,notepad_protected1.tmp.exe,53991,3,datacopy/BB/Files/2012-05-21/notepad_protected1.tmp.exe,1
7876,if_down.exe,54107,3,datacopy/BB/Files/2012-12-10/if_down.exe,1
7877,if_down.exe,54107,3,datacopy/BB/Files/2012-12-10/if_down.exe,1
7878,if_down.exe,54107,3,datacopy/BB/Files/2012-12-10/if_down.exe,1
7879,if_down.exe,54107,3,datacopy/BB/Files/2012-12-10/if_down.exe,1
7880,00BoletoCobranca.cpl,54127,2,datacopy/BB/Files/2015-05-26/00BoletoCobranca.cpl,1
7881,00BoletoCobranca.cpl,54127,2,datacopy/BB/Files/2015-05-26/00BoletoCobranca.cpl,1
7882,isystem.exe,54128,3,datacopy/BB/Files/2014-04-04/isystem.exe,1
7883,isystem.exe,54128,3,datacopy/BB/Files/2014-04-04/isystem.exe,1
7884,isystem.exe,54128,3,datacopy/BB/Files/2014-04-04/isystem.exe,1
7885,isystem.exe,54128,3,datacopy/BB/Files/2014-04-04/isystem.exe,1
7886,isystem.exe,54128,3,datacopy/BB/Files/2014-04-04/isystem.exe,1
7887,isystem.exe,54128,3,datacopy/BB/Files/2014-04-04/isystem.exe,1
7888,Proposta_Negociacao.cmd.exe,54129,57,datacopy/BB/Files/2013-12-10/Proposta_Negociacao.cmd.exe,1
7889,Proposta_Negociacao.cmd.exe,54129,57,datacopy/BB/Files/2013-12-10/Proposta_Negociacao.cmd.exe,1
7890,Proposta_Negociacao.cmd.exe,54129,57,datacopy/BB/Files/2013-12-10/Proposta_Negociacao.cmd.exe,1
7891,safehome.exe,54166,3,datacopy/BB/Files/2014-08-15/safehome.exe,1
7892,safehome.exe,54166,3,datacopy/BB/Files/2014-08-15/safehome.exe,1
7893,safehome.exe,54166,3,datacopy/BB/Files/2014-08-15/safehome.exe,1
7894,gdr.htm.exe,54249,3,datacopy/BB/Files/2012-04-02/gdr.htm.exe,1
7895,gdr.htm.exe,54249,3,datacopy/BB/Files/2012-04-02/gdr.htm.exe,1
7896,gdr.htm.exe,54249,3,datacopy/BB/Files/2012-04-02/gdr.htm.exe,1
7897,0B7O5y6iZRNH4ZFFmYzgzMXJhdmc.exe,54506,174,datacopy/BB/Files/2012-04-27/0B7O5y6iZRNH4ZFFmYzgzMXJhdmc.exe,1
7898,0B7O5y6iZRNH4ZFFmYzgzMXJhdmc.exe,54506,174,datacopy/BB/Files/2012-04-27/0B7O5y6iZRNH4ZFFmYzgzMXJhdmc.exe,1
7899,0B7O5y6iZRNH4ZFFmYzgzMXJhdmc.exe,54506,174,datacopy/BB/Files/2012-04-27/0B7O5y6iZRNH4ZFFmYzgzMXJhdmc.exe,1
7900,0B7O5y6iZRNH4ZFFmYzgzMXJhdmc.exe,54506,174,datacopy/BB/Files/2012-04-27/0B7O5y6iZRNH4ZFFmYzgzMXJhdmc.exe,1
7901,0B7O5y6iZRNH4ZFFmYzgzMXJhdmc.exe,54506,174,datacopy/BB/Files/2012-04-27/0B7O5y6iZRNH4ZFFmYzgzMXJhdmc.exe,1
7902,0B7O5y6iZRNH4ZFFmYzgzMXJhdmc.exe,54506,174,datacopy/BB/Files/2012-04-27/0B7O5y6iZRNH4ZFFmYzgzMXJhdmc.exe,1
7903,0B7O5y6iZRNH4ZFFmYzgzMXJhdmc.exe,54506,174,datacopy/BB/Files/2012-04-27/0B7O5y6iZRNH4ZFFmYzgzMXJhdmc.exe,1
7904,0B7O5y6iZRNH4ZFFmYzgzMXJhdmc.exe,54506,174,datacopy/BB/Files/2012-04-27/0B7O5y6iZRNH4ZFFmYzgzMXJhdmc.exe,1
7905,0B7O5y6iZRNH4ZFFmYzgzMXJhdmc.exe,54506,174,datacopy/BB/Files/2012-04-27/0B7O5y6iZRNH4ZFFmYzgzMXJhdmc.exe,1
7906,atmlib.dll,54551,3,datacopy/BB/Files/2013-08-20/atmlib.dll,1
7907,atmlib.dll,54551,3,datacopy/BB/Files/2013-08-20/atmlib.dll,1
7908,atmlib.dll,54551,3,datacopy/BB/Files/2013-08-20/atmlib.dll,1
7909,atmlib.dll,54551,3,datacopy/BB/Files/2013-08-20/atmlib.dll,1
7910,atmlib.dll,54551,3,datacopy/BB/Files/2013-08-20/atmlib.dll,1
7911,atmlib.dll,54551,3,datacopy/BB/Files/2013-08-20/atmlib.dll,1
7912,atmlib.dll,54551,3,datacopy/BB/Files/2013-08-20/atmlib.dll,1
7913,atmlib.dll,54551,3,datacopy/BB/Files/2013-08-20/atmlib.dll,1
7914,atmlib.dll,54551,3,datacopy/BB/Files/2013-08-20/atmlib.dll,1
7915,atmlib.dll,54551,3,datacopy/BB/Files/2013-08-20/atmlib.dll,1
7916,atmlib.dll,54551,3,datacopy/BB/Files/2013-08-20/atmlib.dll,1
7917,atmlib.dll,54551,3,datacopy/BB/Files/2013-08-20/atmlib.dll,1
7918,atmlib.dll,54551,3,datacopy/BB/Files/2013-08-20/atmlib.dll,1
7919,atmlib.dll,54551,3,datacopy/BB/Files/2013-08-20/atmlib.dll,1
7920,atmlib.dll,54551,3,datacopy/BB/Files/2013-08-20/atmlib.dll,1
7921,atmlib.dll,54551,3,datacopy/BB/Files/2013-08-20/atmlib.dll,1
7922,install_flash.exe,54620,2,datacopy/BB/Files/2014-08-29/install_flash.exe,1
7923,install_flash.exe,54620,2,datacopy/BB/Files/2014-08-29/install_flash.exe,1
7924,install_flash.exe,54620,2,datacopy/BB/Files/2014-08-29/install_flash.exe,1
7925,install_flash.exe,54620,2,datacopy/BB/Files/2014-08-29/install_flash.exe,1
7926,install_flash.exe,54620,2,datacopy/BB/Files/2014-08-29/install_flash.exe,1
7927,install_flash.exe,54620,2,datacopy/BB/Files/2014-08-29/install_flash.exe,1
7928,install_flash.exe,54620,2,datacopy/BB/Files/2014-08-29/install_flash.exe,1
7929,gtcheck.exe,54847,3,datacopy/BB/Files/2019-08-21/gtcheck.exe,1
7930,gtcheck.exe,54847,3,datacopy/BB/Files/2019-08-21/gtcheck.exe,1
7931,Exibir-MeuVivoFatura_DocumentoAdobe.exe,54882,2,datacopy/BB/Files/2016-11-07/Exibir-MeuVivoFatura_DocumentoAdobe.exe,1
7932,Exibir-MeuVivoFatura_DocumentoAdobe.exe,54882,2,datacopy/BB/Files/2016-11-07/Exibir-MeuVivoFatura_DocumentoAdobe.exe,1
7933,Exibir-MeuVivoFatura_DocumentoAdobe.exe,54882,2,datacopy/BB/Files/2016-11-07/Exibir-MeuVivoFatura_DocumentoAdobe.exe,1
7934,Exibir-MeuVivoFatura_DocumentoAdobe.exe,54882,2,datacopy/BB/Files/2016-11-07/Exibir-MeuVivoFatura_DocumentoAdobe.exe,1
7935,Exibir-MeuVivoFatura_DocumentoAdobe.exe,54882,2,datacopy/BB/Files/2016-11-07/Exibir-MeuVivoFatura_DocumentoAdobe.exe,1
7936,Exibir-MeuVivoFatura_DocumentoAdobe.exe,54882,2,datacopy/BB/Files/2016-11-07/Exibir-MeuVivoFatura_DocumentoAdobe.exe,1
7937,Exibir-MeuVivoFatura_DocumentoAdobe.exe,54882,2,datacopy/BB/Files/2016-11-07/Exibir-MeuVivoFatura_DocumentoAdobe.exe,1
7938,2.via.boleto.imprimir.visualizar.com,54957,2,datacopy/BB/Files/2013-02-18/2.via.boleto.imprimir.visualizar.com,1
7939,2.via.boleto.imprimir.visualizar.com,54957,2,datacopy/BB/Files/2013-02-18/2.via.boleto.imprimir.visualizar.com,1
7940,2.via.boleto.imprimir.visualizar.com,54957,2,datacopy/BB/Files/2013-02-18/2.via.boleto.imprimir.visualizar.com,1
7941,2.via.boleto.imprimir.visualizar.com,54957,2,datacopy/BB/Files/2013-02-18/2.via.boleto.imprimir.visualizar.com,1
7942,Historicowhatsapp.exe,55177,2,datacopy/BB/Files/2015-10-14/Historicowhatsapp.exe,1
7943,Historicowhatsapp.exe,55177,2,datacopy/BB/Files/2015-10-14/Historicowhatsapp.exe,1
7944,Historicowhatsapp.exe,55177,2,datacopy/BB/Files/2015-10-14/Historicowhatsapp.exe,1
7945,Historicowhatsapp.exe,55177,2,datacopy/BB/Files/2015-10-14/Historicowhatsapp.exe,1
7946,Historicowhatsapp.exe,55177,2,datacopy/BB/Files/2015-10-14/Historicowhatsapp.exe,1
7947,ModuloBB_install.exe,55279,62,datacopy/BB/Files/2014-01-10/ModuloBB_install.exe,11
7948,ModuloBB_install.exe,55279,62,datacopy/BB/Files/2014-01-10/ModuloBB_install.exe,11
7949,ModuloBB_install.exe,55279,62,datacopy/BB/Files/2014-01-10/ModuloBB_install.exe,11
7950,ModuloBB_install.exe,55279,62,datacopy/BB/Files/2014-01-10/ModuloBB_install.exe,11
7951,ModuloBB_install.exe,55279,62,datacopy/BB/Files/2014-01-10/ModuloBB_install.exe,11
7952,ModuloBB_install.exe,55279,62,datacopy/BB/Files/2014-01-10/ModuloBB_install.exe,11
7953,ModuloBB_install.exe,55279,62,datacopy/BB/Files/2014-01-10/ModuloBB_install.exe,11
7954,ModuloBB_install.exe,55279,62,datacopy/BB/Files/2014-01-10/ModuloBB_install.exe,11
7955,ModuloBB_install.exe,55279,62,datacopy/BB/Files/2014-01-10/ModuloBB_install.exe,11
7956,ModuloBB_install.exe,55279,62,datacopy/BB/Files/2014-01-10/ModuloBB_install.exe,11
7957,ModuloBB_install.exe,55279,62,datacopy/BB/Files/2014-01-10/ModuloBB_install.exe,11
7958,ModuloBB_install.exe,55279,62,datacopy/BB/Files/2014-01-10/ModuloBB_install.exe,11
7959,ModuloBB_install.exe,55279,62,datacopy/BB/Files/2014-01-10/ModuloBB_install.exe,11
7960,midiawin.exe,55314,3,datacopy/BB/Files/2014-04-04/midiawin.exe,1
7961,midiawin.exe,55314,3,datacopy/BB/Files/2014-04-04/midiawin.exe,1
7962,midiawin.exe,55314,3,datacopy/BB/Files/2014-04-04/midiawin.exe,1
7963,midiawin.exe,55314,3,datacopy/BB/Files/2014-04-04/midiawin.exe,1
7964,midiawin.exe,55314,3,datacopy/BB/Files/2014-04-04/midiawin.exe,1
7965,midiawin.exe,55314,3,datacopy/BB/Files/2014-04-04/midiawin.exe,1
7966,midiawin.exe,55314,3,datacopy/BB/Files/2014-04-04/midiawin.exe,1
7967,midiawin.exe,55314,3,datacopy/BB/Files/2014-04-04/midiawin.exe,1
7968,midiawin.exe,55314,3,datacopy/BB/Files/2014-04-04/midiawin.exe,1
7969,midiawin.exe,55314,3,datacopy/BB/Files/2014-04-04/midiawin.exe,1
7970,midiawin.exe,55314,3,datacopy/BB/Files/2014-04-04/midiawin.exe,1
7971,midiawin.exe,55314,3,datacopy/BB/Files/2014-04-04/midiawin.exe,1
7972,midiawin.exe,55314,3,datacopy/BB/Files/2014-04-04/midiawin.exe,1
7973,midiawin.exe,55314,3,datacopy/BB/Files/2014-04-04/midiawin.exe,1
7974,midiawin.exe,55314,3,datacopy/BB/Files/2014-04-04/midiawin.exe,1
7975,midiawin.exe,55314,3,datacopy/BB/Files/2014-04-04/midiawin.exe,1
7976,midiawin.exe,55314,3,datacopy/BB/Files/2014-04-04/midiawin.exe,1
7977,midiawin.exe,55314,3,datacopy/BB/Files/2014-04-04/midiawin.exe,1
7978,midiawin.exe,55314,3,datacopy/BB/Files/2014-04-04/midiawin.exe,1
7979,midiawin.exe,55314,3,datacopy/BB/Files/2014-04-04/midiawin.exe,1
7980,midiawin.exe,55314,3,datacopy/BB/Files/2014-04-04/midiawin.exe,1
7981,midiawin.exe,55314,3,datacopy/BB/Files/2014-04-04/midiawin.exe,1
7982,midiawin.exe,55314,3,datacopy/BB/Files/2014-04-04/midiawin.exe,1
7983,midiawin.exe,55314,3,datacopy/BB/Files/2014-04-04/midiawin.exe,1
7984,midiawin.exe,55314,3,datacopy/BB/Files/2014-04-04/midiawin.exe,1
7985,midiawin.exe,55314,3,datacopy/BB/Files/2014-04-04/midiawin.exe,1
7986,midiawin.exe,55314,3,datacopy/BB/Files/2014-04-04/midiawin.exe,1
7987,2Via.Boleto.doc.exe,55494,2,datacopy/BB/Files/2014-07-25/2Via.Boleto.doc.exe,1
7988,2Via.Boleto.doc.exe,55494,2,datacopy/BB/Files/2014-07-25/2Via.Boleto.doc.exe,1
